[2025-09-15T06:01:12.239+0000] {processor.py:161} INFO - Started process (PID=190) to work on /opt/airflow/dags/cleaning/day_clean.py
[2025-09-15T06:01:12.241+0000] {processor.py:830} INFO - Processing file /opt/airflow/dags/cleaning/day_clean.py for tasks to queue
[2025-09-15T06:01:12.250+0000] {logging_mixin.py:188} INFO - [2025-09-15T06:01:12.249+0000] {dagbag.py:540} INFO - Filling up the DagBag from /opt/airflow/dags/cleaning/day_clean.py
[2025-09-15T06:01:12.273+0000] {processor.py:842} WARNING - No viable dags retrieved from /opt/airflow/dags/cleaning/day_clean.py
[2025-09-15T06:01:12.328+0000] {processor.py:183} INFO - Processing /opt/airflow/dags/cleaning/day_clean.py took 0.098 seconds
[2025-09-15T06:01:42.295+0000] {processor.py:161} INFO - Started process (PID=225) to work on /opt/airflow/dags/cleaning/day_clean.py
[2025-09-15T06:01:42.297+0000] {processor.py:830} INFO - Processing file /opt/airflow/dags/cleaning/day_clean.py for tasks to queue
[2025-09-15T06:01:42.301+0000] {logging_mixin.py:188} INFO - [2025-09-15T06:01:42.301+0000] {dagbag.py:540} INFO - Filling up the DagBag from /opt/airflow/dags/cleaning/day_clean.py
[2025-09-15T06:01:42.317+0000] {processor.py:842} WARNING - No viable dags retrieved from /opt/airflow/dags/cleaning/day_clean.py
[2025-09-15T06:01:42.346+0000] {processor.py:183} INFO - Processing /opt/airflow/dags/cleaning/day_clean.py took 0.060 seconds
[2025-09-15T06:02:13.416+0000] {processor.py:161} INFO - Started process (PID=257) to work on /opt/airflow/dags/cleaning/day_clean.py
[2025-09-15T06:02:13.418+0000] {processor.py:830} INFO - Processing file /opt/airflow/dags/cleaning/day_clean.py for tasks to queue
[2025-09-15T06:02:13.421+0000] {logging_mixin.py:188} INFO - [2025-09-15T06:02:13.420+0000] {dagbag.py:540} INFO - Filling up the DagBag from /opt/airflow/dags/cleaning/day_clean.py
[2025-09-15T06:02:13.445+0000] {processor.py:842} WARNING - No viable dags retrieved from /opt/airflow/dags/cleaning/day_clean.py
[2025-09-15T06:02:13.479+0000] {processor.py:183} INFO - Processing /opt/airflow/dags/cleaning/day_clean.py took 0.071 seconds
[2025-09-15T06:02:43.861+0000] {processor.py:161} INFO - Started process (PID=295) to work on /opt/airflow/dags/cleaning/day_clean.py
[2025-09-15T06:02:43.862+0000] {processor.py:830} INFO - Processing file /opt/airflow/dags/cleaning/day_clean.py for tasks to queue
[2025-09-15T06:02:43.864+0000] {logging_mixin.py:188} INFO - [2025-09-15T06:02:43.864+0000] {dagbag.py:540} INFO - Filling up the DagBag from /opt/airflow/dags/cleaning/day_clean.py
[2025-09-15T06:02:43.878+0000] {processor.py:842} WARNING - No viable dags retrieved from /opt/airflow/dags/cleaning/day_clean.py
[2025-09-15T06:02:43.893+0000] {processor.py:183} INFO - Processing /opt/airflow/dags/cleaning/day_clean.py took 0.037 seconds
[2025-09-15T06:03:14.781+0000] {processor.py:161} INFO - Started process (PID=334) to work on /opt/airflow/dags/cleaning/day_clean.py
[2025-09-15T06:03:14.786+0000] {processor.py:830} INFO - Processing file /opt/airflow/dags/cleaning/day_clean.py for tasks to queue
[2025-09-15T06:03:14.793+0000] {logging_mixin.py:188} INFO - [2025-09-15T06:03:14.792+0000] {dagbag.py:540} INFO - Filling up the DagBag from /opt/airflow/dags/cleaning/day_clean.py
[2025-09-15T06:03:14.827+0000] {processor.py:842} WARNING - No viable dags retrieved from /opt/airflow/dags/cleaning/day_clean.py
[2025-09-15T06:03:14.865+0000] {processor.py:183} INFO - Processing /opt/airflow/dags/cleaning/day_clean.py took 0.098 seconds
[2025-09-15T06:03:44.963+0000] {processor.py:161} INFO - Started process (PID=366) to work on /opt/airflow/dags/cleaning/day_clean.py
[2025-09-15T06:03:44.966+0000] {processor.py:830} INFO - Processing file /opt/airflow/dags/cleaning/day_clean.py for tasks to queue
[2025-09-15T06:03:44.970+0000] {logging_mixin.py:188} INFO - [2025-09-15T06:03:44.969+0000] {dagbag.py:540} INFO - Filling up the DagBag from /opt/airflow/dags/cleaning/day_clean.py
[2025-09-15T06:03:44.994+0000] {processor.py:842} WARNING - No viable dags retrieved from /opt/airflow/dags/cleaning/day_clean.py
[2025-09-15T06:03:45.044+0000] {processor.py:183} INFO - Processing /opt/airflow/dags/cleaning/day_clean.py took 0.092 seconds
[2025-09-15T06:04:15.182+0000] {processor.py:161} INFO - Started process (PID=401) to work on /opt/airflow/dags/cleaning/day_clean.py
[2025-09-15T06:04:15.184+0000] {processor.py:830} INFO - Processing file /opt/airflow/dags/cleaning/day_clean.py for tasks to queue
[2025-09-15T06:04:15.187+0000] {logging_mixin.py:188} INFO - [2025-09-15T06:04:15.186+0000] {dagbag.py:540} INFO - Filling up the DagBag from /opt/airflow/dags/cleaning/day_clean.py
[2025-09-15T06:04:15.207+0000] {processor.py:842} WARNING - No viable dags retrieved from /opt/airflow/dags/cleaning/day_clean.py
[2025-09-15T06:04:15.229+0000] {processor.py:183} INFO - Processing /opt/airflow/dags/cleaning/day_clean.py took 0.054 seconds
[2025-09-15T06:04:45.751+0000] {processor.py:161} INFO - Started process (PID=439) to work on /opt/airflow/dags/cleaning/day_clean.py
[2025-09-15T06:04:45.756+0000] {processor.py:830} INFO - Processing file /opt/airflow/dags/cleaning/day_clean.py for tasks to queue
[2025-09-15T06:04:45.762+0000] {logging_mixin.py:188} INFO - [2025-09-15T06:04:45.761+0000] {dagbag.py:540} INFO - Filling up the DagBag from /opt/airflow/dags/cleaning/day_clean.py
[2025-09-15T06:04:45.788+0000] {processor.py:842} WARNING - No viable dags retrieved from /opt/airflow/dags/cleaning/day_clean.py
[2025-09-15T06:04:45.828+0000] {processor.py:183} INFO - Processing /opt/airflow/dags/cleaning/day_clean.py took 0.091 seconds
[2025-09-15T06:05:16.559+0000] {processor.py:161} INFO - Started process (PID=476) to work on /opt/airflow/dags/cleaning/day_clean.py
[2025-09-15T06:05:16.560+0000] {processor.py:830} INFO - Processing file /opt/airflow/dags/cleaning/day_clean.py for tasks to queue
[2025-09-15T06:05:16.562+0000] {logging_mixin.py:188} INFO - [2025-09-15T06:05:16.562+0000] {dagbag.py:540} INFO - Filling up the DagBag from /opt/airflow/dags/cleaning/day_clean.py
[2025-09-15T06:05:16.577+0000] {processor.py:842} WARNING - No viable dags retrieved from /opt/airflow/dags/cleaning/day_clean.py
[2025-09-15T06:05:16.593+0000] {processor.py:183} INFO - Processing /opt/airflow/dags/cleaning/day_clean.py took 0.041 seconds
[2025-09-15T06:05:47.221+0000] {processor.py:161} INFO - Started process (PID=511) to work on /opt/airflow/dags/cleaning/day_clean.py
[2025-09-15T06:05:47.222+0000] {processor.py:830} INFO - Processing file /opt/airflow/dags/cleaning/day_clean.py for tasks to queue
[2025-09-15T06:05:47.224+0000] {logging_mixin.py:188} INFO - [2025-09-15T06:05:47.224+0000] {dagbag.py:540} INFO - Filling up the DagBag from /opt/airflow/dags/cleaning/day_clean.py
[2025-09-15T06:05:47.237+0000] {processor.py:842} WARNING - No viable dags retrieved from /opt/airflow/dags/cleaning/day_clean.py
[2025-09-15T06:05:47.252+0000] {processor.py:183} INFO - Processing /opt/airflow/dags/cleaning/day_clean.py took 0.037 seconds
[2025-09-15T06:06:18.171+0000] {processor.py:161} INFO - Started process (PID=546) to work on /opt/airflow/dags/cleaning/day_clean.py
[2025-09-15T06:06:18.172+0000] {processor.py:830} INFO - Processing file /opt/airflow/dags/cleaning/day_clean.py for tasks to queue
[2025-09-15T06:06:18.174+0000] {logging_mixin.py:188} INFO - [2025-09-15T06:06:18.174+0000] {dagbag.py:540} INFO - Filling up the DagBag from /opt/airflow/dags/cleaning/day_clean.py
[2025-09-15T06:06:18.187+0000] {processor.py:842} WARNING - No viable dags retrieved from /opt/airflow/dags/cleaning/day_clean.py
[2025-09-15T06:06:18.207+0000] {processor.py:183} INFO - Processing /opt/airflow/dags/cleaning/day_clean.py took 0.045 seconds
[2025-09-15T06:06:48.943+0000] {processor.py:161} INFO - Started process (PID=581) to work on /opt/airflow/dags/cleaning/day_clean.py
[2025-09-15T06:06:48.944+0000] {processor.py:830} INFO - Processing file /opt/airflow/dags/cleaning/day_clean.py for tasks to queue
[2025-09-15T06:06:48.946+0000] {logging_mixin.py:188} INFO - [2025-09-15T06:06:48.945+0000] {dagbag.py:540} INFO - Filling up the DagBag from /opt/airflow/dags/cleaning/day_clean.py
[2025-09-15T06:06:48.959+0000] {processor.py:842} WARNING - No viable dags retrieved from /opt/airflow/dags/cleaning/day_clean.py
[2025-09-15T06:06:48.977+0000] {processor.py:183} INFO - Processing /opt/airflow/dags/cleaning/day_clean.py took 0.040 seconds
[2025-09-15T06:07:19.434+0000] {processor.py:161} INFO - Started process (PID=616) to work on /opt/airflow/dags/cleaning/day_clean.py
[2025-09-15T06:07:19.435+0000] {processor.py:830} INFO - Processing file /opt/airflow/dags/cleaning/day_clean.py for tasks to queue
[2025-09-15T06:07:19.436+0000] {logging_mixin.py:188} INFO - [2025-09-15T06:07:19.436+0000] {dagbag.py:540} INFO - Filling up the DagBag from /opt/airflow/dags/cleaning/day_clean.py
[2025-09-15T06:07:19.449+0000] {processor.py:842} WARNING - No viable dags retrieved from /opt/airflow/dags/cleaning/day_clean.py
[2025-09-15T06:07:19.462+0000] {processor.py:183} INFO - Processing /opt/airflow/dags/cleaning/day_clean.py took 0.034 seconds
[2025-09-15T06:07:50.136+0000] {processor.py:161} INFO - Started process (PID=651) to work on /opt/airflow/dags/cleaning/day_clean.py
[2025-09-15T06:07:50.137+0000] {processor.py:830} INFO - Processing file /opt/airflow/dags/cleaning/day_clean.py for tasks to queue
[2025-09-15T06:07:50.139+0000] {logging_mixin.py:188} INFO - [2025-09-15T06:07:50.139+0000] {dagbag.py:540} INFO - Filling up the DagBag from /opt/airflow/dags/cleaning/day_clean.py
[2025-09-15T06:07:50.149+0000] {processor.py:842} WARNING - No viable dags retrieved from /opt/airflow/dags/cleaning/day_clean.py
[2025-09-15T06:07:50.164+0000] {processor.py:183} INFO - Processing /opt/airflow/dags/cleaning/day_clean.py took 0.033 seconds
[2025-09-15T06:08:20.755+0000] {processor.py:161} INFO - Started process (PID=686) to work on /opt/airflow/dags/cleaning/day_clean.py
[2025-09-15T06:08:20.756+0000] {processor.py:830} INFO - Processing file /opt/airflow/dags/cleaning/day_clean.py for tasks to queue
[2025-09-15T06:08:20.759+0000] {logging_mixin.py:188} INFO - [2025-09-15T06:08:20.758+0000] {dagbag.py:540} INFO - Filling up the DagBag from /opt/airflow/dags/cleaning/day_clean.py
[2025-09-15T06:08:20.770+0000] {processor.py:842} WARNING - No viable dags retrieved from /opt/airflow/dags/cleaning/day_clean.py
[2025-09-15T06:08:20.785+0000] {processor.py:183} INFO - Processing /opt/airflow/dags/cleaning/day_clean.py took 0.035 seconds
[2025-09-15T06:08:51.338+0000] {processor.py:161} INFO - Started process (PID=721) to work on /opt/airflow/dags/cleaning/day_clean.py
[2025-09-15T06:08:51.340+0000] {processor.py:830} INFO - Processing file /opt/airflow/dags/cleaning/day_clean.py for tasks to queue
[2025-09-15T06:08:51.343+0000] {logging_mixin.py:188} INFO - [2025-09-15T06:08:51.342+0000] {dagbag.py:540} INFO - Filling up the DagBag from /opt/airflow/dags/cleaning/day_clean.py
[2025-09-15T06:08:51.366+0000] {processor.py:842} WARNING - No viable dags retrieved from /opt/airflow/dags/cleaning/day_clean.py
[2025-09-15T06:08:51.404+0000] {processor.py:183} INFO - Processing /opt/airflow/dags/cleaning/day_clean.py took 0.073 seconds
[2025-09-15T06:09:22.297+0000] {processor.py:161} INFO - Started process (PID=756) to work on /opt/airflow/dags/cleaning/day_clean.py
[2025-09-15T06:09:22.298+0000] {processor.py:830} INFO - Processing file /opt/airflow/dags/cleaning/day_clean.py for tasks to queue
[2025-09-15T06:09:22.301+0000] {logging_mixin.py:188} INFO - [2025-09-15T06:09:22.301+0000] {dagbag.py:540} INFO - Filling up the DagBag from /opt/airflow/dags/cleaning/day_clean.py
[2025-09-15T06:09:22.320+0000] {processor.py:842} WARNING - No viable dags retrieved from /opt/airflow/dags/cleaning/day_clean.py
[2025-09-15T06:09:22.338+0000] {processor.py:183} INFO - Processing /opt/airflow/dags/cleaning/day_clean.py took 0.046 seconds
[2025-09-15T06:09:52.801+0000] {processor.py:161} INFO - Started process (PID=791) to work on /opt/airflow/dags/cleaning/day_clean.py
[2025-09-15T06:09:52.804+0000] {processor.py:830} INFO - Processing file /opt/airflow/dags/cleaning/day_clean.py for tasks to queue
[2025-09-15T06:09:52.811+0000] {logging_mixin.py:188} INFO - [2025-09-15T06:09:52.809+0000] {dagbag.py:540} INFO - Filling up the DagBag from /opt/airflow/dags/cleaning/day_clean.py
[2025-09-15T06:09:52.838+0000] {processor.py:842} WARNING - No viable dags retrieved from /opt/airflow/dags/cleaning/day_clean.py
[2025-09-15T06:09:52.873+0000] {processor.py:183} INFO - Processing /opt/airflow/dags/cleaning/day_clean.py took 0.091 seconds
[2025-09-15T06:10:23.626+0000] {processor.py:161} INFO - Started process (PID=826) to work on /opt/airflow/dags/cleaning/day_clean.py
[2025-09-15T06:10:23.627+0000] {processor.py:830} INFO - Processing file /opt/airflow/dags/cleaning/day_clean.py for tasks to queue
[2025-09-15T06:10:23.629+0000] {logging_mixin.py:188} INFO - [2025-09-15T06:10:23.629+0000] {dagbag.py:540} INFO - Filling up the DagBag from /opt/airflow/dags/cleaning/day_clean.py
[2025-09-15T06:10:23.644+0000] {processor.py:842} WARNING - No viable dags retrieved from /opt/airflow/dags/cleaning/day_clean.py
[2025-09-15T06:10:23.669+0000] {processor.py:183} INFO - Processing /opt/airflow/dags/cleaning/day_clean.py took 0.049 seconds
[2025-09-15T06:10:54.221+0000] {processor.py:161} INFO - Started process (PID=861) to work on /opt/airflow/dags/cleaning/day_clean.py
[2025-09-15T06:10:54.223+0000] {processor.py:830} INFO - Processing file /opt/airflow/dags/cleaning/day_clean.py for tasks to queue
[2025-09-15T06:10:54.225+0000] {logging_mixin.py:188} INFO - [2025-09-15T06:10:54.225+0000] {dagbag.py:540} INFO - Filling up the DagBag from /opt/airflow/dags/cleaning/day_clean.py
[2025-09-15T06:10:54.238+0000] {processor.py:842} WARNING - No viable dags retrieved from /opt/airflow/dags/cleaning/day_clean.py
[2025-09-15T06:10:54.254+0000] {processor.py:183} INFO - Processing /opt/airflow/dags/cleaning/day_clean.py took 0.039 seconds
[2025-09-15T06:11:24.556+0000] {processor.py:161} INFO - Started process (PID=894) to work on /opt/airflow/dags/cleaning/day_clean.py
[2025-09-15T06:11:24.560+0000] {processor.py:830} INFO - Processing file /opt/airflow/dags/cleaning/day_clean.py for tasks to queue
[2025-09-15T06:11:24.564+0000] {logging_mixin.py:188} INFO - [2025-09-15T06:11:24.563+0000] {dagbag.py:540} INFO - Filling up the DagBag from /opt/airflow/dags/cleaning/day_clean.py
[2025-09-15T06:11:24.589+0000] {processor.py:842} WARNING - No viable dags retrieved from /opt/airflow/dags/cleaning/day_clean.py
[2025-09-15T06:11:24.623+0000] {processor.py:183} INFO - Processing /opt/airflow/dags/cleaning/day_clean.py took 0.090 seconds
[2025-09-15T06:11:55.441+0000] {processor.py:161} INFO - Started process (PID=929) to work on /opt/airflow/dags/cleaning/day_clean.py
[2025-09-15T06:11:55.442+0000] {processor.py:830} INFO - Processing file /opt/airflow/dags/cleaning/day_clean.py for tasks to queue
[2025-09-15T06:11:55.449+0000] {logging_mixin.py:188} INFO - [2025-09-15T06:11:55.447+0000] {dagbag.py:540} INFO - Filling up the DagBag from /opt/airflow/dags/cleaning/day_clean.py
[2025-09-15T06:11:55.480+0000] {processor.py:842} WARNING - No viable dags retrieved from /opt/airflow/dags/cleaning/day_clean.py
[2025-09-15T06:11:55.511+0000] {processor.py:183} INFO - Processing /opt/airflow/dags/cleaning/day_clean.py took 0.086 seconds
[2025-09-15T06:12:26.071+0000] {processor.py:161} INFO - Started process (PID=964) to work on /opt/airflow/dags/cleaning/day_clean.py
[2025-09-15T06:12:26.073+0000] {processor.py:830} INFO - Processing file /opt/airflow/dags/cleaning/day_clean.py for tasks to queue
[2025-09-15T06:12:26.075+0000] {logging_mixin.py:188} INFO - [2025-09-15T06:12:26.075+0000] {dagbag.py:540} INFO - Filling up the DagBag from /opt/airflow/dags/cleaning/day_clean.py
[2025-09-15T06:12:26.091+0000] {processor.py:842} WARNING - No viable dags retrieved from /opt/airflow/dags/cleaning/day_clean.py
[2025-09-15T06:12:26.109+0000] {processor.py:183} INFO - Processing /opt/airflow/dags/cleaning/day_clean.py took 0.046 seconds
[2025-09-15T06:12:56.543+0000] {processor.py:161} INFO - Started process (PID=999) to work on /opt/airflow/dags/cleaning/day_clean.py
[2025-09-15T06:12:56.544+0000] {processor.py:830} INFO - Processing file /opt/airflow/dags/cleaning/day_clean.py for tasks to queue
[2025-09-15T06:12:56.545+0000] {logging_mixin.py:188} INFO - [2025-09-15T06:12:56.545+0000] {dagbag.py:540} INFO - Filling up the DagBag from /opt/airflow/dags/cleaning/day_clean.py
[2025-09-15T06:12:56.559+0000] {processor.py:842} WARNING - No viable dags retrieved from /opt/airflow/dags/cleaning/day_clean.py
[2025-09-15T06:12:56.576+0000] {processor.py:183} INFO - Processing /opt/airflow/dags/cleaning/day_clean.py took 0.039 seconds
[2025-09-15T06:13:27.148+0000] {processor.py:161} INFO - Started process (PID=1034) to work on /opt/airflow/dags/cleaning/day_clean.py
[2025-09-15T06:13:27.150+0000] {processor.py:830} INFO - Processing file /opt/airflow/dags/cleaning/day_clean.py for tasks to queue
[2025-09-15T06:13:27.152+0000] {logging_mixin.py:188} INFO - [2025-09-15T06:13:27.152+0000] {dagbag.py:540} INFO - Filling up the DagBag from /opt/airflow/dags/cleaning/day_clean.py
[2025-09-15T06:13:27.178+0000] {processor.py:842} WARNING - No viable dags retrieved from /opt/airflow/dags/cleaning/day_clean.py
[2025-09-15T06:13:27.284+0000] {processor.py:183} INFO - Processing /opt/airflow/dags/cleaning/day_clean.py took 0.144 seconds
[2025-09-15T06:13:58.409+0000] {processor.py:161} INFO - Started process (PID=1069) to work on /opt/airflow/dags/cleaning/day_clean.py
[2025-09-15T06:13:58.411+0000] {processor.py:830} INFO - Processing file /opt/airflow/dags/cleaning/day_clean.py for tasks to queue
[2025-09-15T06:13:58.414+0000] {logging_mixin.py:188} INFO - [2025-09-15T06:13:58.414+0000] {dagbag.py:540} INFO - Filling up the DagBag from /opt/airflow/dags/cleaning/day_clean.py
[2025-09-15T06:13:58.431+0000] {processor.py:842} WARNING - No viable dags retrieved from /opt/airflow/dags/cleaning/day_clean.py
[2025-09-15T06:13:58.457+0000] {processor.py:183} INFO - Processing /opt/airflow/dags/cleaning/day_clean.py took 0.055 seconds
[2025-09-15T06:14:29.093+0000] {processor.py:161} INFO - Started process (PID=1104) to work on /opt/airflow/dags/cleaning/day_clean.py
[2025-09-15T06:14:29.096+0000] {processor.py:830} INFO - Processing file /opt/airflow/dags/cleaning/day_clean.py for tasks to queue
[2025-09-15T06:14:29.101+0000] {logging_mixin.py:188} INFO - [2025-09-15T06:14:29.100+0000] {dagbag.py:540} INFO - Filling up the DagBag from /opt/airflow/dags/cleaning/day_clean.py
[2025-09-15T06:14:29.138+0000] {processor.py:842} WARNING - No viable dags retrieved from /opt/airflow/dags/cleaning/day_clean.py
[2025-09-15T06:14:29.253+0000] {processor.py:183} INFO - Processing /opt/airflow/dags/cleaning/day_clean.py took 0.173 seconds
[2025-09-15T06:14:59.538+0000] {processor.py:161} INFO - Started process (PID=1143) to work on /opt/airflow/dags/cleaning/day_clean.py
[2025-09-15T06:14:59.539+0000] {processor.py:830} INFO - Processing file /opt/airflow/dags/cleaning/day_clean.py for tasks to queue
[2025-09-15T06:14:59.541+0000] {logging_mixin.py:188} INFO - [2025-09-15T06:14:59.541+0000] {dagbag.py:540} INFO - Filling up the DagBag from /opt/airflow/dags/cleaning/day_clean.py
[2025-09-15T06:14:59.561+0000] {processor.py:842} WARNING - No viable dags retrieved from /opt/airflow/dags/cleaning/day_clean.py
[2025-09-15T06:14:59.578+0000] {processor.py:183} INFO - Processing /opt/airflow/dags/cleaning/day_clean.py took 0.046 seconds
[2025-09-15T06:15:30.176+0000] {processor.py:161} INFO - Started process (PID=1178) to work on /opt/airflow/dags/cleaning/day_clean.py
[2025-09-15T06:15:30.177+0000] {processor.py:830} INFO - Processing file /opt/airflow/dags/cleaning/day_clean.py for tasks to queue
[2025-09-15T06:15:30.179+0000] {logging_mixin.py:188} INFO - [2025-09-15T06:15:30.179+0000] {dagbag.py:540} INFO - Filling up the DagBag from /opt/airflow/dags/cleaning/day_clean.py
[2025-09-15T06:15:30.192+0000] {processor.py:842} WARNING - No viable dags retrieved from /opt/airflow/dags/cleaning/day_clean.py
[2025-09-15T06:15:30.213+0000] {processor.py:183} INFO - Processing /opt/airflow/dags/cleaning/day_clean.py took 0.043 seconds
[2025-09-15T06:16:00.489+0000] {processor.py:161} INFO - Started process (PID=1213) to work on /opt/airflow/dags/cleaning/day_clean.py
[2025-09-15T06:16:00.490+0000] {processor.py:830} INFO - Processing file /opt/airflow/dags/cleaning/day_clean.py for tasks to queue
[2025-09-15T06:16:00.492+0000] {logging_mixin.py:188} INFO - [2025-09-15T06:16:00.491+0000] {dagbag.py:540} INFO - Filling up the DagBag from /opt/airflow/dags/cleaning/day_clean.py
[2025-09-15T06:16:00.509+0000] {processor.py:842} WARNING - No viable dags retrieved from /opt/airflow/dags/cleaning/day_clean.py
[2025-09-15T06:16:00.525+0000] {processor.py:183} INFO - Processing /opt/airflow/dags/cleaning/day_clean.py took 0.042 seconds
[2025-09-15T06:16:31.479+0000] {processor.py:161} INFO - Started process (PID=1248) to work on /opt/airflow/dags/cleaning/day_clean.py
[2025-09-15T06:16:31.480+0000] {processor.py:830} INFO - Processing file /opt/airflow/dags/cleaning/day_clean.py for tasks to queue
[2025-09-15T06:16:31.482+0000] {logging_mixin.py:188} INFO - [2025-09-15T06:16:31.482+0000] {dagbag.py:540} INFO - Filling up the DagBag from /opt/airflow/dags/cleaning/day_clean.py
[2025-09-15T06:16:31.493+0000] {processor.py:842} WARNING - No viable dags retrieved from /opt/airflow/dags/cleaning/day_clean.py
[2025-09-15T06:16:31.510+0000] {processor.py:183} INFO - Processing /opt/airflow/dags/cleaning/day_clean.py took 0.036 seconds
[2025-09-15T06:17:01.842+0000] {processor.py:161} INFO - Started process (PID=1283) to work on /opt/airflow/dags/cleaning/day_clean.py
[2025-09-15T06:17:01.843+0000] {processor.py:830} INFO - Processing file /opt/airflow/dags/cleaning/day_clean.py for tasks to queue
[2025-09-15T06:17:01.845+0000] {logging_mixin.py:188} INFO - [2025-09-15T06:17:01.845+0000] {dagbag.py:540} INFO - Filling up the DagBag from /opt/airflow/dags/cleaning/day_clean.py
[2025-09-15T06:17:01.863+0000] {processor.py:842} WARNING - No viable dags retrieved from /opt/airflow/dags/cleaning/day_clean.py
[2025-09-15T06:17:01.880+0000] {processor.py:183} INFO - Processing /opt/airflow/dags/cleaning/day_clean.py took 0.046 seconds
[2025-09-15T06:17:32.296+0000] {processor.py:161} INFO - Started process (PID=1318) to work on /opt/airflow/dags/cleaning/day_clean.py
[2025-09-15T06:17:32.297+0000] {processor.py:830} INFO - Processing file /opt/airflow/dags/cleaning/day_clean.py for tasks to queue
[2025-09-15T06:17:32.299+0000] {logging_mixin.py:188} INFO - [2025-09-15T06:17:32.299+0000] {dagbag.py:540} INFO - Filling up the DagBag from /opt/airflow/dags/cleaning/day_clean.py
[2025-09-15T06:17:32.308+0000] {processor.py:842} WARNING - No viable dags retrieved from /opt/airflow/dags/cleaning/day_clean.py
[2025-09-15T06:17:32.335+0000] {processor.py:183} INFO - Processing /opt/airflow/dags/cleaning/day_clean.py took 0.044 seconds
[2025-09-15T06:18:02.686+0000] {processor.py:161} INFO - Started process (PID=1353) to work on /opt/airflow/dags/cleaning/day_clean.py
[2025-09-15T06:18:02.688+0000] {processor.py:830} INFO - Processing file /opt/airflow/dags/cleaning/day_clean.py for tasks to queue
[2025-09-15T06:18:02.690+0000] {logging_mixin.py:188} INFO - [2025-09-15T06:18:02.690+0000] {dagbag.py:540} INFO - Filling up the DagBag from /opt/airflow/dags/cleaning/day_clean.py
[2025-09-15T06:18:02.704+0000] {processor.py:842} WARNING - No viable dags retrieved from /opt/airflow/dags/cleaning/day_clean.py
[2025-09-15T06:18:02.721+0000] {processor.py:183} INFO - Processing /opt/airflow/dags/cleaning/day_clean.py took 0.040 seconds
[2025-09-15T06:18:32.986+0000] {processor.py:161} INFO - Started process (PID=1388) to work on /opt/airflow/dags/cleaning/day_clean.py
[2025-09-15T06:18:32.987+0000] {processor.py:830} INFO - Processing file /opt/airflow/dags/cleaning/day_clean.py for tasks to queue
[2025-09-15T06:18:32.989+0000] {logging_mixin.py:188} INFO - [2025-09-15T06:18:32.988+0000] {dagbag.py:540} INFO - Filling up the DagBag from /opt/airflow/dags/cleaning/day_clean.py
[2025-09-15T06:18:33.003+0000] {processor.py:842} WARNING - No viable dags retrieved from /opt/airflow/dags/cleaning/day_clean.py
[2025-09-15T06:18:33.019+0000] {processor.py:183} INFO - Processing /opt/airflow/dags/cleaning/day_clean.py took 0.040 seconds
[2025-09-15T06:19:03.433+0000] {processor.py:161} INFO - Started process (PID=1423) to work on /opt/airflow/dags/cleaning/day_clean.py
[2025-09-15T06:19:03.435+0000] {processor.py:830} INFO - Processing file /opt/airflow/dags/cleaning/day_clean.py for tasks to queue
[2025-09-15T06:19:03.437+0000] {logging_mixin.py:188} INFO - [2025-09-15T06:19:03.437+0000] {dagbag.py:540} INFO - Filling up the DagBag from /opt/airflow/dags/cleaning/day_clean.py
[2025-09-15T06:19:03.452+0000] {processor.py:842} WARNING - No viable dags retrieved from /opt/airflow/dags/cleaning/day_clean.py
[2025-09-15T06:19:03.478+0000] {processor.py:183} INFO - Processing /opt/airflow/dags/cleaning/day_clean.py took 0.050 seconds
[2025-09-15T06:19:33.899+0000] {processor.py:161} INFO - Started process (PID=1458) to work on /opt/airflow/dags/cleaning/day_clean.py
[2025-09-15T06:19:33.900+0000] {processor.py:830} INFO - Processing file /opt/airflow/dags/cleaning/day_clean.py for tasks to queue
[2025-09-15T06:19:33.902+0000] {logging_mixin.py:188} INFO - [2025-09-15T06:19:33.902+0000] {dagbag.py:540} INFO - Filling up the DagBag from /opt/airflow/dags/cleaning/day_clean.py
[2025-09-15T06:19:33.915+0000] {processor.py:842} WARNING - No viable dags retrieved from /opt/airflow/dags/cleaning/day_clean.py
[2025-09-15T06:19:34.040+0000] {processor.py:183} INFO - Processing /opt/airflow/dags/cleaning/day_clean.py took 0.146 seconds
[2025-09-15T06:20:04.359+0000] {processor.py:161} INFO - Started process (PID=1493) to work on /opt/airflow/dags/cleaning/day_clean.py
[2025-09-15T06:20:04.360+0000] {processor.py:830} INFO - Processing file /opt/airflow/dags/cleaning/day_clean.py for tasks to queue
[2025-09-15T06:20:04.362+0000] {logging_mixin.py:188} INFO - [2025-09-15T06:20:04.362+0000] {dagbag.py:540} INFO - Filling up the DagBag from /opt/airflow/dags/cleaning/day_clean.py
[2025-09-15T06:20:04.376+0000] {processor.py:842} WARNING - No viable dags retrieved from /opt/airflow/dags/cleaning/day_clean.py
[2025-09-15T06:20:04.396+0000] {processor.py:183} INFO - Processing /opt/airflow/dags/cleaning/day_clean.py took 0.043 seconds
[2025-09-15T06:20:34.767+0000] {processor.py:161} INFO - Started process (PID=1528) to work on /opt/airflow/dags/cleaning/day_clean.py
[2025-09-15T06:20:34.769+0000] {processor.py:830} INFO - Processing file /opt/airflow/dags/cleaning/day_clean.py for tasks to queue
[2025-09-15T06:20:34.771+0000] {logging_mixin.py:188} INFO - [2025-09-15T06:20:34.771+0000] {dagbag.py:540} INFO - Filling up the DagBag from /opt/airflow/dags/cleaning/day_clean.py
[2025-09-15T06:20:34.783+0000] {processor.py:842} WARNING - No viable dags retrieved from /opt/airflow/dags/cleaning/day_clean.py
[2025-09-15T06:20:34.799+0000] {processor.py:183} INFO - Processing /opt/airflow/dags/cleaning/day_clean.py took 0.037 seconds
[2025-09-15T06:21:05.191+0000] {processor.py:161} INFO - Started process (PID=1563) to work on /opt/airflow/dags/cleaning/day_clean.py
[2025-09-15T06:21:05.192+0000] {processor.py:830} INFO - Processing file /opt/airflow/dags/cleaning/day_clean.py for tasks to queue
[2025-09-15T06:21:05.194+0000] {logging_mixin.py:188} INFO - [2025-09-15T06:21:05.194+0000] {dagbag.py:540} INFO - Filling up the DagBag from /opt/airflow/dags/cleaning/day_clean.py
[2025-09-15T06:21:05.209+0000] {processor.py:842} WARNING - No viable dags retrieved from /opt/airflow/dags/cleaning/day_clean.py
[2025-09-15T06:21:05.226+0000] {processor.py:183} INFO - Processing /opt/airflow/dags/cleaning/day_clean.py took 0.041 seconds
[2025-09-15T06:21:35.576+0000] {processor.py:161} INFO - Started process (PID=1598) to work on /opt/airflow/dags/cleaning/day_clean.py
[2025-09-15T06:21:35.577+0000] {processor.py:830} INFO - Processing file /opt/airflow/dags/cleaning/day_clean.py for tasks to queue
[2025-09-15T06:21:35.579+0000] {logging_mixin.py:188} INFO - [2025-09-15T06:21:35.579+0000] {dagbag.py:540} INFO - Filling up the DagBag from /opt/airflow/dags/cleaning/day_clean.py
[2025-09-15T06:21:35.592+0000] {processor.py:842} WARNING - No viable dags retrieved from /opt/airflow/dags/cleaning/day_clean.py
[2025-09-15T06:21:35.608+0000] {processor.py:183} INFO - Processing /opt/airflow/dags/cleaning/day_clean.py took 0.037 seconds
[2025-09-15T06:22:05.894+0000] {processor.py:161} INFO - Started process (PID=1633) to work on /opt/airflow/dags/cleaning/day_clean.py
[2025-09-15T06:22:05.895+0000] {processor.py:830} INFO - Processing file /opt/airflow/dags/cleaning/day_clean.py for tasks to queue
[2025-09-15T06:22:05.897+0000] {logging_mixin.py:188} INFO - [2025-09-15T06:22:05.896+0000] {dagbag.py:540} INFO - Filling up the DagBag from /opt/airflow/dags/cleaning/day_clean.py
[2025-09-15T06:22:05.913+0000] {processor.py:842} WARNING - No viable dags retrieved from /opt/airflow/dags/cleaning/day_clean.py
[2025-09-15T06:22:05.931+0000] {processor.py:183} INFO - Processing /opt/airflow/dags/cleaning/day_clean.py took 0.043 seconds
[2025-09-15T06:22:36.292+0000] {processor.py:161} INFO - Started process (PID=1668) to work on /opt/airflow/dags/cleaning/day_clean.py
[2025-09-15T06:22:36.293+0000] {processor.py:830} INFO - Processing file /opt/airflow/dags/cleaning/day_clean.py for tasks to queue
[2025-09-15T06:22:36.296+0000] {logging_mixin.py:188} INFO - [2025-09-15T06:22:36.296+0000] {dagbag.py:540} INFO - Filling up the DagBag from /opt/airflow/dags/cleaning/day_clean.py
[2025-09-15T06:22:36.307+0000] {processor.py:842} WARNING - No viable dags retrieved from /opt/airflow/dags/cleaning/day_clean.py
[2025-09-15T06:22:36.322+0000] {processor.py:183} INFO - Processing /opt/airflow/dags/cleaning/day_clean.py took 0.039 seconds
[2025-09-15T06:23:06.713+0000] {processor.py:161} INFO - Started process (PID=1703) to work on /opt/airflow/dags/cleaning/day_clean.py
[2025-09-15T06:23:06.714+0000] {processor.py:830} INFO - Processing file /opt/airflow/dags/cleaning/day_clean.py for tasks to queue
[2025-09-15T06:23:06.716+0000] {logging_mixin.py:188} INFO - [2025-09-15T06:23:06.716+0000] {dagbag.py:540} INFO - Filling up the DagBag from /opt/airflow/dags/cleaning/day_clean.py
[2025-09-15T06:23:06.733+0000] {processor.py:842} WARNING - No viable dags retrieved from /opt/airflow/dags/cleaning/day_clean.py
[2025-09-15T06:23:06.763+0000] {processor.py:183} INFO - Processing /opt/airflow/dags/cleaning/day_clean.py took 0.056 seconds
[2025-09-15T06:23:37.055+0000] {processor.py:161} INFO - Started process (PID=1738) to work on /opt/airflow/dags/cleaning/day_clean.py
[2025-09-15T06:23:37.056+0000] {processor.py:830} INFO - Processing file /opt/airflow/dags/cleaning/day_clean.py for tasks to queue
[2025-09-15T06:23:37.058+0000] {logging_mixin.py:188} INFO - [2025-09-15T06:23:37.058+0000] {dagbag.py:540} INFO - Filling up the DagBag from /opt/airflow/dags/cleaning/day_clean.py
[2025-09-15T06:23:37.072+0000] {processor.py:842} WARNING - No viable dags retrieved from /opt/airflow/dags/cleaning/day_clean.py
[2025-09-15T06:23:37.089+0000] {processor.py:183} INFO - Processing /opt/airflow/dags/cleaning/day_clean.py took 0.039 seconds
[2025-09-15T06:24:08.112+0000] {processor.py:161} INFO - Started process (PID=1773) to work on /opt/airflow/dags/cleaning/day_clean.py
[2025-09-15T06:24:08.113+0000] {processor.py:830} INFO - Processing file /opt/airflow/dags/cleaning/day_clean.py for tasks to queue
[2025-09-15T06:24:08.116+0000] {logging_mixin.py:188} INFO - [2025-09-15T06:24:08.116+0000] {dagbag.py:540} INFO - Filling up the DagBag from /opt/airflow/dags/cleaning/day_clean.py
[2025-09-15T06:24:08.133+0000] {processor.py:842} WARNING - No viable dags retrieved from /opt/airflow/dags/cleaning/day_clean.py
[2025-09-15T06:24:08.179+0000] {processor.py:183} INFO - Processing /opt/airflow/dags/cleaning/day_clean.py took 0.074 seconds
[2025-09-15T06:24:38.399+0000] {processor.py:161} INFO - Started process (PID=1808) to work on /opt/airflow/dags/cleaning/day_clean.py
[2025-09-15T06:24:38.400+0000] {processor.py:830} INFO - Processing file /opt/airflow/dags/cleaning/day_clean.py for tasks to queue
[2025-09-15T06:24:38.403+0000] {logging_mixin.py:188} INFO - [2025-09-15T06:24:38.403+0000] {dagbag.py:540} INFO - Filling up the DagBag from /opt/airflow/dags/cleaning/day_clean.py
[2025-09-15T06:24:38.415+0000] {processor.py:842} WARNING - No viable dags retrieved from /opt/airflow/dags/cleaning/day_clean.py
[2025-09-15T06:24:38.431+0000] {processor.py:183} INFO - Processing /opt/airflow/dags/cleaning/day_clean.py took 0.037 seconds
[2025-09-15T06:25:08.967+0000] {processor.py:161} INFO - Started process (PID=1843) to work on /opt/airflow/dags/cleaning/day_clean.py
[2025-09-15T06:25:08.968+0000] {processor.py:830} INFO - Processing file /opt/airflow/dags/cleaning/day_clean.py for tasks to queue
[2025-09-15T06:25:08.970+0000] {logging_mixin.py:188} INFO - [2025-09-15T06:25:08.970+0000] {dagbag.py:540} INFO - Filling up the DagBag from /opt/airflow/dags/cleaning/day_clean.py
[2025-09-15T06:25:08.986+0000] {processor.py:842} WARNING - No viable dags retrieved from /opt/airflow/dags/cleaning/day_clean.py
[2025-09-15T06:25:09.004+0000] {processor.py:183} INFO - Processing /opt/airflow/dags/cleaning/day_clean.py took 0.043 seconds
[2025-09-15T06:25:39.531+0000] {processor.py:161} INFO - Started process (PID=1878) to work on /opt/airflow/dags/cleaning/day_clean.py
[2025-09-15T06:25:39.532+0000] {processor.py:830} INFO - Processing file /opt/airflow/dags/cleaning/day_clean.py for tasks to queue
[2025-09-15T06:25:39.534+0000] {logging_mixin.py:188} INFO - [2025-09-15T06:25:39.534+0000] {dagbag.py:540} INFO - Filling up the DagBag from /opt/airflow/dags/cleaning/day_clean.py
[2025-09-15T06:25:39.549+0000] {processor.py:842} WARNING - No viable dags retrieved from /opt/airflow/dags/cleaning/day_clean.py
[2025-09-15T06:25:39.576+0000] {processor.py:183} INFO - Processing /opt/airflow/dags/cleaning/day_clean.py took 0.050 seconds
[2025-09-15T06:26:10.273+0000] {processor.py:161} INFO - Started process (PID=1913) to work on /opt/airflow/dags/cleaning/day_clean.py
[2025-09-15T06:26:10.274+0000] {processor.py:830} INFO - Processing file /opt/airflow/dags/cleaning/day_clean.py for tasks to queue
[2025-09-15T06:26:10.276+0000] {logging_mixin.py:188} INFO - [2025-09-15T06:26:10.276+0000] {dagbag.py:540} INFO - Filling up the DagBag from /opt/airflow/dags/cleaning/day_clean.py
[2025-09-15T06:26:10.287+0000] {processor.py:842} WARNING - No viable dags retrieved from /opt/airflow/dags/cleaning/day_clean.py
[2025-09-15T06:26:10.337+0000] {processor.py:183} INFO - Processing /opt/airflow/dags/cleaning/day_clean.py took 0.070 seconds
[2025-09-15T06:26:40.989+0000] {processor.py:161} INFO - Started process (PID=1948) to work on /opt/airflow/dags/cleaning/day_clean.py
[2025-09-15T06:26:40.990+0000] {processor.py:830} INFO - Processing file /opt/airflow/dags/cleaning/day_clean.py for tasks to queue
[2025-09-15T06:26:40.992+0000] {logging_mixin.py:188} INFO - [2025-09-15T06:26:40.992+0000] {dagbag.py:540} INFO - Filling up the DagBag from /opt/airflow/dags/cleaning/day_clean.py
[2025-09-15T06:26:41.006+0000] {processor.py:842} WARNING - No viable dags retrieved from /opt/airflow/dags/cleaning/day_clean.py
[2025-09-15T06:26:41.022+0000] {processor.py:183} INFO - Processing /opt/airflow/dags/cleaning/day_clean.py took 0.039 seconds
[2025-09-15T06:27:11.290+0000] {processor.py:161} INFO - Started process (PID=1983) to work on /opt/airflow/dags/cleaning/day_clean.py
[2025-09-15T06:27:11.292+0000] {processor.py:830} INFO - Processing file /opt/airflow/dags/cleaning/day_clean.py for tasks to queue
[2025-09-15T06:27:11.293+0000] {logging_mixin.py:188} INFO - [2025-09-15T06:27:11.293+0000] {dagbag.py:540} INFO - Filling up the DagBag from /opt/airflow/dags/cleaning/day_clean.py
[2025-09-15T06:27:11.308+0000] {processor.py:842} WARNING - No viable dags retrieved from /opt/airflow/dags/cleaning/day_clean.py
[2025-09-15T06:27:11.324+0000] {processor.py:183} INFO - Processing /opt/airflow/dags/cleaning/day_clean.py took 0.040 seconds
[2025-09-15T06:27:41.911+0000] {processor.py:161} INFO - Started process (PID=2018) to work on /opt/airflow/dags/cleaning/day_clean.py
[2025-09-15T06:27:41.912+0000] {processor.py:830} INFO - Processing file /opt/airflow/dags/cleaning/day_clean.py for tasks to queue
[2025-09-15T06:27:41.914+0000] {logging_mixin.py:188} INFO - [2025-09-15T06:27:41.914+0000] {dagbag.py:540} INFO - Filling up the DagBag from /opt/airflow/dags/cleaning/day_clean.py
[2025-09-15T06:27:41.925+0000] {processor.py:842} WARNING - No viable dags retrieved from /opt/airflow/dags/cleaning/day_clean.py
[2025-09-15T06:27:41.941+0000] {processor.py:183} INFO - Processing /opt/airflow/dags/cleaning/day_clean.py took 0.035 seconds
[2025-09-15T06:28:12.646+0000] {processor.py:161} INFO - Started process (PID=2053) to work on /opt/airflow/dags/cleaning/day_clean.py
[2025-09-15T06:28:12.649+0000] {processor.py:830} INFO - Processing file /opt/airflow/dags/cleaning/day_clean.py for tasks to queue
[2025-09-15T06:28:12.658+0000] {logging_mixin.py:188} INFO - [2025-09-15T06:28:12.657+0000] {dagbag.py:540} INFO - Filling up the DagBag from /opt/airflow/dags/cleaning/day_clean.py
[2025-09-15T06:28:12.670+0000] {processor.py:842} WARNING - No viable dags retrieved from /opt/airflow/dags/cleaning/day_clean.py
[2025-09-15T06:28:12.697+0000] {processor.py:183} INFO - Processing /opt/airflow/dags/cleaning/day_clean.py took 0.062 seconds
[2025-09-15T06:28:43.233+0000] {processor.py:161} INFO - Started process (PID=2088) to work on /opt/airflow/dags/cleaning/day_clean.py
[2025-09-15T06:28:43.234+0000] {processor.py:830} INFO - Processing file /opt/airflow/dags/cleaning/day_clean.py for tasks to queue
[2025-09-15T06:28:43.236+0000] {logging_mixin.py:188} INFO - [2025-09-15T06:28:43.236+0000] {dagbag.py:540} INFO - Filling up the DagBag from /opt/airflow/dags/cleaning/day_clean.py
[2025-09-15T06:28:43.248+0000] {processor.py:842} WARNING - No viable dags retrieved from /opt/airflow/dags/cleaning/day_clean.py
[2025-09-15T06:28:43.264+0000] {processor.py:183} INFO - Processing /opt/airflow/dags/cleaning/day_clean.py took 0.036 seconds
[2025-09-15T06:29:13.906+0000] {processor.py:161} INFO - Started process (PID=2123) to work on /opt/airflow/dags/cleaning/day_clean.py
[2025-09-15T06:29:13.908+0000] {processor.py:830} INFO - Processing file /opt/airflow/dags/cleaning/day_clean.py for tasks to queue
[2025-09-15T06:29:13.916+0000] {logging_mixin.py:188} INFO - [2025-09-15T06:29:13.916+0000] {dagbag.py:540} INFO - Filling up the DagBag from /opt/airflow/dags/cleaning/day_clean.py
[2025-09-15T06:29:13.930+0000] {processor.py:842} WARNING - No viable dags retrieved from /opt/airflow/dags/cleaning/day_clean.py
[2025-09-15T06:29:13.946+0000] {processor.py:183} INFO - Processing /opt/airflow/dags/cleaning/day_clean.py took 0.046 seconds
[2025-09-15T06:29:44.491+0000] {processor.py:161} INFO - Started process (PID=2158) to work on /opt/airflow/dags/cleaning/day_clean.py
[2025-09-15T06:29:44.492+0000] {processor.py:830} INFO - Processing file /opt/airflow/dags/cleaning/day_clean.py for tasks to queue
[2025-09-15T06:29:44.494+0000] {logging_mixin.py:188} INFO - [2025-09-15T06:29:44.493+0000] {dagbag.py:540} INFO - Filling up the DagBag from /opt/airflow/dags/cleaning/day_clean.py
[2025-09-15T06:29:44.504+0000] {processor.py:842} WARNING - No viable dags retrieved from /opt/airflow/dags/cleaning/day_clean.py
[2025-09-15T06:29:44.565+0000] {processor.py:183} INFO - Processing /opt/airflow/dags/cleaning/day_clean.py took 0.080 seconds
[2025-09-15T06:34:19.041+0000] {processor.py:161} INFO - Started process (PID=2195) to work on /opt/airflow/dags/cleaning/day_clean.py
[2025-09-15T06:34:19.044+0000] {processor.py:830} INFO - Processing file /opt/airflow/dags/cleaning/day_clean.py for tasks to queue
[2025-09-15T06:34:19.063+0000] {logging_mixin.py:188} INFO - [2025-09-15T06:34:19.063+0000] {dagbag.py:540} INFO - Filling up the DagBag from /opt/airflow/dags/cleaning/day_clean.py
[2025-09-15T06:34:19.131+0000] {processor.py:842} WARNING - No viable dags retrieved from /opt/airflow/dags/cleaning/day_clean.py
[2025-09-15T06:34:19.200+0000] {processor.py:183} INFO - Processing /opt/airflow/dags/cleaning/day_clean.py took 0.182 seconds
[2025-09-15T06:34:49.355+0000] {processor.py:161} INFO - Started process (PID=2227) to work on /opt/airflow/dags/cleaning/day_clean.py
[2025-09-15T06:34:49.356+0000] {processor.py:830} INFO - Processing file /opt/airflow/dags/cleaning/day_clean.py for tasks to queue
[2025-09-15T06:34:49.357+0000] {logging_mixin.py:188} INFO - [2025-09-15T06:34:49.357+0000] {dagbag.py:540} INFO - Filling up the DagBag from /opt/airflow/dags/cleaning/day_clean.py
[2025-09-15T06:34:49.370+0000] {processor.py:842} WARNING - No viable dags retrieved from /opt/airflow/dags/cleaning/day_clean.py
[2025-09-15T06:34:49.383+0000] {processor.py:183} INFO - Processing /opt/airflow/dags/cleaning/day_clean.py took 0.033 seconds
[2025-09-15T06:35:19.630+0000] {processor.py:161} INFO - Started process (PID=2262) to work on /opt/airflow/dags/cleaning/day_clean.py
[2025-09-15T06:35:19.632+0000] {processor.py:830} INFO - Processing file /opt/airflow/dags/cleaning/day_clean.py for tasks to queue
[2025-09-15T06:35:19.634+0000] {logging_mixin.py:188} INFO - [2025-09-15T06:35:19.633+0000] {dagbag.py:540} INFO - Filling up the DagBag from /opt/airflow/dags/cleaning/day_clean.py
[2025-09-15T06:35:19.646+0000] {processor.py:842} WARNING - No viable dags retrieved from /opt/airflow/dags/cleaning/day_clean.py
[2025-09-15T06:35:19.660+0000] {processor.py:183} INFO - Processing /opt/airflow/dags/cleaning/day_clean.py took 0.035 seconds
[2025-09-15T06:35:49.936+0000] {processor.py:161} INFO - Started process (PID=2297) to work on /opt/airflow/dags/cleaning/day_clean.py
[2025-09-15T06:35:49.938+0000] {processor.py:830} INFO - Processing file /opt/airflow/dags/cleaning/day_clean.py for tasks to queue
[2025-09-15T06:35:49.939+0000] {logging_mixin.py:188} INFO - [2025-09-15T06:35:49.939+0000] {dagbag.py:540} INFO - Filling up the DagBag from /opt/airflow/dags/cleaning/day_clean.py
[2025-09-15T06:35:49.953+0000] {processor.py:842} WARNING - No viable dags retrieved from /opt/airflow/dags/cleaning/day_clean.py
[2025-09-15T06:35:49.968+0000] {processor.py:183} INFO - Processing /opt/airflow/dags/cleaning/day_clean.py took 0.037 seconds
[2025-09-15T06:36:20.148+0000] {processor.py:161} INFO - Started process (PID=2332) to work on /opt/airflow/dags/cleaning/day_clean.py
[2025-09-15T06:36:20.149+0000] {processor.py:830} INFO - Processing file /opt/airflow/dags/cleaning/day_clean.py for tasks to queue
[2025-09-15T06:36:20.151+0000] {logging_mixin.py:188} INFO - [2025-09-15T06:36:20.151+0000] {dagbag.py:540} INFO - Filling up the DagBag from /opt/airflow/dags/cleaning/day_clean.py
[2025-09-15T06:36:20.162+0000] {processor.py:842} WARNING - No viable dags retrieved from /opt/airflow/dags/cleaning/day_clean.py
[2025-09-15T06:36:20.176+0000] {processor.py:183} INFO - Processing /opt/airflow/dags/cleaning/day_clean.py took 0.033 seconds
[2025-09-15T06:36:50.535+0000] {processor.py:161} INFO - Started process (PID=2367) to work on /opt/airflow/dags/cleaning/day_clean.py
[2025-09-15T06:36:50.536+0000] {processor.py:830} INFO - Processing file /opt/airflow/dags/cleaning/day_clean.py for tasks to queue
[2025-09-15T06:36:50.538+0000] {logging_mixin.py:188} INFO - [2025-09-15T06:36:50.538+0000] {dagbag.py:540} INFO - Filling up the DagBag from /opt/airflow/dags/cleaning/day_clean.py
[2025-09-15T06:36:50.547+0000] {processor.py:842} WARNING - No viable dags retrieved from /opt/airflow/dags/cleaning/day_clean.py
[2025-09-15T06:36:50.560+0000] {processor.py:183} INFO - Processing /opt/airflow/dags/cleaning/day_clean.py took 0.030 seconds
[2025-09-15T06:37:20.982+0000] {processor.py:161} INFO - Started process (PID=2402) to work on /opt/airflow/dags/cleaning/day_clean.py
[2025-09-15T06:37:20.983+0000] {processor.py:830} INFO - Processing file /opt/airflow/dags/cleaning/day_clean.py for tasks to queue
[2025-09-15T06:37:20.985+0000] {logging_mixin.py:188} INFO - [2025-09-15T06:37:20.984+0000] {dagbag.py:540} INFO - Filling up the DagBag from /opt/airflow/dags/cleaning/day_clean.py
[2025-09-15T06:37:20.997+0000] {processor.py:842} WARNING - No viable dags retrieved from /opt/airflow/dags/cleaning/day_clean.py
[2025-09-15T06:37:21.011+0000] {processor.py:183} INFO - Processing /opt/airflow/dags/cleaning/day_clean.py took 0.035 seconds
[2025-09-15T06:37:51.354+0000] {processor.py:161} INFO - Started process (PID=2437) to work on /opt/airflow/dags/cleaning/day_clean.py
[2025-09-15T06:37:51.355+0000] {processor.py:830} INFO - Processing file /opt/airflow/dags/cleaning/day_clean.py for tasks to queue
[2025-09-15T06:37:51.357+0000] {logging_mixin.py:188} INFO - [2025-09-15T06:37:51.357+0000] {dagbag.py:540} INFO - Filling up the DagBag from /opt/airflow/dags/cleaning/day_clean.py
[2025-09-15T06:37:51.371+0000] {processor.py:842} WARNING - No viable dags retrieved from /opt/airflow/dags/cleaning/day_clean.py
[2025-09-15T06:37:51.386+0000] {processor.py:183} INFO - Processing /opt/airflow/dags/cleaning/day_clean.py took 0.037 seconds
[2025-09-15T06:38:21.854+0000] {processor.py:161} INFO - Started process (PID=2472) to work on /opt/airflow/dags/cleaning/day_clean.py
[2025-09-15T06:38:21.855+0000] {processor.py:830} INFO - Processing file /opt/airflow/dags/cleaning/day_clean.py for tasks to queue
[2025-09-15T06:38:21.857+0000] {logging_mixin.py:188} INFO - [2025-09-15T06:38:21.857+0000] {dagbag.py:540} INFO - Filling up the DagBag from /opt/airflow/dags/cleaning/day_clean.py
[2025-09-15T06:38:21.868+0000] {processor.py:842} WARNING - No viable dags retrieved from /opt/airflow/dags/cleaning/day_clean.py
[2025-09-15T06:38:21.883+0000] {processor.py:183} INFO - Processing /opt/airflow/dags/cleaning/day_clean.py took 0.035 seconds
[2025-09-15T06:38:52.191+0000] {processor.py:161} INFO - Started process (PID=2507) to work on /opt/airflow/dags/cleaning/day_clean.py
[2025-09-15T06:38:52.192+0000] {processor.py:830} INFO - Processing file /opt/airflow/dags/cleaning/day_clean.py for tasks to queue
[2025-09-15T06:38:52.194+0000] {logging_mixin.py:188} INFO - [2025-09-15T06:38:52.194+0000] {dagbag.py:540} INFO - Filling up the DagBag from /opt/airflow/dags/cleaning/day_clean.py
[2025-09-15T06:38:52.205+0000] {processor.py:842} WARNING - No viable dags retrieved from /opt/airflow/dags/cleaning/day_clean.py
[2025-09-15T06:38:52.219+0000] {processor.py:183} INFO - Processing /opt/airflow/dags/cleaning/day_clean.py took 0.033 seconds
[2025-09-15T06:39:22.725+0000] {processor.py:161} INFO - Started process (PID=2542) to work on /opt/airflow/dags/cleaning/day_clean.py
[2025-09-15T06:39:22.726+0000] {processor.py:830} INFO - Processing file /opt/airflow/dags/cleaning/day_clean.py for tasks to queue
[2025-09-15T06:39:22.728+0000] {logging_mixin.py:188} INFO - [2025-09-15T06:39:22.727+0000] {dagbag.py:540} INFO - Filling up the DagBag from /opt/airflow/dags/cleaning/day_clean.py
[2025-09-15T06:39:22.738+0000] {processor.py:842} WARNING - No viable dags retrieved from /opt/airflow/dags/cleaning/day_clean.py
[2025-09-15T06:39:22.753+0000] {processor.py:183} INFO - Processing /opt/airflow/dags/cleaning/day_clean.py took 0.034 seconds
[2025-09-15T06:39:53.241+0000] {processor.py:161} INFO - Started process (PID=2577) to work on /opt/airflow/dags/cleaning/day_clean.py
[2025-09-15T06:39:53.243+0000] {processor.py:830} INFO - Processing file /opt/airflow/dags/cleaning/day_clean.py for tasks to queue
[2025-09-15T06:39:53.244+0000] {logging_mixin.py:188} INFO - [2025-09-15T06:39:53.244+0000] {dagbag.py:540} INFO - Filling up the DagBag from /opt/airflow/dags/cleaning/day_clean.py
[2025-09-15T06:39:53.257+0000] {processor.py:842} WARNING - No viable dags retrieved from /opt/airflow/dags/cleaning/day_clean.py
[2025-09-15T06:39:53.272+0000] {processor.py:183} INFO - Processing /opt/airflow/dags/cleaning/day_clean.py took 0.036 seconds
[2025-09-15T06:40:23.592+0000] {processor.py:161} INFO - Started process (PID=2612) to work on /opt/airflow/dags/cleaning/day_clean.py
[2025-09-15T06:40:23.593+0000] {processor.py:830} INFO - Processing file /opt/airflow/dags/cleaning/day_clean.py for tasks to queue
[2025-09-15T06:40:23.595+0000] {logging_mixin.py:188} INFO - [2025-09-15T06:40:23.594+0000] {dagbag.py:540} INFO - Filling up the DagBag from /opt/airflow/dags/cleaning/day_clean.py
[2025-09-15T06:40:23.606+0000] {processor.py:842} WARNING - No viable dags retrieved from /opt/airflow/dags/cleaning/day_clean.py
[2025-09-15T06:40:23.620+0000] {processor.py:183} INFO - Processing /opt/airflow/dags/cleaning/day_clean.py took 0.034 seconds
[2025-09-15T06:40:54.124+0000] {processor.py:161} INFO - Started process (PID=2647) to work on /opt/airflow/dags/cleaning/day_clean.py
[2025-09-15T06:40:54.125+0000] {processor.py:830} INFO - Processing file /opt/airflow/dags/cleaning/day_clean.py for tasks to queue
[2025-09-15T06:40:54.127+0000] {logging_mixin.py:188} INFO - [2025-09-15T06:40:54.127+0000] {dagbag.py:540} INFO - Filling up the DagBag from /opt/airflow/dags/cleaning/day_clean.py
[2025-09-15T06:40:54.138+0000] {processor.py:842} WARNING - No viable dags retrieved from /opt/airflow/dags/cleaning/day_clean.py
[2025-09-15T06:40:54.152+0000] {processor.py:183} INFO - Processing /opt/airflow/dags/cleaning/day_clean.py took 0.033 seconds
[2025-09-15T06:41:24.616+0000] {processor.py:161} INFO - Started process (PID=2682) to work on /opt/airflow/dags/cleaning/day_clean.py
[2025-09-15T06:41:24.617+0000] {processor.py:830} INFO - Processing file /opt/airflow/dags/cleaning/day_clean.py for tasks to queue
[2025-09-15T06:41:24.619+0000] {logging_mixin.py:188} INFO - [2025-09-15T06:41:24.619+0000] {dagbag.py:540} INFO - Filling up the DagBag from /opt/airflow/dags/cleaning/day_clean.py
[2025-09-15T06:41:24.629+0000] {processor.py:842} WARNING - No viable dags retrieved from /opt/airflow/dags/cleaning/day_clean.py
[2025-09-15T06:41:24.644+0000] {processor.py:183} INFO - Processing /opt/airflow/dags/cleaning/day_clean.py took 0.034 seconds
[2025-09-15T06:41:55.147+0000] {processor.py:161} INFO - Started process (PID=2717) to work on /opt/airflow/dags/cleaning/day_clean.py
[2025-09-15T06:41:55.148+0000] {processor.py:830} INFO - Processing file /opt/airflow/dags/cleaning/day_clean.py for tasks to queue
[2025-09-15T06:41:55.150+0000] {logging_mixin.py:188} INFO - [2025-09-15T06:41:55.150+0000] {dagbag.py:540} INFO - Filling up the DagBag from /opt/airflow/dags/cleaning/day_clean.py
[2025-09-15T06:41:55.160+0000] {processor.py:842} WARNING - No viable dags retrieved from /opt/airflow/dags/cleaning/day_clean.py
[2025-09-15T06:41:55.176+0000] {processor.py:183} INFO - Processing /opt/airflow/dags/cleaning/day_clean.py took 0.034 seconds
[2025-09-15T06:42:25.817+0000] {processor.py:161} INFO - Started process (PID=2752) to work on /opt/airflow/dags/cleaning/day_clean.py
[2025-09-15T06:42:25.818+0000] {processor.py:830} INFO - Processing file /opt/airflow/dags/cleaning/day_clean.py for tasks to queue
[2025-09-15T06:42:25.820+0000] {logging_mixin.py:188} INFO - [2025-09-15T06:42:25.820+0000] {dagbag.py:540} INFO - Filling up the DagBag from /opt/airflow/dags/cleaning/day_clean.py
[2025-09-15T06:42:25.831+0000] {processor.py:842} WARNING - No viable dags retrieved from /opt/airflow/dags/cleaning/day_clean.py
[2025-09-15T06:42:25.845+0000] {processor.py:183} INFO - Processing /opt/airflow/dags/cleaning/day_clean.py took 0.033 seconds
[2025-09-15T06:42:56.304+0000] {processor.py:161} INFO - Started process (PID=2787) to work on /opt/airflow/dags/cleaning/day_clean.py
[2025-09-15T06:42:56.305+0000] {processor.py:830} INFO - Processing file /opt/airflow/dags/cleaning/day_clean.py for tasks to queue
[2025-09-15T06:42:56.307+0000] {logging_mixin.py:188} INFO - [2025-09-15T06:42:56.307+0000] {dagbag.py:540} INFO - Filling up the DagBag from /opt/airflow/dags/cleaning/day_clean.py
[2025-09-15T06:42:56.321+0000] {processor.py:842} WARNING - No viable dags retrieved from /opt/airflow/dags/cleaning/day_clean.py
[2025-09-15T06:42:56.335+0000] {processor.py:183} INFO - Processing /opt/airflow/dags/cleaning/day_clean.py took 0.036 seconds
[2025-09-15T06:43:26.814+0000] {processor.py:161} INFO - Started process (PID=2822) to work on /opt/airflow/dags/cleaning/day_clean.py
[2025-09-15T06:43:26.815+0000] {processor.py:830} INFO - Processing file /opt/airflow/dags/cleaning/day_clean.py for tasks to queue
[2025-09-15T06:43:26.817+0000] {logging_mixin.py:188} INFO - [2025-09-15T06:43:26.817+0000] {dagbag.py:540} INFO - Filling up the DagBag from /opt/airflow/dags/cleaning/day_clean.py
[2025-09-15T06:43:26.828+0000] {processor.py:842} WARNING - No viable dags retrieved from /opt/airflow/dags/cleaning/day_clean.py
[2025-09-15T06:43:26.843+0000] {processor.py:183} INFO - Processing /opt/airflow/dags/cleaning/day_clean.py took 0.035 seconds
[2025-09-15T06:43:57.253+0000] {processor.py:161} INFO - Started process (PID=2857) to work on /opt/airflow/dags/cleaning/day_clean.py
[2025-09-15T06:43:57.254+0000] {processor.py:830} INFO - Processing file /opt/airflow/dags/cleaning/day_clean.py for tasks to queue
[2025-09-15T06:43:57.256+0000] {logging_mixin.py:188} INFO - [2025-09-15T06:43:57.255+0000] {dagbag.py:540} INFO - Filling up the DagBag from /opt/airflow/dags/cleaning/day_clean.py
[2025-09-15T06:43:57.268+0000] {processor.py:842} WARNING - No viable dags retrieved from /opt/airflow/dags/cleaning/day_clean.py
[2025-09-15T06:43:57.282+0000] {processor.py:183} INFO - Processing /opt/airflow/dags/cleaning/day_clean.py took 0.035 seconds
[2025-09-15T06:44:27.871+0000] {processor.py:161} INFO - Started process (PID=2892) to work on /opt/airflow/dags/cleaning/day_clean.py
[2025-09-15T06:44:27.872+0000] {processor.py:830} INFO - Processing file /opt/airflow/dags/cleaning/day_clean.py for tasks to queue
[2025-09-15T06:44:27.874+0000] {logging_mixin.py:188} INFO - [2025-09-15T06:44:27.874+0000] {dagbag.py:540} INFO - Filling up the DagBag from /opt/airflow/dags/cleaning/day_clean.py
[2025-09-15T06:44:27.885+0000] {processor.py:842} WARNING - No viable dags retrieved from /opt/airflow/dags/cleaning/day_clean.py
[2025-09-15T06:44:27.898+0000] {processor.py:183} INFO - Processing /opt/airflow/dags/cleaning/day_clean.py took 0.032 seconds
[2025-09-15T06:44:58.470+0000] {processor.py:161} INFO - Started process (PID=2927) to work on /opt/airflow/dags/cleaning/day_clean.py
[2025-09-15T06:44:58.471+0000] {processor.py:830} INFO - Processing file /opt/airflow/dags/cleaning/day_clean.py for tasks to queue
[2025-09-15T06:44:58.474+0000] {logging_mixin.py:188} INFO - [2025-09-15T06:44:58.473+0000] {dagbag.py:540} INFO - Filling up the DagBag from /opt/airflow/dags/cleaning/day_clean.py
[2025-09-15T06:44:58.486+0000] {processor.py:842} WARNING - No viable dags retrieved from /opt/airflow/dags/cleaning/day_clean.py
[2025-09-15T06:44:58.500+0000] {processor.py:183} INFO - Processing /opt/airflow/dags/cleaning/day_clean.py took 0.035 seconds
[2025-09-15T06:45:28.997+0000] {processor.py:161} INFO - Started process (PID=2962) to work on /opt/airflow/dags/cleaning/day_clean.py
[2025-09-15T06:45:28.998+0000] {processor.py:830} INFO - Processing file /opt/airflow/dags/cleaning/day_clean.py for tasks to queue
[2025-09-15T06:45:29.000+0000] {logging_mixin.py:188} INFO - [2025-09-15T06:45:29.000+0000] {dagbag.py:540} INFO - Filling up the DagBag from /opt/airflow/dags/cleaning/day_clean.py
[2025-09-15T06:45:29.013+0000] {processor.py:842} WARNING - No viable dags retrieved from /opt/airflow/dags/cleaning/day_clean.py
[2025-09-15T06:45:29.026+0000] {processor.py:183} INFO - Processing /opt/airflow/dags/cleaning/day_clean.py took 0.035 seconds
[2025-09-15T06:45:59.596+0000] {processor.py:161} INFO - Started process (PID=2997) to work on /opt/airflow/dags/cleaning/day_clean.py
[2025-09-15T06:45:59.598+0000] {processor.py:830} INFO - Processing file /opt/airflow/dags/cleaning/day_clean.py for tasks to queue
[2025-09-15T06:45:59.600+0000] {logging_mixin.py:188} INFO - [2025-09-15T06:45:59.599+0000] {dagbag.py:540} INFO - Filling up the DagBag from /opt/airflow/dags/cleaning/day_clean.py
[2025-09-15T06:45:59.614+0000] {processor.py:842} WARNING - No viable dags retrieved from /opt/airflow/dags/cleaning/day_clean.py
[2025-09-15T06:45:59.629+0000] {processor.py:183} INFO - Processing /opt/airflow/dags/cleaning/day_clean.py took 0.038 seconds
[2025-09-15T06:46:30.174+0000] {processor.py:161} INFO - Started process (PID=3032) to work on /opt/airflow/dags/cleaning/day_clean.py
[2025-09-15T06:46:30.175+0000] {processor.py:830} INFO - Processing file /opt/airflow/dags/cleaning/day_clean.py for tasks to queue
[2025-09-15T06:46:30.177+0000] {logging_mixin.py:188} INFO - [2025-09-15T06:46:30.177+0000] {dagbag.py:540} INFO - Filling up the DagBag from /opt/airflow/dags/cleaning/day_clean.py
[2025-09-15T06:46:30.189+0000] {processor.py:842} WARNING - No viable dags retrieved from /opt/airflow/dags/cleaning/day_clean.py
[2025-09-15T06:46:30.204+0000] {processor.py:183} INFO - Processing /opt/airflow/dags/cleaning/day_clean.py took 0.035 seconds
[2025-09-15T06:47:00.882+0000] {processor.py:161} INFO - Started process (PID=3067) to work on /opt/airflow/dags/cleaning/day_clean.py
[2025-09-15T06:47:00.883+0000] {processor.py:830} INFO - Processing file /opt/airflow/dags/cleaning/day_clean.py for tasks to queue
[2025-09-15T06:47:00.884+0000] {logging_mixin.py:188} INFO - [2025-09-15T06:47:00.884+0000] {dagbag.py:540} INFO - Filling up the DagBag from /opt/airflow/dags/cleaning/day_clean.py
[2025-09-15T06:47:00.896+0000] {processor.py:842} WARNING - No viable dags retrieved from /opt/airflow/dags/cleaning/day_clean.py
[2025-09-15T06:47:00.910+0000] {processor.py:183} INFO - Processing /opt/airflow/dags/cleaning/day_clean.py took 0.034 seconds
[2025-09-15T06:53:36.861+0000] {processor.py:161} INFO - Started process (PID=3104) to work on /opt/airflow/dags/cleaning/day_clean.py
[2025-09-15T06:53:36.871+0000] {processor.py:830} INFO - Processing file /opt/airflow/dags/cleaning/day_clean.py for tasks to queue
[2025-09-15T06:53:36.889+0000] {logging_mixin.py:188} INFO - [2025-09-15T06:53:36.881+0000] {dagbag.py:540} INFO - Filling up the DagBag from /opt/airflow/dags/cleaning/day_clean.py
[2025-09-15T06:53:37.077+0000] {processor.py:842} WARNING - No viable dags retrieved from /opt/airflow/dags/cleaning/day_clean.py
[2025-09-15T06:53:37.151+0000] {processor.py:183} INFO - Processing /opt/airflow/dags/cleaning/day_clean.py took 0.328 seconds
[2025-09-15T06:54:07.364+0000] {processor.py:161} INFO - Started process (PID=3139) to work on /opt/airflow/dags/cleaning/day_clean.py
[2025-09-15T06:54:07.365+0000] {processor.py:830} INFO - Processing file /opt/airflow/dags/cleaning/day_clean.py for tasks to queue
[2025-09-15T06:54:07.366+0000] {logging_mixin.py:188} INFO - [2025-09-15T06:54:07.366+0000] {dagbag.py:540} INFO - Filling up the DagBag from /opt/airflow/dags/cleaning/day_clean.py
[2025-09-15T06:54:07.378+0000] {processor.py:842} WARNING - No viable dags retrieved from /opt/airflow/dags/cleaning/day_clean.py
[2025-09-15T06:54:07.393+0000] {processor.py:183} INFO - Processing /opt/airflow/dags/cleaning/day_clean.py took 0.033 seconds
[2025-09-15T06:54:38.095+0000] {processor.py:161} INFO - Started process (PID=3177) to work on /opt/airflow/dags/cleaning/day_clean.py
[2025-09-15T06:54:38.096+0000] {processor.py:830} INFO - Processing file /opt/airflow/dags/cleaning/day_clean.py for tasks to queue
[2025-09-15T06:54:38.097+0000] {logging_mixin.py:188} INFO - [2025-09-15T06:54:38.096+0000] {dagbag.py:540} INFO - Filling up the DagBag from /opt/airflow/dags/cleaning/day_clean.py
[2025-09-15T06:54:38.109+0000] {processor.py:842} WARNING - No viable dags retrieved from /opt/airflow/dags/cleaning/day_clean.py
[2025-09-15T06:54:38.125+0000] {processor.py:183} INFO - Processing /opt/airflow/dags/cleaning/day_clean.py took 0.036 seconds
[2025-09-15T06:55:07.863+0000] {processor.py:161} INFO - Started process (PID=3212) to work on /opt/airflow/dags/cleaning/day_clean.py
[2025-09-15T06:55:07.865+0000] {processor.py:830} INFO - Processing file /opt/airflow/dags/cleaning/day_clean.py for tasks to queue
[2025-09-15T06:55:07.865+0000] {logging_mixin.py:188} INFO - [2025-09-15T06:55:07.865+0000] {dagbag.py:540} INFO - Filling up the DagBag from /opt/airflow/dags/cleaning/day_clean.py
[2025-09-15T06:55:07.880+0000] {processor.py:842} WARNING - No viable dags retrieved from /opt/airflow/dags/cleaning/day_clean.py
[2025-09-15T06:55:07.895+0000] {processor.py:183} INFO - Processing /opt/airflow/dags/cleaning/day_clean.py took 0.037 seconds
[2025-09-15T06:55:38.877+0000] {processor.py:161} INFO - Started process (PID=3247) to work on /opt/airflow/dags/cleaning/day_clean.py
[2025-09-15T06:55:38.878+0000] {processor.py:830} INFO - Processing file /opt/airflow/dags/cleaning/day_clean.py for tasks to queue
[2025-09-15T06:55:38.879+0000] {logging_mixin.py:188} INFO - [2025-09-15T06:55:38.879+0000] {dagbag.py:540} INFO - Filling up the DagBag from /opt/airflow/dags/cleaning/day_clean.py
[2025-09-15T06:55:38.891+0000] {processor.py:842} WARNING - No viable dags retrieved from /opt/airflow/dags/cleaning/day_clean.py
[2025-09-15T06:55:38.905+0000] {processor.py:183} INFO - Processing /opt/airflow/dags/cleaning/day_clean.py took 0.034 seconds
[2025-09-15T06:56:09.608+0000] {processor.py:161} INFO - Started process (PID=3282) to work on /opt/airflow/dags/cleaning/day_clean.py
[2025-09-15T06:56:09.609+0000] {processor.py:830} INFO - Processing file /opt/airflow/dags/cleaning/day_clean.py for tasks to queue
[2025-09-15T06:56:09.610+0000] {logging_mixin.py:188} INFO - [2025-09-15T06:56:09.610+0000] {dagbag.py:540} INFO - Filling up the DagBag from /opt/airflow/dags/cleaning/day_clean.py
[2025-09-15T06:56:09.623+0000] {processor.py:842} WARNING - No viable dags retrieved from /opt/airflow/dags/cleaning/day_clean.py
[2025-09-15T06:56:09.637+0000] {processor.py:183} INFO - Processing /opt/airflow/dags/cleaning/day_clean.py took 0.034 seconds
[2025-09-15T06:56:40.632+0000] {processor.py:161} INFO - Started process (PID=3317) to work on /opt/airflow/dags/cleaning/day_clean.py
[2025-09-15T06:56:40.633+0000] {processor.py:830} INFO - Processing file /opt/airflow/dags/cleaning/day_clean.py for tasks to queue
[2025-09-15T06:56:40.634+0000] {logging_mixin.py:188} INFO - [2025-09-15T06:56:40.634+0000] {dagbag.py:540} INFO - Filling up the DagBag from /opt/airflow/dags/cleaning/day_clean.py
[2025-09-15T06:56:40.648+0000] {processor.py:842} WARNING - No viable dags retrieved from /opt/airflow/dags/cleaning/day_clean.py
[2025-09-15T06:56:40.662+0000] {processor.py:183} INFO - Processing /opt/airflow/dags/cleaning/day_clean.py took 0.035 seconds
[2025-09-15T06:57:11.368+0000] {processor.py:161} INFO - Started process (PID=3352) to work on /opt/airflow/dags/cleaning/day_clean.py
[2025-09-15T06:57:11.369+0000] {processor.py:830} INFO - Processing file /opt/airflow/dags/cleaning/day_clean.py for tasks to queue
[2025-09-15T06:57:11.370+0000] {logging_mixin.py:188} INFO - [2025-09-15T06:57:11.370+0000] {dagbag.py:540} INFO - Filling up the DagBag from /opt/airflow/dags/cleaning/day_clean.py
[2025-09-15T06:57:11.384+0000] {processor.py:842} WARNING - No viable dags retrieved from /opt/airflow/dags/cleaning/day_clean.py
[2025-09-15T06:57:11.399+0000] {processor.py:183} INFO - Processing /opt/airflow/dags/cleaning/day_clean.py took 0.036 seconds
[2025-09-15T06:57:42.251+0000] {processor.py:161} INFO - Started process (PID=3387) to work on /opt/airflow/dags/cleaning/day_clean.py
[2025-09-15T06:57:42.252+0000] {processor.py:830} INFO - Processing file /opt/airflow/dags/cleaning/day_clean.py for tasks to queue
[2025-09-15T06:57:42.253+0000] {logging_mixin.py:188} INFO - [2025-09-15T06:57:42.253+0000] {dagbag.py:540} INFO - Filling up the DagBag from /opt/airflow/dags/cleaning/day_clean.py
[2025-09-15T06:57:42.266+0000] {processor.py:842} WARNING - No viable dags retrieved from /opt/airflow/dags/cleaning/day_clean.py
[2025-09-15T06:57:42.324+0000] {processor.py:183} INFO - Processing /opt/airflow/dags/cleaning/day_clean.py took 0.078 seconds
[2025-09-15T06:58:12.443+0000] {processor.py:161} INFO - Started process (PID=3422) to work on /opt/airflow/dags/cleaning/day_clean.py
[2025-09-15T06:58:12.446+0000] {processor.py:830} INFO - Processing file /opt/airflow/dags/cleaning/day_clean.py for tasks to queue
[2025-09-15T06:58:12.447+0000] {logging_mixin.py:188} INFO - [2025-09-15T06:58:12.447+0000] {dagbag.py:540} INFO - Filling up the DagBag from /opt/airflow/dags/cleaning/day_clean.py
[2025-09-15T06:58:12.466+0000] {processor.py:842} WARNING - No viable dags retrieved from /opt/airflow/dags/cleaning/day_clean.py
[2025-09-15T06:58:12.491+0000] {processor.py:183} INFO - Processing /opt/airflow/dags/cleaning/day_clean.py took 0.058 seconds
[2025-09-15T06:58:43.138+0000] {processor.py:161} INFO - Started process (PID=3457) to work on /opt/airflow/dags/cleaning/day_clean.py
[2025-09-15T06:58:43.139+0000] {processor.py:830} INFO - Processing file /opt/airflow/dags/cleaning/day_clean.py for tasks to queue
[2025-09-15T06:58:43.140+0000] {logging_mixin.py:188} INFO - [2025-09-15T06:58:43.140+0000] {dagbag.py:540} INFO - Filling up the DagBag from /opt/airflow/dags/cleaning/day_clean.py
[2025-09-15T06:58:43.153+0000] {processor.py:842} WARNING - No viable dags retrieved from /opt/airflow/dags/cleaning/day_clean.py
[2025-09-15T06:58:43.167+0000] {processor.py:183} INFO - Processing /opt/airflow/dags/cleaning/day_clean.py took 0.034 seconds
[2025-09-15T06:59:13.749+0000] {processor.py:161} INFO - Started process (PID=3492) to work on /opt/airflow/dags/cleaning/day_clean.py
[2025-09-15T06:59:13.751+0000] {processor.py:830} INFO - Processing file /opt/airflow/dags/cleaning/day_clean.py for tasks to queue
[2025-09-15T06:59:13.752+0000] {logging_mixin.py:188} INFO - [2025-09-15T06:59:13.751+0000] {dagbag.py:540} INFO - Filling up the DagBag from /opt/airflow/dags/cleaning/day_clean.py
[2025-09-15T06:59:13.766+0000] {processor.py:842} WARNING - No viable dags retrieved from /opt/airflow/dags/cleaning/day_clean.py
[2025-09-15T06:59:13.780+0000] {processor.py:183} INFO - Processing /opt/airflow/dags/cleaning/day_clean.py took 0.036 seconds
[2025-09-15T06:59:44.709+0000] {processor.py:161} INFO - Started process (PID=3527) to work on /opt/airflow/dags/cleaning/day_clean.py
[2025-09-15T06:59:44.715+0000] {processor.py:830} INFO - Processing file /opt/airflow/dags/cleaning/day_clean.py for tasks to queue
[2025-09-15T06:59:44.736+0000] {logging_mixin.py:188} INFO - [2025-09-15T06:59:44.736+0000] {dagbag.py:540} INFO - Filling up the DagBag from /opt/airflow/dags/cleaning/day_clean.py
[2025-09-15T06:59:44.754+0000] {processor.py:842} WARNING - No viable dags retrieved from /opt/airflow/dags/cleaning/day_clean.py
[2025-09-15T06:59:44.775+0000] {processor.py:183} INFO - Processing /opt/airflow/dags/cleaning/day_clean.py took 0.072 seconds
[2025-09-15T07:00:15.326+0000] {processor.py:161} INFO - Started process (PID=3562) to work on /opt/airflow/dags/cleaning/day_clean.py
[2025-09-15T07:00:15.328+0000] {processor.py:830} INFO - Processing file /opt/airflow/dags/cleaning/day_clean.py for tasks to queue
[2025-09-15T07:00:15.328+0000] {logging_mixin.py:188} INFO - [2025-09-15T07:00:15.328+0000] {dagbag.py:540} INFO - Filling up the DagBag from /opt/airflow/dags/cleaning/day_clean.py
[2025-09-15T07:00:15.344+0000] {processor.py:842} WARNING - No viable dags retrieved from /opt/airflow/dags/cleaning/day_clean.py
[2025-09-15T07:00:15.358+0000] {processor.py:183} INFO - Processing /opt/airflow/dags/cleaning/day_clean.py took 0.037 seconds
[2025-09-15T07:00:46.164+0000] {processor.py:161} INFO - Started process (PID=3597) to work on /opt/airflow/dags/cleaning/day_clean.py
[2025-09-15T07:00:46.165+0000] {processor.py:830} INFO - Processing file /opt/airflow/dags/cleaning/day_clean.py for tasks to queue
[2025-09-15T07:00:46.166+0000] {logging_mixin.py:188} INFO - [2025-09-15T07:00:46.166+0000] {dagbag.py:540} INFO - Filling up the DagBag from /opt/airflow/dags/cleaning/day_clean.py
[2025-09-15T07:00:46.180+0000] {processor.py:842} WARNING - No viable dags retrieved from /opt/airflow/dags/cleaning/day_clean.py
[2025-09-15T07:00:46.196+0000] {processor.py:183} INFO - Processing /opt/airflow/dags/cleaning/day_clean.py took 0.038 seconds
[2025-09-15T07:01:16.928+0000] {processor.py:161} INFO - Started process (PID=3632) to work on /opt/airflow/dags/cleaning/day_clean.py
[2025-09-15T07:01:16.930+0000] {processor.py:830} INFO - Processing file /opt/airflow/dags/cleaning/day_clean.py for tasks to queue
[2025-09-15T07:01:16.931+0000] {logging_mixin.py:188} INFO - [2025-09-15T07:01:16.931+0000] {dagbag.py:540} INFO - Filling up the DagBag from /opt/airflow/dags/cleaning/day_clean.py
[2025-09-15T07:01:16.946+0000] {processor.py:842} WARNING - No viable dags retrieved from /opt/airflow/dags/cleaning/day_clean.py
[2025-09-15T07:01:16.961+0000] {processor.py:183} INFO - Processing /opt/airflow/dags/cleaning/day_clean.py took 0.039 seconds
[2025-09-15T07:01:47.801+0000] {processor.py:161} INFO - Started process (PID=3667) to work on /opt/airflow/dags/cleaning/day_clean.py
[2025-09-15T07:01:47.802+0000] {processor.py:830} INFO - Processing file /opt/airflow/dags/cleaning/day_clean.py for tasks to queue
[2025-09-15T07:01:47.803+0000] {logging_mixin.py:188} INFO - [2025-09-15T07:01:47.802+0000] {dagbag.py:540} INFO - Filling up the DagBag from /opt/airflow/dags/cleaning/day_clean.py
[2025-09-15T07:01:47.816+0000] {processor.py:842} WARNING - No viable dags retrieved from /opt/airflow/dags/cleaning/day_clean.py
[2025-09-15T07:01:47.829+0000] {processor.py:183} INFO - Processing /opt/airflow/dags/cleaning/day_clean.py took 0.033 seconds
[2025-09-15T07:02:18.641+0000] {processor.py:161} INFO - Started process (PID=3702) to work on /opt/airflow/dags/cleaning/day_clean.py
[2025-09-15T07:02:18.643+0000] {processor.py:830} INFO - Processing file /opt/airflow/dags/cleaning/day_clean.py for tasks to queue
[2025-09-15T07:02:18.643+0000] {logging_mixin.py:188} INFO - [2025-09-15T07:02:18.643+0000] {dagbag.py:540} INFO - Filling up the DagBag from /opt/airflow/dags/cleaning/day_clean.py
[2025-09-15T07:02:18.658+0000] {processor.py:842} WARNING - No viable dags retrieved from /opt/airflow/dags/cleaning/day_clean.py
[2025-09-15T07:02:18.674+0000] {processor.py:183} INFO - Processing /opt/airflow/dags/cleaning/day_clean.py took 0.038 seconds
[2025-09-15T07:02:49.535+0000] {processor.py:161} INFO - Started process (PID=3737) to work on /opt/airflow/dags/cleaning/day_clean.py
[2025-09-15T07:02:49.536+0000] {processor.py:830} INFO - Processing file /opt/airflow/dags/cleaning/day_clean.py for tasks to queue
[2025-09-15T07:02:49.537+0000] {logging_mixin.py:188} INFO - [2025-09-15T07:02:49.537+0000] {dagbag.py:540} INFO - Filling up the DagBag from /opt/airflow/dags/cleaning/day_clean.py
[2025-09-15T07:02:49.549+0000] {processor.py:842} WARNING - No viable dags retrieved from /opt/airflow/dags/cleaning/day_clean.py
[2025-09-15T07:02:49.564+0000] {processor.py:183} INFO - Processing /opt/airflow/dags/cleaning/day_clean.py took 0.035 seconds
[2025-09-15T07:03:20.157+0000] {processor.py:161} INFO - Started process (PID=3772) to work on /opt/airflow/dags/cleaning/day_clean.py
[2025-09-15T07:03:20.158+0000] {processor.py:830} INFO - Processing file /opt/airflow/dags/cleaning/day_clean.py for tasks to queue
[2025-09-15T07:03:20.159+0000] {logging_mixin.py:188} INFO - [2025-09-15T07:03:20.159+0000] {dagbag.py:540} INFO - Filling up the DagBag from /opt/airflow/dags/cleaning/day_clean.py
[2025-09-15T07:03:20.173+0000] {processor.py:842} WARNING - No viable dags retrieved from /opt/airflow/dags/cleaning/day_clean.py
[2025-09-15T07:03:20.187+0000] {processor.py:183} INFO - Processing /opt/airflow/dags/cleaning/day_clean.py took 0.035 seconds
[2025-09-15T07:03:50.651+0000] {processor.py:161} INFO - Started process (PID=3807) to work on /opt/airflow/dags/cleaning/day_clean.py
[2025-09-15T07:03:50.653+0000] {processor.py:830} INFO - Processing file /opt/airflow/dags/cleaning/day_clean.py for tasks to queue
[2025-09-15T07:03:50.653+0000] {logging_mixin.py:188} INFO - [2025-09-15T07:03:50.653+0000] {dagbag.py:540} INFO - Filling up the DagBag from /opt/airflow/dags/cleaning/day_clean.py
[2025-09-15T07:03:50.689+0000] {processor.py:842} WARNING - No viable dags retrieved from /opt/airflow/dags/cleaning/day_clean.py
[2025-09-15T07:03:50.703+0000] {processor.py:183} INFO - Processing /opt/airflow/dags/cleaning/day_clean.py took 0.057 seconds
[2025-09-15T07:04:21.458+0000] {processor.py:161} INFO - Started process (PID=3842) to work on /opt/airflow/dags/cleaning/day_clean.py
[2025-09-15T07:04:21.460+0000] {processor.py:830} INFO - Processing file /opt/airflow/dags/cleaning/day_clean.py for tasks to queue
[2025-09-15T07:04:21.461+0000] {logging_mixin.py:188} INFO - [2025-09-15T07:04:21.460+0000] {dagbag.py:540} INFO - Filling up the DagBag from /opt/airflow/dags/cleaning/day_clean.py
[2025-09-15T07:04:21.475+0000] {processor.py:842} WARNING - No viable dags retrieved from /opt/airflow/dags/cleaning/day_clean.py
[2025-09-15T07:04:21.489+0000] {processor.py:183} INFO - Processing /opt/airflow/dags/cleaning/day_clean.py took 0.036 seconds
[2025-09-15T07:04:52.184+0000] {processor.py:161} INFO - Started process (PID=3877) to work on /opt/airflow/dags/cleaning/day_clean.py
[2025-09-15T07:04:52.185+0000] {processor.py:830} INFO - Processing file /opt/airflow/dags/cleaning/day_clean.py for tasks to queue
[2025-09-15T07:04:52.186+0000] {logging_mixin.py:188} INFO - [2025-09-15T07:04:52.186+0000] {dagbag.py:540} INFO - Filling up the DagBag from /opt/airflow/dags/cleaning/day_clean.py
[2025-09-15T07:04:52.199+0000] {processor.py:842} WARNING - No viable dags retrieved from /opt/airflow/dags/cleaning/day_clean.py
[2025-09-15T07:04:52.213+0000] {processor.py:183} INFO - Processing /opt/airflow/dags/cleaning/day_clean.py took 0.034 seconds
[2025-09-15T07:05:22.781+0000] {processor.py:161} INFO - Started process (PID=3912) to work on /opt/airflow/dags/cleaning/day_clean.py
[2025-09-15T07:05:22.783+0000] {processor.py:830} INFO - Processing file /opt/airflow/dags/cleaning/day_clean.py for tasks to queue
[2025-09-15T07:05:22.784+0000] {logging_mixin.py:188} INFO - [2025-09-15T07:05:22.783+0000] {dagbag.py:540} INFO - Filling up the DagBag from /opt/airflow/dags/cleaning/day_clean.py
[2025-09-15T07:05:22.798+0000] {processor.py:842} WARNING - No viable dags retrieved from /opt/airflow/dags/cleaning/day_clean.py
[2025-09-15T07:05:22.811+0000] {processor.py:183} INFO - Processing /opt/airflow/dags/cleaning/day_clean.py took 0.036 seconds
[2025-09-15T07:05:53.315+0000] {processor.py:161} INFO - Started process (PID=3947) to work on /opt/airflow/dags/cleaning/day_clean.py
[2025-09-15T07:05:53.316+0000] {processor.py:830} INFO - Processing file /opt/airflow/dags/cleaning/day_clean.py for tasks to queue
[2025-09-15T07:05:53.317+0000] {logging_mixin.py:188} INFO - [2025-09-15T07:05:53.317+0000] {dagbag.py:540} INFO - Filling up the DagBag from /opt/airflow/dags/cleaning/day_clean.py
[2025-09-15T07:05:53.329+0000] {processor.py:842} WARNING - No viable dags retrieved from /opt/airflow/dags/cleaning/day_clean.py
[2025-09-15T07:05:53.344+0000] {processor.py:183} INFO - Processing /opt/airflow/dags/cleaning/day_clean.py took 0.033 seconds
[2025-09-15T07:06:23.935+0000] {processor.py:161} INFO - Started process (PID=3982) to work on /opt/airflow/dags/cleaning/day_clean.py
[2025-09-15T07:06:23.937+0000] {processor.py:830} INFO - Processing file /opt/airflow/dags/cleaning/day_clean.py for tasks to queue
[2025-09-15T07:06:23.938+0000] {logging_mixin.py:188} INFO - [2025-09-15T07:06:23.937+0000] {dagbag.py:540} INFO - Filling up the DagBag from /opt/airflow/dags/cleaning/day_clean.py
[2025-09-15T07:06:23.953+0000] {processor.py:842} WARNING - No viable dags retrieved from /opt/airflow/dags/cleaning/day_clean.py
[2025-09-15T07:06:23.969+0000] {processor.py:183} INFO - Processing /opt/airflow/dags/cleaning/day_clean.py took 0.039 seconds
[2025-09-15T07:06:54.216+0000] {processor.py:161} INFO - Started process (PID=4017) to work on /opt/airflow/dags/cleaning/day_clean.py
[2025-09-15T07:06:54.218+0000] {processor.py:830} INFO - Processing file /opt/airflow/dags/cleaning/day_clean.py for tasks to queue
[2025-09-15T07:06:54.218+0000] {logging_mixin.py:188} INFO - [2025-09-15T07:06:54.218+0000] {dagbag.py:540} INFO - Filling up the DagBag from /opt/airflow/dags/cleaning/day_clean.py
[2025-09-15T07:06:54.235+0000] {processor.py:842} WARNING - No viable dags retrieved from /opt/airflow/dags/cleaning/day_clean.py
[2025-09-15T07:06:54.249+0000] {processor.py:183} INFO - Processing /opt/airflow/dags/cleaning/day_clean.py took 0.038 seconds
[2025-09-15T07:07:24.770+0000] {processor.py:161} INFO - Started process (PID=4052) to work on /opt/airflow/dags/cleaning/day_clean.py
[2025-09-15T07:07:24.772+0000] {processor.py:830} INFO - Processing file /opt/airflow/dags/cleaning/day_clean.py for tasks to queue
[2025-09-15T07:07:24.773+0000] {logging_mixin.py:188} INFO - [2025-09-15T07:07:24.772+0000] {dagbag.py:540} INFO - Filling up the DagBag from /opt/airflow/dags/cleaning/day_clean.py
[2025-09-15T07:07:24.785+0000] {processor.py:842} WARNING - No viable dags retrieved from /opt/airflow/dags/cleaning/day_clean.py
[2025-09-15T07:07:24.800+0000] {processor.py:183} INFO - Processing /opt/airflow/dags/cleaning/day_clean.py took 0.035 seconds
[2025-09-15T07:07:55.374+0000] {processor.py:161} INFO - Started process (PID=4087) to work on /opt/airflow/dags/cleaning/day_clean.py
[2025-09-15T07:07:55.375+0000] {processor.py:830} INFO - Processing file /opt/airflow/dags/cleaning/day_clean.py for tasks to queue
[2025-09-15T07:07:55.376+0000] {logging_mixin.py:188} INFO - [2025-09-15T07:07:55.376+0000] {dagbag.py:540} INFO - Filling up the DagBag from /opt/airflow/dags/cleaning/day_clean.py
[2025-09-15T07:07:55.391+0000] {processor.py:842} WARNING - No viable dags retrieved from /opt/airflow/dags/cleaning/day_clean.py
[2025-09-15T07:07:55.405+0000] {processor.py:183} INFO - Processing /opt/airflow/dags/cleaning/day_clean.py took 0.036 seconds
[2025-09-15T07:38:50.042+0000] {processor.py:161} INFO - Started process (PID=4128) to work on /opt/airflow/dags/cleaning/day_clean.py
[2025-09-15T07:38:50.047+0000] {processor.py:830} INFO - Processing file /opt/airflow/dags/cleaning/day_clean.py for tasks to queue
[2025-09-15T07:38:50.060+0000] {logging_mixin.py:188} INFO - [2025-09-15T07:38:50.059+0000] {dagbag.py:540} INFO - Filling up the DagBag from /opt/airflow/dags/cleaning/day_clean.py
[2025-09-15T07:38:50.454+0000] {processor.py:842} WARNING - No viable dags retrieved from /opt/airflow/dags/cleaning/day_clean.py
[2025-09-15T07:38:50.563+0000] {processor.py:183} INFO - Processing /opt/airflow/dags/cleaning/day_clean.py took 0.540 seconds
[2025-09-15T07:39:20.876+0000] {processor.py:161} INFO - Started process (PID=4163) to work on /opt/airflow/dags/cleaning/day_clean.py
[2025-09-15T07:39:20.877+0000] {processor.py:830} INFO - Processing file /opt/airflow/dags/cleaning/day_clean.py for tasks to queue
[2025-09-15T07:39:20.878+0000] {logging_mixin.py:188} INFO - [2025-09-15T07:39:20.878+0000] {dagbag.py:540} INFO - Filling up the DagBag from /opt/airflow/dags/cleaning/day_clean.py
[2025-09-15T07:39:20.895+0000] {processor.py:842} WARNING - No viable dags retrieved from /opt/airflow/dags/cleaning/day_clean.py
[2025-09-15T07:39:20.912+0000] {processor.py:183} INFO - Processing /opt/airflow/dags/cleaning/day_clean.py took 0.046 seconds
[2025-09-15T07:39:51.438+0000] {processor.py:161} INFO - Started process (PID=4200) to work on /opt/airflow/dags/cleaning/day_clean.py
[2025-09-15T07:39:51.439+0000] {processor.py:830} INFO - Processing file /opt/airflow/dags/cleaning/day_clean.py for tasks to queue
[2025-09-15T07:39:51.440+0000] {logging_mixin.py:188} INFO - [2025-09-15T07:39:51.440+0000] {dagbag.py:540} INFO - Filling up the DagBag from /opt/airflow/dags/cleaning/day_clean.py
[2025-09-15T07:39:51.454+0000] {processor.py:842} WARNING - No viable dags retrieved from /opt/airflow/dags/cleaning/day_clean.py
[2025-09-15T07:39:51.472+0000] {processor.py:183} INFO - Processing /opt/airflow/dags/cleaning/day_clean.py took 0.040 seconds
[2025-09-15T07:40:22.152+0000] {processor.py:161} INFO - Started process (PID=4235) to work on /opt/airflow/dags/cleaning/day_clean.py
[2025-09-15T07:40:22.154+0000] {processor.py:830} INFO - Processing file /opt/airflow/dags/cleaning/day_clean.py for tasks to queue
[2025-09-15T07:40:22.154+0000] {logging_mixin.py:188} INFO - [2025-09-15T07:40:22.154+0000] {dagbag.py:540} INFO - Filling up the DagBag from /opt/airflow/dags/cleaning/day_clean.py
[2025-09-15T07:40:22.165+0000] {processor.py:842} WARNING - No viable dags retrieved from /opt/airflow/dags/cleaning/day_clean.py
[2025-09-15T07:40:22.180+0000] {processor.py:183} INFO - Processing /opt/airflow/dags/cleaning/day_clean.py took 0.033 seconds
[2025-09-15T07:40:52.715+0000] {processor.py:161} INFO - Started process (PID=4270) to work on /opt/airflow/dags/cleaning/day_clean.py
[2025-09-15T07:40:52.716+0000] {processor.py:830} INFO - Processing file /opt/airflow/dags/cleaning/day_clean.py for tasks to queue
[2025-09-15T07:40:52.717+0000] {logging_mixin.py:188} INFO - [2025-09-15T07:40:52.717+0000] {dagbag.py:540} INFO - Filling up the DagBag from /opt/airflow/dags/cleaning/day_clean.py
[2025-09-15T07:40:52.728+0000] {processor.py:842} WARNING - No viable dags retrieved from /opt/airflow/dags/cleaning/day_clean.py
[2025-09-15T07:40:52.743+0000] {processor.py:183} INFO - Processing /opt/airflow/dags/cleaning/day_clean.py took 0.034 seconds
[2025-09-15T07:41:23.373+0000] {processor.py:161} INFO - Started process (PID=4305) to work on /opt/airflow/dags/cleaning/day_clean.py
[2025-09-15T07:41:23.374+0000] {processor.py:830} INFO - Processing file /opt/airflow/dags/cleaning/day_clean.py for tasks to queue
[2025-09-15T07:41:23.375+0000] {logging_mixin.py:188} INFO - [2025-09-15T07:41:23.375+0000] {dagbag.py:540} INFO - Filling up the DagBag from /opt/airflow/dags/cleaning/day_clean.py
[2025-09-15T07:41:23.386+0000] {processor.py:842} WARNING - No viable dags retrieved from /opt/airflow/dags/cleaning/day_clean.py
[2025-09-15T07:41:23.400+0000] {processor.py:183} INFO - Processing /opt/airflow/dags/cleaning/day_clean.py took 0.033 seconds
[2025-09-15T07:41:54.107+0000] {processor.py:161} INFO - Started process (PID=4340) to work on /opt/airflow/dags/cleaning/day_clean.py
[2025-09-15T07:41:54.109+0000] {processor.py:830} INFO - Processing file /opt/airflow/dags/cleaning/day_clean.py for tasks to queue
[2025-09-15T07:41:54.110+0000] {logging_mixin.py:188} INFO - [2025-09-15T07:41:54.110+0000] {dagbag.py:540} INFO - Filling up the DagBag from /opt/airflow/dags/cleaning/day_clean.py
[2025-09-15T07:41:54.126+0000] {processor.py:842} WARNING - No viable dags retrieved from /opt/airflow/dags/cleaning/day_clean.py
[2025-09-15T07:41:54.144+0000] {processor.py:183} INFO - Processing /opt/airflow/dags/cleaning/day_clean.py took 0.043 seconds
[2025-09-15T07:42:24.716+0000] {processor.py:161} INFO - Started process (PID=4375) to work on /opt/airflow/dags/cleaning/day_clean.py
[2025-09-15T07:42:24.717+0000] {processor.py:830} INFO - Processing file /opt/airflow/dags/cleaning/day_clean.py for tasks to queue
[2025-09-15T07:42:24.718+0000] {logging_mixin.py:188} INFO - [2025-09-15T07:42:24.718+0000] {dagbag.py:540} INFO - Filling up the DagBag from /opt/airflow/dags/cleaning/day_clean.py
[2025-09-15T07:42:24.730+0000] {processor.py:842} WARNING - No viable dags retrieved from /opt/airflow/dags/cleaning/day_clean.py
[2025-09-15T07:42:24.745+0000] {processor.py:183} INFO - Processing /opt/airflow/dags/cleaning/day_clean.py took 0.035 seconds
[2025-09-15T07:42:55.362+0000] {processor.py:161} INFO - Started process (PID=4410) to work on /opt/airflow/dags/cleaning/day_clean.py
[2025-09-15T07:42:55.363+0000] {processor.py:830} INFO - Processing file /opt/airflow/dags/cleaning/day_clean.py for tasks to queue
[2025-09-15T07:42:55.364+0000] {logging_mixin.py:188} INFO - [2025-09-15T07:42:55.363+0000] {dagbag.py:540} INFO - Filling up the DagBag from /opt/airflow/dags/cleaning/day_clean.py
[2025-09-15T07:42:55.375+0000] {processor.py:842} WARNING - No viable dags retrieved from /opt/airflow/dags/cleaning/day_clean.py
[2025-09-15T07:42:55.390+0000] {processor.py:183} INFO - Processing /opt/airflow/dags/cleaning/day_clean.py took 0.033 seconds
[2025-09-15T07:43:26.103+0000] {processor.py:161} INFO - Started process (PID=4445) to work on /opt/airflow/dags/cleaning/day_clean.py
[2025-09-15T07:43:26.104+0000] {processor.py:830} INFO - Processing file /opt/airflow/dags/cleaning/day_clean.py for tasks to queue
[2025-09-15T07:43:26.105+0000] {logging_mixin.py:188} INFO - [2025-09-15T07:43:26.105+0000] {dagbag.py:540} INFO - Filling up the DagBag from /opt/airflow/dags/cleaning/day_clean.py
[2025-09-15T07:43:26.121+0000] {processor.py:842} WARNING - No viable dags retrieved from /opt/airflow/dags/cleaning/day_clean.py
[2025-09-15T07:43:26.138+0000] {processor.py:183} INFO - Processing /opt/airflow/dags/cleaning/day_clean.py took 0.042 seconds
[2025-09-15T07:43:56.819+0000] {processor.py:161} INFO - Started process (PID=4480) to work on /opt/airflow/dags/cleaning/day_clean.py
[2025-09-15T07:43:56.820+0000] {processor.py:830} INFO - Processing file /opt/airflow/dags/cleaning/day_clean.py for tasks to queue
[2025-09-15T07:43:56.821+0000] {logging_mixin.py:188} INFO - [2025-09-15T07:43:56.821+0000] {dagbag.py:540} INFO - Filling up the DagBag from /opt/airflow/dags/cleaning/day_clean.py
[2025-09-15T07:43:56.834+0000] {processor.py:842} WARNING - No viable dags retrieved from /opt/airflow/dags/cleaning/day_clean.py
[2025-09-15T07:43:56.851+0000] {processor.py:183} INFO - Processing /opt/airflow/dags/cleaning/day_clean.py took 0.038 seconds
[2025-09-15T07:44:27.697+0000] {processor.py:161} INFO - Started process (PID=4515) to work on /opt/airflow/dags/cleaning/day_clean.py
[2025-09-15T07:44:27.698+0000] {processor.py:830} INFO - Processing file /opt/airflow/dags/cleaning/day_clean.py for tasks to queue
[2025-09-15T07:44:27.699+0000] {logging_mixin.py:188} INFO - [2025-09-15T07:44:27.699+0000] {dagbag.py:540} INFO - Filling up the DagBag from /opt/airflow/dags/cleaning/day_clean.py
[2025-09-15T07:44:27.718+0000] {processor.py:842} WARNING - No viable dags retrieved from /opt/airflow/dags/cleaning/day_clean.py
[2025-09-15T07:44:27.737+0000] {processor.py:183} INFO - Processing /opt/airflow/dags/cleaning/day_clean.py took 0.046 seconds
[2025-09-15T07:44:59.017+0000] {processor.py:161} INFO - Started process (PID=4550) to work on /opt/airflow/dags/cleaning/day_clean.py
[2025-09-15T07:44:59.021+0000] {processor.py:830} INFO - Processing file /opt/airflow/dags/cleaning/day_clean.py for tasks to queue
[2025-09-15T07:44:59.023+0000] {logging_mixin.py:188} INFO - [2025-09-15T07:44:59.023+0000] {dagbag.py:540} INFO - Filling up the DagBag from /opt/airflow/dags/cleaning/day_clean.py
[2025-09-15T07:44:59.055+0000] {processor.py:842} WARNING - No viable dags retrieved from /opt/airflow/dags/cleaning/day_clean.py
[2025-09-15T07:44:59.103+0000] {processor.py:183} INFO - Processing /opt/airflow/dags/cleaning/day_clean.py took 0.097 seconds
[2025-09-15T07:45:29.988+0000] {processor.py:161} INFO - Started process (PID=4585) to work on /opt/airflow/dags/cleaning/day_clean.py
[2025-09-15T07:45:29.989+0000] {processor.py:830} INFO - Processing file /opt/airflow/dags/cleaning/day_clean.py for tasks to queue
[2025-09-15T07:45:29.990+0000] {logging_mixin.py:188} INFO - [2025-09-15T07:45:29.990+0000] {dagbag.py:540} INFO - Filling up the DagBag from /opt/airflow/dags/cleaning/day_clean.py
[2025-09-15T07:45:30.003+0000] {processor.py:842} WARNING - No viable dags retrieved from /opt/airflow/dags/cleaning/day_clean.py
[2025-09-15T07:45:30.027+0000] {processor.py:183} INFO - Processing /opt/airflow/dags/cleaning/day_clean.py took 0.045 seconds
[2025-09-15T07:46:00.964+0000] {processor.py:161} INFO - Started process (PID=4620) to work on /opt/airflow/dags/cleaning/day_clean.py
[2025-09-15T07:46:00.965+0000] {processor.py:830} INFO - Processing file /opt/airflow/dags/cleaning/day_clean.py for tasks to queue
[2025-09-15T07:46:00.966+0000] {logging_mixin.py:188} INFO - [2025-09-15T07:46:00.966+0000] {dagbag.py:540} INFO - Filling up the DagBag from /opt/airflow/dags/cleaning/day_clean.py
[2025-09-15T07:46:00.980+0000] {processor.py:842} WARNING - No viable dags retrieved from /opt/airflow/dags/cleaning/day_clean.py
[2025-09-15T07:46:00.995+0000] {processor.py:183} INFO - Processing /opt/airflow/dags/cleaning/day_clean.py took 0.038 seconds
[2025-09-15T07:46:31.761+0000] {processor.py:161} INFO - Started process (PID=4655) to work on /opt/airflow/dags/cleaning/day_clean.py
[2025-09-15T07:46:31.762+0000] {processor.py:830} INFO - Processing file /opt/airflow/dags/cleaning/day_clean.py for tasks to queue
[2025-09-15T07:46:31.764+0000] {logging_mixin.py:188} INFO - [2025-09-15T07:46:31.763+0000] {dagbag.py:540} INFO - Filling up the DagBag from /opt/airflow/dags/cleaning/day_clean.py
[2025-09-15T07:46:31.775+0000] {processor.py:842} WARNING - No viable dags retrieved from /opt/airflow/dags/cleaning/day_clean.py
[2025-09-15T07:46:31.788+0000] {processor.py:183} INFO - Processing /opt/airflow/dags/cleaning/day_clean.py took 0.033 seconds
[2025-09-15T07:47:02.833+0000] {processor.py:161} INFO - Started process (PID=4688) to work on /opt/airflow/dags/cleaning/day_clean.py
[2025-09-15T07:47:02.834+0000] {processor.py:830} INFO - Processing file /opt/airflow/dags/cleaning/day_clean.py for tasks to queue
[2025-09-15T07:47:02.836+0000] {logging_mixin.py:188} INFO - [2025-09-15T07:47:02.835+0000] {dagbag.py:540} INFO - Filling up the DagBag from /opt/airflow/dags/cleaning/day_clean.py
[2025-09-15T07:47:02.874+0000] {processor.py:842} WARNING - No viable dags retrieved from /opt/airflow/dags/cleaning/day_clean.py
[2025-09-15T07:47:02.911+0000] {processor.py:183} INFO - Processing /opt/airflow/dags/cleaning/day_clean.py took 0.088 seconds
[2025-09-15T07:47:33.937+0000] {processor.py:161} INFO - Started process (PID=4725) to work on /opt/airflow/dags/cleaning/day_clean.py
[2025-09-15T07:47:33.938+0000] {processor.py:830} INFO - Processing file /opt/airflow/dags/cleaning/day_clean.py for tasks to queue
[2025-09-15T07:47:33.939+0000] {logging_mixin.py:188} INFO - [2025-09-15T07:47:33.939+0000] {dagbag.py:540} INFO - Filling up the DagBag from /opt/airflow/dags/cleaning/day_clean.py
[2025-09-15T07:47:33.952+0000] {processor.py:842} WARNING - No viable dags retrieved from /opt/airflow/dags/cleaning/day_clean.py
[2025-09-15T07:47:33.967+0000] {processor.py:183} INFO - Processing /opt/airflow/dags/cleaning/day_clean.py took 0.036 seconds
[2025-09-15T07:48:04.846+0000] {processor.py:161} INFO - Started process (PID=4760) to work on /opt/airflow/dags/cleaning/day_clean.py
[2025-09-15T07:48:04.847+0000] {processor.py:830} INFO - Processing file /opt/airflow/dags/cleaning/day_clean.py for tasks to queue
[2025-09-15T07:48:04.848+0000] {logging_mixin.py:188} INFO - [2025-09-15T07:48:04.848+0000] {dagbag.py:540} INFO - Filling up the DagBag from /opt/airflow/dags/cleaning/day_clean.py
[2025-09-15T07:48:04.859+0000] {processor.py:842} WARNING - No viable dags retrieved from /opt/airflow/dags/cleaning/day_clean.py
[2025-09-15T07:48:04.876+0000] {processor.py:183} INFO - Processing /opt/airflow/dags/cleaning/day_clean.py took 0.037 seconds
[2025-09-15T07:48:35.876+0000] {processor.py:161} INFO - Started process (PID=4795) to work on /opt/airflow/dags/cleaning/day_clean.py
[2025-09-15T07:48:35.877+0000] {processor.py:830} INFO - Processing file /opt/airflow/dags/cleaning/day_clean.py for tasks to queue
[2025-09-15T07:48:35.878+0000] {logging_mixin.py:188} INFO - [2025-09-15T07:48:35.877+0000] {dagbag.py:540} INFO - Filling up the DagBag from /opt/airflow/dags/cleaning/day_clean.py
[2025-09-15T07:48:35.890+0000] {processor.py:842} WARNING - No viable dags retrieved from /opt/airflow/dags/cleaning/day_clean.py
[2025-09-15T07:48:35.907+0000] {processor.py:183} INFO - Processing /opt/airflow/dags/cleaning/day_clean.py took 0.037 seconds
[2025-09-15T07:49:06.764+0000] {processor.py:161} INFO - Started process (PID=4830) to work on /opt/airflow/dags/cleaning/day_clean.py
[2025-09-15T07:49:06.766+0000] {processor.py:830} INFO - Processing file /opt/airflow/dags/cleaning/day_clean.py for tasks to queue
[2025-09-15T07:49:06.767+0000] {logging_mixin.py:188} INFO - [2025-09-15T07:49:06.766+0000] {dagbag.py:540} INFO - Filling up the DagBag from /opt/airflow/dags/cleaning/day_clean.py
[2025-09-15T07:49:06.784+0000] {processor.py:842} WARNING - No viable dags retrieved from /opt/airflow/dags/cleaning/day_clean.py
[2025-09-15T07:49:06.800+0000] {processor.py:183} INFO - Processing /opt/airflow/dags/cleaning/day_clean.py took 0.042 seconds
[2025-09-15T07:49:37.499+0000] {processor.py:161} INFO - Started process (PID=4865) to work on /opt/airflow/dags/cleaning/day_clean.py
[2025-09-15T07:49:37.502+0000] {processor.py:830} INFO - Processing file /opt/airflow/dags/cleaning/day_clean.py for tasks to queue
[2025-09-15T07:49:37.505+0000] {logging_mixin.py:188} INFO - [2025-09-15T07:49:37.504+0000] {dagbag.py:540} INFO - Filling up the DagBag from /opt/airflow/dags/cleaning/day_clean.py
[2025-09-15T07:49:37.522+0000] {processor.py:842} WARNING - No viable dags retrieved from /opt/airflow/dags/cleaning/day_clean.py
[2025-09-15T07:49:37.540+0000] {processor.py:183} INFO - Processing /opt/airflow/dags/cleaning/day_clean.py took 0.048 seconds
[2025-09-15T07:50:08.364+0000] {processor.py:161} INFO - Started process (PID=4900) to work on /opt/airflow/dags/cleaning/day_clean.py
[2025-09-15T07:50:08.365+0000] {processor.py:830} INFO - Processing file /opt/airflow/dags/cleaning/day_clean.py for tasks to queue
[2025-09-15T07:50:08.366+0000] {logging_mixin.py:188} INFO - [2025-09-15T07:50:08.365+0000] {dagbag.py:540} INFO - Filling up the DagBag from /opt/airflow/dags/cleaning/day_clean.py
[2025-09-15T07:50:08.379+0000] {processor.py:842} WARNING - No viable dags retrieved from /opt/airflow/dags/cleaning/day_clean.py
[2025-09-15T07:50:08.397+0000] {processor.py:183} INFO - Processing /opt/airflow/dags/cleaning/day_clean.py took 0.038 seconds
[2025-09-15T07:50:39.361+0000] {processor.py:161} INFO - Started process (PID=4935) to work on /opt/airflow/dags/cleaning/day_clean.py
[2025-09-15T07:50:39.362+0000] {processor.py:830} INFO - Processing file /opt/airflow/dags/cleaning/day_clean.py for tasks to queue
[2025-09-15T07:50:39.363+0000] {logging_mixin.py:188} INFO - [2025-09-15T07:50:39.363+0000] {dagbag.py:540} INFO - Filling up the DagBag from /opt/airflow/dags/cleaning/day_clean.py
[2025-09-15T07:50:39.375+0000] {processor.py:842} WARNING - No viable dags retrieved from /opt/airflow/dags/cleaning/day_clean.py
[2025-09-15T07:50:39.392+0000] {processor.py:183} INFO - Processing /opt/airflow/dags/cleaning/day_clean.py took 0.037 seconds
[2025-09-15T07:51:10.101+0000] {processor.py:161} INFO - Started process (PID=4970) to work on /opt/airflow/dags/cleaning/day_clean.py
[2025-09-15T07:51:10.102+0000] {processor.py:830} INFO - Processing file /opt/airflow/dags/cleaning/day_clean.py for tasks to queue
[2025-09-15T07:51:10.103+0000] {logging_mixin.py:188} INFO - [2025-09-15T07:51:10.103+0000] {dagbag.py:540} INFO - Filling up the DagBag from /opt/airflow/dags/cleaning/day_clean.py
[2025-09-15T07:51:10.116+0000] {processor.py:842} WARNING - No viable dags retrieved from /opt/airflow/dags/cleaning/day_clean.py
[2025-09-15T07:51:10.132+0000] {processor.py:183} INFO - Processing /opt/airflow/dags/cleaning/day_clean.py took 0.037 seconds
[2025-09-15T07:51:40.745+0000] {processor.py:161} INFO - Started process (PID=5004) to work on /opt/airflow/dags/cleaning/day_clean.py
[2025-09-15T07:51:40.746+0000] {processor.py:830} INFO - Processing file /opt/airflow/dags/cleaning/day_clean.py for tasks to queue
[2025-09-15T07:51:40.747+0000] {logging_mixin.py:188} INFO - [2025-09-15T07:51:40.747+0000] {dagbag.py:540} INFO - Filling up the DagBag from /opt/airflow/dags/cleaning/day_clean.py
[2025-09-15T07:51:40.758+0000] {processor.py:842} WARNING - No viable dags retrieved from /opt/airflow/dags/cleaning/day_clean.py
[2025-09-15T07:51:40.772+0000] {processor.py:183} INFO - Processing /opt/airflow/dags/cleaning/day_clean.py took 0.032 seconds
[2025-09-15T07:52:11.686+0000] {processor.py:161} INFO - Started process (PID=5040) to work on /opt/airflow/dags/cleaning/day_clean.py
[2025-09-15T07:52:11.687+0000] {processor.py:830} INFO - Processing file /opt/airflow/dags/cleaning/day_clean.py for tasks to queue
[2025-09-15T07:52:11.688+0000] {logging_mixin.py:188} INFO - [2025-09-15T07:52:11.688+0000] {dagbag.py:540} INFO - Filling up the DagBag from /opt/airflow/dags/cleaning/day_clean.py
[2025-09-15T07:52:11.702+0000] {processor.py:842} WARNING - No viable dags retrieved from /opt/airflow/dags/cleaning/day_clean.py
[2025-09-15T07:52:11.718+0000] {processor.py:183} INFO - Processing /opt/airflow/dags/cleaning/day_clean.py took 0.038 seconds
[2025-09-15T07:52:42.563+0000] {processor.py:161} INFO - Started process (PID=5075) to work on /opt/airflow/dags/cleaning/day_clean.py
[2025-09-15T07:52:42.564+0000] {processor.py:830} INFO - Processing file /opt/airflow/dags/cleaning/day_clean.py for tasks to queue
[2025-09-15T07:52:42.565+0000] {logging_mixin.py:188} INFO - [2025-09-15T07:52:42.565+0000] {dagbag.py:540} INFO - Filling up the DagBag from /opt/airflow/dags/cleaning/day_clean.py
[2025-09-15T07:52:42.593+0000] {processor.py:842} WARNING - No viable dags retrieved from /opt/airflow/dags/cleaning/day_clean.py
[2025-09-15T07:52:42.617+0000] {processor.py:183} INFO - Processing /opt/airflow/dags/cleaning/day_clean.py took 0.062 seconds
[2025-09-15T07:53:13.401+0000] {processor.py:161} INFO - Started process (PID=5110) to work on /opt/airflow/dags/cleaning/day_clean.py
[2025-09-15T07:53:13.403+0000] {processor.py:830} INFO - Processing file /opt/airflow/dags/cleaning/day_clean.py for tasks to queue
[2025-09-15T07:53:13.404+0000] {logging_mixin.py:188} INFO - [2025-09-15T07:53:13.403+0000] {dagbag.py:540} INFO - Filling up the DagBag from /opt/airflow/dags/cleaning/day_clean.py
[2025-09-15T07:53:13.418+0000] {processor.py:842} WARNING - No viable dags retrieved from /opt/airflow/dags/cleaning/day_clean.py
[2025-09-15T07:53:13.435+0000] {processor.py:183} INFO - Processing /opt/airflow/dags/cleaning/day_clean.py took 0.040 seconds
[2025-09-15T07:53:44.266+0000] {processor.py:161} INFO - Started process (PID=5145) to work on /opt/airflow/dags/cleaning/day_clean.py
[2025-09-15T07:53:44.278+0000] {processor.py:830} INFO - Processing file /opt/airflow/dags/cleaning/day_clean.py for tasks to queue
[2025-09-15T07:53:44.280+0000] {logging_mixin.py:188} INFO - [2025-09-15T07:53:44.280+0000] {dagbag.py:540} INFO - Filling up the DagBag from /opt/airflow/dags/cleaning/day_clean.py
[2025-09-15T07:53:44.297+0000] {processor.py:842} WARNING - No viable dags retrieved from /opt/airflow/dags/cleaning/day_clean.py
[2025-09-15T07:53:44.376+0000] {processor.py:183} INFO - Processing /opt/airflow/dags/cleaning/day_clean.py took 0.117 seconds
[2025-09-15T07:54:15.070+0000] {processor.py:161} INFO - Started process (PID=5180) to work on /opt/airflow/dags/cleaning/day_clean.py
[2025-09-15T07:54:15.071+0000] {processor.py:830} INFO - Processing file /opt/airflow/dags/cleaning/day_clean.py for tasks to queue
[2025-09-15T07:54:15.072+0000] {logging_mixin.py:188} INFO - [2025-09-15T07:54:15.072+0000] {dagbag.py:540} INFO - Filling up the DagBag from /opt/airflow/dags/cleaning/day_clean.py
[2025-09-15T07:54:15.088+0000] {processor.py:842} WARNING - No viable dags retrieved from /opt/airflow/dags/cleaning/day_clean.py
[2025-09-15T07:54:15.164+0000] {processor.py:183} INFO - Processing /opt/airflow/dags/cleaning/day_clean.py took 0.109 seconds
[2025-09-15T07:54:45.814+0000] {processor.py:161} INFO - Started process (PID=5215) to work on /opt/airflow/dags/cleaning/day_clean.py
[2025-09-15T07:54:45.816+0000] {processor.py:830} INFO - Processing file /opt/airflow/dags/cleaning/day_clean.py for tasks to queue
[2025-09-15T07:54:45.825+0000] {logging_mixin.py:188} INFO - [2025-09-15T07:54:45.820+0000] {dagbag.py:540} INFO - Filling up the DagBag from /opt/airflow/dags/cleaning/day_clean.py
[2025-09-15T07:54:45.848+0000] {processor.py:842} WARNING - No viable dags retrieved from /opt/airflow/dags/cleaning/day_clean.py
[2025-09-15T07:54:45.869+0000] {processor.py:183} INFO - Processing /opt/airflow/dags/cleaning/day_clean.py took 0.061 seconds
[2025-09-15T07:55:16.592+0000] {processor.py:161} INFO - Started process (PID=5250) to work on /opt/airflow/dags/cleaning/day_clean.py
[2025-09-15T07:55:16.593+0000] {processor.py:830} INFO - Processing file /opt/airflow/dags/cleaning/day_clean.py for tasks to queue
[2025-09-15T07:55:16.594+0000] {logging_mixin.py:188} INFO - [2025-09-15T07:55:16.594+0000] {dagbag.py:540} INFO - Filling up the DagBag from /opt/airflow/dags/cleaning/day_clean.py
[2025-09-15T07:55:16.606+0000] {processor.py:842} WARNING - No viable dags retrieved from /opt/airflow/dags/cleaning/day_clean.py
[2025-09-15T07:55:16.622+0000] {processor.py:183} INFO - Processing /opt/airflow/dags/cleaning/day_clean.py took 0.035 seconds
[2025-09-15T07:55:47.320+0000] {processor.py:161} INFO - Started process (PID=5285) to work on /opt/airflow/dags/cleaning/day_clean.py
[2025-09-15T07:55:47.321+0000] {processor.py:830} INFO - Processing file /opt/airflow/dags/cleaning/day_clean.py for tasks to queue
[2025-09-15T07:55:47.323+0000] {logging_mixin.py:188} INFO - [2025-09-15T07:55:47.323+0000] {dagbag.py:540} INFO - Filling up the DagBag from /opt/airflow/dags/cleaning/day_clean.py
[2025-09-15T07:55:47.339+0000] {processor.py:842} WARNING - No viable dags retrieved from /opt/airflow/dags/cleaning/day_clean.py
[2025-09-15T07:55:47.356+0000] {processor.py:183} INFO - Processing /opt/airflow/dags/cleaning/day_clean.py took 0.042 seconds
[2025-09-15T07:56:17.985+0000] {processor.py:161} INFO - Started process (PID=5320) to work on /opt/airflow/dags/cleaning/day_clean.py
[2025-09-15T07:56:17.986+0000] {processor.py:830} INFO - Processing file /opt/airflow/dags/cleaning/day_clean.py for tasks to queue
[2025-09-15T07:56:17.987+0000] {logging_mixin.py:188} INFO - [2025-09-15T07:56:17.987+0000] {dagbag.py:540} INFO - Filling up the DagBag from /opt/airflow/dags/cleaning/day_clean.py
[2025-09-15T07:56:18.003+0000] {processor.py:842} WARNING - No viable dags retrieved from /opt/airflow/dags/cleaning/day_clean.py
[2025-09-15T07:56:18.020+0000] {processor.py:183} INFO - Processing /opt/airflow/dags/cleaning/day_clean.py took 0.042 seconds
[2025-09-15T07:56:48.795+0000] {processor.py:161} INFO - Started process (PID=5355) to work on /opt/airflow/dags/cleaning/day_clean.py
[2025-09-15T07:56:48.796+0000] {processor.py:830} INFO - Processing file /opt/airflow/dags/cleaning/day_clean.py for tasks to queue
[2025-09-15T07:56:48.801+0000] {logging_mixin.py:188} INFO - [2025-09-15T07:56:48.799+0000] {dagbag.py:540} INFO - Filling up the DagBag from /opt/airflow/dags/cleaning/day_clean.py
[2025-09-15T07:56:48.814+0000] {processor.py:842} WARNING - No viable dags retrieved from /opt/airflow/dags/cleaning/day_clean.py
[2025-09-15T07:56:48.833+0000] {processor.py:183} INFO - Processing /opt/airflow/dags/cleaning/day_clean.py took 0.044 seconds
[2025-09-15T07:57:19.527+0000] {processor.py:161} INFO - Started process (PID=5390) to work on /opt/airflow/dags/cleaning/day_clean.py
[2025-09-15T07:57:19.528+0000] {processor.py:830} INFO - Processing file /opt/airflow/dags/cleaning/day_clean.py for tasks to queue
[2025-09-15T07:57:19.529+0000] {logging_mixin.py:188} INFO - [2025-09-15T07:57:19.529+0000] {dagbag.py:540} INFO - Filling up the DagBag from /opt/airflow/dags/cleaning/day_clean.py
[2025-09-15T07:57:19.540+0000] {processor.py:842} WARNING - No viable dags retrieved from /opt/airflow/dags/cleaning/day_clean.py
[2025-09-15T07:57:19.555+0000] {processor.py:183} INFO - Processing /opt/airflow/dags/cleaning/day_clean.py took 0.033 seconds
[2025-09-15T07:57:50.187+0000] {processor.py:161} INFO - Started process (PID=5425) to work on /opt/airflow/dags/cleaning/day_clean.py
[2025-09-15T07:57:50.188+0000] {processor.py:830} INFO - Processing file /opt/airflow/dags/cleaning/day_clean.py for tasks to queue
[2025-09-15T07:57:50.189+0000] {logging_mixin.py:188} INFO - [2025-09-15T07:57:50.189+0000] {dagbag.py:540} INFO - Filling up the DagBag from /opt/airflow/dags/cleaning/day_clean.py
[2025-09-15T07:57:50.200+0000] {processor.py:842} WARNING - No viable dags retrieved from /opt/airflow/dags/cleaning/day_clean.py
[2025-09-15T07:57:50.215+0000] {processor.py:183} INFO - Processing /opt/airflow/dags/cleaning/day_clean.py took 0.033 seconds
[2025-09-15T07:58:20.828+0000] {processor.py:161} INFO - Started process (PID=5460) to work on /opt/airflow/dags/cleaning/day_clean.py
[2025-09-15T07:58:20.829+0000] {processor.py:830} INFO - Processing file /opt/airflow/dags/cleaning/day_clean.py for tasks to queue
[2025-09-15T07:58:20.830+0000] {logging_mixin.py:188} INFO - [2025-09-15T07:58:20.830+0000] {dagbag.py:540} INFO - Filling up the DagBag from /opt/airflow/dags/cleaning/day_clean.py
[2025-09-15T07:58:20.841+0000] {processor.py:842} WARNING - No viable dags retrieved from /opt/airflow/dags/cleaning/day_clean.py
[2025-09-15T07:58:20.855+0000] {processor.py:183} INFO - Processing /opt/airflow/dags/cleaning/day_clean.py took 0.032 seconds
[2025-09-15T07:58:51.481+0000] {processor.py:161} INFO - Started process (PID=5495) to work on /opt/airflow/dags/cleaning/day_clean.py
[2025-09-15T07:58:51.482+0000] {processor.py:830} INFO - Processing file /opt/airflow/dags/cleaning/day_clean.py for tasks to queue
[2025-09-15T07:58:51.482+0000] {logging_mixin.py:188} INFO - [2025-09-15T07:58:51.482+0000] {dagbag.py:540} INFO - Filling up the DagBag from /opt/airflow/dags/cleaning/day_clean.py
[2025-09-15T07:58:51.496+0000] {processor.py:842} WARNING - No viable dags retrieved from /opt/airflow/dags/cleaning/day_clean.py
[2025-09-15T07:58:51.510+0000] {processor.py:183} INFO - Processing /opt/airflow/dags/cleaning/day_clean.py took 0.035 seconds
[2025-09-15T07:59:22.173+0000] {processor.py:161} INFO - Started process (PID=5530) to work on /opt/airflow/dags/cleaning/day_clean.py
[2025-09-15T07:59:22.175+0000] {processor.py:830} INFO - Processing file /opt/airflow/dags/cleaning/day_clean.py for tasks to queue
[2025-09-15T07:59:22.176+0000] {logging_mixin.py:188} INFO - [2025-09-15T07:59:22.175+0000] {dagbag.py:540} INFO - Filling up the DagBag from /opt/airflow/dags/cleaning/day_clean.py
[2025-09-15T07:59:22.188+0000] {processor.py:842} WARNING - No viable dags retrieved from /opt/airflow/dags/cleaning/day_clean.py
[2025-09-15T07:59:22.202+0000] {processor.py:183} INFO - Processing /opt/airflow/dags/cleaning/day_clean.py took 0.034 seconds
[2025-09-15T07:59:52.852+0000] {processor.py:161} INFO - Started process (PID=5565) to work on /opt/airflow/dags/cleaning/day_clean.py
[2025-09-15T07:59:52.853+0000] {processor.py:830} INFO - Processing file /opt/airflow/dags/cleaning/day_clean.py for tasks to queue
[2025-09-15T07:59:52.854+0000] {logging_mixin.py:188} INFO - [2025-09-15T07:59:52.854+0000] {dagbag.py:540} INFO - Filling up the DagBag from /opt/airflow/dags/cleaning/day_clean.py
[2025-09-15T07:59:52.868+0000] {processor.py:842} WARNING - No viable dags retrieved from /opt/airflow/dags/cleaning/day_clean.py
[2025-09-15T07:59:52.883+0000] {processor.py:183} INFO - Processing /opt/airflow/dags/cleaning/day_clean.py took 0.036 seconds
[2025-09-15T08:00:23.483+0000] {processor.py:161} INFO - Started process (PID=5600) to work on /opt/airflow/dags/cleaning/day_clean.py
[2025-09-15T08:00:23.485+0000] {processor.py:830} INFO - Processing file /opt/airflow/dags/cleaning/day_clean.py for tasks to queue
[2025-09-15T08:00:23.485+0000] {logging_mixin.py:188} INFO - [2025-09-15T08:00:23.485+0000] {dagbag.py:540} INFO - Filling up the DagBag from /opt/airflow/dags/cleaning/day_clean.py
[2025-09-15T08:00:23.499+0000] {processor.py:842} WARNING - No viable dags retrieved from /opt/airflow/dags/cleaning/day_clean.py
[2025-09-15T08:00:23.513+0000] {processor.py:183} INFO - Processing /opt/airflow/dags/cleaning/day_clean.py took 0.036 seconds
[2025-09-15T08:00:54.103+0000] {processor.py:161} INFO - Started process (PID=5634) to work on /opt/airflow/dags/cleaning/day_clean.py
[2025-09-15T08:00:54.104+0000] {processor.py:830} INFO - Processing file /opt/airflow/dags/cleaning/day_clean.py for tasks to queue
[2025-09-15T08:00:54.105+0000] {logging_mixin.py:188} INFO - [2025-09-15T08:00:54.105+0000] {dagbag.py:540} INFO - Filling up the DagBag from /opt/airflow/dags/cleaning/day_clean.py
[2025-09-15T08:00:54.119+0000] {processor.py:842} WARNING - No viable dags retrieved from /opt/airflow/dags/cleaning/day_clean.py
[2025-09-15T08:00:54.137+0000] {processor.py:183} INFO - Processing /opt/airflow/dags/cleaning/day_clean.py took 0.041 seconds
[2025-09-15T08:01:24.723+0000] {processor.py:161} INFO - Started process (PID=5670) to work on /opt/airflow/dags/cleaning/day_clean.py
[2025-09-15T08:01:24.724+0000] {processor.py:830} INFO - Processing file /opt/airflow/dags/cleaning/day_clean.py for tasks to queue
[2025-09-15T08:01:24.725+0000] {logging_mixin.py:188} INFO - [2025-09-15T08:01:24.725+0000] {dagbag.py:540} INFO - Filling up the DagBag from /opt/airflow/dags/cleaning/day_clean.py
[2025-09-15T08:01:24.737+0000] {processor.py:842} WARNING - No viable dags retrieved from /opt/airflow/dags/cleaning/day_clean.py
[2025-09-15T08:01:24.753+0000] {processor.py:183} INFO - Processing /opt/airflow/dags/cleaning/day_clean.py took 0.035 seconds
[2025-09-15T08:01:55.379+0000] {processor.py:161} INFO - Started process (PID=5705) to work on /opt/airflow/dags/cleaning/day_clean.py
[2025-09-15T08:01:55.380+0000] {processor.py:830} INFO - Processing file /opt/airflow/dags/cleaning/day_clean.py for tasks to queue
[2025-09-15T08:01:55.381+0000] {logging_mixin.py:188} INFO - [2025-09-15T08:01:55.381+0000] {dagbag.py:540} INFO - Filling up the DagBag from /opt/airflow/dags/cleaning/day_clean.py
[2025-09-15T08:01:55.398+0000] {processor.py:842} WARNING - No viable dags retrieved from /opt/airflow/dags/cleaning/day_clean.py
[2025-09-15T08:01:55.414+0000] {processor.py:183} INFO - Processing /opt/airflow/dags/cleaning/day_clean.py took 0.041 seconds
[2025-09-15T08:02:26.140+0000] {processor.py:161} INFO - Started process (PID=5740) to work on /opt/airflow/dags/cleaning/day_clean.py
[2025-09-15T08:02:26.142+0000] {processor.py:830} INFO - Processing file /opt/airflow/dags/cleaning/day_clean.py for tasks to queue
[2025-09-15T08:02:26.143+0000] {logging_mixin.py:188} INFO - [2025-09-15T08:02:26.143+0000] {dagbag.py:540} INFO - Filling up the DagBag from /opt/airflow/dags/cleaning/day_clean.py
[2025-09-15T08:02:26.169+0000] {processor.py:842} WARNING - No viable dags retrieved from /opt/airflow/dags/cleaning/day_clean.py
[2025-09-15T08:02:26.223+0000] {processor.py:183} INFO - Processing /opt/airflow/dags/cleaning/day_clean.py took 0.108 seconds
[2025-09-15T08:02:56.780+0000] {processor.py:161} INFO - Started process (PID=5775) to work on /opt/airflow/dags/cleaning/day_clean.py
[2025-09-15T08:02:56.781+0000] {processor.py:830} INFO - Processing file /opt/airflow/dags/cleaning/day_clean.py for tasks to queue
[2025-09-15T08:02:56.782+0000] {logging_mixin.py:188} INFO - [2025-09-15T08:02:56.782+0000] {dagbag.py:540} INFO - Filling up the DagBag from /opt/airflow/dags/cleaning/day_clean.py
[2025-09-15T08:02:56.794+0000] {processor.py:842} WARNING - No viable dags retrieved from /opt/airflow/dags/cleaning/day_clean.py
[2025-09-15T08:02:56.810+0000] {processor.py:183} INFO - Processing /opt/airflow/dags/cleaning/day_clean.py took 0.035 seconds
[2025-09-15T08:03:27.411+0000] {processor.py:161} INFO - Started process (PID=5810) to work on /opt/airflow/dags/cleaning/day_clean.py
[2025-09-15T08:03:27.412+0000] {processor.py:830} INFO - Processing file /opt/airflow/dags/cleaning/day_clean.py for tasks to queue
[2025-09-15T08:03:27.413+0000] {logging_mixin.py:188} INFO - [2025-09-15T08:03:27.412+0000] {dagbag.py:540} INFO - Filling up the DagBag from /opt/airflow/dags/cleaning/day_clean.py
[2025-09-15T08:03:27.432+0000] {processor.py:842} WARNING - No viable dags retrieved from /opt/airflow/dags/cleaning/day_clean.py
[2025-09-15T08:03:27.457+0000] {processor.py:183} INFO - Processing /opt/airflow/dags/cleaning/day_clean.py took 0.058 seconds
[2025-09-15T08:03:58.496+0000] {processor.py:161} INFO - Started process (PID=5845) to work on /opt/airflow/dags/cleaning/day_clean.py
[2025-09-15T08:03:58.497+0000] {processor.py:830} INFO - Processing file /opt/airflow/dags/cleaning/day_clean.py for tasks to queue
[2025-09-15T08:03:58.498+0000] {logging_mixin.py:188} INFO - [2025-09-15T08:03:58.498+0000] {dagbag.py:540} INFO - Filling up the DagBag from /opt/airflow/dags/cleaning/day_clean.py
[2025-09-15T08:03:58.514+0000] {processor.py:842} WARNING - No viable dags retrieved from /opt/airflow/dags/cleaning/day_clean.py
[2025-09-15T08:03:58.529+0000] {processor.py:183} INFO - Processing /opt/airflow/dags/cleaning/day_clean.py took 0.039 seconds
[2025-09-15T08:04:29.229+0000] {processor.py:161} INFO - Started process (PID=5880) to work on /opt/airflow/dags/cleaning/day_clean.py
[2025-09-15T08:04:29.233+0000] {processor.py:830} INFO - Processing file /opt/airflow/dags/cleaning/day_clean.py for tasks to queue
[2025-09-15T08:04:29.236+0000] {logging_mixin.py:188} INFO - [2025-09-15T08:04:29.234+0000] {dagbag.py:540} INFO - Filling up the DagBag from /opt/airflow/dags/cleaning/day_clean.py
[2025-09-15T08:04:29.277+0000] {processor.py:842} WARNING - No viable dags retrieved from /opt/airflow/dags/cleaning/day_clean.py
[2025-09-15T08:04:29.344+0000] {processor.py:183} INFO - Processing /opt/airflow/dags/cleaning/day_clean.py took 0.132 seconds
[2025-09-15T08:05:00.208+0000] {processor.py:161} INFO - Started process (PID=5915) to work on /opt/airflow/dags/cleaning/day_clean.py
[2025-09-15T08:05:00.209+0000] {processor.py:830} INFO - Processing file /opt/airflow/dags/cleaning/day_clean.py for tasks to queue
[2025-09-15T08:05:00.210+0000] {logging_mixin.py:188} INFO - [2025-09-15T08:05:00.210+0000] {dagbag.py:540} INFO - Filling up the DagBag from /opt/airflow/dags/cleaning/day_clean.py
[2025-09-15T08:05:00.223+0000] {processor.py:842} WARNING - No viable dags retrieved from /opt/airflow/dags/cleaning/day_clean.py
[2025-09-15T08:05:00.245+0000] {processor.py:183} INFO - Processing /opt/airflow/dags/cleaning/day_clean.py took 0.052 seconds
[2025-09-15T08:05:30.812+0000] {processor.py:161} INFO - Started process (PID=5950) to work on /opt/airflow/dags/cleaning/day_clean.py
[2025-09-15T08:05:30.814+0000] {processor.py:830} INFO - Processing file /opt/airflow/dags/cleaning/day_clean.py for tasks to queue
[2025-09-15T08:05:30.815+0000] {logging_mixin.py:188} INFO - [2025-09-15T08:05:30.814+0000] {dagbag.py:540} INFO - Filling up the DagBag from /opt/airflow/dags/cleaning/day_clean.py
[2025-09-15T08:05:30.826+0000] {processor.py:842} WARNING - No viable dags retrieved from /opt/airflow/dags/cleaning/day_clean.py
[2025-09-15T08:05:30.841+0000] {processor.py:183} INFO - Processing /opt/airflow/dags/cleaning/day_clean.py took 0.035 seconds
[2025-09-15T08:06:01.636+0000] {processor.py:161} INFO - Started process (PID=5985) to work on /opt/airflow/dags/cleaning/day_clean.py
[2025-09-15T08:06:01.637+0000] {processor.py:830} INFO - Processing file /opt/airflow/dags/cleaning/day_clean.py for tasks to queue
[2025-09-15T08:06:01.638+0000] {logging_mixin.py:188} INFO - [2025-09-15T08:06:01.637+0000] {dagbag.py:540} INFO - Filling up the DagBag from /opt/airflow/dags/cleaning/day_clean.py
[2025-09-15T08:06:01.650+0000] {processor.py:842} WARNING - No viable dags retrieved from /opt/airflow/dags/cleaning/day_clean.py
[2025-09-15T08:06:01.667+0000] {processor.py:183} INFO - Processing /opt/airflow/dags/cleaning/day_clean.py took 0.042 seconds
[2025-09-15T08:06:32.155+0000] {processor.py:161} INFO - Started process (PID=6020) to work on /opt/airflow/dags/cleaning/day_clean.py
[2025-09-15T08:06:32.157+0000] {processor.py:830} INFO - Processing file /opt/airflow/dags/cleaning/day_clean.py for tasks to queue
[2025-09-15T08:06:32.158+0000] {logging_mixin.py:188} INFO - [2025-09-15T08:06:32.157+0000] {dagbag.py:540} INFO - Filling up the DagBag from /opt/airflow/dags/cleaning/day_clean.py
[2025-09-15T08:06:32.168+0000] {processor.py:842} WARNING - No viable dags retrieved from /opt/airflow/dags/cleaning/day_clean.py
[2025-09-15T08:06:32.183+0000] {processor.py:183} INFO - Processing /opt/airflow/dags/cleaning/day_clean.py took 0.033 seconds
[2025-09-15T08:07:02.824+0000] {processor.py:161} INFO - Started process (PID=6055) to work on /opt/airflow/dags/cleaning/day_clean.py
[2025-09-15T08:07:02.826+0000] {processor.py:830} INFO - Processing file /opt/airflow/dags/cleaning/day_clean.py for tasks to queue
[2025-09-15T08:07:02.827+0000] {logging_mixin.py:188} INFO - [2025-09-15T08:07:02.826+0000] {dagbag.py:540} INFO - Filling up the DagBag from /opt/airflow/dags/cleaning/day_clean.py
[2025-09-15T08:07:02.839+0000] {processor.py:842} WARNING - No viable dags retrieved from /opt/airflow/dags/cleaning/day_clean.py
[2025-09-15T08:07:02.853+0000] {processor.py:183} INFO - Processing /opt/airflow/dags/cleaning/day_clean.py took 0.034 seconds
[2025-09-15T08:07:33.515+0000] {processor.py:161} INFO - Started process (PID=6090) to work on /opt/airflow/dags/cleaning/day_clean.py
[2025-09-15T08:07:33.516+0000] {processor.py:830} INFO - Processing file /opt/airflow/dags/cleaning/day_clean.py for tasks to queue
[2025-09-15T08:07:33.517+0000] {logging_mixin.py:188} INFO - [2025-09-15T08:07:33.517+0000] {dagbag.py:540} INFO - Filling up the DagBag from /opt/airflow/dags/cleaning/day_clean.py
[2025-09-15T08:07:33.532+0000] {processor.py:842} WARNING - No viable dags retrieved from /opt/airflow/dags/cleaning/day_clean.py
[2025-09-15T08:07:33.546+0000] {processor.py:183} INFO - Processing /opt/airflow/dags/cleaning/day_clean.py took 0.037 seconds
[2025-09-15T08:08:04.249+0000] {processor.py:161} INFO - Started process (PID=6125) to work on /opt/airflow/dags/cleaning/day_clean.py
[2025-09-15T08:08:04.250+0000] {processor.py:830} INFO - Processing file /opt/airflow/dags/cleaning/day_clean.py for tasks to queue
[2025-09-15T08:08:04.251+0000] {logging_mixin.py:188} INFO - [2025-09-15T08:08:04.251+0000] {dagbag.py:540} INFO - Filling up the DagBag from /opt/airflow/dags/cleaning/day_clean.py
[2025-09-15T08:08:04.267+0000] {processor.py:842} WARNING - No viable dags retrieved from /opt/airflow/dags/cleaning/day_clean.py
[2025-09-15T08:08:04.283+0000] {processor.py:183} INFO - Processing /opt/airflow/dags/cleaning/day_clean.py took 0.042 seconds
[2025-09-15T08:08:35.833+0000] {processor.py:161} INFO - Started process (PID=6160) to work on /opt/airflow/dags/cleaning/day_clean.py
[2025-09-15T08:08:35.834+0000] {processor.py:830} INFO - Processing file /opt/airflow/dags/cleaning/day_clean.py for tasks to queue
[2025-09-15T08:08:35.835+0000] {logging_mixin.py:188} INFO - [2025-09-15T08:08:35.835+0000] {dagbag.py:540} INFO - Filling up the DagBag from /opt/airflow/dags/cleaning/day_clean.py
[2025-09-15T08:08:35.851+0000] {processor.py:842} WARNING - No viable dags retrieved from /opt/airflow/dags/cleaning/day_clean.py
[2025-09-15T08:08:35.871+0000] {processor.py:183} INFO - Processing /opt/airflow/dags/cleaning/day_clean.py took 0.045 seconds
[2025-09-15T08:09:06.470+0000] {processor.py:161} INFO - Started process (PID=6195) to work on /opt/airflow/dags/cleaning/day_clean.py
[2025-09-15T08:09:06.473+0000] {processor.py:830} INFO - Processing file /opt/airflow/dags/cleaning/day_clean.py for tasks to queue
[2025-09-15T08:09:06.475+0000] {logging_mixin.py:188} INFO - [2025-09-15T08:09:06.474+0000] {dagbag.py:540} INFO - Filling up the DagBag from /opt/airflow/dags/cleaning/day_clean.py
[2025-09-15T08:09:06.496+0000] {processor.py:842} WARNING - No viable dags retrieved from /opt/airflow/dags/cleaning/day_clean.py
[2025-09-15T08:09:06.523+0000] {processor.py:183} INFO - Processing /opt/airflow/dags/cleaning/day_clean.py took 0.061 seconds
[2025-09-15T08:09:18.004+0000] {processor.py:161} INFO - Started process (PID=6215) to work on /opt/airflow/dags/cleaning/day_clean.py
[2025-09-15T08:09:18.007+0000] {processor.py:830} INFO - Processing file /opt/airflow/dags/cleaning/day_clean.py for tasks to queue
[2025-09-15T08:09:18.009+0000] {logging_mixin.py:188} INFO - [2025-09-15T08:09:18.008+0000] {dagbag.py:540} INFO - Filling up the DagBag from /opt/airflow/dags/cleaning/day_clean.py
[2025-09-15T08:09:18.040+0000] {processor.py:842} WARNING - No viable dags retrieved from /opt/airflow/dags/cleaning/day_clean.py
[2025-09-15T08:09:18.083+0000] {processor.py:183} INFO - Processing /opt/airflow/dags/cleaning/day_clean.py took 0.097 seconds
[2025-09-15T08:09:20.091+0000] {processor.py:161} INFO - Started process (PID=6220) to work on /opt/airflow/dags/cleaning/day_clean.py
[2025-09-15T08:09:20.093+0000] {processor.py:830} INFO - Processing file /opt/airflow/dags/cleaning/day_clean.py for tasks to queue
[2025-09-15T08:09:20.093+0000] {logging_mixin.py:188} INFO - [2025-09-15T08:09:20.093+0000] {dagbag.py:540} INFO - Filling up the DagBag from /opt/airflow/dags/cleaning/day_clean.py
[2025-09-15T08:09:20.111+0000] {processor.py:842} WARNING - No viable dags retrieved from /opt/airflow/dags/cleaning/day_clean.py
[2025-09-15T08:09:20.128+0000] {processor.py:183} INFO - Processing /opt/airflow/dags/cleaning/day_clean.py took 0.048 seconds
[2025-09-15T08:09:50.874+0000] {processor.py:161} INFO - Started process (PID=6255) to work on /opt/airflow/dags/cleaning/day_clean.py
[2025-09-15T08:09:50.876+0000] {processor.py:830} INFO - Processing file /opt/airflow/dags/cleaning/day_clean.py for tasks to queue
[2025-09-15T08:09:50.877+0000] {logging_mixin.py:188} INFO - [2025-09-15T08:09:50.877+0000] {dagbag.py:540} INFO - Filling up the DagBag from /opt/airflow/dags/cleaning/day_clean.py
[2025-09-15T08:09:50.889+0000] {processor.py:842} WARNING - No viable dags retrieved from /opt/airflow/dags/cleaning/day_clean.py
[2025-09-15T08:09:50.907+0000] {processor.py:183} INFO - Processing /opt/airflow/dags/cleaning/day_clean.py took 0.040 seconds
[2025-09-15T08:10:21.208+0000] {processor.py:161} INFO - Started process (PID=6290) to work on /opt/airflow/dags/cleaning/day_clean.py
[2025-09-15T08:10:21.210+0000] {processor.py:830} INFO - Processing file /opt/airflow/dags/cleaning/day_clean.py for tasks to queue
[2025-09-15T08:10:21.211+0000] {logging_mixin.py:188} INFO - [2025-09-15T08:10:21.210+0000] {dagbag.py:540} INFO - Filling up the DagBag from /opt/airflow/dags/cleaning/day_clean.py
[2025-09-15T08:10:21.223+0000] {processor.py:842} WARNING - No viable dags retrieved from /opt/airflow/dags/cleaning/day_clean.py
[2025-09-15T08:10:21.242+0000] {processor.py:183} INFO - Processing /opt/airflow/dags/cleaning/day_clean.py took 0.054 seconds
[2025-09-15T08:10:51.627+0000] {processor.py:161} INFO - Started process (PID=6325) to work on /opt/airflow/dags/cleaning/day_clean.py
[2025-09-15T08:10:51.628+0000] {processor.py:830} INFO - Processing file /opt/airflow/dags/cleaning/day_clean.py for tasks to queue
[2025-09-15T08:10:51.629+0000] {logging_mixin.py:188} INFO - [2025-09-15T08:10:51.628+0000] {dagbag.py:540} INFO - Filling up the DagBag from /opt/airflow/dags/cleaning/day_clean.py
[2025-09-15T08:10:51.640+0000] {processor.py:842} WARNING - No viable dags retrieved from /opt/airflow/dags/cleaning/day_clean.py
[2025-09-15T08:10:51.662+0000] {processor.py:183} INFO - Processing /opt/airflow/dags/cleaning/day_clean.py took 0.041 seconds
[2025-09-15T08:11:22.203+0000] {processor.py:161} INFO - Started process (PID=6360) to work on /opt/airflow/dags/cleaning/day_clean.py
[2025-09-15T08:11:22.204+0000] {processor.py:830} INFO - Processing file /opt/airflow/dags/cleaning/day_clean.py for tasks to queue
[2025-09-15T08:11:22.205+0000] {logging_mixin.py:188} INFO - [2025-09-15T08:11:22.205+0000] {dagbag.py:540} INFO - Filling up the DagBag from /opt/airflow/dags/cleaning/day_clean.py
[2025-09-15T08:11:22.216+0000] {processor.py:842} WARNING - No viable dags retrieved from /opt/airflow/dags/cleaning/day_clean.py
[2025-09-15T08:11:22.232+0000] {processor.py:183} INFO - Processing /opt/airflow/dags/cleaning/day_clean.py took 0.039 seconds
[2025-09-15T08:11:52.832+0000] {processor.py:161} INFO - Started process (PID=6395) to work on /opt/airflow/dags/cleaning/day_clean.py
[2025-09-15T08:11:52.833+0000] {processor.py:830} INFO - Processing file /opt/airflow/dags/cleaning/day_clean.py for tasks to queue
[2025-09-15T08:11:52.834+0000] {logging_mixin.py:188} INFO - [2025-09-15T08:11:52.834+0000] {dagbag.py:540} INFO - Filling up the DagBag from /opt/airflow/dags/cleaning/day_clean.py
[2025-09-15T08:11:52.847+0000] {processor.py:842} WARNING - No viable dags retrieved from /opt/airflow/dags/cleaning/day_clean.py
[2025-09-15T08:11:52.861+0000] {processor.py:183} INFO - Processing /opt/airflow/dags/cleaning/day_clean.py took 0.035 seconds
[2025-09-15T08:12:23.408+0000] {processor.py:161} INFO - Started process (PID=6430) to work on /opt/airflow/dags/cleaning/day_clean.py
[2025-09-15T08:12:23.410+0000] {processor.py:830} INFO - Processing file /opt/airflow/dags/cleaning/day_clean.py for tasks to queue
[2025-09-15T08:12:23.410+0000] {logging_mixin.py:188} INFO - [2025-09-15T08:12:23.410+0000] {dagbag.py:540} INFO - Filling up the DagBag from /opt/airflow/dags/cleaning/day_clean.py
[2025-09-15T08:12:23.421+0000] {processor.py:842} WARNING - No viable dags retrieved from /opt/airflow/dags/cleaning/day_clean.py
[2025-09-15T08:12:23.435+0000] {processor.py:183} INFO - Processing /opt/airflow/dags/cleaning/day_clean.py took 0.032 seconds
[2025-09-15T08:12:52.171+0000] {processor.py:161} INFO - Started process (PID=6465) to work on /opt/airflow/dags/cleaning/day_clean.py
[2025-09-15T08:12:52.172+0000] {processor.py:830} INFO - Processing file /opt/airflow/dags/cleaning/day_clean.py for tasks to queue
[2025-09-15T08:12:52.174+0000] {logging_mixin.py:188} INFO - [2025-09-15T08:12:52.173+0000] {dagbag.py:540} INFO - Filling up the DagBag from /opt/airflow/dags/cleaning/day_clean.py
[2025-09-15T08:12:52.194+0000] {processor.py:842} WARNING - No viable dags retrieved from /opt/airflow/dags/cleaning/day_clean.py
[2025-09-15T08:12:52.210+0000] {processor.py:183} INFO - Processing /opt/airflow/dags/cleaning/day_clean.py took 0.045 seconds
[2025-09-15T08:12:52.256+0000] {processor.py:161} INFO - Started process (PID=6470) to work on /opt/airflow/dags/cleaning/day_clean.py
[2025-09-15T08:12:52.257+0000] {processor.py:830} INFO - Processing file /opt/airflow/dags/cleaning/day_clean.py for tasks to queue
[2025-09-15T08:12:52.258+0000] {logging_mixin.py:188} INFO - [2025-09-15T08:12:52.258+0000] {dagbag.py:540} INFO - Filling up the DagBag from /opt/airflow/dags/cleaning/day_clean.py
[2025-09-15T08:12:52.269+0000] {processor.py:842} WARNING - No viable dags retrieved from /opt/airflow/dags/cleaning/day_clean.py
[2025-09-15T08:12:52.284+0000] {processor.py:183} INFO - Processing /opt/airflow/dags/cleaning/day_clean.py took 0.034 seconds
[2025-09-15T08:12:52.331+0000] {processor.py:161} INFO - Started process (PID=6475) to work on /opt/airflow/dags/cleaning/day_clean.py
[2025-09-15T08:12:52.333+0000] {processor.py:830} INFO - Processing file /opt/airflow/dags/cleaning/day_clean.py for tasks to queue
[2025-09-15T08:12:52.334+0000] {logging_mixin.py:188} INFO - [2025-09-15T08:12:52.333+0000] {dagbag.py:540} INFO - Filling up the DagBag from /opt/airflow/dags/cleaning/day_clean.py
[2025-09-15T08:12:52.344+0000] {processor.py:842} WARNING - No viable dags retrieved from /opt/airflow/dags/cleaning/day_clean.py
[2025-09-15T08:12:52.359+0000] {processor.py:183} INFO - Processing /opt/airflow/dags/cleaning/day_clean.py took 0.033 seconds
[2025-09-15T08:12:52.407+0000] {processor.py:161} INFO - Started process (PID=6480) to work on /opt/airflow/dags/cleaning/day_clean.py
[2025-09-15T08:12:52.408+0000] {processor.py:830} INFO - Processing file /opt/airflow/dags/cleaning/day_clean.py for tasks to queue
[2025-09-15T08:12:52.409+0000] {logging_mixin.py:188} INFO - [2025-09-15T08:12:52.408+0000] {dagbag.py:540} INFO - Filling up the DagBag from /opt/airflow/dags/cleaning/day_clean.py
[2025-09-15T08:12:52.422+0000] {processor.py:842} WARNING - No viable dags retrieved from /opt/airflow/dags/cleaning/day_clean.py
[2025-09-15T08:12:52.437+0000] {processor.py:183} INFO - Processing /opt/airflow/dags/cleaning/day_clean.py took 0.036 seconds
[2025-09-15T08:12:52.485+0000] {processor.py:161} INFO - Started process (PID=6485) to work on /opt/airflow/dags/cleaning/day_clean.py
[2025-09-15T08:12:52.487+0000] {processor.py:830} INFO - Processing file /opt/airflow/dags/cleaning/day_clean.py for tasks to queue
[2025-09-15T08:12:52.487+0000] {logging_mixin.py:188} INFO - [2025-09-15T08:12:52.487+0000] {dagbag.py:540} INFO - Filling up the DagBag from /opt/airflow/dags/cleaning/day_clean.py
[2025-09-15T08:12:52.500+0000] {processor.py:842} WARNING - No viable dags retrieved from /opt/airflow/dags/cleaning/day_clean.py
[2025-09-15T08:12:52.518+0000] {processor.py:183} INFO - Processing /opt/airflow/dags/cleaning/day_clean.py took 0.038 seconds
[2025-09-15T08:13:23.022+0000] {processor.py:161} INFO - Started process (PID=6520) to work on /opt/airflow/dags/cleaning/day_clean.py
[2025-09-15T08:13:23.024+0000] {processor.py:830} INFO - Processing file /opt/airflow/dags/cleaning/day_clean.py for tasks to queue
[2025-09-15T08:13:23.025+0000] {logging_mixin.py:188} INFO - [2025-09-15T08:13:23.025+0000] {dagbag.py:540} INFO - Filling up the DagBag from /opt/airflow/dags/cleaning/day_clean.py
[2025-09-15T08:13:23.036+0000] {processor.py:842} WARNING - No viable dags retrieved from /opt/airflow/dags/cleaning/day_clean.py
[2025-09-15T08:13:23.053+0000] {processor.py:183} INFO - Processing /opt/airflow/dags/cleaning/day_clean.py took 0.037 seconds
[2025-09-15T08:13:53.824+0000] {processor.py:161} INFO - Started process (PID=6555) to work on /opt/airflow/dags/cleaning/day_clean.py
[2025-09-15T08:13:53.826+0000] {processor.py:830} INFO - Processing file /opt/airflow/dags/cleaning/day_clean.py for tasks to queue
[2025-09-15T08:13:53.828+0000] {logging_mixin.py:188} INFO - [2025-09-15T08:13:53.828+0000] {dagbag.py:540} INFO - Filling up the DagBag from /opt/airflow/dags/cleaning/day_clean.py
[2025-09-15T08:13:53.845+0000] {processor.py:842} WARNING - No viable dags retrieved from /opt/airflow/dags/cleaning/day_clean.py
[2025-09-15T08:13:53.866+0000] {processor.py:183} INFO - Processing /opt/airflow/dags/cleaning/day_clean.py took 0.086 seconds
[2025-09-15T08:14:24.070+0000] {processor.py:161} INFO - Started process (PID=6620) to work on /opt/airflow/dags/cleaning/day_clean.py
[2025-09-15T08:14:24.072+0000] {processor.py:830} INFO - Processing file /opt/airflow/dags/cleaning/day_clean.py for tasks to queue
[2025-09-15T08:14:24.073+0000] {logging_mixin.py:188} INFO - [2025-09-15T08:14:24.072+0000] {dagbag.py:540} INFO - Filling up the DagBag from /opt/airflow/dags/cleaning/day_clean.py
[2025-09-15T08:14:24.087+0000] {processor.py:842} WARNING - No viable dags retrieved from /opt/airflow/dags/cleaning/day_clean.py
[2025-09-15T08:14:24.102+0000] {processor.py:183} INFO - Processing /opt/airflow/dags/cleaning/day_clean.py took 0.038 seconds
[2025-09-15T08:14:54.818+0000] {processor.py:161} INFO - Started process (PID=6655) to work on /opt/airflow/dags/cleaning/day_clean.py
[2025-09-15T08:14:54.820+0000] {processor.py:830} INFO - Processing file /opt/airflow/dags/cleaning/day_clean.py for tasks to queue
[2025-09-15T08:14:54.821+0000] {logging_mixin.py:188} INFO - [2025-09-15T08:14:54.820+0000] {dagbag.py:540} INFO - Filling up the DagBag from /opt/airflow/dags/cleaning/day_clean.py
[2025-09-15T08:14:54.835+0000] {processor.py:842} WARNING - No viable dags retrieved from /opt/airflow/dags/cleaning/day_clean.py
[2025-09-15T08:14:54.853+0000] {processor.py:183} INFO - Processing /opt/airflow/dags/cleaning/day_clean.py took 0.041 seconds
[2025-09-15T08:15:25.530+0000] {processor.py:161} INFO - Started process (PID=6690) to work on /opt/airflow/dags/cleaning/day_clean.py
[2025-09-15T08:15:25.531+0000] {processor.py:830} INFO - Processing file /opt/airflow/dags/cleaning/day_clean.py for tasks to queue
[2025-09-15T08:15:25.532+0000] {logging_mixin.py:188} INFO - [2025-09-15T08:15:25.531+0000] {dagbag.py:540} INFO - Filling up the DagBag from /opt/airflow/dags/cleaning/day_clean.py
[2025-09-15T08:15:25.545+0000] {processor.py:842} WARNING - No viable dags retrieved from /opt/airflow/dags/cleaning/day_clean.py
[2025-09-15T08:15:25.561+0000] {processor.py:183} INFO - Processing /opt/airflow/dags/cleaning/day_clean.py took 0.036 seconds
[2025-09-15T08:15:56.216+0000] {processor.py:161} INFO - Started process (PID=6725) to work on /opt/airflow/dags/cleaning/day_clean.py
[2025-09-15T08:15:56.219+0000] {processor.py:830} INFO - Processing file /opt/airflow/dags/cleaning/day_clean.py for tasks to queue
[2025-09-15T08:15:56.221+0000] {logging_mixin.py:188} INFO - [2025-09-15T08:15:56.221+0000] {dagbag.py:540} INFO - Filling up the DagBag from /opt/airflow/dags/cleaning/day_clean.py
[2025-09-15T08:15:56.247+0000] {processor.py:842} WARNING - No viable dags retrieved from /opt/airflow/dags/cleaning/day_clean.py
[2025-09-15T08:15:56.275+0000] {processor.py:183} INFO - Processing /opt/airflow/dags/cleaning/day_clean.py took 0.069 seconds
[2025-09-15T08:16:27.038+0000] {processor.py:161} INFO - Started process (PID=6760) to work on /opt/airflow/dags/cleaning/day_clean.py
[2025-09-15T08:16:27.039+0000] {processor.py:830} INFO - Processing file /opt/airflow/dags/cleaning/day_clean.py for tasks to queue
[2025-09-15T08:16:27.041+0000] {logging_mixin.py:188} INFO - [2025-09-15T08:16:27.040+0000] {dagbag.py:540} INFO - Filling up the DagBag from /opt/airflow/dags/cleaning/day_clean.py
[2025-09-15T08:16:27.057+0000] {processor.py:842} WARNING - No viable dags retrieved from /opt/airflow/dags/cleaning/day_clean.py
[2025-09-15T08:16:27.079+0000] {processor.py:183} INFO - Processing /opt/airflow/dags/cleaning/day_clean.py took 0.048 seconds
[2025-09-15T08:16:57.698+0000] {processor.py:161} INFO - Started process (PID=6795) to work on /opt/airflow/dags/cleaning/day_clean.py
[2025-09-15T08:16:57.700+0000] {processor.py:830} INFO - Processing file /opt/airflow/dags/cleaning/day_clean.py for tasks to queue
[2025-09-15T08:16:57.701+0000] {logging_mixin.py:188} INFO - [2025-09-15T08:16:57.700+0000] {dagbag.py:540} INFO - Filling up the DagBag from /opt/airflow/dags/cleaning/day_clean.py
[2025-09-15T08:16:57.714+0000] {processor.py:842} WARNING - No viable dags retrieved from /opt/airflow/dags/cleaning/day_clean.py
[2025-09-15T08:16:57.731+0000] {processor.py:183} INFO - Processing /opt/airflow/dags/cleaning/day_clean.py took 0.040 seconds
[2025-09-15T08:17:28.400+0000] {processor.py:161} INFO - Started process (PID=6830) to work on /opt/airflow/dags/cleaning/day_clean.py
[2025-09-15T08:17:28.402+0000] {processor.py:830} INFO - Processing file /opt/airflow/dags/cleaning/day_clean.py for tasks to queue
[2025-09-15T08:17:28.403+0000] {logging_mixin.py:188} INFO - [2025-09-15T08:17:28.402+0000] {dagbag.py:540} INFO - Filling up the DagBag from /opt/airflow/dags/cleaning/day_clean.py
[2025-09-15T08:17:28.416+0000] {processor.py:842} WARNING - No viable dags retrieved from /opt/airflow/dags/cleaning/day_clean.py
[2025-09-15T08:17:28.432+0000] {processor.py:183} INFO - Processing /opt/airflow/dags/cleaning/day_clean.py took 0.038 seconds
[2025-09-15T08:17:59.208+0000] {processor.py:161} INFO - Started process (PID=6865) to work on /opt/airflow/dags/cleaning/day_clean.py
[2025-09-15T08:17:59.209+0000] {processor.py:830} INFO - Processing file /opt/airflow/dags/cleaning/day_clean.py for tasks to queue
[2025-09-15T08:17:59.210+0000] {logging_mixin.py:188} INFO - [2025-09-15T08:17:59.209+0000] {dagbag.py:540} INFO - Filling up the DagBag from /opt/airflow/dags/cleaning/day_clean.py
[2025-09-15T08:17:59.224+0000] {processor.py:842} WARNING - No viable dags retrieved from /opt/airflow/dags/cleaning/day_clean.py
[2025-09-15T08:17:59.241+0000] {processor.py:183} INFO - Processing /opt/airflow/dags/cleaning/day_clean.py took 0.039 seconds
[2025-09-15T08:18:30.074+0000] {processor.py:161} INFO - Started process (PID=6900) to work on /opt/airflow/dags/cleaning/day_clean.py
[2025-09-15T08:18:30.077+0000] {processor.py:830} INFO - Processing file /opt/airflow/dags/cleaning/day_clean.py for tasks to queue
[2025-09-15T08:18:30.080+0000] {logging_mixin.py:188} INFO - [2025-09-15T08:18:30.079+0000] {dagbag.py:540} INFO - Filling up the DagBag from /opt/airflow/dags/cleaning/day_clean.py
[2025-09-15T08:18:30.116+0000] {processor.py:842} WARNING - No viable dags retrieved from /opt/airflow/dags/cleaning/day_clean.py
[2025-09-15T08:18:30.159+0000] {processor.py:183} INFO - Processing /opt/airflow/dags/cleaning/day_clean.py took 0.103 seconds
[2025-09-15T08:19:01.014+0000] {processor.py:161} INFO - Started process (PID=6935) to work on /opt/airflow/dags/cleaning/day_clean.py
[2025-09-15T08:19:01.015+0000] {processor.py:830} INFO - Processing file /opt/airflow/dags/cleaning/day_clean.py for tasks to queue
[2025-09-15T08:19:01.016+0000] {logging_mixin.py:188} INFO - [2025-09-15T08:19:01.016+0000] {dagbag.py:540} INFO - Filling up the DagBag from /opt/airflow/dags/cleaning/day_clean.py
[2025-09-15T08:19:01.027+0000] {processor.py:842} WARNING - No viable dags retrieved from /opt/airflow/dags/cleaning/day_clean.py
[2025-09-15T08:19:01.041+0000] {processor.py:183} INFO - Processing /opt/airflow/dags/cleaning/day_clean.py took 0.034 seconds
[2025-09-15T08:19:31.686+0000] {processor.py:161} INFO - Started process (PID=6970) to work on /opt/airflow/dags/cleaning/day_clean.py
[2025-09-15T08:19:31.687+0000] {processor.py:830} INFO - Processing file /opt/airflow/dags/cleaning/day_clean.py for tasks to queue
[2025-09-15T08:19:31.688+0000] {logging_mixin.py:188} INFO - [2025-09-15T08:19:31.687+0000] {dagbag.py:540} INFO - Filling up the DagBag from /opt/airflow/dags/cleaning/day_clean.py
[2025-09-15T08:19:31.699+0000] {processor.py:842} WARNING - No viable dags retrieved from /opt/airflow/dags/cleaning/day_clean.py
[2025-09-15T08:19:31.713+0000] {processor.py:183} INFO - Processing /opt/airflow/dags/cleaning/day_clean.py took 0.032 seconds
[2025-09-15T08:20:02.474+0000] {processor.py:161} INFO - Started process (PID=7020) to work on /opt/airflow/dags/cleaning/day_clean.py
[2025-09-15T08:20:02.475+0000] {processor.py:830} INFO - Processing file /opt/airflow/dags/cleaning/day_clean.py for tasks to queue
[2025-09-15T08:20:02.476+0000] {logging_mixin.py:188} INFO - [2025-09-15T08:20:02.476+0000] {dagbag.py:540} INFO - Filling up the DagBag from /opt/airflow/dags/cleaning/day_clean.py
[2025-09-15T08:20:02.489+0000] {processor.py:842} WARNING - No viable dags retrieved from /opt/airflow/dags/cleaning/day_clean.py
[2025-09-15T08:20:02.504+0000] {processor.py:183} INFO - Processing /opt/airflow/dags/cleaning/day_clean.py took 0.035 seconds
[2025-09-15T08:20:32.977+0000] {processor.py:161} INFO - Started process (PID=7055) to work on /opt/airflow/dags/cleaning/day_clean.py
[2025-09-15T08:20:32.978+0000] {processor.py:830} INFO - Processing file /opt/airflow/dags/cleaning/day_clean.py for tasks to queue
[2025-09-15T08:20:32.979+0000] {logging_mixin.py:188} INFO - [2025-09-15T08:20:32.979+0000] {dagbag.py:540} INFO - Filling up the DagBag from /opt/airflow/dags/cleaning/day_clean.py
[2025-09-15T08:20:32.994+0000] {processor.py:842} WARNING - No viable dags retrieved from /opt/airflow/dags/cleaning/day_clean.py
[2025-09-15T08:20:33.009+0000] {processor.py:183} INFO - Processing /opt/airflow/dags/cleaning/day_clean.py took 0.038 seconds
[2025-09-15T08:21:03.913+0000] {processor.py:161} INFO - Started process (PID=7090) to work on /opt/airflow/dags/cleaning/day_clean.py
[2025-09-15T08:21:03.914+0000] {processor.py:830} INFO - Processing file /opt/airflow/dags/cleaning/day_clean.py for tasks to queue
[2025-09-15T08:21:03.915+0000] {logging_mixin.py:188} INFO - [2025-09-15T08:21:03.915+0000] {dagbag.py:540} INFO - Filling up the DagBag from /opt/airflow/dags/cleaning/day_clean.py
[2025-09-15T08:21:03.926+0000] {processor.py:842} WARNING - No viable dags retrieved from /opt/airflow/dags/cleaning/day_clean.py
[2025-09-15T08:21:03.941+0000] {processor.py:183} INFO - Processing /opt/airflow/dags/cleaning/day_clean.py took 0.033 seconds
[2025-09-15T08:21:34.336+0000] {processor.py:161} INFO - Started process (PID=7125) to work on /opt/airflow/dags/cleaning/day_clean.py
[2025-09-15T08:21:34.338+0000] {processor.py:830} INFO - Processing file /opt/airflow/dags/cleaning/day_clean.py for tasks to queue
[2025-09-15T08:21:34.339+0000] {logging_mixin.py:188} INFO - [2025-09-15T08:21:34.338+0000] {dagbag.py:540} INFO - Filling up the DagBag from /opt/airflow/dags/cleaning/day_clean.py
[2025-09-15T08:21:34.355+0000] {processor.py:842} WARNING - No viable dags retrieved from /opt/airflow/dags/cleaning/day_clean.py
[2025-09-15T08:21:34.375+0000] {processor.py:183} INFO - Processing /opt/airflow/dags/cleaning/day_clean.py took 0.046 seconds
[2025-09-15T08:22:04.773+0000] {processor.py:161} INFO - Started process (PID=7160) to work on /opt/airflow/dags/cleaning/day_clean.py
[2025-09-15T08:22:04.774+0000] {processor.py:830} INFO - Processing file /opt/airflow/dags/cleaning/day_clean.py for tasks to queue
[2025-09-15T08:22:04.775+0000] {logging_mixin.py:188} INFO - [2025-09-15T08:22:04.775+0000] {dagbag.py:540} INFO - Filling up the DagBag from /opt/airflow/dags/cleaning/day_clean.py
[2025-09-15T08:22:04.790+0000] {processor.py:842} WARNING - No viable dags retrieved from /opt/airflow/dags/cleaning/day_clean.py
[2025-09-15T08:22:04.807+0000] {processor.py:183} INFO - Processing /opt/airflow/dags/cleaning/day_clean.py took 0.041 seconds
[2025-09-15T08:22:35.535+0000] {processor.py:161} INFO - Started process (PID=7195) to work on /opt/airflow/dags/cleaning/day_clean.py
[2025-09-15T08:22:35.536+0000] {processor.py:830} INFO - Processing file /opt/airflow/dags/cleaning/day_clean.py for tasks to queue
[2025-09-15T08:22:35.537+0000] {logging_mixin.py:188} INFO - [2025-09-15T08:22:35.537+0000] {dagbag.py:540} INFO - Filling up the DagBag from /opt/airflow/dags/cleaning/day_clean.py
[2025-09-15T08:22:35.552+0000] {processor.py:842} WARNING - No viable dags retrieved from /opt/airflow/dags/cleaning/day_clean.py
[2025-09-15T08:22:35.568+0000] {processor.py:183} INFO - Processing /opt/airflow/dags/cleaning/day_clean.py took 0.038 seconds
[2025-09-15T08:23:06.278+0000] {processor.py:161} INFO - Started process (PID=7230) to work on /opt/airflow/dags/cleaning/day_clean.py
[2025-09-15T08:23:06.280+0000] {processor.py:830} INFO - Processing file /opt/airflow/dags/cleaning/day_clean.py for tasks to queue
[2025-09-15T08:23:06.281+0000] {logging_mixin.py:188} INFO - [2025-09-15T08:23:06.280+0000] {dagbag.py:540} INFO - Filling up the DagBag from /opt/airflow/dags/cleaning/day_clean.py
[2025-09-15T08:23:06.292+0000] {processor.py:842} WARNING - No viable dags retrieved from /opt/airflow/dags/cleaning/day_clean.py
[2025-09-15T08:23:06.313+0000] {processor.py:183} INFO - Processing /opt/airflow/dags/cleaning/day_clean.py took 0.041 seconds
[2025-09-15T08:23:37.048+0000] {processor.py:161} INFO - Started process (PID=7265) to work on /opt/airflow/dags/cleaning/day_clean.py
[2025-09-15T08:23:37.049+0000] {processor.py:830} INFO - Processing file /opt/airflow/dags/cleaning/day_clean.py for tasks to queue
[2025-09-15T08:23:37.051+0000] {logging_mixin.py:188} INFO - [2025-09-15T08:23:37.050+0000] {dagbag.py:540} INFO - Filling up the DagBag from /opt/airflow/dags/cleaning/day_clean.py
[2025-09-15T08:23:37.066+0000] {processor.py:842} WARNING - No viable dags retrieved from /opt/airflow/dags/cleaning/day_clean.py
[2025-09-15T08:23:37.083+0000] {processor.py:183} INFO - Processing /opt/airflow/dags/cleaning/day_clean.py took 0.041 seconds
[2025-09-15T08:24:07.620+0000] {processor.py:161} INFO - Started process (PID=7300) to work on /opt/airflow/dags/cleaning/day_clean.py
[2025-09-15T08:24:07.622+0000] {processor.py:830} INFO - Processing file /opt/airflow/dags/cleaning/day_clean.py for tasks to queue
[2025-09-15T08:24:07.624+0000] {logging_mixin.py:188} INFO - [2025-09-15T08:24:07.623+0000] {dagbag.py:540} INFO - Filling up the DagBag from /opt/airflow/dags/cleaning/day_clean.py
[2025-09-15T08:24:07.652+0000] {processor.py:842} WARNING - No viable dags retrieved from /opt/airflow/dags/cleaning/day_clean.py
[2025-09-15T08:24:07.683+0000] {processor.py:183} INFO - Processing /opt/airflow/dags/cleaning/day_clean.py took 0.073 seconds
[2025-09-15T08:24:38.231+0000] {processor.py:161} INFO - Started process (PID=7335) to work on /opt/airflow/dags/cleaning/day_clean.py
[2025-09-15T08:24:38.233+0000] {processor.py:830} INFO - Processing file /opt/airflow/dags/cleaning/day_clean.py for tasks to queue
[2025-09-15T08:24:38.235+0000] {logging_mixin.py:188} INFO - [2025-09-15T08:24:38.234+0000] {dagbag.py:540} INFO - Filling up the DagBag from /opt/airflow/dags/cleaning/day_clean.py
[2025-09-15T08:24:38.265+0000] {processor.py:842} WARNING - No viable dags retrieved from /opt/airflow/dags/cleaning/day_clean.py
[2025-09-15T08:24:38.298+0000] {processor.py:183} INFO - Processing /opt/airflow/dags/cleaning/day_clean.py took 0.078 seconds
[2025-09-15T08:25:08.756+0000] {processor.py:161} INFO - Started process (PID=7370) to work on /opt/airflow/dags/cleaning/day_clean.py
[2025-09-15T08:25:08.758+0000] {processor.py:830} INFO - Processing file /opt/airflow/dags/cleaning/day_clean.py for tasks to queue
[2025-09-15T08:25:08.759+0000] {logging_mixin.py:188} INFO - [2025-09-15T08:25:08.758+0000] {dagbag.py:540} INFO - Filling up the DagBag from /opt/airflow/dags/cleaning/day_clean.py
[2025-09-15T08:25:08.774+0000] {processor.py:842} WARNING - No viable dags retrieved from /opt/airflow/dags/cleaning/day_clean.py
[2025-09-15T08:25:08.791+0000] {processor.py:183} INFO - Processing /opt/airflow/dags/cleaning/day_clean.py took 0.044 seconds
[2025-09-15T08:25:39.360+0000] {processor.py:161} INFO - Started process (PID=7405) to work on /opt/airflow/dags/cleaning/day_clean.py
[2025-09-15T08:25:39.361+0000] {processor.py:830} INFO - Processing file /opt/airflow/dags/cleaning/day_clean.py for tasks to queue
[2025-09-15T08:25:39.363+0000] {logging_mixin.py:188} INFO - [2025-09-15T08:25:39.362+0000] {dagbag.py:540} INFO - Filling up the DagBag from /opt/airflow/dags/cleaning/day_clean.py
[2025-09-15T08:25:39.374+0000] {processor.py:842} WARNING - No viable dags retrieved from /opt/airflow/dags/cleaning/day_clean.py
[2025-09-15T08:25:39.390+0000] {processor.py:183} INFO - Processing /opt/airflow/dags/cleaning/day_clean.py took 0.036 seconds
[2025-09-15T08:26:10.040+0000] {processor.py:161} INFO - Started process (PID=7440) to work on /opt/airflow/dags/cleaning/day_clean.py
[2025-09-15T08:26:10.042+0000] {processor.py:830} INFO - Processing file /opt/airflow/dags/cleaning/day_clean.py for tasks to queue
[2025-09-15T08:26:10.043+0000] {logging_mixin.py:188} INFO - [2025-09-15T08:26:10.043+0000] {dagbag.py:540} INFO - Filling up the DagBag from /opt/airflow/dags/cleaning/day_clean.py
[2025-09-15T08:26:10.058+0000] {processor.py:842} WARNING - No viable dags retrieved from /opt/airflow/dags/cleaning/day_clean.py
[2025-09-15T08:26:10.076+0000] {processor.py:183} INFO - Processing /opt/airflow/dags/cleaning/day_clean.py took 0.041 seconds
[2025-09-15T08:26:40.602+0000] {processor.py:161} INFO - Started process (PID=7475) to work on /opt/airflow/dags/cleaning/day_clean.py
[2025-09-15T08:26:40.603+0000] {processor.py:830} INFO - Processing file /opt/airflow/dags/cleaning/day_clean.py for tasks to queue
[2025-09-15T08:26:40.604+0000] {logging_mixin.py:188} INFO - [2025-09-15T08:26:40.604+0000] {dagbag.py:540} INFO - Filling up the DagBag from /opt/airflow/dags/cleaning/day_clean.py
[2025-09-15T08:26:40.615+0000] {processor.py:842} WARNING - No viable dags retrieved from /opt/airflow/dags/cleaning/day_clean.py
[2025-09-15T08:26:40.631+0000] {processor.py:183} INFO - Processing /opt/airflow/dags/cleaning/day_clean.py took 0.035 seconds
[2025-09-15T08:27:11.153+0000] {processor.py:161} INFO - Started process (PID=7510) to work on /opt/airflow/dags/cleaning/day_clean.py
[2025-09-15T08:27:11.154+0000] {processor.py:830} INFO - Processing file /opt/airflow/dags/cleaning/day_clean.py for tasks to queue
[2025-09-15T08:27:11.155+0000] {logging_mixin.py:188} INFO - [2025-09-15T08:27:11.155+0000] {dagbag.py:540} INFO - Filling up the DagBag from /opt/airflow/dags/cleaning/day_clean.py
[2025-09-15T08:27:11.166+0000] {processor.py:842} WARNING - No viable dags retrieved from /opt/airflow/dags/cleaning/day_clean.py
[2025-09-15T08:27:11.181+0000] {processor.py:183} INFO - Processing /opt/airflow/dags/cleaning/day_clean.py took 0.034 seconds
[2025-09-15T08:27:41.403+0000] {processor.py:161} INFO - Started process (PID=7545) to work on /opt/airflow/dags/cleaning/day_clean.py
[2025-09-15T08:27:41.405+0000] {processor.py:830} INFO - Processing file /opt/airflow/dags/cleaning/day_clean.py for tasks to queue
[2025-09-15T08:27:41.406+0000] {logging_mixin.py:188} INFO - [2025-09-15T08:27:41.406+0000] {dagbag.py:540} INFO - Filling up the DagBag from /opt/airflow/dags/cleaning/day_clean.py
[2025-09-15T08:27:41.420+0000] {processor.py:842} WARNING - No viable dags retrieved from /opt/airflow/dags/cleaning/day_clean.py
[2025-09-15T08:27:41.445+0000] {processor.py:183} INFO - Processing /opt/airflow/dags/cleaning/day_clean.py took 0.055 seconds
[2025-09-15T08:28:11.870+0000] {processor.py:161} INFO - Started process (PID=7580) to work on /opt/airflow/dags/cleaning/day_clean.py
[2025-09-15T08:28:11.871+0000] {processor.py:830} INFO - Processing file /opt/airflow/dags/cleaning/day_clean.py for tasks to queue
[2025-09-15T08:28:11.872+0000] {logging_mixin.py:188} INFO - [2025-09-15T08:28:11.871+0000] {dagbag.py:540} INFO - Filling up the DagBag from /opt/airflow/dags/cleaning/day_clean.py
[2025-09-15T08:28:11.883+0000] {processor.py:842} WARNING - No viable dags retrieved from /opt/airflow/dags/cleaning/day_clean.py
[2025-09-15T08:28:11.899+0000] {processor.py:183} INFO - Processing /opt/airflow/dags/cleaning/day_clean.py took 0.036 seconds
[2025-09-15T08:28:42.810+0000] {processor.py:161} INFO - Started process (PID=7615) to work on /opt/airflow/dags/cleaning/day_clean.py
[2025-09-15T08:28:42.811+0000] {processor.py:830} INFO - Processing file /opt/airflow/dags/cleaning/day_clean.py for tasks to queue
[2025-09-15T08:28:42.812+0000] {logging_mixin.py:188} INFO - [2025-09-15T08:28:42.812+0000] {dagbag.py:540} INFO - Filling up the DagBag from /opt/airflow/dags/cleaning/day_clean.py
[2025-09-15T08:28:42.824+0000] {processor.py:842} WARNING - No viable dags retrieved from /opt/airflow/dags/cleaning/day_clean.py
[2025-09-15T08:28:42.841+0000] {processor.py:183} INFO - Processing /opt/airflow/dags/cleaning/day_clean.py took 0.036 seconds
[2025-09-15T08:29:13.320+0000] {processor.py:161} INFO - Started process (PID=7650) to work on /opt/airflow/dags/cleaning/day_clean.py
[2025-09-15T08:29:13.321+0000] {processor.py:830} INFO - Processing file /opt/airflow/dags/cleaning/day_clean.py for tasks to queue
[2025-09-15T08:29:13.322+0000] {logging_mixin.py:188} INFO - [2025-09-15T08:29:13.322+0000] {dagbag.py:540} INFO - Filling up the DagBag from /opt/airflow/dags/cleaning/day_clean.py
[2025-09-15T08:29:13.334+0000] {processor.py:842} WARNING - No viable dags retrieved from /opt/airflow/dags/cleaning/day_clean.py
[2025-09-15T08:29:13.353+0000] {processor.py:183} INFO - Processing /opt/airflow/dags/cleaning/day_clean.py took 0.039 seconds
[2025-09-15T08:29:43.951+0000] {processor.py:161} INFO - Started process (PID=7685) to work on /opt/airflow/dags/cleaning/day_clean.py
[2025-09-15T08:29:43.954+0000] {processor.py:830} INFO - Processing file /opt/airflow/dags/cleaning/day_clean.py for tasks to queue
[2025-09-15T08:29:43.956+0000] {logging_mixin.py:188} INFO - [2025-09-15T08:29:43.955+0000] {dagbag.py:540} INFO - Filling up the DagBag from /opt/airflow/dags/cleaning/day_clean.py
[2025-09-15T08:29:43.995+0000] {processor.py:842} WARNING - No viable dags retrieved from /opt/airflow/dags/cleaning/day_clean.py
[2025-09-15T08:29:44.046+0000] {processor.py:183} INFO - Processing /opt/airflow/dags/cleaning/day_clean.py took 0.104 seconds
[2025-09-15T08:30:14.579+0000] {processor.py:161} INFO - Started process (PID=7720) to work on /opt/airflow/dags/cleaning/day_clean.py
[2025-09-15T08:30:14.580+0000] {processor.py:830} INFO - Processing file /opt/airflow/dags/cleaning/day_clean.py for tasks to queue
[2025-09-15T08:30:14.581+0000] {logging_mixin.py:188} INFO - [2025-09-15T08:30:14.581+0000] {dagbag.py:540} INFO - Filling up the DagBag from /opt/airflow/dags/cleaning/day_clean.py
[2025-09-15T08:30:14.604+0000] {processor.py:842} WARNING - No viable dags retrieved from /opt/airflow/dags/cleaning/day_clean.py
[2025-09-15T08:30:14.633+0000] {processor.py:183} INFO - Processing /opt/airflow/dags/cleaning/day_clean.py took 0.062 seconds
[2025-09-15T08:30:45.341+0000] {processor.py:161} INFO - Started process (PID=7755) to work on /opt/airflow/dags/cleaning/day_clean.py
[2025-09-15T08:30:45.342+0000] {processor.py:830} INFO - Processing file /opt/airflow/dags/cleaning/day_clean.py for tasks to queue
[2025-09-15T08:30:45.343+0000] {logging_mixin.py:188} INFO - [2025-09-15T08:30:45.343+0000] {dagbag.py:540} INFO - Filling up the DagBag from /opt/airflow/dags/cleaning/day_clean.py
[2025-09-15T08:30:45.367+0000] {processor.py:842} WARNING - No viable dags retrieved from /opt/airflow/dags/cleaning/day_clean.py
[2025-09-15T08:30:45.403+0000] {processor.py:183} INFO - Processing /opt/airflow/dags/cleaning/day_clean.py took 0.070 seconds
[2025-09-15T08:31:15.838+0000] {processor.py:161} INFO - Started process (PID=7790) to work on /opt/airflow/dags/cleaning/day_clean.py
[2025-09-15T08:31:15.839+0000] {processor.py:830} INFO - Processing file /opt/airflow/dags/cleaning/day_clean.py for tasks to queue
[2025-09-15T08:31:15.840+0000] {logging_mixin.py:188} INFO - [2025-09-15T08:31:15.840+0000] {dagbag.py:540} INFO - Filling up the DagBag from /opt/airflow/dags/cleaning/day_clean.py
[2025-09-15T08:31:15.852+0000] {processor.py:842} WARNING - No viable dags retrieved from /opt/airflow/dags/cleaning/day_clean.py
[2025-09-15T08:31:15.867+0000] {processor.py:183} INFO - Processing /opt/airflow/dags/cleaning/day_clean.py took 0.036 seconds
[2025-09-15T08:31:46.304+0000] {processor.py:161} INFO - Started process (PID=7825) to work on /opt/airflow/dags/cleaning/day_clean.py
[2025-09-15T08:31:46.305+0000] {processor.py:830} INFO - Processing file /opt/airflow/dags/cleaning/day_clean.py for tasks to queue
[2025-09-15T08:31:46.306+0000] {logging_mixin.py:188} INFO - [2025-09-15T08:31:46.306+0000] {dagbag.py:540} INFO - Filling up the DagBag from /opt/airflow/dags/cleaning/day_clean.py
[2025-09-15T08:31:46.321+0000] {processor.py:842} WARNING - No viable dags retrieved from /opt/airflow/dags/cleaning/day_clean.py
[2025-09-15T08:31:46.338+0000] {processor.py:183} INFO - Processing /opt/airflow/dags/cleaning/day_clean.py took 0.041 seconds
[2025-09-15T08:32:16.930+0000] {processor.py:161} INFO - Started process (PID=7860) to work on /opt/airflow/dags/cleaning/day_clean.py
[2025-09-15T08:32:16.931+0000] {processor.py:830} INFO - Processing file /opt/airflow/dags/cleaning/day_clean.py for tasks to queue
[2025-09-15T08:32:16.932+0000] {logging_mixin.py:188} INFO - [2025-09-15T08:32:16.932+0000] {dagbag.py:540} INFO - Filling up the DagBag from /opt/airflow/dags/cleaning/day_clean.py
[2025-09-15T08:32:16.943+0000] {processor.py:842} WARNING - No viable dags retrieved from /opt/airflow/dags/cleaning/day_clean.py
[2025-09-15T08:32:16.959+0000] {processor.py:183} INFO - Processing /opt/airflow/dags/cleaning/day_clean.py took 0.036 seconds
[2025-09-15T08:32:47.563+0000] {processor.py:161} INFO - Started process (PID=7895) to work on /opt/airflow/dags/cleaning/day_clean.py
[2025-09-15T08:32:47.564+0000] {processor.py:830} INFO - Processing file /opt/airflow/dags/cleaning/day_clean.py for tasks to queue
[2025-09-15T08:32:47.565+0000] {logging_mixin.py:188} INFO - [2025-09-15T08:32:47.565+0000] {dagbag.py:540} INFO - Filling up the DagBag from /opt/airflow/dags/cleaning/day_clean.py
[2025-09-15T08:32:47.580+0000] {processor.py:842} WARNING - No viable dags retrieved from /opt/airflow/dags/cleaning/day_clean.py
[2025-09-15T08:32:47.599+0000] {processor.py:183} INFO - Processing /opt/airflow/dags/cleaning/day_clean.py took 0.042 seconds
[2025-09-15T08:33:18.139+0000] {processor.py:161} INFO - Started process (PID=7930) to work on /opt/airflow/dags/cleaning/day_clean.py
[2025-09-15T08:33:18.140+0000] {processor.py:830} INFO - Processing file /opt/airflow/dags/cleaning/day_clean.py for tasks to queue
[2025-09-15T08:33:18.141+0000] {logging_mixin.py:188} INFO - [2025-09-15T08:33:18.141+0000] {dagbag.py:540} INFO - Filling up the DagBag from /opt/airflow/dags/cleaning/day_clean.py
[2025-09-15T08:33:18.154+0000] {processor.py:842} WARNING - No viable dags retrieved from /opt/airflow/dags/cleaning/day_clean.py
[2025-09-15T08:33:18.170+0000] {processor.py:183} INFO - Processing /opt/airflow/dags/cleaning/day_clean.py took 0.037 seconds
[2025-09-15T08:33:48.618+0000] {processor.py:161} INFO - Started process (PID=7965) to work on /opt/airflow/dags/cleaning/day_clean.py
[2025-09-15T08:33:48.619+0000] {processor.py:830} INFO - Processing file /opt/airflow/dags/cleaning/day_clean.py for tasks to queue
[2025-09-15T08:33:48.620+0000] {logging_mixin.py:188} INFO - [2025-09-15T08:33:48.619+0000] {dagbag.py:540} INFO - Filling up the DagBag from /opt/airflow/dags/cleaning/day_clean.py
[2025-09-15T08:33:48.633+0000] {processor.py:842} WARNING - No viable dags retrieved from /opt/airflow/dags/cleaning/day_clean.py
[2025-09-15T08:33:48.650+0000] {processor.py:183} INFO - Processing /opt/airflow/dags/cleaning/day_clean.py took 0.039 seconds
[2025-09-15T08:34:18.608+0000] {processor.py:161} INFO - Started process (PID=8000) to work on /opt/airflow/dags/cleaning/day_clean.py
[2025-09-15T08:34:18.609+0000] {processor.py:830} INFO - Processing file /opt/airflow/dags/cleaning/day_clean.py for tasks to queue
[2025-09-15T08:34:18.610+0000] {logging_mixin.py:188} INFO - [2025-09-15T08:34:18.610+0000] {dagbag.py:540} INFO - Filling up the DagBag from /opt/airflow/dags/cleaning/day_clean.py
[2025-09-15T08:34:18.622+0000] {processor.py:842} WARNING - No viable dags retrieved from /opt/airflow/dags/cleaning/day_clean.py
[2025-09-15T08:34:18.637+0000] {processor.py:183} INFO - Processing /opt/airflow/dags/cleaning/day_clean.py took 0.035 seconds
[2025-09-15T08:34:49.552+0000] {processor.py:161} INFO - Started process (PID=8035) to work on /opt/airflow/dags/cleaning/day_clean.py
[2025-09-15T08:34:49.553+0000] {processor.py:830} INFO - Processing file /opt/airflow/dags/cleaning/day_clean.py for tasks to queue
[2025-09-15T08:34:49.554+0000] {logging_mixin.py:188} INFO - [2025-09-15T08:34:49.553+0000] {dagbag.py:540} INFO - Filling up the DagBag from /opt/airflow/dags/cleaning/day_clean.py
[2025-09-15T08:34:49.567+0000] {processor.py:842} WARNING - No viable dags retrieved from /opt/airflow/dags/cleaning/day_clean.py
[2025-09-15T08:34:49.599+0000] {processor.py:183} INFO - Processing /opt/airflow/dags/cleaning/day_clean.py took 0.056 seconds
[2025-09-15T08:35:20.093+0000] {processor.py:161} INFO - Started process (PID=8070) to work on /opt/airflow/dags/cleaning/day_clean.py
[2025-09-15T08:35:20.094+0000] {processor.py:830} INFO - Processing file /opt/airflow/dags/cleaning/day_clean.py for tasks to queue
[2025-09-15T08:35:20.095+0000] {logging_mixin.py:188} INFO - [2025-09-15T08:35:20.095+0000] {dagbag.py:540} INFO - Filling up the DagBag from /opt/airflow/dags/cleaning/day_clean.py
[2025-09-15T08:35:20.110+0000] {processor.py:842} WARNING - No viable dags retrieved from /opt/airflow/dags/cleaning/day_clean.py
[2025-09-15T08:35:20.126+0000] {processor.py:183} INFO - Processing /opt/airflow/dags/cleaning/day_clean.py took 0.040 seconds
[2025-09-15T08:35:50.797+0000] {processor.py:161} INFO - Started process (PID=8105) to work on /opt/airflow/dags/cleaning/day_clean.py
[2025-09-15T08:35:50.799+0000] {processor.py:830} INFO - Processing file /opt/airflow/dags/cleaning/day_clean.py for tasks to queue
[2025-09-15T08:35:50.800+0000] {logging_mixin.py:188} INFO - [2025-09-15T08:35:50.799+0000] {dagbag.py:540} INFO - Filling up the DagBag from /opt/airflow/dags/cleaning/day_clean.py
[2025-09-15T08:35:50.811+0000] {processor.py:842} WARNING - No viable dags retrieved from /opt/airflow/dags/cleaning/day_clean.py
[2025-09-15T08:35:50.826+0000] {processor.py:183} INFO - Processing /opt/airflow/dags/cleaning/day_clean.py took 0.035 seconds
[2025-09-15T08:36:21.371+0000] {processor.py:161} INFO - Started process (PID=8140) to work on /opt/airflow/dags/cleaning/day_clean.py
[2025-09-15T08:36:21.373+0000] {processor.py:830} INFO - Processing file /opt/airflow/dags/cleaning/day_clean.py for tasks to queue
[2025-09-15T08:36:21.374+0000] {logging_mixin.py:188} INFO - [2025-09-15T08:36:21.373+0000] {dagbag.py:540} INFO - Filling up the DagBag from /opt/airflow/dags/cleaning/day_clean.py
[2025-09-15T08:36:21.384+0000] {processor.py:842} WARNING - No viable dags retrieved from /opt/airflow/dags/cleaning/day_clean.py
[2025-09-15T08:36:21.399+0000] {processor.py:183} INFO - Processing /opt/airflow/dags/cleaning/day_clean.py took 0.036 seconds
[2025-09-15T08:36:51.927+0000] {processor.py:161} INFO - Started process (PID=8175) to work on /opt/airflow/dags/cleaning/day_clean.py
[2025-09-15T08:36:51.928+0000] {processor.py:830} INFO - Processing file /opt/airflow/dags/cleaning/day_clean.py for tasks to queue
[2025-09-15T08:36:51.929+0000] {logging_mixin.py:188} INFO - [2025-09-15T08:36:51.929+0000] {dagbag.py:540} INFO - Filling up the DagBag from /opt/airflow/dags/cleaning/day_clean.py
[2025-09-15T08:36:51.940+0000] {processor.py:842} WARNING - No viable dags retrieved from /opt/airflow/dags/cleaning/day_clean.py
[2025-09-15T08:36:51.956+0000] {processor.py:183} INFO - Processing /opt/airflow/dags/cleaning/day_clean.py took 0.034 seconds
[2025-09-15T08:37:22.492+0000] {processor.py:161} INFO - Started process (PID=8210) to work on /opt/airflow/dags/cleaning/day_clean.py
[2025-09-15T08:37:22.493+0000] {processor.py:830} INFO - Processing file /opt/airflow/dags/cleaning/day_clean.py for tasks to queue
[2025-09-15T08:37:22.494+0000] {logging_mixin.py:188} INFO - [2025-09-15T08:37:22.493+0000] {dagbag.py:540} INFO - Filling up the DagBag from /opt/airflow/dags/cleaning/day_clean.py
[2025-09-15T08:37:22.505+0000] {processor.py:842} WARNING - No viable dags retrieved from /opt/airflow/dags/cleaning/day_clean.py
[2025-09-15T08:37:22.525+0000] {processor.py:183} INFO - Processing /opt/airflow/dags/cleaning/day_clean.py took 0.039 seconds
[2025-09-15T08:37:53.160+0000] {processor.py:161} INFO - Started process (PID=8245) to work on /opt/airflow/dags/cleaning/day_clean.py
[2025-09-15T08:37:53.161+0000] {processor.py:830} INFO - Processing file /opt/airflow/dags/cleaning/day_clean.py for tasks to queue
[2025-09-15T08:37:53.162+0000] {logging_mixin.py:188} INFO - [2025-09-15T08:37:53.162+0000] {dagbag.py:540} INFO - Filling up the DagBag from /opt/airflow/dags/cleaning/day_clean.py
[2025-09-15T08:37:53.177+0000] {processor.py:842} WARNING - No viable dags retrieved from /opt/airflow/dags/cleaning/day_clean.py
[2025-09-15T08:37:53.193+0000] {processor.py:183} INFO - Processing /opt/airflow/dags/cleaning/day_clean.py took 0.041 seconds
[2025-09-15T08:38:23.886+0000] {processor.py:161} INFO - Started process (PID=8280) to work on /opt/airflow/dags/cleaning/day_clean.py
[2025-09-15T08:38:23.887+0000] {processor.py:830} INFO - Processing file /opt/airflow/dags/cleaning/day_clean.py for tasks to queue
[2025-09-15T08:38:23.888+0000] {logging_mixin.py:188} INFO - [2025-09-15T08:38:23.888+0000] {dagbag.py:540} INFO - Filling up the DagBag from /opt/airflow/dags/cleaning/day_clean.py
[2025-09-15T08:38:23.902+0000] {processor.py:842} WARNING - No viable dags retrieved from /opt/airflow/dags/cleaning/day_clean.py
[2025-09-15T08:38:23.917+0000] {processor.py:183} INFO - Processing /opt/airflow/dags/cleaning/day_clean.py took 0.036 seconds
[2025-09-15T08:38:54.707+0000] {processor.py:161} INFO - Started process (PID=8315) to work on /opt/airflow/dags/cleaning/day_clean.py
[2025-09-15T08:38:54.708+0000] {processor.py:830} INFO - Processing file /opt/airflow/dags/cleaning/day_clean.py for tasks to queue
[2025-09-15T08:38:54.709+0000] {logging_mixin.py:188} INFO - [2025-09-15T08:38:54.708+0000] {dagbag.py:540} INFO - Filling up the DagBag from /opt/airflow/dags/cleaning/day_clean.py
[2025-09-15T08:38:54.723+0000] {processor.py:842} WARNING - No viable dags retrieved from /opt/airflow/dags/cleaning/day_clean.py
[2025-09-15T08:38:54.738+0000] {processor.py:183} INFO - Processing /opt/airflow/dags/cleaning/day_clean.py took 0.037 seconds
[2025-09-15T08:39:25.390+0000] {processor.py:161} INFO - Started process (PID=8350) to work on /opt/airflow/dags/cleaning/day_clean.py
[2025-09-15T08:39:25.391+0000] {processor.py:830} INFO - Processing file /opt/airflow/dags/cleaning/day_clean.py for tasks to queue
[2025-09-15T08:39:25.392+0000] {logging_mixin.py:188} INFO - [2025-09-15T08:39:25.392+0000] {dagbag.py:540} INFO - Filling up the DagBag from /opt/airflow/dags/cleaning/day_clean.py
[2025-09-15T08:39:25.410+0000] {processor.py:842} WARNING - No viable dags retrieved from /opt/airflow/dags/cleaning/day_clean.py
[2025-09-15T08:39:25.433+0000] {processor.py:183} INFO - Processing /opt/airflow/dags/cleaning/day_clean.py took 0.049 seconds
[2025-09-15T08:39:56.144+0000] {processor.py:161} INFO - Started process (PID=8385) to work on /opt/airflow/dags/cleaning/day_clean.py
[2025-09-15T08:39:56.145+0000] {processor.py:830} INFO - Processing file /opt/airflow/dags/cleaning/day_clean.py for tasks to queue
[2025-09-15T08:39:56.146+0000] {logging_mixin.py:188} INFO - [2025-09-15T08:39:56.146+0000] {dagbag.py:540} INFO - Filling up the DagBag from /opt/airflow/dags/cleaning/day_clean.py
[2025-09-15T08:39:56.157+0000] {processor.py:842} WARNING - No viable dags retrieved from /opt/airflow/dags/cleaning/day_clean.py
[2025-09-15T08:39:56.171+0000] {processor.py:183} INFO - Processing /opt/airflow/dags/cleaning/day_clean.py took 0.033 seconds
[2025-09-15T08:40:27.000+0000] {processor.py:161} INFO - Started process (PID=8420) to work on /opt/airflow/dags/cleaning/day_clean.py
[2025-09-15T08:40:27.001+0000] {processor.py:830} INFO - Processing file /opt/airflow/dags/cleaning/day_clean.py for tasks to queue
[2025-09-15T08:40:27.002+0000] {logging_mixin.py:188} INFO - [2025-09-15T08:40:27.001+0000] {dagbag.py:540} INFO - Filling up the DagBag from /opt/airflow/dags/cleaning/day_clean.py
[2025-09-15T08:40:27.012+0000] {processor.py:842} WARNING - No viable dags retrieved from /opt/airflow/dags/cleaning/day_clean.py
[2025-09-15T08:40:27.029+0000] {processor.py:183} INFO - Processing /opt/airflow/dags/cleaning/day_clean.py took 0.034 seconds
[2025-09-15T08:40:57.768+0000] {processor.py:161} INFO - Started process (PID=8455) to work on /opt/airflow/dags/cleaning/day_clean.py
[2025-09-15T08:40:57.769+0000] {processor.py:830} INFO - Processing file /opt/airflow/dags/cleaning/day_clean.py for tasks to queue
[2025-09-15T08:40:57.770+0000] {logging_mixin.py:188} INFO - [2025-09-15T08:40:57.770+0000] {dagbag.py:540} INFO - Filling up the DagBag from /opt/airflow/dags/cleaning/day_clean.py
[2025-09-15T08:40:57.786+0000] {processor.py:842} WARNING - No viable dags retrieved from /opt/airflow/dags/cleaning/day_clean.py
[2025-09-15T08:40:57.804+0000] {processor.py:183} INFO - Processing /opt/airflow/dags/cleaning/day_clean.py took 0.043 seconds
[2025-09-15T08:41:28.255+0000] {processor.py:161} INFO - Started process (PID=8490) to work on /opt/airflow/dags/cleaning/day_clean.py
[2025-09-15T08:41:28.256+0000] {processor.py:830} INFO - Processing file /opt/airflow/dags/cleaning/day_clean.py for tasks to queue
[2025-09-15T08:41:28.257+0000] {logging_mixin.py:188} INFO - [2025-09-15T08:41:28.256+0000] {dagbag.py:540} INFO - Filling up the DagBag from /opt/airflow/dags/cleaning/day_clean.py
[2025-09-15T08:41:28.268+0000] {processor.py:842} WARNING - No viable dags retrieved from /opt/airflow/dags/cleaning/day_clean.py
[2025-09-15T08:41:28.283+0000] {processor.py:183} INFO - Processing /opt/airflow/dags/cleaning/day_clean.py took 0.034 seconds
[2025-09-15T08:41:58.848+0000] {processor.py:161} INFO - Started process (PID=8525) to work on /opt/airflow/dags/cleaning/day_clean.py
[2025-09-15T08:41:58.849+0000] {processor.py:830} INFO - Processing file /opt/airflow/dags/cleaning/day_clean.py for tasks to queue
[2025-09-15T08:41:58.850+0000] {logging_mixin.py:188} INFO - [2025-09-15T08:41:58.850+0000] {dagbag.py:540} INFO - Filling up the DagBag from /opt/airflow/dags/cleaning/day_clean.py
[2025-09-15T08:41:58.308+0000] {processor.py:842} WARNING - No viable dags retrieved from /opt/airflow/dags/cleaning/day_clean.py
[2025-09-15T08:41:58.327+0000] {processor.py:183} INFO - Processing /opt/airflow/dags/cleaning/day_clean.py took 0.047 seconds
[2025-09-15T08:42:29.201+0000] {processor.py:161} INFO - Started process (PID=8560) to work on /opt/airflow/dags/cleaning/day_clean.py
[2025-09-15T08:42:29.202+0000] {processor.py:830} INFO - Processing file /opt/airflow/dags/cleaning/day_clean.py for tasks to queue
[2025-09-15T08:42:29.203+0000] {logging_mixin.py:188} INFO - [2025-09-15T08:42:29.202+0000] {dagbag.py:540} INFO - Filling up the DagBag from /opt/airflow/dags/cleaning/day_clean.py
[2025-09-15T08:42:29.215+0000] {processor.py:842} WARNING - No viable dags retrieved from /opt/airflow/dags/cleaning/day_clean.py
[2025-09-15T08:42:29.230+0000] {processor.py:183} INFO - Processing /opt/airflow/dags/cleaning/day_clean.py took 0.035 seconds
[2025-09-15T08:42:59.795+0000] {processor.py:161} INFO - Started process (PID=8595) to work on /opt/airflow/dags/cleaning/day_clean.py
[2025-09-15T08:42:59.797+0000] {processor.py:830} INFO - Processing file /opt/airflow/dags/cleaning/day_clean.py for tasks to queue
[2025-09-15T08:42:59.799+0000] {logging_mixin.py:188} INFO - [2025-09-15T08:42:59.798+0000] {dagbag.py:540} INFO - Filling up the DagBag from /opt/airflow/dags/cleaning/day_clean.py
[2025-09-15T08:42:59.820+0000] {processor.py:842} WARNING - No viable dags retrieved from /opt/airflow/dags/cleaning/day_clean.py
[2025-09-15T08:42:59.837+0000] {processor.py:183} INFO - Processing /opt/airflow/dags/cleaning/day_clean.py took 0.047 seconds
[2025-09-15T08:43:30.494+0000] {processor.py:161} INFO - Started process (PID=8630) to work on /opt/airflow/dags/cleaning/day_clean.py
[2025-09-15T08:43:30.495+0000] {processor.py:830} INFO - Processing file /opt/airflow/dags/cleaning/day_clean.py for tasks to queue
[2025-09-15T08:43:30.496+0000] {logging_mixin.py:188} INFO - [2025-09-15T08:43:30.496+0000] {dagbag.py:540} INFO - Filling up the DagBag from /opt/airflow/dags/cleaning/day_clean.py
[2025-09-15T08:43:30.507+0000] {processor.py:842} WARNING - No viable dags retrieved from /opt/airflow/dags/cleaning/day_clean.py
[2025-09-15T08:43:30.523+0000] {processor.py:183} INFO - Processing /opt/airflow/dags/cleaning/day_clean.py took 0.035 seconds
[2025-09-15T08:44:01.266+0000] {processor.py:161} INFO - Started process (PID=8665) to work on /opt/airflow/dags/cleaning/day_clean.py
[2025-09-15T08:44:01.267+0000] {processor.py:830} INFO - Processing file /opt/airflow/dags/cleaning/day_clean.py for tasks to queue
[2025-09-15T08:44:01.268+0000] {logging_mixin.py:188} INFO - [2025-09-15T08:44:01.268+0000] {dagbag.py:540} INFO - Filling up the DagBag from /opt/airflow/dags/cleaning/day_clean.py
[2025-09-15T08:44:01.282+0000] {processor.py:842} WARNING - No viable dags retrieved from /opt/airflow/dags/cleaning/day_clean.py
[2025-09-15T08:44:01.299+0000] {processor.py:183} INFO - Processing /opt/airflow/dags/cleaning/day_clean.py took 0.043 seconds
[2025-09-15T08:44:31.912+0000] {processor.py:161} INFO - Started process (PID=8700) to work on /opt/airflow/dags/cleaning/day_clean.py
[2025-09-15T08:44:31.913+0000] {processor.py:830} INFO - Processing file /opt/airflow/dags/cleaning/day_clean.py for tasks to queue
[2025-09-15T08:44:31.914+0000] {logging_mixin.py:188} INFO - [2025-09-15T08:44:31.914+0000] {dagbag.py:540} INFO - Filling up the DagBag from /opt/airflow/dags/cleaning/day_clean.py
[2025-09-15T08:44:31.925+0000] {processor.py:842} WARNING - No viable dags retrieved from /opt/airflow/dags/cleaning/day_clean.py
[2025-09-15T08:44:31.939+0000] {processor.py:183} INFO - Processing /opt/airflow/dags/cleaning/day_clean.py took 0.033 seconds
[2025-09-15T08:45:02.725+0000] {processor.py:161} INFO - Started process (PID=8735) to work on /opt/airflow/dags/cleaning/day_clean.py
[2025-09-15T08:45:02.726+0000] {processor.py:830} INFO - Processing file /opt/airflow/dags/cleaning/day_clean.py for tasks to queue
[2025-09-15T08:45:02.727+0000] {logging_mixin.py:188} INFO - [2025-09-15T08:45:02.727+0000] {dagbag.py:540} INFO - Filling up the DagBag from /opt/airflow/dags/cleaning/day_clean.py
[2025-09-15T08:45:02.757+0000] {processor.py:842} WARNING - No viable dags retrieved from /opt/airflow/dags/cleaning/day_clean.py
[2025-09-15T08:45:02.773+0000] {processor.py:183} INFO - Processing /opt/airflow/dags/cleaning/day_clean.py took 0.054 seconds
[2025-09-15T08:45:33.359+0000] {processor.py:161} INFO - Started process (PID=8770) to work on /opt/airflow/dags/cleaning/day_clean.py
[2025-09-15T08:45:33.360+0000] {processor.py:830} INFO - Processing file /opt/airflow/dags/cleaning/day_clean.py for tasks to queue
[2025-09-15T08:45:33.362+0000] {logging_mixin.py:188} INFO - [2025-09-15T08:45:33.361+0000] {dagbag.py:540} INFO - Filling up the DagBag from /opt/airflow/dags/cleaning/day_clean.py
[2025-09-15T08:45:33.377+0000] {processor.py:842} WARNING - No viable dags retrieved from /opt/airflow/dags/cleaning/day_clean.py
[2025-09-15T08:45:33.394+0000] {processor.py:183} INFO - Processing /opt/airflow/dags/cleaning/day_clean.py took 0.041 seconds
[2025-09-15T08:46:03.892+0000] {processor.py:161} INFO - Started process (PID=8805) to work on /opt/airflow/dags/cleaning/day_clean.py
[2025-09-15T08:46:03.893+0000] {processor.py:830} INFO - Processing file /opt/airflow/dags/cleaning/day_clean.py for tasks to queue
[2025-09-15T08:46:03.894+0000] {logging_mixin.py:188} INFO - [2025-09-15T08:46:03.894+0000] {dagbag.py:540} INFO - Filling up the DagBag from /opt/airflow/dags/cleaning/day_clean.py
[2025-09-15T08:46:03.906+0000] {processor.py:842} WARNING - No viable dags retrieved from /opt/airflow/dags/cleaning/day_clean.py
[2025-09-15T08:46:03.924+0000] {processor.py:183} INFO - Processing /opt/airflow/dags/cleaning/day_clean.py took 0.038 seconds
[2025-09-15T08:46:34.634+0000] {processor.py:161} INFO - Started process (PID=8840) to work on /opt/airflow/dags/cleaning/day_clean.py
[2025-09-15T08:46:34.639+0000] {processor.py:830} INFO - Processing file /opt/airflow/dags/cleaning/day_clean.py for tasks to queue
[2025-09-15T08:46:34.649+0000] {logging_mixin.py:188} INFO - [2025-09-15T08:46:34.642+0000] {dagbag.py:540} INFO - Filling up the DagBag from /opt/airflow/dags/cleaning/day_clean.py
[2025-09-15T08:46:34.735+0000] {processor.py:842} WARNING - No viable dags retrieved from /opt/airflow/dags/cleaning/day_clean.py
[2025-09-15T08:46:34.826+0000] {processor.py:183} INFO - Processing /opt/airflow/dags/cleaning/day_clean.py took 0.230 seconds
[2025-09-15T08:47:05.711+0000] {processor.py:161} INFO - Started process (PID=8875) to work on /opt/airflow/dags/cleaning/day_clean.py
[2025-09-15T08:47:05.713+0000] {processor.py:830} INFO - Processing file /opt/airflow/dags/cleaning/day_clean.py for tasks to queue
[2025-09-15T08:47:05.714+0000] {logging_mixin.py:188} INFO - [2025-09-15T08:47:05.714+0000] {dagbag.py:540} INFO - Filling up the DagBag from /opt/airflow/dags/cleaning/day_clean.py
[2025-09-15T08:47:05.724+0000] {processor.py:842} WARNING - No viable dags retrieved from /opt/airflow/dags/cleaning/day_clean.py
[2025-09-15T08:47:05.739+0000] {processor.py:183} INFO - Processing /opt/airflow/dags/cleaning/day_clean.py took 0.033 seconds
[2025-09-15T08:47:36.415+0000] {processor.py:161} INFO - Started process (PID=8910) to work on /opt/airflow/dags/cleaning/day_clean.py
[2025-09-15T08:47:36.416+0000] {processor.py:830} INFO - Processing file /opt/airflow/dags/cleaning/day_clean.py for tasks to queue
[2025-09-15T08:47:36.417+0000] {logging_mixin.py:188} INFO - [2025-09-15T08:47:36.417+0000] {dagbag.py:540} INFO - Filling up the DagBag from /opt/airflow/dags/cleaning/day_clean.py
[2025-09-15T08:47:36.429+0000] {processor.py:842} WARNING - No viable dags retrieved from /opt/airflow/dags/cleaning/day_clean.py
[2025-09-15T08:47:36.444+0000] {processor.py:183} INFO - Processing /opt/airflow/dags/cleaning/day_clean.py took 0.035 seconds
[2025-09-15T08:48:07.081+0000] {processor.py:161} INFO - Started process (PID=8945) to work on /opt/airflow/dags/cleaning/day_clean.py
[2025-09-15T08:48:07.082+0000] {processor.py:830} INFO - Processing file /opt/airflow/dags/cleaning/day_clean.py for tasks to queue
[2025-09-15T08:48:07.083+0000] {logging_mixin.py:188} INFO - [2025-09-15T08:48:07.083+0000] {dagbag.py:540} INFO - Filling up the DagBag from /opt/airflow/dags/cleaning/day_clean.py
[2025-09-15T08:48:07.097+0000] {processor.py:842} WARNING - No viable dags retrieved from /opt/airflow/dags/cleaning/day_clean.py
[2025-09-15T08:48:07.112+0000] {processor.py:183} INFO - Processing /opt/airflow/dags/cleaning/day_clean.py took 0.036 seconds
[2025-09-15T08:48:37.785+0000] {processor.py:161} INFO - Started process (PID=8980) to work on /opt/airflow/dags/cleaning/day_clean.py
[2025-09-15T08:48:37.786+0000] {processor.py:830} INFO - Processing file /opt/airflow/dags/cleaning/day_clean.py for tasks to queue
[2025-09-15T08:48:37.787+0000] {logging_mixin.py:188} INFO - [2025-09-15T08:48:37.787+0000] {dagbag.py:540} INFO - Filling up the DagBag from /opt/airflow/dags/cleaning/day_clean.py
[2025-09-15T08:48:37.808+0000] {processor.py:842} WARNING - No viable dags retrieved from /opt/airflow/dags/cleaning/day_clean.py
[2025-09-15T08:48:37.825+0000] {processor.py:183} INFO - Processing /opt/airflow/dags/cleaning/day_clean.py took 0.047 seconds
[2025-09-15T08:49:08.297+0000] {processor.py:161} INFO - Started process (PID=9015) to work on /opt/airflow/dags/cleaning/day_clean.py
[2025-09-15T08:49:08.299+0000] {processor.py:830} INFO - Processing file /opt/airflow/dags/cleaning/day_clean.py for tasks to queue
[2025-09-15T08:49:08.301+0000] {logging_mixin.py:188} INFO - [2025-09-15T08:49:08.300+0000] {dagbag.py:540} INFO - Filling up the DagBag from /opt/airflow/dags/cleaning/day_clean.py
[2025-09-15T08:49:08.321+0000] {processor.py:842} WARNING - No viable dags retrieved from /opt/airflow/dags/cleaning/day_clean.py
[2025-09-15T08:49:08.342+0000] {processor.py:183} INFO - Processing /opt/airflow/dags/cleaning/day_clean.py took 0.055 seconds
[2025-09-15T08:49:38.684+0000] {processor.py:161} INFO - Started process (PID=9050) to work on /opt/airflow/dags/cleaning/day_clean.py
[2025-09-15T08:49:38.685+0000] {processor.py:830} INFO - Processing file /opt/airflow/dags/cleaning/day_clean.py for tasks to queue
[2025-09-15T08:49:38.686+0000] {logging_mixin.py:188} INFO - [2025-09-15T08:49:38.686+0000] {dagbag.py:540} INFO - Filling up the DagBag from /opt/airflow/dags/cleaning/day_clean.py
[2025-09-15T08:49:38.698+0000] {processor.py:842} WARNING - No viable dags retrieved from /opt/airflow/dags/cleaning/day_clean.py
[2025-09-15T08:49:38.720+0000] {processor.py:183} INFO - Processing /opt/airflow/dags/cleaning/day_clean.py took 0.050 seconds
[2025-09-15T08:50:09.371+0000] {processor.py:161} INFO - Started process (PID=9085) to work on /opt/airflow/dags/cleaning/day_clean.py
[2025-09-15T08:50:09.372+0000] {processor.py:830} INFO - Processing file /opt/airflow/dags/cleaning/day_clean.py for tasks to queue
[2025-09-15T08:50:09.373+0000] {logging_mixin.py:188} INFO - [2025-09-15T08:50:09.373+0000] {dagbag.py:540} INFO - Filling up the DagBag from /opt/airflow/dags/cleaning/day_clean.py
[2025-09-15T08:50:09.387+0000] {processor.py:842} WARNING - No viable dags retrieved from /opt/airflow/dags/cleaning/day_clean.py
[2025-09-15T08:50:09.403+0000] {processor.py:183} INFO - Processing /opt/airflow/dags/cleaning/day_clean.py took 0.038 seconds
[2025-09-15T08:50:40.026+0000] {processor.py:161} INFO - Started process (PID=9120) to work on /opt/airflow/dags/cleaning/day_clean.py
[2025-09-15T08:50:40.028+0000] {processor.py:830} INFO - Processing file /opt/airflow/dags/cleaning/day_clean.py for tasks to queue
[2025-09-15T08:50:40.029+0000] {logging_mixin.py:188} INFO - [2025-09-15T08:50:40.029+0000] {dagbag.py:540} INFO - Filling up the DagBag from /opt/airflow/dags/cleaning/day_clean.py
[2025-09-15T08:50:40.046+0000] {processor.py:842} WARNING - No viable dags retrieved from /opt/airflow/dags/cleaning/day_clean.py
[2025-09-15T08:50:40.074+0000] {processor.py:183} INFO - Processing /opt/airflow/dags/cleaning/day_clean.py took 0.061 seconds
[2025-09-15T08:51:10.549+0000] {processor.py:161} INFO - Started process (PID=9155) to work on /opt/airflow/dags/cleaning/day_clean.py
[2025-09-15T08:51:10.550+0000] {processor.py:830} INFO - Processing file /opt/airflow/dags/cleaning/day_clean.py for tasks to queue
[2025-09-15T08:51:10.552+0000] {logging_mixin.py:188} INFO - [2025-09-15T08:51:10.551+0000] {dagbag.py:540} INFO - Filling up the DagBag from /opt/airflow/dags/cleaning/day_clean.py
[2025-09-15T08:51:10.563+0000] {processor.py:842} WARNING - No viable dags retrieved from /opt/airflow/dags/cleaning/day_clean.py
[2025-09-15T08:51:10.580+0000] {processor.py:183} INFO - Processing /opt/airflow/dags/cleaning/day_clean.py took 0.037 seconds
[2025-09-15T08:51:41.101+0000] {processor.py:161} INFO - Started process (PID=9190) to work on /opt/airflow/dags/cleaning/day_clean.py
[2025-09-15T08:51:41.102+0000] {processor.py:830} INFO - Processing file /opt/airflow/dags/cleaning/day_clean.py for tasks to queue
[2025-09-15T08:51:41.103+0000] {logging_mixin.py:188} INFO - [2025-09-15T08:51:41.103+0000] {dagbag.py:540} INFO - Filling up the DagBag from /opt/airflow/dags/cleaning/day_clean.py
[2025-09-15T08:51:41.115+0000] {processor.py:842} WARNING - No viable dags retrieved from /opt/airflow/dags/cleaning/day_clean.py
[2025-09-15T08:51:41.130+0000] {processor.py:183} INFO - Processing /opt/airflow/dags/cleaning/day_clean.py took 0.041 seconds
[2025-09-15T08:52:11.590+0000] {processor.py:161} INFO - Started process (PID=9225) to work on /opt/airflow/dags/cleaning/day_clean.py
[2025-09-15T08:52:11.592+0000] {processor.py:830} INFO - Processing file /opt/airflow/dags/cleaning/day_clean.py for tasks to queue
[2025-09-15T08:52:11.593+0000] {logging_mixin.py:188} INFO - [2025-09-15T08:52:11.593+0000] {dagbag.py:540} INFO - Filling up the DagBag from /opt/airflow/dags/cleaning/day_clean.py
[2025-09-15T08:52:11.624+0000] {processor.py:842} WARNING - No viable dags retrieved from /opt/airflow/dags/cleaning/day_clean.py
[2025-09-15T08:52:11.664+0000] {processor.py:183} INFO - Processing /opt/airflow/dags/cleaning/day_clean.py took 0.080 seconds
[2025-09-15T08:52:42.064+0000] {processor.py:161} INFO - Started process (PID=9260) to work on /opt/airflow/dags/cleaning/day_clean.py
[2025-09-15T08:52:42.065+0000] {processor.py:830} INFO - Processing file /opt/airflow/dags/cleaning/day_clean.py for tasks to queue
[2025-09-15T08:52:42.066+0000] {logging_mixin.py:188} INFO - [2025-09-15T08:52:42.066+0000] {dagbag.py:540} INFO - Filling up the DagBag from /opt/airflow/dags/cleaning/day_clean.py
[2025-09-15T08:52:42.079+0000] {processor.py:842} WARNING - No viable dags retrieved from /opt/airflow/dags/cleaning/day_clean.py
[2025-09-15T08:52:42.096+0000] {processor.py:183} INFO - Processing /opt/airflow/dags/cleaning/day_clean.py took 0.038 seconds
[2025-09-15T08:53:12.542+0000] {processor.py:161} INFO - Started process (PID=9295) to work on /opt/airflow/dags/cleaning/day_clean.py
[2025-09-15T08:53:12.543+0000] {processor.py:830} INFO - Processing file /opt/airflow/dags/cleaning/day_clean.py for tasks to queue
[2025-09-15T08:53:12.544+0000] {logging_mixin.py:188} INFO - [2025-09-15T08:53:12.544+0000] {dagbag.py:540} INFO - Filling up the DagBag from /opt/airflow/dags/cleaning/day_clean.py
[2025-09-15T08:53:12.555+0000] {processor.py:842} WARNING - No viable dags retrieved from /opt/airflow/dags/cleaning/day_clean.py
[2025-09-15T08:53:12.571+0000] {processor.py:183} INFO - Processing /opt/airflow/dags/cleaning/day_clean.py took 0.034 seconds
[2025-09-15T08:53:43.387+0000] {processor.py:161} INFO - Started process (PID=9330) to work on /opt/airflow/dags/cleaning/day_clean.py
[2025-09-15T08:53:43.388+0000] {processor.py:830} INFO - Processing file /opt/airflow/dags/cleaning/day_clean.py for tasks to queue
[2025-09-15T08:53:43.388+0000] {logging_mixin.py:188} INFO - [2025-09-15T08:53:43.388+0000] {dagbag.py:540} INFO - Filling up the DagBag from /opt/airflow/dags/cleaning/day_clean.py
[2025-09-15T08:53:43.400+0000] {processor.py:842} WARNING - No viable dags retrieved from /opt/airflow/dags/cleaning/day_clean.py
[2025-09-15T08:53:43.415+0000] {processor.py:183} INFO - Processing /opt/airflow/dags/cleaning/day_clean.py took 0.034 seconds
[2025-09-15T08:54:14.141+0000] {processor.py:161} INFO - Started process (PID=9365) to work on /opt/airflow/dags/cleaning/day_clean.py
[2025-09-15T08:54:14.143+0000] {processor.py:830} INFO - Processing file /opt/airflow/dags/cleaning/day_clean.py for tasks to queue
[2025-09-15T08:54:14.143+0000] {logging_mixin.py:188} INFO - [2025-09-15T08:54:14.143+0000] {dagbag.py:540} INFO - Filling up the DagBag from /opt/airflow/dags/cleaning/day_clean.py
[2025-09-15T08:54:14.154+0000] {processor.py:842} WARNING - No viable dags retrieved from /opt/airflow/dags/cleaning/day_clean.py
[2025-09-15T08:54:14.171+0000] {processor.py:183} INFO - Processing /opt/airflow/dags/cleaning/day_clean.py took 0.035 seconds
[2025-09-15T08:54:44.849+0000] {processor.py:161} INFO - Started process (PID=9400) to work on /opt/airflow/dags/cleaning/day_clean.py
[2025-09-15T08:54:44.850+0000] {processor.py:830} INFO - Processing file /opt/airflow/dags/cleaning/day_clean.py for tasks to queue
[2025-09-15T08:54:44.851+0000] {logging_mixin.py:188} INFO - [2025-09-15T08:54:44.851+0000] {dagbag.py:540} INFO - Filling up the DagBag from /opt/airflow/dags/cleaning/day_clean.py
[2025-09-15T08:54:44.865+0000] {processor.py:842} WARNING - No viable dags retrieved from /opt/airflow/dags/cleaning/day_clean.py
[2025-09-15T08:54:44.882+0000] {processor.py:183} INFO - Processing /opt/airflow/dags/cleaning/day_clean.py took 0.039 seconds
[2025-09-15T08:55:15.658+0000] {processor.py:161} INFO - Started process (PID=9437) to work on /opt/airflow/dags/cleaning/day_clean.py
[2025-09-15T08:55:15.661+0000] {processor.py:830} INFO - Processing file /opt/airflow/dags/cleaning/day_clean.py for tasks to queue
[2025-09-15T08:55:15.664+0000] {logging_mixin.py:188} INFO - [2025-09-15T08:55:15.662+0000] {dagbag.py:540} INFO - Filling up the DagBag from /opt/airflow/dags/cleaning/day_clean.py
[2025-09-15T08:55:15.682+0000] {processor.py:842} WARNING - No viable dags retrieved from /opt/airflow/dags/cleaning/day_clean.py
[2025-09-15T08:55:15.849+0000] {processor.py:183} INFO - Processing /opt/airflow/dags/cleaning/day_clean.py took 0.223 seconds
[2025-09-15T08:55:46.155+0000] {processor.py:161} INFO - Started process (PID=9474) to work on /opt/airflow/dags/cleaning/day_clean.py
[2025-09-15T08:55:46.156+0000] {processor.py:830} INFO - Processing file /opt/airflow/dags/cleaning/day_clean.py for tasks to queue
[2025-09-15T08:55:46.157+0000] {logging_mixin.py:188} INFO - [2025-09-15T08:55:46.156+0000] {dagbag.py:540} INFO - Filling up the DagBag from /opt/airflow/dags/cleaning/day_clean.py
[2025-09-15T08:55:46.170+0000] {processor.py:842} WARNING - No viable dags retrieved from /opt/airflow/dags/cleaning/day_clean.py
[2025-09-15T08:55:46.186+0000] {processor.py:183} INFO - Processing /opt/airflow/dags/cleaning/day_clean.py took 0.037 seconds
[2025-09-15T08:56:17.068+0000] {processor.py:161} INFO - Started process (PID=9509) to work on /opt/airflow/dags/cleaning/day_clean.py
[2025-09-15T08:56:17.070+0000] {processor.py:830} INFO - Processing file /opt/airflow/dags/cleaning/day_clean.py for tasks to queue
[2025-09-15T08:56:17.072+0000] {logging_mixin.py:188} INFO - [2025-09-15T08:56:17.071+0000] {dagbag.py:540} INFO - Filling up the DagBag from /opt/airflow/dags/cleaning/day_clean.py
[2025-09-15T08:56:17.086+0000] {processor.py:842} WARNING - No viable dags retrieved from /opt/airflow/dags/cleaning/day_clean.py
[2025-09-15T08:56:17.103+0000] {processor.py:183} INFO - Processing /opt/airflow/dags/cleaning/day_clean.py took 0.047 seconds
[2025-09-15T08:56:47.832+0000] {processor.py:161} INFO - Started process (PID=9544) to work on /opt/airflow/dags/cleaning/day_clean.py
[2025-09-15T08:56:47.833+0000] {processor.py:830} INFO - Processing file /opt/airflow/dags/cleaning/day_clean.py for tasks to queue
[2025-09-15T08:56:47.834+0000] {logging_mixin.py:188} INFO - [2025-09-15T08:56:47.834+0000] {dagbag.py:540} INFO - Filling up the DagBag from /opt/airflow/dags/cleaning/day_clean.py
[2025-09-15T08:56:47.849+0000] {processor.py:842} WARNING - No viable dags retrieved from /opt/airflow/dags/cleaning/day_clean.py
[2025-09-15T08:56:47.868+0000] {processor.py:183} INFO - Processing /opt/airflow/dags/cleaning/day_clean.py took 0.043 seconds
[2025-09-15T08:57:18.427+0000] {processor.py:161} INFO - Started process (PID=9589) to work on /opt/airflow/dags/cleaning/day_clean.py
[2025-09-15T08:57:18.428+0000] {processor.py:830} INFO - Processing file /opt/airflow/dags/cleaning/day_clean.py for tasks to queue
[2025-09-15T08:57:18.429+0000] {logging_mixin.py:188} INFO - [2025-09-15T08:57:18.429+0000] {dagbag.py:540} INFO - Filling up the DagBag from /opt/airflow/dags/cleaning/day_clean.py
[2025-09-15T08:57:18.440+0000] {processor.py:842} WARNING - No viable dags retrieved from /opt/airflow/dags/cleaning/day_clean.py
[2025-09-15T08:57:18.455+0000] {processor.py:183} INFO - Processing /opt/airflow/dags/cleaning/day_clean.py took 0.033 seconds
[2025-09-15T08:57:48.757+0000] {processor.py:161} INFO - Started process (PID=9624) to work on /opt/airflow/dags/cleaning/day_clean.py
[2025-09-15T08:57:48.759+0000] {processor.py:830} INFO - Processing file /opt/airflow/dags/cleaning/day_clean.py for tasks to queue
[2025-09-15T08:57:48.760+0000] {logging_mixin.py:188} INFO - [2025-09-15T08:57:48.760+0000] {dagbag.py:540} INFO - Filling up the DagBag from /opt/airflow/dags/cleaning/day_clean.py
[2025-09-15T08:57:48.776+0000] {processor.py:842} WARNING - No viable dags retrieved from /opt/airflow/dags/cleaning/day_clean.py
[2025-09-15T08:57:48.798+0000] {processor.py:183} INFO - Processing /opt/airflow/dags/cleaning/day_clean.py took 0.049 seconds
[2025-09-15T08:58:19.091+0000] {processor.py:161} INFO - Started process (PID=9664) to work on /opt/airflow/dags/cleaning/day_clean.py
[2025-09-15T08:58:19.092+0000] {processor.py:830} INFO - Processing file /opt/airflow/dags/cleaning/day_clean.py for tasks to queue
[2025-09-15T08:58:19.093+0000] {logging_mixin.py:188} INFO - [2025-09-15T08:58:19.093+0000] {dagbag.py:540} INFO - Filling up the DagBag from /opt/airflow/dags/cleaning/day_clean.py
[2025-09-15T08:58:19.109+0000] {processor.py:842} WARNING - No viable dags retrieved from /opt/airflow/dags/cleaning/day_clean.py
[2025-09-15T08:58:19.127+0000] {processor.py:183} INFO - Processing /opt/airflow/dags/cleaning/day_clean.py took 0.043 seconds
[2025-09-15T08:58:50.068+0000] {processor.py:161} INFO - Started process (PID=9703) to work on /opt/airflow/dags/cleaning/day_clean.py
[2025-09-15T08:58:50.069+0000] {processor.py:830} INFO - Processing file /opt/airflow/dags/cleaning/day_clean.py for tasks to queue
[2025-09-15T08:58:50.070+0000] {logging_mixin.py:188} INFO - [2025-09-15T08:58:50.070+0000] {dagbag.py:540} INFO - Filling up the DagBag from /opt/airflow/dags/cleaning/day_clean.py
[2025-09-15T08:58:50.083+0000] {processor.py:842} WARNING - No viable dags retrieved from /opt/airflow/dags/cleaning/day_clean.py
[2025-09-15T08:58:50.101+0000] {processor.py:183} INFO - Processing /opt/airflow/dags/cleaning/day_clean.py took 0.038 seconds
[2025-09-15T08:59:20.810+0000] {processor.py:161} INFO - Started process (PID=9738) to work on /opt/airflow/dags/cleaning/day_clean.py
[2025-09-15T08:59:20.812+0000] {processor.py:830} INFO - Processing file /opt/airflow/dags/cleaning/day_clean.py for tasks to queue
[2025-09-15T08:59:20.813+0000] {logging_mixin.py:188} INFO - [2025-09-15T08:59:20.813+0000] {dagbag.py:540} INFO - Filling up the DagBag from /opt/airflow/dags/cleaning/day_clean.py
[2025-09-15T08:59:20.837+0000] {processor.py:842} WARNING - No viable dags retrieved from /opt/airflow/dags/cleaning/day_clean.py
[2025-09-15T08:59:20.856+0000] {processor.py:183} INFO - Processing /opt/airflow/dags/cleaning/day_clean.py took 0.054 seconds
[2025-09-15T08:59:51.530+0000] {processor.py:161} INFO - Started process (PID=9773) to work on /opt/airflow/dags/cleaning/day_clean.py
[2025-09-15T08:59:51.532+0000] {processor.py:830} INFO - Processing file /opt/airflow/dags/cleaning/day_clean.py for tasks to queue
[2025-09-15T08:59:51.533+0000] {logging_mixin.py:188} INFO - [2025-09-15T08:59:51.532+0000] {dagbag.py:540} INFO - Filling up the DagBag from /opt/airflow/dags/cleaning/day_clean.py
[2025-09-15T08:59:51.553+0000] {processor.py:842} WARNING - No viable dags retrieved from /opt/airflow/dags/cleaning/day_clean.py
[2025-09-15T08:59:51.573+0000] {processor.py:183} INFO - Processing /opt/airflow/dags/cleaning/day_clean.py took 0.051 seconds
[2025-09-15T09:00:22.209+0000] {processor.py:161} INFO - Started process (PID=9808) to work on /opt/airflow/dags/cleaning/day_clean.py
[2025-09-15T09:00:22.210+0000] {processor.py:830} INFO - Processing file /opt/airflow/dags/cleaning/day_clean.py for tasks to queue
[2025-09-15T09:00:22.211+0000] {logging_mixin.py:188} INFO - [2025-09-15T09:00:22.211+0000] {dagbag.py:540} INFO - Filling up the DagBag from /opt/airflow/dags/cleaning/day_clean.py
[2025-09-15T09:00:22.225+0000] {processor.py:842} WARNING - No viable dags retrieved from /opt/airflow/dags/cleaning/day_clean.py
[2025-09-15T09:00:22.240+0000] {processor.py:183} INFO - Processing /opt/airflow/dags/cleaning/day_clean.py took 0.040 seconds
[2025-09-15T09:00:52.699+0000] {processor.py:161} INFO - Started process (PID=9843) to work on /opt/airflow/dags/cleaning/day_clean.py
[2025-09-15T09:00:52.700+0000] {processor.py:830} INFO - Processing file /opt/airflow/dags/cleaning/day_clean.py for tasks to queue
[2025-09-15T09:00:52.701+0000] {logging_mixin.py:188} INFO - [2025-09-15T09:00:52.701+0000] {dagbag.py:540} INFO - Filling up the DagBag from /opt/airflow/dags/cleaning/day_clean.py
[2025-09-15T09:00:52.712+0000] {processor.py:842} WARNING - No viable dags retrieved from /opt/airflow/dags/cleaning/day_clean.py
[2025-09-15T09:00:52.728+0000] {processor.py:183} INFO - Processing /opt/airflow/dags/cleaning/day_clean.py took 0.035 seconds
[2025-09-15T09:01:23.248+0000] {processor.py:161} INFO - Started process (PID=9878) to work on /opt/airflow/dags/cleaning/day_clean.py
[2025-09-15T09:01:23.249+0000] {processor.py:830} INFO - Processing file /opt/airflow/dags/cleaning/day_clean.py for tasks to queue
[2025-09-15T09:01:23.250+0000] {logging_mixin.py:188} INFO - [2025-09-15T09:01:23.250+0000] {dagbag.py:540} INFO - Filling up the DagBag from /opt/airflow/dags/cleaning/day_clean.py
[2025-09-15T09:01:23.262+0000] {processor.py:842} WARNING - No viable dags retrieved from /opt/airflow/dags/cleaning/day_clean.py
[2025-09-15T09:01:23.276+0000] {processor.py:183} INFO - Processing /opt/airflow/dags/cleaning/day_clean.py took 0.033 seconds
[2025-09-15T09:01:53.900+0000] {processor.py:161} INFO - Started process (PID=9913) to work on /opt/airflow/dags/cleaning/day_clean.py
[2025-09-15T09:01:53.902+0000] {processor.py:830} INFO - Processing file /opt/airflow/dags/cleaning/day_clean.py for tasks to queue
[2025-09-15T09:01:53.902+0000] {logging_mixin.py:188} INFO - [2025-09-15T09:01:53.902+0000] {dagbag.py:540} INFO - Filling up the DagBag from /opt/airflow/dags/cleaning/day_clean.py
[2025-09-15T09:01:53.916+0000] {processor.py:842} WARNING - No viable dags retrieved from /opt/airflow/dags/cleaning/day_clean.py
[2025-09-15T09:01:53.931+0000] {processor.py:183} INFO - Processing /opt/airflow/dags/cleaning/day_clean.py took 0.036 seconds
[2025-09-15T09:02:24.656+0000] {processor.py:161} INFO - Started process (PID=9948) to work on /opt/airflow/dags/cleaning/day_clean.py
[2025-09-15T09:02:24.657+0000] {processor.py:830} INFO - Processing file /opt/airflow/dags/cleaning/day_clean.py for tasks to queue
[2025-09-15T09:02:24.659+0000] {logging_mixin.py:188} INFO - [2025-09-15T09:02:24.658+0000] {dagbag.py:540} INFO - Filling up the DagBag from /opt/airflow/dags/cleaning/day_clean.py
[2025-09-15T09:02:24.675+0000] {processor.py:842} WARNING - No viable dags retrieved from /opt/airflow/dags/cleaning/day_clean.py
[2025-09-15T09:02:24.690+0000] {processor.py:183} INFO - Processing /opt/airflow/dags/cleaning/day_clean.py took 0.046 seconds
[2025-09-15T09:02:55.359+0000] {processor.py:161} INFO - Started process (PID=9983) to work on /opt/airflow/dags/cleaning/day_clean.py
[2025-09-15T09:02:55.360+0000] {processor.py:830} INFO - Processing file /opt/airflow/dags/cleaning/day_clean.py for tasks to queue
[2025-09-15T09:02:55.361+0000] {logging_mixin.py:188} INFO - [2025-09-15T09:02:55.361+0000] {dagbag.py:540} INFO - Filling up the DagBag from /opt/airflow/dags/cleaning/day_clean.py
[2025-09-15T09:02:55.376+0000] {processor.py:842} WARNING - No viable dags retrieved from /opt/airflow/dags/cleaning/day_clean.py
[2025-09-15T09:02:55.392+0000] {processor.py:183} INFO - Processing /opt/airflow/dags/cleaning/day_clean.py took 0.039 seconds
[2025-09-15T09:03:25.886+0000] {processor.py:161} INFO - Started process (PID=10018) to work on /opt/airflow/dags/cleaning/day_clean.py
[2025-09-15T09:03:25.887+0000] {processor.py:830} INFO - Processing file /opt/airflow/dags/cleaning/day_clean.py for tasks to queue
[2025-09-15T09:03:25.888+0000] {logging_mixin.py:188} INFO - [2025-09-15T09:03:25.888+0000] {dagbag.py:540} INFO - Filling up the DagBag from /opt/airflow/dags/cleaning/day_clean.py
[2025-09-15T09:03:25.902+0000] {processor.py:842} WARNING - No viable dags retrieved from /opt/airflow/dags/cleaning/day_clean.py
[2025-09-15T09:03:25.919+0000] {processor.py:183} INFO - Processing /opt/airflow/dags/cleaning/day_clean.py took 0.039 seconds
[2025-09-15T09:03:56.683+0000] {processor.py:161} INFO - Started process (PID=10053) to work on /opt/airflow/dags/cleaning/day_clean.py
[2025-09-15T09:03:56.684+0000] {processor.py:830} INFO - Processing file /opt/airflow/dags/cleaning/day_clean.py for tasks to queue
[2025-09-15T09:03:56.685+0000] {logging_mixin.py:188} INFO - [2025-09-15T09:03:56.685+0000] {dagbag.py:540} INFO - Filling up the DagBag from /opt/airflow/dags/cleaning/day_clean.py
[2025-09-15T09:03:56.697+0000] {processor.py:842} WARNING - No viable dags retrieved from /opt/airflow/dags/cleaning/day_clean.py
[2025-09-15T09:03:56.712+0000] {processor.py:183} INFO - Processing /opt/airflow/dags/cleaning/day_clean.py took 0.034 seconds
[2025-09-15T09:04:27.623+0000] {processor.py:161} INFO - Started process (PID=10088) to work on /opt/airflow/dags/cleaning/day_clean.py
[2025-09-15T09:04:27.624+0000] {processor.py:830} INFO - Processing file /opt/airflow/dags/cleaning/day_clean.py for tasks to queue
[2025-09-15T09:04:27.625+0000] {logging_mixin.py:188} INFO - [2025-09-15T09:04:27.625+0000] {dagbag.py:540} INFO - Filling up the DagBag from /opt/airflow/dags/cleaning/day_clean.py
[2025-09-15T09:04:27.640+0000] {processor.py:842} WARNING - No viable dags retrieved from /opt/airflow/dags/cleaning/day_clean.py
[2025-09-15T09:04:27.655+0000] {processor.py:183} INFO - Processing /opt/airflow/dags/cleaning/day_clean.py took 0.037 seconds
[2025-09-15T09:04:57.979+0000] {processor.py:161} INFO - Started process (PID=10123) to work on /opt/airflow/dags/cleaning/day_clean.py
[2025-09-15T09:04:57.981+0000] {processor.py:830} INFO - Processing file /opt/airflow/dags/cleaning/day_clean.py for tasks to queue
[2025-09-15T09:04:57.983+0000] {logging_mixin.py:188} INFO - [2025-09-15T09:04:57.982+0000] {dagbag.py:540} INFO - Filling up the DagBag from /opt/airflow/dags/cleaning/day_clean.py
[2025-09-15T09:04:58.001+0000] {processor.py:842} WARNING - No viable dags retrieved from /opt/airflow/dags/cleaning/day_clean.py
[2025-09-15T09:04:58.018+0000] {processor.py:183} INFO - Processing /opt/airflow/dags/cleaning/day_clean.py took 0.048 seconds
[2025-09-15T09:05:28.538+0000] {processor.py:161} INFO - Started process (PID=10158) to work on /opt/airflow/dags/cleaning/day_clean.py
[2025-09-15T09:05:28.539+0000] {processor.py:830} INFO - Processing file /opt/airflow/dags/cleaning/day_clean.py for tasks to queue
[2025-09-15T09:05:28.540+0000] {logging_mixin.py:188} INFO - [2025-09-15T09:05:28.540+0000] {dagbag.py:540} INFO - Filling up the DagBag from /opt/airflow/dags/cleaning/day_clean.py
[2025-09-15T09:05:28.551+0000] {processor.py:842} WARNING - No viable dags retrieved from /opt/airflow/dags/cleaning/day_clean.py
[2025-09-15T09:05:28.566+0000] {processor.py:183} INFO - Processing /opt/airflow/dags/cleaning/day_clean.py took 0.033 seconds
[2025-09-15T09:05:59.078+0000] {processor.py:161} INFO - Started process (PID=10208) to work on /opt/airflow/dags/cleaning/day_clean.py
[2025-09-15T09:05:59.079+0000] {processor.py:830} INFO - Processing file /opt/airflow/dags/cleaning/day_clean.py for tasks to queue
[2025-09-15T09:05:59.081+0000] {logging_mixin.py:188} INFO - [2025-09-15T09:05:59.080+0000] {dagbag.py:540} INFO - Filling up the DagBag from /opt/airflow/dags/cleaning/day_clean.py
[2025-09-15T09:05:59.094+0000] {processor.py:842} WARNING - No viable dags retrieved from /opt/airflow/dags/cleaning/day_clean.py
[2025-09-15T09:05:59.110+0000] {processor.py:183} INFO - Processing /opt/airflow/dags/cleaning/day_clean.py took 0.042 seconds
[2025-09-15T09:06:29.566+0000] {processor.py:161} INFO - Started process (PID=10243) to work on /opt/airflow/dags/cleaning/day_clean.py
[2025-09-15T09:06:29.567+0000] {processor.py:830} INFO - Processing file /opt/airflow/dags/cleaning/day_clean.py for tasks to queue
[2025-09-15T09:06:29.568+0000] {logging_mixin.py:188} INFO - [2025-09-15T09:06:29.568+0000] {dagbag.py:540} INFO - Filling up the DagBag from /opt/airflow/dags/cleaning/day_clean.py
[2025-09-15T09:06:29.579+0000] {processor.py:842} WARNING - No viable dags retrieved from /opt/airflow/dags/cleaning/day_clean.py
[2025-09-15T09:06:29.595+0000] {processor.py:183} INFO - Processing /opt/airflow/dags/cleaning/day_clean.py took 0.034 seconds
[2025-09-15T09:07:00.277+0000] {processor.py:161} INFO - Started process (PID=10293) to work on /opt/airflow/dags/cleaning/day_clean.py
[2025-09-15T09:07:00.279+0000] {processor.py:830} INFO - Processing file /opt/airflow/dags/cleaning/day_clean.py for tasks to queue
[2025-09-15T09:07:00.280+0000] {logging_mixin.py:188} INFO - [2025-09-15T09:07:00.280+0000] {dagbag.py:540} INFO - Filling up the DagBag from /opt/airflow/dags/cleaning/day_clean.py
[2025-09-15T09:07:00.294+0000] {processor.py:842} WARNING - No viable dags retrieved from /opt/airflow/dags/cleaning/day_clean.py
[2025-09-15T09:07:00.310+0000] {processor.py:183} INFO - Processing /opt/airflow/dags/cleaning/day_clean.py took 0.038 seconds
[2025-09-15T09:07:30.559+0000] {processor.py:161} INFO - Started process (PID=10328) to work on /opt/airflow/dags/cleaning/day_clean.py
[2025-09-15T09:07:30.560+0000] {processor.py:830} INFO - Processing file /opt/airflow/dags/cleaning/day_clean.py for tasks to queue
[2025-09-15T09:07:30.561+0000] {logging_mixin.py:188} INFO - [2025-09-15T09:07:30.560+0000] {dagbag.py:540} INFO - Filling up the DagBag from /opt/airflow/dags/cleaning/day_clean.py
[2025-09-15T09:07:30.573+0000] {processor.py:842} WARNING - No viable dags retrieved from /opt/airflow/dags/cleaning/day_clean.py
[2025-09-15T09:07:30.587+0000] {processor.py:183} INFO - Processing /opt/airflow/dags/cleaning/day_clean.py took 0.034 seconds
[2025-09-15T09:08:01.279+0000] {processor.py:161} INFO - Started process (PID=10363) to work on /opt/airflow/dags/cleaning/day_clean.py
[2025-09-15T09:08:01.280+0000] {processor.py:830} INFO - Processing file /opt/airflow/dags/cleaning/day_clean.py for tasks to queue
[2025-09-15T09:08:01.281+0000] {logging_mixin.py:188} INFO - [2025-09-15T09:08:01.281+0000] {dagbag.py:540} INFO - Filling up the DagBag from /opt/airflow/dags/cleaning/day_clean.py
[2025-09-15T09:08:01.294+0000] {processor.py:842} WARNING - No viable dags retrieved from /opt/airflow/dags/cleaning/day_clean.py
[2025-09-15T09:08:01.309+0000] {processor.py:183} INFO - Processing /opt/airflow/dags/cleaning/day_clean.py took 0.036 seconds
[2025-09-15T09:08:31.667+0000] {processor.py:161} INFO - Started process (PID=10398) to work on /opt/airflow/dags/cleaning/day_clean.py
[2025-09-15T09:08:31.668+0000] {processor.py:830} INFO - Processing file /opt/airflow/dags/cleaning/day_clean.py for tasks to queue
[2025-09-15T09:08:31.669+0000] {logging_mixin.py:188} INFO - [2025-09-15T09:08:31.669+0000] {dagbag.py:540} INFO - Filling up the DagBag from /opt/airflow/dags/cleaning/day_clean.py
[2025-09-15T09:08:31.680+0000] {processor.py:842} WARNING - No viable dags retrieved from /opt/airflow/dags/cleaning/day_clean.py
[2025-09-15T09:08:31.696+0000] {processor.py:183} INFO - Processing /opt/airflow/dags/cleaning/day_clean.py took 0.036 seconds
[2025-09-15T09:09:02.415+0000] {processor.py:161} INFO - Started process (PID=10433) to work on /opt/airflow/dags/cleaning/day_clean.py
[2025-09-15T09:09:02.417+0000] {processor.py:830} INFO - Processing file /opt/airflow/dags/cleaning/day_clean.py for tasks to queue
[2025-09-15T09:09:02.418+0000] {logging_mixin.py:188} INFO - [2025-09-15T09:09:02.418+0000] {dagbag.py:540} INFO - Filling up the DagBag from /opt/airflow/dags/cleaning/day_clean.py
[2025-09-15T09:09:02.439+0000] {processor.py:842} WARNING - No viable dags retrieved from /opt/airflow/dags/cleaning/day_clean.py
[2025-09-15T09:09:02.470+0000] {processor.py:183} INFO - Processing /opt/airflow/dags/cleaning/day_clean.py took 0.063 seconds
[2025-09-15T09:09:32.977+0000] {processor.py:161} INFO - Started process (PID=10468) to work on /opt/airflow/dags/cleaning/day_clean.py
[2025-09-15T09:09:32.978+0000] {processor.py:830} INFO - Processing file /opt/airflow/dags/cleaning/day_clean.py for tasks to queue
[2025-09-15T09:09:32.979+0000] {logging_mixin.py:188} INFO - [2025-09-15T09:09:32.979+0000] {dagbag.py:540} INFO - Filling up the DagBag from /opt/airflow/dags/cleaning/day_clean.py
[2025-09-15T09:09:32.994+0000] {processor.py:842} WARNING - No viable dags retrieved from /opt/airflow/dags/cleaning/day_clean.py
[2025-09-15T09:09:33.009+0000] {processor.py:183} INFO - Processing /opt/airflow/dags/cleaning/day_clean.py took 0.038 seconds
[2025-09-15T09:10:03.165+0000] {processor.py:161} INFO - Started process (PID=10507) to work on /opt/airflow/dags/cleaning/day_clean.py
[2025-09-15T09:10:03.169+0000] {processor.py:830} INFO - Processing file /opt/airflow/dags/cleaning/day_clean.py for tasks to queue
[2025-09-15T09:10:03.174+0000] {logging_mixin.py:188} INFO - [2025-09-15T09:10:03.171+0000] {dagbag.py:540} INFO - Filling up the DagBag from /opt/airflow/dags/cleaning/day_clean.py
[2025-09-15T09:10:03.195+0000] {processor.py:842} WARNING - No viable dags retrieved from /opt/airflow/dags/cleaning/day_clean.py
[2025-09-15T09:10:03.230+0000] {processor.py:183} INFO - Processing /opt/airflow/dags/cleaning/day_clean.py took 0.104 seconds
[2025-09-15T09:10:33.694+0000] {processor.py:161} INFO - Started process (PID=10542) to work on /opt/airflow/dags/cleaning/day_clean.py
[2025-09-15T09:10:33.696+0000] {processor.py:830} INFO - Processing file /opt/airflow/dags/cleaning/day_clean.py for tasks to queue
[2025-09-15T09:10:33.697+0000] {logging_mixin.py:188} INFO - [2025-09-15T09:10:33.697+0000] {dagbag.py:540} INFO - Filling up the DagBag from /opt/airflow/dags/cleaning/day_clean.py
[2025-09-15T09:10:33.712+0000] {processor.py:842} WARNING - No viable dags retrieved from /opt/airflow/dags/cleaning/day_clean.py
[2025-09-15T09:10:33.731+0000] {processor.py:183} INFO - Processing /opt/airflow/dags/cleaning/day_clean.py took 0.043 seconds
[2025-09-15T09:11:04.213+0000] {processor.py:161} INFO - Started process (PID=10577) to work on /opt/airflow/dags/cleaning/day_clean.py
[2025-09-15T09:11:04.214+0000] {processor.py:830} INFO - Processing file /opt/airflow/dags/cleaning/day_clean.py for tasks to queue
[2025-09-15T09:11:04.215+0000] {logging_mixin.py:188} INFO - [2025-09-15T09:11:04.214+0000] {dagbag.py:540} INFO - Filling up the DagBag from /opt/airflow/dags/cleaning/day_clean.py
[2025-09-15T09:11:04.227+0000] {processor.py:842} WARNING - No viable dags retrieved from /opt/airflow/dags/cleaning/day_clean.py
[2025-09-15T09:11:04.243+0000] {processor.py:183} INFO - Processing /opt/airflow/dags/cleaning/day_clean.py took 0.037 seconds
[2025-09-15T09:11:34.694+0000] {processor.py:161} INFO - Started process (PID=10616) to work on /opt/airflow/dags/cleaning/day_clean.py
[2025-09-15T09:11:34.695+0000] {processor.py:830} INFO - Processing file /opt/airflow/dags/cleaning/day_clean.py for tasks to queue
[2025-09-15T09:11:34.696+0000] {logging_mixin.py:188} INFO - [2025-09-15T09:11:34.696+0000] {dagbag.py:540} INFO - Filling up the DagBag from /opt/airflow/dags/cleaning/day_clean.py
[2025-09-15T09:11:34.712+0000] {processor.py:842} WARNING - No viable dags retrieved from /opt/airflow/dags/cleaning/day_clean.py
[2025-09-15T09:11:34.730+0000] {processor.py:183} INFO - Processing /opt/airflow/dags/cleaning/day_clean.py took 0.044 seconds
[2025-09-15T09:12:05.277+0000] {processor.py:161} INFO - Started process (PID=10651) to work on /opt/airflow/dags/cleaning/day_clean.py
[2025-09-15T09:12:05.278+0000] {processor.py:830} INFO - Processing file /opt/airflow/dags/cleaning/day_clean.py for tasks to queue
[2025-09-15T09:12:05.279+0000] {logging_mixin.py:188} INFO - [2025-09-15T09:12:05.279+0000] {dagbag.py:540} INFO - Filling up the DagBag from /opt/airflow/dags/cleaning/day_clean.py
[2025-09-15T09:12:05.292+0000] {processor.py:842} WARNING - No viable dags retrieved from /opt/airflow/dags/cleaning/day_clean.py
[2025-09-15T09:12:05.306+0000] {processor.py:183} INFO - Processing /opt/airflow/dags/cleaning/day_clean.py took 0.036 seconds
[2025-09-15T09:12:36.142+0000] {processor.py:161} INFO - Started process (PID=10686) to work on /opt/airflow/dags/cleaning/day_clean.py
[2025-09-15T09:12:36.144+0000] {processor.py:830} INFO - Processing file /opt/airflow/dags/cleaning/day_clean.py for tasks to queue
[2025-09-15T09:12:36.145+0000] {logging_mixin.py:188} INFO - [2025-09-15T09:12:36.144+0000] {dagbag.py:540} INFO - Filling up the DagBag from /opt/airflow/dags/cleaning/day_clean.py
[2025-09-15T09:12:36.157+0000] {processor.py:842} WARNING - No viable dags retrieved from /opt/airflow/dags/cleaning/day_clean.py
[2025-09-15T09:12:36.171+0000] {processor.py:183} INFO - Processing /opt/airflow/dags/cleaning/day_clean.py took 0.035 seconds
[2025-09-15T09:13:07.044+0000] {processor.py:161} INFO - Started process (PID=10721) to work on /opt/airflow/dags/cleaning/day_clean.py
[2025-09-15T09:13:07.046+0000] {processor.py:830} INFO - Processing file /opt/airflow/dags/cleaning/day_clean.py for tasks to queue
[2025-09-15T09:13:07.047+0000] {logging_mixin.py:188} INFO - [2025-09-15T09:13:07.046+0000] {dagbag.py:540} INFO - Filling up the DagBag from /opt/airflow/dags/cleaning/day_clean.py
[2025-09-15T09:13:07.066+0000] {processor.py:842} WARNING - No viable dags retrieved from /opt/airflow/dags/cleaning/day_clean.py
[2025-09-15T09:13:07.086+0000] {processor.py:183} INFO - Processing /opt/airflow/dags/cleaning/day_clean.py took 0.050 seconds
[2025-09-15T09:13:37.605+0000] {processor.py:161} INFO - Started process (PID=10756) to work on /opt/airflow/dags/cleaning/day_clean.py
[2025-09-15T09:13:37.609+0000] {processor.py:830} INFO - Processing file /opt/airflow/dags/cleaning/day_clean.py for tasks to queue
[2025-09-15T09:13:37.614+0000] {logging_mixin.py:188} INFO - [2025-09-15T09:13:37.611+0000] {dagbag.py:540} INFO - Filling up the DagBag from /opt/airflow/dags/cleaning/day_clean.py
[2025-09-15T09:13:37.653+0000] {processor.py:842} WARNING - No viable dags retrieved from /opt/airflow/dags/cleaning/day_clean.py
[2025-09-15T09:13:37.696+0000] {processor.py:183} INFO - Processing /opt/airflow/dags/cleaning/day_clean.py took 0.109 seconds
[2025-09-15T09:14:08.401+0000] {processor.py:161} INFO - Started process (PID=10791) to work on /opt/airflow/dags/cleaning/day_clean.py
[2025-09-15T09:14:08.402+0000] {processor.py:830} INFO - Processing file /opt/airflow/dags/cleaning/day_clean.py for tasks to queue
[2025-09-15T09:14:08.403+0000] {logging_mixin.py:188} INFO - [2025-09-15T09:14:08.403+0000] {dagbag.py:540} INFO - Filling up the DagBag from /opt/airflow/dags/cleaning/day_clean.py
[2025-09-15T09:14:08.415+0000] {processor.py:842} WARNING - No viable dags retrieved from /opt/airflow/dags/cleaning/day_clean.py
[2025-09-15T09:14:08.451+0000] {processor.py:183} INFO - Processing /opt/airflow/dags/cleaning/day_clean.py took 0.059 seconds
[2025-09-15T09:14:38.986+0000] {processor.py:161} INFO - Started process (PID=10830) to work on /opt/airflow/dags/cleaning/day_clean.py
[2025-09-15T09:14:38.987+0000] {processor.py:830} INFO - Processing file /opt/airflow/dags/cleaning/day_clean.py for tasks to queue
[2025-09-15T09:14:38.988+0000] {logging_mixin.py:188} INFO - [2025-09-15T09:14:38.988+0000] {dagbag.py:540} INFO - Filling up the DagBag from /opt/airflow/dags/cleaning/day_clean.py
[2025-09-15T09:14:39.003+0000] {processor.py:842} WARNING - No viable dags retrieved from /opt/airflow/dags/cleaning/day_clean.py
[2025-09-15T09:14:39.021+0000] {processor.py:183} INFO - Processing /opt/airflow/dags/cleaning/day_clean.py took 0.043 seconds
[2025-09-15T09:15:09.576+0000] {processor.py:161} INFO - Started process (PID=10865) to work on /opt/airflow/dags/cleaning/day_clean.py
[2025-09-15T09:15:09.577+0000] {processor.py:830} INFO - Processing file /opt/airflow/dags/cleaning/day_clean.py for tasks to queue
[2025-09-15T09:15:09.578+0000] {logging_mixin.py:188} INFO - [2025-09-15T09:15:09.578+0000] {dagbag.py:540} INFO - Filling up the DagBag from /opt/airflow/dags/cleaning/day_clean.py
[2025-09-15T09:15:09.593+0000] {processor.py:842} WARNING - No viable dags retrieved from /opt/airflow/dags/cleaning/day_clean.py
[2025-09-15T09:15:09.610+0000] {processor.py:183} INFO - Processing /opt/airflow/dags/cleaning/day_clean.py took 0.041 seconds
[2025-09-15T09:15:40.076+0000] {processor.py:161} INFO - Started process (PID=10900) to work on /opt/airflow/dags/cleaning/day_clean.py
[2025-09-15T09:15:40.078+0000] {processor.py:830} INFO - Processing file /opt/airflow/dags/cleaning/day_clean.py for tasks to queue
[2025-09-15T09:15:40.079+0000] {logging_mixin.py:188} INFO - [2025-09-15T09:15:40.078+0000] {dagbag.py:540} INFO - Filling up the DagBag from /opt/airflow/dags/cleaning/day_clean.py
[2025-09-15T09:15:40.097+0000] {processor.py:842} WARNING - No viable dags retrieved from /opt/airflow/dags/cleaning/day_clean.py
[2025-09-15T09:15:40.116+0000] {processor.py:183} INFO - Processing /opt/airflow/dags/cleaning/day_clean.py took 0.049 seconds
[2025-09-15T09:16:10.591+0000] {processor.py:161} INFO - Started process (PID=10935) to work on /opt/airflow/dags/cleaning/day_clean.py
[2025-09-15T09:16:10.592+0000] {processor.py:830} INFO - Processing file /opt/airflow/dags/cleaning/day_clean.py for tasks to queue
[2025-09-15T09:16:10.593+0000] {logging_mixin.py:188} INFO - [2025-09-15T09:16:10.593+0000] {dagbag.py:540} INFO - Filling up the DagBag from /opt/airflow/dags/cleaning/day_clean.py
[2025-09-15T09:16:10.605+0000] {processor.py:842} WARNING - No viable dags retrieved from /opt/airflow/dags/cleaning/day_clean.py
[2025-09-15T09:16:10.624+0000] {processor.py:183} INFO - Processing /opt/airflow/dags/cleaning/day_clean.py took 0.040 seconds
[2025-09-15T09:16:53.742+0000] {processor.py:161} INFO - Started process (PID=185) to work on /opt/airflow/dags/cleaning/day_clean.py
[2025-09-15T09:16:53.743+0000] {processor.py:830} INFO - Processing file /opt/airflow/dags/cleaning/day_clean.py for tasks to queue
[2025-09-15T09:16:53.746+0000] {logging_mixin.py:188} INFO - [2025-09-15T09:16:53.746+0000] {dagbag.py:540} INFO - Filling up the DagBag from /opt/airflow/dags/cleaning/day_clean.py
[2025-09-15T09:16:53.762+0000] {processor.py:842} WARNING - No viable dags retrieved from /opt/airflow/dags/cleaning/day_clean.py
[2025-09-15T09:16:53.783+0000] {processor.py:183} INFO - Processing /opt/airflow/dags/cleaning/day_clean.py took 0.048 seconds
[2025-09-15T09:17:25.081+0000] {processor.py:161} INFO - Started process (PID=218) to work on /opt/airflow/dags/cleaning/day_clean.py
[2025-09-15T09:17:25.083+0000] {processor.py:830} INFO - Processing file /opt/airflow/dags/cleaning/day_clean.py for tasks to queue
[2025-09-15T09:17:25.085+0000] {logging_mixin.py:188} INFO - [2025-09-15T09:17:25.084+0000] {dagbag.py:540} INFO - Filling up the DagBag from /opt/airflow/dags/cleaning/day_clean.py
[2025-09-15T09:17:25.099+0000] {processor.py:842} WARNING - No viable dags retrieved from /opt/airflow/dags/cleaning/day_clean.py
[2025-09-15T09:17:25.117+0000] {processor.py:183} INFO - Processing /opt/airflow/dags/cleaning/day_clean.py took 0.042 seconds
[2025-09-15T09:17:55.619+0000] {processor.py:161} INFO - Started process (PID=255) to work on /opt/airflow/dags/cleaning/day_clean.py
[2025-09-15T09:17:55.621+0000] {processor.py:830} INFO - Processing file /opt/airflow/dags/cleaning/day_clean.py for tasks to queue
[2025-09-15T09:17:55.625+0000] {logging_mixin.py:188} INFO - [2025-09-15T09:17:55.624+0000] {dagbag.py:540} INFO - Filling up the DagBag from /opt/airflow/dags/cleaning/day_clean.py
[2025-09-15T09:17:55.645+0000] {processor.py:842} WARNING - No viable dags retrieved from /opt/airflow/dags/cleaning/day_clean.py
[2025-09-15T09:17:55.669+0000] {processor.py:183} INFO - Processing /opt/airflow/dags/cleaning/day_clean.py took 0.056 seconds
[2025-09-15T09:18:26.365+0000] {processor.py:161} INFO - Started process (PID=294) to work on /opt/airflow/dags/cleaning/day_clean.py
[2025-09-15T09:18:26.367+0000] {processor.py:830} INFO - Processing file /opt/airflow/dags/cleaning/day_clean.py for tasks to queue
[2025-09-15T09:18:26.370+0000] {logging_mixin.py:188} INFO - [2025-09-15T09:18:26.370+0000] {dagbag.py:540} INFO - Filling up the DagBag from /opt/airflow/dags/cleaning/day_clean.py
[2025-09-15T09:18:26.385+0000] {processor.py:842} WARNING - No viable dags retrieved from /opt/airflow/dags/cleaning/day_clean.py
[2025-09-15T09:18:26.403+0000] {processor.py:183} INFO - Processing /opt/airflow/dags/cleaning/day_clean.py took 0.043 seconds
[2025-09-15T09:18:56.954+0000] {processor.py:161} INFO - Started process (PID=327) to work on /opt/airflow/dags/cleaning/day_clean.py
[2025-09-15T09:18:56.955+0000] {processor.py:830} INFO - Processing file /opt/airflow/dags/cleaning/day_clean.py for tasks to queue
[2025-09-15T09:18:56.957+0000] {logging_mixin.py:188} INFO - [2025-09-15T09:18:56.957+0000] {dagbag.py:540} INFO - Filling up the DagBag from /opt/airflow/dags/cleaning/day_clean.py
[2025-09-15T09:18:56.970+0000] {processor.py:842} WARNING - No viable dags retrieved from /opt/airflow/dags/cleaning/day_clean.py
[2025-09-15T09:18:56.989+0000] {processor.py:183} INFO - Processing /opt/airflow/dags/cleaning/day_clean.py took 0.042 seconds
[2025-09-15T09:19:27.752+0000] {processor.py:161} INFO - Started process (PID=362) to work on /opt/airflow/dags/cleaning/day_clean.py
[2025-09-15T09:19:27.754+0000] {processor.py:830} INFO - Processing file /opt/airflow/dags/cleaning/day_clean.py for tasks to queue
[2025-09-15T09:19:27.756+0000] {logging_mixin.py:188} INFO - [2025-09-15T09:19:27.756+0000] {dagbag.py:540} INFO - Filling up the DagBag from /opt/airflow/dags/cleaning/day_clean.py
[2025-09-15T09:19:27.774+0000] {processor.py:842} WARNING - No viable dags retrieved from /opt/airflow/dags/cleaning/day_clean.py
[2025-09-15T09:19:27.794+0000] {processor.py:183} INFO - Processing /opt/airflow/dags/cleaning/day_clean.py took 0.049 seconds
[2025-09-15T09:19:58.358+0000] {processor.py:161} INFO - Started process (PID=407) to work on /opt/airflow/dags/cleaning/day_clean.py
[2025-09-15T09:19:58.360+0000] {processor.py:830} INFO - Processing file /opt/airflow/dags/cleaning/day_clean.py for tasks to queue
[2025-09-15T09:19:58.363+0000] {logging_mixin.py:188} INFO - [2025-09-15T09:19:58.362+0000] {dagbag.py:540} INFO - Filling up the DagBag from /opt/airflow/dags/cleaning/day_clean.py
[2025-09-15T09:19:58.388+0000] {processor.py:842} WARNING - No viable dags retrieved from /opt/airflow/dags/cleaning/day_clean.py
[2025-09-15T09:19:58.409+0000] {processor.py:183} INFO - Processing /opt/airflow/dags/cleaning/day_clean.py took 0.060 seconds
[2025-09-15T09:20:29.360+0000] {processor.py:161} INFO - Started process (PID=442) to work on /opt/airflow/dags/cleaning/day_clean.py
[2025-09-15T09:20:29.361+0000] {processor.py:830} INFO - Processing file /opt/airflow/dags/cleaning/day_clean.py for tasks to queue
[2025-09-15T09:20:29.364+0000] {logging_mixin.py:188} INFO - [2025-09-15T09:20:29.363+0000] {dagbag.py:540} INFO - Filling up the DagBag from /opt/airflow/dags/cleaning/day_clean.py
[2025-09-15T09:20:29.376+0000] {processor.py:842} WARNING - No viable dags retrieved from /opt/airflow/dags/cleaning/day_clean.py
[2025-09-15T09:20:29.392+0000] {processor.py:183} INFO - Processing /opt/airflow/dags/cleaning/day_clean.py took 0.037 seconds
[2025-09-15T09:20:58.326+0000] {processor.py:161} INFO - Started process (PID=477) to work on /opt/airflow/dags/cleaning/day_clean.py
[2025-09-15T09:20:58.327+0000] {processor.py:830} INFO - Processing file /opt/airflow/dags/cleaning/day_clean.py for tasks to queue
[2025-09-15T09:20:58.328+0000] {logging_mixin.py:188} INFO - [2025-09-15T09:20:58.327+0000] {dagbag.py:540} INFO - Filling up the DagBag from /opt/airflow/dags/cleaning/day_clean.py
[2025-09-15T09:20:58.340+0000] {processor.py:842} WARNING - No viable dags retrieved from /opt/airflow/dags/cleaning/day_clean.py
[2025-09-15T09:20:58.355+0000] {processor.py:183} INFO - Processing /opt/airflow/dags/cleaning/day_clean.py took 0.034 seconds
[2025-09-15T09:21:28.798+0000] {processor.py:161} INFO - Started process (PID=512) to work on /opt/airflow/dags/cleaning/day_clean.py
[2025-09-15T09:21:28.800+0000] {processor.py:830} INFO - Processing file /opt/airflow/dags/cleaning/day_clean.py for tasks to queue
[2025-09-15T09:21:28.801+0000] {logging_mixin.py:188} INFO - [2025-09-15T09:21:28.801+0000] {dagbag.py:540} INFO - Filling up the DagBag from /opt/airflow/dags/cleaning/day_clean.py
[2025-09-15T09:21:28.820+0000] {processor.py:842} WARNING - No viable dags retrieved from /opt/airflow/dags/cleaning/day_clean.py
[2025-09-15T09:21:28.837+0000] {processor.py:183} INFO - Processing /opt/airflow/dags/cleaning/day_clean.py took 0.044 seconds
[2025-09-15T09:21:59.132+0000] {processor.py:161} INFO - Started process (PID=547) to work on /opt/airflow/dags/cleaning/day_clean.py
[2025-09-15T09:21:59.133+0000] {processor.py:830} INFO - Processing file /opt/airflow/dags/cleaning/day_clean.py for tasks to queue
[2025-09-15T09:21:59.134+0000] {logging_mixin.py:188} INFO - [2025-09-15T09:21:59.134+0000] {dagbag.py:540} INFO - Filling up the DagBag from /opt/airflow/dags/cleaning/day_clean.py
[2025-09-15T09:21:59.151+0000] {processor.py:842} WARNING - No viable dags retrieved from /opt/airflow/dags/cleaning/day_clean.py
[2025-09-15T09:21:59.167+0000] {processor.py:183} INFO - Processing /opt/airflow/dags/cleaning/day_clean.py took 0.042 seconds
[2025-09-15T09:22:30.030+0000] {processor.py:161} INFO - Started process (PID=582) to work on /opt/airflow/dags/cleaning/day_clean.py
[2025-09-15T09:22:30.032+0000] {processor.py:830} INFO - Processing file /opt/airflow/dags/cleaning/day_clean.py for tasks to queue
[2025-09-15T09:22:30.034+0000] {logging_mixin.py:188} INFO - [2025-09-15T09:22:30.034+0000] {dagbag.py:540} INFO - Filling up the DagBag from /opt/airflow/dags/cleaning/day_clean.py
[2025-09-15T09:22:30.063+0000] {processor.py:842} WARNING - No viable dags retrieved from /opt/airflow/dags/cleaning/day_clean.py
[2025-09-15T09:22:30.135+0000] {processor.py:183} INFO - Processing /opt/airflow/dags/cleaning/day_clean.py took 0.113 seconds
[2025-09-15T09:23:00.356+0000] {processor.py:161} INFO - Started process (PID=622) to work on /opt/airflow/dags/cleaning/day_clean.py
[2025-09-15T09:23:00.358+0000] {processor.py:830} INFO - Processing file /opt/airflow/dags/cleaning/day_clean.py for tasks to queue
[2025-09-15T09:23:00.358+0000] {logging_mixin.py:188} INFO - [2025-09-15T09:23:00.358+0000] {dagbag.py:540} INFO - Filling up the DagBag from /opt/airflow/dags/cleaning/day_clean.py
[2025-09-15T09:23:00.371+0000] {processor.py:842} WARNING - No viable dags retrieved from /opt/airflow/dags/cleaning/day_clean.py
[2025-09-15T09:23:00.386+0000] {processor.py:183} INFO - Processing /opt/airflow/dags/cleaning/day_clean.py took 0.035 seconds
[2025-09-15T09:23:31.395+0000] {processor.py:161} INFO - Started process (PID=682) to work on /opt/airflow/dags/cleaning/day_clean.py
[2025-09-15T09:23:31.397+0000] {processor.py:830} INFO - Processing file /opt/airflow/dags/cleaning/day_clean.py for tasks to queue
[2025-09-15T09:23:31.398+0000] {logging_mixin.py:188} INFO - [2025-09-15T09:23:31.397+0000] {dagbag.py:540} INFO - Filling up the DagBag from /opt/airflow/dags/cleaning/day_clean.py
[2025-09-15T09:23:31.412+0000] {processor.py:842} WARNING - No viable dags retrieved from /opt/airflow/dags/cleaning/day_clean.py
[2025-09-15T09:23:31.428+0000] {processor.py:183} INFO - Processing /opt/airflow/dags/cleaning/day_clean.py took 0.038 seconds
[2025-09-15T09:24:01.833+0000] {processor.py:161} INFO - Started process (PID=717) to work on /opt/airflow/dags/cleaning/day_clean.py
[2025-09-15T09:24:01.834+0000] {processor.py:830} INFO - Processing file /opt/airflow/dags/cleaning/day_clean.py for tasks to queue
[2025-09-15T09:24:01.835+0000] {logging_mixin.py:188} INFO - [2025-09-15T09:24:01.835+0000] {dagbag.py:540} INFO - Filling up the DagBag from /opt/airflow/dags/cleaning/day_clean.py
[2025-09-15T09:24:01.848+0000] {processor.py:842} WARNING - No viable dags retrieved from /opt/airflow/dags/cleaning/day_clean.py
[2025-09-15T09:24:01.863+0000] {processor.py:183} INFO - Processing /opt/airflow/dags/cleaning/day_clean.py took 0.036 seconds
[2025-09-15T09:24:32.450+0000] {processor.py:161} INFO - Started process (PID=752) to work on /opt/airflow/dags/cleaning/day_clean.py
[2025-09-15T09:24:32.451+0000] {processor.py:830} INFO - Processing file /opt/airflow/dags/cleaning/day_clean.py for tasks to queue
[2025-09-15T09:24:32.453+0000] {logging_mixin.py:188} INFO - [2025-09-15T09:24:32.452+0000] {dagbag.py:540} INFO - Filling up the DagBag from /opt/airflow/dags/cleaning/day_clean.py
[2025-09-15T09:24:32.478+0000] {processor.py:842} WARNING - No viable dags retrieved from /opt/airflow/dags/cleaning/day_clean.py
[2025-09-15T09:24:32.496+0000] {processor.py:183} INFO - Processing /opt/airflow/dags/cleaning/day_clean.py took 0.054 seconds
[2025-09-15T09:25:02.589+0000] {processor.py:161} INFO - Started process (PID=787) to work on /opt/airflow/dags/cleaning/day_clean.py
[2025-09-15T09:25:02.590+0000] {processor.py:830} INFO - Processing file /opt/airflow/dags/cleaning/day_clean.py for tasks to queue
[2025-09-15T09:25:02.592+0000] {logging_mixin.py:188} INFO - [2025-09-15T09:25:02.592+0000] {dagbag.py:540} INFO - Filling up the DagBag from /opt/airflow/dags/cleaning/day_clean.py
[2025-09-15T09:25:02.605+0000] {processor.py:842} WARNING - No viable dags retrieved from /opt/airflow/dags/cleaning/day_clean.py
[2025-09-15T09:25:02.622+0000] {processor.py:183} INFO - Processing /opt/airflow/dags/cleaning/day_clean.py took 0.042 seconds
[2025-09-15T09:25:33.380+0000] {processor.py:161} INFO - Started process (PID=826) to work on /opt/airflow/dags/cleaning/day_clean.py
[2025-09-15T09:25:33.381+0000] {processor.py:830} INFO - Processing file /opt/airflow/dags/cleaning/day_clean.py for tasks to queue
[2025-09-15T09:25:33.382+0000] {logging_mixin.py:188} INFO - [2025-09-15T09:25:33.382+0000] {dagbag.py:540} INFO - Filling up the DagBag from /opt/airflow/dags/cleaning/day_clean.py
[2025-09-15T09:25:33.395+0000] {processor.py:842} WARNING - No viable dags retrieved from /opt/airflow/dags/cleaning/day_clean.py
[2025-09-15T09:25:33.411+0000] {processor.py:183} INFO - Processing /opt/airflow/dags/cleaning/day_clean.py took 0.037 seconds
[2025-09-15T09:26:04.465+0000] {processor.py:161} INFO - Started process (PID=861) to work on /opt/airflow/dags/cleaning/day_clean.py
[2025-09-15T09:26:04.467+0000] {processor.py:830} INFO - Processing file /opt/airflow/dags/cleaning/day_clean.py for tasks to queue
[2025-09-15T09:26:04.468+0000] {logging_mixin.py:188} INFO - [2025-09-15T09:26:04.468+0000] {dagbag.py:540} INFO - Filling up the DagBag from /opt/airflow/dags/cleaning/day_clean.py
[2025-09-15T09:26:04.482+0000] {processor.py:842} WARNING - No viable dags retrieved from /opt/airflow/dags/cleaning/day_clean.py
[2025-09-15T09:26:04.497+0000] {processor.py:183} INFO - Processing /opt/airflow/dags/cleaning/day_clean.py took 0.037 seconds
[2025-09-15T09:26:35.292+0000] {processor.py:161} INFO - Started process (PID=896) to work on /opt/airflow/dags/cleaning/day_clean.py
[2025-09-15T09:26:35.293+0000] {processor.py:830} INFO - Processing file /opt/airflow/dags/cleaning/day_clean.py for tasks to queue
[2025-09-15T09:26:35.295+0000] {logging_mixin.py:188} INFO - [2025-09-15T09:26:35.294+0000] {dagbag.py:540} INFO - Filling up the DagBag from /opt/airflow/dags/cleaning/day_clean.py
[2025-09-15T09:26:35.309+0000] {processor.py:842} WARNING - No viable dags retrieved from /opt/airflow/dags/cleaning/day_clean.py
[2025-09-15T09:26:35.325+0000] {processor.py:183} INFO - Processing /opt/airflow/dags/cleaning/day_clean.py took 0.039 seconds
[2025-09-15T09:27:06.342+0000] {processor.py:161} INFO - Started process (PID=931) to work on /opt/airflow/dags/cleaning/day_clean.py
[2025-09-15T09:27:06.344+0000] {processor.py:830} INFO - Processing file /opt/airflow/dags/cleaning/day_clean.py for tasks to queue
[2025-09-15T09:27:06.346+0000] {logging_mixin.py:188} INFO - [2025-09-15T09:27:06.345+0000] {dagbag.py:540} INFO - Filling up the DagBag from /opt/airflow/dags/cleaning/day_clean.py
[2025-09-15T09:27:06.367+0000] {processor.py:842} WARNING - No viable dags retrieved from /opt/airflow/dags/cleaning/day_clean.py
[2025-09-15T09:27:06.383+0000] {processor.py:183} INFO - Processing /opt/airflow/dags/cleaning/day_clean.py took 0.048 seconds
[2025-09-15T09:27:37.015+0000] {processor.py:161} INFO - Started process (PID=966) to work on /opt/airflow/dags/cleaning/day_clean.py
[2025-09-15T09:27:37.019+0000] {processor.py:830} INFO - Processing file /opt/airflow/dags/cleaning/day_clean.py for tasks to queue
[2025-09-15T09:27:37.020+0000] {logging_mixin.py:188} INFO - [2025-09-15T09:27:37.020+0000] {dagbag.py:540} INFO - Filling up the DagBag from /opt/airflow/dags/cleaning/day_clean.py
[2025-09-15T09:27:37.042+0000] {processor.py:842} WARNING - No viable dags retrieved from /opt/airflow/dags/cleaning/day_clean.py
[2025-09-15T09:27:37.072+0000] {processor.py:183} INFO - Processing /opt/airflow/dags/cleaning/day_clean.py took 0.064 seconds
[2025-09-15T09:28:08.580+0000] {processor.py:161} INFO - Started process (PID=1010) to work on /opt/airflow/dags/cleaning/day_clean.py
[2025-09-15T09:28:08.585+0000] {processor.py:830} INFO - Processing file /opt/airflow/dags/cleaning/day_clean.py for tasks to queue
[2025-09-15T09:28:08.587+0000] {logging_mixin.py:188} INFO - [2025-09-15T09:28:08.586+0000] {dagbag.py:540} INFO - Filling up the DagBag from /opt/airflow/dags/cleaning/day_clean.py
[2025-09-15T09:28:08.653+0000] {processor.py:842} WARNING - No viable dags retrieved from /opt/airflow/dags/cleaning/day_clean.py
[2025-09-15T09:28:09.113+0000] {processor.py:183} INFO - Processing /opt/airflow/dags/cleaning/day_clean.py took 0.566 seconds
[2025-09-15T09:28:39.679+0000] {processor.py:161} INFO - Started process (PID=1045) to work on /opt/airflow/dags/cleaning/day_clean.py
[2025-09-15T09:28:39.680+0000] {processor.py:830} INFO - Processing file /opt/airflow/dags/cleaning/day_clean.py for tasks to queue
[2025-09-15T09:28:39.681+0000] {logging_mixin.py:188} INFO - [2025-09-15T09:28:39.680+0000] {dagbag.py:540} INFO - Filling up the DagBag from /opt/airflow/dags/cleaning/day_clean.py
[2025-09-15T09:28:39.696+0000] {processor.py:842} WARNING - No viable dags retrieved from /opt/airflow/dags/cleaning/day_clean.py
[2025-09-15T09:28:39.717+0000] {processor.py:183} INFO - Processing /opt/airflow/dags/cleaning/day_clean.py took 0.044 seconds
[2025-09-15T09:29:10.309+0000] {processor.py:161} INFO - Started process (PID=1080) to work on /opt/airflow/dags/cleaning/day_clean.py
[2025-09-15T09:29:10.310+0000] {processor.py:830} INFO - Processing file /opt/airflow/dags/cleaning/day_clean.py for tasks to queue
[2025-09-15T09:29:10.311+0000] {logging_mixin.py:188} INFO - [2025-09-15T09:29:10.311+0000] {dagbag.py:540} INFO - Filling up the DagBag from /opt/airflow/dags/cleaning/day_clean.py
[2025-09-15T09:29:10.323+0000] {processor.py:842} WARNING - No viable dags retrieved from /opt/airflow/dags/cleaning/day_clean.py
[2025-09-15T09:29:10.342+0000] {processor.py:183} INFO - Processing /opt/airflow/dags/cleaning/day_clean.py took 0.039 seconds
[2025-09-15T09:29:40.891+0000] {processor.py:161} INFO - Started process (PID=1115) to work on /opt/airflow/dags/cleaning/day_clean.py
[2025-09-15T09:29:40.892+0000] {processor.py:830} INFO - Processing file /opt/airflow/dags/cleaning/day_clean.py for tasks to queue
[2025-09-15T09:29:40.894+0000] {logging_mixin.py:188} INFO - [2025-09-15T09:29:40.893+0000] {dagbag.py:540} INFO - Filling up the DagBag from /opt/airflow/dags/cleaning/day_clean.py
[2025-09-15T09:29:40.917+0000] {processor.py:842} WARNING - No viable dags retrieved from /opt/airflow/dags/cleaning/day_clean.py
[2025-09-15T09:29:40.938+0000] {processor.py:183} INFO - Processing /opt/airflow/dags/cleaning/day_clean.py took 0.055 seconds
[2025-09-15T09:30:11.433+0000] {processor.py:161} INFO - Started process (PID=1154) to work on /opt/airflow/dags/cleaning/day_clean.py
[2025-09-15T09:30:11.436+0000] {processor.py:830} INFO - Processing file /opt/airflow/dags/cleaning/day_clean.py for tasks to queue
[2025-09-15T09:30:11.437+0000] {logging_mixin.py:188} INFO - [2025-09-15T09:30:11.437+0000] {dagbag.py:540} INFO - Filling up the DagBag from /opt/airflow/dags/cleaning/day_clean.py
[2025-09-15T09:30:11.458+0000] {processor.py:842} WARNING - No viable dags retrieved from /opt/airflow/dags/cleaning/day_clean.py
[2025-09-15T09:30:11.480+0000] {processor.py:183} INFO - Processing /opt/airflow/dags/cleaning/day_clean.py took 0.055 seconds
[2025-09-15T09:30:42.467+0000] {processor.py:161} INFO - Started process (PID=1189) to work on /opt/airflow/dags/cleaning/day_clean.py
[2025-09-15T09:30:42.469+0000] {processor.py:830} INFO - Processing file /opt/airflow/dags/cleaning/day_clean.py for tasks to queue
[2025-09-15T09:30:42.471+0000] {logging_mixin.py:188} INFO - [2025-09-15T09:30:42.470+0000] {dagbag.py:540} INFO - Filling up the DagBag from /opt/airflow/dags/cleaning/day_clean.py
[2025-09-15T09:30:42.494+0000] {processor.py:842} WARNING - No viable dags retrieved from /opt/airflow/dags/cleaning/day_clean.py
[2025-09-15T09:30:42.516+0000] {processor.py:183} INFO - Processing /opt/airflow/dags/cleaning/day_clean.py took 0.059 seconds
[2025-09-15T09:31:12.931+0000] {processor.py:161} INFO - Started process (PID=1224) to work on /opt/airflow/dags/cleaning/day_clean.py
[2025-09-15T09:31:12.948+0000] {processor.py:830} INFO - Processing file /opt/airflow/dags/cleaning/day_clean.py for tasks to queue
[2025-09-15T09:31:12.960+0000] {logging_mixin.py:188} INFO - [2025-09-15T09:31:12.954+0000] {dagbag.py:540} INFO - Filling up the DagBag from /opt/airflow/dags/cleaning/day_clean.py
[2025-09-15T09:31:13.007+0000] {processor.py:842} WARNING - No viable dags retrieved from /opt/airflow/dags/cleaning/day_clean.py
[2025-09-15T09:31:13.082+0000] {processor.py:183} INFO - Processing /opt/airflow/dags/cleaning/day_clean.py took 0.264 seconds
[2025-09-15T09:31:44.047+0000] {processor.py:161} INFO - Started process (PID=1259) to work on /opt/airflow/dags/cleaning/day_clean.py
[2025-09-15T09:31:44.048+0000] {processor.py:830} INFO - Processing file /opt/airflow/dags/cleaning/day_clean.py for tasks to queue
[2025-09-15T09:31:44.049+0000] {logging_mixin.py:188} INFO - [2025-09-15T09:31:44.049+0000] {dagbag.py:540} INFO - Filling up the DagBag from /opt/airflow/dags/cleaning/day_clean.py
[2025-09-15T09:31:44.063+0000] {processor.py:842} WARNING - No viable dags retrieved from /opt/airflow/dags/cleaning/day_clean.py
[2025-09-15T09:31:44.083+0000] {processor.py:183} INFO - Processing /opt/airflow/dags/cleaning/day_clean.py took 0.044 seconds
[2025-09-15T09:32:14.515+0000] {processor.py:161} INFO - Started process (PID=1294) to work on /opt/airflow/dags/cleaning/day_clean.py
[2025-09-15T09:32:14.517+0000] {processor.py:830} INFO - Processing file /opt/airflow/dags/cleaning/day_clean.py for tasks to queue
[2025-09-15T09:32:14.519+0000] {logging_mixin.py:188} INFO - [2025-09-15T09:32:14.518+0000] {dagbag.py:540} INFO - Filling up the DagBag from /opt/airflow/dags/cleaning/day_clean.py
[2025-09-15T09:32:14.535+0000] {processor.py:842} WARNING - No viable dags retrieved from /opt/airflow/dags/cleaning/day_clean.py
[2025-09-15T09:32:14.556+0000] {processor.py:183} INFO - Processing /opt/airflow/dags/cleaning/day_clean.py took 0.051 seconds
[2025-09-15T09:32:45.451+0000] {processor.py:161} INFO - Started process (PID=1329) to work on /opt/airflow/dags/cleaning/day_clean.py
[2025-09-15T09:32:45.453+0000] {processor.py:830} INFO - Processing file /opt/airflow/dags/cleaning/day_clean.py for tasks to queue
[2025-09-15T09:32:45.455+0000] {logging_mixin.py:188} INFO - [2025-09-15T09:32:45.454+0000] {dagbag.py:540} INFO - Filling up the DagBag from /opt/airflow/dags/cleaning/day_clean.py
[2025-09-15T09:32:45.472+0000] {processor.py:842} WARNING - No viable dags retrieved from /opt/airflow/dags/cleaning/day_clean.py
[2025-09-15T09:32:45.492+0000] {processor.py:183} INFO - Processing /opt/airflow/dags/cleaning/day_clean.py took 0.047 seconds
[2025-09-15T09:33:16.082+0000] {processor.py:161} INFO - Started process (PID=1366) to work on /opt/airflow/dags/cleaning/day_clean.py
[2025-09-15T09:33:16.083+0000] {processor.py:830} INFO - Processing file /opt/airflow/dags/cleaning/day_clean.py for tasks to queue
[2025-09-15T09:33:16.084+0000] {logging_mixin.py:188} INFO - [2025-09-15T09:33:16.084+0000] {dagbag.py:540} INFO - Filling up the DagBag from /opt/airflow/dags/cleaning/day_clean.py
[2025-09-15T09:33:16.100+0000] {processor.py:842} WARNING - No viable dags retrieved from /opt/airflow/dags/cleaning/day_clean.py
[2025-09-15T09:33:16.123+0000] {processor.py:183} INFO - Processing /opt/airflow/dags/cleaning/day_clean.py took 0.047 seconds
[2025-09-15T09:33:46.627+0000] {processor.py:161} INFO - Started process (PID=1403) to work on /opt/airflow/dags/cleaning/day_clean.py
[2025-09-15T09:33:46.628+0000] {processor.py:830} INFO - Processing file /opt/airflow/dags/cleaning/day_clean.py for tasks to queue
[2025-09-15T09:33:46.629+0000] {logging_mixin.py:188} INFO - [2025-09-15T09:33:46.629+0000] {dagbag.py:540} INFO - Filling up the DagBag from /opt/airflow/dags/cleaning/day_clean.py
[2025-09-15T09:33:46.643+0000] {processor.py:842} WARNING - No viable dags retrieved from /opt/airflow/dags/cleaning/day_clean.py
[2025-09-15T09:33:46.660+0000] {processor.py:183} INFO - Processing /opt/airflow/dags/cleaning/day_clean.py took 0.039 seconds
[2025-09-15T09:34:17.149+0000] {processor.py:161} INFO - Started process (PID=1438) to work on /opt/airflow/dags/cleaning/day_clean.py
[2025-09-15T09:34:17.150+0000] {processor.py:830} INFO - Processing file /opt/airflow/dags/cleaning/day_clean.py for tasks to queue
[2025-09-15T09:34:17.151+0000] {logging_mixin.py:188} INFO - [2025-09-15T09:34:17.151+0000] {dagbag.py:540} INFO - Filling up the DagBag from /opt/airflow/dags/cleaning/day_clean.py
[2025-09-15T09:34:17.165+0000] {processor.py:842} WARNING - No viable dags retrieved from /opt/airflow/dags/cleaning/day_clean.py
[2025-09-15T09:34:17.181+0000] {processor.py:183} INFO - Processing /opt/airflow/dags/cleaning/day_clean.py took 0.038 seconds
[2025-09-15T09:34:47.890+0000] {processor.py:161} INFO - Started process (PID=1473) to work on /opt/airflow/dags/cleaning/day_clean.py
[2025-09-15T09:34:47.892+0000] {processor.py:830} INFO - Processing file /opt/airflow/dags/cleaning/day_clean.py for tasks to queue
[2025-09-15T09:34:47.893+0000] {logging_mixin.py:188} INFO - [2025-09-15T09:34:47.892+0000] {dagbag.py:540} INFO - Filling up the DagBag from /opt/airflow/dags/cleaning/day_clean.py
[2025-09-15T09:34:47.907+0000] {processor.py:842} WARNING - No viable dags retrieved from /opt/airflow/dags/cleaning/day_clean.py
[2025-09-15T09:34:47.924+0000] {processor.py:183} INFO - Processing /opt/airflow/dags/cleaning/day_clean.py took 0.040 seconds
[2025-09-15T09:35:18.481+0000] {processor.py:161} INFO - Started process (PID=1508) to work on /opt/airflow/dags/cleaning/day_clean.py
[2025-09-15T09:35:18.482+0000] {processor.py:830} INFO - Processing file /opt/airflow/dags/cleaning/day_clean.py for tasks to queue
[2025-09-15T09:35:18.483+0000] {logging_mixin.py:188} INFO - [2025-09-15T09:35:18.483+0000] {dagbag.py:540} INFO - Filling up the DagBag from /opt/airflow/dags/cleaning/day_clean.py
[2025-09-15T09:35:18.501+0000] {processor.py:842} WARNING - No viable dags retrieved from /opt/airflow/dags/cleaning/day_clean.py
[2025-09-15T09:35:18.520+0000] {processor.py:183} INFO - Processing /opt/airflow/dags/cleaning/day_clean.py took 0.047 seconds
[2025-09-15T09:35:49.062+0000] {processor.py:161} INFO - Started process (PID=1543) to work on /opt/airflow/dags/cleaning/day_clean.py
[2025-09-15T09:35:49.064+0000] {processor.py:830} INFO - Processing file /opt/airflow/dags/cleaning/day_clean.py for tasks to queue
[2025-09-15T09:35:49.065+0000] {logging_mixin.py:188} INFO - [2025-09-15T09:35:49.064+0000] {dagbag.py:540} INFO - Filling up the DagBag from /opt/airflow/dags/cleaning/day_clean.py
[2025-09-15T09:35:49.097+0000] {processor.py:842} WARNING - No viable dags retrieved from /opt/airflow/dags/cleaning/day_clean.py
[2025-09-15T09:35:49.128+0000] {processor.py:183} INFO - Processing /opt/airflow/dags/cleaning/day_clean.py took 0.073 seconds
[2025-09-15T09:36:19.784+0000] {processor.py:161} INFO - Started process (PID=1578) to work on /opt/airflow/dags/cleaning/day_clean.py
[2025-09-15T09:36:19.786+0000] {processor.py:830} INFO - Processing file /opt/airflow/dags/cleaning/day_clean.py for tasks to queue
[2025-09-15T09:36:19.787+0000] {logging_mixin.py:188} INFO - [2025-09-15T09:36:19.786+0000] {dagbag.py:540} INFO - Filling up the DagBag from /opt/airflow/dags/cleaning/day_clean.py
[2025-09-15T09:36:19.880+0000] {processor.py:842} WARNING - No viable dags retrieved from /opt/airflow/dags/cleaning/day_clean.py
[2025-09-15T09:36:19.908+0000] {processor.py:183} INFO - Processing /opt/airflow/dags/cleaning/day_clean.py took 0.133 seconds
[2025-09-15T09:36:50.415+0000] {processor.py:161} INFO - Started process (PID=1613) to work on /opt/airflow/dags/cleaning/day_clean.py
[2025-09-15T09:36:50.416+0000] {processor.py:830} INFO - Processing file /opt/airflow/dags/cleaning/day_clean.py for tasks to queue
[2025-09-15T09:36:50.417+0000] {logging_mixin.py:188} INFO - [2025-09-15T09:36:50.417+0000] {dagbag.py:540} INFO - Filling up the DagBag from /opt/airflow/dags/cleaning/day_clean.py
[2025-09-15T09:36:50.431+0000] {processor.py:842} WARNING - No viable dags retrieved from /opt/airflow/dags/cleaning/day_clean.py
[2025-09-15T09:36:50.450+0000] {processor.py:183} INFO - Processing /opt/airflow/dags/cleaning/day_clean.py took 0.040 seconds
[2025-09-15T09:37:21.231+0000] {processor.py:161} INFO - Started process (PID=1648) to work on /opt/airflow/dags/cleaning/day_clean.py
[2025-09-15T09:37:21.232+0000] {processor.py:830} INFO - Processing file /opt/airflow/dags/cleaning/day_clean.py for tasks to queue
[2025-09-15T09:37:21.233+0000] {logging_mixin.py:188} INFO - [2025-09-15T09:37:21.232+0000] {dagbag.py:540} INFO - Filling up the DagBag from /opt/airflow/dags/cleaning/day_clean.py
[2025-09-15T09:37:21.247+0000] {processor.py:842} WARNING - No viable dags retrieved from /opt/airflow/dags/cleaning/day_clean.py
[2025-09-15T09:37:21.261+0000] {processor.py:183} INFO - Processing /opt/airflow/dags/cleaning/day_clean.py took 0.036 seconds
[2025-09-15T09:37:51.814+0000] {processor.py:161} INFO - Started process (PID=1683) to work on /opt/airflow/dags/cleaning/day_clean.py
[2025-09-15T09:37:51.815+0000] {processor.py:830} INFO - Processing file /opt/airflow/dags/cleaning/day_clean.py for tasks to queue
[2025-09-15T09:37:51.815+0000] {logging_mixin.py:188} INFO - [2025-09-15T09:37:51.815+0000] {dagbag.py:540} INFO - Filling up the DagBag from /opt/airflow/dags/cleaning/day_clean.py
[2025-09-15T09:37:51.831+0000] {processor.py:842} WARNING - No viable dags retrieved from /opt/airflow/dags/cleaning/day_clean.py
[2025-09-15T09:37:51.849+0000] {processor.py:183} INFO - Processing /opt/airflow/dags/cleaning/day_clean.py took 0.041 seconds
[2025-09-15T09:38:22.766+0000] {processor.py:161} INFO - Started process (PID=1718) to work on /opt/airflow/dags/cleaning/day_clean.py
[2025-09-15T09:38:22.767+0000] {processor.py:830} INFO - Processing file /opt/airflow/dags/cleaning/day_clean.py for tasks to queue
[2025-09-15T09:38:22.768+0000] {logging_mixin.py:188} INFO - [2025-09-15T09:38:22.768+0000] {dagbag.py:540} INFO - Filling up the DagBag from /opt/airflow/dags/cleaning/day_clean.py
[2025-09-15T09:38:22.785+0000] {processor.py:842} WARNING - No viable dags retrieved from /opt/airflow/dags/cleaning/day_clean.py
[2025-09-15T09:38:22.806+0000] {processor.py:183} INFO - Processing /opt/airflow/dags/cleaning/day_clean.py took 0.046 seconds
[2025-09-15T09:38:53.639+0000] {processor.py:161} INFO - Started process (PID=1755) to work on /opt/airflow/dags/cleaning/day_clean.py
[2025-09-15T09:38:53.643+0000] {processor.py:830} INFO - Processing file /opt/airflow/dags/cleaning/day_clean.py for tasks to queue
[2025-09-15T09:38:53.646+0000] {logging_mixin.py:188} INFO - [2025-09-15T09:38:53.645+0000] {dagbag.py:540} INFO - Filling up the DagBag from /opt/airflow/dags/cleaning/day_clean.py
[2025-09-15T09:38:53.703+0000] {processor.py:842} WARNING - No viable dags retrieved from /opt/airflow/dags/cleaning/day_clean.py
[2025-09-15T09:38:55.322+0000] {processor.py:183} INFO - Processing /opt/airflow/dags/cleaning/day_clean.py took 1.731 seconds
[2025-09-15T09:39:25.766+0000] {processor.py:161} INFO - Started process (PID=1792) to work on /opt/airflow/dags/cleaning/day_clean.py
[2025-09-15T09:39:25.767+0000] {processor.py:830} INFO - Processing file /opt/airflow/dags/cleaning/day_clean.py for tasks to queue
[2025-09-15T09:39:25.768+0000] {logging_mixin.py:188} INFO - [2025-09-15T09:39:25.768+0000] {dagbag.py:540} INFO - Filling up the DagBag from /opt/airflow/dags/cleaning/day_clean.py
[2025-09-15T09:39:25.785+0000] {processor.py:842} WARNING - No viable dags retrieved from /opt/airflow/dags/cleaning/day_clean.py
[2025-09-15T09:39:25.801+0000] {processor.py:183} INFO - Processing /opt/airflow/dags/cleaning/day_clean.py took 0.042 seconds
[2025-09-15T09:39:56.305+0000] {processor.py:161} INFO - Started process (PID=1827) to work on /opt/airflow/dags/cleaning/day_clean.py
[2025-09-15T09:39:56.307+0000] {processor.py:830} INFO - Processing file /opt/airflow/dags/cleaning/day_clean.py for tasks to queue
[2025-09-15T09:39:56.309+0000] {logging_mixin.py:188} INFO - [2025-09-15T09:39:56.308+0000] {dagbag.py:540} INFO - Filling up the DagBag from /opt/airflow/dags/cleaning/day_clean.py
[2025-09-15T09:39:56.324+0000] {processor.py:842} WARNING - No viable dags retrieved from /opt/airflow/dags/cleaning/day_clean.py
[2025-09-15T09:39:56.344+0000] {processor.py:183} INFO - Processing /opt/airflow/dags/cleaning/day_clean.py took 0.046 seconds
[2025-09-15T09:40:27.045+0000] {processor.py:161} INFO - Started process (PID=1862) to work on /opt/airflow/dags/cleaning/day_clean.py
[2025-09-15T09:40:27.046+0000] {processor.py:830} INFO - Processing file /opt/airflow/dags/cleaning/day_clean.py for tasks to queue
[2025-09-15T09:40:27.047+0000] {logging_mixin.py:188} INFO - [2025-09-15T09:40:27.047+0000] {dagbag.py:540} INFO - Filling up the DagBag from /opt/airflow/dags/cleaning/day_clean.py
[2025-09-15T09:40:27.060+0000] {processor.py:842} WARNING - No viable dags retrieved from /opt/airflow/dags/cleaning/day_clean.py
[2025-09-15T09:40:27.075+0000] {processor.py:183} INFO - Processing /opt/airflow/dags/cleaning/day_clean.py took 0.035 seconds
[2025-09-15T09:40:57.667+0000] {processor.py:161} INFO - Started process (PID=1897) to work on /opt/airflow/dags/cleaning/day_clean.py
[2025-09-15T09:40:57.668+0000] {processor.py:830} INFO - Processing file /opt/airflow/dags/cleaning/day_clean.py for tasks to queue
[2025-09-15T09:40:57.669+0000] {logging_mixin.py:188} INFO - [2025-09-15T09:40:57.669+0000] {dagbag.py:540} INFO - Filling up the DagBag from /opt/airflow/dags/cleaning/day_clean.py
[2025-09-15T09:40:57.686+0000] {processor.py:842} WARNING - No viable dags retrieved from /opt/airflow/dags/cleaning/day_clean.py
[2025-09-15T09:40:57.703+0000] {processor.py:183} INFO - Processing /opt/airflow/dags/cleaning/day_clean.py took 0.043 seconds
[2025-09-15T09:41:28.202+0000] {processor.py:161} INFO - Started process (PID=1932) to work on /opt/airflow/dags/cleaning/day_clean.py
[2025-09-15T09:41:28.203+0000] {processor.py:830} INFO - Processing file /opt/airflow/dags/cleaning/day_clean.py for tasks to queue
[2025-09-15T09:41:28.204+0000] {logging_mixin.py:188} INFO - [2025-09-15T09:41:28.204+0000] {dagbag.py:540} INFO - Filling up the DagBag from /opt/airflow/dags/cleaning/day_clean.py
[2025-09-15T09:41:28.218+0000] {processor.py:842} WARNING - No viable dags retrieved from /opt/airflow/dags/cleaning/day_clean.py
[2025-09-15T09:41:28.235+0000] {processor.py:183} INFO - Processing /opt/airflow/dags/cleaning/day_clean.py took 0.039 seconds
[2025-09-15T09:41:59.078+0000] {processor.py:161} INFO - Started process (PID=1967) to work on /opt/airflow/dags/cleaning/day_clean.py
[2025-09-15T09:41:59.079+0000] {processor.py:830} INFO - Processing file /opt/airflow/dags/cleaning/day_clean.py for tasks to queue
[2025-09-15T09:41:59.080+0000] {logging_mixin.py:188} INFO - [2025-09-15T09:41:59.080+0000] {dagbag.py:540} INFO - Filling up the DagBag from /opt/airflow/dags/cleaning/day_clean.py
[2025-09-15T09:41:59.097+0000] {processor.py:842} WARNING - No viable dags retrieved from /opt/airflow/dags/cleaning/day_clean.py
[2025-09-15T09:41:59.115+0000] {processor.py:183} INFO - Processing /opt/airflow/dags/cleaning/day_clean.py took 0.044 seconds
[2025-09-15T09:42:29.559+0000] {processor.py:161} INFO - Started process (PID=2002) to work on /opt/airflow/dags/cleaning/day_clean.py
[2025-09-15T09:42:29.560+0000] {processor.py:830} INFO - Processing file /opt/airflow/dags/cleaning/day_clean.py for tasks to queue
[2025-09-15T09:42:29.562+0000] {logging_mixin.py:188} INFO - [2025-09-15T09:42:29.561+0000] {dagbag.py:540} INFO - Filling up the DagBag from /opt/airflow/dags/cleaning/day_clean.py
[2025-09-15T09:42:29.577+0000] {processor.py:842} WARNING - No viable dags retrieved from /opt/airflow/dags/cleaning/day_clean.py
[2025-09-15T09:42:29.594+0000] {processor.py:183} INFO - Processing /opt/airflow/dags/cleaning/day_clean.py took 0.041 seconds
[2025-09-15T09:42:59.827+0000] {processor.py:161} INFO - Started process (PID=2037) to work on /opt/airflow/dags/cleaning/day_clean.py
[2025-09-15T09:42:59.828+0000] {processor.py:830} INFO - Processing file /opt/airflow/dags/cleaning/day_clean.py for tasks to queue
[2025-09-15T09:42:59.829+0000] {logging_mixin.py:188} INFO - [2025-09-15T09:42:59.829+0000] {dagbag.py:540} INFO - Filling up the DagBag from /opt/airflow/dags/cleaning/day_clean.py
[2025-09-15T09:42:59.848+0000] {processor.py:842} WARNING - No viable dags retrieved from /opt/airflow/dags/cleaning/day_clean.py
[2025-09-15T09:42:59.866+0000] {processor.py:183} INFO - Processing /opt/airflow/dags/cleaning/day_clean.py took 0.046 seconds
[2025-09-15T09:43:30.032+0000] {processor.py:161} INFO - Started process (PID=2087) to work on /opt/airflow/dags/cleaning/day_clean.py
[2025-09-15T09:43:30.033+0000] {processor.py:830} INFO - Processing file /opt/airflow/dags/cleaning/day_clean.py for tasks to queue
[2025-09-15T09:43:30.033+0000] {logging_mixin.py:188} INFO - [2025-09-15T09:43:30.033+0000] {dagbag.py:540} INFO - Filling up the DagBag from /opt/airflow/dags/cleaning/day_clean.py
[2025-09-15T09:43:30.050+0000] {processor.py:842} WARNING - No viable dags retrieved from /opt/airflow/dags/cleaning/day_clean.py
[2025-09-15T09:43:30.065+0000] {processor.py:183} INFO - Processing /opt/airflow/dags/cleaning/day_clean.py took 0.039 seconds
[2025-09-15T09:44:00.613+0000] {processor.py:161} INFO - Started process (PID=2124) to work on /opt/airflow/dags/cleaning/day_clean.py
[2025-09-15T09:44:00.614+0000] {processor.py:830} INFO - Processing file /opt/airflow/dags/cleaning/day_clean.py for tasks to queue
[2025-09-15T09:44:00.615+0000] {logging_mixin.py:188} INFO - [2025-09-15T09:44:00.615+0000] {dagbag.py:540} INFO - Filling up the DagBag from /opt/airflow/dags/cleaning/day_clean.py
[2025-09-15T09:44:00.631+0000] {processor.py:842} WARNING - No viable dags retrieved from /opt/airflow/dags/cleaning/day_clean.py
[2025-09-15T09:44:00.648+0000] {processor.py:183} INFO - Processing /opt/airflow/dags/cleaning/day_clean.py took 0.041 seconds
[2025-09-15T09:44:31.121+0000] {processor.py:161} INFO - Started process (PID=2161) to work on /opt/airflow/dags/cleaning/day_clean.py
[2025-09-15T09:44:31.123+0000] {processor.py:830} INFO - Processing file /opt/airflow/dags/cleaning/day_clean.py for tasks to queue
[2025-09-15T09:44:31.124+0000] {logging_mixin.py:188} INFO - [2025-09-15T09:44:31.124+0000] {dagbag.py:540} INFO - Filling up the DagBag from /opt/airflow/dags/cleaning/day_clean.py
[2025-09-15T09:44:31.143+0000] {processor.py:842} WARNING - No viable dags retrieved from /opt/airflow/dags/cleaning/day_clean.py
[2025-09-15T09:44:31.161+0000] {processor.py:183} INFO - Processing /opt/airflow/dags/cleaning/day_clean.py took 0.047 seconds
[2025-09-15T09:45:01.629+0000] {processor.py:161} INFO - Started process (PID=2196) to work on /opt/airflow/dags/cleaning/day_clean.py
[2025-09-15T09:45:01.630+0000] {processor.py:830} INFO - Processing file /opt/airflow/dags/cleaning/day_clean.py for tasks to queue
[2025-09-15T09:45:01.631+0000] {logging_mixin.py:188} INFO - [2025-09-15T09:45:01.631+0000] {dagbag.py:540} INFO - Filling up the DagBag from /opt/airflow/dags/cleaning/day_clean.py
[2025-09-15T09:45:01.643+0000] {processor.py:842} WARNING - No viable dags retrieved from /opt/airflow/dags/cleaning/day_clean.py
[2025-09-15T09:45:01.657+0000] {processor.py:183} INFO - Processing /opt/airflow/dags/cleaning/day_clean.py took 0.034 seconds
[2025-09-15T09:45:32.027+0000] {processor.py:161} INFO - Started process (PID=2231) to work on /opt/airflow/dags/cleaning/day_clean.py
[2025-09-15T09:45:32.028+0000] {processor.py:830} INFO - Processing file /opt/airflow/dags/cleaning/day_clean.py for tasks to queue
[2025-09-15T09:45:32.029+0000] {logging_mixin.py:188} INFO - [2025-09-15T09:45:32.029+0000] {dagbag.py:540} INFO - Filling up the DagBag from /opt/airflow/dags/cleaning/day_clean.py
[2025-09-15T09:45:32.050+0000] {processor.py:842} WARNING - No viable dags retrieved from /opt/airflow/dags/cleaning/day_clean.py
[2025-09-15T09:45:32.071+0000] {processor.py:183} INFO - Processing /opt/airflow/dags/cleaning/day_clean.py took 0.049 seconds
[2025-09-15T09:46:02.691+0000] {processor.py:161} INFO - Started process (PID=2268) to work on /opt/airflow/dags/cleaning/day_clean.py
[2025-09-15T09:46:02.692+0000] {processor.py:830} INFO - Processing file /opt/airflow/dags/cleaning/day_clean.py for tasks to queue
[2025-09-15T09:46:02.693+0000] {logging_mixin.py:188} INFO - [2025-09-15T09:46:02.693+0000] {dagbag.py:540} INFO - Filling up the DagBag from /opt/airflow/dags/cleaning/day_clean.py
[2025-09-15T09:46:02.704+0000] {processor.py:842} WARNING - No viable dags retrieved from /opt/airflow/dags/cleaning/day_clean.py
[2025-09-15T09:46:02.719+0000] {processor.py:183} INFO - Processing /opt/airflow/dags/cleaning/day_clean.py took 0.033 seconds
[2025-09-15T09:46:33.132+0000] {processor.py:161} INFO - Started process (PID=2305) to work on /opt/airflow/dags/cleaning/day_clean.py
[2025-09-15T09:46:33.133+0000] {processor.py:830} INFO - Processing file /opt/airflow/dags/cleaning/day_clean.py for tasks to queue
[2025-09-15T09:46:33.134+0000] {logging_mixin.py:188} INFO - [2025-09-15T09:46:33.134+0000] {dagbag.py:540} INFO - Filling up the DagBag from /opt/airflow/dags/cleaning/day_clean.py
[2025-09-15T09:46:33.151+0000] {processor.py:842} WARNING - No viable dags retrieved from /opt/airflow/dags/cleaning/day_clean.py
[2025-09-15T09:46:33.167+0000] {processor.py:183} INFO - Processing /opt/airflow/dags/cleaning/day_clean.py took 0.041 seconds
[2025-09-15T09:47:03.734+0000] {processor.py:161} INFO - Started process (PID=2340) to work on /opt/airflow/dags/cleaning/day_clean.py
[2025-09-15T09:47:03.735+0000] {processor.py:830} INFO - Processing file /opt/airflow/dags/cleaning/day_clean.py for tasks to queue
[2025-09-15T09:47:03.736+0000] {logging_mixin.py:188} INFO - [2025-09-15T09:47:03.736+0000] {dagbag.py:540} INFO - Filling up the DagBag from /opt/airflow/dags/cleaning/day_clean.py
[2025-09-15T09:47:03.752+0000] {processor.py:842} WARNING - No viable dags retrieved from /opt/airflow/dags/cleaning/day_clean.py
[2025-09-15T09:47:03.769+0000] {processor.py:183} INFO - Processing /opt/airflow/dags/cleaning/day_clean.py took 0.040 seconds
[2025-09-15T09:47:34.221+0000] {processor.py:161} INFO - Started process (PID=2375) to work on /opt/airflow/dags/cleaning/day_clean.py
[2025-09-15T09:47:34.222+0000] {processor.py:830} INFO - Processing file /opt/airflow/dags/cleaning/day_clean.py for tasks to queue
[2025-09-15T09:47:34.222+0000] {logging_mixin.py:188} INFO - [2025-09-15T09:47:34.222+0000] {dagbag.py:540} INFO - Filling up the DagBag from /opt/airflow/dags/cleaning/day_clean.py
[2025-09-15T09:47:34.240+0000] {processor.py:842} WARNING - No viable dags retrieved from /opt/airflow/dags/cleaning/day_clean.py
[2025-09-15T09:47:34.256+0000] {processor.py:183} INFO - Processing /opt/airflow/dags/cleaning/day_clean.py took 0.042 seconds
[2025-09-15T09:48:04.759+0000] {processor.py:161} INFO - Started process (PID=2410) to work on /opt/airflow/dags/cleaning/day_clean.py
[2025-09-15T09:48:04.760+0000] {processor.py:830} INFO - Processing file /opt/airflow/dags/cleaning/day_clean.py for tasks to queue
[2025-09-15T09:48:04.763+0000] {logging_mixin.py:188} INFO - [2025-09-15T09:48:04.762+0000] {dagbag.py:540} INFO - Filling up the DagBag from /opt/airflow/dags/cleaning/day_clean.py
[2025-09-15T09:48:04.779+0000] {processor.py:842} WARNING - No viable dags retrieved from /opt/airflow/dags/cleaning/day_clean.py
[2025-09-15T09:48:04.795+0000] {processor.py:183} INFO - Processing /opt/airflow/dags/cleaning/day_clean.py took 0.044 seconds
[2025-09-15T09:48:35.268+0000] {processor.py:161} INFO - Started process (PID=2445) to work on /opt/airflow/dags/cleaning/day_clean.py
[2025-09-15T09:48:35.269+0000] {processor.py:830} INFO - Processing file /opt/airflow/dags/cleaning/day_clean.py for tasks to queue
[2025-09-15T09:48:35.270+0000] {logging_mixin.py:188} INFO - [2025-09-15T09:48:35.270+0000] {dagbag.py:540} INFO - Filling up the DagBag from /opt/airflow/dags/cleaning/day_clean.py
[2025-09-15T09:48:35.285+0000] {processor.py:842} WARNING - No viable dags retrieved from /opt/airflow/dags/cleaning/day_clean.py
[2025-09-15T09:48:35.300+0000] {processor.py:183} INFO - Processing /opt/airflow/dags/cleaning/day_clean.py took 0.039 seconds
[2025-09-15T09:49:05.597+0000] {processor.py:161} INFO - Started process (PID=2480) to work on /opt/airflow/dags/cleaning/day_clean.py
[2025-09-15T09:49:05.598+0000] {processor.py:830} INFO - Processing file /opt/airflow/dags/cleaning/day_clean.py for tasks to queue
[2025-09-15T09:49:05.599+0000] {logging_mixin.py:188} INFO - [2025-09-15T09:49:05.599+0000] {dagbag.py:540} INFO - Filling up the DagBag from /opt/airflow/dags/cleaning/day_clean.py
[2025-09-15T09:49:05.612+0000] {processor.py:842} WARNING - No viable dags retrieved from /opt/airflow/dags/cleaning/day_clean.py
[2025-09-15T09:49:05.628+0000] {processor.py:183} INFO - Processing /opt/airflow/dags/cleaning/day_clean.py took 0.036 seconds
[2025-09-15T09:49:36.281+0000] {processor.py:161} INFO - Started process (PID=2515) to work on /opt/airflow/dags/cleaning/day_clean.py
[2025-09-15T09:49:36.281+0000] {processor.py:830} INFO - Processing file /opt/airflow/dags/cleaning/day_clean.py for tasks to queue
[2025-09-15T09:49:36.282+0000] {logging_mixin.py:188} INFO - [2025-09-15T09:49:36.282+0000] {dagbag.py:540} INFO - Filling up the DagBag from /opt/airflow/dags/cleaning/day_clean.py
[2025-09-15T09:49:36.297+0000] {processor.py:842} WARNING - No viable dags retrieved from /opt/airflow/dags/cleaning/day_clean.py
[2025-09-15T09:49:36.313+0000] {processor.py:183} INFO - Processing /opt/airflow/dags/cleaning/day_clean.py took 0.038 seconds
[2025-09-15T09:50:07.159+0000] {processor.py:161} INFO - Started process (PID=2550) to work on /opt/airflow/dags/cleaning/day_clean.py
[2025-09-15T09:50:07.160+0000] {processor.py:830} INFO - Processing file /opt/airflow/dags/cleaning/day_clean.py for tasks to queue
[2025-09-15T09:50:07.161+0000] {logging_mixin.py:188} INFO - [2025-09-15T09:50:07.160+0000] {dagbag.py:540} INFO - Filling up the DagBag from /opt/airflow/dags/cleaning/day_clean.py
[2025-09-15T09:50:07.180+0000] {processor.py:842} WARNING - No viable dags retrieved from /opt/airflow/dags/cleaning/day_clean.py
[2025-09-15T09:50:07.203+0000] {processor.py:183} INFO - Processing /opt/airflow/dags/cleaning/day_clean.py took 0.050 seconds
[2025-09-15T09:50:37.620+0000] {processor.py:161} INFO - Started process (PID=2585) to work on /opt/airflow/dags/cleaning/day_clean.py
[2025-09-15T09:50:37.626+0000] {processor.py:830} INFO - Processing file /opt/airflow/dags/cleaning/day_clean.py for tasks to queue
[2025-09-15T09:50:37.641+0000] {logging_mixin.py:188} INFO - [2025-09-15T09:50:37.640+0000] {dagbag.py:540} INFO - Filling up the DagBag from /opt/airflow/dags/cleaning/day_clean.py
[2025-09-15T09:50:37.700+0000] {processor.py:842} WARNING - No viable dags retrieved from /opt/airflow/dags/cleaning/day_clean.py
[2025-09-15T09:50:37.727+0000] {processor.py:183} INFO - Processing /opt/airflow/dags/cleaning/day_clean.py took 0.122 seconds
[2025-09-15T09:51:08.137+0000] {processor.py:161} INFO - Started process (PID=2620) to work on /opt/airflow/dags/cleaning/day_clean.py
[2025-09-15T09:51:08.138+0000] {processor.py:830} INFO - Processing file /opt/airflow/dags/cleaning/day_clean.py for tasks to queue
[2025-09-15T09:51:08.140+0000] {logging_mixin.py:188} INFO - [2025-09-15T09:51:08.139+0000] {dagbag.py:540} INFO - Filling up the DagBag from /opt/airflow/dags/cleaning/day_clean.py
[2025-09-15T09:51:08.156+0000] {processor.py:842} WARNING - No viable dags retrieved from /opt/airflow/dags/cleaning/day_clean.py
[2025-09-15T09:51:08.172+0000] {processor.py:183} INFO - Processing /opt/airflow/dags/cleaning/day_clean.py took 0.042 seconds
[2025-09-15T09:51:38.783+0000] {processor.py:161} INFO - Started process (PID=2655) to work on /opt/airflow/dags/cleaning/day_clean.py
[2025-09-15T09:51:38.784+0000] {processor.py:830} INFO - Processing file /opt/airflow/dags/cleaning/day_clean.py for tasks to queue
[2025-09-15T09:51:38.786+0000] {logging_mixin.py:188} INFO - [2025-09-15T09:51:38.785+0000] {dagbag.py:540} INFO - Filling up the DagBag from /opt/airflow/dags/cleaning/day_clean.py
[2025-09-15T09:51:38.799+0000] {processor.py:842} WARNING - No viable dags retrieved from /opt/airflow/dags/cleaning/day_clean.py
[2025-09-15T09:51:38.815+0000] {processor.py:183} INFO - Processing /opt/airflow/dags/cleaning/day_clean.py took 0.037 seconds
[2025-09-15T09:52:09.095+0000] {processor.py:161} INFO - Started process (PID=2690) to work on /opt/airflow/dags/cleaning/day_clean.py
[2025-09-15T09:52:09.098+0000] {processor.py:830} INFO - Processing file /opt/airflow/dags/cleaning/day_clean.py for tasks to queue
[2025-09-15T09:52:09.100+0000] {logging_mixin.py:188} INFO - [2025-09-15T09:52:09.100+0000] {dagbag.py:540} INFO - Filling up the DagBag from /opt/airflow/dags/cleaning/day_clean.py
[2025-09-15T09:52:09.178+0000] {processor.py:842} WARNING - No viable dags retrieved from /opt/airflow/dags/cleaning/day_clean.py
[2025-09-15T09:52:09.234+0000] {processor.py:183} INFO - Processing /opt/airflow/dags/cleaning/day_clean.py took 0.145 seconds
[2025-09-15T09:52:39.680+0000] {processor.py:161} INFO - Started process (PID=2710) to work on /opt/airflow/dags/cleaning/day_clean.py
[2025-09-15T09:52:39.682+0000] {processor.py:830} INFO - Processing file /opt/airflow/dags/cleaning/day_clean.py for tasks to queue
[2025-09-15T09:52:39.687+0000] {logging_mixin.py:188} INFO - [2025-09-15T09:52:39.685+0000] {dagbag.py:540} INFO - Filling up the DagBag from /opt/airflow/dags/cleaning/day_clean.py
[2025-09-15T09:52:39.729+0000] {processor.py:842} WARNING - No viable dags retrieved from /opt/airflow/dags/cleaning/day_clean.py
[2025-09-15T09:52:39.826+0000] {processor.py:183} INFO - Processing /opt/airflow/dags/cleaning/day_clean.py took 0.164 seconds
[2025-09-15T09:53:09.941+0000] {processor.py:161} INFO - Started process (PID=2742) to work on /opt/airflow/dags/cleaning/day_clean.py
[2025-09-15T09:53:09.942+0000] {processor.py:830} INFO - Processing file /opt/airflow/dags/cleaning/day_clean.py for tasks to queue
[2025-09-15T09:53:09.943+0000] {logging_mixin.py:188} INFO - [2025-09-15T09:53:09.943+0000] {dagbag.py:540} INFO - Filling up the DagBag from /opt/airflow/dags/cleaning/day_clean.py
[2025-09-15T09:53:09.964+0000] {processor.py:842} WARNING - No viable dags retrieved from /opt/airflow/dags/cleaning/day_clean.py
[2025-09-15T09:53:09.985+0000] {processor.py:183} INFO - Processing /opt/airflow/dags/cleaning/day_clean.py took 0.051 seconds
[2025-09-15T09:53:40.617+0000] {processor.py:161} INFO - Started process (PID=2777) to work on /opt/airflow/dags/cleaning/day_clean.py
[2025-09-15T09:53:40.618+0000] {processor.py:830} INFO - Processing file /opt/airflow/dags/cleaning/day_clean.py for tasks to queue
[2025-09-15T09:53:40.619+0000] {logging_mixin.py:188} INFO - [2025-09-15T09:53:40.619+0000] {dagbag.py:540} INFO - Filling up the DagBag from /opt/airflow/dags/cleaning/day_clean.py
[2025-09-15T09:53:40.630+0000] {processor.py:842} WARNING - No viable dags retrieved from /opt/airflow/dags/cleaning/day_clean.py
[2025-09-15T09:53:40.646+0000] {processor.py:183} INFO - Processing /opt/airflow/dags/cleaning/day_clean.py took 0.034 seconds
[2025-09-15T09:54:11.202+0000] {processor.py:161} INFO - Started process (PID=2812) to work on /opt/airflow/dags/cleaning/day_clean.py
[2025-09-15T09:54:11.203+0000] {processor.py:830} INFO - Processing file /opt/airflow/dags/cleaning/day_clean.py for tasks to queue
[2025-09-15T09:54:11.204+0000] {logging_mixin.py:188} INFO - [2025-09-15T09:54:11.204+0000] {dagbag.py:540} INFO - Filling up the DagBag from /opt/airflow/dags/cleaning/day_clean.py
[2025-09-15T09:54:11.215+0000] {processor.py:842} WARNING - No viable dags retrieved from /opt/airflow/dags/cleaning/day_clean.py
[2025-09-15T09:54:11.230+0000] {processor.py:183} INFO - Processing /opt/airflow/dags/cleaning/day_clean.py took 0.033 seconds
[2025-09-15T09:54:41.661+0000] {processor.py:161} INFO - Started process (PID=2847) to work on /opt/airflow/dags/cleaning/day_clean.py
[2025-09-15T09:54:41.662+0000] {processor.py:830} INFO - Processing file /opt/airflow/dags/cleaning/day_clean.py for tasks to queue
[2025-09-15T09:54:41.663+0000] {logging_mixin.py:188} INFO - [2025-09-15T09:54:41.663+0000] {dagbag.py:540} INFO - Filling up the DagBag from /opt/airflow/dags/cleaning/day_clean.py
[2025-09-15T09:54:41.676+0000] {processor.py:842} WARNING - No viable dags retrieved from /opt/airflow/dags/cleaning/day_clean.py
[2025-09-15T09:54:41.692+0000] {processor.py:183} INFO - Processing /opt/airflow/dags/cleaning/day_clean.py took 0.038 seconds
[2025-09-15T09:55:12.197+0000] {processor.py:161} INFO - Started process (PID=2882) to work on /opt/airflow/dags/cleaning/day_clean.py
[2025-09-15T09:55:12.199+0000] {processor.py:830} INFO - Processing file /opt/airflow/dags/cleaning/day_clean.py for tasks to queue
[2025-09-15T09:55:12.200+0000] {logging_mixin.py:188} INFO - [2025-09-15T09:55:12.199+0000] {dagbag.py:540} INFO - Filling up the DagBag from /opt/airflow/dags/cleaning/day_clean.py
[2025-09-15T09:55:12.217+0000] {processor.py:842} WARNING - No viable dags retrieved from /opt/airflow/dags/cleaning/day_clean.py
[2025-09-15T09:55:12.238+0000] {processor.py:183} INFO - Processing /opt/airflow/dags/cleaning/day_clean.py took 0.048 seconds
[2025-09-15T09:55:42.958+0000] {processor.py:161} INFO - Started process (PID=2917) to work on /opt/airflow/dags/cleaning/day_clean.py
[2025-09-15T09:55:42.959+0000] {processor.py:830} INFO - Processing file /opt/airflow/dags/cleaning/day_clean.py for tasks to queue
[2025-09-15T09:55:42.960+0000] {logging_mixin.py:188} INFO - [2025-09-15T09:55:42.960+0000] {dagbag.py:540} INFO - Filling up the DagBag from /opt/airflow/dags/cleaning/day_clean.py
[2025-09-15T09:55:42.971+0000] {processor.py:842} WARNING - No viable dags retrieved from /opt/airflow/dags/cleaning/day_clean.py
[2025-09-15T09:55:42.985+0000] {processor.py:183} INFO - Processing /opt/airflow/dags/cleaning/day_clean.py took 0.032 seconds
[2025-09-15T09:56:13.849+0000] {processor.py:161} INFO - Started process (PID=2952) to work on /opt/airflow/dags/cleaning/day_clean.py
[2025-09-15T09:56:13.852+0000] {processor.py:830} INFO - Processing file /opt/airflow/dags/cleaning/day_clean.py for tasks to queue
[2025-09-15T09:56:13.853+0000] {logging_mixin.py:188} INFO - [2025-09-15T09:56:13.853+0000] {dagbag.py:540} INFO - Filling up the DagBag from /opt/airflow/dags/cleaning/day_clean.py
[2025-09-15T09:56:13.898+0000] {processor.py:842} WARNING - No viable dags retrieved from /opt/airflow/dags/cleaning/day_clean.py
[2025-09-15T09:56:13.959+0000] {processor.py:183} INFO - Processing /opt/airflow/dags/cleaning/day_clean.py took 0.143 seconds
[2025-09-15T09:56:44.063+0000] {processor.py:161} INFO - Started process (PID=2991) to work on /opt/airflow/dags/cleaning/day_clean.py
[2025-09-15T09:56:44.065+0000] {processor.py:830} INFO - Processing file /opt/airflow/dags/cleaning/day_clean.py for tasks to queue
[2025-09-15T09:56:44.066+0000] {logging_mixin.py:188} INFO - [2025-09-15T09:56:44.065+0000] {dagbag.py:540} INFO - Filling up the DagBag from /opt/airflow/dags/cleaning/day_clean.py
[2025-09-15T09:56:44.080+0000] {processor.py:842} WARNING - No viable dags retrieved from /opt/airflow/dags/cleaning/day_clean.py
[2025-09-15T09:56:44.104+0000] {processor.py:183} INFO - Processing /opt/airflow/dags/cleaning/day_clean.py took 0.050 seconds
[2025-09-15T09:57:14.827+0000] {processor.py:161} INFO - Started process (PID=3026) to work on /opt/airflow/dags/cleaning/day_clean.py
[2025-09-15T09:57:14.828+0000] {processor.py:830} INFO - Processing file /opt/airflow/dags/cleaning/day_clean.py for tasks to queue
[2025-09-15T09:57:14.829+0000] {logging_mixin.py:188} INFO - [2025-09-15T09:57:14.829+0000] {dagbag.py:540} INFO - Filling up the DagBag from /opt/airflow/dags/cleaning/day_clean.py
[2025-09-15T09:57:14.840+0000] {processor.py:842} WARNING - No viable dags retrieved from /opt/airflow/dags/cleaning/day_clean.py
[2025-09-15T09:57:14.855+0000] {processor.py:183} INFO - Processing /opt/airflow/dags/cleaning/day_clean.py took 0.034 seconds
[2025-09-15T09:57:45.491+0000] {processor.py:161} INFO - Started process (PID=3061) to work on /opt/airflow/dags/cleaning/day_clean.py
[2025-09-15T09:57:45.492+0000] {processor.py:830} INFO - Processing file /opt/airflow/dags/cleaning/day_clean.py for tasks to queue
[2025-09-15T09:57:45.493+0000] {logging_mixin.py:188} INFO - [2025-09-15T09:57:45.493+0000] {dagbag.py:540} INFO - Filling up the DagBag from /opt/airflow/dags/cleaning/day_clean.py
[2025-09-15T09:57:45.506+0000] {processor.py:842} WARNING - No viable dags retrieved from /opt/airflow/dags/cleaning/day_clean.py
[2025-09-15T09:57:45.521+0000] {processor.py:183} INFO - Processing /opt/airflow/dags/cleaning/day_clean.py took 0.035 seconds
[2025-09-15T09:58:16.355+0000] {processor.py:161} INFO - Started process (PID=3096) to work on /opt/airflow/dags/cleaning/day_clean.py
[2025-09-15T09:58:16.356+0000] {processor.py:830} INFO - Processing file /opt/airflow/dags/cleaning/day_clean.py for tasks to queue
[2025-09-15T09:58:16.356+0000] {logging_mixin.py:188} INFO - [2025-09-15T09:58:16.356+0000] {dagbag.py:540} INFO - Filling up the DagBag from /opt/airflow/dags/cleaning/day_clean.py
[2025-09-15T09:58:16.370+0000] {processor.py:842} WARNING - No viable dags retrieved from /opt/airflow/dags/cleaning/day_clean.py
[2025-09-15T09:58:16.386+0000] {processor.py:183} INFO - Processing /opt/airflow/dags/cleaning/day_clean.py took 0.036 seconds
[2025-09-15T09:58:47.414+0000] {processor.py:161} INFO - Started process (PID=3135) to work on /opt/airflow/dags/cleaning/day_clean.py
[2025-09-15T09:58:47.417+0000] {processor.py:830} INFO - Processing file /opt/airflow/dags/cleaning/day_clean.py for tasks to queue
[2025-09-15T09:58:47.418+0000] {logging_mixin.py:188} INFO - [2025-09-15T09:58:47.418+0000] {dagbag.py:540} INFO - Filling up the DagBag from /opt/airflow/dags/cleaning/day_clean.py
[2025-09-15T09:58:47.450+0000] {processor.py:842} WARNING - No viable dags retrieved from /opt/airflow/dags/cleaning/day_clean.py
[2025-09-15T09:58:47.515+0000] {processor.py:183} INFO - Processing /opt/airflow/dags/cleaning/day_clean.py took 0.121 seconds
[2025-09-15T09:59:17.983+0000] {processor.py:161} INFO - Started process (PID=3174) to work on /opt/airflow/dags/cleaning/day_clean.py
[2025-09-15T09:59:17.984+0000] {processor.py:830} INFO - Processing file /opt/airflow/dags/cleaning/day_clean.py for tasks to queue
[2025-09-15T09:59:17.984+0000] {logging_mixin.py:188} INFO - [2025-09-15T09:59:17.984+0000] {dagbag.py:540} INFO - Filling up the DagBag from /opt/airflow/dags/cleaning/day_clean.py
[2025-09-15T09:59:17.995+0000] {processor.py:842} WARNING - No viable dags retrieved from /opt/airflow/dags/cleaning/day_clean.py
[2025-09-15T09:59:18.011+0000] {processor.py:183} INFO - Processing /opt/airflow/dags/cleaning/day_clean.py took 0.034 seconds
[2025-09-15T09:59:48.574+0000] {processor.py:161} INFO - Started process (PID=3209) to work on /opt/airflow/dags/cleaning/day_clean.py
[2025-09-15T09:59:48.575+0000] {processor.py:830} INFO - Processing file /opt/airflow/dags/cleaning/day_clean.py for tasks to queue
[2025-09-15T09:59:48.576+0000] {logging_mixin.py:188} INFO - [2025-09-15T09:59:48.576+0000] {dagbag.py:540} INFO - Filling up the DagBag from /opt/airflow/dags/cleaning/day_clean.py
[2025-09-15T09:59:48.591+0000] {processor.py:842} WARNING - No viable dags retrieved from /opt/airflow/dags/cleaning/day_clean.py
[2025-09-15T09:59:48.608+0000] {processor.py:183} INFO - Processing /opt/airflow/dags/cleaning/day_clean.py took 0.040 seconds
[2025-09-15T10:00:19.303+0000] {processor.py:161} INFO - Started process (PID=3247) to work on /opt/airflow/dags/cleaning/day_clean.py
[2025-09-15T10:00:19.304+0000] {processor.py:830} INFO - Processing file /opt/airflow/dags/cleaning/day_clean.py for tasks to queue
[2025-09-15T10:00:19.306+0000] {logging_mixin.py:188} INFO - [2025-09-15T10:00:19.305+0000] {dagbag.py:540} INFO - Filling up the DagBag from /opt/airflow/dags/cleaning/day_clean.py
[2025-09-15T10:00:19.321+0000] {processor.py:842} WARNING - No viable dags retrieved from /opt/airflow/dags/cleaning/day_clean.py
[2025-09-15T10:00:19.339+0000] {processor.py:183} INFO - Processing /opt/airflow/dags/cleaning/day_clean.py took 0.043 seconds
[2025-09-15T10:00:49.603+0000] {processor.py:161} INFO - Started process (PID=3283) to work on /opt/airflow/dags/cleaning/day_clean.py
[2025-09-15T10:00:49.604+0000] {processor.py:830} INFO - Processing file /opt/airflow/dags/cleaning/day_clean.py for tasks to queue
[2025-09-15T10:00:49.605+0000] {logging_mixin.py:188} INFO - [2025-09-15T10:00:49.605+0000] {dagbag.py:540} INFO - Filling up the DagBag from /opt/airflow/dags/cleaning/day_clean.py
[2025-09-15T10:00:49.619+0000] {processor.py:842} WARNING - No viable dags retrieved from /opt/airflow/dags/cleaning/day_clean.py
[2025-09-15T10:00:49.635+0000] {processor.py:183} INFO - Processing /opt/airflow/dags/cleaning/day_clean.py took 0.042 seconds
[2025-09-15T10:01:20.285+0000] {processor.py:161} INFO - Started process (PID=3318) to work on /opt/airflow/dags/cleaning/day_clean.py
[2025-09-15T10:01:20.286+0000] {processor.py:830} INFO - Processing file /opt/airflow/dags/cleaning/day_clean.py for tasks to queue
[2025-09-15T10:01:20.287+0000] {logging_mixin.py:188} INFO - [2025-09-15T10:01:20.287+0000] {dagbag.py:540} INFO - Filling up the DagBag from /opt/airflow/dags/cleaning/day_clean.py
[2025-09-15T10:01:20.299+0000] {processor.py:842} WARNING - No viable dags retrieved from /opt/airflow/dags/cleaning/day_clean.py
[2025-09-15T10:01:20.331+0000] {processor.py:183} INFO - Processing /opt/airflow/dags/cleaning/day_clean.py took 0.052 seconds
[2025-09-15T10:01:50.760+0000] {processor.py:161} INFO - Started process (PID=3353) to work on /opt/airflow/dags/cleaning/day_clean.py
[2025-09-15T10:01:50.761+0000] {processor.py:830} INFO - Processing file /opt/airflow/dags/cleaning/day_clean.py for tasks to queue
[2025-09-15T10:01:50.762+0000] {logging_mixin.py:188} INFO - [2025-09-15T10:01:50.762+0000] {dagbag.py:540} INFO - Filling up the DagBag from /opt/airflow/dags/cleaning/day_clean.py
[2025-09-15T10:01:50.775+0000] {processor.py:842} WARNING - No viable dags retrieved from /opt/airflow/dags/cleaning/day_clean.py
[2025-09-15T10:01:50.791+0000] {processor.py:183} INFO - Processing /opt/airflow/dags/cleaning/day_clean.py took 0.038 seconds
[2025-09-15T10:02:20.939+0000] {processor.py:161} INFO - Started process (PID=3388) to work on /opt/airflow/dags/cleaning/day_clean.py
[2025-09-15T10:02:20.940+0000] {processor.py:830} INFO - Processing file /opt/airflow/dags/cleaning/day_clean.py for tasks to queue
[2025-09-15T10:02:20.941+0000] {logging_mixin.py:188} INFO - [2025-09-15T10:02:20.941+0000] {dagbag.py:540} INFO - Filling up the DagBag from /opt/airflow/dags/cleaning/day_clean.py
[2025-09-15T10:02:20.954+0000] {processor.py:842} WARNING - No viable dags retrieved from /opt/airflow/dags/cleaning/day_clean.py
[2025-09-15T10:02:20.969+0000] {processor.py:183} INFO - Processing /opt/airflow/dags/cleaning/day_clean.py took 0.035 seconds
[2025-09-15T10:02:51.752+0000] {processor.py:161} INFO - Started process (PID=3423) to work on /opt/airflow/dags/cleaning/day_clean.py
[2025-09-15T10:02:51.753+0000] {processor.py:830} INFO - Processing file /opt/airflow/dags/cleaning/day_clean.py for tasks to queue
[2025-09-15T10:02:51.754+0000] {logging_mixin.py:188} INFO - [2025-09-15T10:02:51.753+0000] {dagbag.py:540} INFO - Filling up the DagBag from /opt/airflow/dags/cleaning/day_clean.py
[2025-09-15T10:02:51.765+0000] {processor.py:842} WARNING - No viable dags retrieved from /opt/airflow/dags/cleaning/day_clean.py
[2025-09-15T10:02:51.780+0000] {processor.py:183} INFO - Processing /opt/airflow/dags/cleaning/day_clean.py took 0.034 seconds
[2025-09-15T10:03:22.348+0000] {processor.py:161} INFO - Started process (PID=3458) to work on /opt/airflow/dags/cleaning/day_clean.py
[2025-09-15T10:03:22.349+0000] {processor.py:830} INFO - Processing file /opt/airflow/dags/cleaning/day_clean.py for tasks to queue
[2025-09-15T10:03:22.350+0000] {logging_mixin.py:188} INFO - [2025-09-15T10:03:22.350+0000] {dagbag.py:540} INFO - Filling up the DagBag from /opt/airflow/dags/cleaning/day_clean.py
[2025-09-15T10:03:22.363+0000] {processor.py:842} WARNING - No viable dags retrieved from /opt/airflow/dags/cleaning/day_clean.py
[2025-09-15T10:03:22.377+0000] {processor.py:183} INFO - Processing /opt/airflow/dags/cleaning/day_clean.py took 0.035 seconds
[2025-09-15T10:03:52.960+0000] {processor.py:161} INFO - Started process (PID=3493) to work on /opt/airflow/dags/cleaning/day_clean.py
[2025-09-15T10:03:52.961+0000] {processor.py:830} INFO - Processing file /opt/airflow/dags/cleaning/day_clean.py for tasks to queue
[2025-09-15T10:03:52.962+0000] {logging_mixin.py:188} INFO - [2025-09-15T10:03:52.962+0000] {dagbag.py:540} INFO - Filling up the DagBag from /opt/airflow/dags/cleaning/day_clean.py
[2025-09-15T10:03:52.973+0000] {processor.py:842} WARNING - No viable dags retrieved from /opt/airflow/dags/cleaning/day_clean.py
[2025-09-15T10:03:52.987+0000] {processor.py:183} INFO - Processing /opt/airflow/dags/cleaning/day_clean.py took 0.032 seconds
[2025-09-15T10:04:23.567+0000] {processor.py:161} INFO - Started process (PID=3528) to work on /opt/airflow/dags/cleaning/day_clean.py
[2025-09-15T10:04:23.568+0000] {processor.py:830} INFO - Processing file /opt/airflow/dags/cleaning/day_clean.py for tasks to queue
[2025-09-15T10:04:23.569+0000] {logging_mixin.py:188} INFO - [2025-09-15T10:04:23.569+0000] {dagbag.py:540} INFO - Filling up the DagBag from /opt/airflow/dags/cleaning/day_clean.py
[2025-09-15T10:04:23.581+0000] {processor.py:842} WARNING - No viable dags retrieved from /opt/airflow/dags/cleaning/day_clean.py
[2025-09-15T10:04:23.595+0000] {processor.py:183} INFO - Processing /opt/airflow/dags/cleaning/day_clean.py took 0.033 seconds
[2025-09-15T10:04:54.195+0000] {processor.py:161} INFO - Started process (PID=3563) to work on /opt/airflow/dags/cleaning/day_clean.py
[2025-09-15T10:04:54.196+0000] {processor.py:830} INFO - Processing file /opt/airflow/dags/cleaning/day_clean.py for tasks to queue
[2025-09-15T10:04:54.197+0000] {logging_mixin.py:188} INFO - [2025-09-15T10:04:54.196+0000] {dagbag.py:540} INFO - Filling up the DagBag from /opt/airflow/dags/cleaning/day_clean.py
[2025-09-15T10:04:54.207+0000] {processor.py:842} WARNING - No viable dags retrieved from /opt/airflow/dags/cleaning/day_clean.py
[2025-09-15T10:04:54.223+0000] {processor.py:183} INFO - Processing /opt/airflow/dags/cleaning/day_clean.py took 0.034 seconds
[2025-09-15T10:05:24.748+0000] {processor.py:161} INFO - Started process (PID=3598) to work on /opt/airflow/dags/cleaning/day_clean.py
[2025-09-15T10:05:24.749+0000] {processor.py:830} INFO - Processing file /opt/airflow/dags/cleaning/day_clean.py for tasks to queue
[2025-09-15T10:05:24.750+0000] {logging_mixin.py:188} INFO - [2025-09-15T10:05:24.750+0000] {dagbag.py:540} INFO - Filling up the DagBag from /opt/airflow/dags/cleaning/day_clean.py
[2025-09-15T10:05:24.760+0000] {processor.py:842} WARNING - No viable dags retrieved from /opt/airflow/dags/cleaning/day_clean.py
[2025-09-15T10:05:24.776+0000] {processor.py:183} INFO - Processing /opt/airflow/dags/cleaning/day_clean.py took 0.033 seconds
[2025-09-15T10:05:55.195+0000] {processor.py:161} INFO - Started process (PID=3633) to work on /opt/airflow/dags/cleaning/day_clean.py
[2025-09-15T10:05:55.196+0000] {processor.py:830} INFO - Processing file /opt/airflow/dags/cleaning/day_clean.py for tasks to queue
[2025-09-15T10:05:55.197+0000] {logging_mixin.py:188} INFO - [2025-09-15T10:05:55.197+0000] {dagbag.py:540} INFO - Filling up the DagBag from /opt/airflow/dags/cleaning/day_clean.py
[2025-09-15T10:05:55.208+0000] {processor.py:842} WARNING - No viable dags retrieved from /opt/airflow/dags/cleaning/day_clean.py
[2025-09-15T10:05:55.223+0000] {processor.py:183} INFO - Processing /opt/airflow/dags/cleaning/day_clean.py took 0.034 seconds
[2025-09-15T10:06:26.133+0000] {processor.py:161} INFO - Started process (PID=3668) to work on /opt/airflow/dags/cleaning/day_clean.py
[2025-09-15T10:06:26.134+0000] {processor.py:830} INFO - Processing file /opt/airflow/dags/cleaning/day_clean.py for tasks to queue
[2025-09-15T10:06:26.135+0000] {logging_mixin.py:188} INFO - [2025-09-15T10:06:26.134+0000] {dagbag.py:540} INFO - Filling up the DagBag from /opt/airflow/dags/cleaning/day_clean.py
[2025-09-15T10:06:26.145+0000] {processor.py:842} WARNING - No viable dags retrieved from /opt/airflow/dags/cleaning/day_clean.py
[2025-09-15T10:06:26.160+0000] {processor.py:183} INFO - Processing /opt/airflow/dags/cleaning/day_clean.py took 0.032 seconds
[2025-09-15T10:06:57.009+0000] {processor.py:161} INFO - Started process (PID=3703) to work on /opt/airflow/dags/cleaning/day_clean.py
[2025-09-15T10:06:57.010+0000] {processor.py:830} INFO - Processing file /opt/airflow/dags/cleaning/day_clean.py for tasks to queue
[2025-09-15T10:06:57.011+0000] {logging_mixin.py:188} INFO - [2025-09-15T10:06:57.010+0000] {dagbag.py:540} INFO - Filling up the DagBag from /opt/airflow/dags/cleaning/day_clean.py
[2025-09-15T10:06:57.022+0000] {processor.py:842} WARNING - No viable dags retrieved from /opt/airflow/dags/cleaning/day_clean.py
[2025-09-15T10:06:57.036+0000] {processor.py:183} INFO - Processing /opt/airflow/dags/cleaning/day_clean.py took 0.032 seconds
[2025-09-15T10:07:27.280+0000] {processor.py:161} INFO - Started process (PID=3738) to work on /opt/airflow/dags/cleaning/day_clean.py
[2025-09-15T10:07:27.281+0000] {processor.py:830} INFO - Processing file /opt/airflow/dags/cleaning/day_clean.py for tasks to queue
[2025-09-15T10:07:27.282+0000] {logging_mixin.py:188} INFO - [2025-09-15T10:07:27.282+0000] {dagbag.py:540} INFO - Filling up the DagBag from /opt/airflow/dags/cleaning/day_clean.py
[2025-09-15T10:07:27.297+0000] {processor.py:842} WARNING - No viable dags retrieved from /opt/airflow/dags/cleaning/day_clean.py
[2025-09-15T10:07:27.319+0000] {processor.py:183} INFO - Processing /opt/airflow/dags/cleaning/day_clean.py took 0.047 seconds
[2025-09-15T10:07:57.970+0000] {processor.py:161} INFO - Started process (PID=3773) to work on /opt/airflow/dags/cleaning/day_clean.py
[2025-09-15T10:07:57.972+0000] {processor.py:830} INFO - Processing file /opt/airflow/dags/cleaning/day_clean.py for tasks to queue
[2025-09-15T10:07:57.974+0000] {logging_mixin.py:188} INFO - [2025-09-15T10:07:57.973+0000] {dagbag.py:540} INFO - Filling up the DagBag from /opt/airflow/dags/cleaning/day_clean.py
[2025-09-15T10:07:57.990+0000] {processor.py:842} WARNING - No viable dags retrieved from /opt/airflow/dags/cleaning/day_clean.py
[2025-09-15T10:07:58.009+0000] {processor.py:183} INFO - Processing /opt/airflow/dags/cleaning/day_clean.py took 0.046 seconds
[2025-09-15T10:08:28.287+0000] {processor.py:161} INFO - Started process (PID=3808) to work on /opt/airflow/dags/cleaning/day_clean.py
[2025-09-15T10:08:28.288+0000] {processor.py:830} INFO - Processing file /opt/airflow/dags/cleaning/day_clean.py for tasks to queue
[2025-09-15T10:08:28.289+0000] {logging_mixin.py:188} INFO - [2025-09-15T10:08:28.289+0000] {dagbag.py:540} INFO - Filling up the DagBag from /opt/airflow/dags/cleaning/day_clean.py
[2025-09-15T10:08:28.302+0000] {processor.py:842} WARNING - No viable dags retrieved from /opt/airflow/dags/cleaning/day_clean.py
[2025-09-15T10:08:28.319+0000] {processor.py:183} INFO - Processing /opt/airflow/dags/cleaning/day_clean.py took 0.038 seconds
[2025-09-15T10:08:59.312+0000] {processor.py:161} INFO - Started process (PID=3843) to work on /opt/airflow/dags/cleaning/day_clean.py
[2025-09-15T10:08:59.313+0000] {processor.py:830} INFO - Processing file /opt/airflow/dags/cleaning/day_clean.py for tasks to queue
[2025-09-15T10:08:59.314+0000] {logging_mixin.py:188} INFO - [2025-09-15T10:08:59.314+0000] {dagbag.py:540} INFO - Filling up the DagBag from /opt/airflow/dags/cleaning/day_clean.py
[2025-09-15T10:08:59.331+0000] {processor.py:842} WARNING - No viable dags retrieved from /opt/airflow/dags/cleaning/day_clean.py
[2025-09-15T10:08:59.351+0000] {processor.py:183} INFO - Processing /opt/airflow/dags/cleaning/day_clean.py took 0.045 seconds
[2025-09-15T10:09:29.916+0000] {processor.py:161} INFO - Started process (PID=3878) to work on /opt/airflow/dags/cleaning/day_clean.py
[2025-09-15T10:09:29.917+0000] {processor.py:830} INFO - Processing file /opt/airflow/dags/cleaning/day_clean.py for tasks to queue
[2025-09-15T10:09:29.918+0000] {logging_mixin.py:188} INFO - [2025-09-15T10:09:29.918+0000] {dagbag.py:540} INFO - Filling up the DagBag from /opt/airflow/dags/cleaning/day_clean.py
[2025-09-15T10:09:29.931+0000] {processor.py:842} WARNING - No viable dags retrieved from /opt/airflow/dags/cleaning/day_clean.py
[2025-09-15T10:09:29.947+0000] {processor.py:183} INFO - Processing /opt/airflow/dags/cleaning/day_clean.py took 0.037 seconds
[2025-09-15T10:10:00.269+0000] {processor.py:161} INFO - Started process (PID=3913) to work on /opt/airflow/dags/cleaning/day_clean.py
[2025-09-15T10:10:00.270+0000] {processor.py:830} INFO - Processing file /opt/airflow/dags/cleaning/day_clean.py for tasks to queue
[2025-09-15T10:10:00.271+0000] {logging_mixin.py:188} INFO - [2025-09-15T10:10:00.271+0000] {dagbag.py:540} INFO - Filling up the DagBag from /opt/airflow/dags/cleaning/day_clean.py
[2025-09-15T10:10:00.287+0000] {processor.py:842} WARNING - No viable dags retrieved from /opt/airflow/dags/cleaning/day_clean.py
[2025-09-15T10:10:00.304+0000] {processor.py:183} INFO - Processing /opt/airflow/dags/cleaning/day_clean.py took 0.041 seconds
[2025-09-15T10:10:30.872+0000] {processor.py:161} INFO - Started process (PID=3948) to work on /opt/airflow/dags/cleaning/day_clean.py
[2025-09-15T10:10:30.874+0000] {processor.py:830} INFO - Processing file /opt/airflow/dags/cleaning/day_clean.py for tasks to queue
[2025-09-15T10:10:30.875+0000] {logging_mixin.py:188} INFO - [2025-09-15T10:10:30.875+0000] {dagbag.py:540} INFO - Filling up the DagBag from /opt/airflow/dags/cleaning/day_clean.py
[2025-09-15T10:10:30.886+0000] {processor.py:842} WARNING - No viable dags retrieved from /opt/airflow/dags/cleaning/day_clean.py
[2025-09-15T10:10:30.903+0000] {processor.py:183} INFO - Processing /opt/airflow/dags/cleaning/day_clean.py took 0.038 seconds
[2025-09-15T10:11:01.352+0000] {processor.py:161} INFO - Started process (PID=3983) to work on /opt/airflow/dags/cleaning/day_clean.py
[2025-09-15T10:11:01.353+0000] {processor.py:830} INFO - Processing file /opt/airflow/dags/cleaning/day_clean.py for tasks to queue
[2025-09-15T10:11:01.355+0000] {logging_mixin.py:188} INFO - [2025-09-15T10:11:01.354+0000] {dagbag.py:540} INFO - Filling up the DagBag from /opt/airflow/dags/cleaning/day_clean.py
[2025-09-15T10:11:01.372+0000] {processor.py:842} WARNING - No viable dags retrieved from /opt/airflow/dags/cleaning/day_clean.py
[2025-09-15T10:11:01.400+0000] {processor.py:183} INFO - Processing /opt/airflow/dags/cleaning/day_clean.py took 0.054 seconds
[2025-09-15T10:11:32.227+0000] {processor.py:161} INFO - Started process (PID=4018) to work on /opt/airflow/dags/cleaning/day_clean.py
[2025-09-15T10:11:32.229+0000] {processor.py:830} INFO - Processing file /opt/airflow/dags/cleaning/day_clean.py for tasks to queue
[2025-09-15T10:11:32.231+0000] {logging_mixin.py:188} INFO - [2025-09-15T10:11:32.230+0000] {dagbag.py:540} INFO - Filling up the DagBag from /opt/airflow/dags/cleaning/day_clean.py
[2025-09-15T10:11:32.246+0000] {processor.py:842} WARNING - No viable dags retrieved from /opt/airflow/dags/cleaning/day_clean.py
[2025-09-15T10:11:32.264+0000] {processor.py:183} INFO - Processing /opt/airflow/dags/cleaning/day_clean.py took 0.043 seconds
[2025-09-15T10:12:02.872+0000] {processor.py:161} INFO - Started process (PID=4053) to work on /opt/airflow/dags/cleaning/day_clean.py
[2025-09-15T10:12:02.874+0000] {processor.py:830} INFO - Processing file /opt/airflow/dags/cleaning/day_clean.py for tasks to queue
[2025-09-15T10:12:02.875+0000] {logging_mixin.py:188} INFO - [2025-09-15T10:12:02.874+0000] {dagbag.py:540} INFO - Filling up the DagBag from /opt/airflow/dags/cleaning/day_clean.py
[2025-09-15T10:12:02.887+0000] {processor.py:842} WARNING - No viable dags retrieved from /opt/airflow/dags/cleaning/day_clean.py
[2025-09-15T10:12:02.905+0000] {processor.py:183} INFO - Processing /opt/airflow/dags/cleaning/day_clean.py took 0.039 seconds
[2025-09-15T10:12:33.563+0000] {processor.py:161} INFO - Started process (PID=4088) to work on /opt/airflow/dags/cleaning/day_clean.py
[2025-09-15T10:12:33.564+0000] {processor.py:830} INFO - Processing file /opt/airflow/dags/cleaning/day_clean.py for tasks to queue
[2025-09-15T10:12:33.564+0000] {logging_mixin.py:188} INFO - [2025-09-15T10:12:33.564+0000] {dagbag.py:540} INFO - Filling up the DagBag from /opt/airflow/dags/cleaning/day_clean.py
[2025-09-15T10:12:33.580+0000] {processor.py:842} WARNING - No viable dags retrieved from /opt/airflow/dags/cleaning/day_clean.py
[2025-09-15T10:12:33.596+0000] {processor.py:183} INFO - Processing /opt/airflow/dags/cleaning/day_clean.py took 0.039 seconds
[2025-09-15T10:13:04.368+0000] {processor.py:161} INFO - Started process (PID=4123) to work on /opt/airflow/dags/cleaning/day_clean.py
[2025-09-15T10:13:04.369+0000] {processor.py:830} INFO - Processing file /opt/airflow/dags/cleaning/day_clean.py for tasks to queue
[2025-09-15T10:13:04.370+0000] {logging_mixin.py:188} INFO - [2025-09-15T10:13:04.369+0000] {dagbag.py:540} INFO - Filling up the DagBag from /opt/airflow/dags/cleaning/day_clean.py
[2025-09-15T10:13:04.386+0000] {processor.py:842} WARNING - No viable dags retrieved from /opt/airflow/dags/cleaning/day_clean.py
[2025-09-15T10:13:04.404+0000] {processor.py:183} INFO - Processing /opt/airflow/dags/cleaning/day_clean.py took 0.042 seconds
[2025-09-15T10:13:34.939+0000] {processor.py:161} INFO - Started process (PID=4158) to work on /opt/airflow/dags/cleaning/day_clean.py
[2025-09-15T10:13:34.940+0000] {processor.py:830} INFO - Processing file /opt/airflow/dags/cleaning/day_clean.py for tasks to queue
[2025-09-15T10:13:34.941+0000] {logging_mixin.py:188} INFO - [2025-09-15T10:13:34.940+0000] {dagbag.py:540} INFO - Filling up the DagBag from /opt/airflow/dags/cleaning/day_clean.py
[2025-09-15T10:13:34.954+0000] {processor.py:842} WARNING - No viable dags retrieved from /opt/airflow/dags/cleaning/day_clean.py
[2025-09-15T10:13:34.971+0000] {processor.py:183} INFO - Processing /opt/airflow/dags/cleaning/day_clean.py took 0.039 seconds
[2025-09-15T10:14:05.482+0000] {processor.py:161} INFO - Started process (PID=4193) to work on /opt/airflow/dags/cleaning/day_clean.py
[2025-09-15T10:14:05.483+0000] {processor.py:830} INFO - Processing file /opt/airflow/dags/cleaning/day_clean.py for tasks to queue
[2025-09-15T10:14:05.484+0000] {logging_mixin.py:188} INFO - [2025-09-15T10:14:05.484+0000] {dagbag.py:540} INFO - Filling up the DagBag from /opt/airflow/dags/cleaning/day_clean.py
[2025-09-15T10:14:05.498+0000] {processor.py:842} WARNING - No viable dags retrieved from /opt/airflow/dags/cleaning/day_clean.py
[2025-09-15T10:14:05.517+0000] {processor.py:183} INFO - Processing /opt/airflow/dags/cleaning/day_clean.py took 0.042 seconds
[2025-09-15T10:14:36.129+0000] {processor.py:161} INFO - Started process (PID=4228) to work on /opt/airflow/dags/cleaning/day_clean.py
[2025-09-15T10:14:36.130+0000] {processor.py:830} INFO - Processing file /opt/airflow/dags/cleaning/day_clean.py for tasks to queue
[2025-09-15T10:14:36.131+0000] {logging_mixin.py:188} INFO - [2025-09-15T10:14:36.130+0000] {dagbag.py:540} INFO - Filling up the DagBag from /opt/airflow/dags/cleaning/day_clean.py
[2025-09-15T10:14:36.142+0000] {processor.py:842} WARNING - No viable dags retrieved from /opt/airflow/dags/cleaning/day_clean.py
[2025-09-15T10:14:36.157+0000] {processor.py:183} INFO - Processing /opt/airflow/dags/cleaning/day_clean.py took 0.034 seconds
[2025-09-15T10:15:06.781+0000] {processor.py:161} INFO - Started process (PID=4263) to work on /opt/airflow/dags/cleaning/day_clean.py
[2025-09-15T10:15:06.782+0000] {processor.py:830} INFO - Processing file /opt/airflow/dags/cleaning/day_clean.py for tasks to queue
[2025-09-15T10:15:06.783+0000] {logging_mixin.py:188} INFO - [2025-09-15T10:15:06.783+0000] {dagbag.py:540} INFO - Filling up the DagBag from /opt/airflow/dags/cleaning/day_clean.py
[2025-09-15T10:15:06.796+0000] {processor.py:842} WARNING - No viable dags retrieved from /opt/airflow/dags/cleaning/day_clean.py
[2025-09-15T10:15:06.812+0000] {processor.py:183} INFO - Processing /opt/airflow/dags/cleaning/day_clean.py took 0.038 seconds
[2025-09-15T10:15:37.314+0000] {processor.py:161} INFO - Started process (PID=4298) to work on /opt/airflow/dags/cleaning/day_clean.py
[2025-09-15T10:15:37.315+0000] {processor.py:830} INFO - Processing file /opt/airflow/dags/cleaning/day_clean.py for tasks to queue
[2025-09-15T10:15:37.316+0000] {logging_mixin.py:188} INFO - [2025-09-15T10:15:37.316+0000] {dagbag.py:540} INFO - Filling up the DagBag from /opt/airflow/dags/cleaning/day_clean.py
[2025-09-15T10:15:37.329+0000] {processor.py:842} WARNING - No viable dags retrieved from /opt/airflow/dags/cleaning/day_clean.py
[2025-09-15T10:15:37.345+0000] {processor.py:183} INFO - Processing /opt/airflow/dags/cleaning/day_clean.py took 0.038 seconds
[2025-09-15T10:16:08.214+0000] {processor.py:161} INFO - Started process (PID=4333) to work on /opt/airflow/dags/cleaning/day_clean.py
[2025-09-15T10:16:08.216+0000] {processor.py:830} INFO - Processing file /opt/airflow/dags/cleaning/day_clean.py for tasks to queue
[2025-09-15T10:16:08.217+0000] {logging_mixin.py:188} INFO - [2025-09-15T10:16:08.217+0000] {dagbag.py:540} INFO - Filling up the DagBag from /opt/airflow/dags/cleaning/day_clean.py
[2025-09-15T10:16:08.239+0000] {processor.py:842} WARNING - No viable dags retrieved from /opt/airflow/dags/cleaning/day_clean.py
[2025-09-15T10:16:08.261+0000] {processor.py:183} INFO - Processing /opt/airflow/dags/cleaning/day_clean.py took 0.054 seconds
[2025-09-15T10:16:38.860+0000] {processor.py:161} INFO - Started process (PID=4368) to work on /opt/airflow/dags/cleaning/day_clean.py
[2025-09-15T10:16:38.861+0000] {processor.py:830} INFO - Processing file /opt/airflow/dags/cleaning/day_clean.py for tasks to queue
[2025-09-15T10:16:38.862+0000] {logging_mixin.py:188} INFO - [2025-09-15T10:16:38.862+0000] {dagbag.py:540} INFO - Filling up the DagBag from /opt/airflow/dags/cleaning/day_clean.py
[2025-09-15T10:16:38.875+0000] {processor.py:842} WARNING - No viable dags retrieved from /opt/airflow/dags/cleaning/day_clean.py
[2025-09-15T10:16:38.894+0000] {processor.py:183} INFO - Processing /opt/airflow/dags/cleaning/day_clean.py took 0.039 seconds
[2025-09-15T10:17:09.543+0000] {processor.py:161} INFO - Started process (PID=4403) to work on /opt/airflow/dags/cleaning/day_clean.py
[2025-09-15T10:17:09.545+0000] {processor.py:830} INFO - Processing file /opt/airflow/dags/cleaning/day_clean.py for tasks to queue
[2025-09-15T10:17:09.546+0000] {logging_mixin.py:188} INFO - [2025-09-15T10:17:09.545+0000] {dagbag.py:540} INFO - Filling up the DagBag from /opt/airflow/dags/cleaning/day_clean.py
[2025-09-15T10:17:09.560+0000] {processor.py:842} WARNING - No viable dags retrieved from /opt/airflow/dags/cleaning/day_clean.py
[2025-09-15T10:17:09.583+0000] {processor.py:183} INFO - Processing /opt/airflow/dags/cleaning/day_clean.py took 0.045 seconds
[2025-09-15T10:17:39.897+0000] {processor.py:161} INFO - Started process (PID=4438) to work on /opt/airflow/dags/cleaning/day_clean.py
[2025-09-15T10:17:39.898+0000] {processor.py:830} INFO - Processing file /opt/airflow/dags/cleaning/day_clean.py for tasks to queue
[2025-09-15T10:17:39.900+0000] {logging_mixin.py:188} INFO - [2025-09-15T10:17:39.899+0000] {dagbag.py:540} INFO - Filling up the DagBag from /opt/airflow/dags/cleaning/day_clean.py
[2025-09-15T10:17:39.925+0000] {processor.py:842} WARNING - No viable dags retrieved from /opt/airflow/dags/cleaning/day_clean.py
[2025-09-15T10:17:39.951+0000] {processor.py:183} INFO - Processing /opt/airflow/dags/cleaning/day_clean.py took 0.065 seconds
[2025-09-15T10:18:10.708+0000] {processor.py:161} INFO - Started process (PID=4473) to work on /opt/airflow/dags/cleaning/day_clean.py
[2025-09-15T10:18:10.709+0000] {processor.py:830} INFO - Processing file /opt/airflow/dags/cleaning/day_clean.py for tasks to queue
[2025-09-15T10:18:10.710+0000] {logging_mixin.py:188} INFO - [2025-09-15T10:18:10.709+0000] {dagbag.py:540} INFO - Filling up the DagBag from /opt/airflow/dags/cleaning/day_clean.py
[2025-09-15T10:18:10.722+0000] {processor.py:842} WARNING - No viable dags retrieved from /opt/airflow/dags/cleaning/day_clean.py
[2025-09-15T10:18:10.738+0000] {processor.py:183} INFO - Processing /opt/airflow/dags/cleaning/day_clean.py took 0.036 seconds
[2025-09-15T10:18:41.331+0000] {processor.py:161} INFO - Started process (PID=4508) to work on /opt/airflow/dags/cleaning/day_clean.py
[2025-09-15T10:18:41.334+0000] {processor.py:830} INFO - Processing file /opt/airflow/dags/cleaning/day_clean.py for tasks to queue
[2025-09-15T10:18:41.336+0000] {logging_mixin.py:188} INFO - [2025-09-15T10:18:41.335+0000] {dagbag.py:540} INFO - Filling up the DagBag from /opt/airflow/dags/cleaning/day_clean.py
[2025-09-15T10:18:41.368+0000] {processor.py:842} WARNING - No viable dags retrieved from /opt/airflow/dags/cleaning/day_clean.py
[2025-09-15T10:18:41.405+0000] {processor.py:183} INFO - Processing /opt/airflow/dags/cleaning/day_clean.py took 0.093 seconds
[2025-09-15T10:19:11.939+0000] {processor.py:161} INFO - Started process (PID=4543) to work on /opt/airflow/dags/cleaning/day_clean.py
[2025-09-15T10:19:11.940+0000] {processor.py:830} INFO - Processing file /opt/airflow/dags/cleaning/day_clean.py for tasks to queue
[2025-09-15T10:19:11.941+0000] {logging_mixin.py:188} INFO - [2025-09-15T10:19:11.941+0000] {dagbag.py:540} INFO - Filling up the DagBag from /opt/airflow/dags/cleaning/day_clean.py
[2025-09-15T10:19:11.955+0000] {processor.py:842} WARNING - No viable dags retrieved from /opt/airflow/dags/cleaning/day_clean.py
[2025-09-15T10:19:11.971+0000] {processor.py:183} INFO - Processing /opt/airflow/dags/cleaning/day_clean.py took 0.038 seconds
[2025-09-15T10:19:42.396+0000] {processor.py:161} INFO - Started process (PID=4578) to work on /opt/airflow/dags/cleaning/day_clean.py
[2025-09-15T10:19:42.397+0000] {processor.py:830} INFO - Processing file /opt/airflow/dags/cleaning/day_clean.py for tasks to queue
[2025-09-15T10:19:42.398+0000] {logging_mixin.py:188} INFO - [2025-09-15T10:19:42.398+0000] {dagbag.py:540} INFO - Filling up the DagBag from /opt/airflow/dags/cleaning/day_clean.py
[2025-09-15T10:19:42.409+0000] {processor.py:842} WARNING - No viable dags retrieved from /opt/airflow/dags/cleaning/day_clean.py
[2025-09-15T10:19:42.425+0000] {processor.py:183} INFO - Processing /opt/airflow/dags/cleaning/day_clean.py took 0.037 seconds
[2025-09-15T10:20:12.845+0000] {processor.py:161} INFO - Started process (PID=4613) to work on /opt/airflow/dags/cleaning/day_clean.py
[2025-09-15T10:20:12.846+0000] {processor.py:830} INFO - Processing file /opt/airflow/dags/cleaning/day_clean.py for tasks to queue
[2025-09-15T10:20:12.848+0000] {logging_mixin.py:188} INFO - [2025-09-15T10:20:12.847+0000] {dagbag.py:540} INFO - Filling up the DagBag from /opt/airflow/dags/cleaning/day_clean.py
[2025-09-15T10:20:12.867+0000] {processor.py:842} WARNING - No viable dags retrieved from /opt/airflow/dags/cleaning/day_clean.py
[2025-09-15T10:20:12.890+0000] {processor.py:183} INFO - Processing /opt/airflow/dags/cleaning/day_clean.py took 0.056 seconds
[2025-09-15T10:20:43.487+0000] {processor.py:161} INFO - Started process (PID=4648) to work on /opt/airflow/dags/cleaning/day_clean.py
[2025-09-15T10:20:43.488+0000] {processor.py:830} INFO - Processing file /opt/airflow/dags/cleaning/day_clean.py for tasks to queue
[2025-09-15T10:20:43.489+0000] {logging_mixin.py:188} INFO - [2025-09-15T10:20:43.489+0000] {dagbag.py:540} INFO - Filling up the DagBag from /opt/airflow/dags/cleaning/day_clean.py
[2025-09-15T10:20:43.500+0000] {processor.py:842} WARNING - No viable dags retrieved from /opt/airflow/dags/cleaning/day_clean.py
[2025-09-15T10:20:43.515+0000] {processor.py:183} INFO - Processing /opt/airflow/dags/cleaning/day_clean.py took 0.035 seconds
[2025-09-15T10:21:14.368+0000] {processor.py:161} INFO - Started process (PID=4683) to work on /opt/airflow/dags/cleaning/day_clean.py
[2025-09-15T10:21:14.370+0000] {processor.py:830} INFO - Processing file /opt/airflow/dags/cleaning/day_clean.py for tasks to queue
[2025-09-15T10:21:14.372+0000] {logging_mixin.py:188} INFO - [2025-09-15T10:21:14.371+0000] {dagbag.py:540} INFO - Filling up the DagBag from /opt/airflow/dags/cleaning/day_clean.py
[2025-09-15T10:21:14.396+0000] {processor.py:842} WARNING - No viable dags retrieved from /opt/airflow/dags/cleaning/day_clean.py
[2025-09-15T10:21:14.432+0000] {processor.py:183} INFO - Processing /opt/airflow/dags/cleaning/day_clean.py took 0.077 seconds
[2025-09-15T10:21:44.975+0000] {processor.py:161} INFO - Started process (PID=4718) to work on /opt/airflow/dags/cleaning/day_clean.py
[2025-09-15T10:21:44.976+0000] {processor.py:830} INFO - Processing file /opt/airflow/dags/cleaning/day_clean.py for tasks to queue
[2025-09-15T10:21:44.977+0000] {logging_mixin.py:188} INFO - [2025-09-15T10:21:44.976+0000] {dagbag.py:540} INFO - Filling up the DagBag from /opt/airflow/dags/cleaning/day_clean.py
[2025-09-15T10:21:44.987+0000] {processor.py:842} WARNING - No viable dags retrieved from /opt/airflow/dags/cleaning/day_clean.py
[2025-09-15T10:21:45.002+0000] {processor.py:183} INFO - Processing /opt/airflow/dags/cleaning/day_clean.py took 0.033 seconds
[2025-09-15T10:22:15.072+0000] {processor.py:161} INFO - Started process (PID=4753) to work on /opt/airflow/dags/cleaning/day_clean.py
[2025-09-15T10:22:15.073+0000] {processor.py:830} INFO - Processing file /opt/airflow/dags/cleaning/day_clean.py for tasks to queue
[2025-09-15T10:22:15.074+0000] {logging_mixin.py:188} INFO - [2025-09-15T10:22:15.074+0000] {dagbag.py:540} INFO - Filling up the DagBag from /opt/airflow/dags/cleaning/day_clean.py
[2025-09-15T10:22:15.087+0000] {processor.py:842} WARNING - No viable dags retrieved from /opt/airflow/dags/cleaning/day_clean.py
[2025-09-15T10:22:15.101+0000] {processor.py:183} INFO - Processing /opt/airflow/dags/cleaning/day_clean.py took 0.034 seconds
[2025-09-15T10:22:45.476+0000] {processor.py:161} INFO - Started process (PID=4788) to work on /opt/airflow/dags/cleaning/day_clean.py
[2025-09-15T10:22:45.477+0000] {processor.py:830} INFO - Processing file /opt/airflow/dags/cleaning/day_clean.py for tasks to queue
[2025-09-15T10:22:45.478+0000] {logging_mixin.py:188} INFO - [2025-09-15T10:22:45.477+0000] {dagbag.py:540} INFO - Filling up the DagBag from /opt/airflow/dags/cleaning/day_clean.py
[2025-09-15T10:22:45.490+0000] {processor.py:842} WARNING - No viable dags retrieved from /opt/airflow/dags/cleaning/day_clean.py
[2025-09-15T10:22:45.505+0000] {processor.py:183} INFO - Processing /opt/airflow/dags/cleaning/day_clean.py took 0.035 seconds
[2025-09-15T10:23:16.031+0000] {processor.py:161} INFO - Started process (PID=4823) to work on /opt/airflow/dags/cleaning/day_clean.py
[2025-09-15T10:23:16.032+0000] {processor.py:830} INFO - Processing file /opt/airflow/dags/cleaning/day_clean.py for tasks to queue
[2025-09-15T10:23:16.033+0000] {logging_mixin.py:188} INFO - [2025-09-15T10:23:16.032+0000] {dagbag.py:540} INFO - Filling up the DagBag from /opt/airflow/dags/cleaning/day_clean.py
[2025-09-15T10:23:16.045+0000] {processor.py:842} WARNING - No viable dags retrieved from /opt/airflow/dags/cleaning/day_clean.py
[2025-09-15T10:23:16.060+0000] {processor.py:183} INFO - Processing /opt/airflow/dags/cleaning/day_clean.py took 0.034 seconds
[2025-09-15T10:23:46.706+0000] {processor.py:161} INFO - Started process (PID=4858) to work on /opt/airflow/dags/cleaning/day_clean.py
[2025-09-15T10:23:46.707+0000] {processor.py:830} INFO - Processing file /opt/airflow/dags/cleaning/day_clean.py for tasks to queue
[2025-09-15T10:23:46.708+0000] {logging_mixin.py:188} INFO - [2025-09-15T10:23:46.708+0000] {dagbag.py:540} INFO - Filling up the DagBag from /opt/airflow/dags/cleaning/day_clean.py
[2025-09-15T10:23:46.719+0000] {processor.py:842} WARNING - No viable dags retrieved from /opt/airflow/dags/cleaning/day_clean.py
[2025-09-15T10:23:46.734+0000] {processor.py:183} INFO - Processing /opt/airflow/dags/cleaning/day_clean.py took 0.033 seconds
[2025-09-15T10:24:17.284+0000] {processor.py:161} INFO - Started process (PID=4893) to work on /opt/airflow/dags/cleaning/day_clean.py
[2025-09-15T10:24:17.285+0000] {processor.py:830} INFO - Processing file /opt/airflow/dags/cleaning/day_clean.py for tasks to queue
[2025-09-15T10:24:17.286+0000] {logging_mixin.py:188} INFO - [2025-09-15T10:24:17.285+0000] {dagbag.py:540} INFO - Filling up the DagBag from /opt/airflow/dags/cleaning/day_clean.py
[2025-09-15T10:24:17.298+0000] {processor.py:842} WARNING - No viable dags retrieved from /opt/airflow/dags/cleaning/day_clean.py
[2025-09-15T10:24:17.311+0000] {processor.py:183} INFO - Processing /opt/airflow/dags/cleaning/day_clean.py took 0.033 seconds
[2025-09-15T10:24:47.737+0000] {processor.py:161} INFO - Started process (PID=4928) to work on /opt/airflow/dags/cleaning/day_clean.py
[2025-09-15T10:24:47.738+0000] {processor.py:830} INFO - Processing file /opt/airflow/dags/cleaning/day_clean.py for tasks to queue
[2025-09-15T10:24:47.739+0000] {logging_mixin.py:188} INFO - [2025-09-15T10:24:47.739+0000] {dagbag.py:540} INFO - Filling up the DagBag from /opt/airflow/dags/cleaning/day_clean.py
[2025-09-15T10:24:47.753+0000] {processor.py:842} WARNING - No viable dags retrieved from /opt/airflow/dags/cleaning/day_clean.py
[2025-09-15T10:24:47.769+0000] {processor.py:183} INFO - Processing /opt/airflow/dags/cleaning/day_clean.py took 0.038 seconds
[2025-09-15T10:25:17.858+0000] {processor.py:161} INFO - Started process (PID=4963) to work on /opt/airflow/dags/cleaning/day_clean.py
[2025-09-15T10:25:17.859+0000] {processor.py:830} INFO - Processing file /opt/airflow/dags/cleaning/day_clean.py for tasks to queue
[2025-09-15T10:25:17.860+0000] {logging_mixin.py:188} INFO - [2025-09-15T10:25:17.859+0000] {dagbag.py:540} INFO - Filling up the DagBag from /opt/airflow/dags/cleaning/day_clean.py
[2025-09-15T10:25:17.872+0000] {processor.py:842} WARNING - No viable dags retrieved from /opt/airflow/dags/cleaning/day_clean.py
[2025-09-15T10:25:17.888+0000] {processor.py:183} INFO - Processing /opt/airflow/dags/cleaning/day_clean.py took 0.036 seconds
[2025-09-15T10:25:48.394+0000] {processor.py:161} INFO - Started process (PID=4998) to work on /opt/airflow/dags/cleaning/day_clean.py
[2025-09-15T10:25:48.395+0000] {processor.py:830} INFO - Processing file /opt/airflow/dags/cleaning/day_clean.py for tasks to queue
[2025-09-15T10:25:48.396+0000] {logging_mixin.py:188} INFO - [2025-09-15T10:25:48.396+0000] {dagbag.py:540} INFO - Filling up the DagBag from /opt/airflow/dags/cleaning/day_clean.py
[2025-09-15T10:25:48.407+0000] {processor.py:842} WARNING - No viable dags retrieved from /opt/airflow/dags/cleaning/day_clean.py
[2025-09-15T10:25:48.425+0000] {processor.py:183} INFO - Processing /opt/airflow/dags/cleaning/day_clean.py took 0.036 seconds
[2025-09-15T10:26:18.851+0000] {processor.py:161} INFO - Started process (PID=5033) to work on /opt/airflow/dags/cleaning/day_clean.py
[2025-09-15T10:26:18.852+0000] {processor.py:830} INFO - Processing file /opt/airflow/dags/cleaning/day_clean.py for tasks to queue
[2025-09-15T10:26:18.853+0000] {logging_mixin.py:188} INFO - [2025-09-15T10:26:18.852+0000] {dagbag.py:540} INFO - Filling up the DagBag from /opt/airflow/dags/cleaning/day_clean.py
[2025-09-15T10:26:18.864+0000] {processor.py:842} WARNING - No viable dags retrieved from /opt/airflow/dags/cleaning/day_clean.py
[2025-09-15T10:26:18.881+0000] {processor.py:183} INFO - Processing /opt/airflow/dags/cleaning/day_clean.py took 0.037 seconds
[2025-09-15T10:26:49.383+0000] {processor.py:161} INFO - Started process (PID=5068) to work on /opt/airflow/dags/cleaning/day_clean.py
[2025-09-15T10:26:49.384+0000] {processor.py:830} INFO - Processing file /opt/airflow/dags/cleaning/day_clean.py for tasks to queue
[2025-09-15T10:26:49.385+0000] {logging_mixin.py:188} INFO - [2025-09-15T10:26:49.385+0000] {dagbag.py:540} INFO - Filling up the DagBag from /opt/airflow/dags/cleaning/day_clean.py
[2025-09-15T10:26:49.397+0000] {processor.py:842} WARNING - No viable dags retrieved from /opt/airflow/dags/cleaning/day_clean.py
[2025-09-15T10:26:49.413+0000] {processor.py:183} INFO - Processing /opt/airflow/dags/cleaning/day_clean.py took 0.036 seconds
[2025-09-15T10:27:20.134+0000] {processor.py:161} INFO - Started process (PID=5103) to work on /opt/airflow/dags/cleaning/day_clean.py
[2025-09-15T10:27:20.135+0000] {processor.py:830} INFO - Processing file /opt/airflow/dags/cleaning/day_clean.py for tasks to queue
[2025-09-15T10:27:20.136+0000] {logging_mixin.py:188} INFO - [2025-09-15T10:27:20.135+0000] {dagbag.py:540} INFO - Filling up the DagBag from /opt/airflow/dags/cleaning/day_clean.py
[2025-09-15T10:27:20.146+0000] {processor.py:842} WARNING - No viable dags retrieved from /opt/airflow/dags/cleaning/day_clean.py
[2025-09-15T10:27:20.162+0000] {processor.py:183} INFO - Processing /opt/airflow/dags/cleaning/day_clean.py took 0.035 seconds
[2025-09-15T10:27:50.723+0000] {processor.py:161} INFO - Started process (PID=5138) to work on /opt/airflow/dags/cleaning/day_clean.py
[2025-09-15T10:27:50.724+0000] {processor.py:830} INFO - Processing file /opt/airflow/dags/cleaning/day_clean.py for tasks to queue
[2025-09-15T10:27:50.725+0000] {logging_mixin.py:188} INFO - [2025-09-15T10:27:50.725+0000] {dagbag.py:540} INFO - Filling up the DagBag from /opt/airflow/dags/cleaning/day_clean.py
[2025-09-15T10:27:50.737+0000] {processor.py:842} WARNING - No viable dags retrieved from /opt/airflow/dags/cleaning/day_clean.py
[2025-09-15T10:27:50.754+0000] {processor.py:183} INFO - Processing /opt/airflow/dags/cleaning/day_clean.py took 0.036 seconds
[2025-09-15T10:28:20.999+0000] {processor.py:161} INFO - Started process (PID=5173) to work on /opt/airflow/dags/cleaning/day_clean.py
[2025-09-15T10:28:21.000+0000] {processor.py:830} INFO - Processing file /opt/airflow/dags/cleaning/day_clean.py for tasks to queue
[2025-09-15T10:28:21.001+0000] {logging_mixin.py:188} INFO - [2025-09-15T10:28:21.001+0000] {dagbag.py:540} INFO - Filling up the DagBag from /opt/airflow/dags/cleaning/day_clean.py
[2025-09-15T10:28:21.012+0000] {processor.py:842} WARNING - No viable dags retrieved from /opt/airflow/dags/cleaning/day_clean.py
[2025-09-15T10:28:21.030+0000] {processor.py:183} INFO - Processing /opt/airflow/dags/cleaning/day_clean.py took 0.038 seconds
[2025-09-15T10:28:51.728+0000] {processor.py:161} INFO - Started process (PID=5208) to work on /opt/airflow/dags/cleaning/day_clean.py
[2025-09-15T10:28:51.730+0000] {processor.py:830} INFO - Processing file /opt/airflow/dags/cleaning/day_clean.py for tasks to queue
[2025-09-15T10:28:51.731+0000] {logging_mixin.py:188} INFO - [2025-09-15T10:28:51.730+0000] {dagbag.py:540} INFO - Filling up the DagBag from /opt/airflow/dags/cleaning/day_clean.py
[2025-09-15T10:28:51.745+0000] {processor.py:842} WARNING - No viable dags retrieved from /opt/airflow/dags/cleaning/day_clean.py
[2025-09-15T10:28:51.763+0000] {processor.py:183} INFO - Processing /opt/airflow/dags/cleaning/day_clean.py took 0.042 seconds
[2025-09-15T10:29:22.390+0000] {processor.py:161} INFO - Started process (PID=5243) to work on /opt/airflow/dags/cleaning/day_clean.py
[2025-09-15T10:29:22.391+0000] {processor.py:830} INFO - Processing file /opt/airflow/dags/cleaning/day_clean.py for tasks to queue
[2025-09-15T10:29:22.392+0000] {logging_mixin.py:188} INFO - [2025-09-15T10:29:22.392+0000] {dagbag.py:540} INFO - Filling up the DagBag from /opt/airflow/dags/cleaning/day_clean.py
[2025-09-15T10:29:22.404+0000] {processor.py:842} WARNING - No viable dags retrieved from /opt/airflow/dags/cleaning/day_clean.py
[2025-09-15T10:29:22.421+0000] {processor.py:183} INFO - Processing /opt/airflow/dags/cleaning/day_clean.py took 0.036 seconds
[2025-09-15T10:29:53.099+0000] {processor.py:161} INFO - Started process (PID=5278) to work on /opt/airflow/dags/cleaning/day_clean.py
[2025-09-15T10:29:53.101+0000] {processor.py:830} INFO - Processing file /opt/airflow/dags/cleaning/day_clean.py for tasks to queue
[2025-09-15T10:29:53.102+0000] {logging_mixin.py:188} INFO - [2025-09-15T10:29:53.102+0000] {dagbag.py:540} INFO - Filling up the DagBag from /opt/airflow/dags/cleaning/day_clean.py
[2025-09-15T10:29:53.119+0000] {processor.py:842} WARNING - No viable dags retrieved from /opt/airflow/dags/cleaning/day_clean.py
[2025-09-15T10:29:53.138+0000] {processor.py:183} INFO - Processing /opt/airflow/dags/cleaning/day_clean.py took 0.046 seconds
[2025-09-15T10:30:23.520+0000] {processor.py:161} INFO - Started process (PID=5313) to work on /opt/airflow/dags/cleaning/day_clean.py
[2025-09-15T10:30:23.521+0000] {processor.py:830} INFO - Processing file /opt/airflow/dags/cleaning/day_clean.py for tasks to queue
[2025-09-15T10:30:23.523+0000] {logging_mixin.py:188} INFO - [2025-09-15T10:30:23.522+0000] {dagbag.py:540} INFO - Filling up the DagBag from /opt/airflow/dags/cleaning/day_clean.py
[2025-09-15T10:30:23.541+0000] {processor.py:842} WARNING - No viable dags retrieved from /opt/airflow/dags/cleaning/day_clean.py
[2025-09-15T10:30:23.561+0000] {processor.py:183} INFO - Processing /opt/airflow/dags/cleaning/day_clean.py took 0.050 seconds
[2025-09-15T10:30:54.298+0000] {processor.py:161} INFO - Started process (PID=5348) to work on /opt/airflow/dags/cleaning/day_clean.py
[2025-09-15T10:30:54.300+0000] {processor.py:830} INFO - Processing file /opt/airflow/dags/cleaning/day_clean.py for tasks to queue
[2025-09-15T10:30:54.301+0000] {logging_mixin.py:188} INFO - [2025-09-15T10:30:54.301+0000] {dagbag.py:540} INFO - Filling up the DagBag from /opt/airflow/dags/cleaning/day_clean.py
[2025-09-15T10:30:54.316+0000] {processor.py:842} WARNING - No viable dags retrieved from /opt/airflow/dags/cleaning/day_clean.py
[2025-09-15T10:30:54.333+0000] {processor.py:183} INFO - Processing /opt/airflow/dags/cleaning/day_clean.py took 0.041 seconds
[2025-09-15T10:31:25.054+0000] {processor.py:161} INFO - Started process (PID=5383) to work on /opt/airflow/dags/cleaning/day_clean.py
[2025-09-15T10:31:25.055+0000] {processor.py:830} INFO - Processing file /opt/airflow/dags/cleaning/day_clean.py for tasks to queue
[2025-09-15T10:31:25.056+0000] {logging_mixin.py:188} INFO - [2025-09-15T10:31:25.056+0000] {dagbag.py:540} INFO - Filling up the DagBag from /opt/airflow/dags/cleaning/day_clean.py
[2025-09-15T10:31:25.070+0000] {processor.py:842} WARNING - No viable dags retrieved from /opt/airflow/dags/cleaning/day_clean.py
[2025-09-15T10:31:25.088+0000] {processor.py:183} INFO - Processing /opt/airflow/dags/cleaning/day_clean.py took 0.039 seconds
[2025-09-15T10:31:55.990+0000] {processor.py:161} INFO - Started process (PID=5418) to work on /opt/airflow/dags/cleaning/day_clean.py
[2025-09-15T10:31:55.990+0000] {processor.py:830} INFO - Processing file /opt/airflow/dags/cleaning/day_clean.py for tasks to queue
[2025-09-15T10:31:55.991+0000] {logging_mixin.py:188} INFO - [2025-09-15T10:31:55.991+0000] {dagbag.py:540} INFO - Filling up the DagBag from /opt/airflow/dags/cleaning/day_clean.py
[2025-09-15T10:31:56.003+0000] {processor.py:842} WARNING - No viable dags retrieved from /opt/airflow/dags/cleaning/day_clean.py
[2025-09-15T10:31:56.019+0000] {processor.py:183} INFO - Processing /opt/airflow/dags/cleaning/day_clean.py took 0.035 seconds
[2025-09-15T10:32:26.966+0000] {processor.py:161} INFO - Started process (PID=5453) to work on /opt/airflow/dags/cleaning/day_clean.py
[2025-09-15T10:32:26.967+0000] {processor.py:830} INFO - Processing file /opt/airflow/dags/cleaning/day_clean.py for tasks to queue
[2025-09-15T10:32:26.968+0000] {logging_mixin.py:188} INFO - [2025-09-15T10:32:26.968+0000] {dagbag.py:540} INFO - Filling up the DagBag from /opt/airflow/dags/cleaning/day_clean.py
[2025-09-15T10:32:26.981+0000] {processor.py:842} WARNING - No viable dags retrieved from /opt/airflow/dags/cleaning/day_clean.py
[2025-09-15T10:32:26.999+0000] {processor.py:183} INFO - Processing /opt/airflow/dags/cleaning/day_clean.py took 0.039 seconds
[2025-09-15T10:32:57.429+0000] {processor.py:161} INFO - Started process (PID=5488) to work on /opt/airflow/dags/cleaning/day_clean.py
[2025-09-15T10:32:57.430+0000] {processor.py:830} INFO - Processing file /opt/airflow/dags/cleaning/day_clean.py for tasks to queue
[2025-09-15T10:32:57.431+0000] {logging_mixin.py:188} INFO - [2025-09-15T10:32:57.431+0000] {dagbag.py:540} INFO - Filling up the DagBag from /opt/airflow/dags/cleaning/day_clean.py
[2025-09-15T10:32:57.446+0000] {processor.py:842} WARNING - No viable dags retrieved from /opt/airflow/dags/cleaning/day_clean.py
[2025-09-15T10:32:57.464+0000] {processor.py:183} INFO - Processing /opt/airflow/dags/cleaning/day_clean.py took 0.043 seconds
[2025-09-15T10:33:28.137+0000] {processor.py:161} INFO - Started process (PID=5523) to work on /opt/airflow/dags/cleaning/day_clean.py
[2025-09-15T10:33:28.138+0000] {processor.py:830} INFO - Processing file /opt/airflow/dags/cleaning/day_clean.py for tasks to queue
[2025-09-15T10:33:28.139+0000] {logging_mixin.py:188} INFO - [2025-09-15T10:33:28.139+0000] {dagbag.py:540} INFO - Filling up the DagBag from /opt/airflow/dags/cleaning/day_clean.py
[2025-09-15T10:33:28.151+0000] {processor.py:842} WARNING - No viable dags retrieved from /opt/airflow/dags/cleaning/day_clean.py
[2025-09-15T10:33:28.167+0000] {processor.py:183} INFO - Processing /opt/airflow/dags/cleaning/day_clean.py took 0.037 seconds
[2025-09-15T10:33:58.870+0000] {processor.py:161} INFO - Started process (PID=5558) to work on /opt/airflow/dags/cleaning/day_clean.py
[2025-09-15T10:33:58.871+0000] {processor.py:830} INFO - Processing file /opt/airflow/dags/cleaning/day_clean.py for tasks to queue
[2025-09-15T10:33:58.872+0000] {logging_mixin.py:188} INFO - [2025-09-15T10:33:58.872+0000] {dagbag.py:540} INFO - Filling up the DagBag from /opt/airflow/dags/cleaning/day_clean.py
[2025-09-15T10:33:58.885+0000] {processor.py:842} WARNING - No viable dags retrieved from /opt/airflow/dags/cleaning/day_clean.py
[2025-09-15T10:33:58.902+0000] {processor.py:183} INFO - Processing /opt/airflow/dags/cleaning/day_clean.py took 0.037 seconds
[2025-09-15T10:34:29.917+0000] {processor.py:161} INFO - Started process (PID=5593) to work on /opt/airflow/dags/cleaning/day_clean.py
[2025-09-15T10:34:29.919+0000] {processor.py:830} INFO - Processing file /opt/airflow/dags/cleaning/day_clean.py for tasks to queue
[2025-09-15T10:34:29.920+0000] {logging_mixin.py:188} INFO - [2025-09-15T10:34:29.919+0000] {dagbag.py:540} INFO - Filling up the DagBag from /opt/airflow/dags/cleaning/day_clean.py
[2025-09-15T10:34:29.931+0000] {processor.py:842} WARNING - No viable dags retrieved from /opt/airflow/dags/cleaning/day_clean.py
[2025-09-15T10:34:29.947+0000] {processor.py:183} INFO - Processing /opt/airflow/dags/cleaning/day_clean.py took 0.035 seconds
[2025-09-15T10:35:00.614+0000] {processor.py:161} INFO - Started process (PID=5628) to work on /opt/airflow/dags/cleaning/day_clean.py
[2025-09-15T10:35:00.615+0000] {processor.py:830} INFO - Processing file /opt/airflow/dags/cleaning/day_clean.py for tasks to queue
[2025-09-15T10:35:00.616+0000] {logging_mixin.py:188} INFO - [2025-09-15T10:35:00.616+0000] {dagbag.py:540} INFO - Filling up the DagBag from /opt/airflow/dags/cleaning/day_clean.py
[2025-09-15T10:35:00.626+0000] {processor.py:842} WARNING - No viable dags retrieved from /opt/airflow/dags/cleaning/day_clean.py
[2025-09-15T10:35:00.643+0000] {processor.py:183} INFO - Processing /opt/airflow/dags/cleaning/day_clean.py took 0.035 seconds
[2025-09-15T10:35:31.374+0000] {processor.py:161} INFO - Started process (PID=5663) to work on /opt/airflow/dags/cleaning/day_clean.py
[2025-09-15T10:35:31.381+0000] {processor.py:830} INFO - Processing file /opt/airflow/dags/cleaning/day_clean.py for tasks to queue
[2025-09-15T10:35:31.383+0000] {logging_mixin.py:188} INFO - [2025-09-15T10:35:31.382+0000] {dagbag.py:540} INFO - Filling up the DagBag from /opt/airflow/dags/cleaning/day_clean.py
[2025-09-15T10:35:31.399+0000] {processor.py:842} WARNING - No viable dags retrieved from /opt/airflow/dags/cleaning/day_clean.py
[2025-09-15T10:35:31.416+0000] {processor.py:183} INFO - Processing /opt/airflow/dags/cleaning/day_clean.py took 0.049 seconds
[2025-09-15T10:36:02.100+0000] {processor.py:161} INFO - Started process (PID=5698) to work on /opt/airflow/dags/cleaning/day_clean.py
[2025-09-15T10:36:02.101+0000] {processor.py:830} INFO - Processing file /opt/airflow/dags/cleaning/day_clean.py for tasks to queue
[2025-09-15T10:36:02.102+0000] {logging_mixin.py:188} INFO - [2025-09-15T10:36:02.102+0000] {dagbag.py:540} INFO - Filling up the DagBag from /opt/airflow/dags/cleaning/day_clean.py
[2025-09-15T10:36:02.125+0000] {processor.py:842} WARNING - No viable dags retrieved from /opt/airflow/dags/cleaning/day_clean.py
[2025-09-15T10:36:02.141+0000] {processor.py:183} INFO - Processing /opt/airflow/dags/cleaning/day_clean.py took 0.046 seconds
[2025-09-15T10:36:32.568+0000] {processor.py:161} INFO - Started process (PID=5733) to work on /opt/airflow/dags/cleaning/day_clean.py
[2025-09-15T10:36:32.569+0000] {processor.py:830} INFO - Processing file /opt/airflow/dags/cleaning/day_clean.py for tasks to queue
[2025-09-15T10:36:32.571+0000] {logging_mixin.py:188} INFO - [2025-09-15T10:36:32.570+0000] {dagbag.py:540} INFO - Filling up the DagBag from /opt/airflow/dags/cleaning/day_clean.py
[2025-09-15T10:36:32.584+0000] {processor.py:842} WARNING - No viable dags retrieved from /opt/airflow/dags/cleaning/day_clean.py
[2025-09-15T10:36:32.604+0000] {processor.py:183} INFO - Processing /opt/airflow/dags/cleaning/day_clean.py took 0.042 seconds
[2025-09-15T10:37:02.821+0000] {processor.py:161} INFO - Started process (PID=5768) to work on /opt/airflow/dags/cleaning/day_clean.py
[2025-09-15T10:37:02.822+0000] {processor.py:830} INFO - Processing file /opt/airflow/dags/cleaning/day_clean.py for tasks to queue
[2025-09-15T10:37:02.823+0000] {logging_mixin.py:188} INFO - [2025-09-15T10:37:02.823+0000] {dagbag.py:540} INFO - Filling up the DagBag from /opt/airflow/dags/cleaning/day_clean.py
[2025-09-15T10:37:02.836+0000] {processor.py:842} WARNING - No viable dags retrieved from /opt/airflow/dags/cleaning/day_clean.py
[2025-09-15T10:37:02.851+0000] {processor.py:183} INFO - Processing /opt/airflow/dags/cleaning/day_clean.py took 0.036 seconds
[2025-09-15T10:37:33.292+0000] {processor.py:161} INFO - Started process (PID=5803) to work on /opt/airflow/dags/cleaning/day_clean.py
[2025-09-15T10:37:33.293+0000] {processor.py:830} INFO - Processing file /opt/airflow/dags/cleaning/day_clean.py for tasks to queue
[2025-09-15T10:37:33.294+0000] {logging_mixin.py:188} INFO - [2025-09-15T10:37:33.294+0000] {dagbag.py:540} INFO - Filling up the DagBag from /opt/airflow/dags/cleaning/day_clean.py
[2025-09-15T10:37:33.310+0000] {processor.py:842} WARNING - No viable dags retrieved from /opt/airflow/dags/cleaning/day_clean.py
[2025-09-15T10:37:33.329+0000] {processor.py:183} INFO - Processing /opt/airflow/dags/cleaning/day_clean.py took 0.043 seconds
[2025-09-15T10:38:03.910+0000] {processor.py:161} INFO - Started process (PID=5838) to work on /opt/airflow/dags/cleaning/day_clean.py
[2025-09-15T10:38:03.911+0000] {processor.py:830} INFO - Processing file /opt/airflow/dags/cleaning/day_clean.py for tasks to queue
[2025-09-15T10:38:03.913+0000] {logging_mixin.py:188} INFO - [2025-09-15T10:38:03.912+0000] {dagbag.py:540} INFO - Filling up the DagBag from /opt/airflow/dags/cleaning/day_clean.py
[2025-09-15T10:38:03.928+0000] {processor.py:842} WARNING - No viable dags retrieved from /opt/airflow/dags/cleaning/day_clean.py
[2025-09-15T10:38:03.947+0000] {processor.py:183} INFO - Processing /opt/airflow/dags/cleaning/day_clean.py took 0.043 seconds
[2025-09-15T10:38:34.436+0000] {processor.py:161} INFO - Started process (PID=5873) to work on /opt/airflow/dags/cleaning/day_clean.py
[2025-09-15T10:38:34.437+0000] {processor.py:830} INFO - Processing file /opt/airflow/dags/cleaning/day_clean.py for tasks to queue
[2025-09-15T10:38:34.438+0000] {logging_mixin.py:188} INFO - [2025-09-15T10:38:34.438+0000] {dagbag.py:540} INFO - Filling up the DagBag from /opt/airflow/dags/cleaning/day_clean.py
[2025-09-15T10:38:34.449+0000] {processor.py:842} WARNING - No viable dags retrieved from /opt/airflow/dags/cleaning/day_clean.py
[2025-09-15T10:38:34.465+0000] {processor.py:183} INFO - Processing /opt/airflow/dags/cleaning/day_clean.py took 0.034 seconds
[2025-09-15T10:39:04.578+0000] {processor.py:161} INFO - Started process (PID=5908) to work on /opt/airflow/dags/cleaning/day_clean.py
[2025-09-15T10:39:04.579+0000] {processor.py:830} INFO - Processing file /opt/airflow/dags/cleaning/day_clean.py for tasks to queue
[2025-09-15T10:39:04.580+0000] {logging_mixin.py:188} INFO - [2025-09-15T10:39:04.580+0000] {dagbag.py:540} INFO - Filling up the DagBag from /opt/airflow/dags/cleaning/day_clean.py
[2025-09-15T10:39:04.596+0000] {processor.py:842} WARNING - No viable dags retrieved from /opt/airflow/dags/cleaning/day_clean.py
[2025-09-15T10:39:04.619+0000] {processor.py:183} INFO - Processing /opt/airflow/dags/cleaning/day_clean.py took 0.048 seconds
[2025-09-15T10:39:35.146+0000] {processor.py:161} INFO - Started process (PID=5943) to work on /opt/airflow/dags/cleaning/day_clean.py
[2025-09-15T10:39:35.147+0000] {processor.py:830} INFO - Processing file /opt/airflow/dags/cleaning/day_clean.py for tasks to queue
[2025-09-15T10:39:35.148+0000] {logging_mixin.py:188} INFO - [2025-09-15T10:39:35.148+0000] {dagbag.py:540} INFO - Filling up the DagBag from /opt/airflow/dags/cleaning/day_clean.py
[2025-09-15T10:39:35.165+0000] {processor.py:842} WARNING - No viable dags retrieved from /opt/airflow/dags/cleaning/day_clean.py
[2025-09-15T10:39:35.180+0000] {processor.py:183} INFO - Processing /opt/airflow/dags/cleaning/day_clean.py took 0.040 seconds
[2025-09-15T10:40:05.956+0000] {processor.py:161} INFO - Started process (PID=5978) to work on /opt/airflow/dags/cleaning/day_clean.py
[2025-09-15T10:40:05.958+0000] {processor.py:830} INFO - Processing file /opt/airflow/dags/cleaning/day_clean.py for tasks to queue
[2025-09-15T10:40:05.959+0000] {logging_mixin.py:188} INFO - [2025-09-15T10:40:05.959+0000] {dagbag.py:540} INFO - Filling up the DagBag from /opt/airflow/dags/cleaning/day_clean.py
[2025-09-15T10:40:05.974+0000] {processor.py:842} WARNING - No viable dags retrieved from /opt/airflow/dags/cleaning/day_clean.py
[2025-09-15T10:40:05.993+0000] {processor.py:183} INFO - Processing /opt/airflow/dags/cleaning/day_clean.py took 0.045 seconds
[2025-09-15T10:40:36.583+0000] {processor.py:161} INFO - Started process (PID=6013) to work on /opt/airflow/dags/cleaning/day_clean.py
[2025-09-15T10:40:36.589+0000] {processor.py:830} INFO - Processing file /opt/airflow/dags/cleaning/day_clean.py for tasks to queue
[2025-09-15T10:40:36.591+0000] {logging_mixin.py:188} INFO - [2025-09-15T10:40:36.590+0000] {dagbag.py:540} INFO - Filling up the DagBag from /opt/airflow/dags/cleaning/day_clean.py
[2025-09-15T10:40:36.607+0000] {processor.py:842} WARNING - No viable dags retrieved from /opt/airflow/dags/cleaning/day_clean.py
[2025-09-15T10:40:36.624+0000] {processor.py:183} INFO - Processing /opt/airflow/dags/cleaning/day_clean.py took 0.050 seconds
[2025-09-15T10:41:07.291+0000] {processor.py:161} INFO - Started process (PID=6048) to work on /opt/airflow/dags/cleaning/day_clean.py
[2025-09-15T10:41:07.292+0000] {processor.py:830} INFO - Processing file /opt/airflow/dags/cleaning/day_clean.py for tasks to queue
[2025-09-15T10:41:07.293+0000] {logging_mixin.py:188} INFO - [2025-09-15T10:41:07.293+0000] {dagbag.py:540} INFO - Filling up the DagBag from /opt/airflow/dags/cleaning/day_clean.py
[2025-09-15T10:41:07.304+0000] {processor.py:842} WARNING - No viable dags retrieved from /opt/airflow/dags/cleaning/day_clean.py
[2025-09-15T10:41:07.322+0000] {processor.py:183} INFO - Processing /opt/airflow/dags/cleaning/day_clean.py took 0.037 seconds
[2025-09-15T10:41:37.873+0000] {processor.py:161} INFO - Started process (PID=6083) to work on /opt/airflow/dags/cleaning/day_clean.py
[2025-09-15T10:41:37.874+0000] {processor.py:830} INFO - Processing file /opt/airflow/dags/cleaning/day_clean.py for tasks to queue
[2025-09-15T10:41:37.875+0000] {logging_mixin.py:188} INFO - [2025-09-15T10:41:37.875+0000] {dagbag.py:540} INFO - Filling up the DagBag from /opt/airflow/dags/cleaning/day_clean.py
[2025-09-15T10:41:37.889+0000] {processor.py:842} WARNING - No viable dags retrieved from /opt/airflow/dags/cleaning/day_clean.py
[2025-09-15T10:41:37.903+0000] {processor.py:183} INFO - Processing /opt/airflow/dags/cleaning/day_clean.py took 0.036 seconds
[2025-09-15T10:42:08.657+0000] {processor.py:161} INFO - Started process (PID=6118) to work on /opt/airflow/dags/cleaning/day_clean.py
[2025-09-15T10:42:08.659+0000] {processor.py:830} INFO - Processing file /opt/airflow/dags/cleaning/day_clean.py for tasks to queue
[2025-09-15T10:42:08.660+0000] {logging_mixin.py:188} INFO - [2025-09-15T10:42:08.659+0000] {dagbag.py:540} INFO - Filling up the DagBag from /opt/airflow/dags/cleaning/day_clean.py
[2025-09-15T10:42:08.680+0000] {processor.py:842} WARNING - No viable dags retrieved from /opt/airflow/dags/cleaning/day_clean.py
[2025-09-15T10:42:08.698+0000] {processor.py:183} INFO - Processing /opt/airflow/dags/cleaning/day_clean.py took 0.048 seconds
[2025-09-15T10:42:39.503+0000] {processor.py:161} INFO - Started process (PID=6153) to work on /opt/airflow/dags/cleaning/day_clean.py
[2025-09-15T10:42:39.508+0000] {processor.py:830} INFO - Processing file /opt/airflow/dags/cleaning/day_clean.py for tasks to queue
[2025-09-15T10:42:39.512+0000] {logging_mixin.py:188} INFO - [2025-09-15T10:42:39.511+0000] {dagbag.py:540} INFO - Filling up the DagBag from /opt/airflow/dags/cleaning/day_clean.py
[2025-09-15T10:42:39.538+0000] {processor.py:842} WARNING - No viable dags retrieved from /opt/airflow/dags/cleaning/day_clean.py
[2025-09-15T10:42:39.569+0000] {processor.py:183} INFO - Processing /opt/airflow/dags/cleaning/day_clean.py took 0.084 seconds
[2025-09-15T10:43:10.191+0000] {processor.py:161} INFO - Started process (PID=6188) to work on /opt/airflow/dags/cleaning/day_clean.py
[2025-09-15T10:43:10.192+0000] {processor.py:830} INFO - Processing file /opt/airflow/dags/cleaning/day_clean.py for tasks to queue
[2025-09-15T10:43:10.193+0000] {logging_mixin.py:188} INFO - [2025-09-15T10:43:10.192+0000] {dagbag.py:540} INFO - Filling up the DagBag from /opt/airflow/dags/cleaning/day_clean.py
[2025-09-15T10:43:10.215+0000] {processor.py:842} WARNING - No viable dags retrieved from /opt/airflow/dags/cleaning/day_clean.py
[2025-09-15T10:43:10.231+0000] {processor.py:183} INFO - Processing /opt/airflow/dags/cleaning/day_clean.py took 0.047 seconds
[2025-09-15T10:43:40.695+0000] {processor.py:161} INFO - Started process (PID=6223) to work on /opt/airflow/dags/cleaning/day_clean.py
[2025-09-15T10:43:40.696+0000] {processor.py:830} INFO - Processing file /opt/airflow/dags/cleaning/day_clean.py for tasks to queue
[2025-09-15T10:43:40.697+0000] {logging_mixin.py:188} INFO - [2025-09-15T10:43:40.697+0000] {dagbag.py:540} INFO - Filling up the DagBag from /opt/airflow/dags/cleaning/day_clean.py
[2025-09-15T10:43:40.711+0000] {processor.py:842} WARNING - No viable dags retrieved from /opt/airflow/dags/cleaning/day_clean.py
[2025-09-15T10:43:40.729+0000] {processor.py:183} INFO - Processing /opt/airflow/dags/cleaning/day_clean.py took 0.040 seconds
[2025-09-15T10:44:11.444+0000] {processor.py:161} INFO - Started process (PID=6258) to work on /opt/airflow/dags/cleaning/day_clean.py
[2025-09-15T10:44:11.445+0000] {processor.py:830} INFO - Processing file /opt/airflow/dags/cleaning/day_clean.py for tasks to queue
[2025-09-15T10:44:11.447+0000] {logging_mixin.py:188} INFO - [2025-09-15T10:44:11.446+0000] {dagbag.py:540} INFO - Filling up the DagBag from /opt/airflow/dags/cleaning/day_clean.py
[2025-09-15T10:44:11.468+0000] {processor.py:842} WARNING - No viable dags retrieved from /opt/airflow/dags/cleaning/day_clean.py
[2025-09-15T10:44:11.500+0000] {processor.py:183} INFO - Processing /opt/airflow/dags/cleaning/day_clean.py took 0.066 seconds
[2025-09-15T10:44:42.297+0000] {processor.py:161} INFO - Started process (PID=6293) to work on /opt/airflow/dags/cleaning/day_clean.py
[2025-09-15T10:44:42.299+0000] {processor.py:830} INFO - Processing file /opt/airflow/dags/cleaning/day_clean.py for tasks to queue
[2025-09-15T10:44:42.302+0000] {logging_mixin.py:188} INFO - [2025-09-15T10:44:42.301+0000] {dagbag.py:540} INFO - Filling up the DagBag from /opt/airflow/dags/cleaning/day_clean.py
[2025-09-15T10:44:42.329+0000] {processor.py:842} WARNING - No viable dags retrieved from /opt/airflow/dags/cleaning/day_clean.py
[2025-09-15T10:44:42.353+0000] {processor.py:183} INFO - Processing /opt/airflow/dags/cleaning/day_clean.py took 0.075 seconds
[2025-09-15T10:45:12.863+0000] {processor.py:161} INFO - Started process (PID=6328) to work on /opt/airflow/dags/cleaning/day_clean.py
[2025-09-15T10:45:12.864+0000] {processor.py:830} INFO - Processing file /opt/airflow/dags/cleaning/day_clean.py for tasks to queue
[2025-09-15T10:45:12.866+0000] {logging_mixin.py:188} INFO - [2025-09-15T10:45:12.865+0000] {dagbag.py:540} INFO - Filling up the DagBag from /opt/airflow/dags/cleaning/day_clean.py
[2025-09-15T10:45:12.880+0000] {processor.py:842} WARNING - No viable dags retrieved from /opt/airflow/dags/cleaning/day_clean.py
[2025-09-15T10:45:12.896+0000] {processor.py:183} INFO - Processing /opt/airflow/dags/cleaning/day_clean.py took 0.040 seconds
[2025-09-15T10:45:43.525+0000] {processor.py:161} INFO - Started process (PID=6363) to work on /opt/airflow/dags/cleaning/day_clean.py
[2025-09-15T10:45:43.526+0000] {processor.py:830} INFO - Processing file /opt/airflow/dags/cleaning/day_clean.py for tasks to queue
[2025-09-15T10:45:43.527+0000] {logging_mixin.py:188} INFO - [2025-09-15T10:45:43.527+0000] {dagbag.py:540} INFO - Filling up the DagBag from /opt/airflow/dags/cleaning/day_clean.py
[2025-09-15T10:45:43.541+0000] {processor.py:842} WARNING - No viable dags retrieved from /opt/airflow/dags/cleaning/day_clean.py
[2025-09-15T10:45:43.558+0000] {processor.py:183} INFO - Processing /opt/airflow/dags/cleaning/day_clean.py took 0.040 seconds
[2025-09-15T10:46:14.217+0000] {processor.py:161} INFO - Started process (PID=6398) to work on /opt/airflow/dags/cleaning/day_clean.py
[2025-09-15T10:46:14.218+0000] {processor.py:830} INFO - Processing file /opt/airflow/dags/cleaning/day_clean.py for tasks to queue
[2025-09-15T10:46:14.219+0000] {logging_mixin.py:188} INFO - [2025-09-15T10:46:14.219+0000] {dagbag.py:540} INFO - Filling up the DagBag from /opt/airflow/dags/cleaning/day_clean.py
[2025-09-15T10:46:14.232+0000] {processor.py:842} WARNING - No viable dags retrieved from /opt/airflow/dags/cleaning/day_clean.py
[2025-09-15T10:46:14.251+0000] {processor.py:183} INFO - Processing /opt/airflow/dags/cleaning/day_clean.py took 0.042 seconds
[2025-09-15T10:46:44.776+0000] {processor.py:161} INFO - Started process (PID=6433) to work on /opt/airflow/dags/cleaning/day_clean.py
[2025-09-15T10:46:44.777+0000] {processor.py:830} INFO - Processing file /opt/airflow/dags/cleaning/day_clean.py for tasks to queue
[2025-09-15T10:46:44.778+0000] {logging_mixin.py:188} INFO - [2025-09-15T10:46:44.777+0000] {dagbag.py:540} INFO - Filling up the DagBag from /opt/airflow/dags/cleaning/day_clean.py
[2025-09-15T10:46:44.793+0000] {processor.py:842} WARNING - No viable dags retrieved from /opt/airflow/dags/cleaning/day_clean.py
[2025-09-15T10:46:44.811+0000] {processor.py:183} INFO - Processing /opt/airflow/dags/cleaning/day_clean.py took 0.041 seconds
[2025-09-15T10:47:15.709+0000] {processor.py:161} INFO - Started process (PID=6468) to work on /opt/airflow/dags/cleaning/day_clean.py
[2025-09-15T10:47:15.710+0000] {processor.py:830} INFO - Processing file /opt/airflow/dags/cleaning/day_clean.py for tasks to queue
[2025-09-15T10:47:15.711+0000] {logging_mixin.py:188} INFO - [2025-09-15T10:47:15.711+0000] {dagbag.py:540} INFO - Filling up the DagBag from /opt/airflow/dags/cleaning/day_clean.py
[2025-09-15T10:47:15.726+0000] {processor.py:842} WARNING - No viable dags retrieved from /opt/airflow/dags/cleaning/day_clean.py
[2025-09-15T10:47:15.742+0000] {processor.py:183} INFO - Processing /opt/airflow/dags/cleaning/day_clean.py took 0.039 seconds
[2025-09-15T10:47:46.021+0000] {processor.py:161} INFO - Started process (PID=6503) to work on /opt/airflow/dags/cleaning/day_clean.py
[2025-09-15T10:47:46.022+0000] {processor.py:830} INFO - Processing file /opt/airflow/dags/cleaning/day_clean.py for tasks to queue
[2025-09-15T10:47:46.024+0000] {logging_mixin.py:188} INFO - [2025-09-15T10:47:46.023+0000] {dagbag.py:540} INFO - Filling up the DagBag from /opt/airflow/dags/cleaning/day_clean.py
[2025-09-15T10:47:46.041+0000] {processor.py:842} WARNING - No viable dags retrieved from /opt/airflow/dags/cleaning/day_clean.py
[2025-09-15T10:47:46.064+0000] {processor.py:183} INFO - Processing /opt/airflow/dags/cleaning/day_clean.py took 0.049 seconds
[2025-09-15T10:48:16.507+0000] {processor.py:161} INFO - Started process (PID=6538) to work on /opt/airflow/dags/cleaning/day_clean.py
[2025-09-15T10:48:16.508+0000] {processor.py:830} INFO - Processing file /opt/airflow/dags/cleaning/day_clean.py for tasks to queue
[2025-09-15T10:48:16.509+0000] {logging_mixin.py:188} INFO - [2025-09-15T10:48:16.508+0000] {dagbag.py:540} INFO - Filling up the DagBag from /opt/airflow/dags/cleaning/day_clean.py
[2025-09-15T10:48:16.523+0000] {processor.py:842} WARNING - No viable dags retrieved from /opt/airflow/dags/cleaning/day_clean.py
[2025-09-15T10:48:16.539+0000] {processor.py:183} INFO - Processing /opt/airflow/dags/cleaning/day_clean.py took 0.044 seconds
[2025-09-15T10:48:47.211+0000] {processor.py:161} INFO - Started process (PID=6573) to work on /opt/airflow/dags/cleaning/day_clean.py
[2025-09-15T10:48:47.212+0000] {processor.py:830} INFO - Processing file /opt/airflow/dags/cleaning/day_clean.py for tasks to queue
[2025-09-15T10:48:47.213+0000] {logging_mixin.py:188} INFO - [2025-09-15T10:48:47.213+0000] {dagbag.py:540} INFO - Filling up the DagBag from /opt/airflow/dags/cleaning/day_clean.py
[2025-09-15T10:48:47.228+0000] {processor.py:842} WARNING - No viable dags retrieved from /opt/airflow/dags/cleaning/day_clean.py
[2025-09-15T10:48:47.248+0000] {processor.py:183} INFO - Processing /opt/airflow/dags/cleaning/day_clean.py took 0.046 seconds
[2025-09-15T10:49:17.870+0000] {processor.py:161} INFO - Started process (PID=6608) to work on /opt/airflow/dags/cleaning/day_clean.py
[2025-09-15T10:49:17.871+0000] {processor.py:830} INFO - Processing file /opt/airflow/dags/cleaning/day_clean.py for tasks to queue
[2025-09-15T10:49:17.872+0000] {logging_mixin.py:188} INFO - [2025-09-15T10:49:17.872+0000] {dagbag.py:540} INFO - Filling up the DagBag from /opt/airflow/dags/cleaning/day_clean.py
[2025-09-15T10:49:17.884+0000] {processor.py:842} WARNING - No viable dags retrieved from /opt/airflow/dags/cleaning/day_clean.py
[2025-09-15T10:49:17.900+0000] {processor.py:183} INFO - Processing /opt/airflow/dags/cleaning/day_clean.py took 0.036 seconds
[2025-09-15T10:49:48.345+0000] {processor.py:161} INFO - Started process (PID=6643) to work on /opt/airflow/dags/cleaning/day_clean.py
[2025-09-15T10:49:48.347+0000] {processor.py:830} INFO - Processing file /opt/airflow/dags/cleaning/day_clean.py for tasks to queue
[2025-09-15T10:49:48.348+0000] {logging_mixin.py:188} INFO - [2025-09-15T10:49:48.347+0000] {dagbag.py:540} INFO - Filling up the DagBag from /opt/airflow/dags/cleaning/day_clean.py
[2025-09-15T10:49:48.364+0000] {processor.py:842} WARNING - No viable dags retrieved from /opt/airflow/dags/cleaning/day_clean.py
[2025-09-15T10:49:48.386+0000] {processor.py:183} INFO - Processing /opt/airflow/dags/cleaning/day_clean.py took 0.047 seconds
[2025-09-15T10:50:19.013+0000] {processor.py:161} INFO - Started process (PID=6678) to work on /opt/airflow/dags/cleaning/day_clean.py
[2025-09-15T10:50:19.014+0000] {processor.py:830} INFO - Processing file /opt/airflow/dags/cleaning/day_clean.py for tasks to queue
[2025-09-15T10:50:19.015+0000] {logging_mixin.py:188} INFO - [2025-09-15T10:50:19.015+0000] {dagbag.py:540} INFO - Filling up the DagBag from /opt/airflow/dags/cleaning/day_clean.py
[2025-09-15T10:50:19.027+0000] {processor.py:842} WARNING - No viable dags retrieved from /opt/airflow/dags/cleaning/day_clean.py
[2025-09-15T10:50:19.045+0000] {processor.py:183} INFO - Processing /opt/airflow/dags/cleaning/day_clean.py took 0.038 seconds
[2025-09-15T10:50:49.680+0000] {processor.py:161} INFO - Started process (PID=6713) to work on /opt/airflow/dags/cleaning/day_clean.py
[2025-09-15T10:50:49.682+0000] {processor.py:830} INFO - Processing file /opt/airflow/dags/cleaning/day_clean.py for tasks to queue
[2025-09-15T10:50:49.682+0000] {logging_mixin.py:188} INFO - [2025-09-15T10:50:49.682+0000] {dagbag.py:540} INFO - Filling up the DagBag from /opt/airflow/dags/cleaning/day_clean.py
[2025-09-15T10:50:49.699+0000] {processor.py:842} WARNING - No viable dags retrieved from /opt/airflow/dags/cleaning/day_clean.py
[2025-09-15T10:50:49.724+0000] {processor.py:183} INFO - Processing /opt/airflow/dags/cleaning/day_clean.py took 0.051 seconds
[2025-09-15T10:51:20.445+0000] {processor.py:161} INFO - Started process (PID=6748) to work on /opt/airflow/dags/cleaning/day_clean.py
[2025-09-15T10:51:20.446+0000] {processor.py:830} INFO - Processing file /opt/airflow/dags/cleaning/day_clean.py for tasks to queue
[2025-09-15T10:51:20.447+0000] {logging_mixin.py:188} INFO - [2025-09-15T10:51:20.447+0000] {dagbag.py:540} INFO - Filling up the DagBag from /opt/airflow/dags/cleaning/day_clean.py
[2025-09-15T10:51:20.461+0000] {processor.py:842} WARNING - No viable dags retrieved from /opt/airflow/dags/cleaning/day_clean.py
[2025-09-15T10:51:20.478+0000] {processor.py:183} INFO - Processing /opt/airflow/dags/cleaning/day_clean.py took 0.040 seconds
[2025-09-15T10:51:50.916+0000] {processor.py:161} INFO - Started process (PID=6783) to work on /opt/airflow/dags/cleaning/day_clean.py
[2025-09-15T10:51:50.918+0000] {processor.py:830} INFO - Processing file /opt/airflow/dags/cleaning/day_clean.py for tasks to queue
[2025-09-15T10:51:50.919+0000] {logging_mixin.py:188} INFO - [2025-09-15T10:51:50.918+0000] {dagbag.py:540} INFO - Filling up the DagBag from /opt/airflow/dags/cleaning/day_clean.py
[2025-09-15T10:51:50.930+0000] {processor.py:842} WARNING - No viable dags retrieved from /opt/airflow/dags/cleaning/day_clean.py
[2025-09-15T10:51:50.948+0000] {processor.py:183} INFO - Processing /opt/airflow/dags/cleaning/day_clean.py took 0.038 seconds
[2025-09-15T10:52:21.696+0000] {processor.py:161} INFO - Started process (PID=6818) to work on /opt/airflow/dags/cleaning/day_clean.py
[2025-09-15T10:52:21.698+0000] {processor.py:830} INFO - Processing file /opt/airflow/dags/cleaning/day_clean.py for tasks to queue
[2025-09-15T10:52:21.699+0000] {logging_mixin.py:188} INFO - [2025-09-15T10:52:21.698+0000] {dagbag.py:540} INFO - Filling up the DagBag from /opt/airflow/dags/cleaning/day_clean.py
[2025-09-15T10:52:21.711+0000] {processor.py:842} WARNING - No viable dags retrieved from /opt/airflow/dags/cleaning/day_clean.py
[2025-09-15T10:52:21.727+0000] {processor.py:183} INFO - Processing /opt/airflow/dags/cleaning/day_clean.py took 0.037 seconds
[2025-09-15T10:52:52.461+0000] {processor.py:161} INFO - Started process (PID=6853) to work on /opt/airflow/dags/cleaning/day_clean.py
[2025-09-15T10:52:52.462+0000] {processor.py:830} INFO - Processing file /opt/airflow/dags/cleaning/day_clean.py for tasks to queue
[2025-09-15T10:52:52.463+0000] {logging_mixin.py:188} INFO - [2025-09-15T10:52:52.463+0000] {dagbag.py:540} INFO - Filling up the DagBag from /opt/airflow/dags/cleaning/day_clean.py
[2025-09-15T10:52:52.477+0000] {processor.py:842} WARNING - No viable dags retrieved from /opt/airflow/dags/cleaning/day_clean.py
[2025-09-15T10:52:52.508+0000] {processor.py:183} INFO - Processing /opt/airflow/dags/cleaning/day_clean.py took 0.055 seconds
[2025-09-15T10:53:23.220+0000] {processor.py:161} INFO - Started process (PID=6888) to work on /opt/airflow/dags/cleaning/day_clean.py
[2025-09-15T10:53:23.221+0000] {processor.py:830} INFO - Processing file /opt/airflow/dags/cleaning/day_clean.py for tasks to queue
[2025-09-15T10:53:23.222+0000] {logging_mixin.py:188} INFO - [2025-09-15T10:53:23.222+0000] {dagbag.py:540} INFO - Filling up the DagBag from /opt/airflow/dags/cleaning/day_clean.py
[2025-09-15T10:53:23.236+0000] {processor.py:842} WARNING - No viable dags retrieved from /opt/airflow/dags/cleaning/day_clean.py
[2025-09-15T10:53:23.252+0000] {processor.py:183} INFO - Processing /opt/airflow/dags/cleaning/day_clean.py took 0.038 seconds
[2025-09-15T10:53:53.881+0000] {processor.py:161} INFO - Started process (PID=6923) to work on /opt/airflow/dags/cleaning/day_clean.py
[2025-09-15T10:53:53.883+0000] {processor.py:830} INFO - Processing file /opt/airflow/dags/cleaning/day_clean.py for tasks to queue
[2025-09-15T10:53:53.883+0000] {logging_mixin.py:188} INFO - [2025-09-15T10:53:53.883+0000] {dagbag.py:540} INFO - Filling up the DagBag from /opt/airflow/dags/cleaning/day_clean.py
[2025-09-15T10:53:53.895+0000] {processor.py:842} WARNING - No viable dags retrieved from /opt/airflow/dags/cleaning/day_clean.py
[2025-09-15T10:53:53.913+0000] {processor.py:183} INFO - Processing /opt/airflow/dags/cleaning/day_clean.py took 0.038 seconds
[2025-09-15T10:54:24.000+0000] {processor.py:161} INFO - Started process (PID=6958) to work on /opt/airflow/dags/cleaning/day_clean.py
[2025-09-15T10:54:24.002+0000] {processor.py:830} INFO - Processing file /opt/airflow/dags/cleaning/day_clean.py for tasks to queue
[2025-09-15T10:54:24.003+0000] {logging_mixin.py:188} INFO - [2025-09-15T10:54:24.003+0000] {dagbag.py:540} INFO - Filling up the DagBag from /opt/airflow/dags/cleaning/day_clean.py
[2025-09-15T10:54:24.014+0000] {processor.py:842} WARNING - No viable dags retrieved from /opt/airflow/dags/cleaning/day_clean.py
[2025-09-15T10:54:24.029+0000] {processor.py:183} INFO - Processing /opt/airflow/dags/cleaning/day_clean.py took 0.034 seconds
[2025-09-15T10:54:55.026+0000] {processor.py:161} INFO - Started process (PID=6993) to work on /opt/airflow/dags/cleaning/day_clean.py
[2025-09-15T10:54:55.027+0000] {processor.py:830} INFO - Processing file /opt/airflow/dags/cleaning/day_clean.py for tasks to queue
[2025-09-15T10:54:55.028+0000] {logging_mixin.py:188} INFO - [2025-09-15T10:54:55.028+0000] {dagbag.py:540} INFO - Filling up the DagBag from /opt/airflow/dags/cleaning/day_clean.py
[2025-09-15T10:54:55.043+0000] {processor.py:842} WARNING - No viable dags retrieved from /opt/airflow/dags/cleaning/day_clean.py
[2025-09-15T10:54:55.058+0000] {processor.py:183} INFO - Processing /opt/airflow/dags/cleaning/day_clean.py took 0.039 seconds
[2025-09-15T10:55:25.863+0000] {processor.py:161} INFO - Started process (PID=7028) to work on /opt/airflow/dags/cleaning/day_clean.py
[2025-09-15T10:55:25.870+0000] {processor.py:830} INFO - Processing file /opt/airflow/dags/cleaning/day_clean.py for tasks to queue
[2025-09-15T10:55:25.875+0000] {logging_mixin.py:188} INFO - [2025-09-15T10:55:25.873+0000] {dagbag.py:540} INFO - Filling up the DagBag from /opt/airflow/dags/cleaning/day_clean.py
[2025-09-15T10:55:25.905+0000] {processor.py:842} WARNING - No viable dags retrieved from /opt/airflow/dags/cleaning/day_clean.py
[2025-09-15T10:55:25.949+0000] {processor.py:183} INFO - Processing /opt/airflow/dags/cleaning/day_clean.py took 0.100 seconds
[2025-09-15T10:55:56.752+0000] {processor.py:161} INFO - Started process (PID=7063) to work on /opt/airflow/dags/cleaning/day_clean.py
[2025-09-15T10:55:56.754+0000] {processor.py:830} INFO - Processing file /opt/airflow/dags/cleaning/day_clean.py for tasks to queue
[2025-09-15T10:55:56.755+0000] {logging_mixin.py:188} INFO - [2025-09-15T10:55:56.754+0000] {dagbag.py:540} INFO - Filling up the DagBag from /opt/airflow/dags/cleaning/day_clean.py
[2025-09-15T10:55:56.767+0000] {processor.py:842} WARNING - No viable dags retrieved from /opt/airflow/dags/cleaning/day_clean.py
[2025-09-15T10:55:56.789+0000] {processor.py:183} INFO - Processing /opt/airflow/dags/cleaning/day_clean.py took 0.043 seconds
[2025-09-15T10:56:27.385+0000] {processor.py:161} INFO - Started process (PID=7098) to work on /opt/airflow/dags/cleaning/day_clean.py
[2025-09-15T10:56:27.386+0000] {processor.py:830} INFO - Processing file /opt/airflow/dags/cleaning/day_clean.py for tasks to queue
[2025-09-15T10:56:27.387+0000] {logging_mixin.py:188} INFO - [2025-09-15T10:56:27.387+0000] {dagbag.py:540} INFO - Filling up the DagBag from /opt/airflow/dags/cleaning/day_clean.py
[2025-09-15T10:56:27.401+0000] {processor.py:842} WARNING - No viable dags retrieved from /opt/airflow/dags/cleaning/day_clean.py
[2025-09-15T10:56:27.416+0000] {processor.py:183} INFO - Processing /opt/airflow/dags/cleaning/day_clean.py took 0.037 seconds
[2025-09-15T10:56:58.030+0000] {processor.py:161} INFO - Started process (PID=7133) to work on /opt/airflow/dags/cleaning/day_clean.py
[2025-09-15T10:56:58.031+0000] {processor.py:830} INFO - Processing file /opt/airflow/dags/cleaning/day_clean.py for tasks to queue
[2025-09-15T10:56:58.032+0000] {logging_mixin.py:188} INFO - [2025-09-15T10:56:58.032+0000] {dagbag.py:540} INFO - Filling up the DagBag from /opt/airflow/dags/cleaning/day_clean.py
[2025-09-15T10:56:58.044+0000] {processor.py:842} WARNING - No viable dags retrieved from /opt/airflow/dags/cleaning/day_clean.py
[2025-09-15T10:56:58.062+0000] {processor.py:183} INFO - Processing /opt/airflow/dags/cleaning/day_clean.py took 0.038 seconds
[2025-09-15T10:57:28.786+0000] {processor.py:161} INFO - Started process (PID=7168) to work on /opt/airflow/dags/cleaning/day_clean.py
[2025-09-15T10:57:28.788+0000] {processor.py:830} INFO - Processing file /opt/airflow/dags/cleaning/day_clean.py for tasks to queue
[2025-09-15T10:57:28.788+0000] {logging_mixin.py:188} INFO - [2025-09-15T10:57:28.788+0000] {dagbag.py:540} INFO - Filling up the DagBag from /opt/airflow/dags/cleaning/day_clean.py
[2025-09-15T10:57:28.804+0000] {processor.py:842} WARNING - No viable dags retrieved from /opt/airflow/dags/cleaning/day_clean.py
[2025-09-15T10:57:28.819+0000] {processor.py:183} INFO - Processing /opt/airflow/dags/cleaning/day_clean.py took 0.040 seconds
[2025-09-15T10:57:59.183+0000] {processor.py:161} INFO - Started process (PID=7203) to work on /opt/airflow/dags/cleaning/day_clean.py
[2025-09-15T10:57:59.184+0000] {processor.py:830} INFO - Processing file /opt/airflow/dags/cleaning/day_clean.py for tasks to queue
[2025-09-15T10:57:59.185+0000] {logging_mixin.py:188} INFO - [2025-09-15T10:57:59.185+0000] {dagbag.py:540} INFO - Filling up the DagBag from /opt/airflow/dags/cleaning/day_clean.py
[2025-09-15T10:57:59.199+0000] {processor.py:842} WARNING - No viable dags retrieved from /opt/airflow/dags/cleaning/day_clean.py
[2025-09-15T10:57:59.219+0000] {processor.py:183} INFO - Processing /opt/airflow/dags/cleaning/day_clean.py took 0.042 seconds
[2025-09-15T10:58:29.753+0000] {processor.py:161} INFO - Started process (PID=7238) to work on /opt/airflow/dags/cleaning/day_clean.py
[2025-09-15T10:58:29.754+0000] {processor.py:830} INFO - Processing file /opt/airflow/dags/cleaning/day_clean.py for tasks to queue
[2025-09-15T10:58:29.755+0000] {logging_mixin.py:188} INFO - [2025-09-15T10:58:29.755+0000] {dagbag.py:540} INFO - Filling up the DagBag from /opt/airflow/dags/cleaning/day_clean.py
[2025-09-15T10:58:29.768+0000] {processor.py:842} WARNING - No viable dags retrieved from /opt/airflow/dags/cleaning/day_clean.py
[2025-09-15T10:58:29.783+0000] {processor.py:183} INFO - Processing /opt/airflow/dags/cleaning/day_clean.py took 0.035 seconds
[2025-09-15T10:59:00.392+0000] {processor.py:161} INFO - Started process (PID=7273) to work on /opt/airflow/dags/cleaning/day_clean.py
[2025-09-15T10:59:00.393+0000] {processor.py:830} INFO - Processing file /opt/airflow/dags/cleaning/day_clean.py for tasks to queue
[2025-09-15T10:59:00.394+0000] {logging_mixin.py:188} INFO - [2025-09-15T10:59:00.394+0000] {dagbag.py:540} INFO - Filling up the DagBag from /opt/airflow/dags/cleaning/day_clean.py
[2025-09-15T10:59:00.406+0000] {processor.py:842} WARNING - No viable dags retrieved from /opt/airflow/dags/cleaning/day_clean.py
[2025-09-15T10:59:00.420+0000] {processor.py:183} INFO - Processing /opt/airflow/dags/cleaning/day_clean.py took 0.038 seconds
[2025-09-15T10:59:31.575+0000] {processor.py:161} INFO - Started process (PID=7308) to work on /opt/airflow/dags/cleaning/day_clean.py
[2025-09-15T10:59:31.577+0000] {processor.py:830} INFO - Processing file /opt/airflow/dags/cleaning/day_clean.py for tasks to queue
[2025-09-15T10:59:31.579+0000] {logging_mixin.py:188} INFO - [2025-09-15T10:59:31.579+0000] {dagbag.py:540} INFO - Filling up the DagBag from /opt/airflow/dags/cleaning/day_clean.py
[2025-09-15T10:59:31.604+0000] {processor.py:842} WARNING - No viable dags retrieved from /opt/airflow/dags/cleaning/day_clean.py
[2025-09-15T10:59:31.655+0000] {processor.py:183} INFO - Processing /opt/airflow/dags/cleaning/day_clean.py took 0.100 seconds
[2025-09-15T11:00:02.281+0000] {processor.py:161} INFO - Started process (PID=7343) to work on /opt/airflow/dags/cleaning/day_clean.py
[2025-09-15T11:00:02.283+0000] {processor.py:830} INFO - Processing file /opt/airflow/dags/cleaning/day_clean.py for tasks to queue
[2025-09-15T11:00:02.284+0000] {logging_mixin.py:188} INFO - [2025-09-15T11:00:02.283+0000] {dagbag.py:540} INFO - Filling up the DagBag from /opt/airflow/dags/cleaning/day_clean.py
[2025-09-15T11:00:02.299+0000] {processor.py:842} WARNING - No viable dags retrieved from /opt/airflow/dags/cleaning/day_clean.py
[2025-09-15T11:00:02.314+0000] {processor.py:183} INFO - Processing /opt/airflow/dags/cleaning/day_clean.py took 0.039 seconds
[2025-09-15T11:00:33.000+0000] {processor.py:161} INFO - Started process (PID=7378) to work on /opt/airflow/dags/cleaning/day_clean.py
[2025-09-15T11:00:33.001+0000] {processor.py:830} INFO - Processing file /opt/airflow/dags/cleaning/day_clean.py for tasks to queue
[2025-09-15T11:00:33.002+0000] {logging_mixin.py:188} INFO - [2025-09-15T11:00:33.002+0000] {dagbag.py:540} INFO - Filling up the DagBag from /opt/airflow/dags/cleaning/day_clean.py
[2025-09-15T11:00:33.027+0000] {processor.py:842} WARNING - No viable dags retrieved from /opt/airflow/dags/cleaning/day_clean.py
[2025-09-15T11:00:33.047+0000] {processor.py:183} INFO - Processing /opt/airflow/dags/cleaning/day_clean.py took 0.054 seconds
[2025-09-15T11:01:03.812+0000] {processor.py:161} INFO - Started process (PID=7413) to work on /opt/airflow/dags/cleaning/day_clean.py
[2025-09-15T11:01:03.813+0000] {processor.py:830} INFO - Processing file /opt/airflow/dags/cleaning/day_clean.py for tasks to queue
[2025-09-15T11:01:03.814+0000] {logging_mixin.py:188} INFO - [2025-09-15T11:01:03.814+0000] {dagbag.py:540} INFO - Filling up the DagBag from /opt/airflow/dags/cleaning/day_clean.py
[2025-09-15T11:01:03.825+0000] {processor.py:842} WARNING - No viable dags retrieved from /opt/airflow/dags/cleaning/day_clean.py
[2025-09-15T11:01:03.840+0000] {processor.py:183} INFO - Processing /opt/airflow/dags/cleaning/day_clean.py took 0.033 seconds
[2025-09-15T11:01:34.526+0000] {processor.py:161} INFO - Started process (PID=7448) to work on /opt/airflow/dags/cleaning/day_clean.py
[2025-09-15T11:01:34.528+0000] {processor.py:830} INFO - Processing file /opt/airflow/dags/cleaning/day_clean.py for tasks to queue
[2025-09-15T11:01:34.529+0000] {logging_mixin.py:188} INFO - [2025-09-15T11:01:34.529+0000] {dagbag.py:540} INFO - Filling up the DagBag from /opt/airflow/dags/cleaning/day_clean.py
[2025-09-15T11:01:34.545+0000] {processor.py:842} WARNING - No viable dags retrieved from /opt/airflow/dags/cleaning/day_clean.py
[2025-09-15T11:01:34.562+0000] {processor.py:183} INFO - Processing /opt/airflow/dags/cleaning/day_clean.py took 0.043 seconds
[2025-09-15T11:02:05.347+0000] {processor.py:161} INFO - Started process (PID=7483) to work on /opt/airflow/dags/cleaning/day_clean.py
[2025-09-15T11:02:05.348+0000] {processor.py:830} INFO - Processing file /opt/airflow/dags/cleaning/day_clean.py for tasks to queue
[2025-09-15T11:02:05.349+0000] {logging_mixin.py:188} INFO - [2025-09-15T11:02:05.348+0000] {dagbag.py:540} INFO - Filling up the DagBag from /opt/airflow/dags/cleaning/day_clean.py
[2025-09-15T11:02:05.361+0000] {processor.py:842} WARNING - No viable dags retrieved from /opt/airflow/dags/cleaning/day_clean.py
[2025-09-15T11:02:05.380+0000] {processor.py:183} INFO - Processing /opt/airflow/dags/cleaning/day_clean.py took 0.038 seconds
[2025-09-15T11:02:35.917+0000] {processor.py:161} INFO - Started process (PID=7518) to work on /opt/airflow/dags/cleaning/day_clean.py
[2025-09-15T11:02:35.918+0000] {processor.py:830} INFO - Processing file /opt/airflow/dags/cleaning/day_clean.py for tasks to queue
[2025-09-15T11:02:35.919+0000] {logging_mixin.py:188} INFO - [2025-09-15T11:02:35.919+0000] {dagbag.py:540} INFO - Filling up the DagBag from /opt/airflow/dags/cleaning/day_clean.py
[2025-09-15T11:02:35.931+0000] {processor.py:842} WARNING - No viable dags retrieved from /opt/airflow/dags/cleaning/day_clean.py
[2025-09-15T11:02:35.947+0000] {processor.py:183} INFO - Processing /opt/airflow/dags/cleaning/day_clean.py took 0.036 seconds
[2025-09-15T11:03:06.529+0000] {processor.py:161} INFO - Started process (PID=7553) to work on /opt/airflow/dags/cleaning/day_clean.py
[2025-09-15T11:03:06.532+0000] {processor.py:830} INFO - Processing file /opt/airflow/dags/cleaning/day_clean.py for tasks to queue
[2025-09-15T11:03:06.534+0000] {logging_mixin.py:188} INFO - [2025-09-15T11:03:06.533+0000] {dagbag.py:540} INFO - Filling up the DagBag from /opt/airflow/dags/cleaning/day_clean.py
[2025-09-15T11:03:06.559+0000] {processor.py:842} WARNING - No viable dags retrieved from /opt/airflow/dags/cleaning/day_clean.py
[2025-09-15T11:03:06.587+0000] {processor.py:183} INFO - Processing /opt/airflow/dags/cleaning/day_clean.py took 0.080 seconds
[2025-09-15T11:03:37.103+0000] {processor.py:161} INFO - Started process (PID=7588) to work on /opt/airflow/dags/cleaning/day_clean.py
[2025-09-15T11:03:37.104+0000] {processor.py:830} INFO - Processing file /opt/airflow/dags/cleaning/day_clean.py for tasks to queue
[2025-09-15T11:03:37.105+0000] {logging_mixin.py:188} INFO - [2025-09-15T11:03:37.104+0000] {dagbag.py:540} INFO - Filling up the DagBag from /opt/airflow/dags/cleaning/day_clean.py
[2025-09-15T11:03:37.118+0000] {processor.py:842} WARNING - No viable dags retrieved from /opt/airflow/dags/cleaning/day_clean.py
[2025-09-15T11:03:37.132+0000] {processor.py:183} INFO - Processing /opt/airflow/dags/cleaning/day_clean.py took 0.036 seconds
[2025-09-15T11:04:07.698+0000] {processor.py:161} INFO - Started process (PID=7623) to work on /opt/airflow/dags/cleaning/day_clean.py
[2025-09-15T11:04:07.700+0000] {processor.py:830} INFO - Processing file /opt/airflow/dags/cleaning/day_clean.py for tasks to queue
[2025-09-15T11:04:07.701+0000] {logging_mixin.py:188} INFO - [2025-09-15T11:04:07.700+0000] {dagbag.py:540} INFO - Filling up the DagBag from /opt/airflow/dags/cleaning/day_clean.py
[2025-09-15T11:04:07.715+0000] {processor.py:842} WARNING - No viable dags retrieved from /opt/airflow/dags/cleaning/day_clean.py
[2025-09-15T11:04:07.731+0000] {processor.py:183} INFO - Processing /opt/airflow/dags/cleaning/day_clean.py took 0.038 seconds
[2025-09-15T11:04:38.173+0000] {processor.py:161} INFO - Started process (PID=7658) to work on /opt/airflow/dags/cleaning/day_clean.py
[2025-09-15T11:04:38.174+0000] {processor.py:830} INFO - Processing file /opt/airflow/dags/cleaning/day_clean.py for tasks to queue
[2025-09-15T11:04:38.175+0000] {logging_mixin.py:188} INFO - [2025-09-15T11:04:38.175+0000] {dagbag.py:540} INFO - Filling up the DagBag from /opt/airflow/dags/cleaning/day_clean.py
[2025-09-15T11:04:38.187+0000] {processor.py:842} WARNING - No viable dags retrieved from /opt/airflow/dags/cleaning/day_clean.py
[2025-09-15T11:04:38.201+0000] {processor.py:183} INFO - Processing /opt/airflow/dags/cleaning/day_clean.py took 0.034 seconds
[2025-09-15T11:05:08.636+0000] {processor.py:161} INFO - Started process (PID=7693) to work on /opt/airflow/dags/cleaning/day_clean.py
[2025-09-15T11:05:08.638+0000] {processor.py:830} INFO - Processing file /opt/airflow/dags/cleaning/day_clean.py for tasks to queue
[2025-09-15T11:05:08.641+0000] {logging_mixin.py:188} INFO - [2025-09-15T11:05:08.640+0000] {dagbag.py:540} INFO - Filling up the DagBag from /opt/airflow/dags/cleaning/day_clean.py
[2025-09-15T11:05:08.701+0000] {processor.py:842} WARNING - No viable dags retrieved from /opt/airflow/dags/cleaning/day_clean.py
[2025-09-15T11:05:08.755+0000] {processor.py:183} INFO - Processing /opt/airflow/dags/cleaning/day_clean.py took 0.134 seconds
[2025-09-15T11:05:39.176+0000] {processor.py:161} INFO - Started process (PID=7728) to work on /opt/airflow/dags/cleaning/day_clean.py
[2025-09-15T11:05:39.177+0000] {processor.py:830} INFO - Processing file /opt/airflow/dags/cleaning/day_clean.py for tasks to queue
[2025-09-15T11:05:39.179+0000] {logging_mixin.py:188} INFO - [2025-09-15T11:05:39.178+0000] {dagbag.py:540} INFO - Filling up the DagBag from /opt/airflow/dags/cleaning/day_clean.py
[2025-09-15T11:05:39.195+0000] {processor.py:842} WARNING - No viable dags retrieved from /opt/airflow/dags/cleaning/day_clean.py
[2025-09-15T11:05:39.216+0000] {processor.py:183} INFO - Processing /opt/airflow/dags/cleaning/day_clean.py took 0.055 seconds
[2025-09-15T11:06:09.686+0000] {processor.py:161} INFO - Started process (PID=7763) to work on /opt/airflow/dags/cleaning/day_clean.py
[2025-09-15T11:06:09.687+0000] {processor.py:830} INFO - Processing file /opt/airflow/dags/cleaning/day_clean.py for tasks to queue
[2025-09-15T11:06:09.687+0000] {logging_mixin.py:188} INFO - [2025-09-15T11:06:09.687+0000] {dagbag.py:540} INFO - Filling up the DagBag from /opt/airflow/dags/cleaning/day_clean.py
[2025-09-15T11:06:09.701+0000] {processor.py:842} WARNING - No viable dags retrieved from /opt/airflow/dags/cleaning/day_clean.py
[2025-09-15T11:06:09.716+0000] {processor.py:183} INFO - Processing /opt/airflow/dags/cleaning/day_clean.py took 0.036 seconds
[2025-09-15T11:06:40.474+0000] {processor.py:161} INFO - Started process (PID=7798) to work on /opt/airflow/dags/cleaning/day_clean.py
[2025-09-15T11:06:40.475+0000] {processor.py:830} INFO - Processing file /opt/airflow/dags/cleaning/day_clean.py for tasks to queue
[2025-09-15T11:06:40.476+0000] {logging_mixin.py:188} INFO - [2025-09-15T11:06:40.476+0000] {dagbag.py:540} INFO - Filling up the DagBag from /opt/airflow/dags/cleaning/day_clean.py
[2025-09-15T11:06:40.495+0000] {processor.py:842} WARNING - No viable dags retrieved from /opt/airflow/dags/cleaning/day_clean.py
[2025-09-15T11:06:40.513+0000] {processor.py:183} INFO - Processing /opt/airflow/dags/cleaning/day_clean.py took 0.046 seconds
[2025-09-15T11:07:10.695+0000] {processor.py:161} INFO - Started process (PID=7834) to work on /opt/airflow/dags/cleaning/day_clean.py
[2025-09-15T11:07:10.697+0000] {processor.py:830} INFO - Processing file /opt/airflow/dags/cleaning/day_clean.py for tasks to queue
[2025-09-15T11:07:10.699+0000] {logging_mixin.py:188} INFO - [2025-09-15T11:07:10.698+0000] {dagbag.py:540} INFO - Filling up the DagBag from /opt/airflow/dags/cleaning/day_clean.py
[2025-09-15T11:07:10.712+0000] {processor.py:842} WARNING - No viable dags retrieved from /opt/airflow/dags/cleaning/day_clean.py
[2025-09-15T11:07:10.738+0000] {processor.py:183} INFO - Processing /opt/airflow/dags/cleaning/day_clean.py took 0.053 seconds
[2025-09-15T11:07:41.376+0000] {processor.py:161} INFO - Started process (PID=7883) to work on /opt/airflow/dags/cleaning/day_clean.py
[2025-09-15T11:07:41.377+0000] {processor.py:830} INFO - Processing file /opt/airflow/dags/cleaning/day_clean.py for tasks to queue
[2025-09-15T11:07:41.378+0000] {logging_mixin.py:188} INFO - [2025-09-15T11:07:41.377+0000] {dagbag.py:540} INFO - Filling up the DagBag from /opt/airflow/dags/cleaning/day_clean.py
[2025-09-15T11:07:41.392+0000] {processor.py:842} WARNING - No viable dags retrieved from /opt/airflow/dags/cleaning/day_clean.py
[2025-09-15T11:07:41.409+0000] {processor.py:183} INFO - Processing /opt/airflow/dags/cleaning/day_clean.py took 0.039 seconds
[2025-09-15T11:08:12.383+0000] {processor.py:161} INFO - Started process (PID=7918) to work on /opt/airflow/dags/cleaning/day_clean.py
[2025-09-15T11:08:12.387+0000] {processor.py:830} INFO - Processing file /opt/airflow/dags/cleaning/day_clean.py for tasks to queue
[2025-09-15T11:08:12.390+0000] {logging_mixin.py:188} INFO - [2025-09-15T11:08:12.389+0000] {dagbag.py:540} INFO - Filling up the DagBag from /opt/airflow/dags/cleaning/day_clean.py
[2025-09-15T11:08:12.565+0000] {processor.py:842} WARNING - No viable dags retrieved from /opt/airflow/dags/cleaning/day_clean.py
[2025-09-15T11:08:12.787+0000] {processor.py:183} INFO - Processing /opt/airflow/dags/cleaning/day_clean.py took 0.497 seconds
[2025-09-15T11:08:43.485+0000] {processor.py:161} INFO - Started process (PID=7953) to work on /opt/airflow/dags/cleaning/day_clean.py
[2025-09-15T11:08:43.489+0000] {processor.py:830} INFO - Processing file /opt/airflow/dags/cleaning/day_clean.py for tasks to queue
[2025-09-15T11:08:43.492+0000] {logging_mixin.py:188} INFO - [2025-09-15T11:08:43.491+0000] {dagbag.py:540} INFO - Filling up the DagBag from /opt/airflow/dags/cleaning/day_clean.py
[2025-09-15T11:08:43.546+0000] {processor.py:842} WARNING - No viable dags retrieved from /opt/airflow/dags/cleaning/day_clean.py
[2025-09-15T11:08:43.697+0000] {processor.py:183} INFO - Processing /opt/airflow/dags/cleaning/day_clean.py took 0.226 seconds
[2025-09-15T11:08:49.150+0000] {processor.py:161} INFO - Started process (PID=7968) to work on /opt/airflow/dags/cleaning/day_clean.py
[2025-09-15T11:08:49.151+0000] {processor.py:830} INFO - Processing file /opt/airflow/dags/cleaning/day_clean.py for tasks to queue
[2025-09-15T11:08:49.152+0000] {logging_mixin.py:188} INFO - [2025-09-15T11:08:49.152+0000] {dagbag.py:540} INFO - Filling up the DagBag from /opt/airflow/dags/cleaning/day_clean.py
[2025-09-15T11:08:49.179+0000] {processor.py:842} WARNING - No viable dags retrieved from /opt/airflow/dags/cleaning/day_clean.py
[2025-09-15T11:08:49.198+0000] {processor.py:183} INFO - Processing /opt/airflow/dags/cleaning/day_clean.py took 0.054 seconds
[2025-09-15T11:08:49.398+0000] {processor.py:161} INFO - Started process (PID=7978) to work on /opt/airflow/dags/cleaning/day_clean.py
[2025-09-15T11:08:49.399+0000] {processor.py:830} INFO - Processing file /opt/airflow/dags/cleaning/day_clean.py for tasks to queue
[2025-09-15T11:08:49.400+0000] {logging_mixin.py:188} INFO - [2025-09-15T11:08:49.400+0000] {dagbag.py:540} INFO - Filling up the DagBag from /opt/airflow/dags/cleaning/day_clean.py
[2025-09-15T11:08:49.416+0000] {processor.py:842} WARNING - No viable dags retrieved from /opt/airflow/dags/cleaning/day_clean.py
[2025-09-15T11:08:49.437+0000] {processor.py:183} INFO - Processing /opt/airflow/dags/cleaning/day_clean.py took 0.046 seconds
[2025-09-15T11:08:51.551+0000] {processor.py:161} INFO - Started process (PID=7988) to work on /opt/airflow/dags/cleaning/day_clean.py
[2025-09-15T11:08:51.552+0000] {processor.py:830} INFO - Processing file /opt/airflow/dags/cleaning/day_clean.py for tasks to queue
[2025-09-15T11:08:51.553+0000] {logging_mixin.py:188} INFO - [2025-09-15T11:08:51.553+0000] {dagbag.py:540} INFO - Filling up the DagBag from /opt/airflow/dags/cleaning/day_clean.py
[2025-09-15T11:08:51.589+0000] {processor.py:842} WARNING - No viable dags retrieved from /opt/airflow/dags/cleaning/day_clean.py
[2025-09-15T11:08:51.615+0000] {processor.py:183} INFO - Processing /opt/airflow/dags/cleaning/day_clean.py took 0.075 seconds
[2025-09-15T11:09:22.199+0000] {processor.py:161} INFO - Started process (PID=8023) to work on /opt/airflow/dags/cleaning/day_clean.py
[2025-09-15T11:09:22.200+0000] {processor.py:830} INFO - Processing file /opt/airflow/dags/cleaning/day_clean.py for tasks to queue
[2025-09-15T11:09:22.201+0000] {logging_mixin.py:188} INFO - [2025-09-15T11:09:22.201+0000] {dagbag.py:540} INFO - Filling up the DagBag from /opt/airflow/dags/cleaning/day_clean.py
[2025-09-15T11:09:22.214+0000] {processor.py:842} WARNING - No viable dags retrieved from /opt/airflow/dags/cleaning/day_clean.py
[2025-09-15T11:09:22.229+0000] {processor.py:183} INFO - Processing /opt/airflow/dags/cleaning/day_clean.py took 0.036 seconds
[2025-09-15T11:09:53.010+0000] {processor.py:161} INFO - Started process (PID=8059) to work on /opt/airflow/dags/cleaning/day_clean.py
[2025-09-15T11:09:53.015+0000] {processor.py:830} INFO - Processing file /opt/airflow/dags/cleaning/day_clean.py for tasks to queue
[2025-09-15T11:09:53.018+0000] {logging_mixin.py:188} INFO - [2025-09-15T11:09:53.018+0000] {dagbag.py:540} INFO - Filling up the DagBag from /opt/airflow/dags/cleaning/day_clean.py
[2025-09-15T11:09:53.051+0000] {processor.py:842} WARNING - No viable dags retrieved from /opt/airflow/dags/cleaning/day_clean.py
[2025-09-15T11:09:53.087+0000] {processor.py:183} INFO - Processing /opt/airflow/dags/cleaning/day_clean.py took 0.106 seconds
[2025-09-15T11:10:23.538+0000] {processor.py:161} INFO - Started process (PID=8108) to work on /opt/airflow/dags/cleaning/day_clean.py
[2025-09-15T11:10:23.539+0000] {processor.py:830} INFO - Processing file /opt/airflow/dags/cleaning/day_clean.py for tasks to queue
[2025-09-15T11:10:23.540+0000] {logging_mixin.py:188} INFO - [2025-09-15T11:10:23.540+0000] {dagbag.py:540} INFO - Filling up the DagBag from /opt/airflow/dags/cleaning/day_clean.py
[2025-09-15T11:10:23.551+0000] {processor.py:842} WARNING - No viable dags retrieved from /opt/airflow/dags/cleaning/day_clean.py
[2025-09-15T11:10:23.568+0000] {processor.py:183} INFO - Processing /opt/airflow/dags/cleaning/day_clean.py took 0.035 seconds
[2025-09-15T11:10:53.988+0000] {processor.py:161} INFO - Started process (PID=8143) to work on /opt/airflow/dags/cleaning/day_clean.py
[2025-09-15T11:10:53.989+0000] {processor.py:830} INFO - Processing file /opt/airflow/dags/cleaning/day_clean.py for tasks to queue
[2025-09-15T11:10:53.990+0000] {logging_mixin.py:188} INFO - [2025-09-15T11:10:53.990+0000] {dagbag.py:540} INFO - Filling up the DagBag from /opt/airflow/dags/cleaning/day_clean.py
[2025-09-15T11:10:54.002+0000] {processor.py:842} WARNING - No viable dags retrieved from /opt/airflow/dags/cleaning/day_clean.py
[2025-09-15T11:10:54.016+0000] {processor.py:183} INFO - Processing /opt/airflow/dags/cleaning/day_clean.py took 0.034 seconds
[2025-09-15T11:11:24.535+0000] {processor.py:161} INFO - Started process (PID=8178) to work on /opt/airflow/dags/cleaning/day_clean.py
[2025-09-15T11:11:24.537+0000] {processor.py:830} INFO - Processing file /opt/airflow/dags/cleaning/day_clean.py for tasks to queue
[2025-09-15T11:11:24.537+0000] {logging_mixin.py:188} INFO - [2025-09-15T11:11:24.537+0000] {dagbag.py:540} INFO - Filling up the DagBag from /opt/airflow/dags/cleaning/day_clean.py
[2025-09-15T11:11:24.555+0000] {processor.py:842} WARNING - No viable dags retrieved from /opt/airflow/dags/cleaning/day_clean.py
[2025-09-15T11:11:24.571+0000] {processor.py:183} INFO - Processing /opt/airflow/dags/cleaning/day_clean.py took 0.041 seconds
[2025-09-15T11:11:55.144+0000] {processor.py:161} INFO - Started process (PID=8213) to work on /opt/airflow/dags/cleaning/day_clean.py
[2025-09-15T11:11:55.145+0000] {processor.py:830} INFO - Processing file /opt/airflow/dags/cleaning/day_clean.py for tasks to queue
[2025-09-15T11:11:55.146+0000] {logging_mixin.py:188} INFO - [2025-09-15T11:11:55.146+0000] {dagbag.py:540} INFO - Filling up the DagBag from /opt/airflow/dags/cleaning/day_clean.py
[2025-09-15T11:11:55.162+0000] {processor.py:842} WARNING - No viable dags retrieved from /opt/airflow/dags/cleaning/day_clean.py
[2025-09-15T11:11:55.178+0000] {processor.py:183} INFO - Processing /opt/airflow/dags/cleaning/day_clean.py took 0.047 seconds
[2025-09-15T11:12:25.800+0000] {processor.py:161} INFO - Started process (PID=8248) to work on /opt/airflow/dags/cleaning/day_clean.py
[2025-09-15T11:12:25.800+0000] {processor.py:830} INFO - Processing file /opt/airflow/dags/cleaning/day_clean.py for tasks to queue
[2025-09-15T11:12:25.801+0000] {logging_mixin.py:188} INFO - [2025-09-15T11:12:25.801+0000] {dagbag.py:540} INFO - Filling up the DagBag from /opt/airflow/dags/cleaning/day_clean.py
[2025-09-15T11:12:25.816+0000] {processor.py:842} WARNING - No viable dags retrieved from /opt/airflow/dags/cleaning/day_clean.py
[2025-09-15T11:12:25.831+0000] {processor.py:183} INFO - Processing /opt/airflow/dags/cleaning/day_clean.py took 0.037 seconds
[2025-09-15T11:12:56.253+0000] {processor.py:161} INFO - Started process (PID=8283) to work on /opt/airflow/dags/cleaning/day_clean.py
[2025-09-15T11:12:56.254+0000] {processor.py:830} INFO - Processing file /opt/airflow/dags/cleaning/day_clean.py for tasks to queue
[2025-09-15T11:12:56.255+0000] {logging_mixin.py:188} INFO - [2025-09-15T11:12:56.255+0000] {dagbag.py:540} INFO - Filling up the DagBag from /opt/airflow/dags/cleaning/day_clean.py
[2025-09-15T11:12:56.266+0000] {processor.py:842} WARNING - No viable dags retrieved from /opt/airflow/dags/cleaning/day_clean.py
[2025-09-15T11:12:56.281+0000] {processor.py:183} INFO - Processing /opt/airflow/dags/cleaning/day_clean.py took 0.034 seconds
[2025-09-15T11:13:26.792+0000] {processor.py:161} INFO - Started process (PID=8318) to work on /opt/airflow/dags/cleaning/day_clean.py
[2025-09-15T11:13:26.793+0000] {processor.py:830} INFO - Processing file /opt/airflow/dags/cleaning/day_clean.py for tasks to queue
[2025-09-15T11:13:26.794+0000] {logging_mixin.py:188} INFO - [2025-09-15T11:13:26.794+0000] {dagbag.py:540} INFO - Filling up the DagBag from /opt/airflow/dags/cleaning/day_clean.py
[2025-09-15T11:13:26.805+0000] {processor.py:842} WARNING - No viable dags retrieved from /opt/airflow/dags/cleaning/day_clean.py
[2025-09-15T11:13:26.820+0000] {processor.py:183} INFO - Processing /opt/airflow/dags/cleaning/day_clean.py took 0.033 seconds
[2025-09-15T11:13:57.736+0000] {processor.py:161} INFO - Started process (PID=8353) to work on /opt/airflow/dags/cleaning/day_clean.py
[2025-09-15T11:13:57.738+0000] {processor.py:830} INFO - Processing file /opt/airflow/dags/cleaning/day_clean.py for tasks to queue
[2025-09-15T11:13:57.740+0000] {logging_mixin.py:188} INFO - [2025-09-15T11:13:57.739+0000] {dagbag.py:540} INFO - Filling up the DagBag from /opt/airflow/dags/cleaning/day_clean.py
[2025-09-15T11:13:57.764+0000] {processor.py:842} WARNING - No viable dags retrieved from /opt/airflow/dags/cleaning/day_clean.py
[2025-09-15T11:13:57.784+0000] {processor.py:183} INFO - Processing /opt/airflow/dags/cleaning/day_clean.py took 0.057 seconds
[2025-09-15T11:14:27.884+0000] {processor.py:161} INFO - Started process (PID=8388) to work on /opt/airflow/dags/cleaning/day_clean.py
[2025-09-15T11:14:27.885+0000] {processor.py:830} INFO - Processing file /opt/airflow/dags/cleaning/day_clean.py for tasks to queue
[2025-09-15T11:14:27.886+0000] {logging_mixin.py:188} INFO - [2025-09-15T11:14:27.886+0000] {dagbag.py:540} INFO - Filling up the DagBag from /opt/airflow/dags/cleaning/day_clean.py
[2025-09-15T11:14:27.900+0000] {processor.py:842} WARNING - No viable dags retrieved from /opt/airflow/dags/cleaning/day_clean.py
[2025-09-15T11:14:27.922+0000] {processor.py:183} INFO - Processing /opt/airflow/dags/cleaning/day_clean.py took 0.044 seconds
[2025-09-15T11:14:58.234+0000] {processor.py:161} INFO - Started process (PID=8423) to work on /opt/airflow/dags/cleaning/day_clean.py
[2025-09-15T11:14:58.235+0000] {processor.py:830} INFO - Processing file /opt/airflow/dags/cleaning/day_clean.py for tasks to queue
[2025-09-15T11:14:58.236+0000] {logging_mixin.py:188} INFO - [2025-09-15T11:14:58.236+0000] {dagbag.py:540} INFO - Filling up the DagBag from /opt/airflow/dags/cleaning/day_clean.py
[2025-09-15T11:14:58.250+0000] {processor.py:842} WARNING - No viable dags retrieved from /opt/airflow/dags/cleaning/day_clean.py
[2025-09-15T11:14:58.266+0000] {processor.py:183} INFO - Processing /opt/airflow/dags/cleaning/day_clean.py took 0.038 seconds
[2025-09-15T11:15:29.032+0000] {processor.py:161} INFO - Started process (PID=8458) to work on /opt/airflow/dags/cleaning/day_clean.py
[2025-09-15T11:15:29.033+0000] {processor.py:830} INFO - Processing file /opt/airflow/dags/cleaning/day_clean.py for tasks to queue
[2025-09-15T11:15:29.034+0000] {logging_mixin.py:188} INFO - [2025-09-15T11:15:29.034+0000] {dagbag.py:540} INFO - Filling up the DagBag from /opt/airflow/dags/cleaning/day_clean.py
[2025-09-15T11:15:29.047+0000] {processor.py:842} WARNING - No viable dags retrieved from /opt/airflow/dags/cleaning/day_clean.py
[2025-09-15T11:15:29.063+0000] {processor.py:183} INFO - Processing /opt/airflow/dags/cleaning/day_clean.py took 0.038 seconds
[2025-09-15T11:15:59.767+0000] {processor.py:161} INFO - Started process (PID=8493) to work on /opt/airflow/dags/cleaning/day_clean.py
[2025-09-15T11:15:59.770+0000] {processor.py:830} INFO - Processing file /opt/airflow/dags/cleaning/day_clean.py for tasks to queue
[2025-09-15T11:15:59.771+0000] {logging_mixin.py:188} INFO - [2025-09-15T11:15:59.771+0000] {dagbag.py:540} INFO - Filling up the DagBag from /opt/airflow/dags/cleaning/day_clean.py
[2025-09-15T11:15:59.798+0000] {processor.py:842} WARNING - No viable dags retrieved from /opt/airflow/dags/cleaning/day_clean.py
[2025-09-15T11:15:59.816+0000] {processor.py:183} INFO - Processing /opt/airflow/dags/cleaning/day_clean.py took 0.058 seconds
[2025-09-15T11:16:30.493+0000] {processor.py:161} INFO - Started process (PID=8528) to work on /opt/airflow/dags/cleaning/day_clean.py
[2025-09-15T11:16:30.495+0000] {processor.py:830} INFO - Processing file /opt/airflow/dags/cleaning/day_clean.py for tasks to queue
[2025-09-15T11:16:30.495+0000] {logging_mixin.py:188} INFO - [2025-09-15T11:16:30.495+0000] {dagbag.py:540} INFO - Filling up the DagBag from /opt/airflow/dags/cleaning/day_clean.py
[2025-09-15T11:16:30.510+0000] {processor.py:842} WARNING - No viable dags retrieved from /opt/airflow/dags/cleaning/day_clean.py
[2025-09-15T11:16:30.526+0000] {processor.py:183} INFO - Processing /opt/airflow/dags/cleaning/day_clean.py took 0.039 seconds
[2025-09-15T11:17:01.279+0000] {processor.py:161} INFO - Started process (PID=8563) to work on /opt/airflow/dags/cleaning/day_clean.py
[2025-09-15T11:17:01.280+0000] {processor.py:830} INFO - Processing file /opt/airflow/dags/cleaning/day_clean.py for tasks to queue
[2025-09-15T11:17:01.281+0000] {logging_mixin.py:188} INFO - [2025-09-15T11:17:01.281+0000] {dagbag.py:540} INFO - Filling up the DagBag from /opt/airflow/dags/cleaning/day_clean.py
[2025-09-15T11:17:01.297+0000] {processor.py:842} WARNING - No viable dags retrieved from /opt/airflow/dags/cleaning/day_clean.py
[2025-09-15T11:17:01.320+0000] {processor.py:183} INFO - Processing /opt/airflow/dags/cleaning/day_clean.py took 0.047 seconds
[2025-09-15T11:17:31.922+0000] {processor.py:161} INFO - Started process (PID=8598) to work on /opt/airflow/dags/cleaning/day_clean.py
[2025-09-15T11:17:31.924+0000] {processor.py:830} INFO - Processing file /opt/airflow/dags/cleaning/day_clean.py for tasks to queue
[2025-09-15T11:17:31.925+0000] {logging_mixin.py:188} INFO - [2025-09-15T11:17:31.924+0000] {dagbag.py:540} INFO - Filling up the DagBag from /opt/airflow/dags/cleaning/day_clean.py
[2025-09-15T11:17:31.939+0000] {processor.py:842} WARNING - No viable dags retrieved from /opt/airflow/dags/cleaning/day_clean.py
[2025-09-15T11:17:31.954+0000] {processor.py:183} INFO - Processing /opt/airflow/dags/cleaning/day_clean.py took 0.038 seconds
[2025-09-15T11:18:02.476+0000] {processor.py:161} INFO - Started process (PID=8633) to work on /opt/airflow/dags/cleaning/day_clean.py
[2025-09-15T11:18:02.477+0000] {processor.py:830} INFO - Processing file /opt/airflow/dags/cleaning/day_clean.py for tasks to queue
[2025-09-15T11:18:02.478+0000] {logging_mixin.py:188} INFO - [2025-09-15T11:18:02.477+0000] {dagbag.py:540} INFO - Filling up the DagBag from /opt/airflow/dags/cleaning/day_clean.py
[2025-09-15T11:18:02.490+0000] {processor.py:842} WARNING - No viable dags retrieved from /opt/airflow/dags/cleaning/day_clean.py
[2025-09-15T11:18:02.512+0000] {processor.py:183} INFO - Processing /opt/airflow/dags/cleaning/day_clean.py took 0.042 seconds
[2025-09-15T11:18:32.996+0000] {processor.py:161} INFO - Started process (PID=8668) to work on /opt/airflow/dags/cleaning/day_clean.py
[2025-09-15T11:18:32.997+0000] {processor.py:830} INFO - Processing file /opt/airflow/dags/cleaning/day_clean.py for tasks to queue
[2025-09-15T11:18:32.998+0000] {logging_mixin.py:188} INFO - [2025-09-15T11:18:32.998+0000] {dagbag.py:540} INFO - Filling up the DagBag from /opt/airflow/dags/cleaning/day_clean.py
[2025-09-15T11:18:33.011+0000] {processor.py:842} WARNING - No viable dags retrieved from /opt/airflow/dags/cleaning/day_clean.py
[2025-09-15T11:18:33.033+0000] {processor.py:183} INFO - Processing /opt/airflow/dags/cleaning/day_clean.py took 0.043 seconds
[2025-09-15T11:19:03.472+0000] {processor.py:161} INFO - Started process (PID=8703) to work on /opt/airflow/dags/cleaning/day_clean.py
[2025-09-15T11:19:03.474+0000] {processor.py:830} INFO - Processing file /opt/airflow/dags/cleaning/day_clean.py for tasks to queue
[2025-09-15T11:19:03.474+0000] {logging_mixin.py:188} INFO - [2025-09-15T11:19:03.474+0000] {dagbag.py:540} INFO - Filling up the DagBag from /opt/airflow/dags/cleaning/day_clean.py
[2025-09-15T11:19:03.486+0000] {processor.py:842} WARNING - No viable dags retrieved from /opt/airflow/dags/cleaning/day_clean.py
[2025-09-15T11:19:03.503+0000] {processor.py:183} INFO - Processing /opt/airflow/dags/cleaning/day_clean.py took 0.037 seconds
[2025-09-15T11:19:34.005+0000] {processor.py:161} INFO - Started process (PID=8738) to work on /opt/airflow/dags/cleaning/day_clean.py
[2025-09-15T11:19:34.006+0000] {processor.py:830} INFO - Processing file /opt/airflow/dags/cleaning/day_clean.py for tasks to queue
[2025-09-15T11:19:34.007+0000] {logging_mixin.py:188} INFO - [2025-09-15T11:19:34.007+0000] {dagbag.py:540} INFO - Filling up the DagBag from /opt/airflow/dags/cleaning/day_clean.py
[2025-09-15T11:19:34.028+0000] {processor.py:842} WARNING - No viable dags retrieved from /opt/airflow/dags/cleaning/day_clean.py
[2025-09-15T11:19:34.052+0000] {processor.py:183} INFO - Processing /opt/airflow/dags/cleaning/day_clean.py took 0.053 seconds
[2025-09-15T11:20:04.648+0000] {processor.py:161} INFO - Started process (PID=8773) to work on /opt/airflow/dags/cleaning/day_clean.py
[2025-09-15T11:20:04.649+0000] {processor.py:830} INFO - Processing file /opt/airflow/dags/cleaning/day_clean.py for tasks to queue
[2025-09-15T11:20:04.650+0000] {logging_mixin.py:188} INFO - [2025-09-15T11:20:04.650+0000] {dagbag.py:540} INFO - Filling up the DagBag from /opt/airflow/dags/cleaning/day_clean.py
[2025-09-15T11:20:04.667+0000] {processor.py:842} WARNING - No viable dags retrieved from /opt/airflow/dags/cleaning/day_clean.py
[2025-09-15T11:20:04.680+0000] {processor.py:183} INFO - Processing /opt/airflow/dags/cleaning/day_clean.py took 0.038 seconds
[2025-09-15T11:20:35.318+0000] {processor.py:161} INFO - Started process (PID=8808) to work on /opt/airflow/dags/cleaning/day_clean.py
[2025-09-15T11:20:35.319+0000] {processor.py:830} INFO - Processing file /opt/airflow/dags/cleaning/day_clean.py for tasks to queue
[2025-09-15T11:20:35.320+0000] {logging_mixin.py:188} INFO - [2025-09-15T11:20:35.320+0000] {dagbag.py:540} INFO - Filling up the DagBag from /opt/airflow/dags/cleaning/day_clean.py
[2025-09-15T11:20:35.332+0000] {processor.py:842} WARNING - No viable dags retrieved from /opt/airflow/dags/cleaning/day_clean.py
[2025-09-15T11:20:35.348+0000] {processor.py:183} INFO - Processing /opt/airflow/dags/cleaning/day_clean.py took 0.035 seconds
[2025-09-15T11:21:05.726+0000] {processor.py:161} INFO - Started process (PID=8843) to work on /opt/airflow/dags/cleaning/day_clean.py
[2025-09-15T11:21:05.728+0000] {processor.py:830} INFO - Processing file /opt/airflow/dags/cleaning/day_clean.py for tasks to queue
[2025-09-15T11:21:05.729+0000] {logging_mixin.py:188} INFO - [2025-09-15T11:21:05.728+0000] {dagbag.py:540} INFO - Filling up the DagBag from /opt/airflow/dags/cleaning/day_clean.py
[2025-09-15T11:21:05.745+0000] {processor.py:842} WARNING - No viable dags retrieved from /opt/airflow/dags/cleaning/day_clean.py
[2025-09-15T11:21:05.762+0000] {processor.py:183} INFO - Processing /opt/airflow/dags/cleaning/day_clean.py took 0.041 seconds
[2025-09-15T11:21:36.242+0000] {processor.py:161} INFO - Started process (PID=8878) to work on /opt/airflow/dags/cleaning/day_clean.py
[2025-09-15T11:21:36.243+0000] {processor.py:830} INFO - Processing file /opt/airflow/dags/cleaning/day_clean.py for tasks to queue
[2025-09-15T11:21:36.244+0000] {logging_mixin.py:188} INFO - [2025-09-15T11:21:36.244+0000] {dagbag.py:540} INFO - Filling up the DagBag from /opt/airflow/dags/cleaning/day_clean.py
[2025-09-15T11:21:36.264+0000] {processor.py:842} WARNING - No viable dags retrieved from /opt/airflow/dags/cleaning/day_clean.py
[2025-09-15T11:21:36.286+0000] {processor.py:183} INFO - Processing /opt/airflow/dags/cleaning/day_clean.py took 0.052 seconds
[2025-09-15T11:22:06.754+0000] {processor.py:161} INFO - Started process (PID=8913) to work on /opt/airflow/dags/cleaning/day_clean.py
[2025-09-15T11:22:06.755+0000] {processor.py:830} INFO - Processing file /opt/airflow/dags/cleaning/day_clean.py for tasks to queue
[2025-09-15T11:22:06.756+0000] {logging_mixin.py:188} INFO - [2025-09-15T11:22:06.755+0000] {dagbag.py:540} INFO - Filling up the DagBag from /opt/airflow/dags/cleaning/day_clean.py
[2025-09-15T11:22:06.766+0000] {processor.py:842} WARNING - No viable dags retrieved from /opt/airflow/dags/cleaning/day_clean.py
[2025-09-15T11:22:06.784+0000] {processor.py:183} INFO - Processing /opt/airflow/dags/cleaning/day_clean.py took 0.036 seconds
[2025-09-15T11:22:37.363+0000] {processor.py:161} INFO - Started process (PID=8948) to work on /opt/airflow/dags/cleaning/day_clean.py
[2025-09-15T11:22:37.364+0000] {processor.py:830} INFO - Processing file /opt/airflow/dags/cleaning/day_clean.py for tasks to queue
[2025-09-15T11:22:37.366+0000] {logging_mixin.py:188} INFO - [2025-09-15T11:22:37.365+0000] {dagbag.py:540} INFO - Filling up the DagBag from /opt/airflow/dags/cleaning/day_clean.py
[2025-09-15T11:22:37.398+0000] {processor.py:842} WARNING - No viable dags retrieved from /opt/airflow/dags/cleaning/day_clean.py
[2025-09-15T11:22:37.416+0000] {processor.py:183} INFO - Processing /opt/airflow/dags/cleaning/day_clean.py took 0.059 seconds
[2025-09-15T11:23:07.874+0000] {processor.py:161} INFO - Started process (PID=8983) to work on /opt/airflow/dags/cleaning/day_clean.py
[2025-09-15T11:23:07.876+0000] {processor.py:830} INFO - Processing file /opt/airflow/dags/cleaning/day_clean.py for tasks to queue
[2025-09-15T11:23:07.876+0000] {logging_mixin.py:188} INFO - [2025-09-15T11:23:07.876+0000] {dagbag.py:540} INFO - Filling up the DagBag from /opt/airflow/dags/cleaning/day_clean.py
[2025-09-15T11:23:07.887+0000] {processor.py:842} WARNING - No viable dags retrieved from /opt/airflow/dags/cleaning/day_clean.py
[2025-09-15T11:23:07.902+0000] {processor.py:183} INFO - Processing /opt/airflow/dags/cleaning/day_clean.py took 0.033 seconds
[2025-09-15T11:23:38.383+0000] {processor.py:161} INFO - Started process (PID=9018) to work on /opt/airflow/dags/cleaning/day_clean.py
[2025-09-15T11:23:38.384+0000] {processor.py:830} INFO - Processing file /opt/airflow/dags/cleaning/day_clean.py for tasks to queue
[2025-09-15T11:23:38.385+0000] {logging_mixin.py:188} INFO - [2025-09-15T11:23:38.384+0000] {dagbag.py:540} INFO - Filling up the DagBag from /opt/airflow/dags/cleaning/day_clean.py
[2025-09-15T11:23:38.398+0000] {processor.py:842} WARNING - No viable dags retrieved from /opt/airflow/dags/cleaning/day_clean.py
[2025-09-15T11:23:38.414+0000] {processor.py:183} INFO - Processing /opt/airflow/dags/cleaning/day_clean.py took 0.037 seconds
[2025-09-15T11:24:08.873+0000] {processor.py:161} INFO - Started process (PID=9053) to work on /opt/airflow/dags/cleaning/day_clean.py
[2025-09-15T11:24:08.875+0000] {processor.py:830} INFO - Processing file /opt/airflow/dags/cleaning/day_clean.py for tasks to queue
[2025-09-15T11:24:08.876+0000] {logging_mixin.py:188} INFO - [2025-09-15T11:24:08.876+0000] {dagbag.py:540} INFO - Filling up the DagBag from /opt/airflow/dags/cleaning/day_clean.py
[2025-09-15T11:24:08.890+0000] {processor.py:842} WARNING - No viable dags retrieved from /opt/airflow/dags/cleaning/day_clean.py
[2025-09-15T11:24:08.907+0000] {processor.py:183} INFO - Processing /opt/airflow/dags/cleaning/day_clean.py took 0.039 seconds
[2025-09-15T11:24:39.376+0000] {processor.py:161} INFO - Started process (PID=9088) to work on /opt/airflow/dags/cleaning/day_clean.py
[2025-09-15T11:24:39.377+0000] {processor.py:830} INFO - Processing file /opt/airflow/dags/cleaning/day_clean.py for tasks to queue
[2025-09-15T11:24:39.378+0000] {logging_mixin.py:188} INFO - [2025-09-15T11:24:39.378+0000] {dagbag.py:540} INFO - Filling up the DagBag from /opt/airflow/dags/cleaning/day_clean.py
[2025-09-15T11:24:39.392+0000] {processor.py:842} WARNING - No viable dags retrieved from /opt/airflow/dags/cleaning/day_clean.py
[2025-09-15T11:24:39.407+0000] {processor.py:183} INFO - Processing /opt/airflow/dags/cleaning/day_clean.py took 0.045 seconds
[2025-09-15T11:25:09.913+0000] {processor.py:161} INFO - Started process (PID=9123) to work on /opt/airflow/dags/cleaning/day_clean.py
[2025-09-15T11:25:09.914+0000] {processor.py:830} INFO - Processing file /opt/airflow/dags/cleaning/day_clean.py for tasks to queue
[2025-09-15T11:25:09.915+0000] {logging_mixin.py:188} INFO - [2025-09-15T11:25:09.915+0000] {dagbag.py:540} INFO - Filling up the DagBag from /opt/airflow/dags/cleaning/day_clean.py
[2025-09-15T11:25:09.941+0000] {processor.py:842} WARNING - No viable dags retrieved from /opt/airflow/dags/cleaning/day_clean.py
[2025-09-15T11:25:09.963+0000] {processor.py:183} INFO - Processing /opt/airflow/dags/cleaning/day_clean.py took 0.057 seconds
[2025-09-15T11:25:40.547+0000] {processor.py:161} INFO - Started process (PID=9158) to work on /opt/airflow/dags/cleaning/day_clean.py
[2025-09-15T11:25:40.548+0000] {processor.py:830} INFO - Processing file /opt/airflow/dags/cleaning/day_clean.py for tasks to queue
[2025-09-15T11:25:40.549+0000] {logging_mixin.py:188} INFO - [2025-09-15T11:25:40.549+0000] {dagbag.py:540} INFO - Filling up the DagBag from /opt/airflow/dags/cleaning/day_clean.py
[2025-09-15T11:25:40.570+0000] {processor.py:842} WARNING - No viable dags retrieved from /opt/airflow/dags/cleaning/day_clean.py
[2025-09-15T11:25:40.587+0000] {processor.py:183} INFO - Processing /opt/airflow/dags/cleaning/day_clean.py took 0.047 seconds
[2025-09-15T11:26:10.947+0000] {processor.py:161} INFO - Started process (PID=9193) to work on /opt/airflow/dags/cleaning/day_clean.py
[2025-09-15T11:26:10.949+0000] {processor.py:830} INFO - Processing file /opt/airflow/dags/cleaning/day_clean.py for tasks to queue
[2025-09-15T11:26:10.950+0000] {logging_mixin.py:188} INFO - [2025-09-15T11:26:10.950+0000] {dagbag.py:540} INFO - Filling up the DagBag from /opt/airflow/dags/cleaning/day_clean.py
[2025-09-15T11:26:10.973+0000] {processor.py:842} WARNING - No viable dags retrieved from /opt/airflow/dags/cleaning/day_clean.py
[2025-09-15T11:26:10.991+0000] {processor.py:183} INFO - Processing /opt/airflow/dags/cleaning/day_clean.py took 0.054 seconds
[2025-09-15T11:26:41.497+0000] {processor.py:161} INFO - Started process (PID=9228) to work on /opt/airflow/dags/cleaning/day_clean.py
[2025-09-15T11:26:41.498+0000] {processor.py:830} INFO - Processing file /opt/airflow/dags/cleaning/day_clean.py for tasks to queue
[2025-09-15T11:26:41.499+0000] {logging_mixin.py:188} INFO - [2025-09-15T11:26:41.498+0000] {dagbag.py:540} INFO - Filling up the DagBag from /opt/airflow/dags/cleaning/day_clean.py
[2025-09-15T11:26:41.511+0000] {processor.py:842} WARNING - No viable dags retrieved from /opt/airflow/dags/cleaning/day_clean.py
[2025-09-15T11:26:41.527+0000] {processor.py:183} INFO - Processing /opt/airflow/dags/cleaning/day_clean.py took 0.037 seconds
[2025-09-15T11:27:12.294+0000] {processor.py:161} INFO - Started process (PID=9263) to work on /opt/airflow/dags/cleaning/day_clean.py
[2025-09-15T11:27:12.295+0000] {processor.py:830} INFO - Processing file /opt/airflow/dags/cleaning/day_clean.py for tasks to queue
[2025-09-15T11:27:12.296+0000] {logging_mixin.py:188} INFO - [2025-09-15T11:27:12.296+0000] {dagbag.py:540} INFO - Filling up the DagBag from /opt/airflow/dags/cleaning/day_clean.py
[2025-09-15T11:27:12.307+0000] {processor.py:842} WARNING - No viable dags retrieved from /opt/airflow/dags/cleaning/day_clean.py
[2025-09-15T11:27:12.324+0000] {processor.py:183} INFO - Processing /opt/airflow/dags/cleaning/day_clean.py took 0.036 seconds
[2025-09-15T11:27:42.918+0000] {processor.py:161} INFO - Started process (PID=9298) to work on /opt/airflow/dags/cleaning/day_clean.py
[2025-09-15T11:27:42.919+0000] {processor.py:830} INFO - Processing file /opt/airflow/dags/cleaning/day_clean.py for tasks to queue
[2025-09-15T11:27:42.920+0000] {logging_mixin.py:188} INFO - [2025-09-15T11:27:42.920+0000] {dagbag.py:540} INFO - Filling up the DagBag from /opt/airflow/dags/cleaning/day_clean.py
[2025-09-15T11:27:42.931+0000] {processor.py:842} WARNING - No viable dags retrieved from /opt/airflow/dags/cleaning/day_clean.py
[2025-09-15T11:27:42.947+0000] {processor.py:183} INFO - Processing /opt/airflow/dags/cleaning/day_clean.py took 0.034 seconds
[2025-09-15T11:28:13.471+0000] {processor.py:161} INFO - Started process (PID=9333) to work on /opt/airflow/dags/cleaning/day_clean.py
[2025-09-15T11:28:13.473+0000] {processor.py:830} INFO - Processing file /opt/airflow/dags/cleaning/day_clean.py for tasks to queue
[2025-09-15T11:28:13.474+0000] {logging_mixin.py:188} INFO - [2025-09-15T11:28:13.474+0000] {dagbag.py:540} INFO - Filling up the DagBag from /opt/airflow/dags/cleaning/day_clean.py
[2025-09-15T11:28:13.488+0000] {processor.py:842} WARNING - No viable dags retrieved from /opt/airflow/dags/cleaning/day_clean.py
[2025-09-15T11:28:13.507+0000] {processor.py:183} INFO - Processing /opt/airflow/dags/cleaning/day_clean.py took 0.045 seconds
[2025-09-15T11:28:43.946+0000] {processor.py:161} INFO - Started process (PID=9368) to work on /opt/airflow/dags/cleaning/day_clean.py
[2025-09-15T11:28:43.947+0000] {processor.py:830} INFO - Processing file /opt/airflow/dags/cleaning/day_clean.py for tasks to queue
[2025-09-15T11:28:43.948+0000] {logging_mixin.py:188} INFO - [2025-09-15T11:28:43.947+0000] {dagbag.py:540} INFO - Filling up the DagBag from /opt/airflow/dags/cleaning/day_clean.py
[2025-09-15T11:28:43.958+0000] {processor.py:842} WARNING - No viable dags retrieved from /opt/airflow/dags/cleaning/day_clean.py
[2025-09-15T11:28:43.973+0000] {processor.py:183} INFO - Processing /opt/airflow/dags/cleaning/day_clean.py took 0.033 seconds
[2025-09-15T11:29:14.422+0000] {processor.py:161} INFO - Started process (PID=9403) to work on /opt/airflow/dags/cleaning/day_clean.py
[2025-09-15T11:29:14.425+0000] {processor.py:830} INFO - Processing file /opt/airflow/dags/cleaning/day_clean.py for tasks to queue
[2025-09-15T11:29:14.427+0000] {logging_mixin.py:188} INFO - [2025-09-15T11:29:14.426+0000] {dagbag.py:540} INFO - Filling up the DagBag from /opt/airflow/dags/cleaning/day_clean.py
[2025-09-15T11:29:14.439+0000] {processor.py:842} WARNING - No viable dags retrieved from /opt/airflow/dags/cleaning/day_clean.py
[2025-09-15T11:29:14.456+0000] {processor.py:183} INFO - Processing /opt/airflow/dags/cleaning/day_clean.py took 0.046 seconds
[2025-09-15T11:29:45.493+0000] {processor.py:161} INFO - Started process (PID=9438) to work on /opt/airflow/dags/cleaning/day_clean.py
[2025-09-15T11:29:45.494+0000] {processor.py:830} INFO - Processing file /opt/airflow/dags/cleaning/day_clean.py for tasks to queue
[2025-09-15T11:29:45.494+0000] {logging_mixin.py:188} INFO - [2025-09-15T11:29:45.494+0000] {dagbag.py:540} INFO - Filling up the DagBag from /opt/airflow/dags/cleaning/day_clean.py
[2025-09-15T11:29:45.505+0000] {processor.py:842} WARNING - No viable dags retrieved from /opt/airflow/dags/cleaning/day_clean.py
[2025-09-15T11:29:45.525+0000] {processor.py:183} INFO - Processing /opt/airflow/dags/cleaning/day_clean.py took 0.037 seconds
[2025-09-15T11:30:15.987+0000] {processor.py:161} INFO - Started process (PID=9473) to work on /opt/airflow/dags/cleaning/day_clean.py
[2025-09-15T11:30:15.989+0000] {processor.py:830} INFO - Processing file /opt/airflow/dags/cleaning/day_clean.py for tasks to queue
[2025-09-15T11:30:15.989+0000] {logging_mixin.py:188} INFO - [2025-09-15T11:30:15.989+0000] {dagbag.py:540} INFO - Filling up the DagBag from /opt/airflow/dags/cleaning/day_clean.py
[2025-09-15T11:30:16.001+0000] {processor.py:842} WARNING - No viable dags retrieved from /opt/airflow/dags/cleaning/day_clean.py
[2025-09-15T11:30:16.016+0000] {processor.py:183} INFO - Processing /opt/airflow/dags/cleaning/day_clean.py took 0.035 seconds
[2025-09-15T11:30:46.393+0000] {processor.py:161} INFO - Started process (PID=9508) to work on /opt/airflow/dags/cleaning/day_clean.py
[2025-09-15T11:30:46.394+0000] {processor.py:830} INFO - Processing file /opt/airflow/dags/cleaning/day_clean.py for tasks to queue
[2025-09-15T11:30:46.395+0000] {logging_mixin.py:188} INFO - [2025-09-15T11:30:46.394+0000] {dagbag.py:540} INFO - Filling up the DagBag from /opt/airflow/dags/cleaning/day_clean.py
[2025-09-15T11:30:46.407+0000] {processor.py:842} WARNING - No viable dags retrieved from /opt/airflow/dags/cleaning/day_clean.py
[2025-09-15T11:30:46.428+0000] {processor.py:183} INFO - Processing /opt/airflow/dags/cleaning/day_clean.py took 0.040 seconds
[2025-09-15T11:31:17.003+0000] {processor.py:161} INFO - Started process (PID=9543) to work on /opt/airflow/dags/cleaning/day_clean.py
[2025-09-15T11:31:17.004+0000] {processor.py:830} INFO - Processing file /opt/airflow/dags/cleaning/day_clean.py for tasks to queue
[2025-09-15T11:31:17.005+0000] {logging_mixin.py:188} INFO - [2025-09-15T11:31:17.005+0000] {dagbag.py:540} INFO - Filling up the DagBag from /opt/airflow/dags/cleaning/day_clean.py
[2025-09-15T11:31:17.017+0000] {processor.py:842} WARNING - No viable dags retrieved from /opt/airflow/dags/cleaning/day_clean.py
[2025-09-15T11:31:17.033+0000] {processor.py:183} INFO - Processing /opt/airflow/dags/cleaning/day_clean.py took 0.035 seconds
[2025-09-15T11:31:47.518+0000] {processor.py:161} INFO - Started process (PID=9578) to work on /opt/airflow/dags/cleaning/day_clean.py
[2025-09-15T11:31:47.519+0000] {processor.py:830} INFO - Processing file /opt/airflow/dags/cleaning/day_clean.py for tasks to queue
[2025-09-15T11:31:47.520+0000] {logging_mixin.py:188} INFO - [2025-09-15T11:31:47.520+0000] {dagbag.py:540} INFO - Filling up the DagBag from /opt/airflow/dags/cleaning/day_clean.py
[2025-09-15T11:31:47.531+0000] {processor.py:842} WARNING - No viable dags retrieved from /opt/airflow/dags/cleaning/day_clean.py
[2025-09-15T11:31:47.546+0000] {processor.py:183} INFO - Processing /opt/airflow/dags/cleaning/day_clean.py took 0.033 seconds
[2025-09-15T11:32:18.003+0000] {processor.py:161} INFO - Started process (PID=9613) to work on /opt/airflow/dags/cleaning/day_clean.py
[2025-09-15T11:32:18.004+0000] {processor.py:830} INFO - Processing file /opt/airflow/dags/cleaning/day_clean.py for tasks to queue
[2025-09-15T11:32:18.005+0000] {logging_mixin.py:188} INFO - [2025-09-15T11:32:18.005+0000] {dagbag.py:540} INFO - Filling up the DagBag from /opt/airflow/dags/cleaning/day_clean.py
[2025-09-15T11:32:18.016+0000] {processor.py:842} WARNING - No viable dags retrieved from /opt/airflow/dags/cleaning/day_clean.py
[2025-09-15T11:32:18.032+0000] {processor.py:183} INFO - Processing /opt/airflow/dags/cleaning/day_clean.py took 0.034 seconds
[2025-09-15T11:32:48.435+0000] {processor.py:161} INFO - Started process (PID=9648) to work on /opt/airflow/dags/cleaning/day_clean.py
[2025-09-15T11:32:48.436+0000] {processor.py:830} INFO - Processing file /opt/airflow/dags/cleaning/day_clean.py for tasks to queue
[2025-09-15T11:32:48.437+0000] {logging_mixin.py:188} INFO - [2025-09-15T11:32:48.436+0000] {dagbag.py:540} INFO - Filling up the DagBag from /opt/airflow/dags/cleaning/day_clean.py
[2025-09-15T11:32:48.449+0000] {processor.py:842} WARNING - No viable dags retrieved from /opt/airflow/dags/cleaning/day_clean.py
[2025-09-15T11:32:48.464+0000] {processor.py:183} INFO - Processing /opt/airflow/dags/cleaning/day_clean.py took 0.034 seconds
[2025-09-15T11:33:18.963+0000] {processor.py:161} INFO - Started process (PID=9683) to work on /opt/airflow/dags/cleaning/day_clean.py
[2025-09-15T11:33:18.964+0000] {processor.py:830} INFO - Processing file /opt/airflow/dags/cleaning/day_clean.py for tasks to queue
[2025-09-15T11:33:18.965+0000] {logging_mixin.py:188} INFO - [2025-09-15T11:33:18.964+0000] {dagbag.py:540} INFO - Filling up the DagBag from /opt/airflow/dags/cleaning/day_clean.py
[2025-09-15T11:33:18.975+0000] {processor.py:842} WARNING - No viable dags retrieved from /opt/airflow/dags/cleaning/day_clean.py
[2025-09-15T11:33:18.990+0000] {processor.py:183} INFO - Processing /opt/airflow/dags/cleaning/day_clean.py took 0.033 seconds
[2025-09-15T11:33:49.687+0000] {processor.py:161} INFO - Started process (PID=9718) to work on /opt/airflow/dags/cleaning/day_clean.py
[2025-09-15T11:33:49.689+0000] {processor.py:830} INFO - Processing file /opt/airflow/dags/cleaning/day_clean.py for tasks to queue
[2025-09-15T11:33:49.692+0000] {logging_mixin.py:188} INFO - [2025-09-15T11:33:49.691+0000] {dagbag.py:540} INFO - Filling up the DagBag from /opt/airflow/dags/cleaning/day_clean.py
[2025-09-15T11:33:49.731+0000] {processor.py:842} WARNING - No viable dags retrieved from /opt/airflow/dags/cleaning/day_clean.py
[2025-09-15T11:33:49.784+0000] {processor.py:183} INFO - Processing /opt/airflow/dags/cleaning/day_clean.py took 0.107 seconds
[2025-09-15T11:34:20.304+0000] {processor.py:161} INFO - Started process (PID=9753) to work on /opt/airflow/dags/cleaning/day_clean.py
[2025-09-15T11:34:20.305+0000] {processor.py:830} INFO - Processing file /opt/airflow/dags/cleaning/day_clean.py for tasks to queue
[2025-09-15T11:34:20.306+0000] {logging_mixin.py:188} INFO - [2025-09-15T11:34:20.306+0000] {dagbag.py:540} INFO - Filling up the DagBag from /opt/airflow/dags/cleaning/day_clean.py
[2025-09-15T11:34:20.320+0000] {processor.py:842} WARNING - No viable dags retrieved from /opt/airflow/dags/cleaning/day_clean.py
[2025-09-15T11:34:20.336+0000] {processor.py:183} INFO - Processing /opt/airflow/dags/cleaning/day_clean.py took 0.039 seconds
[2025-09-15T11:34:51.066+0000] {processor.py:161} INFO - Started process (PID=9788) to work on /opt/airflow/dags/cleaning/day_clean.py
[2025-09-15T11:34:51.068+0000] {processor.py:830} INFO - Processing file /opt/airflow/dags/cleaning/day_clean.py for tasks to queue
[2025-09-15T11:34:51.069+0000] {logging_mixin.py:188} INFO - [2025-09-15T11:34:51.068+0000] {dagbag.py:540} INFO - Filling up the DagBag from /opt/airflow/dags/cleaning/day_clean.py
[2025-09-15T11:34:51.085+0000] {processor.py:842} WARNING - No viable dags retrieved from /opt/airflow/dags/cleaning/day_clean.py
[2025-09-15T11:34:51.108+0000] {processor.py:183} INFO - Processing /opt/airflow/dags/cleaning/day_clean.py took 0.048 seconds
[2025-09-15T11:35:21.728+0000] {processor.py:161} INFO - Started process (PID=9823) to work on /opt/airflow/dags/cleaning/day_clean.py
[2025-09-15T11:35:21.732+0000] {processor.py:830} INFO - Processing file /opt/airflow/dags/cleaning/day_clean.py for tasks to queue
[2025-09-15T11:35:21.735+0000] {logging_mixin.py:188} INFO - [2025-09-15T11:35:21.734+0000] {dagbag.py:540} INFO - Filling up the DagBag from /opt/airflow/dags/cleaning/day_clean.py
[2025-09-15T11:35:21.766+0000] {processor.py:842} WARNING - No viable dags retrieved from /opt/airflow/dags/cleaning/day_clean.py
[2025-09-15T11:35:21.803+0000] {processor.py:183} INFO - Processing /opt/airflow/dags/cleaning/day_clean.py took 0.091 seconds
[2025-09-15T11:35:52.310+0000] {processor.py:161} INFO - Started process (PID=9858) to work on /opt/airflow/dags/cleaning/day_clean.py
[2025-09-15T11:35:52.311+0000] {processor.py:830} INFO - Processing file /opt/airflow/dags/cleaning/day_clean.py for tasks to queue
[2025-09-15T11:35:52.312+0000] {logging_mixin.py:188} INFO - [2025-09-15T11:35:52.312+0000] {dagbag.py:540} INFO - Filling up the DagBag from /opt/airflow/dags/cleaning/day_clean.py
[2025-09-15T11:35:52.337+0000] {processor.py:842} WARNING - No viable dags retrieved from /opt/airflow/dags/cleaning/day_clean.py
[2025-09-15T11:35:52.356+0000] {processor.py:183} INFO - Processing /opt/airflow/dags/cleaning/day_clean.py took 0.052 seconds
[2025-09-15T11:36:22.662+0000] {processor.py:161} INFO - Started process (PID=9893) to work on /opt/airflow/dags/cleaning/day_clean.py
[2025-09-15T11:36:22.663+0000] {processor.py:830} INFO - Processing file /opt/airflow/dags/cleaning/day_clean.py for tasks to queue
[2025-09-15T11:36:22.665+0000] {logging_mixin.py:188} INFO - [2025-09-15T11:36:22.665+0000] {dagbag.py:540} INFO - Filling up the DagBag from /opt/airflow/dags/cleaning/day_clean.py
[2025-09-15T11:36:22.720+0000] {processor.py:842} WARNING - No viable dags retrieved from /opt/airflow/dags/cleaning/day_clean.py
[2025-09-15T11:36:22.759+0000] {processor.py:183} INFO - Processing /opt/airflow/dags/cleaning/day_clean.py took 0.109 seconds
[2025-09-15T11:36:53.213+0000] {processor.py:161} INFO - Started process (PID=9928) to work on /opt/airflow/dags/cleaning/day_clean.py
[2025-09-15T11:36:53.218+0000] {processor.py:830} INFO - Processing file /opt/airflow/dags/cleaning/day_clean.py for tasks to queue
[2025-09-15T11:36:53.221+0000] {logging_mixin.py:188} INFO - [2025-09-15T11:36:53.221+0000] {dagbag.py:540} INFO - Filling up the DagBag from /opt/airflow/dags/cleaning/day_clean.py
[2025-09-15T11:36:53.272+0000] {processor.py:842} WARNING - No viable dags retrieved from /opt/airflow/dags/cleaning/day_clean.py
[2025-09-15T11:36:53.344+0000] {processor.py:183} INFO - Processing /opt/airflow/dags/cleaning/day_clean.py took 0.161 seconds
[2025-09-15T11:37:23.954+0000] {processor.py:161} INFO - Started process (PID=9963) to work on /opt/airflow/dags/cleaning/day_clean.py
[2025-09-15T11:37:23.955+0000] {processor.py:830} INFO - Processing file /opt/airflow/dags/cleaning/day_clean.py for tasks to queue
[2025-09-15T11:37:23.956+0000] {logging_mixin.py:188} INFO - [2025-09-15T11:37:23.956+0000] {dagbag.py:540} INFO - Filling up the DagBag from /opt/airflow/dags/cleaning/day_clean.py
[2025-09-15T11:37:23.969+0000] {processor.py:842} WARNING - No viable dags retrieved from /opt/airflow/dags/cleaning/day_clean.py
[2025-09-15T11:37:23.986+0000] {processor.py:183} INFO - Processing /opt/airflow/dags/cleaning/day_clean.py took 0.040 seconds
[2025-09-15T11:37:54.442+0000] {processor.py:161} INFO - Started process (PID=9998) to work on /opt/airflow/dags/cleaning/day_clean.py
[2025-09-15T11:37:54.443+0000] {processor.py:830} INFO - Processing file /opt/airflow/dags/cleaning/day_clean.py for tasks to queue
[2025-09-15T11:37:54.444+0000] {logging_mixin.py:188} INFO - [2025-09-15T11:37:54.443+0000] {dagbag.py:540} INFO - Filling up the DagBag from /opt/airflow/dags/cleaning/day_clean.py
[2025-09-15T11:37:54.456+0000] {processor.py:842} WARNING - No viable dags retrieved from /opt/airflow/dags/cleaning/day_clean.py
[2025-09-15T11:37:54.472+0000] {processor.py:183} INFO - Processing /opt/airflow/dags/cleaning/day_clean.py took 0.036 seconds
[2025-09-15T11:38:25.011+0000] {processor.py:161} INFO - Started process (PID=10033) to work on /opt/airflow/dags/cleaning/day_clean.py
[2025-09-15T11:38:25.013+0000] {processor.py:830} INFO - Processing file /opt/airflow/dags/cleaning/day_clean.py for tasks to queue
[2025-09-15T11:38:25.014+0000] {logging_mixin.py:188} INFO - [2025-09-15T11:38:25.013+0000] {dagbag.py:540} INFO - Filling up the DagBag from /opt/airflow/dags/cleaning/day_clean.py
[2025-09-15T11:38:25.028+0000] {processor.py:842} WARNING - No viable dags retrieved from /opt/airflow/dags/cleaning/day_clean.py
[2025-09-15T11:38:25.044+0000] {processor.py:183} INFO - Processing /opt/airflow/dags/cleaning/day_clean.py took 0.038 seconds
[2025-09-15T11:38:55.622+0000] {processor.py:161} INFO - Started process (PID=10068) to work on /opt/airflow/dags/cleaning/day_clean.py
[2025-09-15T11:38:55.623+0000] {processor.py:830} INFO - Processing file /opt/airflow/dags/cleaning/day_clean.py for tasks to queue
[2025-09-15T11:38:55.624+0000] {logging_mixin.py:188} INFO - [2025-09-15T11:38:55.624+0000] {dagbag.py:540} INFO - Filling up the DagBag from /opt/airflow/dags/cleaning/day_clean.py
[2025-09-15T11:38:55.641+0000] {processor.py:842} WARNING - No viable dags retrieved from /opt/airflow/dags/cleaning/day_clean.py
[2025-09-15T11:38:55.658+0000] {processor.py:183} INFO - Processing /opt/airflow/dags/cleaning/day_clean.py took 0.042 seconds
