[2025-09-15T06:01:11.851+0000] {processor.py:161} INFO - Started process (PID=180) to work on /opt/airflow/dags/cleaning/hour_clean.py
[2025-09-15T06:01:11.853+0000] {processor.py:830} INFO - Processing file /opt/airflow/dags/cleaning/hour_clean.py for tasks to queue
[2025-09-15T06:01:11.857+0000] {logging_mixin.py:188} INFO - [2025-09-15T06:01:11.856+0000] {dagbag.py:540} INFO - Filling up the DagBag from /opt/airflow/dags/cleaning/hour_clean.py
[2025-09-15T06:01:11.875+0000] {processor.py:842} WARNING - No viable dags retrieved from /opt/airflow/dags/cleaning/hour_clean.py
[2025-09-15T06:01:12.072+0000] {processor.py:183} INFO - Processing /opt/airflow/dags/cleaning/hour_clean.py took 0.233 seconds
[2025-09-15T06:01:43.123+0000] {processor.py:161} INFO - Started process (PID=215) to work on /opt/airflow/dags/cleaning/hour_clean.py
[2025-09-15T06:01:43.129+0000] {processor.py:830} INFO - Processing file /opt/airflow/dags/cleaning/hour_clean.py for tasks to queue
[2025-09-15T06:01:43.144+0000] {logging_mixin.py:188} INFO - [2025-09-15T06:01:43.142+0000] {dagbag.py:540} INFO - Filling up the DagBag from /opt/airflow/dags/cleaning/hour_clean.py
[2025-09-15T06:01:43.171+0000] {processor.py:842} WARNING - No viable dags retrieved from /opt/airflow/dags/cleaning/hour_clean.py
[2025-09-15T06:01:43.273+0000] {processor.py:183} INFO - Processing /opt/airflow/dags/cleaning/hour_clean.py took 0.219 seconds
[2025-09-15T06:02:13.572+0000] {processor.py:161} INFO - Started process (PID=262) to work on /opt/airflow/dags/cleaning/hour_clean.py
[2025-09-15T06:02:13.575+0000] {processor.py:830} INFO - Processing file /opt/airflow/dags/cleaning/hour_clean.py for tasks to queue
[2025-09-15T06:02:13.578+0000] {logging_mixin.py:188} INFO - [2025-09-15T06:02:13.577+0000] {dagbag.py:540} INFO - Filling up the DagBag from /opt/airflow/dags/cleaning/hour_clean.py
[2025-09-15T06:02:13.597+0000] {processor.py:842} WARNING - No viable dags retrieved from /opt/airflow/dags/cleaning/hour_clean.py
[2025-09-15T06:02:13.637+0000] {processor.py:183} INFO - Processing /opt/airflow/dags/cleaning/hour_clean.py took 0.080 seconds
[2025-09-15T06:02:43.749+0000] {processor.py:161} INFO - Started process (PID=285) to work on /opt/airflow/dags/cleaning/hour_clean.py
[2025-09-15T06:02:43.750+0000] {processor.py:830} INFO - Processing file /opt/airflow/dags/cleaning/hour_clean.py for tasks to queue
[2025-09-15T06:02:43.752+0000] {logging_mixin.py:188} INFO - [2025-09-15T06:02:43.752+0000] {dagbag.py:540} INFO - Filling up the DagBag from /opt/airflow/dags/cleaning/hour_clean.py
[2025-09-15T06:02:43.765+0000] {processor.py:842} WARNING - No viable dags retrieved from /opt/airflow/dags/cleaning/hour_clean.py
[2025-09-15T06:02:43.780+0000] {processor.py:183} INFO - Processing /opt/airflow/dags/cleaning/hour_clean.py took 0.036 seconds
[2025-09-15T06:03:14.343+0000] {processor.py:161} INFO - Started process (PID=324) to work on /opt/airflow/dags/cleaning/hour_clean.py
[2025-09-15T06:03:14.344+0000] {processor.py:830} INFO - Processing file /opt/airflow/dags/cleaning/hour_clean.py for tasks to queue
[2025-09-15T06:03:14.348+0000] {logging_mixin.py:188} INFO - [2025-09-15T06:03:14.347+0000] {dagbag.py:540} INFO - Filling up the DagBag from /opt/airflow/dags/cleaning/hour_clean.py
[2025-09-15T06:03:14.426+0000] {processor.py:842} WARNING - No viable dags retrieved from /opt/airflow/dags/cleaning/hour_clean.py
[2025-09-15T06:03:14.479+0000] {processor.py:183} INFO - Processing /opt/airflow/dags/cleaning/hour_clean.py took 0.143 seconds
[2025-09-15T06:03:44.653+0000] {processor.py:161} INFO - Started process (PID=356) to work on /opt/airflow/dags/cleaning/hour_clean.py
[2025-09-15T06:03:44.656+0000] {processor.py:830} INFO - Processing file /opt/airflow/dags/cleaning/hour_clean.py for tasks to queue
[2025-09-15T06:03:44.659+0000] {logging_mixin.py:188} INFO - [2025-09-15T06:03:44.658+0000] {dagbag.py:540} INFO - Filling up the DagBag from /opt/airflow/dags/cleaning/hour_clean.py
[2025-09-15T06:03:44.679+0000] {processor.py:842} WARNING - No viable dags retrieved from /opt/airflow/dags/cleaning/hour_clean.py
[2025-09-15T06:03:44.706+0000] {processor.py:183} INFO - Processing /opt/airflow/dags/cleaning/hour_clean.py took 0.066 seconds
[2025-09-15T06:04:14.915+0000] {processor.py:161} INFO - Started process (PID=391) to work on /opt/airflow/dags/cleaning/hour_clean.py
[2025-09-15T06:04:14.919+0000] {processor.py:830} INFO - Processing file /opt/airflow/dags/cleaning/hour_clean.py for tasks to queue
[2025-09-15T06:04:14.927+0000] {logging_mixin.py:188} INFO - [2025-09-15T06:04:14.927+0000] {dagbag.py:540} INFO - Filling up the DagBag from /opt/airflow/dags/cleaning/hour_clean.py
[2025-09-15T06:04:14.945+0000] {processor.py:842} WARNING - No viable dags retrieved from /opt/airflow/dags/cleaning/hour_clean.py
[2025-09-15T06:04:14.972+0000] {processor.py:183} INFO - Processing /opt/airflow/dags/cleaning/hour_clean.py took 0.082 seconds
[2025-09-15T06:04:45.083+0000] {processor.py:161} INFO - Started process (PID=426) to work on /opt/airflow/dags/cleaning/hour_clean.py
[2025-09-15T06:04:45.086+0000] {processor.py:830} INFO - Processing file /opt/airflow/dags/cleaning/hour_clean.py for tasks to queue
[2025-09-15T06:04:45.093+0000] {logging_mixin.py:188} INFO - [2025-09-15T06:04:45.092+0000] {dagbag.py:540} INFO - Filling up the DagBag from /opt/airflow/dags/cleaning/hour_clean.py
[2025-09-15T06:04:45.121+0000] {processor.py:842} WARNING - No viable dags retrieved from /opt/airflow/dags/cleaning/hour_clean.py
[2025-09-15T06:04:45.173+0000] {processor.py:183} INFO - Processing /opt/airflow/dags/cleaning/hour_clean.py took 0.117 seconds
[2025-09-15T06:05:15.329+0000] {processor.py:161} INFO - Started process (PID=461) to work on /opt/airflow/dags/cleaning/hour_clean.py
[2025-09-15T06:05:15.330+0000] {processor.py:830} INFO - Processing file /opt/airflow/dags/cleaning/hour_clean.py for tasks to queue
[2025-09-15T06:05:15.332+0000] {logging_mixin.py:188} INFO - [2025-09-15T06:05:15.331+0000] {dagbag.py:540} INFO - Filling up the DagBag from /opt/airflow/dags/cleaning/hour_clean.py
[2025-09-15T06:05:15.346+0000] {processor.py:842} WARNING - No viable dags retrieved from /opt/airflow/dags/cleaning/hour_clean.py
[2025-09-15T06:05:15.364+0000] {processor.py:183} INFO - Processing /opt/airflow/dags/cleaning/hour_clean.py took 0.041 seconds
[2025-09-15T06:05:45.979+0000] {processor.py:161} INFO - Started process (PID=496) to work on /opt/airflow/dags/cleaning/hour_clean.py
[2025-09-15T06:05:45.980+0000] {processor.py:830} INFO - Processing file /opt/airflow/dags/cleaning/hour_clean.py for tasks to queue
[2025-09-15T06:05:45.983+0000] {logging_mixin.py:188} INFO - [2025-09-15T06:05:45.983+0000] {dagbag.py:540} INFO - Filling up the DagBag from /opt/airflow/dags/cleaning/hour_clean.py
[2025-09-15T06:05:46.005+0000] {processor.py:842} WARNING - No viable dags retrieved from /opt/airflow/dags/cleaning/hour_clean.py
[2025-09-15T06:05:46.036+0000] {processor.py:183} INFO - Processing /opt/airflow/dags/cleaning/hour_clean.py took 0.065 seconds
[2025-09-15T06:06:16.964+0000] {processor.py:161} INFO - Started process (PID=531) to work on /opt/airflow/dags/cleaning/hour_clean.py
[2025-09-15T06:06:16.966+0000] {processor.py:830} INFO - Processing file /opt/airflow/dags/cleaning/hour_clean.py for tasks to queue
[2025-09-15T06:06:16.969+0000] {logging_mixin.py:188} INFO - [2025-09-15T06:06:16.969+0000] {dagbag.py:540} INFO - Filling up the DagBag from /opt/airflow/dags/cleaning/hour_clean.py
[2025-09-15T06:06:16.987+0000] {processor.py:842} WARNING - No viable dags retrieved from /opt/airflow/dags/cleaning/hour_clean.py
[2025-09-15T06:06:17.005+0000] {processor.py:183} INFO - Processing /opt/airflow/dags/cleaning/hour_clean.py took 0.050 seconds
[2025-09-15T06:06:47.795+0000] {processor.py:161} INFO - Started process (PID=566) to work on /opt/airflow/dags/cleaning/hour_clean.py
[2025-09-15T06:06:47.796+0000] {processor.py:830} INFO - Processing file /opt/airflow/dags/cleaning/hour_clean.py for tasks to queue
[2025-09-15T06:06:47.797+0000] {logging_mixin.py:188} INFO - [2025-09-15T06:06:47.797+0000] {dagbag.py:540} INFO - Filling up the DagBag from /opt/airflow/dags/cleaning/hour_clean.py
[2025-09-15T06:06:47.807+0000] {processor.py:842} WARNING - No viable dags retrieved from /opt/airflow/dags/cleaning/hour_clean.py
[2025-09-15T06:06:47.820+0000] {processor.py:183} INFO - Processing /opt/airflow/dags/cleaning/hour_clean.py took 0.030 seconds
[2025-09-15T06:07:18.274+0000] {processor.py:161} INFO - Started process (PID=601) to work on /opt/airflow/dags/cleaning/hour_clean.py
[2025-09-15T06:07:18.275+0000] {processor.py:830} INFO - Processing file /opt/airflow/dags/cleaning/hour_clean.py for tasks to queue
[2025-09-15T06:07:18.278+0000] {logging_mixin.py:188} INFO - [2025-09-15T06:07:18.277+0000] {dagbag.py:540} INFO - Filling up the DagBag from /opt/airflow/dags/cleaning/hour_clean.py
[2025-09-15T06:07:18.290+0000] {processor.py:842} WARNING - No viable dags retrieved from /opt/airflow/dags/cleaning/hour_clean.py
[2025-09-15T06:07:18.306+0000] {processor.py:183} INFO - Processing /opt/airflow/dags/cleaning/hour_clean.py took 0.038 seconds
[2025-09-15T06:07:48.898+0000] {processor.py:161} INFO - Started process (PID=636) to work on /opt/airflow/dags/cleaning/hour_clean.py
[2025-09-15T06:07:48.900+0000] {processor.py:830} INFO - Processing file /opt/airflow/dags/cleaning/hour_clean.py for tasks to queue
[2025-09-15T06:07:48.903+0000] {logging_mixin.py:188} INFO - [2025-09-15T06:07:48.903+0000] {dagbag.py:540} INFO - Filling up the DagBag from /opt/airflow/dags/cleaning/hour_clean.py
[2025-09-15T06:07:48.919+0000] {processor.py:842} WARNING - No viable dags retrieved from /opt/airflow/dags/cleaning/hour_clean.py
[2025-09-15T06:07:48.936+0000] {processor.py:183} INFO - Processing /opt/airflow/dags/cleaning/hour_clean.py took 0.044 seconds
[2025-09-15T06:08:19.555+0000] {processor.py:161} INFO - Started process (PID=671) to work on /opt/airflow/dags/cleaning/hour_clean.py
[2025-09-15T06:08:19.556+0000] {processor.py:830} INFO - Processing file /opt/airflow/dags/cleaning/hour_clean.py for tasks to queue
[2025-09-15T06:08:19.558+0000] {logging_mixin.py:188} INFO - [2025-09-15T06:08:19.558+0000] {dagbag.py:540} INFO - Filling up the DagBag from /opt/airflow/dags/cleaning/hour_clean.py
[2025-09-15T06:08:19.570+0000] {processor.py:842} WARNING - No viable dags retrieved from /opt/airflow/dags/cleaning/hour_clean.py
[2025-09-15T06:08:19.584+0000] {processor.py:183} INFO - Processing /opt/airflow/dags/cleaning/hour_clean.py took 0.034 seconds
[2025-09-15T06:08:50.542+0000] {processor.py:161} INFO - Started process (PID=706) to work on /opt/airflow/dags/cleaning/hour_clean.py
[2025-09-15T06:08:50.549+0000] {processor.py:830} INFO - Processing file /opt/airflow/dags/cleaning/hour_clean.py for tasks to queue
[2025-09-15T06:08:50.585+0000] {logging_mixin.py:188} INFO - [2025-09-15T06:08:50.576+0000] {dagbag.py:540} INFO - Filling up the DagBag from /opt/airflow/dags/cleaning/hour_clean.py
[2025-09-15T06:08:50.634+0000] {processor.py:842} WARNING - No viable dags retrieved from /opt/airflow/dags/cleaning/hour_clean.py
[2025-09-15T06:08:50.757+0000] {processor.py:183} INFO - Processing /opt/airflow/dags/cleaning/hour_clean.py took 0.266 seconds
[2025-09-15T06:09:21.115+0000] {processor.py:161} INFO - Started process (PID=741) to work on /opt/airflow/dags/cleaning/hour_clean.py
[2025-09-15T06:09:21.120+0000] {processor.py:830} INFO - Processing file /opt/airflow/dags/cleaning/hour_clean.py for tasks to queue
[2025-09-15T06:09:21.130+0000] {logging_mixin.py:188} INFO - [2025-09-15T06:09:21.129+0000] {dagbag.py:540} INFO - Filling up the DagBag from /opt/airflow/dags/cleaning/hour_clean.py
[2025-09-15T06:09:21.163+0000] {processor.py:842} WARNING - No viable dags retrieved from /opt/airflow/dags/cleaning/hour_clean.py
[2025-09-15T06:09:21.214+0000] {processor.py:183} INFO - Processing /opt/airflow/dags/cleaning/hour_clean.py took 0.127 seconds
[2025-09-15T06:09:51.427+0000] {processor.py:161} INFO - Started process (PID=776) to work on /opt/airflow/dags/cleaning/hour_clean.py
[2025-09-15T06:09:51.429+0000] {processor.py:830} INFO - Processing file /opt/airflow/dags/cleaning/hour_clean.py for tasks to queue
[2025-09-15T06:09:51.432+0000] {logging_mixin.py:188} INFO - [2025-09-15T06:09:51.432+0000] {dagbag.py:540} INFO - Filling up the DagBag from /opt/airflow/dags/cleaning/hour_clean.py
[2025-09-15T06:09:51.447+0000] {processor.py:842} WARNING - No viable dags retrieved from /opt/airflow/dags/cleaning/hour_clean.py
[2025-09-15T06:09:51.467+0000] {processor.py:183} INFO - Processing /opt/airflow/dags/cleaning/hour_clean.py took 0.052 seconds
[2025-09-15T06:10:22.420+0000] {processor.py:161} INFO - Started process (PID=811) to work on /opt/airflow/dags/cleaning/hour_clean.py
[2025-09-15T06:10:22.421+0000] {processor.py:830} INFO - Processing file /opt/airflow/dags/cleaning/hour_clean.py for tasks to queue
[2025-09-15T06:10:22.424+0000] {logging_mixin.py:188} INFO - [2025-09-15T06:10:22.424+0000] {dagbag.py:540} INFO - Filling up the DagBag from /opt/airflow/dags/cleaning/hour_clean.py
[2025-09-15T06:10:22.437+0000] {processor.py:842} WARNING - No viable dags retrieved from /opt/airflow/dags/cleaning/hour_clean.py
[2025-09-15T06:10:22.453+0000] {processor.py:183} INFO - Processing /opt/airflow/dags/cleaning/hour_clean.py took 0.041 seconds
[2025-09-15T06:10:53.055+0000] {processor.py:161} INFO - Started process (PID=846) to work on /opt/airflow/dags/cleaning/hour_clean.py
[2025-09-15T06:10:53.056+0000] {processor.py:830} INFO - Processing file /opt/airflow/dags/cleaning/hour_clean.py for tasks to queue
[2025-09-15T06:10:53.058+0000] {logging_mixin.py:188} INFO - [2025-09-15T06:10:53.058+0000] {dagbag.py:540} INFO - Filling up the DagBag from /opt/airflow/dags/cleaning/hour_clean.py
[2025-09-15T06:10:53.070+0000] {processor.py:842} WARNING - No viable dags retrieved from /opt/airflow/dags/cleaning/hour_clean.py
[2025-09-15T06:10:53.086+0000] {processor.py:183} INFO - Processing /opt/airflow/dags/cleaning/hour_clean.py took 0.037 seconds
[2025-09-15T06:11:24.108+0000] {processor.py:161} INFO - Started process (PID=881) to work on /opt/airflow/dags/cleaning/hour_clean.py
[2025-09-15T06:11:24.109+0000] {processor.py:830} INFO - Processing file /opt/airflow/dags/cleaning/hour_clean.py for tasks to queue
[2025-09-15T06:11:24.113+0000] {logging_mixin.py:188} INFO - [2025-09-15T06:11:24.112+0000] {dagbag.py:540} INFO - Filling up the DagBag from /opt/airflow/dags/cleaning/hour_clean.py
[2025-09-15T06:11:24.139+0000] {processor.py:842} WARNING - No viable dags retrieved from /opt/airflow/dags/cleaning/hour_clean.py
[2025-09-15T06:11:24.171+0000] {processor.py:183} INFO - Processing /opt/airflow/dags/cleaning/hour_clean.py took 0.071 seconds
[2025-09-15T06:11:55.284+0000] {processor.py:161} INFO - Started process (PID=919) to work on /opt/airflow/dags/cleaning/hour_clean.py
[2025-09-15T06:11:55.285+0000] {processor.py:830} INFO - Processing file /opt/airflow/dags/cleaning/hour_clean.py for tasks to queue
[2025-09-15T06:11:55.287+0000] {logging_mixin.py:188} INFO - [2025-09-15T06:11:55.287+0000] {dagbag.py:540} INFO - Filling up the DagBag from /opt/airflow/dags/cleaning/hour_clean.py
[2025-09-15T06:11:55.304+0000] {processor.py:842} WARNING - No viable dags retrieved from /opt/airflow/dags/cleaning/hour_clean.py
[2025-09-15T06:11:55.323+0000] {processor.py:183} INFO - Processing /opt/airflow/dags/cleaning/hour_clean.py took 0.047 seconds
[2025-09-15T06:12:25.933+0000] {processor.py:161} INFO - Started process (PID=954) to work on /opt/airflow/dags/cleaning/hour_clean.py
[2025-09-15T06:12:25.935+0000] {processor.py:830} INFO - Processing file /opt/airflow/dags/cleaning/hour_clean.py for tasks to queue
[2025-09-15T06:12:25.938+0000] {logging_mixin.py:188} INFO - [2025-09-15T06:12:25.937+0000] {dagbag.py:540} INFO - Filling up the DagBag from /opt/airflow/dags/cleaning/hour_clean.py
[2025-09-15T06:12:25.954+0000] {processor.py:842} WARNING - No viable dags retrieved from /opt/airflow/dags/cleaning/hour_clean.py
[2025-09-15T06:12:25.975+0000] {processor.py:183} INFO - Processing /opt/airflow/dags/cleaning/hour_clean.py took 0.048 seconds
[2025-09-15T06:12:56.431+0000] {processor.py:161} INFO - Started process (PID=989) to work on /opt/airflow/dags/cleaning/hour_clean.py
[2025-09-15T06:12:56.432+0000] {processor.py:830} INFO - Processing file /opt/airflow/dags/cleaning/hour_clean.py for tasks to queue
[2025-09-15T06:12:56.434+0000] {logging_mixin.py:188} INFO - [2025-09-15T06:12:56.433+0000] {dagbag.py:540} INFO - Filling up the DagBag from /opt/airflow/dags/cleaning/hour_clean.py
[2025-09-15T06:12:56.445+0000] {processor.py:842} WARNING - No viable dags retrieved from /opt/airflow/dags/cleaning/hour_clean.py
[2025-09-15T06:12:56.461+0000] {processor.py:183} INFO - Processing /opt/airflow/dags/cleaning/hour_clean.py took 0.036 seconds
[2025-09-15T06:13:26.914+0000] {processor.py:161} INFO - Started process (PID=1024) to work on /opt/airflow/dags/cleaning/hour_clean.py
[2025-09-15T06:13:26.921+0000] {processor.py:830} INFO - Processing file /opt/airflow/dags/cleaning/hour_clean.py for tasks to queue
[2025-09-15T06:13:26.934+0000] {logging_mixin.py:188} INFO - [2025-09-15T06:13:26.933+0000] {dagbag.py:540} INFO - Filling up the DagBag from /opt/airflow/dags/cleaning/hour_clean.py
[2025-09-15T06:13:26.958+0000] {processor.py:842} WARNING - No viable dags retrieved from /opt/airflow/dags/cleaning/hour_clean.py
[2025-09-15T06:13:27.025+0000] {processor.py:183} INFO - Processing /opt/airflow/dags/cleaning/hour_clean.py took 0.167 seconds
[2025-09-15T06:13:57.719+0000] {processor.py:161} INFO - Started process (PID=1059) to work on /opt/airflow/dags/cleaning/hour_clean.py
[2025-09-15T06:13:57.730+0000] {processor.py:830} INFO - Processing file /opt/airflow/dags/cleaning/hour_clean.py for tasks to queue
[2025-09-15T06:13:57.928+0000] {logging_mixin.py:188} INFO - [2025-09-15T06:13:57.927+0000] {dagbag.py:540} INFO - Filling up the DagBag from /opt/airflow/dags/cleaning/hour_clean.py
[2025-09-15T06:13:58.114+0000] {processor.py:842} WARNING - No viable dags retrieved from /opt/airflow/dags/cleaning/hour_clean.py
[2025-09-15T06:13:58.184+0000] {processor.py:183} INFO - Processing /opt/airflow/dags/cleaning/hour_clean.py took 0.485 seconds
[2025-09-15T06:14:28.891+0000] {processor.py:161} INFO - Started process (PID=1094) to work on /opt/airflow/dags/cleaning/hour_clean.py
[2025-09-15T06:14:28.892+0000] {processor.py:830} INFO - Processing file /opt/airflow/dags/cleaning/hour_clean.py for tasks to queue
[2025-09-15T06:14:28.896+0000] {logging_mixin.py:188} INFO - [2025-09-15T06:14:28.896+0000] {dagbag.py:540} INFO - Filling up the DagBag from /opt/airflow/dags/cleaning/hour_clean.py
[2025-09-15T06:14:28.913+0000] {processor.py:842} WARNING - No viable dags retrieved from /opt/airflow/dags/cleaning/hour_clean.py
[2025-09-15T06:14:28.950+0000] {processor.py:183} INFO - Processing /opt/airflow/dags/cleaning/hour_clean.py took 0.071 seconds
[2025-09-15T06:14:59.389+0000] {processor.py:161} INFO - Started process (PID=1133) to work on /opt/airflow/dags/cleaning/hour_clean.py
[2025-09-15T06:14:59.390+0000] {processor.py:830} INFO - Processing file /opt/airflow/dags/cleaning/hour_clean.py for tasks to queue
[2025-09-15T06:14:59.393+0000] {logging_mixin.py:188} INFO - [2025-09-15T06:14:59.392+0000] {dagbag.py:540} INFO - Filling up the DagBag from /opt/airflow/dags/cleaning/hour_clean.py
[2025-09-15T06:14:59.411+0000] {processor.py:842} WARNING - No viable dags retrieved from /opt/airflow/dags/cleaning/hour_clean.py
[2025-09-15T06:14:59.428+0000] {processor.py:183} INFO - Processing /opt/airflow/dags/cleaning/hour_clean.py took 0.046 seconds
[2025-09-15T06:15:30.055+0000] {processor.py:161} INFO - Started process (PID=1168) to work on /opt/airflow/dags/cleaning/hour_clean.py
[2025-09-15T06:15:30.056+0000] {processor.py:830} INFO - Processing file /opt/airflow/dags/cleaning/hour_clean.py for tasks to queue
[2025-09-15T06:15:30.059+0000] {logging_mixin.py:188} INFO - [2025-09-15T06:15:30.058+0000] {dagbag.py:540} INFO - Filling up the DagBag from /opt/airflow/dags/cleaning/hour_clean.py
[2025-09-15T06:15:30.071+0000] {processor.py:842} WARNING - No viable dags retrieved from /opt/airflow/dags/cleaning/hour_clean.py
[2025-09-15T06:15:30.093+0000] {processor.py:183} INFO - Processing /opt/airflow/dags/cleaning/hour_clean.py took 0.048 seconds
[2025-09-15T06:16:00.367+0000] {processor.py:161} INFO - Started process (PID=1203) to work on /opt/airflow/dags/cleaning/hour_clean.py
[2025-09-15T06:16:00.368+0000] {processor.py:830} INFO - Processing file /opt/airflow/dags/cleaning/hour_clean.py for tasks to queue
[2025-09-15T06:16:00.371+0000] {logging_mixin.py:188} INFO - [2025-09-15T06:16:00.370+0000] {dagbag.py:540} INFO - Filling up the DagBag from /opt/airflow/dags/cleaning/hour_clean.py
[2025-09-15T06:16:00.389+0000] {processor.py:842} WARNING - No viable dags retrieved from /opt/airflow/dags/cleaning/hour_clean.py
[2025-09-15T06:16:00.405+0000] {processor.py:183} INFO - Processing /opt/airflow/dags/cleaning/hour_clean.py took 0.044 seconds
[2025-09-15T06:16:31.361+0000] {processor.py:161} INFO - Started process (PID=1238) to work on /opt/airflow/dags/cleaning/hour_clean.py
[2025-09-15T06:16:31.362+0000] {processor.py:830} INFO - Processing file /opt/airflow/dags/cleaning/hour_clean.py for tasks to queue
[2025-09-15T06:16:31.364+0000] {logging_mixin.py:188} INFO - [2025-09-15T06:16:31.364+0000] {dagbag.py:540} INFO - Filling up the DagBag from /opt/airflow/dags/cleaning/hour_clean.py
[2025-09-15T06:16:31.380+0000] {processor.py:842} WARNING - No viable dags retrieved from /opt/airflow/dags/cleaning/hour_clean.py
[2025-09-15T06:16:31.399+0000] {processor.py:183} INFO - Processing /opt/airflow/dags/cleaning/hour_clean.py took 0.046 seconds
[2025-09-15T06:17:01.698+0000] {processor.py:161} INFO - Started process (PID=1273) to work on /opt/airflow/dags/cleaning/hour_clean.py
[2025-09-15T06:17:01.699+0000] {processor.py:830} INFO - Processing file /opt/airflow/dags/cleaning/hour_clean.py for tasks to queue
[2025-09-15T06:17:01.702+0000] {logging_mixin.py:188} INFO - [2025-09-15T06:17:01.702+0000] {dagbag.py:540} INFO - Filling up the DagBag from /opt/airflow/dags/cleaning/hour_clean.py
[2025-09-15T06:17:01.719+0000] {processor.py:842} WARNING - No viable dags retrieved from /opt/airflow/dags/cleaning/hour_clean.py
[2025-09-15T06:17:01.741+0000] {processor.py:183} INFO - Processing /opt/airflow/dags/cleaning/hour_clean.py took 0.049 seconds
[2025-09-15T06:17:32.184+0000] {processor.py:161} INFO - Started process (PID=1308) to work on /opt/airflow/dags/cleaning/hour_clean.py
[2025-09-15T06:17:32.186+0000] {processor.py:830} INFO - Processing file /opt/airflow/dags/cleaning/hour_clean.py for tasks to queue
[2025-09-15T06:17:32.188+0000] {logging_mixin.py:188} INFO - [2025-09-15T06:17:32.188+0000] {dagbag.py:540} INFO - Filling up the DagBag from /opt/airflow/dags/cleaning/hour_clean.py
[2025-09-15T06:17:32.200+0000] {processor.py:842} WARNING - No viable dags retrieved from /opt/airflow/dags/cleaning/hour_clean.py
[2025-09-15T06:17:32.217+0000] {processor.py:183} INFO - Processing /opt/airflow/dags/cleaning/hour_clean.py took 0.039 seconds
[2025-09-15T06:18:02.574+0000] {processor.py:161} INFO - Started process (PID=1343) to work on /opt/airflow/dags/cleaning/hour_clean.py
[2025-09-15T06:18:02.575+0000] {processor.py:830} INFO - Processing file /opt/airflow/dags/cleaning/hour_clean.py for tasks to queue
[2025-09-15T06:18:02.577+0000] {logging_mixin.py:188} INFO - [2025-09-15T06:18:02.577+0000] {dagbag.py:540} INFO - Filling up the DagBag from /opt/airflow/dags/cleaning/hour_clean.py
[2025-09-15T06:18:02.590+0000] {processor.py:842} WARNING - No viable dags retrieved from /opt/airflow/dags/cleaning/hour_clean.py
[2025-09-15T06:18:02.605+0000] {processor.py:183} INFO - Processing /opt/airflow/dags/cleaning/hour_clean.py took 0.037 seconds
[2025-09-15T06:18:32.872+0000] {processor.py:161} INFO - Started process (PID=1378) to work on /opt/airflow/dags/cleaning/hour_clean.py
[2025-09-15T06:18:32.873+0000] {processor.py:830} INFO - Processing file /opt/airflow/dags/cleaning/hour_clean.py for tasks to queue
[2025-09-15T06:18:32.875+0000] {logging_mixin.py:188} INFO - [2025-09-15T06:18:32.875+0000] {dagbag.py:540} INFO - Filling up the DagBag from /opt/airflow/dags/cleaning/hour_clean.py
[2025-09-15T06:18:32.886+0000] {processor.py:842} WARNING - No viable dags retrieved from /opt/airflow/dags/cleaning/hour_clean.py
[2025-09-15T06:18:32.902+0000] {processor.py:183} INFO - Processing /opt/airflow/dags/cleaning/hour_clean.py took 0.037 seconds
[2025-09-15T06:19:03.302+0000] {processor.py:161} INFO - Started process (PID=1413) to work on /opt/airflow/dags/cleaning/hour_clean.py
[2025-09-15T06:19:03.303+0000] {processor.py:830} INFO - Processing file /opt/airflow/dags/cleaning/hour_clean.py for tasks to queue
[2025-09-15T06:19:03.305+0000] {logging_mixin.py:188} INFO - [2025-09-15T06:19:03.304+0000] {dagbag.py:540} INFO - Filling up the DagBag from /opt/airflow/dags/cleaning/hour_clean.py
[2025-09-15T06:19:03.317+0000] {processor.py:842} WARNING - No viable dags retrieved from /opt/airflow/dags/cleaning/hour_clean.py
[2025-09-15T06:19:03.337+0000] {processor.py:183} INFO - Processing /opt/airflow/dags/cleaning/hour_clean.py took 0.040 seconds
[2025-09-15T06:19:33.756+0000] {processor.py:161} INFO - Started process (PID=1448) to work on /opt/airflow/dags/cleaning/hour_clean.py
[2025-09-15T06:19:33.757+0000] {processor.py:830} INFO - Processing file /opt/airflow/dags/cleaning/hour_clean.py for tasks to queue
[2025-09-15T06:19:33.760+0000] {logging_mixin.py:188} INFO - [2025-09-15T06:19:33.759+0000] {dagbag.py:540} INFO - Filling up the DagBag from /opt/airflow/dags/cleaning/hour_clean.py
[2025-09-15T06:19:33.773+0000] {processor.py:842} WARNING - No viable dags retrieved from /opt/airflow/dags/cleaning/hour_clean.py
[2025-09-15T06:19:33.797+0000] {processor.py:183} INFO - Processing /opt/airflow/dags/cleaning/hour_clean.py took 0.048 seconds
[2025-09-15T06:20:04.193+0000] {processor.py:161} INFO - Started process (PID=1483) to work on /opt/airflow/dags/cleaning/hour_clean.py
[2025-09-15T06:20:04.194+0000] {processor.py:830} INFO - Processing file /opt/airflow/dags/cleaning/hour_clean.py for tasks to queue
[2025-09-15T06:20:04.196+0000] {logging_mixin.py:188} INFO - [2025-09-15T06:20:04.196+0000] {dagbag.py:540} INFO - Filling up the DagBag from /opt/airflow/dags/cleaning/hour_clean.py
[2025-09-15T06:20:04.217+0000] {processor.py:842} WARNING - No viable dags retrieved from /opt/airflow/dags/cleaning/hour_clean.py
[2025-09-15T06:20:04.236+0000] {processor.py:183} INFO - Processing /opt/airflow/dags/cleaning/hour_clean.py took 0.050 seconds
[2025-09-15T06:20:34.653+0000] {processor.py:161} INFO - Started process (PID=1518) to work on /opt/airflow/dags/cleaning/hour_clean.py
[2025-09-15T06:20:34.654+0000] {processor.py:830} INFO - Processing file /opt/airflow/dags/cleaning/hour_clean.py for tasks to queue
[2025-09-15T06:20:34.656+0000] {logging_mixin.py:188} INFO - [2025-09-15T06:20:34.656+0000] {dagbag.py:540} INFO - Filling up the DagBag from /opt/airflow/dags/cleaning/hour_clean.py
[2025-09-15T06:20:34.669+0000] {processor.py:842} WARNING - No viable dags retrieved from /opt/airflow/dags/cleaning/hour_clean.py
[2025-09-15T06:20:34.686+0000] {processor.py:183} INFO - Processing /opt/airflow/dags/cleaning/hour_clean.py took 0.038 seconds
[2025-09-15T06:21:05.073+0000] {processor.py:161} INFO - Started process (PID=1553) to work on /opt/airflow/dags/cleaning/hour_clean.py
[2025-09-15T06:21:05.075+0000] {processor.py:830} INFO - Processing file /opt/airflow/dags/cleaning/hour_clean.py for tasks to queue
[2025-09-15T06:21:05.077+0000] {logging_mixin.py:188} INFO - [2025-09-15T06:21:05.077+0000] {dagbag.py:540} INFO - Filling up the DagBag from /opt/airflow/dags/cleaning/hour_clean.py
[2025-09-15T06:21:05.089+0000] {processor.py:842} WARNING - No viable dags retrieved from /opt/airflow/dags/cleaning/hour_clean.py
[2025-09-15T06:21:05.105+0000] {processor.py:183} INFO - Processing /opt/airflow/dags/cleaning/hour_clean.py took 0.038 seconds
[2025-09-15T06:21:35.462+0000] {processor.py:161} INFO - Started process (PID=1588) to work on /opt/airflow/dags/cleaning/hour_clean.py
[2025-09-15T06:21:35.463+0000] {processor.py:830} INFO - Processing file /opt/airflow/dags/cleaning/hour_clean.py for tasks to queue
[2025-09-15T06:21:35.465+0000] {logging_mixin.py:188} INFO - [2025-09-15T06:21:35.465+0000] {dagbag.py:540} INFO - Filling up the DagBag from /opt/airflow/dags/cleaning/hour_clean.py
[2025-09-15T06:21:35.476+0000] {processor.py:842} WARNING - No viable dags retrieved from /opt/airflow/dags/cleaning/hour_clean.py
[2025-09-15T06:21:35.492+0000] {processor.py:183} INFO - Processing /opt/airflow/dags/cleaning/hour_clean.py took 0.035 seconds
[2025-09-15T06:22:05.765+0000] {processor.py:161} INFO - Started process (PID=1623) to work on /opt/airflow/dags/cleaning/hour_clean.py
[2025-09-15T06:22:05.766+0000] {processor.py:830} INFO - Processing file /opt/airflow/dags/cleaning/hour_clean.py for tasks to queue
[2025-09-15T06:22:05.768+0000] {logging_mixin.py:188} INFO - [2025-09-15T06:22:05.767+0000] {dagbag.py:540} INFO - Filling up the DagBag from /opt/airflow/dags/cleaning/hour_clean.py
[2025-09-15T06:22:05.783+0000] {processor.py:842} WARNING - No viable dags retrieved from /opt/airflow/dags/cleaning/hour_clean.py
[2025-09-15T06:22:05.799+0000] {processor.py:183} INFO - Processing /opt/airflow/dags/cleaning/hour_clean.py took 0.040 seconds
[2025-09-15T06:22:36.162+0000] {processor.py:161} INFO - Started process (PID=1658) to work on /opt/airflow/dags/cleaning/hour_clean.py
[2025-09-15T06:22:36.163+0000] {processor.py:830} INFO - Processing file /opt/airflow/dags/cleaning/hour_clean.py for tasks to queue
[2025-09-15T06:22:36.165+0000] {logging_mixin.py:188} INFO - [2025-09-15T06:22:36.165+0000] {dagbag.py:540} INFO - Filling up the DagBag from /opt/airflow/dags/cleaning/hour_clean.py
[2025-09-15T06:22:36.176+0000] {processor.py:842} WARNING - No viable dags retrieved from /opt/airflow/dags/cleaning/hour_clean.py
[2025-09-15T06:22:36.191+0000] {processor.py:183} INFO - Processing /opt/airflow/dags/cleaning/hour_clean.py took 0.034 seconds
[2025-09-15T06:23:06.525+0000] {processor.py:161} INFO - Started process (PID=1693) to work on /opt/airflow/dags/cleaning/hour_clean.py
[2025-09-15T06:23:06.525+0000] {processor.py:830} INFO - Processing file /opt/airflow/dags/cleaning/hour_clean.py for tasks to queue
[2025-09-15T06:23:06.528+0000] {logging_mixin.py:188} INFO - [2025-09-15T06:23:06.527+0000] {dagbag.py:540} INFO - Filling up the DagBag from /opt/airflow/dags/cleaning/hour_clean.py
[2025-09-15T06:23:06.539+0000] {processor.py:842} WARNING - No viable dags retrieved from /opt/airflow/dags/cleaning/hour_clean.py
[2025-09-15T06:23:06.606+0000] {processor.py:183} INFO - Processing /opt/airflow/dags/cleaning/hour_clean.py took 0.087 seconds
[2025-09-15T06:23:36.937+0000] {processor.py:161} INFO - Started process (PID=1728) to work on /opt/airflow/dags/cleaning/hour_clean.py
[2025-09-15T06:23:36.938+0000] {processor.py:830} INFO - Processing file /opt/airflow/dags/cleaning/hour_clean.py for tasks to queue
[2025-09-15T06:23:36.940+0000] {logging_mixin.py:188} INFO - [2025-09-15T06:23:36.940+0000] {dagbag.py:540} INFO - Filling up the DagBag from /opt/airflow/dags/cleaning/hour_clean.py
[2025-09-15T06:23:36.953+0000] {processor.py:842} WARNING - No viable dags retrieved from /opt/airflow/dags/cleaning/hour_clean.py
[2025-09-15T06:23:36.973+0000] {processor.py:183} INFO - Processing /opt/airflow/dags/cleaning/hour_clean.py took 0.042 seconds
[2025-09-15T06:24:07.836+0000] {processor.py:161} INFO - Started process (PID=1763) to work on /opt/airflow/dags/cleaning/hour_clean.py
[2025-09-15T06:24:07.837+0000] {processor.py:830} INFO - Processing file /opt/airflow/dags/cleaning/hour_clean.py for tasks to queue
[2025-09-15T06:24:07.841+0000] {logging_mixin.py:188} INFO - [2025-09-15T06:24:07.840+0000] {dagbag.py:540} INFO - Filling up the DagBag from /opt/airflow/dags/cleaning/hour_clean.py
[2025-09-15T06:24:07.871+0000] {processor.py:842} WARNING - No viable dags retrieved from /opt/airflow/dags/cleaning/hour_clean.py
[2025-09-15T06:24:07.969+0000] {processor.py:183} INFO - Processing /opt/airflow/dags/cleaning/hour_clean.py took 0.239 seconds
[2025-09-15T06:24:38.278+0000] {processor.py:161} INFO - Started process (PID=1798) to work on /opt/airflow/dags/cleaning/hour_clean.py
[2025-09-15T06:24:38.279+0000] {processor.py:830} INFO - Processing file /opt/airflow/dags/cleaning/hour_clean.py for tasks to queue
[2025-09-15T06:24:38.283+0000] {logging_mixin.py:188} INFO - [2025-09-15T06:24:38.283+0000] {dagbag.py:540} INFO - Filling up the DagBag from /opt/airflow/dags/cleaning/hour_clean.py
[2025-09-15T06:24:38.297+0000] {processor.py:842} WARNING - No viable dags retrieved from /opt/airflow/dags/cleaning/hour_clean.py
[2025-09-15T06:24:38.314+0000] {processor.py:183} INFO - Processing /opt/airflow/dags/cleaning/hour_clean.py took 0.043 seconds
[2025-09-15T06:25:08.837+0000] {processor.py:161} INFO - Started process (PID=1833) to work on /opt/airflow/dags/cleaning/hour_clean.py
[2025-09-15T06:25:08.838+0000] {processor.py:830} INFO - Processing file /opt/airflow/dags/cleaning/hour_clean.py for tasks to queue
[2025-09-15T06:25:08.841+0000] {logging_mixin.py:188} INFO - [2025-09-15T06:25:08.840+0000] {dagbag.py:540} INFO - Filling up the DagBag from /opt/airflow/dags/cleaning/hour_clean.py
[2025-09-15T06:25:08.854+0000] {processor.py:842} WARNING - No viable dags retrieved from /opt/airflow/dags/cleaning/hour_clean.py
[2025-09-15T06:25:08.869+0000] {processor.py:183} INFO - Processing /opt/airflow/dags/cleaning/hour_clean.py took 0.040 seconds
[2025-09-15T06:25:39.385+0000] {processor.py:161} INFO - Started process (PID=1868) to work on /opt/airflow/dags/cleaning/hour_clean.py
[2025-09-15T06:25:39.387+0000] {processor.py:830} INFO - Processing file /opt/airflow/dags/cleaning/hour_clean.py for tasks to queue
[2025-09-15T06:25:39.390+0000] {logging_mixin.py:188} INFO - [2025-09-15T06:25:39.389+0000] {dagbag.py:540} INFO - Filling up the DagBag from /opt/airflow/dags/cleaning/hour_clean.py
[2025-09-15T06:25:39.403+0000] {processor.py:842} WARNING - No viable dags retrieved from /opt/airflow/dags/cleaning/hour_clean.py
[2025-09-15T06:25:39.422+0000] {processor.py:183} INFO - Processing /opt/airflow/dags/cleaning/hour_clean.py took 0.044 seconds
[2025-09-15T06:26:10.158+0000] {processor.py:161} INFO - Started process (PID=1903) to work on /opt/airflow/dags/cleaning/hour_clean.py
[2025-09-15T06:26:10.159+0000] {processor.py:830} INFO - Processing file /opt/airflow/dags/cleaning/hour_clean.py for tasks to queue
[2025-09-15T06:26:10.161+0000] {logging_mixin.py:188} INFO - [2025-09-15T06:26:10.161+0000] {dagbag.py:540} INFO - Filling up the DagBag from /opt/airflow/dags/cleaning/hour_clean.py
[2025-09-15T06:26:10.175+0000] {processor.py:842} WARNING - No viable dags retrieved from /opt/airflow/dags/cleaning/hour_clean.py
[2025-09-15T06:26:10.190+0000] {processor.py:183} INFO - Processing /opt/airflow/dags/cleaning/hour_clean.py took 0.037 seconds
[2025-09-15T06:26:40.859+0000] {processor.py:161} INFO - Started process (PID=1938) to work on /opt/airflow/dags/cleaning/hour_clean.py
[2025-09-15T06:26:40.860+0000] {processor.py:830} INFO - Processing file /opt/airflow/dags/cleaning/hour_clean.py for tasks to queue
[2025-09-15T06:26:40.863+0000] {logging_mixin.py:188} INFO - [2025-09-15T06:26:40.863+0000] {dagbag.py:540} INFO - Filling up the DagBag from /opt/airflow/dags/cleaning/hour_clean.py
[2025-09-15T06:26:40.877+0000] {processor.py:842} WARNING - No viable dags retrieved from /opt/airflow/dags/cleaning/hour_clean.py
[2025-09-15T06:26:40.896+0000] {processor.py:183} INFO - Processing /opt/airflow/dags/cleaning/hour_clean.py took 0.043 seconds
[2025-09-15T06:27:11.165+0000] {processor.py:161} INFO - Started process (PID=1973) to work on /opt/airflow/dags/cleaning/hour_clean.py
[2025-09-15T06:27:11.166+0000] {processor.py:830} INFO - Processing file /opt/airflow/dags/cleaning/hour_clean.py for tasks to queue
[2025-09-15T06:27:11.169+0000] {logging_mixin.py:188} INFO - [2025-09-15T06:27:11.168+0000] {dagbag.py:540} INFO - Filling up the DagBag from /opt/airflow/dags/cleaning/hour_clean.py
[2025-09-15T06:27:11.181+0000] {processor.py:842} WARNING - No viable dags retrieved from /opt/airflow/dags/cleaning/hour_clean.py
[2025-09-15T06:27:11.199+0000] {processor.py:183} INFO - Processing /opt/airflow/dags/cleaning/hour_clean.py took 0.040 seconds
[2025-09-15T06:27:41.771+0000] {processor.py:161} INFO - Started process (PID=2008) to work on /opt/airflow/dags/cleaning/hour_clean.py
[2025-09-15T06:27:41.772+0000] {processor.py:830} INFO - Processing file /opt/airflow/dags/cleaning/hour_clean.py for tasks to queue
[2025-09-15T06:27:41.775+0000] {logging_mixin.py:188} INFO - [2025-09-15T06:27:41.775+0000] {dagbag.py:540} INFO - Filling up the DagBag from /opt/airflow/dags/cleaning/hour_clean.py
[2025-09-15T06:27:41.793+0000] {processor.py:842} WARNING - No viable dags retrieved from /opt/airflow/dags/cleaning/hour_clean.py
[2025-09-15T06:27:41.812+0000] {processor.py:183} INFO - Processing /opt/airflow/dags/cleaning/hour_clean.py took 0.048 seconds
[2025-09-15T06:28:12.450+0000] {processor.py:161} INFO - Started process (PID=2043) to work on /opt/airflow/dags/cleaning/hour_clean.py
[2025-09-15T06:28:12.451+0000] {processor.py:830} INFO - Processing file /opt/airflow/dags/cleaning/hour_clean.py for tasks to queue
[2025-09-15T06:28:12.453+0000] {logging_mixin.py:188} INFO - [2025-09-15T06:28:12.453+0000] {dagbag.py:540} INFO - Filling up the DagBag from /opt/airflow/dags/cleaning/hour_clean.py
[2025-09-15T06:28:12.466+0000] {processor.py:842} WARNING - No viable dags retrieved from /opt/airflow/dags/cleaning/hour_clean.py
[2025-09-15T06:28:12.555+0000] {processor.py:183} INFO - Processing /opt/airflow/dags/cleaning/hour_clean.py took 0.110 seconds
[2025-09-15T06:28:43.102+0000] {processor.py:161} INFO - Started process (PID=2078) to work on /opt/airflow/dags/cleaning/hour_clean.py
[2025-09-15T06:28:43.103+0000] {processor.py:830} INFO - Processing file /opt/airflow/dags/cleaning/hour_clean.py for tasks to queue
[2025-09-15T06:28:43.105+0000] {logging_mixin.py:188} INFO - [2025-09-15T06:28:43.105+0000] {dagbag.py:540} INFO - Filling up the DagBag from /opt/airflow/dags/cleaning/hour_clean.py
[2025-09-15T06:28:43.119+0000] {processor.py:842} WARNING - No viable dags retrieved from /opt/airflow/dags/cleaning/hour_clean.py
[2025-09-15T06:28:43.135+0000] {processor.py:183} INFO - Processing /opt/airflow/dags/cleaning/hour_clean.py took 0.039 seconds
[2025-09-15T06:29:13.694+0000] {processor.py:161} INFO - Started process (PID=2113) to work on /opt/airflow/dags/cleaning/hour_clean.py
[2025-09-15T06:29:13.695+0000] {processor.py:830} INFO - Processing file /opt/airflow/dags/cleaning/hour_clean.py for tasks to queue
[2025-09-15T06:29:13.697+0000] {logging_mixin.py:188} INFO - [2025-09-15T06:29:13.697+0000] {dagbag.py:540} INFO - Filling up the DagBag from /opt/airflow/dags/cleaning/hour_clean.py
[2025-09-15T06:29:13.708+0000] {processor.py:842} WARNING - No viable dags retrieved from /opt/airflow/dags/cleaning/hour_clean.py
[2025-09-15T06:29:13.740+0000] {processor.py:183} INFO - Processing /opt/airflow/dags/cleaning/hour_clean.py took 0.052 seconds
[2025-09-15T06:29:44.378+0000] {processor.py:161} INFO - Started process (PID=2148) to work on /opt/airflow/dags/cleaning/hour_clean.py
[2025-09-15T06:29:44.378+0000] {processor.py:830} INFO - Processing file /opt/airflow/dags/cleaning/hour_clean.py for tasks to queue
[2025-09-15T06:29:44.380+0000] {logging_mixin.py:188} INFO - [2025-09-15T06:29:44.380+0000] {dagbag.py:540} INFO - Filling up the DagBag from /opt/airflow/dags/cleaning/hour_clean.py
[2025-09-15T06:29:44.396+0000] {processor.py:842} WARNING - No viable dags retrieved from /opt/airflow/dags/cleaning/hour_clean.py
[2025-09-15T06:29:44.412+0000] {processor.py:183} INFO - Processing /opt/airflow/dags/cleaning/hour_clean.py took 0.040 seconds
[2025-09-15T06:34:19.001+0000] {processor.py:161} INFO - Started process (PID=2185) to work on /opt/airflow/dags/cleaning/hour_clean.py
[2025-09-15T06:34:19.023+0000] {processor.py:830} INFO - Processing file /opt/airflow/dags/cleaning/hour_clean.py for tasks to queue
[2025-09-15T06:34:19.233+0000] {logging_mixin.py:188} INFO - [2025-09-15T06:34:19.225+0000] {dagbag.py:540} INFO - Filling up the DagBag from /opt/airflow/dags/cleaning/hour_clean.py
[2025-09-15T06:34:19.482+0000] {processor.py:842} WARNING - No viable dags retrieved from /opt/airflow/dags/cleaning/hour_clean.py
[2025-09-15T06:34:19.944+0000] {processor.py:183} INFO - Processing /opt/airflow/dags/cleaning/hour_clean.py took 1.278 seconds
[2025-09-15T06:34:50.377+0000] {processor.py:161} INFO - Started process (PID=2232) to work on /opt/airflow/dags/cleaning/hour_clean.py
[2025-09-15T06:34:50.378+0000] {processor.py:830} INFO - Processing file /opt/airflow/dags/cleaning/hour_clean.py for tasks to queue
[2025-09-15T06:34:50.380+0000] {logging_mixin.py:188} INFO - [2025-09-15T06:34:50.380+0000] {dagbag.py:540} INFO - Filling up the DagBag from /opt/airflow/dags/cleaning/hour_clean.py
[2025-09-15T06:34:50.393+0000] {processor.py:842} WARNING - No viable dags retrieved from /opt/airflow/dags/cleaning/hour_clean.py
[2025-09-15T06:34:50.408+0000] {processor.py:183} INFO - Processing /opt/airflow/dags/cleaning/hour_clean.py took 0.036 seconds
[2025-09-15T06:35:20.649+0000] {processor.py:161} INFO - Started process (PID=2267) to work on /opt/airflow/dags/cleaning/hour_clean.py
[2025-09-15T06:35:20.650+0000] {processor.py:830} INFO - Processing file /opt/airflow/dags/cleaning/hour_clean.py for tasks to queue
[2025-09-15T06:35:20.652+0000] {logging_mixin.py:188} INFO - [2025-09-15T06:35:20.652+0000] {dagbag.py:540} INFO - Filling up the DagBag from /opt/airflow/dags/cleaning/hour_clean.py
[2025-09-15T06:35:20.666+0000] {processor.py:842} WARNING - No viable dags retrieved from /opt/airflow/dags/cleaning/hour_clean.py
[2025-09-15T06:35:20.683+0000] {processor.py:183} INFO - Processing /opt/airflow/dags/cleaning/hour_clean.py took 0.039 seconds
[2025-09-15T06:35:50.969+0000] {processor.py:161} INFO - Started process (PID=2302) to work on /opt/airflow/dags/cleaning/hour_clean.py
[2025-09-15T06:35:50.970+0000] {processor.py:830} INFO - Processing file /opt/airflow/dags/cleaning/hour_clean.py for tasks to queue
[2025-09-15T06:35:50.972+0000] {logging_mixin.py:188} INFO - [2025-09-15T06:35:50.972+0000] {dagbag.py:540} INFO - Filling up the DagBag from /opt/airflow/dags/cleaning/hour_clean.py
[2025-09-15T06:35:50.986+0000] {processor.py:842} WARNING - No viable dags retrieved from /opt/airflow/dags/cleaning/hour_clean.py
[2025-09-15T06:35:51.006+0000] {processor.py:183} INFO - Processing /opt/airflow/dags/cleaning/hour_clean.py took 0.043 seconds
[2025-09-15T06:36:21.176+0000] {processor.py:161} INFO - Started process (PID=2337) to work on /opt/airflow/dags/cleaning/hour_clean.py
[2025-09-15T06:36:21.177+0000] {processor.py:830} INFO - Processing file /opt/airflow/dags/cleaning/hour_clean.py for tasks to queue
[2025-09-15T06:36:21.180+0000] {logging_mixin.py:188} INFO - [2025-09-15T06:36:21.179+0000] {dagbag.py:540} INFO - Filling up the DagBag from /opt/airflow/dags/cleaning/hour_clean.py
[2025-09-15T06:36:21.194+0000] {processor.py:842} WARNING - No viable dags retrieved from /opt/airflow/dags/cleaning/hour_clean.py
[2025-09-15T06:36:21.209+0000] {processor.py:183} INFO - Processing /opt/airflow/dags/cleaning/hour_clean.py took 0.038 seconds
[2025-09-15T06:36:51.560+0000] {processor.py:161} INFO - Started process (PID=2372) to work on /opt/airflow/dags/cleaning/hour_clean.py
[2025-09-15T06:36:51.561+0000] {processor.py:830} INFO - Processing file /opt/airflow/dags/cleaning/hour_clean.py for tasks to queue
[2025-09-15T06:36:51.564+0000] {logging_mixin.py:188} INFO - [2025-09-15T06:36:51.563+0000] {dagbag.py:540} INFO - Filling up the DagBag from /opt/airflow/dags/cleaning/hour_clean.py
[2025-09-15T06:36:51.575+0000] {processor.py:842} WARNING - No viable dags retrieved from /opt/airflow/dags/cleaning/hour_clean.py
[2025-09-15T06:36:51.588+0000] {processor.py:183} INFO - Processing /opt/airflow/dags/cleaning/hour_clean.py took 0.032 seconds
[2025-09-15T06:37:21.999+0000] {processor.py:161} INFO - Started process (PID=2407) to work on /opt/airflow/dags/cleaning/hour_clean.py
[2025-09-15T06:37:22.000+0000] {processor.py:830} INFO - Processing file /opt/airflow/dags/cleaning/hour_clean.py for tasks to queue
[2025-09-15T06:37:22.002+0000] {logging_mixin.py:188} INFO - [2025-09-15T06:37:22.002+0000] {dagbag.py:540} INFO - Filling up the DagBag from /opt/airflow/dags/cleaning/hour_clean.py
[2025-09-15T06:37:22.015+0000] {processor.py:842} WARNING - No viable dags retrieved from /opt/airflow/dags/cleaning/hour_clean.py
[2025-09-15T06:37:22.030+0000] {processor.py:183} INFO - Processing /opt/airflow/dags/cleaning/hour_clean.py took 0.036 seconds
[2025-09-15T06:37:52.395+0000] {processor.py:161} INFO - Started process (PID=2442) to work on /opt/airflow/dags/cleaning/hour_clean.py
[2025-09-15T06:37:52.396+0000] {processor.py:830} INFO - Processing file /opt/airflow/dags/cleaning/hour_clean.py for tasks to queue
[2025-09-15T06:37:52.398+0000] {logging_mixin.py:188} INFO - [2025-09-15T06:37:52.397+0000] {dagbag.py:540} INFO - Filling up the DagBag from /opt/airflow/dags/cleaning/hour_clean.py
[2025-09-15T06:37:52.411+0000] {processor.py:842} WARNING - No viable dags retrieved from /opt/airflow/dags/cleaning/hour_clean.py
[2025-09-15T06:37:52.427+0000] {processor.py:183} INFO - Processing /opt/airflow/dags/cleaning/hour_clean.py took 0.038 seconds
[2025-09-15T06:38:22.888+0000] {processor.py:161} INFO - Started process (PID=2477) to work on /opt/airflow/dags/cleaning/hour_clean.py
[2025-09-15T06:38:22.889+0000] {processor.py:830} INFO - Processing file /opt/airflow/dags/cleaning/hour_clean.py for tasks to queue
[2025-09-15T06:38:22.892+0000] {logging_mixin.py:188} INFO - [2025-09-15T06:38:22.892+0000] {dagbag.py:540} INFO - Filling up the DagBag from /opt/airflow/dags/cleaning/hour_clean.py
[2025-09-15T06:38:22.913+0000] {processor.py:842} WARNING - No viable dags retrieved from /opt/airflow/dags/cleaning/hour_clean.py
[2025-09-15T06:38:22.935+0000] {processor.py:183} INFO - Processing /opt/airflow/dags/cleaning/hour_clean.py took 0.057 seconds
[2025-09-15T06:38:53.208+0000] {processor.py:161} INFO - Started process (PID=2512) to work on /opt/airflow/dags/cleaning/hour_clean.py
[2025-09-15T06:38:53.209+0000] {processor.py:830} INFO - Processing file /opt/airflow/dags/cleaning/hour_clean.py for tasks to queue
[2025-09-15T06:38:53.210+0000] {logging_mixin.py:188} INFO - [2025-09-15T06:38:53.210+0000] {dagbag.py:540} INFO - Filling up the DagBag from /opt/airflow/dags/cleaning/hour_clean.py
[2025-09-15T06:38:53.221+0000] {processor.py:842} WARNING - No viable dags retrieved from /opt/airflow/dags/cleaning/hour_clean.py
[2025-09-15T06:38:53.234+0000] {processor.py:183} INFO - Processing /opt/airflow/dags/cleaning/hour_clean.py took 0.031 seconds
[2025-09-15T06:39:23.742+0000] {processor.py:161} INFO - Started process (PID=2547) to work on /opt/airflow/dags/cleaning/hour_clean.py
[2025-09-15T06:39:23.743+0000] {processor.py:830} INFO - Processing file /opt/airflow/dags/cleaning/hour_clean.py for tasks to queue
[2025-09-15T06:39:23.744+0000] {logging_mixin.py:188} INFO - [2025-09-15T06:39:23.744+0000] {dagbag.py:540} INFO - Filling up the DagBag from /opt/airflow/dags/cleaning/hour_clean.py
[2025-09-15T06:39:23.755+0000] {processor.py:842} WARNING - No viable dags retrieved from /opt/airflow/dags/cleaning/hour_clean.py
[2025-09-15T06:39:23.768+0000] {processor.py:183} INFO - Processing /opt/airflow/dags/cleaning/hour_clean.py took 0.032 seconds
[2025-09-15T06:39:54.269+0000] {processor.py:161} INFO - Started process (PID=2582) to work on /opt/airflow/dags/cleaning/hour_clean.py
[2025-09-15T06:39:54.270+0000] {processor.py:830} INFO - Processing file /opt/airflow/dags/cleaning/hour_clean.py for tasks to queue
[2025-09-15T06:39:54.272+0000] {logging_mixin.py:188} INFO - [2025-09-15T06:39:54.272+0000] {dagbag.py:540} INFO - Filling up the DagBag from /opt/airflow/dags/cleaning/hour_clean.py
[2025-09-15T06:39:54.284+0000] {processor.py:842} WARNING - No viable dags retrieved from /opt/airflow/dags/cleaning/hour_clean.py
[2025-09-15T06:39:54.299+0000] {processor.py:183} INFO - Processing /opt/airflow/dags/cleaning/hour_clean.py took 0.035 seconds
[2025-09-15T06:40:24.623+0000] {processor.py:161} INFO - Started process (PID=2617) to work on /opt/airflow/dags/cleaning/hour_clean.py
[2025-09-15T06:40:24.624+0000] {processor.py:830} INFO - Processing file /opt/airflow/dags/cleaning/hour_clean.py for tasks to queue
[2025-09-15T06:40:24.626+0000] {logging_mixin.py:188} INFO - [2025-09-15T06:40:24.625+0000] {dagbag.py:540} INFO - Filling up the DagBag from /opt/airflow/dags/cleaning/hour_clean.py
[2025-09-15T06:40:24.637+0000] {processor.py:842} WARNING - No viable dags retrieved from /opt/airflow/dags/cleaning/hour_clean.py
[2025-09-15T06:40:24.652+0000] {processor.py:183} INFO - Processing /opt/airflow/dags/cleaning/hour_clean.py took 0.035 seconds
[2025-09-15T06:40:55.141+0000] {processor.py:161} INFO - Started process (PID=2652) to work on /opt/airflow/dags/cleaning/hour_clean.py
[2025-09-15T06:40:55.142+0000] {processor.py:830} INFO - Processing file /opt/airflow/dags/cleaning/hour_clean.py for tasks to queue
[2025-09-15T06:40:55.144+0000] {logging_mixin.py:188} INFO - [2025-09-15T06:40:55.144+0000] {dagbag.py:540} INFO - Filling up the DagBag from /opt/airflow/dags/cleaning/hour_clean.py
[2025-09-15T06:40:55.155+0000] {processor.py:842} WARNING - No viable dags retrieved from /opt/airflow/dags/cleaning/hour_clean.py
[2025-09-15T06:40:55.170+0000] {processor.py:183} INFO - Processing /opt/airflow/dags/cleaning/hour_clean.py took 0.033 seconds
[2025-09-15T06:41:25.653+0000] {processor.py:161} INFO - Started process (PID=2687) to work on /opt/airflow/dags/cleaning/hour_clean.py
[2025-09-15T06:41:25.654+0000] {processor.py:830} INFO - Processing file /opt/airflow/dags/cleaning/hour_clean.py for tasks to queue
[2025-09-15T06:41:25.657+0000] {logging_mixin.py:188} INFO - [2025-09-15T06:41:25.656+0000] {dagbag.py:540} INFO - Filling up the DagBag from /opt/airflow/dags/cleaning/hour_clean.py
[2025-09-15T06:41:25.673+0000] {processor.py:842} WARNING - No viable dags retrieved from /opt/airflow/dags/cleaning/hour_clean.py
[2025-09-15T06:41:25.689+0000] {processor.py:183} INFO - Processing /opt/airflow/dags/cleaning/hour_clean.py took 0.046 seconds
[2025-09-15T06:41:56.177+0000] {processor.py:161} INFO - Started process (PID=2722) to work on /opt/airflow/dags/cleaning/hour_clean.py
[2025-09-15T06:41:56.178+0000] {processor.py:830} INFO - Processing file /opt/airflow/dags/cleaning/hour_clean.py for tasks to queue
[2025-09-15T06:41:56.181+0000] {logging_mixin.py:188} INFO - [2025-09-15T06:41:56.180+0000] {dagbag.py:540} INFO - Filling up the DagBag from /opt/airflow/dags/cleaning/hour_clean.py
[2025-09-15T06:41:56.192+0000] {processor.py:842} WARNING - No viable dags retrieved from /opt/airflow/dags/cleaning/hour_clean.py
[2025-09-15T06:41:56.206+0000] {processor.py:183} INFO - Processing /opt/airflow/dags/cleaning/hour_clean.py took 0.034 seconds
[2025-09-15T06:42:26.851+0000] {processor.py:161} INFO - Started process (PID=2757) to work on /opt/airflow/dags/cleaning/hour_clean.py
[2025-09-15T06:42:26.852+0000] {processor.py:830} INFO - Processing file /opt/airflow/dags/cleaning/hour_clean.py for tasks to queue
[2025-09-15T06:42:26.854+0000] {logging_mixin.py:188} INFO - [2025-09-15T06:42:26.854+0000] {dagbag.py:540} INFO - Filling up the DagBag from /opt/airflow/dags/cleaning/hour_clean.py
[2025-09-15T06:42:26.865+0000] {processor.py:842} WARNING - No viable dags retrieved from /opt/airflow/dags/cleaning/hour_clean.py
[2025-09-15T06:42:26.881+0000] {processor.py:183} INFO - Processing /opt/airflow/dags/cleaning/hour_clean.py took 0.036 seconds
[2025-09-15T06:42:57.327+0000] {processor.py:161} INFO - Started process (PID=2792) to work on /opt/airflow/dags/cleaning/hour_clean.py
[2025-09-15T06:42:57.328+0000] {processor.py:830} INFO - Processing file /opt/airflow/dags/cleaning/hour_clean.py for tasks to queue
[2025-09-15T06:42:57.330+0000] {logging_mixin.py:188} INFO - [2025-09-15T06:42:57.330+0000] {dagbag.py:540} INFO - Filling up the DagBag from /opt/airflow/dags/cleaning/hour_clean.py
[2025-09-15T06:42:57.343+0000] {processor.py:842} WARNING - No viable dags retrieved from /opt/airflow/dags/cleaning/hour_clean.py
[2025-09-15T06:42:57.357+0000] {processor.py:183} INFO - Processing /opt/airflow/dags/cleaning/hour_clean.py took 0.034 seconds
[2025-09-15T06:43:27.833+0000] {processor.py:161} INFO - Started process (PID=2827) to work on /opt/airflow/dags/cleaning/hour_clean.py
[2025-09-15T06:43:27.834+0000] {processor.py:830} INFO - Processing file /opt/airflow/dags/cleaning/hour_clean.py for tasks to queue
[2025-09-15T06:43:27.836+0000] {logging_mixin.py:188} INFO - [2025-09-15T06:43:27.836+0000] {dagbag.py:540} INFO - Filling up the DagBag from /opt/airflow/dags/cleaning/hour_clean.py
[2025-09-15T06:43:27.847+0000] {processor.py:842} WARNING - No viable dags retrieved from /opt/airflow/dags/cleaning/hour_clean.py
[2025-09-15T06:43:27.861+0000] {processor.py:183} INFO - Processing /opt/airflow/dags/cleaning/hour_clean.py took 0.033 seconds
[2025-09-15T06:43:58.275+0000] {processor.py:161} INFO - Started process (PID=2862) to work on /opt/airflow/dags/cleaning/hour_clean.py
[2025-09-15T06:43:58.276+0000] {processor.py:830} INFO - Processing file /opt/airflow/dags/cleaning/hour_clean.py for tasks to queue
[2025-09-15T06:43:58.278+0000] {logging_mixin.py:188} INFO - [2025-09-15T06:43:58.278+0000] {dagbag.py:540} INFO - Filling up the DagBag from /opt/airflow/dags/cleaning/hour_clean.py
[2025-09-15T06:43:58.290+0000] {processor.py:842} WARNING - No viable dags retrieved from /opt/airflow/dags/cleaning/hour_clean.py
[2025-09-15T06:43:58.306+0000] {processor.py:183} INFO - Processing /opt/airflow/dags/cleaning/hour_clean.py took 0.037 seconds
[2025-09-15T06:44:28.890+0000] {processor.py:161} INFO - Started process (PID=2897) to work on /opt/airflow/dags/cleaning/hour_clean.py
[2025-09-15T06:44:28.891+0000] {processor.py:830} INFO - Processing file /opt/airflow/dags/cleaning/hour_clean.py for tasks to queue
[2025-09-15T06:44:28.894+0000] {logging_mixin.py:188} INFO - [2025-09-15T06:44:28.893+0000] {dagbag.py:540} INFO - Filling up the DagBag from /opt/airflow/dags/cleaning/hour_clean.py
[2025-09-15T06:44:28.904+0000] {processor.py:842} WARNING - No viable dags retrieved from /opt/airflow/dags/cleaning/hour_clean.py
[2025-09-15T06:44:28.919+0000] {processor.py:183} INFO - Processing /opt/airflow/dags/cleaning/hour_clean.py took 0.033 seconds
[2025-09-15T06:44:59.498+0000] {processor.py:161} INFO - Started process (PID=2932) to work on /opt/airflow/dags/cleaning/hour_clean.py
[2025-09-15T06:44:59.499+0000] {processor.py:830} INFO - Processing file /opt/airflow/dags/cleaning/hour_clean.py for tasks to queue
[2025-09-15T06:44:59.502+0000] {logging_mixin.py:188} INFO - [2025-09-15T06:44:59.502+0000] {dagbag.py:540} INFO - Filling up the DagBag from /opt/airflow/dags/cleaning/hour_clean.py
[2025-09-15T06:44:59.516+0000] {processor.py:842} WARNING - No viable dags retrieved from /opt/airflow/dags/cleaning/hour_clean.py
[2025-09-15T06:44:59.531+0000] {processor.py:183} INFO - Processing /opt/airflow/dags/cleaning/hour_clean.py took 0.038 seconds
[2025-09-15T06:45:30.021+0000] {processor.py:161} INFO - Started process (PID=2967) to work on /opt/airflow/dags/cleaning/hour_clean.py
[2025-09-15T06:45:30.022+0000] {processor.py:830} INFO - Processing file /opt/airflow/dags/cleaning/hour_clean.py for tasks to queue
[2025-09-15T06:45:30.024+0000] {logging_mixin.py:188} INFO - [2025-09-15T06:45:30.024+0000] {dagbag.py:540} INFO - Filling up the DagBag from /opt/airflow/dags/cleaning/hour_clean.py
[2025-09-15T06:45:30.039+0000] {processor.py:842} WARNING - No viable dags retrieved from /opt/airflow/dags/cleaning/hour_clean.py
[2025-09-15T06:45:30.056+0000] {processor.py:183} INFO - Processing /opt/airflow/dags/cleaning/hour_clean.py took 0.040 seconds
[2025-09-15T06:46:00.618+0000] {processor.py:161} INFO - Started process (PID=3002) to work on /opt/airflow/dags/cleaning/hour_clean.py
[2025-09-15T06:46:00.619+0000] {processor.py:830} INFO - Processing file /opt/airflow/dags/cleaning/hour_clean.py for tasks to queue
[2025-09-15T06:46:00.621+0000] {logging_mixin.py:188} INFO - [2025-09-15T06:46:00.620+0000] {dagbag.py:540} INFO - Filling up the DagBag from /opt/airflow/dags/cleaning/hour_clean.py
[2025-09-15T06:46:00.634+0000] {processor.py:842} WARNING - No viable dags retrieved from /opt/airflow/dags/cleaning/hour_clean.py
[2025-09-15T06:46:00.649+0000] {processor.py:183} INFO - Processing /opt/airflow/dags/cleaning/hour_clean.py took 0.037 seconds
[2025-09-15T06:46:31.203+0000] {processor.py:161} INFO - Started process (PID=3037) to work on /opt/airflow/dags/cleaning/hour_clean.py
[2025-09-15T06:46:31.204+0000] {processor.py:830} INFO - Processing file /opt/airflow/dags/cleaning/hour_clean.py for tasks to queue
[2025-09-15T06:46:31.206+0000] {logging_mixin.py:188} INFO - [2025-09-15T06:46:31.206+0000] {dagbag.py:540} INFO - Filling up the DagBag from /opt/airflow/dags/cleaning/hour_clean.py
[2025-09-15T06:46:31.218+0000] {processor.py:842} WARNING - No viable dags retrieved from /opt/airflow/dags/cleaning/hour_clean.py
[2025-09-15T06:46:31.234+0000] {processor.py:183} INFO - Processing /opt/airflow/dags/cleaning/hour_clean.py took 0.036 seconds
[2025-09-15T06:47:01.926+0000] {processor.py:161} INFO - Started process (PID=3072) to work on /opt/airflow/dags/cleaning/hour_clean.py
[2025-09-15T06:47:01.927+0000] {processor.py:830} INFO - Processing file /opt/airflow/dags/cleaning/hour_clean.py for tasks to queue
[2025-09-15T06:47:01.930+0000] {logging_mixin.py:188} INFO - [2025-09-15T06:47:01.929+0000] {dagbag.py:540} INFO - Filling up the DagBag from /opt/airflow/dags/cleaning/hour_clean.py
[2025-09-15T06:47:01.950+0000] {processor.py:842} WARNING - No viable dags retrieved from /opt/airflow/dags/cleaning/hour_clean.py
[2025-09-15T06:47:01.964+0000] {processor.py:183} INFO - Processing /opt/airflow/dags/cleaning/hour_clean.py took 0.043 seconds
[2025-09-15T06:53:37.095+0000] {processor.py:161} INFO - Started process (PID=3107) to work on /opt/airflow/dags/cleaning/hour_clean.py
[2025-09-15T06:53:37.107+0000] {processor.py:830} INFO - Processing file /opt/airflow/dags/cleaning/hour_clean.py for tasks to queue
[2025-09-15T06:53:37.114+0000] {logging_mixin.py:188} INFO - [2025-09-15T06:53:37.113+0000] {dagbag.py:540} INFO - Filling up the DagBag from /opt/airflow/dags/cleaning/hour_clean.py
[2025-09-15T06:53:37.298+0000] {processor.py:842} WARNING - No viable dags retrieved from /opt/airflow/dags/cleaning/hour_clean.py
[2025-09-15T06:53:37.371+0000] {processor.py:183} INFO - Processing /opt/airflow/dags/cleaning/hour_clean.py took 0.355 seconds
[2025-09-15T06:54:07.441+0000] {processor.py:161} INFO - Started process (PID=3144) to work on /opt/airflow/dags/cleaning/hour_clean.py
[2025-09-15T06:54:07.442+0000] {processor.py:830} INFO - Processing file /opt/airflow/dags/cleaning/hour_clean.py for tasks to queue
[2025-09-15T06:54:07.443+0000] {logging_mixin.py:188} INFO - [2025-09-15T06:54:07.443+0000] {dagbag.py:540} INFO - Filling up the DagBag from /opt/airflow/dags/cleaning/hour_clean.py
[2025-09-15T06:54:07.456+0000] {processor.py:842} WARNING - No viable dags retrieved from /opt/airflow/dags/cleaning/hour_clean.py
[2025-09-15T06:54:07.470+0000] {processor.py:183} INFO - Processing /opt/airflow/dags/cleaning/hour_clean.py took 0.034 seconds
[2025-09-15T06:54:38.087+0000] {processor.py:161} INFO - Started process (PID=3174) to work on /opt/airflow/dags/cleaning/hour_clean.py
[2025-09-15T06:54:38.088+0000] {processor.py:830} INFO - Processing file /opt/airflow/dags/cleaning/hour_clean.py for tasks to queue
[2025-09-15T06:54:38.089+0000] {logging_mixin.py:188} INFO - [2025-09-15T06:54:38.089+0000] {dagbag.py:540} INFO - Filling up the DagBag from /opt/airflow/dags/cleaning/hour_clean.py
[2025-09-15T06:54:38.102+0000] {processor.py:842} WARNING - No viable dags retrieved from /opt/airflow/dags/cleaning/hour_clean.py
[2025-09-15T06:54:38.118+0000] {processor.py:183} INFO - Processing /opt/airflow/dags/cleaning/hour_clean.py took 0.036 seconds
[2025-09-15T06:55:07.856+0000] {processor.py:161} INFO - Started process (PID=3209) to work on /opt/airflow/dags/cleaning/hour_clean.py
[2025-09-15T06:55:07.857+0000] {processor.py:830} INFO - Processing file /opt/airflow/dags/cleaning/hour_clean.py for tasks to queue
[2025-09-15T06:55:07.859+0000] {logging_mixin.py:188} INFO - [2025-09-15T06:55:07.859+0000] {dagbag.py:540} INFO - Filling up the DagBag from /opt/airflow/dags/cleaning/hour_clean.py
[2025-09-15T06:55:07.873+0000] {processor.py:842} WARNING - No viable dags retrieved from /opt/airflow/dags/cleaning/hour_clean.py
[2025-09-15T06:55:07.889+0000] {processor.py:183} INFO - Processing /opt/airflow/dags/cleaning/hour_clean.py took 0.039 seconds
[2025-09-15T06:55:38.803+0000] {processor.py:161} INFO - Started process (PID=3242) to work on /opt/airflow/dags/cleaning/hour_clean.py
[2025-09-15T06:55:38.804+0000] {processor.py:830} INFO - Processing file /opt/airflow/dags/cleaning/hour_clean.py for tasks to queue
[2025-09-15T06:55:38.805+0000] {logging_mixin.py:188} INFO - [2025-09-15T06:55:38.805+0000] {dagbag.py:540} INFO - Filling up the DagBag from /opt/airflow/dags/cleaning/hour_clean.py
[2025-09-15T06:55:38.818+0000] {processor.py:842} WARNING - No viable dags retrieved from /opt/airflow/dags/cleaning/hour_clean.py
[2025-09-15T06:55:38.835+0000] {processor.py:183} INFO - Processing /opt/airflow/dags/cleaning/hour_clean.py took 0.037 seconds
[2025-09-15T06:56:09.544+0000] {processor.py:161} INFO - Started process (PID=3277) to work on /opt/airflow/dags/cleaning/hour_clean.py
[2025-09-15T06:56:09.545+0000] {processor.py:830} INFO - Processing file /opt/airflow/dags/cleaning/hour_clean.py for tasks to queue
[2025-09-15T06:56:09.546+0000] {logging_mixin.py:188} INFO - [2025-09-15T06:56:09.546+0000] {dagbag.py:540} INFO - Filling up the DagBag from /opt/airflow/dags/cleaning/hour_clean.py
[2025-09-15T06:56:09.557+0000] {processor.py:842} WARNING - No viable dags retrieved from /opt/airflow/dags/cleaning/hour_clean.py
[2025-09-15T06:56:09.571+0000] {processor.py:183} INFO - Processing /opt/airflow/dags/cleaning/hour_clean.py took 0.033 seconds
[2025-09-15T06:56:40.568+0000] {processor.py:161} INFO - Started process (PID=3312) to work on /opt/airflow/dags/cleaning/hour_clean.py
[2025-09-15T06:56:40.569+0000] {processor.py:830} INFO - Processing file /opt/airflow/dags/cleaning/hour_clean.py for tasks to queue
[2025-09-15T06:56:40.569+0000] {logging_mixin.py:188} INFO - [2025-09-15T06:56:40.569+0000] {dagbag.py:540} INFO - Filling up the DagBag from /opt/airflow/dags/cleaning/hour_clean.py
[2025-09-15T06:56:40.581+0000] {processor.py:842} WARNING - No viable dags retrieved from /opt/airflow/dags/cleaning/hour_clean.py
[2025-09-15T06:56:40.595+0000] {processor.py:183} INFO - Processing /opt/airflow/dags/cleaning/hour_clean.py took 0.033 seconds
[2025-09-15T06:57:11.295+0000] {processor.py:161} INFO - Started process (PID=3347) to work on /opt/airflow/dags/cleaning/hour_clean.py
[2025-09-15T06:57:11.296+0000] {processor.py:830} INFO - Processing file /opt/airflow/dags/cleaning/hour_clean.py for tasks to queue
[2025-09-15T06:57:11.296+0000] {logging_mixin.py:188} INFO - [2025-09-15T06:57:11.296+0000] {dagbag.py:540} INFO - Filling up the DagBag from /opt/airflow/dags/cleaning/hour_clean.py
[2025-09-15T06:57:11.310+0000] {processor.py:842} WARNING - No viable dags retrieved from /opt/airflow/dags/cleaning/hour_clean.py
[2025-09-15T06:57:11.325+0000] {processor.py:183} INFO - Processing /opt/airflow/dags/cleaning/hour_clean.py took 0.035 seconds
[2025-09-15T06:57:42.078+0000] {processor.py:161} INFO - Started process (PID=3382) to work on /opt/airflow/dags/cleaning/hour_clean.py
[2025-09-15T06:57:42.091+0000] {processor.py:830} INFO - Processing file /opt/airflow/dags/cleaning/hour_clean.py for tasks to queue
[2025-09-15T06:57:42.099+0000] {logging_mixin.py:188} INFO - [2025-09-15T06:57:42.096+0000] {dagbag.py:540} INFO - Filling up the DagBag from /opt/airflow/dags/cleaning/hour_clean.py
[2025-09-15T06:57:42.143+0000] {processor.py:842} WARNING - No viable dags retrieved from /opt/airflow/dags/cleaning/hour_clean.py
[2025-09-15T06:57:42.208+0000] {processor.py:183} INFO - Processing /opt/airflow/dags/cleaning/hour_clean.py took 0.187 seconds
[2025-09-15T06:58:12.345+0000] {processor.py:161} INFO - Started process (PID=3414) to work on /opt/airflow/dags/cleaning/hour_clean.py
[2025-09-15T06:58:12.346+0000] {processor.py:830} INFO - Processing file /opt/airflow/dags/cleaning/hour_clean.py for tasks to queue
[2025-09-15T06:58:12.347+0000] {logging_mixin.py:188} INFO - [2025-09-15T06:58:12.347+0000] {dagbag.py:540} INFO - Filling up the DagBag from /opt/airflow/dags/cleaning/hour_clean.py
[2025-09-15T06:58:12.362+0000] {processor.py:842} WARNING - No viable dags retrieved from /opt/airflow/dags/cleaning/hour_clean.py
[2025-09-15T06:58:12.385+0000] {processor.py:183} INFO - Processing /opt/airflow/dags/cleaning/hour_clean.py took 0.050 seconds
[2025-09-15T06:58:43.071+0000] {processor.py:161} INFO - Started process (PID=3452) to work on /opt/airflow/dags/cleaning/hour_clean.py
[2025-09-15T06:58:43.072+0000] {processor.py:830} INFO - Processing file /opt/airflow/dags/cleaning/hour_clean.py for tasks to queue
[2025-09-15T06:58:43.073+0000] {logging_mixin.py:188} INFO - [2025-09-15T06:58:43.073+0000] {dagbag.py:540} INFO - Filling up the DagBag from /opt/airflow/dags/cleaning/hour_clean.py
[2025-09-15T06:58:43.085+0000] {processor.py:842} WARNING - No viable dags retrieved from /opt/airflow/dags/cleaning/hour_clean.py
[2025-09-15T06:58:43.101+0000] {processor.py:183} INFO - Processing /opt/airflow/dags/cleaning/hour_clean.py took 0.037 seconds
[2025-09-15T06:59:13.681+0000] {processor.py:161} INFO - Started process (PID=3487) to work on /opt/airflow/dags/cleaning/hour_clean.py
[2025-09-15T06:59:13.682+0000] {processor.py:830} INFO - Processing file /opt/airflow/dags/cleaning/hour_clean.py for tasks to queue
[2025-09-15T06:59:13.683+0000] {logging_mixin.py:188} INFO - [2025-09-15T06:59:13.683+0000] {dagbag.py:540} INFO - Filling up the DagBag from /opt/airflow/dags/cleaning/hour_clean.py
[2025-09-15T06:59:13.695+0000] {processor.py:842} WARNING - No viable dags retrieved from /opt/airflow/dags/cleaning/hour_clean.py
[2025-09-15T06:59:13.710+0000] {processor.py:183} INFO - Processing /opt/airflow/dags/cleaning/hour_clean.py took 0.034 seconds
[2025-09-15T06:59:44.613+0000] {processor.py:161} INFO - Started process (PID=3522) to work on /opt/airflow/dags/cleaning/hour_clean.py
[2025-09-15T06:59:44.620+0000] {processor.py:830} INFO - Processing file /opt/airflow/dags/cleaning/hour_clean.py for tasks to queue
[2025-09-15T06:59:44.621+0000] {logging_mixin.py:188} INFO - [2025-09-15T06:59:44.620+0000] {dagbag.py:540} INFO - Filling up the DagBag from /opt/airflow/dags/cleaning/hour_clean.py
[2025-09-15T06:59:44.637+0000] {processor.py:842} WARNING - No viable dags retrieved from /opt/airflow/dags/cleaning/hour_clean.py
[2025-09-15T06:59:44.659+0000] {processor.py:183} INFO - Processing /opt/airflow/dags/cleaning/hour_clean.py took 0.053 seconds
[2025-09-15T07:00:15.252+0000] {processor.py:161} INFO - Started process (PID=3557) to work on /opt/airflow/dags/cleaning/hour_clean.py
[2025-09-15T07:00:15.253+0000] {processor.py:830} INFO - Processing file /opt/airflow/dags/cleaning/hour_clean.py for tasks to queue
[2025-09-15T07:00:15.254+0000] {logging_mixin.py:188} INFO - [2025-09-15T07:00:15.254+0000] {dagbag.py:540} INFO - Filling up the DagBag from /opt/airflow/dags/cleaning/hour_clean.py
[2025-09-15T07:00:15.270+0000] {processor.py:842} WARNING - No viable dags retrieved from /opt/airflow/dags/cleaning/hour_clean.py
[2025-09-15T07:00:15.286+0000] {processor.py:183} INFO - Processing /opt/airflow/dags/cleaning/hour_clean.py took 0.039 seconds
[2025-09-15T07:00:46.092+0000] {processor.py:161} INFO - Started process (PID=3592) to work on /opt/airflow/dags/cleaning/hour_clean.py
[2025-09-15T07:00:46.093+0000] {processor.py:830} INFO - Processing file /opt/airflow/dags/cleaning/hour_clean.py for tasks to queue
[2025-09-15T07:00:46.095+0000] {logging_mixin.py:188} INFO - [2025-09-15T07:00:46.094+0000] {dagbag.py:540} INFO - Filling up the DagBag from /opt/airflow/dags/cleaning/hour_clean.py
[2025-09-15T07:00:46.108+0000] {processor.py:842} WARNING - No viable dags retrieved from /opt/airflow/dags/cleaning/hour_clean.py
[2025-09-15T07:00:46.126+0000] {processor.py:183} INFO - Processing /opt/airflow/dags/cleaning/hour_clean.py took 0.039 seconds
[2025-09-15T07:01:16.851+0000] {processor.py:161} INFO - Started process (PID=3627) to work on /opt/airflow/dags/cleaning/hour_clean.py
[2025-09-15T07:01:16.852+0000] {processor.py:830} INFO - Processing file /opt/airflow/dags/cleaning/hour_clean.py for tasks to queue
[2025-09-15T07:01:16.853+0000] {logging_mixin.py:188} INFO - [2025-09-15T07:01:16.853+0000] {dagbag.py:540} INFO - Filling up the DagBag from /opt/airflow/dags/cleaning/hour_clean.py
[2025-09-15T07:01:16.869+0000] {processor.py:842} WARNING - No viable dags retrieved from /opt/airflow/dags/cleaning/hour_clean.py
[2025-09-15T07:01:16.887+0000] {processor.py:183} INFO - Processing /opt/airflow/dags/cleaning/hour_clean.py took 0.043 seconds
[2025-09-15T07:01:47.725+0000] {processor.py:161} INFO - Started process (PID=3662) to work on /opt/airflow/dags/cleaning/hour_clean.py
[2025-09-15T07:01:47.726+0000] {processor.py:830} INFO - Processing file /opt/airflow/dags/cleaning/hour_clean.py for tasks to queue
[2025-09-15T07:01:47.727+0000] {logging_mixin.py:188} INFO - [2025-09-15T07:01:47.727+0000] {dagbag.py:540} INFO - Filling up the DagBag from /opt/airflow/dags/cleaning/hour_clean.py
[2025-09-15T07:01:47.742+0000] {processor.py:842} WARNING - No viable dags retrieved from /opt/airflow/dags/cleaning/hour_clean.py
[2025-09-15T07:01:47.764+0000] {processor.py:183} INFO - Processing /opt/airflow/dags/cleaning/hour_clean.py took 0.044 seconds
[2025-09-15T07:02:18.574+0000] {processor.py:161} INFO - Started process (PID=3697) to work on /opt/airflow/dags/cleaning/hour_clean.py
[2025-09-15T07:02:18.575+0000] {processor.py:830} INFO - Processing file /opt/airflow/dags/cleaning/hour_clean.py for tasks to queue
[2025-09-15T07:02:18.576+0000] {logging_mixin.py:188} INFO - [2025-09-15T07:02:18.576+0000] {dagbag.py:540} INFO - Filling up the DagBag from /opt/airflow/dags/cleaning/hour_clean.py
[2025-09-15T07:02:18.588+0000] {processor.py:842} WARNING - No viable dags retrieved from /opt/airflow/dags/cleaning/hour_clean.py
[2025-09-15T07:02:18.604+0000] {processor.py:183} INFO - Processing /opt/airflow/dags/cleaning/hour_clean.py took 0.034 seconds
[2025-09-15T07:02:49.467+0000] {processor.py:161} INFO - Started process (PID=3732) to work on /opt/airflow/dags/cleaning/hour_clean.py
[2025-09-15T07:02:49.468+0000] {processor.py:830} INFO - Processing file /opt/airflow/dags/cleaning/hour_clean.py for tasks to queue
[2025-09-15T07:02:49.469+0000] {logging_mixin.py:188} INFO - [2025-09-15T07:02:49.469+0000] {dagbag.py:540} INFO - Filling up the DagBag from /opt/airflow/dags/cleaning/hour_clean.py
[2025-09-15T07:02:49.480+0000] {processor.py:842} WARNING - No viable dags retrieved from /opt/airflow/dags/cleaning/hour_clean.py
[2025-09-15T07:02:49.495+0000] {processor.py:183} INFO - Processing /opt/airflow/dags/cleaning/hour_clean.py took 0.033 seconds
[2025-09-15T07:03:20.092+0000] {processor.py:161} INFO - Started process (PID=3767) to work on /opt/airflow/dags/cleaning/hour_clean.py
[2025-09-15T07:03:20.093+0000] {processor.py:830} INFO - Processing file /opt/airflow/dags/cleaning/hour_clean.py for tasks to queue
[2025-09-15T07:03:20.094+0000] {logging_mixin.py:188} INFO - [2025-09-15T07:03:20.093+0000] {dagbag.py:540} INFO - Filling up the DagBag from /opt/airflow/dags/cleaning/hour_clean.py
[2025-09-15T07:03:20.104+0000] {processor.py:842} WARNING - No viable dags retrieved from /opt/airflow/dags/cleaning/hour_clean.py
[2025-09-15T07:03:20.121+0000] {processor.py:183} INFO - Processing /opt/airflow/dags/cleaning/hour_clean.py took 0.034 seconds
[2025-09-15T07:03:50.466+0000] {processor.py:161} INFO - Started process (PID=3802) to work on /opt/airflow/dags/cleaning/hour_clean.py
[2025-09-15T07:03:50.467+0000] {processor.py:830} INFO - Processing file /opt/airflow/dags/cleaning/hour_clean.py for tasks to queue
[2025-09-15T07:03:50.468+0000] {logging_mixin.py:188} INFO - [2025-09-15T07:03:50.468+0000] {dagbag.py:540} INFO - Filling up the DagBag from /opt/airflow/dags/cleaning/hour_clean.py
[2025-09-15T07:03:50.496+0000] {processor.py:842} WARNING - No viable dags retrieved from /opt/airflow/dags/cleaning/hour_clean.py
[2025-09-15T07:03:50.514+0000] {processor.py:183} INFO - Processing /opt/airflow/dags/cleaning/hour_clean.py took 0.054 seconds
[2025-09-15T07:04:21.390+0000] {processor.py:161} INFO - Started process (PID=3837) to work on /opt/airflow/dags/cleaning/hour_clean.py
[2025-09-15T07:04:21.390+0000] {processor.py:830} INFO - Processing file /opt/airflow/dags/cleaning/hour_clean.py for tasks to queue
[2025-09-15T07:04:21.391+0000] {logging_mixin.py:188} INFO - [2025-09-15T07:04:21.391+0000] {dagbag.py:540} INFO - Filling up the DagBag from /opt/airflow/dags/cleaning/hour_clean.py
[2025-09-15T07:04:21.402+0000] {processor.py:842} WARNING - No viable dags retrieved from /opt/airflow/dags/cleaning/hour_clean.py
[2025-09-15T07:04:21.421+0000] {processor.py:183} INFO - Processing /opt/airflow/dags/cleaning/hour_clean.py took 0.037 seconds
[2025-09-15T07:04:52.116+0000] {processor.py:161} INFO - Started process (PID=3872) to work on /opt/airflow/dags/cleaning/hour_clean.py
[2025-09-15T07:04:52.117+0000] {processor.py:830} INFO - Processing file /opt/airflow/dags/cleaning/hour_clean.py for tasks to queue
[2025-09-15T07:04:52.118+0000] {logging_mixin.py:188} INFO - [2025-09-15T07:04:52.118+0000] {dagbag.py:540} INFO - Filling up the DagBag from /opt/airflow/dags/cleaning/hour_clean.py
[2025-09-15T07:04:52.129+0000] {processor.py:842} WARNING - No viable dags retrieved from /opt/airflow/dags/cleaning/hour_clean.py
[2025-09-15T07:04:52.146+0000] {processor.py:183} INFO - Processing /opt/airflow/dags/cleaning/hour_clean.py took 0.035 seconds
[2025-09-15T07:05:22.714+0000] {processor.py:161} INFO - Started process (PID=3907) to work on /opt/airflow/dags/cleaning/hour_clean.py
[2025-09-15T07:05:22.715+0000] {processor.py:830} INFO - Processing file /opt/airflow/dags/cleaning/hour_clean.py for tasks to queue
[2025-09-15T07:05:22.716+0000] {logging_mixin.py:188} INFO - [2025-09-15T07:05:22.716+0000] {dagbag.py:540} INFO - Filling up the DagBag from /opt/airflow/dags/cleaning/hour_clean.py
[2025-09-15T07:05:22.729+0000] {processor.py:842} WARNING - No viable dags retrieved from /opt/airflow/dags/cleaning/hour_clean.py
[2025-09-15T07:05:22.743+0000] {processor.py:183} INFO - Processing /opt/airflow/dags/cleaning/hour_clean.py took 0.035 seconds
[2025-09-15T07:05:53.250+0000] {processor.py:161} INFO - Started process (PID=3942) to work on /opt/airflow/dags/cleaning/hour_clean.py
[2025-09-15T07:05:53.251+0000] {processor.py:830} INFO - Processing file /opt/airflow/dags/cleaning/hour_clean.py for tasks to queue
[2025-09-15T07:05:53.252+0000] {logging_mixin.py:188} INFO - [2025-09-15T07:05:53.251+0000] {dagbag.py:540} INFO - Filling up the DagBag from /opt/airflow/dags/cleaning/hour_clean.py
[2025-09-15T07:05:53.263+0000] {processor.py:842} WARNING - No viable dags retrieved from /opt/airflow/dags/cleaning/hour_clean.py
[2025-09-15T07:05:53.278+0000] {processor.py:183} INFO - Processing /opt/airflow/dags/cleaning/hour_clean.py took 0.034 seconds
[2025-09-15T07:06:23.863+0000] {processor.py:161} INFO - Started process (PID=3977) to work on /opt/airflow/dags/cleaning/hour_clean.py
[2025-09-15T07:06:23.864+0000] {processor.py:830} INFO - Processing file /opt/airflow/dags/cleaning/hour_clean.py for tasks to queue
[2025-09-15T07:06:23.865+0000] {logging_mixin.py:188} INFO - [2025-09-15T07:06:23.864+0000] {dagbag.py:540} INFO - Filling up the DagBag from /opt/airflow/dags/cleaning/hour_clean.py
[2025-09-15T07:06:23.878+0000] {processor.py:842} WARNING - No viable dags retrieved from /opt/airflow/dags/cleaning/hour_clean.py
[2025-09-15T07:06:23.893+0000] {processor.py:183} INFO - Processing /opt/airflow/dags/cleaning/hour_clean.py took 0.036 seconds
[2025-09-15T07:06:54.143+0000] {processor.py:161} INFO - Started process (PID=4012) to work on /opt/airflow/dags/cleaning/hour_clean.py
[2025-09-15T07:06:54.144+0000] {processor.py:830} INFO - Processing file /opt/airflow/dags/cleaning/hour_clean.py for tasks to queue
[2025-09-15T07:06:54.145+0000] {logging_mixin.py:188} INFO - [2025-09-15T07:06:54.145+0000] {dagbag.py:540} INFO - Filling up the DagBag from /opt/airflow/dags/cleaning/hour_clean.py
[2025-09-15T07:06:54.158+0000] {processor.py:842} WARNING - No viable dags retrieved from /opt/airflow/dags/cleaning/hour_clean.py
[2025-09-15T07:06:54.175+0000] {processor.py:183} INFO - Processing /opt/airflow/dags/cleaning/hour_clean.py took 0.038 seconds
[2025-09-15T07:07:24.705+0000] {processor.py:161} INFO - Started process (PID=4047) to work on /opt/airflow/dags/cleaning/hour_clean.py
[2025-09-15T07:07:24.706+0000] {processor.py:830} INFO - Processing file /opt/airflow/dags/cleaning/hour_clean.py for tasks to queue
[2025-09-15T07:07:24.707+0000] {logging_mixin.py:188} INFO - [2025-09-15T07:07:24.706+0000] {dagbag.py:540} INFO - Filling up the DagBag from /opt/airflow/dags/cleaning/hour_clean.py
[2025-09-15T07:07:24.717+0000] {processor.py:842} WARNING - No viable dags retrieved from /opt/airflow/dags/cleaning/hour_clean.py
[2025-09-15T07:07:24.734+0000] {processor.py:183} INFO - Processing /opt/airflow/dags/cleaning/hour_clean.py took 0.034 seconds
[2025-09-15T07:07:55.306+0000] {processor.py:161} INFO - Started process (PID=4082) to work on /opt/airflow/dags/cleaning/hour_clean.py
[2025-09-15T07:07:55.308+0000] {processor.py:830} INFO - Processing file /opt/airflow/dags/cleaning/hour_clean.py for tasks to queue
[2025-09-15T07:07:55.308+0000] {logging_mixin.py:188} INFO - [2025-09-15T07:07:55.308+0000] {dagbag.py:540} INFO - Filling up the DagBag from /opt/airflow/dags/cleaning/hour_clean.py
[2025-09-15T07:07:55.321+0000] {processor.py:842} WARNING - No viable dags retrieved from /opt/airflow/dags/cleaning/hour_clean.py
[2025-09-15T07:07:55.335+0000] {processor.py:183} INFO - Processing /opt/airflow/dags/cleaning/hour_clean.py took 0.035 seconds
[2025-09-15T07:38:46.584+0000] {processor.py:161} INFO - Started process (PID=4118) to work on /opt/airflow/dags/cleaning/hour_clean.py
[2025-09-15T07:38:46.596+0000] {processor.py:830} INFO - Processing file /opt/airflow/dags/cleaning/hour_clean.py for tasks to queue
[2025-09-15T07:38:46.603+0000] {logging_mixin.py:188} INFO - [2025-09-15T07:38:46.601+0000] {dagbag.py:540} INFO - Filling up the DagBag from /opt/airflow/dags/cleaning/hour_clean.py
[2025-09-15T07:38:46.929+0000] {processor.py:842} WARNING - No viable dags retrieved from /opt/airflow/dags/cleaning/hour_clean.py
[2025-09-15T07:38:47.992+0000] {processor.py:183} INFO - Processing /opt/airflow/dags/cleaning/hour_clean.py took 1.479 seconds
[2025-09-15T07:39:18.662+0000] {processor.py:161} INFO - Started process (PID=4150) to work on /opt/airflow/dags/cleaning/hour_clean.py
[2025-09-15T07:39:18.664+0000] {processor.py:830} INFO - Processing file /opt/airflow/dags/cleaning/hour_clean.py for tasks to queue
[2025-09-15T07:39:18.665+0000] {logging_mixin.py:188} INFO - [2025-09-15T07:39:18.665+0000] {dagbag.py:540} INFO - Filling up the DagBag from /opt/airflow/dags/cleaning/hour_clean.py
[2025-09-15T07:39:18.681+0000] {processor.py:842} WARNING - No viable dags retrieved from /opt/airflow/dags/cleaning/hour_clean.py
[2025-09-15T07:39:18.707+0000] {processor.py:183} INFO - Processing /opt/airflow/dags/cleaning/hour_clean.py took 0.054 seconds
[2025-09-15T07:39:49.261+0000] {processor.py:161} INFO - Started process (PID=4185) to work on /opt/airflow/dags/cleaning/hour_clean.py
[2025-09-15T07:39:49.262+0000] {processor.py:830} INFO - Processing file /opt/airflow/dags/cleaning/hour_clean.py for tasks to queue
[2025-09-15T07:39:49.263+0000] {logging_mixin.py:188} INFO - [2025-09-15T07:39:49.263+0000] {dagbag.py:540} INFO - Filling up the DagBag from /opt/airflow/dags/cleaning/hour_clean.py
[2025-09-15T07:39:49.274+0000] {processor.py:842} WARNING - No viable dags retrieved from /opt/airflow/dags/cleaning/hour_clean.py
[2025-09-15T07:39:49.290+0000] {processor.py:183} INFO - Processing /opt/airflow/dags/cleaning/hour_clean.py took 0.036 seconds
[2025-09-15T07:40:19.975+0000] {processor.py:161} INFO - Started process (PID=4220) to work on /opt/airflow/dags/cleaning/hour_clean.py
[2025-09-15T07:40:19.976+0000] {processor.py:830} INFO - Processing file /opt/airflow/dags/cleaning/hour_clean.py for tasks to queue
[2025-09-15T07:40:19.977+0000] {logging_mixin.py:188} INFO - [2025-09-15T07:40:19.977+0000] {dagbag.py:540} INFO - Filling up the DagBag from /opt/airflow/dags/cleaning/hour_clean.py
[2025-09-15T07:40:19.989+0000] {processor.py:842} WARNING - No viable dags retrieved from /opt/airflow/dags/cleaning/hour_clean.py
[2025-09-15T07:40:20.007+0000] {processor.py:183} INFO - Processing /opt/airflow/dags/cleaning/hour_clean.py took 0.038 seconds
[2025-09-15T07:40:50.543+0000] {processor.py:161} INFO - Started process (PID=4255) to work on /opt/airflow/dags/cleaning/hour_clean.py
[2025-09-15T07:40:50.544+0000] {processor.py:830} INFO - Processing file /opt/airflow/dags/cleaning/hour_clean.py for tasks to queue
[2025-09-15T07:40:50.545+0000] {logging_mixin.py:188} INFO - [2025-09-15T07:40:50.545+0000] {dagbag.py:540} INFO - Filling up the DagBag from /opt/airflow/dags/cleaning/hour_clean.py
[2025-09-15T07:40:50.558+0000] {processor.py:842} WARNING - No viable dags retrieved from /opt/airflow/dags/cleaning/hour_clean.py
[2025-09-15T07:40:50.573+0000] {processor.py:183} INFO - Processing /opt/airflow/dags/cleaning/hour_clean.py took 0.036 seconds
[2025-09-15T07:41:21.181+0000] {processor.py:161} INFO - Started process (PID=4290) to work on /opt/airflow/dags/cleaning/hour_clean.py
[2025-09-15T07:41:21.182+0000] {processor.py:830} INFO - Processing file /opt/airflow/dags/cleaning/hour_clean.py for tasks to queue
[2025-09-15T07:41:21.183+0000] {logging_mixin.py:188} INFO - [2025-09-15T07:41:21.182+0000] {dagbag.py:540} INFO - Filling up the DagBag from /opt/airflow/dags/cleaning/hour_clean.py
[2025-09-15T07:41:21.194+0000] {processor.py:842} WARNING - No viable dags retrieved from /opt/airflow/dags/cleaning/hour_clean.py
[2025-09-15T07:41:21.208+0000] {processor.py:183} INFO - Processing /opt/airflow/dags/cleaning/hour_clean.py took 0.033 seconds
[2025-09-15T07:41:51.854+0000] {processor.py:161} INFO - Started process (PID=4325) to work on /opt/airflow/dags/cleaning/hour_clean.py
[2025-09-15T07:41:51.855+0000] {processor.py:830} INFO - Processing file /opt/airflow/dags/cleaning/hour_clean.py for tasks to queue
[2025-09-15T07:41:51.856+0000] {logging_mixin.py:188} INFO - [2025-09-15T07:41:51.855+0000] {dagbag.py:540} INFO - Filling up the DagBag from /opt/airflow/dags/cleaning/hour_clean.py
[2025-09-15T07:41:51.868+0000] {processor.py:842} WARNING - No viable dags retrieved from /opt/airflow/dags/cleaning/hour_clean.py
[2025-09-15T07:41:51.883+0000] {processor.py:183} INFO - Processing /opt/airflow/dags/cleaning/hour_clean.py took 0.035 seconds
[2025-09-15T07:42:22.516+0000] {processor.py:161} INFO - Started process (PID=4360) to work on /opt/airflow/dags/cleaning/hour_clean.py
[2025-09-15T07:42:22.517+0000] {processor.py:830} INFO - Processing file /opt/airflow/dags/cleaning/hour_clean.py for tasks to queue
[2025-09-15T07:42:22.518+0000] {logging_mixin.py:188} INFO - [2025-09-15T07:42:22.518+0000] {dagbag.py:540} INFO - Filling up the DagBag from /opt/airflow/dags/cleaning/hour_clean.py
[2025-09-15T07:42:22.529+0000] {processor.py:842} WARNING - No viable dags retrieved from /opt/airflow/dags/cleaning/hour_clean.py
[2025-09-15T07:42:22.545+0000] {processor.py:183} INFO - Processing /opt/airflow/dags/cleaning/hour_clean.py took 0.034 seconds
[2025-09-15T07:42:53.199+0000] {processor.py:161} INFO - Started process (PID=4395) to work on /opt/airflow/dags/cleaning/hour_clean.py
[2025-09-15T07:42:53.200+0000] {processor.py:830} INFO - Processing file /opt/airflow/dags/cleaning/hour_clean.py for tasks to queue
[2025-09-15T07:42:53.200+0000] {logging_mixin.py:188} INFO - [2025-09-15T07:42:53.200+0000] {dagbag.py:540} INFO - Filling up the DagBag from /opt/airflow/dags/cleaning/hour_clean.py
[2025-09-15T07:42:53.212+0000] {processor.py:842} WARNING - No viable dags retrieved from /opt/airflow/dags/cleaning/hour_clean.py
[2025-09-15T07:42:53.226+0000] {processor.py:183} INFO - Processing /opt/airflow/dags/cleaning/hour_clean.py took 0.032 seconds
[2025-09-15T07:43:23.885+0000] {processor.py:161} INFO - Started process (PID=4430) to work on /opt/airflow/dags/cleaning/hour_clean.py
[2025-09-15T07:43:23.886+0000] {processor.py:830} INFO - Processing file /opt/airflow/dags/cleaning/hour_clean.py for tasks to queue
[2025-09-15T07:43:23.887+0000] {logging_mixin.py:188} INFO - [2025-09-15T07:43:23.887+0000] {dagbag.py:540} INFO - Filling up the DagBag from /opt/airflow/dags/cleaning/hour_clean.py
[2025-09-15T07:43:23.902+0000] {processor.py:842} WARNING - No viable dags retrieved from /opt/airflow/dags/cleaning/hour_clean.py
[2025-09-15T07:43:23.922+0000] {processor.py:183} INFO - Processing /opt/airflow/dags/cleaning/hour_clean.py took 0.044 seconds
[2025-09-15T07:43:54.737+0000] {processor.py:161} INFO - Started process (PID=4465) to work on /opt/airflow/dags/cleaning/hour_clean.py
[2025-09-15T07:43:54.738+0000] {processor.py:830} INFO - Processing file /opt/airflow/dags/cleaning/hour_clean.py for tasks to queue
[2025-09-15T07:43:54.739+0000] {logging_mixin.py:188} INFO - [2025-09-15T07:43:54.739+0000] {dagbag.py:540} INFO - Filling up the DagBag from /opt/airflow/dags/cleaning/hour_clean.py
[2025-09-15T07:43:54.751+0000] {processor.py:842} WARNING - No viable dags retrieved from /opt/airflow/dags/cleaning/hour_clean.py
[2025-09-15T07:43:54.768+0000] {processor.py:183} INFO - Processing /opt/airflow/dags/cleaning/hour_clean.py took 0.036 seconds
[2025-09-15T07:44:25.460+0000] {processor.py:161} INFO - Started process (PID=4500) to work on /opt/airflow/dags/cleaning/hour_clean.py
[2025-09-15T07:44:25.464+0000] {processor.py:830} INFO - Processing file /opt/airflow/dags/cleaning/hour_clean.py for tasks to queue
[2025-09-15T07:44:25.467+0000] {logging_mixin.py:188} INFO - [2025-09-15T07:44:25.466+0000] {dagbag.py:540} INFO - Filling up the DagBag from /opt/airflow/dags/cleaning/hour_clean.py
[2025-09-15T07:44:25.488+0000] {processor.py:842} WARNING - No viable dags retrieved from /opt/airflow/dags/cleaning/hour_clean.py
[2025-09-15T07:44:25.507+0000] {processor.py:183} INFO - Processing /opt/airflow/dags/cleaning/hour_clean.py took 0.072 seconds
[2025-09-15T07:44:56.325+0000] {processor.py:161} INFO - Started process (PID=4535) to work on /opt/airflow/dags/cleaning/hour_clean.py
[2025-09-15T07:44:56.326+0000] {processor.py:830} INFO - Processing file /opt/airflow/dags/cleaning/hour_clean.py for tasks to queue
[2025-09-15T07:44:56.327+0000] {logging_mixin.py:188} INFO - [2025-09-15T07:44:56.326+0000] {dagbag.py:540} INFO - Filling up the DagBag from /opt/airflow/dags/cleaning/hour_clean.py
[2025-09-15T07:44:56.340+0000] {processor.py:842} WARNING - No viable dags retrieved from /opt/airflow/dags/cleaning/hour_clean.py
[2025-09-15T07:44:56.355+0000] {processor.py:183} INFO - Processing /opt/airflow/dags/cleaning/hour_clean.py took 0.037 seconds
[2025-09-15T07:45:26.748+0000] {processor.py:161} INFO - Started process (PID=4570) to work on /opt/airflow/dags/cleaning/hour_clean.py
[2025-09-15T07:45:26.749+0000] {processor.py:830} INFO - Processing file /opt/airflow/dags/cleaning/hour_clean.py for tasks to queue
[2025-09-15T07:45:26.750+0000] {logging_mixin.py:188} INFO - [2025-09-15T07:45:26.750+0000] {dagbag.py:540} INFO - Filling up the DagBag from /opt/airflow/dags/cleaning/hour_clean.py
[2025-09-15T07:45:26.765+0000] {processor.py:842} WARNING - No viable dags retrieved from /opt/airflow/dags/cleaning/hour_clean.py
[2025-09-15T07:45:26.783+0000] {processor.py:183} INFO - Processing /opt/airflow/dags/cleaning/hour_clean.py took 0.040 seconds
[2025-09-15T07:45:57.762+0000] {processor.py:161} INFO - Started process (PID=4605) to work on /opt/airflow/dags/cleaning/hour_clean.py
[2025-09-15T07:45:57.764+0000] {processor.py:830} INFO - Processing file /opt/airflow/dags/cleaning/hour_clean.py for tasks to queue
[2025-09-15T07:45:57.764+0000] {logging_mixin.py:188} INFO - [2025-09-15T07:45:57.764+0000] {dagbag.py:540} INFO - Filling up the DagBag from /opt/airflow/dags/cleaning/hour_clean.py
[2025-09-15T07:45:57.776+0000] {processor.py:842} WARNING - No viable dags retrieved from /opt/airflow/dags/cleaning/hour_clean.py
[2025-09-15T07:45:57.791+0000] {processor.py:183} INFO - Processing /opt/airflow/dags/cleaning/hour_clean.py took 0.034 seconds
[2025-09-15T07:46:28.580+0000] {processor.py:161} INFO - Started process (PID=4640) to work on /opt/airflow/dags/cleaning/hour_clean.py
[2025-09-15T07:46:28.581+0000] {processor.py:830} INFO - Processing file /opt/airflow/dags/cleaning/hour_clean.py for tasks to queue
[2025-09-15T07:46:28.581+0000] {logging_mixin.py:188} INFO - [2025-09-15T07:46:28.581+0000] {dagbag.py:540} INFO - Filling up the DagBag from /opt/airflow/dags/cleaning/hour_clean.py
[2025-09-15T07:46:28.593+0000] {processor.py:842} WARNING - No viable dags retrieved from /opt/airflow/dags/cleaning/hour_clean.py
[2025-09-15T07:46:28.608+0000] {processor.py:183} INFO - Processing /opt/airflow/dags/cleaning/hour_clean.py took 0.034 seconds
[2025-09-15T07:46:59.311+0000] {processor.py:161} INFO - Started process (PID=4675) to work on /opt/airflow/dags/cleaning/hour_clean.py
[2025-09-15T07:46:59.317+0000] {processor.py:830} INFO - Processing file /opt/airflow/dags/cleaning/hour_clean.py for tasks to queue
[2025-09-15T07:46:59.318+0000] {logging_mixin.py:188} INFO - [2025-09-15T07:46:59.317+0000] {dagbag.py:540} INFO - Filling up the DagBag from /opt/airflow/dags/cleaning/hour_clean.py
[2025-09-15T07:46:59.336+0000] {processor.py:842} WARNING - No viable dags retrieved from /opt/airflow/dags/cleaning/hour_clean.py
[2025-09-15T07:46:59.431+0000] {processor.py:183} INFO - Processing /opt/airflow/dags/cleaning/hour_clean.py took 0.147 seconds
[2025-09-15T07:47:29.643+0000] {processor.py:161} INFO - Started process (PID=4710) to work on /opt/airflow/dags/cleaning/hour_clean.py
[2025-09-15T07:47:29.645+0000] {processor.py:830} INFO - Processing file /opt/airflow/dags/cleaning/hour_clean.py for tasks to queue
[2025-09-15T07:47:29.647+0000] {logging_mixin.py:188} INFO - [2025-09-15T07:47:29.646+0000] {dagbag.py:540} INFO - Filling up the DagBag from /opt/airflow/dags/cleaning/hour_clean.py
[2025-09-15T07:47:29.663+0000] {processor.py:842} WARNING - No viable dags retrieved from /opt/airflow/dags/cleaning/hour_clean.py
[2025-09-15T07:47:29.685+0000] {processor.py:183} INFO - Processing /opt/airflow/dags/cleaning/hour_clean.py took 0.049 seconds
[2025-09-15T07:48:00.565+0000] {processor.py:161} INFO - Started process (PID=4745) to work on /opt/airflow/dags/cleaning/hour_clean.py
[2025-09-15T07:48:00.567+0000] {processor.py:830} INFO - Processing file /opt/airflow/dags/cleaning/hour_clean.py for tasks to queue
[2025-09-15T07:48:00.568+0000] {logging_mixin.py:188} INFO - [2025-09-15T07:48:00.568+0000] {dagbag.py:540} INFO - Filling up the DagBag from /opt/airflow/dags/cleaning/hour_clean.py
[2025-09-15T07:48:00.584+0000] {processor.py:842} WARNING - No viable dags retrieved from /opt/airflow/dags/cleaning/hour_clean.py
[2025-09-15T07:48:00.604+0000] {processor.py:183} INFO - Processing /opt/airflow/dags/cleaning/hour_clean.py took 0.045 seconds
[2025-09-15T07:48:31.301+0000] {processor.py:161} INFO - Started process (PID=4780) to work on /opt/airflow/dags/cleaning/hour_clean.py
[2025-09-15T07:48:31.302+0000] {processor.py:830} INFO - Processing file /opt/airflow/dags/cleaning/hour_clean.py for tasks to queue
[2025-09-15T07:48:31.303+0000] {logging_mixin.py:188} INFO - [2025-09-15T07:48:31.303+0000] {dagbag.py:540} INFO - Filling up the DagBag from /opt/airflow/dags/cleaning/hour_clean.py
[2025-09-15T07:48:31.316+0000] {processor.py:842} WARNING - No viable dags retrieved from /opt/airflow/dags/cleaning/hour_clean.py
[2025-09-15T07:48:31.332+0000] {processor.py:183} INFO - Processing /opt/airflow/dags/cleaning/hour_clean.py took 0.039 seconds
[2025-09-15T07:49:01.546+0000] {processor.py:161} INFO - Started process (PID=4815) to work on /opt/airflow/dags/cleaning/hour_clean.py
[2025-09-15T07:49:01.547+0000] {processor.py:830} INFO - Processing file /opt/airflow/dags/cleaning/hour_clean.py for tasks to queue
[2025-09-15T07:49:01.548+0000] {logging_mixin.py:188} INFO - [2025-09-15T07:49:01.548+0000] {dagbag.py:540} INFO - Filling up the DagBag from /opt/airflow/dags/cleaning/hour_clean.py
[2025-09-15T07:49:01.563+0000] {processor.py:842} WARNING - No viable dags retrieved from /opt/airflow/dags/cleaning/hour_clean.py
[2025-09-15T07:49:01.580+0000] {processor.py:183} INFO - Processing /opt/airflow/dags/cleaning/hour_clean.py took 0.040 seconds
[2025-09-15T07:49:32.220+0000] {processor.py:161} INFO - Started process (PID=4850) to work on /opt/airflow/dags/cleaning/hour_clean.py
[2025-09-15T07:49:32.221+0000] {processor.py:830} INFO - Processing file /opt/airflow/dags/cleaning/hour_clean.py for tasks to queue
[2025-09-15T07:49:32.222+0000] {logging_mixin.py:188} INFO - [2025-09-15T07:49:32.221+0000] {dagbag.py:540} INFO - Filling up the DagBag from /opt/airflow/dags/cleaning/hour_clean.py
[2025-09-15T07:49:32.234+0000] {processor.py:842} WARNING - No viable dags retrieved from /opt/airflow/dags/cleaning/hour_clean.py
[2025-09-15T07:49:32.251+0000] {processor.py:183} INFO - Processing /opt/airflow/dags/cleaning/hour_clean.py took 0.037 seconds
[2025-09-15T07:50:03.055+0000] {processor.py:161} INFO - Started process (PID=4885) to work on /opt/airflow/dags/cleaning/hour_clean.py
[2025-09-15T07:50:03.056+0000] {processor.py:830} INFO - Processing file /opt/airflow/dags/cleaning/hour_clean.py for tasks to queue
[2025-09-15T07:50:03.057+0000] {logging_mixin.py:188} INFO - [2025-09-15T07:50:03.057+0000] {dagbag.py:540} INFO - Filling up the DagBag from /opt/airflow/dags/cleaning/hour_clean.py
[2025-09-15T07:50:03.073+0000] {processor.py:842} WARNING - No viable dags retrieved from /opt/airflow/dags/cleaning/hour_clean.py
[2025-09-15T07:50:03.089+0000] {processor.py:183} INFO - Processing /opt/airflow/dags/cleaning/hour_clean.py took 0.040 seconds
[2025-09-15T07:50:34.040+0000] {processor.py:161} INFO - Started process (PID=4920) to work on /opt/airflow/dags/cleaning/hour_clean.py
[2025-09-15T07:50:34.041+0000] {processor.py:830} INFO - Processing file /opt/airflow/dags/cleaning/hour_clean.py for tasks to queue
[2025-09-15T07:50:34.042+0000] {logging_mixin.py:188} INFO - [2025-09-15T07:50:34.042+0000] {dagbag.py:540} INFO - Filling up the DagBag from /opt/airflow/dags/cleaning/hour_clean.py
[2025-09-15T07:50:34.057+0000] {processor.py:842} WARNING - No viable dags retrieved from /opt/airflow/dags/cleaning/hour_clean.py
[2025-09-15T07:50:34.076+0000] {processor.py:183} INFO - Processing /opt/airflow/dags/cleaning/hour_clean.py took 0.044 seconds
[2025-09-15T07:51:04.997+0000] {processor.py:161} INFO - Started process (PID=4955) to work on /opt/airflow/dags/cleaning/hour_clean.py
[2025-09-15T07:51:04.998+0000] {processor.py:830} INFO - Processing file /opt/airflow/dags/cleaning/hour_clean.py for tasks to queue
[2025-09-15T07:51:04.999+0000] {logging_mixin.py:188} INFO - [2025-09-15T07:51:04.998+0000] {dagbag.py:540} INFO - Filling up the DagBag from /opt/airflow/dags/cleaning/hour_clean.py
[2025-09-15T07:51:05.010+0000] {processor.py:842} WARNING - No viable dags retrieved from /opt/airflow/dags/cleaning/hour_clean.py
[2025-09-15T07:51:05.025+0000] {processor.py:183} INFO - Processing /opt/airflow/dags/cleaning/hour_clean.py took 0.035 seconds
[2025-09-15T07:51:35.706+0000] {processor.py:161} INFO - Started process (PID=4990) to work on /opt/airflow/dags/cleaning/hour_clean.py
[2025-09-15T07:51:35.707+0000] {processor.py:830} INFO - Processing file /opt/airflow/dags/cleaning/hour_clean.py for tasks to queue
[2025-09-15T07:51:35.708+0000] {logging_mixin.py:188} INFO - [2025-09-15T07:51:35.708+0000] {dagbag.py:540} INFO - Filling up the DagBag from /opt/airflow/dags/cleaning/hour_clean.py
[2025-09-15T07:51:35.720+0000] {processor.py:842} WARNING - No viable dags retrieved from /opt/airflow/dags/cleaning/hour_clean.py
[2025-09-15T07:51:35.734+0000] {processor.py:183} INFO - Processing /opt/airflow/dags/cleaning/hour_clean.py took 0.033 seconds
[2025-09-15T07:52:06.485+0000] {processor.py:161} INFO - Started process (PID=5025) to work on /opt/airflow/dags/cleaning/hour_clean.py
[2025-09-15T07:52:06.486+0000] {processor.py:830} INFO - Processing file /opt/airflow/dags/cleaning/hour_clean.py for tasks to queue
[2025-09-15T07:52:06.487+0000] {logging_mixin.py:188} INFO - [2025-09-15T07:52:06.486+0000] {dagbag.py:540} INFO - Filling up the DagBag from /opt/airflow/dags/cleaning/hour_clean.py
[2025-09-15T07:52:06.497+0000] {processor.py:842} WARNING - No viable dags retrieved from /opt/airflow/dags/cleaning/hour_clean.py
[2025-09-15T07:52:06.511+0000] {processor.py:183} INFO - Processing /opt/airflow/dags/cleaning/hour_clean.py took 0.031 seconds
[2025-09-15T07:52:37.240+0000] {processor.py:161} INFO - Started process (PID=5060) to work on /opt/airflow/dags/cleaning/hour_clean.py
[2025-09-15T07:52:37.242+0000] {processor.py:830} INFO - Processing file /opt/airflow/dags/cleaning/hour_clean.py for tasks to queue
[2025-09-15T07:52:37.243+0000] {logging_mixin.py:188} INFO - [2025-09-15T07:52:37.242+0000] {dagbag.py:540} INFO - Filling up the DagBag from /opt/airflow/dags/cleaning/hour_clean.py
[2025-09-15T07:52:37.255+0000] {processor.py:842} WARNING - No viable dags retrieved from /opt/airflow/dags/cleaning/hour_clean.py
[2025-09-15T07:52:37.273+0000] {processor.py:183} INFO - Processing /opt/airflow/dags/cleaning/hour_clean.py took 0.039 seconds
[2025-09-15T07:53:08.111+0000] {processor.py:161} INFO - Started process (PID=5095) to work on /opt/airflow/dags/cleaning/hour_clean.py
[2025-09-15T07:53:08.112+0000] {processor.py:830} INFO - Processing file /opt/airflow/dags/cleaning/hour_clean.py for tasks to queue
[2025-09-15T07:53:08.113+0000] {logging_mixin.py:188} INFO - [2025-09-15T07:53:08.112+0000] {dagbag.py:540} INFO - Filling up the DagBag from /opt/airflow/dags/cleaning/hour_clean.py
[2025-09-15T07:53:08.128+0000] {processor.py:842} WARNING - No viable dags retrieved from /opt/airflow/dags/cleaning/hour_clean.py
[2025-09-15T07:53:08.148+0000] {processor.py:183} INFO - Processing /opt/airflow/dags/cleaning/hour_clean.py took 0.044 seconds
[2025-09-15T07:53:39.008+0000] {processor.py:161} INFO - Started process (PID=5130) to work on /opt/airflow/dags/cleaning/hour_clean.py
[2025-09-15T07:53:39.010+0000] {processor.py:830} INFO - Processing file /opt/airflow/dags/cleaning/hour_clean.py for tasks to queue
[2025-09-15T07:53:39.011+0000] {logging_mixin.py:188} INFO - [2025-09-15T07:53:39.011+0000] {dagbag.py:540} INFO - Filling up the DagBag from /opt/airflow/dags/cleaning/hour_clean.py
[2025-09-15T07:53:39.024+0000] {processor.py:842} WARNING - No viable dags retrieved from /opt/airflow/dags/cleaning/hour_clean.py
[2025-09-15T07:53:39.040+0000] {processor.py:183} INFO - Processing /opt/airflow/dags/cleaning/hour_clean.py took 0.038 seconds
[2025-09-15T07:54:09.820+0000] {processor.py:161} INFO - Started process (PID=5165) to work on /opt/airflow/dags/cleaning/hour_clean.py
[2025-09-15T07:54:09.821+0000] {processor.py:830} INFO - Processing file /opt/airflow/dags/cleaning/hour_clean.py for tasks to queue
[2025-09-15T07:54:09.822+0000] {logging_mixin.py:188} INFO - [2025-09-15T07:54:09.822+0000] {dagbag.py:540} INFO - Filling up the DagBag from /opt/airflow/dags/cleaning/hour_clean.py
[2025-09-15T07:54:09.835+0000] {processor.py:842} WARNING - No viable dags retrieved from /opt/airflow/dags/cleaning/hour_clean.py
[2025-09-15T07:54:09.853+0000] {processor.py:183} INFO - Processing /opt/airflow/dags/cleaning/hour_clean.py took 0.039 seconds
[2025-09-15T07:54:40.568+0000] {processor.py:161} INFO - Started process (PID=5200) to work on /opt/airflow/dags/cleaning/hour_clean.py
[2025-09-15T07:54:40.570+0000] {processor.py:830} INFO - Processing file /opt/airflow/dags/cleaning/hour_clean.py for tasks to queue
[2025-09-15T07:54:40.571+0000] {logging_mixin.py:188} INFO - [2025-09-15T07:54:40.570+0000] {dagbag.py:540} INFO - Filling up the DagBag from /opt/airflow/dags/cleaning/hour_clean.py
[2025-09-15T07:54:40.584+0000] {processor.py:842} WARNING - No viable dags retrieved from /opt/airflow/dags/cleaning/hour_clean.py
[2025-09-15T07:54:40.601+0000] {processor.py:183} INFO - Processing /opt/airflow/dags/cleaning/hour_clean.py took 0.038 seconds
[2025-09-15T07:55:11.315+0000] {processor.py:161} INFO - Started process (PID=5235) to work on /opt/airflow/dags/cleaning/hour_clean.py
[2025-09-15T07:55:11.316+0000] {processor.py:830} INFO - Processing file /opt/airflow/dags/cleaning/hour_clean.py for tasks to queue
[2025-09-15T07:55:11.317+0000] {logging_mixin.py:188} INFO - [2025-09-15T07:55:11.317+0000] {dagbag.py:540} INFO - Filling up the DagBag from /opt/airflow/dags/cleaning/hour_clean.py
[2025-09-15T07:55:11.329+0000] {processor.py:842} WARNING - No viable dags retrieved from /opt/airflow/dags/cleaning/hour_clean.py
[2025-09-15T07:55:11.350+0000] {processor.py:183} INFO - Processing /opt/airflow/dags/cleaning/hour_clean.py took 0.041 seconds
[2025-09-15T07:55:42.077+0000] {processor.py:161} INFO - Started process (PID=5270) to work on /opt/airflow/dags/cleaning/hour_clean.py
[2025-09-15T07:55:42.079+0000] {processor.py:830} INFO - Processing file /opt/airflow/dags/cleaning/hour_clean.py for tasks to queue
[2025-09-15T07:55:42.080+0000] {logging_mixin.py:188} INFO - [2025-09-15T07:55:42.080+0000] {dagbag.py:540} INFO - Filling up the DagBag from /opt/airflow/dags/cleaning/hour_clean.py
[2025-09-15T07:55:42.098+0000] {processor.py:842} WARNING - No viable dags retrieved from /opt/airflow/dags/cleaning/hour_clean.py
[2025-09-15T07:55:42.115+0000] {processor.py:183} INFO - Processing /opt/airflow/dags/cleaning/hour_clean.py took 0.044 seconds
[2025-09-15T07:56:12.744+0000] {processor.py:161} INFO - Started process (PID=5305) to work on /opt/airflow/dags/cleaning/hour_clean.py
[2025-09-15T07:56:12.745+0000] {processor.py:830} INFO - Processing file /opt/airflow/dags/cleaning/hour_clean.py for tasks to queue
[2025-09-15T07:56:12.746+0000] {logging_mixin.py:188} INFO - [2025-09-15T07:56:12.746+0000] {dagbag.py:540} INFO - Filling up the DagBag from /opt/airflow/dags/cleaning/hour_clean.py
[2025-09-15T07:56:12.758+0000] {processor.py:842} WARNING - No viable dags retrieved from /opt/airflow/dags/cleaning/hour_clean.py
[2025-09-15T07:56:12.775+0000] {processor.py:183} INFO - Processing /opt/airflow/dags/cleaning/hour_clean.py took 0.037 seconds
[2025-09-15T07:56:43.429+0000] {processor.py:161} INFO - Started process (PID=5340) to work on /opt/airflow/dags/cleaning/hour_clean.py
[2025-09-15T07:56:43.430+0000] {processor.py:830} INFO - Processing file /opt/airflow/dags/cleaning/hour_clean.py for tasks to queue
[2025-09-15T07:56:43.431+0000] {logging_mixin.py:188} INFO - [2025-09-15T07:56:43.430+0000] {dagbag.py:540} INFO - Filling up the DagBag from /opt/airflow/dags/cleaning/hour_clean.py
[2025-09-15T07:56:43.442+0000] {processor.py:842} WARNING - No viable dags retrieved from /opt/airflow/dags/cleaning/hour_clean.py
[2025-09-15T07:56:43.457+0000] {processor.py:183} INFO - Processing /opt/airflow/dags/cleaning/hour_clean.py took 0.034 seconds
[2025-09-15T07:57:14.320+0000] {processor.py:161} INFO - Started process (PID=5375) to work on /opt/airflow/dags/cleaning/hour_clean.py
[2025-09-15T07:57:14.321+0000] {processor.py:830} INFO - Processing file /opt/airflow/dags/cleaning/hour_clean.py for tasks to queue
[2025-09-15T07:57:14.322+0000] {logging_mixin.py:188} INFO - [2025-09-15T07:57:14.322+0000] {dagbag.py:540} INFO - Filling up the DagBag from /opt/airflow/dags/cleaning/hour_clean.py
[2025-09-15T07:57:14.340+0000] {processor.py:842} WARNING - No viable dags retrieved from /opt/airflow/dags/cleaning/hour_clean.py
[2025-09-15T07:57:14.359+0000] {processor.py:183} INFO - Processing /opt/airflow/dags/cleaning/hour_clean.py took 0.046 seconds
[2025-09-15T07:57:44.931+0000] {processor.py:161} INFO - Started process (PID=5410) to work on /opt/airflow/dags/cleaning/hour_clean.py
[2025-09-15T07:57:44.932+0000] {processor.py:830} INFO - Processing file /opt/airflow/dags/cleaning/hour_clean.py for tasks to queue
[2025-09-15T07:57:44.933+0000] {logging_mixin.py:188} INFO - [2025-09-15T07:57:44.933+0000] {dagbag.py:540} INFO - Filling up the DagBag from /opt/airflow/dags/cleaning/hour_clean.py
[2025-09-15T07:57:44.946+0000] {processor.py:842} WARNING - No viable dags retrieved from /opt/airflow/dags/cleaning/hour_clean.py
[2025-09-15T07:57:44.962+0000] {processor.py:183} INFO - Processing /opt/airflow/dags/cleaning/hour_clean.py took 0.037 seconds
[2025-09-15T07:58:15.582+0000] {processor.py:161} INFO - Started process (PID=5445) to work on /opt/airflow/dags/cleaning/hour_clean.py
[2025-09-15T07:58:15.583+0000] {processor.py:830} INFO - Processing file /opt/airflow/dags/cleaning/hour_clean.py for tasks to queue
[2025-09-15T07:58:15.584+0000] {logging_mixin.py:188} INFO - [2025-09-15T07:58:15.584+0000] {dagbag.py:540} INFO - Filling up the DagBag from /opt/airflow/dags/cleaning/hour_clean.py
[2025-09-15T07:58:15.598+0000] {processor.py:842} WARNING - No viable dags retrieved from /opt/airflow/dags/cleaning/hour_clean.py
[2025-09-15T07:58:15.614+0000] {processor.py:183} INFO - Processing /opt/airflow/dags/cleaning/hour_clean.py took 0.038 seconds
[2025-09-15T07:58:46.429+0000] {processor.py:161} INFO - Started process (PID=5480) to work on /opt/airflow/dags/cleaning/hour_clean.py
[2025-09-15T07:58:46.433+0000] {processor.py:830} INFO - Processing file /opt/airflow/dags/cleaning/hour_clean.py for tasks to queue
[2025-09-15T07:58:46.434+0000] {logging_mixin.py:188} INFO - [2025-09-15T07:58:46.434+0000] {dagbag.py:540} INFO - Filling up the DagBag from /opt/airflow/dags/cleaning/hour_clean.py
[2025-09-15T07:58:46.447+0000] {processor.py:842} WARNING - No viable dags retrieved from /opt/airflow/dags/cleaning/hour_clean.py
[2025-09-15T07:58:46.463+0000] {processor.py:183} INFO - Processing /opt/airflow/dags/cleaning/hour_clean.py took 0.041 seconds
[2025-09-15T07:59:17.125+0000] {processor.py:161} INFO - Started process (PID=5515) to work on /opt/airflow/dags/cleaning/hour_clean.py
[2025-09-15T07:59:17.127+0000] {processor.py:830} INFO - Processing file /opt/airflow/dags/cleaning/hour_clean.py for tasks to queue
[2025-09-15T07:59:17.128+0000] {logging_mixin.py:188} INFO - [2025-09-15T07:59:17.128+0000] {dagbag.py:540} INFO - Filling up the DagBag from /opt/airflow/dags/cleaning/hour_clean.py
[2025-09-15T07:59:17.141+0000] {processor.py:842} WARNING - No viable dags retrieved from /opt/airflow/dags/cleaning/hour_clean.py
[2025-09-15T07:59:17.157+0000] {processor.py:183} INFO - Processing /opt/airflow/dags/cleaning/hour_clean.py took 0.037 seconds
[2025-09-15T07:59:47.776+0000] {processor.py:161} INFO - Started process (PID=5550) to work on /opt/airflow/dags/cleaning/hour_clean.py
[2025-09-15T07:59:47.778+0000] {processor.py:830} INFO - Processing file /opt/airflow/dags/cleaning/hour_clean.py for tasks to queue
[2025-09-15T07:59:47.779+0000] {logging_mixin.py:188} INFO - [2025-09-15T07:59:47.778+0000] {dagbag.py:540} INFO - Filling up the DagBag from /opt/airflow/dags/cleaning/hour_clean.py
[2025-09-15T07:59:47.793+0000] {processor.py:842} WARNING - No viable dags retrieved from /opt/airflow/dags/cleaning/hour_clean.py
[2025-09-15T07:59:47.319+0000] {processor.py:183} INFO - Processing /opt/airflow/dags/cleaning/hour_clean.py took 0.045 seconds
[2025-09-15T08:00:18.265+0000] {processor.py:161} INFO - Started process (PID=5585) to work on /opt/airflow/dags/cleaning/hour_clean.py
[2025-09-15T08:00:18.266+0000] {processor.py:830} INFO - Processing file /opt/airflow/dags/cleaning/hour_clean.py for tasks to queue
[2025-09-15T08:00:18.267+0000] {logging_mixin.py:188} INFO - [2025-09-15T08:00:18.267+0000] {dagbag.py:540} INFO - Filling up the DagBag from /opt/airflow/dags/cleaning/hour_clean.py
[2025-09-15T08:00:18.282+0000] {processor.py:842} WARNING - No viable dags retrieved from /opt/airflow/dags/cleaning/hour_clean.py
[2025-09-15T08:00:18.301+0000] {processor.py:183} INFO - Processing /opt/airflow/dags/cleaning/hour_clean.py took 0.047 seconds
[2025-09-15T08:00:48.858+0000] {processor.py:161} INFO - Started process (PID=5620) to work on /opt/airflow/dags/cleaning/hour_clean.py
[2025-09-15T08:00:48.859+0000] {processor.py:830} INFO - Processing file /opt/airflow/dags/cleaning/hour_clean.py for tasks to queue
[2025-09-15T08:00:48.860+0000] {logging_mixin.py:188} INFO - [2025-09-15T08:00:48.860+0000] {dagbag.py:540} INFO - Filling up the DagBag from /opt/airflow/dags/cleaning/hour_clean.py
[2025-09-15T08:00:48.872+0000] {processor.py:842} WARNING - No viable dags retrieved from /opt/airflow/dags/cleaning/hour_clean.py
[2025-09-15T08:00:48.887+0000] {processor.py:183} INFO - Processing /opt/airflow/dags/cleaning/hour_clean.py took 0.037 seconds
[2025-09-15T08:01:19.492+0000] {processor.py:161} INFO - Started process (PID=5655) to work on /opt/airflow/dags/cleaning/hour_clean.py
[2025-09-15T08:01:19.493+0000] {processor.py:830} INFO - Processing file /opt/airflow/dags/cleaning/hour_clean.py for tasks to queue
[2025-09-15T08:01:19.494+0000] {logging_mixin.py:188} INFO - [2025-09-15T08:01:19.493+0000] {dagbag.py:540} INFO - Filling up the DagBag from /opt/airflow/dags/cleaning/hour_clean.py
[2025-09-15T08:01:19.504+0000] {processor.py:842} WARNING - No viable dags retrieved from /opt/airflow/dags/cleaning/hour_clean.py
[2025-09-15T08:01:19.519+0000] {processor.py:183} INFO - Processing /opt/airflow/dags/cleaning/hour_clean.py took 0.033 seconds
[2025-09-15T08:01:50.121+0000] {processor.py:161} INFO - Started process (PID=5690) to work on /opt/airflow/dags/cleaning/hour_clean.py
[2025-09-15T08:01:50.123+0000] {processor.py:830} INFO - Processing file /opt/airflow/dags/cleaning/hour_clean.py for tasks to queue
[2025-09-15T08:01:50.126+0000] {logging_mixin.py:188} INFO - [2025-09-15T08:01:50.125+0000] {dagbag.py:540} INFO - Filling up the DagBag from /opt/airflow/dags/cleaning/hour_clean.py
[2025-09-15T08:01:50.140+0000] {processor.py:842} WARNING - No viable dags retrieved from /opt/airflow/dags/cleaning/hour_clean.py
[2025-09-15T08:01:50.167+0000] {processor.py:183} INFO - Processing /opt/airflow/dags/cleaning/hour_clean.py took 0.053 seconds
[2025-09-15T08:02:20.799+0000] {processor.py:161} INFO - Started process (PID=5725) to work on /opt/airflow/dags/cleaning/hour_clean.py
[2025-09-15T08:02:20.800+0000] {processor.py:830} INFO - Processing file /opt/airflow/dags/cleaning/hour_clean.py for tasks to queue
[2025-09-15T08:02:20.801+0000] {logging_mixin.py:188} INFO - [2025-09-15T08:02:20.801+0000] {dagbag.py:540} INFO - Filling up the DagBag from /opt/airflow/dags/cleaning/hour_clean.py
[2025-09-15T08:02:20.813+0000] {processor.py:842} WARNING - No viable dags retrieved from /opt/airflow/dags/cleaning/hour_clean.py
[2025-09-15T08:02:20.829+0000] {processor.py:183} INFO - Processing /opt/airflow/dags/cleaning/hour_clean.py took 0.039 seconds
[2025-09-15T08:02:51.567+0000] {processor.py:161} INFO - Started process (PID=5760) to work on /opt/airflow/dags/cleaning/hour_clean.py
[2025-09-15T08:02:51.568+0000] {processor.py:830} INFO - Processing file /opt/airflow/dags/cleaning/hour_clean.py for tasks to queue
[2025-09-15T08:02:51.569+0000] {logging_mixin.py:188} INFO - [2025-09-15T08:02:51.568+0000] {dagbag.py:540} INFO - Filling up the DagBag from /opt/airflow/dags/cleaning/hour_clean.py
[2025-09-15T08:02:51.580+0000] {processor.py:842} WARNING - No viable dags retrieved from /opt/airflow/dags/cleaning/hour_clean.py
[2025-09-15T08:02:51.596+0000] {processor.py:183} INFO - Processing /opt/airflow/dags/cleaning/hour_clean.py took 0.035 seconds
[2025-09-15T08:03:22.161+0000] {processor.py:161} INFO - Started process (PID=5795) to work on /opt/airflow/dags/cleaning/hour_clean.py
[2025-09-15T08:03:22.163+0000] {processor.py:830} INFO - Processing file /opt/airflow/dags/cleaning/hour_clean.py for tasks to queue
[2025-09-15T08:03:22.164+0000] {logging_mixin.py:188} INFO - [2025-09-15T08:03:22.163+0000] {dagbag.py:540} INFO - Filling up the DagBag from /opt/airflow/dags/cleaning/hour_clean.py
[2025-09-15T08:03:22.175+0000] {processor.py:842} WARNING - No viable dags retrieved from /opt/airflow/dags/cleaning/hour_clean.py
[2025-09-15T08:03:22.190+0000] {processor.py:183} INFO - Processing /opt/airflow/dags/cleaning/hour_clean.py took 0.035 seconds
[2025-09-15T08:03:53.235+0000] {processor.py:161} INFO - Started process (PID=5830) to work on /opt/airflow/dags/cleaning/hour_clean.py
[2025-09-15T08:03:53.236+0000] {processor.py:830} INFO - Processing file /opt/airflow/dags/cleaning/hour_clean.py for tasks to queue
[2025-09-15T08:03:53.237+0000] {logging_mixin.py:188} INFO - [2025-09-15T08:03:53.237+0000] {dagbag.py:540} INFO - Filling up the DagBag from /opt/airflow/dags/cleaning/hour_clean.py
[2025-09-15T08:03:53.251+0000] {processor.py:842} WARNING - No viable dags retrieved from /opt/airflow/dags/cleaning/hour_clean.py
[2025-09-15T08:03:53.266+0000] {processor.py:183} INFO - Processing /opt/airflow/dags/cleaning/hour_clean.py took 0.037 seconds
[2025-09-15T08:04:23.890+0000] {processor.py:161} INFO - Started process (PID=5865) to work on /opt/airflow/dags/cleaning/hour_clean.py
[2025-09-15T08:04:23.892+0000] {processor.py:830} INFO - Processing file /opt/airflow/dags/cleaning/hour_clean.py for tasks to queue
[2025-09-15T08:04:23.893+0000] {logging_mixin.py:188} INFO - [2025-09-15T08:04:23.892+0000] {dagbag.py:540} INFO - Filling up the DagBag from /opt/airflow/dags/cleaning/hour_clean.py
[2025-09-15T08:04:23.908+0000] {processor.py:842} WARNING - No viable dags retrieved from /opt/airflow/dags/cleaning/hour_clean.py
[2025-09-15T08:04:23.925+0000] {processor.py:183} INFO - Processing /opt/airflow/dags/cleaning/hour_clean.py took 0.040 seconds
[2025-09-15T08:04:54.938+0000] {processor.py:161} INFO - Started process (PID=5900) to work on /opt/airflow/dags/cleaning/hour_clean.py
[2025-09-15T08:04:54.939+0000] {processor.py:830} INFO - Processing file /opt/airflow/dags/cleaning/hour_clean.py for tasks to queue
[2025-09-15T08:04:54.940+0000] {logging_mixin.py:188} INFO - [2025-09-15T08:04:54.940+0000] {dagbag.py:540} INFO - Filling up the DagBag from /opt/airflow/dags/cleaning/hour_clean.py
[2025-09-15T08:04:54.951+0000] {processor.py:842} WARNING - No viable dags retrieved from /opt/airflow/dags/cleaning/hour_clean.py
[2025-09-15T08:04:54.980+0000] {processor.py:183} INFO - Processing /opt/airflow/dags/cleaning/hour_clean.py took 0.047 seconds
[2025-09-15T08:05:25.564+0000] {processor.py:161} INFO - Started process (PID=5935) to work on /opt/airflow/dags/cleaning/hour_clean.py
[2025-09-15T08:05:25.566+0000] {processor.py:830} INFO - Processing file /opt/airflow/dags/cleaning/hour_clean.py for tasks to queue
[2025-09-15T08:05:25.567+0000] {logging_mixin.py:188} INFO - [2025-09-15T08:05:25.566+0000] {dagbag.py:540} INFO - Filling up the DagBag from /opt/airflow/dags/cleaning/hour_clean.py
[2025-09-15T08:05:25.582+0000] {processor.py:842} WARNING - No viable dags retrieved from /opt/airflow/dags/cleaning/hour_clean.py
[2025-09-15T08:05:25.600+0000] {processor.py:183} INFO - Processing /opt/airflow/dags/cleaning/hour_clean.py took 0.042 seconds
[2025-09-15T08:05:56.320+0000] {processor.py:161} INFO - Started process (PID=5970) to work on /opt/airflow/dags/cleaning/hour_clean.py
[2025-09-15T08:05:56.322+0000] {processor.py:830} INFO - Processing file /opt/airflow/dags/cleaning/hour_clean.py for tasks to queue
[2025-09-15T08:05:56.323+0000] {logging_mixin.py:188} INFO - [2025-09-15T08:05:56.323+0000] {dagbag.py:540} INFO - Filling up the DagBag from /opt/airflow/dags/cleaning/hour_clean.py
[2025-09-15T08:05:56.339+0000] {processor.py:842} WARNING - No viable dags retrieved from /opt/airflow/dags/cleaning/hour_clean.py
[2025-09-15T08:05:56.357+0000] {processor.py:183} INFO - Processing /opt/airflow/dags/cleaning/hour_clean.py took 0.045 seconds
[2025-09-15T08:06:27.183+0000] {processor.py:161} INFO - Started process (PID=6005) to work on /opt/airflow/dags/cleaning/hour_clean.py
[2025-09-15T08:06:27.185+0000] {processor.py:830} INFO - Processing file /opt/airflow/dags/cleaning/hour_clean.py for tasks to queue
[2025-09-15T08:06:27.186+0000] {logging_mixin.py:188} INFO - [2025-09-15T08:06:27.185+0000] {dagbag.py:540} INFO - Filling up the DagBag from /opt/airflow/dags/cleaning/hour_clean.py
[2025-09-15T08:06:27.201+0000] {processor.py:842} WARNING - No viable dags retrieved from /opt/airflow/dags/cleaning/hour_clean.py
[2025-09-15T08:06:27.220+0000] {processor.py:183} INFO - Processing /opt/airflow/dags/cleaning/hour_clean.py took 0.045 seconds
[2025-09-15T08:06:57.821+0000] {processor.py:161} INFO - Started process (PID=6040) to work on /opt/airflow/dags/cleaning/hour_clean.py
[2025-09-15T08:06:57.822+0000] {processor.py:830} INFO - Processing file /opt/airflow/dags/cleaning/hour_clean.py for tasks to queue
[2025-09-15T08:06:57.823+0000] {logging_mixin.py:188} INFO - [2025-09-15T08:06:57.823+0000] {dagbag.py:540} INFO - Filling up the DagBag from /opt/airflow/dags/cleaning/hour_clean.py
[2025-09-15T08:06:57.837+0000] {processor.py:842} WARNING - No viable dags retrieved from /opt/airflow/dags/cleaning/hour_clean.py
[2025-09-15T08:06:57.856+0000] {processor.py:183} INFO - Processing /opt/airflow/dags/cleaning/hour_clean.py took 0.042 seconds
[2025-09-15T08:07:28.435+0000] {processor.py:161} INFO - Started process (PID=6075) to work on /opt/airflow/dags/cleaning/hour_clean.py
[2025-09-15T08:07:28.436+0000] {processor.py:830} INFO - Processing file /opt/airflow/dags/cleaning/hour_clean.py for tasks to queue
[2025-09-15T08:07:28.437+0000] {logging_mixin.py:188} INFO - [2025-09-15T08:07:28.436+0000] {dagbag.py:540} INFO - Filling up the DagBag from /opt/airflow/dags/cleaning/hour_clean.py
[2025-09-15T08:07:28.449+0000] {processor.py:842} WARNING - No viable dags retrieved from /opt/airflow/dags/cleaning/hour_clean.py
[2025-09-15T08:07:28.466+0000] {processor.py:183} INFO - Processing /opt/airflow/dags/cleaning/hour_clean.py took 0.038 seconds
[2025-09-15T08:07:58.901+0000] {processor.py:161} INFO - Started process (PID=6110) to work on /opt/airflow/dags/cleaning/hour_clean.py
[2025-09-15T08:07:58.903+0000] {processor.py:830} INFO - Processing file /opt/airflow/dags/cleaning/hour_clean.py for tasks to queue
[2025-09-15T08:07:58.904+0000] {logging_mixin.py:188} INFO - [2025-09-15T08:07:58.903+0000] {dagbag.py:540} INFO - Filling up the DagBag from /opt/airflow/dags/cleaning/hour_clean.py
[2025-09-15T08:07:58.915+0000] {processor.py:842} WARNING - No viable dags retrieved from /opt/airflow/dags/cleaning/hour_clean.py
[2025-09-15T08:07:58.930+0000] {processor.py:183} INFO - Processing /opt/airflow/dags/cleaning/hour_clean.py took 0.040 seconds
[2025-09-15T08:08:29.654+0000] {processor.py:161} INFO - Started process (PID=6145) to work on /opt/airflow/dags/cleaning/hour_clean.py
[2025-09-15T08:08:29.655+0000] {processor.py:830} INFO - Processing file /opt/airflow/dags/cleaning/hour_clean.py for tasks to queue
[2025-09-15T08:08:29.656+0000] {logging_mixin.py:188} INFO - [2025-09-15T08:08:29.656+0000] {dagbag.py:540} INFO - Filling up the DagBag from /opt/airflow/dags/cleaning/hour_clean.py
[2025-09-15T08:08:29.670+0000] {processor.py:842} WARNING - No viable dags retrieved from /opt/airflow/dags/cleaning/hour_clean.py
[2025-09-15T08:08:29.685+0000] {processor.py:183} INFO - Processing /opt/airflow/dags/cleaning/hour_clean.py took 0.036 seconds
[2025-09-15T08:09:00.242+0000] {processor.py:161} INFO - Started process (PID=6180) to work on /opt/airflow/dags/cleaning/hour_clean.py
[2025-09-15T08:09:00.244+0000] {processor.py:830} INFO - Processing file /opt/airflow/dags/cleaning/hour_clean.py for tasks to queue
[2025-09-15T08:09:00.245+0000] {logging_mixin.py:188} INFO - [2025-09-15T08:09:00.244+0000] {dagbag.py:540} INFO - Filling up the DagBag from /opt/airflow/dags/cleaning/hour_clean.py
[2025-09-15T08:09:00.260+0000] {processor.py:842} WARNING - No viable dags retrieved from /opt/airflow/dags/cleaning/hour_clean.py
[2025-09-15T08:09:00.276+0000] {processor.py:183} INFO - Processing /opt/airflow/dags/cleaning/hour_clean.py took 0.038 seconds
[2025-09-15T08:09:31.133+0000] {processor.py:161} INFO - Started process (PID=6225) to work on /opt/airflow/dags/cleaning/hour_clean.py
[2025-09-15T08:09:31.134+0000] {processor.py:830} INFO - Processing file /opt/airflow/dags/cleaning/hour_clean.py for tasks to queue
[2025-09-15T08:09:31.135+0000] {logging_mixin.py:188} INFO - [2025-09-15T08:09:31.134+0000] {dagbag.py:540} INFO - Filling up the DagBag from /opt/airflow/dags/cleaning/hour_clean.py
[2025-09-15T08:09:31.153+0000] {processor.py:842} WARNING - No viable dags retrieved from /opt/airflow/dags/cleaning/hour_clean.py
[2025-09-15T08:09:31.185+0000] {processor.py:183} INFO - Processing /opt/airflow/dags/cleaning/hour_clean.py took 0.058 seconds
[2025-09-15T08:10:01.851+0000] {processor.py:161} INFO - Started process (PID=6260) to work on /opt/airflow/dags/cleaning/hour_clean.py
[2025-09-15T08:10:01.853+0000] {processor.py:830} INFO - Processing file /opt/airflow/dags/cleaning/hour_clean.py for tasks to queue
[2025-09-15T08:10:01.858+0000] {logging_mixin.py:188} INFO - [2025-09-15T08:10:01.856+0000] {dagbag.py:540} INFO - Filling up the DagBag from /opt/airflow/dags/cleaning/hour_clean.py
[2025-09-15T08:10:01.875+0000] {processor.py:842} WARNING - No viable dags retrieved from /opt/airflow/dags/cleaning/hour_clean.py
[2025-09-15T08:10:01.895+0000] {processor.py:183} INFO - Processing /opt/airflow/dags/cleaning/hour_clean.py took 0.055 seconds
[2025-09-15T08:10:32.366+0000] {processor.py:161} INFO - Started process (PID=6295) to work on /opt/airflow/dags/cleaning/hour_clean.py
[2025-09-15T08:10:32.367+0000] {processor.py:830} INFO - Processing file /opt/airflow/dags/cleaning/hour_clean.py for tasks to queue
[2025-09-15T08:10:32.367+0000] {logging_mixin.py:188} INFO - [2025-09-15T08:10:32.367+0000] {dagbag.py:540} INFO - Filling up the DagBag from /opt/airflow/dags/cleaning/hour_clean.py
[2025-09-15T08:10:32.380+0000] {processor.py:842} WARNING - No viable dags retrieved from /opt/airflow/dags/cleaning/hour_clean.py
[2025-09-15T08:10:32.396+0000] {processor.py:183} INFO - Processing /opt/airflow/dags/cleaning/hour_clean.py took 0.037 seconds
[2025-09-15T08:11:02.798+0000] {processor.py:161} INFO - Started process (PID=6330) to work on /opt/airflow/dags/cleaning/hour_clean.py
[2025-09-15T08:11:02.799+0000] {processor.py:830} INFO - Processing file /opt/airflow/dags/cleaning/hour_clean.py for tasks to queue
[2025-09-15T08:11:02.800+0000] {logging_mixin.py:188} INFO - [2025-09-15T08:11:02.800+0000] {dagbag.py:540} INFO - Filling up the DagBag from /opt/airflow/dags/cleaning/hour_clean.py
[2025-09-15T08:11:02.810+0000] {processor.py:842} WARNING - No viable dags retrieved from /opt/airflow/dags/cleaning/hour_clean.py
[2025-09-15T08:11:02.824+0000] {processor.py:183} INFO - Processing /opt/airflow/dags/cleaning/hour_clean.py took 0.032 seconds
[2025-09-15T08:11:33.402+0000] {processor.py:161} INFO - Started process (PID=6365) to work on /opt/airflow/dags/cleaning/hour_clean.py
[2025-09-15T08:11:33.403+0000] {processor.py:830} INFO - Processing file /opt/airflow/dags/cleaning/hour_clean.py for tasks to queue
[2025-09-15T08:11:33.403+0000] {logging_mixin.py:188} INFO - [2025-09-15T08:11:33.403+0000] {dagbag.py:540} INFO - Filling up the DagBag from /opt/airflow/dags/cleaning/hour_clean.py
[2025-09-15T08:11:33.416+0000] {processor.py:842} WARNING - No viable dags retrieved from /opt/airflow/dags/cleaning/hour_clean.py
[2025-09-15T08:11:33.431+0000] {processor.py:183} INFO - Processing /opt/airflow/dags/cleaning/hour_clean.py took 0.034 seconds
[2025-09-15T08:12:04.049+0000] {processor.py:161} INFO - Started process (PID=6400) to work on /opt/airflow/dags/cleaning/hour_clean.py
[2025-09-15T08:12:04.050+0000] {processor.py:830} INFO - Processing file /opt/airflow/dags/cleaning/hour_clean.py for tasks to queue
[2025-09-15T08:12:04.051+0000] {logging_mixin.py:188} INFO - [2025-09-15T08:12:04.050+0000] {dagbag.py:540} INFO - Filling up the DagBag from /opt/airflow/dags/cleaning/hour_clean.py
[2025-09-15T08:12:04.061+0000] {processor.py:842} WARNING - No viable dags retrieved from /opt/airflow/dags/cleaning/hour_clean.py
[2025-09-15T08:12:04.075+0000] {processor.py:183} INFO - Processing /opt/airflow/dags/cleaning/hour_clean.py took 0.031 seconds
[2025-09-15T08:12:34.556+0000] {processor.py:161} INFO - Started process (PID=6435) to work on /opt/airflow/dags/cleaning/hour_clean.py
[2025-09-15T08:12:34.557+0000] {processor.py:830} INFO - Processing file /opt/airflow/dags/cleaning/hour_clean.py for tasks to queue
[2025-09-15T08:12:34.558+0000] {logging_mixin.py:188} INFO - [2025-09-15T08:12:34.558+0000] {dagbag.py:540} INFO - Filling up the DagBag from /opt/airflow/dags/cleaning/hour_clean.py
[2025-09-15T08:12:34.569+0000] {processor.py:842} WARNING - No viable dags retrieved from /opt/airflow/dags/cleaning/hour_clean.py
[2025-09-15T08:12:34.584+0000] {processor.py:183} INFO - Processing /opt/airflow/dags/cleaning/hour_clean.py took 0.033 seconds
[2025-09-15T08:13:04.683+0000] {processor.py:161} INFO - Started process (PID=6490) to work on /opt/airflow/dags/cleaning/hour_clean.py
[2025-09-15T08:13:04.684+0000] {processor.py:830} INFO - Processing file /opt/airflow/dags/cleaning/hour_clean.py for tasks to queue
[2025-09-15T08:13:04.685+0000] {logging_mixin.py:188} INFO - [2025-09-15T08:13:04.685+0000] {dagbag.py:540} INFO - Filling up the DagBag from /opt/airflow/dags/cleaning/hour_clean.py
[2025-09-15T08:13:04.698+0000] {processor.py:842} WARNING - No viable dags retrieved from /opt/airflow/dags/cleaning/hour_clean.py
[2025-09-15T08:13:04.713+0000] {processor.py:183} INFO - Processing /opt/airflow/dags/cleaning/hour_clean.py took 0.035 seconds
[2025-09-15T08:13:35.398+0000] {processor.py:161} INFO - Started process (PID=6525) to work on /opt/airflow/dags/cleaning/hour_clean.py
[2025-09-15T08:13:35.400+0000] {processor.py:830} INFO - Processing file /opt/airflow/dags/cleaning/hour_clean.py for tasks to queue
[2025-09-15T08:13:35.401+0000] {logging_mixin.py:188} INFO - [2025-09-15T08:13:35.401+0000] {dagbag.py:540} INFO - Filling up the DagBag from /opt/airflow/dags/cleaning/hour_clean.py
[2025-09-15T08:13:35.423+0000] {processor.py:842} WARNING - No viable dags retrieved from /opt/airflow/dags/cleaning/hour_clean.py
[2025-09-15T08:13:35.444+0000] {processor.py:183} INFO - Processing /opt/airflow/dags/cleaning/hour_clean.py took 0.053 seconds
[2025-09-15T08:14:05.937+0000] {processor.py:161} INFO - Started process (PID=6560) to work on /opt/airflow/dags/cleaning/hour_clean.py
[2025-09-15T08:14:05.938+0000] {processor.py:830} INFO - Processing file /opt/airflow/dags/cleaning/hour_clean.py for tasks to queue
[2025-09-15T08:14:05.939+0000] {logging_mixin.py:188} INFO - [2025-09-15T08:14:05.939+0000] {dagbag.py:540} INFO - Filling up the DagBag from /opt/airflow/dags/cleaning/hour_clean.py
[2025-09-15T08:14:05.952+0000] {processor.py:842} WARNING - No viable dags retrieved from /opt/airflow/dags/cleaning/hour_clean.py
[2025-09-15T08:14:05.968+0000] {processor.py:183} INFO - Processing /opt/airflow/dags/cleaning/hour_clean.py took 0.037 seconds
[2025-09-15T08:14:36.244+0000] {processor.py:161} INFO - Started process (PID=6625) to work on /opt/airflow/dags/cleaning/hour_clean.py
[2025-09-15T08:14:36.246+0000] {processor.py:830} INFO - Processing file /opt/airflow/dags/cleaning/hour_clean.py for tasks to queue
[2025-09-15T08:14:36.247+0000] {logging_mixin.py:188} INFO - [2025-09-15T08:14:36.247+0000] {dagbag.py:540} INFO - Filling up the DagBag from /opt/airflow/dags/cleaning/hour_clean.py
[2025-09-15T08:14:36.311+0000] {processor.py:842} WARNING - No viable dags retrieved from /opt/airflow/dags/cleaning/hour_clean.py
[2025-09-15T08:14:36.355+0000] {processor.py:183} INFO - Processing /opt/airflow/dags/cleaning/hour_clean.py took 0.119 seconds
[2025-09-15T08:15:07.057+0000] {processor.py:161} INFO - Started process (PID=6660) to work on /opt/airflow/dags/cleaning/hour_clean.py
[2025-09-15T08:15:07.058+0000] {processor.py:830} INFO - Processing file /opt/airflow/dags/cleaning/hour_clean.py for tasks to queue
[2025-09-15T08:15:07.059+0000] {logging_mixin.py:188} INFO - [2025-09-15T08:15:07.059+0000] {dagbag.py:540} INFO - Filling up the DagBag from /opt/airflow/dags/cleaning/hour_clean.py
[2025-09-15T08:15:07.077+0000] {processor.py:842} WARNING - No viable dags retrieved from /opt/airflow/dags/cleaning/hour_clean.py
[2025-09-15T08:15:07.094+0000] {processor.py:183} INFO - Processing /opt/airflow/dags/cleaning/hour_clean.py took 0.043 seconds
[2025-09-15T08:15:37.224+0000] {processor.py:161} INFO - Started process (PID=6695) to work on /opt/airflow/dags/cleaning/hour_clean.py
[2025-09-15T08:15:37.225+0000] {processor.py:830} INFO - Processing file /opt/airflow/dags/cleaning/hour_clean.py for tasks to queue
[2025-09-15T08:15:37.226+0000] {logging_mixin.py:188} INFO - [2025-09-15T08:15:37.226+0000] {dagbag.py:540} INFO - Filling up the DagBag from /opt/airflow/dags/cleaning/hour_clean.py
[2025-09-15T08:15:37.239+0000] {processor.py:842} WARNING - No viable dags retrieved from /opt/airflow/dags/cleaning/hour_clean.py
[2025-09-15T08:15:37.257+0000] {processor.py:183} INFO - Processing /opt/airflow/dags/cleaning/hour_clean.py took 0.038 seconds
[2025-09-15T08:16:08.296+0000] {processor.py:161} INFO - Started process (PID=6730) to work on /opt/airflow/dags/cleaning/hour_clean.py
[2025-09-15T08:16:08.298+0000] {processor.py:830} INFO - Processing file /opt/airflow/dags/cleaning/hour_clean.py for tasks to queue
[2025-09-15T08:16:08.304+0000] {logging_mixin.py:188} INFO - [2025-09-15T08:16:08.303+0000] {dagbag.py:540} INFO - Filling up the DagBag from /opt/airflow/dags/cleaning/hour_clean.py
[2025-09-15T08:16:08.356+0000] {processor.py:842} WARNING - No viable dags retrieved from /opt/airflow/dags/cleaning/hour_clean.py
[2025-09-15T08:16:08.394+0000] {processor.py:183} INFO - Processing /opt/airflow/dags/cleaning/hour_clean.py took 0.125 seconds
[2025-09-15T08:16:38.982+0000] {processor.py:161} INFO - Started process (PID=6765) to work on /opt/airflow/dags/cleaning/hour_clean.py
[2025-09-15T08:16:38.983+0000] {processor.py:830} INFO - Processing file /opt/airflow/dags/cleaning/hour_clean.py for tasks to queue
[2025-09-15T08:16:38.984+0000] {logging_mixin.py:188} INFO - [2025-09-15T08:16:38.984+0000] {dagbag.py:540} INFO - Filling up the DagBag from /opt/airflow/dags/cleaning/hour_clean.py
[2025-09-15T08:16:38.999+0000] {processor.py:842} WARNING - No viable dags retrieved from /opt/airflow/dags/cleaning/hour_clean.py
[2025-09-15T08:16:39.016+0000] {processor.py:183} INFO - Processing /opt/airflow/dags/cleaning/hour_clean.py took 0.040 seconds
[2025-09-15T08:17:09.698+0000] {processor.py:161} INFO - Started process (PID=6800) to work on /opt/airflow/dags/cleaning/hour_clean.py
[2025-09-15T08:17:09.700+0000] {processor.py:830} INFO - Processing file /opt/airflow/dags/cleaning/hour_clean.py for tasks to queue
[2025-09-15T08:17:09.701+0000] {logging_mixin.py:188} INFO - [2025-09-15T08:17:09.700+0000] {dagbag.py:540} INFO - Filling up the DagBag from /opt/airflow/dags/cleaning/hour_clean.py
[2025-09-15T08:17:09.734+0000] {processor.py:842} WARNING - No viable dags retrieved from /opt/airflow/dags/cleaning/hour_clean.py
[2025-09-15T08:17:09.760+0000] {processor.py:183} INFO - Processing /opt/airflow/dags/cleaning/hour_clean.py took 0.071 seconds
[2025-09-15T08:17:40.364+0000] {processor.py:161} INFO - Started process (PID=6835) to work on /opt/airflow/dags/cleaning/hour_clean.py
[2025-09-15T08:17:40.366+0000] {processor.py:830} INFO - Processing file /opt/airflow/dags/cleaning/hour_clean.py for tasks to queue
[2025-09-15T08:17:40.367+0000] {logging_mixin.py:188} INFO - [2025-09-15T08:17:40.367+0000] {dagbag.py:540} INFO - Filling up the DagBag from /opt/airflow/dags/cleaning/hour_clean.py
[2025-09-15T08:17:40.378+0000] {processor.py:842} WARNING - No viable dags retrieved from /opt/airflow/dags/cleaning/hour_clean.py
[2025-09-15T08:17:40.394+0000] {processor.py:183} INFO - Processing /opt/airflow/dags/cleaning/hour_clean.py took 0.036 seconds
[2025-09-15T08:18:11.266+0000] {processor.py:161} INFO - Started process (PID=6870) to work on /opt/airflow/dags/cleaning/hour_clean.py
[2025-09-15T08:18:11.269+0000] {processor.py:830} INFO - Processing file /opt/airflow/dags/cleaning/hour_clean.py for tasks to queue
[2025-09-15T08:18:11.272+0000] {logging_mixin.py:188} INFO - [2025-09-15T08:18:11.271+0000] {dagbag.py:540} INFO - Filling up the DagBag from /opt/airflow/dags/cleaning/hour_clean.py
[2025-09-15T08:18:11.290+0000] {processor.py:842} WARNING - No viable dags retrieved from /opt/airflow/dags/cleaning/hour_clean.py
[2025-09-15T08:18:11.378+0000] {processor.py:183} INFO - Processing /opt/airflow/dags/cleaning/hour_clean.py took 0.133 seconds
[2025-09-15T08:18:42.272+0000] {processor.py:161} INFO - Started process (PID=6905) to work on /opt/airflow/dags/cleaning/hour_clean.py
[2025-09-15T08:18:42.274+0000] {processor.py:830} INFO - Processing file /opt/airflow/dags/cleaning/hour_clean.py for tasks to queue
[2025-09-15T08:18:42.274+0000] {logging_mixin.py:188} INFO - [2025-09-15T08:18:42.274+0000] {dagbag.py:540} INFO - Filling up the DagBag from /opt/airflow/dags/cleaning/hour_clean.py
[2025-09-15T08:18:42.288+0000] {processor.py:842} WARNING - No viable dags retrieved from /opt/airflow/dags/cleaning/hour_clean.py
[2025-09-15T08:18:42.305+0000] {processor.py:183} INFO - Processing /opt/airflow/dags/cleaning/hour_clean.py took 0.038 seconds
[2025-09-15T08:19:13.233+0000] {processor.py:161} INFO - Started process (PID=6940) to work on /opt/airflow/dags/cleaning/hour_clean.py
[2025-09-15T08:19:13.235+0000] {processor.py:830} INFO - Processing file /opt/airflow/dags/cleaning/hour_clean.py for tasks to queue
[2025-09-15T08:19:13.236+0000] {logging_mixin.py:188} INFO - [2025-09-15T08:19:13.235+0000] {dagbag.py:540} INFO - Filling up the DagBag from /opt/airflow/dags/cleaning/hour_clean.py
[2025-09-15T08:19:13.246+0000] {processor.py:842} WARNING - No viable dags retrieved from /opt/airflow/dags/cleaning/hour_clean.py
[2025-09-15T08:19:13.260+0000] {processor.py:183} INFO - Processing /opt/airflow/dags/cleaning/hour_clean.py took 0.032 seconds
[2025-09-15T08:19:36.783+0000] {processor.py:161} INFO - Started process (PID=6975) to work on /opt/airflow/dags/cleaning/hour_clean.py
[2025-09-15T08:19:36.784+0000] {processor.py:830} INFO - Processing file /opt/airflow/dags/cleaning/hour_clean.py for tasks to queue
[2025-09-15T08:19:36.787+0000] {logging_mixin.py:188} INFO - [2025-09-15T08:19:36.786+0000] {dagbag.py:540} INFO - Filling up the DagBag from /opt/airflow/dags/cleaning/hour_clean.py
[2025-09-15T08:19:36.813+0000] {processor.py:842} WARNING - No viable dags retrieved from /opt/airflow/dags/cleaning/hour_clean.py
[2025-09-15T08:19:36.831+0000] {processor.py:183} INFO - Processing /opt/airflow/dags/cleaning/hour_clean.py took 0.054 seconds
[2025-09-15T08:20:07.606+0000] {processor.py:161} INFO - Started process (PID=7025) to work on /opt/airflow/dags/cleaning/hour_clean.py
[2025-09-15T08:20:07.607+0000] {processor.py:830} INFO - Processing file /opt/airflow/dags/cleaning/hour_clean.py for tasks to queue
[2025-09-15T08:20:07.608+0000] {logging_mixin.py:188} INFO - [2025-09-15T08:20:07.608+0000] {dagbag.py:540} INFO - Filling up the DagBag from /opt/airflow/dags/cleaning/hour_clean.py
[2025-09-15T08:20:07.624+0000] {processor.py:842} WARNING - No viable dags retrieved from /opt/airflow/dags/cleaning/hour_clean.py
[2025-09-15T08:20:07.642+0000] {processor.py:183} INFO - Processing /opt/airflow/dags/cleaning/hour_clean.py took 0.041 seconds
[2025-09-15T08:20:38.083+0000] {processor.py:161} INFO - Started process (PID=7060) to work on /opt/airflow/dags/cleaning/hour_clean.py
[2025-09-15T08:20:38.084+0000] {processor.py:830} INFO - Processing file /opt/airflow/dags/cleaning/hour_clean.py for tasks to queue
[2025-09-15T08:20:38.085+0000] {logging_mixin.py:188} INFO - [2025-09-15T08:20:38.085+0000] {dagbag.py:540} INFO - Filling up the DagBag from /opt/airflow/dags/cleaning/hour_clean.py
[2025-09-15T08:20:38.101+0000] {processor.py:842} WARNING - No viable dags retrieved from /opt/airflow/dags/cleaning/hour_clean.py
[2025-09-15T08:20:38.120+0000] {processor.py:183} INFO - Processing /opt/airflow/dags/cleaning/hour_clean.py took 0.043 seconds
[2025-09-15T08:21:08.984+0000] {processor.py:161} INFO - Started process (PID=7095) to work on /opt/airflow/dags/cleaning/hour_clean.py
[2025-09-15T08:21:08.985+0000] {processor.py:830} INFO - Processing file /opt/airflow/dags/cleaning/hour_clean.py for tasks to queue
[2025-09-15T08:21:08.986+0000] {logging_mixin.py:188} INFO - [2025-09-15T08:21:08.985+0000] {dagbag.py:540} INFO - Filling up the DagBag from /opt/airflow/dags/cleaning/hour_clean.py
[2025-09-15T08:21:08.997+0000] {processor.py:842} WARNING - No viable dags retrieved from /opt/airflow/dags/cleaning/hour_clean.py
[2025-09-15T08:21:09.011+0000] {processor.py:183} INFO - Processing /opt/airflow/dags/cleaning/hour_clean.py took 0.032 seconds
[2025-09-15T08:21:39.424+0000] {processor.py:161} INFO - Started process (PID=7130) to work on /opt/airflow/dags/cleaning/hour_clean.py
[2025-09-15T08:21:39.427+0000] {processor.py:830} INFO - Processing file /opt/airflow/dags/cleaning/hour_clean.py for tasks to queue
[2025-09-15T08:21:39.429+0000] {logging_mixin.py:188} INFO - [2025-09-15T08:21:39.428+0000] {dagbag.py:540} INFO - Filling up the DagBag from /opt/airflow/dags/cleaning/hour_clean.py
[2025-09-15T08:21:39.448+0000] {processor.py:842} WARNING - No viable dags retrieved from /opt/airflow/dags/cleaning/hour_clean.py
[2025-09-15T08:21:39.469+0000] {processor.py:183} INFO - Processing /opt/airflow/dags/cleaning/hour_clean.py took 0.055 seconds
[2025-09-15T08:22:10.042+0000] {processor.py:161} INFO - Started process (PID=7165) to work on /opt/airflow/dags/cleaning/hour_clean.py
[2025-09-15T08:22:10.043+0000] {processor.py:830} INFO - Processing file /opt/airflow/dags/cleaning/hour_clean.py for tasks to queue
[2025-09-15T08:22:10.044+0000] {logging_mixin.py:188} INFO - [2025-09-15T08:22:10.044+0000] {dagbag.py:540} INFO - Filling up the DagBag from /opt/airflow/dags/cleaning/hour_clean.py
[2025-09-15T08:22:10.056+0000] {processor.py:842} WARNING - No viable dags retrieved from /opt/airflow/dags/cleaning/hour_clean.py
[2025-09-15T08:22:10.075+0000] {processor.py:183} INFO - Processing /opt/airflow/dags/cleaning/hour_clean.py took 0.039 seconds
[2025-09-15T08:22:40.711+0000] {processor.py:161} INFO - Started process (PID=7200) to work on /opt/airflow/dags/cleaning/hour_clean.py
[2025-09-15T08:22:40.712+0000] {processor.py:830} INFO - Processing file /opt/airflow/dags/cleaning/hour_clean.py for tasks to queue
[2025-09-15T08:22:40.713+0000] {logging_mixin.py:188} INFO - [2025-09-15T08:22:40.713+0000] {dagbag.py:540} INFO - Filling up the DagBag from /opt/airflow/dags/cleaning/hour_clean.py
[2025-09-15T08:22:40.723+0000] {processor.py:842} WARNING - No viable dags retrieved from /opt/airflow/dags/cleaning/hour_clean.py
[2025-09-15T08:22:40.737+0000] {processor.py:183} INFO - Processing /opt/airflow/dags/cleaning/hour_clean.py took 0.031 seconds
[2025-09-15T08:23:11.360+0000] {processor.py:161} INFO - Started process (PID=7235) to work on /opt/airflow/dags/cleaning/hour_clean.py
[2025-09-15T08:23:11.361+0000] {processor.py:830} INFO - Processing file /opt/airflow/dags/cleaning/hour_clean.py for tasks to queue
[2025-09-15T08:23:11.362+0000] {logging_mixin.py:188} INFO - [2025-09-15T08:23:11.362+0000] {dagbag.py:540} INFO - Filling up the DagBag from /opt/airflow/dags/cleaning/hour_clean.py
[2025-09-15T08:23:11.376+0000] {processor.py:842} WARNING - No viable dags retrieved from /opt/airflow/dags/cleaning/hour_clean.py
[2025-09-15T08:23:11.395+0000] {processor.py:183} INFO - Processing /opt/airflow/dags/cleaning/hour_clean.py took 0.041 seconds
[2025-09-15T08:23:42.189+0000] {processor.py:161} INFO - Started process (PID=7270) to work on /opt/airflow/dags/cleaning/hour_clean.py
[2025-09-15T08:23:42.191+0000] {processor.py:830} INFO - Processing file /opt/airflow/dags/cleaning/hour_clean.py for tasks to queue
[2025-09-15T08:23:42.193+0000] {logging_mixin.py:188} INFO - [2025-09-15T08:23:42.192+0000] {dagbag.py:540} INFO - Filling up the DagBag from /opt/airflow/dags/cleaning/hour_clean.py
[2025-09-15T08:23:42.213+0000] {processor.py:842} WARNING - No viable dags retrieved from /opt/airflow/dags/cleaning/hour_clean.py
[2025-09-15T08:23:42.242+0000] {processor.py:183} INFO - Processing /opt/airflow/dags/cleaning/hour_clean.py took 0.064 seconds
[2025-09-15T08:24:12.761+0000] {processor.py:161} INFO - Started process (PID=7305) to work on /opt/airflow/dags/cleaning/hour_clean.py
[2025-09-15T08:24:12.762+0000] {processor.py:830} INFO - Processing file /opt/airflow/dags/cleaning/hour_clean.py for tasks to queue
[2025-09-15T08:24:12.763+0000] {logging_mixin.py:188} INFO - [2025-09-15T08:24:12.762+0000] {dagbag.py:540} INFO - Filling up the DagBag from /opt/airflow/dags/cleaning/hour_clean.py
[2025-09-15T08:24:12.774+0000] {processor.py:842} WARNING - No viable dags retrieved from /opt/airflow/dags/cleaning/hour_clean.py
[2025-09-15T08:24:12.788+0000] {processor.py:183} INFO - Processing /opt/airflow/dags/cleaning/hour_clean.py took 0.034 seconds
[2025-09-15T08:24:43.464+0000] {processor.py:161} INFO - Started process (PID=7340) to work on /opt/airflow/dags/cleaning/hour_clean.py
[2025-09-15T08:24:43.465+0000] {processor.py:830} INFO - Processing file /opt/airflow/dags/cleaning/hour_clean.py for tasks to queue
[2025-09-15T08:24:43.466+0000] {logging_mixin.py:188} INFO - [2025-09-15T08:24:43.466+0000] {dagbag.py:540} INFO - Filling up the DagBag from /opt/airflow/dags/cleaning/hour_clean.py
[2025-09-15T08:24:43.480+0000] {processor.py:842} WARNING - No viable dags retrieved from /opt/airflow/dags/cleaning/hour_clean.py
[2025-09-15T08:24:43.496+0000] {processor.py:183} INFO - Processing /opt/airflow/dags/cleaning/hour_clean.py took 0.039 seconds
[2025-09-15T08:25:13.742+0000] {processor.py:161} INFO - Started process (PID=7375) to work on /opt/airflow/dags/cleaning/hour_clean.py
[2025-09-15T08:25:13.745+0000] {processor.py:830} INFO - Processing file /opt/airflow/dags/cleaning/hour_clean.py for tasks to queue
[2025-09-15T08:25:13.748+0000] {logging_mixin.py:188} INFO - [2025-09-15T08:25:13.747+0000] {dagbag.py:540} INFO - Filling up the DagBag from /opt/airflow/dags/cleaning/hour_clean.py
[2025-09-15T08:25:13.772+0000] {processor.py:842} WARNING - No viable dags retrieved from /opt/airflow/dags/cleaning/hour_clean.py
[2025-09-15T08:25:13.825+0000] {processor.py:183} INFO - Processing /opt/airflow/dags/cleaning/hour_clean.py took 0.096 seconds
[2025-09-15T08:25:44.227+0000] {processor.py:161} INFO - Started process (PID=7410) to work on /opt/airflow/dags/cleaning/hour_clean.py
[2025-09-15T08:25:44.229+0000] {processor.py:830} INFO - Processing file /opt/airflow/dags/cleaning/hour_clean.py for tasks to queue
[2025-09-15T08:25:44.230+0000] {logging_mixin.py:188} INFO - [2025-09-15T08:25:44.229+0000] {dagbag.py:540} INFO - Filling up the DagBag from /opt/airflow/dags/cleaning/hour_clean.py
[2025-09-15T08:25:44.258+0000] {processor.py:842} WARNING - No viable dags retrieved from /opt/airflow/dags/cleaning/hour_clean.py
[2025-09-15T08:25:44.298+0000] {processor.py:183} INFO - Processing /opt/airflow/dags/cleaning/hour_clean.py took 0.076 seconds
[2025-09-15T08:26:15.037+0000] {processor.py:161} INFO - Started process (PID=7445) to work on /opt/airflow/dags/cleaning/hour_clean.py
[2025-09-15T08:26:15.038+0000] {processor.py:830} INFO - Processing file /opt/airflow/dags/cleaning/hour_clean.py for tasks to queue
[2025-09-15T08:26:15.039+0000] {logging_mixin.py:188} INFO - [2025-09-15T08:26:15.039+0000] {dagbag.py:540} INFO - Filling up the DagBag from /opt/airflow/dags/cleaning/hour_clean.py
[2025-09-15T08:26:15.049+0000] {processor.py:842} WARNING - No viable dags retrieved from /opt/airflow/dags/cleaning/hour_clean.py
[2025-09-15T08:26:15.065+0000] {processor.py:183} INFO - Processing /opt/airflow/dags/cleaning/hour_clean.py took 0.035 seconds
[2025-09-15T08:26:45.781+0000] {processor.py:161} INFO - Started process (PID=7480) to work on /opt/airflow/dags/cleaning/hour_clean.py
[2025-09-15T08:26:45.782+0000] {processor.py:830} INFO - Processing file /opt/airflow/dags/cleaning/hour_clean.py for tasks to queue
[2025-09-15T08:26:45.783+0000] {logging_mixin.py:188} INFO - [2025-09-15T08:26:45.783+0000] {dagbag.py:540} INFO - Filling up the DagBag from /opt/airflow/dags/cleaning/hour_clean.py
[2025-09-15T08:26:45.797+0000] {processor.py:842} WARNING - No viable dags retrieved from /opt/airflow/dags/cleaning/hour_clean.py
[2025-09-15T08:26:45.810+0000] {processor.py:183} INFO - Processing /opt/airflow/dags/cleaning/hour_clean.py took 0.034 seconds
[2025-09-15T08:27:16.267+0000] {processor.py:161} INFO - Started process (PID=7515) to work on /opt/airflow/dags/cleaning/hour_clean.py
[2025-09-15T08:27:16.268+0000] {processor.py:830} INFO - Processing file /opt/airflow/dags/cleaning/hour_clean.py for tasks to queue
[2025-09-15T08:27:16.269+0000] {logging_mixin.py:188} INFO - [2025-09-15T08:27:16.268+0000] {dagbag.py:540} INFO - Filling up the DagBag from /opt/airflow/dags/cleaning/hour_clean.py
[2025-09-15T08:27:16.279+0000] {processor.py:842} WARNING - No viable dags retrieved from /opt/airflow/dags/cleaning/hour_clean.py
[2025-09-15T08:27:16.294+0000] {processor.py:183} INFO - Processing /opt/airflow/dags/cleaning/hour_clean.py took 0.033 seconds
[2025-09-15T08:27:46.491+0000] {processor.py:161} INFO - Started process (PID=7550) to work on /opt/airflow/dags/cleaning/hour_clean.py
[2025-09-15T08:27:46.492+0000] {processor.py:830} INFO - Processing file /opt/airflow/dags/cleaning/hour_clean.py for tasks to queue
[2025-09-15T08:27:46.493+0000] {logging_mixin.py:188} INFO - [2025-09-15T08:27:46.493+0000] {dagbag.py:540} INFO - Filling up the DagBag from /opt/airflow/dags/cleaning/hour_clean.py
[2025-09-15T08:27:46.505+0000] {processor.py:842} WARNING - No viable dags retrieved from /opt/airflow/dags/cleaning/hour_clean.py
[2025-09-15T08:27:46.521+0000] {processor.py:183} INFO - Processing /opt/airflow/dags/cleaning/hour_clean.py took 0.035 seconds
[2025-09-15T08:28:16.951+0000] {processor.py:161} INFO - Started process (PID=7585) to work on /opt/airflow/dags/cleaning/hour_clean.py
[2025-09-15T08:28:16.953+0000] {processor.py:830} INFO - Processing file /opt/airflow/dags/cleaning/hour_clean.py for tasks to queue
[2025-09-15T08:28:16.955+0000] {logging_mixin.py:188} INFO - [2025-09-15T08:28:16.954+0000] {dagbag.py:540} INFO - Filling up the DagBag from /opt/airflow/dags/cleaning/hour_clean.py
[2025-09-15T08:28:16.972+0000] {processor.py:842} WARNING - No viable dags retrieved from /opt/airflow/dags/cleaning/hour_clean.py
[2025-09-15T08:28:16.990+0000] {processor.py:183} INFO - Processing /opt/airflow/dags/cleaning/hour_clean.py took 0.045 seconds
[2025-09-15T08:28:47.982+0000] {processor.py:161} INFO - Started process (PID=7620) to work on /opt/airflow/dags/cleaning/hour_clean.py
[2025-09-15T08:28:47.983+0000] {processor.py:830} INFO - Processing file /opt/airflow/dags/cleaning/hour_clean.py for tasks to queue
[2025-09-15T08:28:47.984+0000] {logging_mixin.py:188} INFO - [2025-09-15T08:28:47.984+0000] {dagbag.py:540} INFO - Filling up the DagBag from /opt/airflow/dags/cleaning/hour_clean.py
[2025-09-15T08:28:48.001+0000] {processor.py:842} WARNING - No viable dags retrieved from /opt/airflow/dags/cleaning/hour_clean.py
[2025-09-15T08:28:48.016+0000] {processor.py:183} INFO - Processing /opt/airflow/dags/cleaning/hour_clean.py took 0.042 seconds
[2025-09-15T08:29:18.439+0000] {processor.py:161} INFO - Started process (PID=7655) to work on /opt/airflow/dags/cleaning/hour_clean.py
[2025-09-15T08:29:18.440+0000] {processor.py:830} INFO - Processing file /opt/airflow/dags/cleaning/hour_clean.py for tasks to queue
[2025-09-15T08:29:18.441+0000] {logging_mixin.py:188} INFO - [2025-09-15T08:29:18.441+0000] {dagbag.py:540} INFO - Filling up the DagBag from /opt/airflow/dags/cleaning/hour_clean.py
[2025-09-15T08:29:18.456+0000] {processor.py:842} WARNING - No viable dags retrieved from /opt/airflow/dags/cleaning/hour_clean.py
[2025-09-15T08:29:18.474+0000] {processor.py:183} INFO - Processing /opt/airflow/dags/cleaning/hour_clean.py took 0.041 seconds
[2025-09-15T08:29:49.045+0000] {processor.py:161} INFO - Started process (PID=7690) to work on /opt/airflow/dags/cleaning/hour_clean.py
[2025-09-15T08:29:49.046+0000] {processor.py:830} INFO - Processing file /opt/airflow/dags/cleaning/hour_clean.py for tasks to queue
[2025-09-15T08:29:49.048+0000] {logging_mixin.py:188} INFO - [2025-09-15T08:29:49.047+0000] {dagbag.py:540} INFO - Filling up the DagBag from /opt/airflow/dags/cleaning/hour_clean.py
[2025-09-15T08:29:49.069+0000] {processor.py:842} WARNING - No viable dags retrieved from /opt/airflow/dags/cleaning/hour_clean.py
[2025-09-15T08:29:49.086+0000] {processor.py:183} INFO - Processing /opt/airflow/dags/cleaning/hour_clean.py took 0.049 seconds
[2025-09-15T08:30:19.759+0000] {processor.py:161} INFO - Started process (PID=7725) to work on /opt/airflow/dags/cleaning/hour_clean.py
[2025-09-15T08:30:19.760+0000] {processor.py:830} INFO - Processing file /opt/airflow/dags/cleaning/hour_clean.py for tasks to queue
[2025-09-15T08:30:19.761+0000] {logging_mixin.py:188} INFO - [2025-09-15T08:30:19.761+0000] {dagbag.py:540} INFO - Filling up the DagBag from /opt/airflow/dags/cleaning/hour_clean.py
[2025-09-15T08:30:19.776+0000] {processor.py:842} WARNING - No viable dags retrieved from /opt/airflow/dags/cleaning/hour_clean.py
[2025-09-15T08:30:19.790+0000] {processor.py:183} INFO - Processing /opt/airflow/dags/cleaning/hour_clean.py took 0.037 seconds
[2025-09-15T08:30:50.440+0000] {processor.py:161} INFO - Started process (PID=7760) to work on /opt/airflow/dags/cleaning/hour_clean.py
[2025-09-15T08:30:50.441+0000] {processor.py:830} INFO - Processing file /opt/airflow/dags/cleaning/hour_clean.py for tasks to queue
[2025-09-15T08:30:50.442+0000] {logging_mixin.py:188} INFO - [2025-09-15T08:30:50.442+0000] {dagbag.py:540} INFO - Filling up the DagBag from /opt/airflow/dags/cleaning/hour_clean.py
[2025-09-15T08:30:50.455+0000] {processor.py:842} WARNING - No viable dags retrieved from /opt/airflow/dags/cleaning/hour_clean.py
[2025-09-15T08:30:50.477+0000] {processor.py:183} INFO - Processing /opt/airflow/dags/cleaning/hour_clean.py took 0.043 seconds
[2025-09-15T08:31:20.938+0000] {processor.py:161} INFO - Started process (PID=7795) to work on /opt/airflow/dags/cleaning/hour_clean.py
[2025-09-15T08:31:20.939+0000] {processor.py:830} INFO - Processing file /opt/airflow/dags/cleaning/hour_clean.py for tasks to queue
[2025-09-15T08:31:20.940+0000] {logging_mixin.py:188} INFO - [2025-09-15T08:31:20.940+0000] {dagbag.py:540} INFO - Filling up the DagBag from /opt/airflow/dags/cleaning/hour_clean.py
[2025-09-15T08:31:20.954+0000] {processor.py:842} WARNING - No viable dags retrieved from /opt/airflow/dags/cleaning/hour_clean.py
[2025-09-15T08:31:20.971+0000] {processor.py:183} INFO - Processing /opt/airflow/dags/cleaning/hour_clean.py took 0.039 seconds
[2025-09-15T08:31:51.398+0000] {processor.py:161} INFO - Started process (PID=7830) to work on /opt/airflow/dags/cleaning/hour_clean.py
[2025-09-15T08:31:51.399+0000] {processor.py:830} INFO - Processing file /opt/airflow/dags/cleaning/hour_clean.py for tasks to queue
[2025-09-15T08:31:51.400+0000] {logging_mixin.py:188} INFO - [2025-09-15T08:31:51.400+0000] {dagbag.py:540} INFO - Filling up the DagBag from /opt/airflow/dags/cleaning/hour_clean.py
[2025-09-15T08:31:51.412+0000] {processor.py:842} WARNING - No viable dags retrieved from /opt/airflow/dags/cleaning/hour_clean.py
[2025-09-15T08:31:51.426+0000] {processor.py:183} INFO - Processing /opt/airflow/dags/cleaning/hour_clean.py took 0.033 seconds
[2025-09-15T08:32:22.032+0000] {processor.py:161} INFO - Started process (PID=7865) to work on /opt/airflow/dags/cleaning/hour_clean.py
[2025-09-15T08:32:22.034+0000] {processor.py:830} INFO - Processing file /opt/airflow/dags/cleaning/hour_clean.py for tasks to queue
[2025-09-15T08:32:22.035+0000] {logging_mixin.py:188} INFO - [2025-09-15T08:32:22.035+0000] {dagbag.py:540} INFO - Filling up the DagBag from /opt/airflow/dags/cleaning/hour_clean.py
[2025-09-15T08:32:22.048+0000] {processor.py:842} WARNING - No viable dags retrieved from /opt/airflow/dags/cleaning/hour_clean.py
[2025-09-15T08:32:22.061+0000] {processor.py:183} INFO - Processing /opt/airflow/dags/cleaning/hour_clean.py took 0.035 seconds
[2025-09-15T08:32:52.687+0000] {processor.py:161} INFO - Started process (PID=7900) to work on /opt/airflow/dags/cleaning/hour_clean.py
[2025-09-15T08:32:52.688+0000] {processor.py:830} INFO - Processing file /opt/airflow/dags/cleaning/hour_clean.py for tasks to queue
[2025-09-15T08:32:52.689+0000] {logging_mixin.py:188} INFO - [2025-09-15T08:32:52.688+0000] {dagbag.py:540} INFO - Filling up the DagBag from /opt/airflow/dags/cleaning/hour_clean.py
[2025-09-15T08:32:52.701+0000] {processor.py:842} WARNING - No viable dags retrieved from /opt/airflow/dags/cleaning/hour_clean.py
[2025-09-15T08:32:52.716+0000] {processor.py:183} INFO - Processing /opt/airflow/dags/cleaning/hour_clean.py took 0.035 seconds
[2025-09-15T08:33:23.006+0000] {processor.py:161} INFO - Started process (PID=7935) to work on /opt/airflow/dags/cleaning/hour_clean.py
[2025-09-15T08:33:23.007+0000] {processor.py:830} INFO - Processing file /opt/airflow/dags/cleaning/hour_clean.py for tasks to queue
[2025-09-15T08:33:23.008+0000] {logging_mixin.py:188} INFO - [2025-09-15T08:33:23.008+0000] {dagbag.py:540} INFO - Filling up the DagBag from /opt/airflow/dags/cleaning/hour_clean.py
[2025-09-15T08:33:23.023+0000] {processor.py:842} WARNING - No viable dags retrieved from /opt/airflow/dags/cleaning/hour_clean.py
[2025-09-15T08:33:23.040+0000] {processor.py:183} INFO - Processing /opt/airflow/dags/cleaning/hour_clean.py took 0.041 seconds
[2025-09-15T08:33:53.477+0000] {processor.py:161} INFO - Started process (PID=7970) to work on /opt/airflow/dags/cleaning/hour_clean.py
[2025-09-15T08:33:53.478+0000] {processor.py:830} INFO - Processing file /opt/airflow/dags/cleaning/hour_clean.py for tasks to queue
[2025-09-15T08:33:53.479+0000] {logging_mixin.py:188} INFO - [2025-09-15T08:33:53.478+0000] {dagbag.py:540} INFO - Filling up the DagBag from /opt/airflow/dags/cleaning/hour_clean.py
[2025-09-15T08:33:53.490+0000] {processor.py:842} WARNING - No viable dags retrieved from /opt/airflow/dags/cleaning/hour_clean.py
[2025-09-15T08:33:53.504+0000] {processor.py:183} INFO - Processing /opt/airflow/dags/cleaning/hour_clean.py took 0.040 seconds
[2025-09-15T08:34:24.003+0000] {processor.py:161} INFO - Started process (PID=8005) to work on /opt/airflow/dags/cleaning/hour_clean.py
[2025-09-15T08:34:24.005+0000] {processor.py:830} INFO - Processing file /opt/airflow/dags/cleaning/hour_clean.py for tasks to queue
[2025-09-15T08:34:24.006+0000] {logging_mixin.py:188} INFO - [2025-09-15T08:34:24.005+0000] {dagbag.py:540} INFO - Filling up the DagBag from /opt/airflow/dags/cleaning/hour_clean.py
[2025-09-15T08:34:24.021+0000] {processor.py:842} WARNING - No viable dags retrieved from /opt/airflow/dags/cleaning/hour_clean.py
[2025-09-15T08:34:24.036+0000] {processor.py:183} INFO - Processing /opt/airflow/dags/cleaning/hour_clean.py took 0.039 seconds
[2025-09-15T08:34:54.628+0000] {processor.py:161} INFO - Started process (PID=8040) to work on /opt/airflow/dags/cleaning/hour_clean.py
[2025-09-15T08:34:54.629+0000] {processor.py:830} INFO - Processing file /opt/airflow/dags/cleaning/hour_clean.py for tasks to queue
[2025-09-15T08:34:54.630+0000] {logging_mixin.py:188} INFO - [2025-09-15T08:34:54.630+0000] {dagbag.py:540} INFO - Filling up the DagBag from /opt/airflow/dags/cleaning/hour_clean.py
[2025-09-15T08:34:54.642+0000] {processor.py:842} WARNING - No viable dags retrieved from /opt/airflow/dags/cleaning/hour_clean.py
[2025-09-15T08:34:54.657+0000] {processor.py:183} INFO - Processing /opt/airflow/dags/cleaning/hour_clean.py took 0.034 seconds
[2025-09-15T08:35:25.164+0000] {processor.py:161} INFO - Started process (PID=8075) to work on /opt/airflow/dags/cleaning/hour_clean.py
[2025-09-15T08:35:25.166+0000] {processor.py:830} INFO - Processing file /opt/airflow/dags/cleaning/hour_clean.py for tasks to queue
[2025-09-15T08:35:25.167+0000] {logging_mixin.py:188} INFO - [2025-09-15T08:35:25.166+0000] {dagbag.py:540} INFO - Filling up the DagBag from /opt/airflow/dags/cleaning/hour_clean.py
[2025-09-15T08:35:25.179+0000] {processor.py:842} WARNING - No viable dags retrieved from /opt/airflow/dags/cleaning/hour_clean.py
[2025-09-15T08:35:25.195+0000] {processor.py:183} INFO - Processing /opt/airflow/dags/cleaning/hour_clean.py took 0.036 seconds
[2025-09-15T08:35:55.914+0000] {processor.py:161} INFO - Started process (PID=8110) to work on /opt/airflow/dags/cleaning/hour_clean.py
[2025-09-15T08:35:55.915+0000] {processor.py:830} INFO - Processing file /opt/airflow/dags/cleaning/hour_clean.py for tasks to queue
[2025-09-15T08:35:55.916+0000] {logging_mixin.py:188} INFO - [2025-09-15T08:35:55.915+0000] {dagbag.py:540} INFO - Filling up the DagBag from /opt/airflow/dags/cleaning/hour_clean.py
[2025-09-15T08:35:55.928+0000] {processor.py:842} WARNING - No viable dags retrieved from /opt/airflow/dags/cleaning/hour_clean.py
[2025-09-15T08:35:55.942+0000] {processor.py:183} INFO - Processing /opt/airflow/dags/cleaning/hour_clean.py took 0.034 seconds
[2025-09-15T08:36:26.440+0000] {processor.py:161} INFO - Started process (PID=8145) to work on /opt/airflow/dags/cleaning/hour_clean.py
[2025-09-15T08:36:26.441+0000] {processor.py:830} INFO - Processing file /opt/airflow/dags/cleaning/hour_clean.py for tasks to queue
[2025-09-15T08:36:26.442+0000] {logging_mixin.py:188} INFO - [2025-09-15T08:36:26.442+0000] {dagbag.py:540} INFO - Filling up the DagBag from /opt/airflow/dags/cleaning/hour_clean.py
[2025-09-15T08:36:26.453+0000] {processor.py:842} WARNING - No viable dags retrieved from /opt/airflow/dags/cleaning/hour_clean.py
[2025-09-15T08:36:26.469+0000] {processor.py:183} INFO - Processing /opt/airflow/dags/cleaning/hour_clean.py took 0.034 seconds
[2025-09-15T08:36:57.085+0000] {processor.py:161} INFO - Started process (PID=8180) to work on /opt/airflow/dags/cleaning/hour_clean.py
[2025-09-15T08:36:57.086+0000] {processor.py:830} INFO - Processing file /opt/airflow/dags/cleaning/hour_clean.py for tasks to queue
[2025-09-15T08:36:57.087+0000] {logging_mixin.py:188} INFO - [2025-09-15T08:36:57.087+0000] {dagbag.py:540} INFO - Filling up the DagBag from /opt/airflow/dags/cleaning/hour_clean.py
[2025-09-15T08:36:57.101+0000] {processor.py:842} WARNING - No viable dags retrieved from /opt/airflow/dags/cleaning/hour_clean.py
[2025-09-15T08:36:57.117+0000] {processor.py:183} INFO - Processing /opt/airflow/dags/cleaning/hour_clean.py took 0.037 seconds
[2025-09-15T08:37:27.604+0000] {processor.py:161} INFO - Started process (PID=8215) to work on /opt/airflow/dags/cleaning/hour_clean.py
[2025-09-15T08:37:27.605+0000] {processor.py:830} INFO - Processing file /opt/airflow/dags/cleaning/hour_clean.py for tasks to queue
[2025-09-15T08:37:27.607+0000] {logging_mixin.py:188} INFO - [2025-09-15T08:37:27.606+0000] {dagbag.py:540} INFO - Filling up the DagBag from /opt/airflow/dags/cleaning/hour_clean.py
[2025-09-15T08:37:27.629+0000] {processor.py:842} WARNING - No viable dags retrieved from /opt/airflow/dags/cleaning/hour_clean.py
[2025-09-15T08:37:27.657+0000] {processor.py:183} INFO - Processing /opt/airflow/dags/cleaning/hour_clean.py took 0.061 seconds
[2025-09-15T08:37:58.291+0000] {processor.py:161} INFO - Started process (PID=8250) to work on /opt/airflow/dags/cleaning/hour_clean.py
[2025-09-15T08:37:58.292+0000] {processor.py:830} INFO - Processing file /opt/airflow/dags/cleaning/hour_clean.py for tasks to queue
[2025-09-15T08:37:58.293+0000] {logging_mixin.py:188} INFO - [2025-09-15T08:37:58.293+0000] {dagbag.py:540} INFO - Filling up the DagBag from /opt/airflow/dags/cleaning/hour_clean.py
[2025-09-15T08:37:58.312+0000] {processor.py:842} WARNING - No viable dags retrieved from /opt/airflow/dags/cleaning/hour_clean.py
[2025-09-15T08:37:58.328+0000] {processor.py:183} INFO - Processing /opt/airflow/dags/cleaning/hour_clean.py took 0.043 seconds
[2025-09-15T08:38:29.002+0000] {processor.py:161} INFO - Started process (PID=8285) to work on /opt/airflow/dags/cleaning/hour_clean.py
[2025-09-15T08:38:29.003+0000] {processor.py:830} INFO - Processing file /opt/airflow/dags/cleaning/hour_clean.py for tasks to queue
[2025-09-15T08:38:29.004+0000] {logging_mixin.py:188} INFO - [2025-09-15T08:38:29.004+0000] {dagbag.py:540} INFO - Filling up the DagBag from /opt/airflow/dags/cleaning/hour_clean.py
[2025-09-15T08:38:29.015+0000] {processor.py:842} WARNING - No viable dags retrieved from /opt/airflow/dags/cleaning/hour_clean.py
[2025-09-15T08:38:29.028+0000] {processor.py:183} INFO - Processing /opt/airflow/dags/cleaning/hour_clean.py took 0.030 seconds
[2025-09-15T08:38:59.820+0000] {processor.py:161} INFO - Started process (PID=8320) to work on /opt/airflow/dags/cleaning/hour_clean.py
[2025-09-15T08:38:59.821+0000] {processor.py:830} INFO - Processing file /opt/airflow/dags/cleaning/hour_clean.py for tasks to queue
[2025-09-15T08:38:59.822+0000] {logging_mixin.py:188} INFO - [2025-09-15T08:38:59.822+0000] {dagbag.py:540} INFO - Filling up the DagBag from /opt/airflow/dags/cleaning/hour_clean.py
[2025-09-15T08:38:59.834+0000] {processor.py:842} WARNING - No viable dags retrieved from /opt/airflow/dags/cleaning/hour_clean.py
[2025-09-15T08:38:59.849+0000] {processor.py:183} INFO - Processing /opt/airflow/dags/cleaning/hour_clean.py took 0.035 seconds
[2025-09-15T08:39:30.557+0000] {processor.py:161} INFO - Started process (PID=8355) to work on /opt/airflow/dags/cleaning/hour_clean.py
[2025-09-15T08:39:30.565+0000] {processor.py:830} INFO - Processing file /opt/airflow/dags/cleaning/hour_clean.py for tasks to queue
[2025-09-15T08:39:30.572+0000] {logging_mixin.py:188} INFO - [2025-09-15T08:39:30.569+0000] {dagbag.py:540} INFO - Filling up the DagBag from /opt/airflow/dags/cleaning/hour_clean.py
[2025-09-15T08:39:30.605+0000] {processor.py:842} WARNING - No viable dags retrieved from /opt/airflow/dags/cleaning/hour_clean.py
[2025-09-15T08:39:30.622+0000] {processor.py:183} INFO - Processing /opt/airflow/dags/cleaning/hour_clean.py took 0.095 seconds
[2025-09-15T08:40:01.311+0000] {processor.py:161} INFO - Started process (PID=8390) to work on /opt/airflow/dags/cleaning/hour_clean.py
[2025-09-15T08:40:01.314+0000] {processor.py:830} INFO - Processing file /opt/airflow/dags/cleaning/hour_clean.py for tasks to queue
[2025-09-15T08:40:01.315+0000] {logging_mixin.py:188} INFO - [2025-09-15T08:40:01.315+0000] {dagbag.py:540} INFO - Filling up the DagBag from /opt/airflow/dags/cleaning/hour_clean.py
[2025-09-15T08:40:01.330+0000] {processor.py:842} WARNING - No viable dags retrieved from /opt/airflow/dags/cleaning/hour_clean.py
[2025-09-15T08:40:01.350+0000] {processor.py:183} INFO - Processing /opt/airflow/dags/cleaning/hour_clean.py took 0.058 seconds
[2025-09-15T08:40:32.120+0000] {processor.py:161} INFO - Started process (PID=8425) to work on /opt/airflow/dags/cleaning/hour_clean.py
[2025-09-15T08:40:32.121+0000] {processor.py:830} INFO - Processing file /opt/airflow/dags/cleaning/hour_clean.py for tasks to queue
[2025-09-15T08:40:32.123+0000] {logging_mixin.py:188} INFO - [2025-09-15T08:40:32.122+0000] {dagbag.py:540} INFO - Filling up the DagBag from /opt/airflow/dags/cleaning/hour_clean.py
[2025-09-15T08:40:32.150+0000] {processor.py:842} WARNING - No viable dags retrieved from /opt/airflow/dags/cleaning/hour_clean.py
[2025-09-15T08:40:32.177+0000] {processor.py:183} INFO - Processing /opt/airflow/dags/cleaning/hour_clean.py took 0.075 seconds
[2025-09-15T08:41:02.597+0000] {processor.py:161} INFO - Started process (PID=8460) to work on /opt/airflow/dags/cleaning/hour_clean.py
[2025-09-15T08:41:02.598+0000] {processor.py:830} INFO - Processing file /opt/airflow/dags/cleaning/hour_clean.py for tasks to queue
[2025-09-15T08:41:02.599+0000] {logging_mixin.py:188} INFO - [2025-09-15T08:41:02.599+0000] {dagbag.py:540} INFO - Filling up the DagBag from /opt/airflow/dags/cleaning/hour_clean.py
[2025-09-15T08:41:02.610+0000] {processor.py:842} WARNING - No viable dags retrieved from /opt/airflow/dags/cleaning/hour_clean.py
[2025-09-15T08:41:02.628+0000] {processor.py:183} INFO - Processing /opt/airflow/dags/cleaning/hour_clean.py took 0.036 seconds
[2025-09-15T08:41:33.072+0000] {processor.py:161} INFO - Started process (PID=8495) to work on /opt/airflow/dags/cleaning/hour_clean.py
[2025-09-15T08:41:33.073+0000] {processor.py:830} INFO - Processing file /opt/airflow/dags/cleaning/hour_clean.py for tasks to queue
[2025-09-15T08:41:33.074+0000] {logging_mixin.py:188} INFO - [2025-09-15T08:41:33.074+0000] {dagbag.py:540} INFO - Filling up the DagBag from /opt/airflow/dags/cleaning/hour_clean.py
[2025-09-15T08:41:33.085+0000] {processor.py:842} WARNING - No viable dags retrieved from /opt/airflow/dags/cleaning/hour_clean.py
[2025-09-15T08:41:33.100+0000] {processor.py:183} INFO - Processing /opt/airflow/dags/cleaning/hour_clean.py took 0.033 seconds
[2025-09-15T08:42:03.699+0000] {processor.py:161} INFO - Started process (PID=8530) to work on /opt/airflow/dags/cleaning/hour_clean.py
[2025-09-15T08:42:03.700+0000] {processor.py:830} INFO - Processing file /opt/airflow/dags/cleaning/hour_clean.py for tasks to queue
[2025-09-15T08:42:03.701+0000] {logging_mixin.py:188} INFO - [2025-09-15T08:42:03.700+0000] {dagbag.py:540} INFO - Filling up the DagBag from /opt/airflow/dags/cleaning/hour_clean.py
[2025-09-15T08:42:03.713+0000] {processor.py:842} WARNING - No viable dags retrieved from /opt/airflow/dags/cleaning/hour_clean.py
[2025-09-15T08:42:03.732+0000] {processor.py:183} INFO - Processing /opt/airflow/dags/cleaning/hour_clean.py took 0.039 seconds
[2025-09-15T08:42:34.284+0000] {processor.py:161} INFO - Started process (PID=8565) to work on /opt/airflow/dags/cleaning/hour_clean.py
[2025-09-15T08:42:34.285+0000] {processor.py:830} INFO - Processing file /opt/airflow/dags/cleaning/hour_clean.py for tasks to queue
[2025-09-15T08:42:34.286+0000] {logging_mixin.py:188} INFO - [2025-09-15T08:42:34.286+0000] {dagbag.py:540} INFO - Filling up the DagBag from /opt/airflow/dags/cleaning/hour_clean.py
[2025-09-15T08:42:34.301+0000] {processor.py:842} WARNING - No viable dags retrieved from /opt/airflow/dags/cleaning/hour_clean.py
[2025-09-15T08:42:34.316+0000] {processor.py:183} INFO - Processing /opt/airflow/dags/cleaning/hour_clean.py took 0.039 seconds
[2025-09-15T08:43:04.884+0000] {processor.py:161} INFO - Started process (PID=8600) to work on /opt/airflow/dags/cleaning/hour_clean.py
[2025-09-15T08:43:04.885+0000] {processor.py:830} INFO - Processing file /opt/airflow/dags/cleaning/hour_clean.py for tasks to queue
[2025-09-15T08:43:04.886+0000] {logging_mixin.py:188} INFO - [2025-09-15T08:43:04.886+0000] {dagbag.py:540} INFO - Filling up the DagBag from /opt/airflow/dags/cleaning/hour_clean.py
[2025-09-15T08:43:04.900+0000] {processor.py:842} WARNING - No viable dags retrieved from /opt/airflow/dags/cleaning/hour_clean.py
[2025-09-15T08:43:04.916+0000] {processor.py:183} INFO - Processing /opt/airflow/dags/cleaning/hour_clean.py took 0.038 seconds
[2025-09-15T08:43:35.572+0000] {processor.py:161} INFO - Started process (PID=8635) to work on /opt/airflow/dags/cleaning/hour_clean.py
[2025-09-15T08:43:35.573+0000] {processor.py:830} INFO - Processing file /opt/airflow/dags/cleaning/hour_clean.py for tasks to queue
[2025-09-15T08:43:35.574+0000] {logging_mixin.py:188} INFO - [2025-09-15T08:43:35.573+0000] {dagbag.py:540} INFO - Filling up the DagBag from /opt/airflow/dags/cleaning/hour_clean.py
[2025-09-15T08:43:35.594+0000] {processor.py:842} WARNING - No viable dags retrieved from /opt/airflow/dags/cleaning/hour_clean.py
[2025-09-15T08:43:35.612+0000] {processor.py:183} INFO - Processing /opt/airflow/dags/cleaning/hour_clean.py took 0.046 seconds
[2025-09-15T08:44:06.381+0000] {processor.py:161} INFO - Started process (PID=8670) to work on /opt/airflow/dags/cleaning/hour_clean.py
[2025-09-15T08:44:06.382+0000] {processor.py:830} INFO - Processing file /opt/airflow/dags/cleaning/hour_clean.py for tasks to queue
[2025-09-15T08:44:06.383+0000] {logging_mixin.py:188} INFO - [2025-09-15T08:44:06.383+0000] {dagbag.py:540} INFO - Filling up the DagBag from /opt/airflow/dags/cleaning/hour_clean.py
[2025-09-15T08:44:06.402+0000] {processor.py:842} WARNING - No viable dags retrieved from /opt/airflow/dags/cleaning/hour_clean.py
[2025-09-15T08:44:06.417+0000] {processor.py:183} INFO - Processing /opt/airflow/dags/cleaning/hour_clean.py took 0.044 seconds
[2025-09-15T08:44:37.019+0000] {processor.py:161} INFO - Started process (PID=8705) to work on /opt/airflow/dags/cleaning/hour_clean.py
[2025-09-15T08:44:37.020+0000] {processor.py:830} INFO - Processing file /opt/airflow/dags/cleaning/hour_clean.py for tasks to queue
[2025-09-15T08:44:37.022+0000] {logging_mixin.py:188} INFO - [2025-09-15T08:44:37.021+0000] {dagbag.py:540} INFO - Filling up the DagBag from /opt/airflow/dags/cleaning/hour_clean.py
[2025-09-15T08:44:37.038+0000] {processor.py:842} WARNING - No viable dags retrieved from /opt/airflow/dags/cleaning/hour_clean.py
[2025-09-15T08:44:37.055+0000] {processor.py:183} INFO - Processing /opt/airflow/dags/cleaning/hour_clean.py took 0.042 seconds
[2025-09-15T08:45:07.886+0000] {processor.py:161} INFO - Started process (PID=8740) to work on /opt/airflow/dags/cleaning/hour_clean.py
[2025-09-15T08:45:07.890+0000] {processor.py:830} INFO - Processing file /opt/airflow/dags/cleaning/hour_clean.py for tasks to queue
[2025-09-15T08:45:07.891+0000] {logging_mixin.py:188} INFO - [2025-09-15T08:45:07.891+0000] {dagbag.py:540} INFO - Filling up the DagBag from /opt/airflow/dags/cleaning/hour_clean.py
[2025-09-15T08:45:07.934+0000] {processor.py:842} WARNING - No viable dags retrieved from /opt/airflow/dags/cleaning/hour_clean.py
[2025-09-15T08:45:07.959+0000] {processor.py:183} INFO - Processing /opt/airflow/dags/cleaning/hour_clean.py took 0.082 seconds
[2025-09-15T08:45:38.478+0000] {processor.py:161} INFO - Started process (PID=8775) to work on /opt/airflow/dags/cleaning/hour_clean.py
[2025-09-15T08:45:38.479+0000] {processor.py:830} INFO - Processing file /opt/airflow/dags/cleaning/hour_clean.py for tasks to queue
[2025-09-15T08:45:38.482+0000] {logging_mixin.py:188} INFO - [2025-09-15T08:45:38.480+0000] {dagbag.py:540} INFO - Filling up the DagBag from /opt/airflow/dags/cleaning/hour_clean.py
[2025-09-15T08:45:38.502+0000] {processor.py:842} WARNING - No viable dags retrieved from /opt/airflow/dags/cleaning/hour_clean.py
[2025-09-15T08:45:38.526+0000] {processor.py:183} INFO - Processing /opt/airflow/dags/cleaning/hour_clean.py took 0.057 seconds
[2025-09-15T08:46:09.003+0000] {processor.py:161} INFO - Started process (PID=8810) to work on /opt/airflow/dags/cleaning/hour_clean.py
[2025-09-15T08:46:09.005+0000] {processor.py:830} INFO - Processing file /opt/airflow/dags/cleaning/hour_clean.py for tasks to queue
[2025-09-15T08:46:09.006+0000] {logging_mixin.py:188} INFO - [2025-09-15T08:46:09.006+0000] {dagbag.py:540} INFO - Filling up the DagBag from /opt/airflow/dags/cleaning/hour_clean.py
[2025-09-15T08:46:09.020+0000] {processor.py:842} WARNING - No viable dags retrieved from /opt/airflow/dags/cleaning/hour_clean.py
[2025-09-15T08:46:09.038+0000] {processor.py:183} INFO - Processing /opt/airflow/dags/cleaning/hour_clean.py took 0.043 seconds
[2025-09-15T08:46:39.114+0000] {processor.py:161} INFO - Started process (PID=8845) to work on /opt/airflow/dags/cleaning/hour_clean.py
[2025-09-15T08:46:39.115+0000] {processor.py:830} INFO - Processing file /opt/airflow/dags/cleaning/hour_clean.py for tasks to queue
[2025-09-15T08:46:39.116+0000] {logging_mixin.py:188} INFO - [2025-09-15T08:46:39.116+0000] {dagbag.py:540} INFO - Filling up the DagBag from /opt/airflow/dags/cleaning/hour_clean.py
[2025-09-15T08:46:39.127+0000] {processor.py:842} WARNING - No viable dags retrieved from /opt/airflow/dags/cleaning/hour_clean.py
[2025-09-15T08:46:39.142+0000] {processor.py:183} INFO - Processing /opt/airflow/dags/cleaning/hour_clean.py took 0.034 seconds
[2025-09-15T08:47:09.873+0000] {processor.py:161} INFO - Started process (PID=8880) to work on /opt/airflow/dags/cleaning/hour_clean.py
[2025-09-15T08:47:09.875+0000] {processor.py:830} INFO - Processing file /opt/airflow/dags/cleaning/hour_clean.py for tasks to queue
[2025-09-15T08:47:09.876+0000] {logging_mixin.py:188} INFO - [2025-09-15T08:47:09.876+0000] {dagbag.py:540} INFO - Filling up the DagBag from /opt/airflow/dags/cleaning/hour_clean.py
[2025-09-15T08:47:09.896+0000] {processor.py:842} WARNING - No viable dags retrieved from /opt/airflow/dags/cleaning/hour_clean.py
[2025-09-15T08:47:09.914+0000] {processor.py:183} INFO - Processing /opt/airflow/dags/cleaning/hour_clean.py took 0.048 seconds
[2025-09-15T08:47:40.643+0000] {processor.py:161} INFO - Started process (PID=8915) to work on /opt/airflow/dags/cleaning/hour_clean.py
[2025-09-15T08:47:40.645+0000] {processor.py:830} INFO - Processing file /opt/airflow/dags/cleaning/hour_clean.py for tasks to queue
[2025-09-15T08:47:40.648+0000] {logging_mixin.py:188} INFO - [2025-09-15T08:47:40.646+0000] {dagbag.py:540} INFO - Filling up the DagBag from /opt/airflow/dags/cleaning/hour_clean.py
[2025-09-15T08:47:40.674+0000] {processor.py:842} WARNING - No viable dags retrieved from /opt/airflow/dags/cleaning/hour_clean.py
[2025-09-15T08:47:40.695+0000] {processor.py:183} INFO - Processing /opt/airflow/dags/cleaning/hour_clean.py took 0.063 seconds
[2025-09-15T08:48:11.172+0000] {processor.py:161} INFO - Started process (PID=8950) to work on /opt/airflow/dags/cleaning/hour_clean.py
[2025-09-15T08:48:11.173+0000] {processor.py:830} INFO - Processing file /opt/airflow/dags/cleaning/hour_clean.py for tasks to queue
[2025-09-15T08:48:11.174+0000] {logging_mixin.py:188} INFO - [2025-09-15T08:48:11.174+0000] {dagbag.py:540} INFO - Filling up the DagBag from /opt/airflow/dags/cleaning/hour_clean.py
[2025-09-15T08:48:11.188+0000] {processor.py:842} WARNING - No viable dags retrieved from /opt/airflow/dags/cleaning/hour_clean.py
[2025-09-15T08:48:11.202+0000] {processor.py:183} INFO - Processing /opt/airflow/dags/cleaning/hour_clean.py took 0.035 seconds
[2025-09-15T08:48:41.515+0000] {processor.py:161} INFO - Started process (PID=8985) to work on /opt/airflow/dags/cleaning/hour_clean.py
[2025-09-15T08:48:41.516+0000] {processor.py:830} INFO - Processing file /opt/airflow/dags/cleaning/hour_clean.py for tasks to queue
[2025-09-15T08:48:41.519+0000] {logging_mixin.py:188} INFO - [2025-09-15T08:48:41.518+0000] {dagbag.py:540} INFO - Filling up the DagBag from /opt/airflow/dags/cleaning/hour_clean.py
[2025-09-15T08:48:41.541+0000] {processor.py:842} WARNING - No viable dags retrieved from /opt/airflow/dags/cleaning/hour_clean.py
[2025-09-15T08:48:41.559+0000] {processor.py:183} INFO - Processing /opt/airflow/dags/cleaning/hour_clean.py took 0.078 seconds
[2025-09-15T08:49:12.166+0000] {processor.py:161} INFO - Started process (PID=9020) to work on /opt/airflow/dags/cleaning/hour_clean.py
[2025-09-15T08:49:12.167+0000] {processor.py:830} INFO - Processing file /opt/airflow/dags/cleaning/hour_clean.py for tasks to queue
[2025-09-15T08:49:12.168+0000] {logging_mixin.py:188} INFO - [2025-09-15T08:49:12.168+0000] {dagbag.py:540} INFO - Filling up the DagBag from /opt/airflow/dags/cleaning/hour_clean.py
[2025-09-15T08:49:12.184+0000] {processor.py:842} WARNING - No viable dags retrieved from /opt/airflow/dags/cleaning/hour_clean.py
[2025-09-15T08:49:12.199+0000] {processor.py:183} INFO - Processing /opt/airflow/dags/cleaning/hour_clean.py took 0.038 seconds
[2025-09-15T08:49:42.762+0000] {processor.py:161} INFO - Started process (PID=9055) to work on /opt/airflow/dags/cleaning/hour_clean.py
[2025-09-15T08:49:42.764+0000] {processor.py:830} INFO - Processing file /opt/airflow/dags/cleaning/hour_clean.py for tasks to queue
[2025-09-15T08:49:42.765+0000] {logging_mixin.py:188} INFO - [2025-09-15T08:49:42.765+0000] {dagbag.py:540} INFO - Filling up the DagBag from /opt/airflow/dags/cleaning/hour_clean.py
[2025-09-15T08:49:42.781+0000] {processor.py:842} WARNING - No viable dags retrieved from /opt/airflow/dags/cleaning/hour_clean.py
[2025-09-15T08:49:42.797+0000] {processor.py:183} INFO - Processing /opt/airflow/dags/cleaning/hour_clean.py took 0.041 seconds
[2025-09-15T08:50:13.440+0000] {processor.py:161} INFO - Started process (PID=9090) to work on /opt/airflow/dags/cleaning/hour_clean.py
[2025-09-15T08:50:13.441+0000] {processor.py:830} INFO - Processing file /opt/airflow/dags/cleaning/hour_clean.py for tasks to queue
[2025-09-15T08:50:13.442+0000] {logging_mixin.py:188} INFO - [2025-09-15T08:50:13.442+0000] {dagbag.py:540} INFO - Filling up the DagBag from /opt/airflow/dags/cleaning/hour_clean.py
[2025-09-15T08:50:13.455+0000] {processor.py:842} WARNING - No viable dags retrieved from /opt/airflow/dags/cleaning/hour_clean.py
[2025-09-15T08:50:13.471+0000] {processor.py:183} INFO - Processing /opt/airflow/dags/cleaning/hour_clean.py took 0.037 seconds
[2025-09-15T08:50:44.114+0000] {processor.py:161} INFO - Started process (PID=9125) to work on /opt/airflow/dags/cleaning/hour_clean.py
[2025-09-15T08:50:44.115+0000] {processor.py:830} INFO - Processing file /opt/airflow/dags/cleaning/hour_clean.py for tasks to queue
[2025-09-15T08:50:44.116+0000] {logging_mixin.py:188} INFO - [2025-09-15T08:50:44.116+0000] {dagbag.py:540} INFO - Filling up the DagBag from /opt/airflow/dags/cleaning/hour_clean.py
[2025-09-15T08:50:44.128+0000] {processor.py:842} WARNING - No viable dags retrieved from /opt/airflow/dags/cleaning/hour_clean.py
[2025-09-15T08:50:44.145+0000] {processor.py:183} INFO - Processing /opt/airflow/dags/cleaning/hour_clean.py took 0.036 seconds
[2025-09-15T08:51:14.638+0000] {processor.py:161} INFO - Started process (PID=9160) to work on /opt/airflow/dags/cleaning/hour_clean.py
[2025-09-15T08:51:14.639+0000] {processor.py:830} INFO - Processing file /opt/airflow/dags/cleaning/hour_clean.py for tasks to queue
[2025-09-15T08:51:14.640+0000] {logging_mixin.py:188} INFO - [2025-09-15T08:51:14.639+0000] {dagbag.py:540} INFO - Filling up the DagBag from /opt/airflow/dags/cleaning/hour_clean.py
[2025-09-15T08:51:14.652+0000] {processor.py:842} WARNING - No viable dags retrieved from /opt/airflow/dags/cleaning/hour_clean.py
[2025-09-15T08:51:14.667+0000] {processor.py:183} INFO - Processing /opt/airflow/dags/cleaning/hour_clean.py took 0.035 seconds
[2025-09-15T08:51:45.145+0000] {processor.py:161} INFO - Started process (PID=9195) to work on /opt/airflow/dags/cleaning/hour_clean.py
[2025-09-15T08:51:45.146+0000] {processor.py:830} INFO - Processing file /opt/airflow/dags/cleaning/hour_clean.py for tasks to queue
[2025-09-15T08:51:45.147+0000] {logging_mixin.py:188} INFO - [2025-09-15T08:51:45.147+0000] {dagbag.py:540} INFO - Filling up the DagBag from /opt/airflow/dags/cleaning/hour_clean.py
[2025-09-15T08:51:45.159+0000] {processor.py:842} WARNING - No viable dags retrieved from /opt/airflow/dags/cleaning/hour_clean.py
[2025-09-15T08:51:45.174+0000] {processor.py:183} INFO - Processing /opt/airflow/dags/cleaning/hour_clean.py took 0.035 seconds
[2025-09-15T08:52:15.660+0000] {processor.py:161} INFO - Started process (PID=9230) to work on /opt/airflow/dags/cleaning/hour_clean.py
[2025-09-15T08:52:15.661+0000] {processor.py:830} INFO - Processing file /opt/airflow/dags/cleaning/hour_clean.py for tasks to queue
[2025-09-15T08:52:15.662+0000] {logging_mixin.py:188} INFO - [2025-09-15T08:52:15.662+0000] {dagbag.py:540} INFO - Filling up the DagBag from /opt/airflow/dags/cleaning/hour_clean.py
[2025-09-15T08:52:15.673+0000] {processor.py:842} WARNING - No viable dags retrieved from /opt/airflow/dags/cleaning/hour_clean.py
[2025-09-15T08:52:15.688+0000] {processor.py:183} INFO - Processing /opt/airflow/dags/cleaning/hour_clean.py took 0.033 seconds
[2025-09-15T08:52:46.132+0000] {processor.py:161} INFO - Started process (PID=9265) to work on /opt/airflow/dags/cleaning/hour_clean.py
[2025-09-15T08:52:46.134+0000] {processor.py:830} INFO - Processing file /opt/airflow/dags/cleaning/hour_clean.py for tasks to queue
[2025-09-15T08:52:46.134+0000] {logging_mixin.py:188} INFO - [2025-09-15T08:52:46.134+0000] {dagbag.py:540} INFO - Filling up the DagBag from /opt/airflow/dags/cleaning/hour_clean.py
[2025-09-15T08:52:46.148+0000] {processor.py:842} WARNING - No viable dags retrieved from /opt/airflow/dags/cleaning/hour_clean.py
[2025-09-15T08:52:46.163+0000] {processor.py:183} INFO - Processing /opt/airflow/dags/cleaning/hour_clean.py took 0.036 seconds
[2025-09-15T08:53:16.609+0000] {processor.py:161} INFO - Started process (PID=9300) to work on /opt/airflow/dags/cleaning/hour_clean.py
[2025-09-15T08:53:16.610+0000] {processor.py:830} INFO - Processing file /opt/airflow/dags/cleaning/hour_clean.py for tasks to queue
[2025-09-15T08:53:16.611+0000] {logging_mixin.py:188} INFO - [2025-09-15T08:53:16.611+0000] {dagbag.py:540} INFO - Filling up the DagBag from /opt/airflow/dags/cleaning/hour_clean.py
[2025-09-15T08:53:16.623+0000] {processor.py:842} WARNING - No viable dags retrieved from /opt/airflow/dags/cleaning/hour_clean.py
[2025-09-15T08:53:16.638+0000] {processor.py:183} INFO - Processing /opt/airflow/dags/cleaning/hour_clean.py took 0.035 seconds
[2025-09-15T08:53:47.467+0000] {processor.py:161} INFO - Started process (PID=9335) to work on /opt/airflow/dags/cleaning/hour_clean.py
[2025-09-15T08:53:47.468+0000] {processor.py:830} INFO - Processing file /opt/airflow/dags/cleaning/hour_clean.py for tasks to queue
[2025-09-15T08:53:47.469+0000] {logging_mixin.py:188} INFO - [2025-09-15T08:53:47.469+0000] {dagbag.py:540} INFO - Filling up the DagBag from /opt/airflow/dags/cleaning/hour_clean.py
[2025-09-15T08:53:47.481+0000] {processor.py:842} WARNING - No viable dags retrieved from /opt/airflow/dags/cleaning/hour_clean.py
[2025-09-15T08:53:47.495+0000] {processor.py:183} INFO - Processing /opt/airflow/dags/cleaning/hour_clean.py took 0.034 seconds
[2025-09-15T08:54:18.230+0000] {processor.py:161} INFO - Started process (PID=9370) to work on /opt/airflow/dags/cleaning/hour_clean.py
[2025-09-15T08:54:18.232+0000] {processor.py:830} INFO - Processing file /opt/airflow/dags/cleaning/hour_clean.py for tasks to queue
[2025-09-15T08:54:18.234+0000] {logging_mixin.py:188} INFO - [2025-09-15T08:54:18.233+0000] {dagbag.py:540} INFO - Filling up the DagBag from /opt/airflow/dags/cleaning/hour_clean.py
[2025-09-15T08:54:18.254+0000] {processor.py:842} WARNING - No viable dags retrieved from /opt/airflow/dags/cleaning/hour_clean.py
[2025-09-15T08:54:18.272+0000] {processor.py:183} INFO - Processing /opt/airflow/dags/cleaning/hour_clean.py took 0.053 seconds
[2025-09-15T08:54:48.925+0000] {processor.py:161} INFO - Started process (PID=9405) to work on /opt/airflow/dags/cleaning/hour_clean.py
[2025-09-15T08:54:48.927+0000] {processor.py:830} INFO - Processing file /opt/airflow/dags/cleaning/hour_clean.py for tasks to queue
[2025-09-15T08:54:48.928+0000] {logging_mixin.py:188} INFO - [2025-09-15T08:54:48.928+0000] {dagbag.py:540} INFO - Filling up the DagBag from /opt/airflow/dags/cleaning/hour_clean.py
[2025-09-15T08:54:48.943+0000] {processor.py:842} WARNING - No viable dags retrieved from /opt/airflow/dags/cleaning/hour_clean.py
[2025-09-15T08:54:48.964+0000] {processor.py:183} INFO - Processing /opt/airflow/dags/cleaning/hour_clean.py took 0.044 seconds
[2025-09-15T08:55:19.802+0000] {processor.py:161} INFO - Started process (PID=9442) to work on /opt/airflow/dags/cleaning/hour_clean.py
[2025-09-15T08:55:19.805+0000] {processor.py:830} INFO - Processing file /opt/airflow/dags/cleaning/hour_clean.py for tasks to queue
[2025-09-15T08:55:19.808+0000] {logging_mixin.py:188} INFO - [2025-09-15T08:55:19.807+0000] {dagbag.py:540} INFO - Filling up the DagBag from /opt/airflow/dags/cleaning/hour_clean.py
[2025-09-15T08:55:19.831+0000] {processor.py:842} WARNING - No viable dags retrieved from /opt/airflow/dags/cleaning/hour_clean.py
[2025-09-15T08:55:19.948+0000] {processor.py:183} INFO - Processing /opt/airflow/dags/cleaning/hour_clean.py took 0.202 seconds
[2025-09-15T08:55:50.341+0000] {processor.py:161} INFO - Started process (PID=9479) to work on /opt/airflow/dags/cleaning/hour_clean.py
[2025-09-15T08:55:50.350+0000] {processor.py:830} INFO - Processing file /opt/airflow/dags/cleaning/hour_clean.py for tasks to queue
[2025-09-15T08:55:50.354+0000] {logging_mixin.py:188} INFO - [2025-09-15T08:55:50.352+0000] {dagbag.py:540} INFO - Filling up the DagBag from /opt/airflow/dags/cleaning/hour_clean.py
[2025-09-15T08:55:50.391+0000] {processor.py:842} WARNING - No viable dags retrieved from /opt/airflow/dags/cleaning/hour_clean.py
[2025-09-15T08:55:50.518+0000] {processor.py:183} INFO - Processing /opt/airflow/dags/cleaning/hour_clean.py took 0.205 seconds
[2025-09-15T08:56:19.857+0000] {processor.py:161} INFO - Started process (PID=9514) to work on /opt/airflow/dags/cleaning/hour_clean.py
[2025-09-15T08:56:19.859+0000] {processor.py:830} INFO - Processing file /opt/airflow/dags/cleaning/hour_clean.py for tasks to queue
[2025-09-15T08:56:19.859+0000] {logging_mixin.py:188} INFO - [2025-09-15T08:56:19.859+0000] {dagbag.py:540} INFO - Filling up the DagBag from /opt/airflow/dags/cleaning/hour_clean.py
[2025-09-15T08:56:19.876+0000] {processor.py:842} WARNING - No viable dags retrieved from /opt/airflow/dags/cleaning/hour_clean.py
[2025-09-15T08:56:19.893+0000] {processor.py:183} INFO - Processing /opt/airflow/dags/cleaning/hour_clean.py took 0.042 seconds
[2025-09-15T08:56:50.716+0000] {processor.py:161} INFO - Started process (PID=9549) to work on /opt/airflow/dags/cleaning/hour_clean.py
[2025-09-15T08:56:50.720+0000] {processor.py:830} INFO - Processing file /opt/airflow/dags/cleaning/hour_clean.py for tasks to queue
[2025-09-15T08:56:50.723+0000] {logging_mixin.py:188} INFO - [2025-09-15T08:56:50.721+0000] {dagbag.py:540} INFO - Filling up the DagBag from /opt/airflow/dags/cleaning/hour_clean.py
[2025-09-15T08:56:50.741+0000] {processor.py:842} WARNING - No viable dags retrieved from /opt/airflow/dags/cleaning/hour_clean.py
[2025-09-15T08:56:50.793+0000] {processor.py:183} INFO - Processing /opt/airflow/dags/cleaning/hour_clean.py took 0.137 seconds
[2025-09-15T08:57:21.503+0000] {processor.py:161} INFO - Started process (PID=9594) to work on /opt/airflow/dags/cleaning/hour_clean.py
[2025-09-15T08:57:21.504+0000] {processor.py:830} INFO - Processing file /opt/airflow/dags/cleaning/hour_clean.py for tasks to queue
[2025-09-15T08:57:21.507+0000] {logging_mixin.py:188} INFO - [2025-09-15T08:57:21.506+0000] {dagbag.py:540} INFO - Filling up the DagBag from /opt/airflow/dags/cleaning/hour_clean.py
[2025-09-15T08:57:21.529+0000] {processor.py:842} WARNING - No viable dags retrieved from /opt/airflow/dags/cleaning/hour_clean.py
[2025-09-15T08:57:21.548+0000] {processor.py:183} INFO - Processing /opt/airflow/dags/cleaning/hour_clean.py took 0.050 seconds
[2025-09-15T08:57:51.796+0000] {processor.py:161} INFO - Started process (PID=9629) to work on /opt/airflow/dags/cleaning/hour_clean.py
[2025-09-15T08:57:51.797+0000] {processor.py:830} INFO - Processing file /opt/airflow/dags/cleaning/hour_clean.py for tasks to queue
[2025-09-15T08:57:51.798+0000] {logging_mixin.py:188} INFO - [2025-09-15T08:57:51.798+0000] {dagbag.py:540} INFO - Filling up the DagBag from /opt/airflow/dags/cleaning/hour_clean.py
[2025-09-15T08:57:51.810+0000] {processor.py:842} WARNING - No viable dags retrieved from /opt/airflow/dags/cleaning/hour_clean.py
[2025-09-15T08:57:51.826+0000] {processor.py:183} INFO - Processing /opt/airflow/dags/cleaning/hour_clean.py took 0.036 seconds
[2025-09-15T08:58:22.141+0000] {processor.py:161} INFO - Started process (PID=9669) to work on /opt/airflow/dags/cleaning/hour_clean.py
[2025-09-15T08:58:22.143+0000] {processor.py:830} INFO - Processing file /opt/airflow/dags/cleaning/hour_clean.py for tasks to queue
[2025-09-15T08:58:22.144+0000] {logging_mixin.py:188} INFO - [2025-09-15T08:58:22.143+0000] {dagbag.py:540} INFO - Filling up the DagBag from /opt/airflow/dags/cleaning/hour_clean.py
[2025-09-15T08:58:22.156+0000] {processor.py:842} WARNING - No viable dags retrieved from /opt/airflow/dags/cleaning/hour_clean.py
[2025-09-15T08:58:22.174+0000] {processor.py:183} INFO - Processing /opt/airflow/dags/cleaning/hour_clean.py took 0.038 seconds
[2025-09-15T08:58:53.128+0000] {processor.py:161} INFO - Started process (PID=9708) to work on /opt/airflow/dags/cleaning/hour_clean.py
[2025-09-15T08:58:53.129+0000] {processor.py:830} INFO - Processing file /opt/airflow/dags/cleaning/hour_clean.py for tasks to queue
[2025-09-15T08:58:53.130+0000] {logging_mixin.py:188} INFO - [2025-09-15T08:58:53.130+0000] {dagbag.py:540} INFO - Filling up the DagBag from /opt/airflow/dags/cleaning/hour_clean.py
[2025-09-15T08:58:53.141+0000] {processor.py:842} WARNING - No viable dags retrieved from /opt/airflow/dags/cleaning/hour_clean.py
[2025-09-15T08:58:53.155+0000] {processor.py:183} INFO - Processing /opt/airflow/dags/cleaning/hour_clean.py took 0.033 seconds
[2025-09-15T08:59:23.894+0000] {processor.py:161} INFO - Started process (PID=9743) to work on /opt/airflow/dags/cleaning/hour_clean.py
[2025-09-15T08:59:23.896+0000] {processor.py:830} INFO - Processing file /opt/airflow/dags/cleaning/hour_clean.py for tasks to queue
[2025-09-15T08:59:23.897+0000] {logging_mixin.py:188} INFO - [2025-09-15T08:59:23.896+0000] {dagbag.py:540} INFO - Filling up the DagBag from /opt/airflow/dags/cleaning/hour_clean.py
[2025-09-15T08:59:23.911+0000] {processor.py:842} WARNING - No viable dags retrieved from /opt/airflow/dags/cleaning/hour_clean.py
[2025-09-15T08:59:23.925+0000] {processor.py:183} INFO - Processing /opt/airflow/dags/cleaning/hour_clean.py took 0.037 seconds
[2025-09-15T08:59:54.590+0000] {processor.py:161} INFO - Started process (PID=9778) to work on /opt/airflow/dags/cleaning/hour_clean.py
[2025-09-15T08:59:54.592+0000] {processor.py:830} INFO - Processing file /opt/airflow/dags/cleaning/hour_clean.py for tasks to queue
[2025-09-15T08:59:54.593+0000] {logging_mixin.py:188} INFO - [2025-09-15T08:59:54.593+0000] {dagbag.py:540} INFO - Filling up the DagBag from /opt/airflow/dags/cleaning/hour_clean.py
[2025-09-15T08:59:54.605+0000] {processor.py:842} WARNING - No viable dags retrieved from /opt/airflow/dags/cleaning/hour_clean.py
[2025-09-15T08:59:54.620+0000] {processor.py:183} INFO - Processing /opt/airflow/dags/cleaning/hour_clean.py took 0.035 seconds
[2025-09-15T09:00:25.268+0000] {processor.py:161} INFO - Started process (PID=9813) to work on /opt/airflow/dags/cleaning/hour_clean.py
[2025-09-15T09:00:25.269+0000] {processor.py:830} INFO - Processing file /opt/airflow/dags/cleaning/hour_clean.py for tasks to queue
[2025-09-15T09:00:25.270+0000] {logging_mixin.py:188} INFO - [2025-09-15T09:00:25.269+0000] {dagbag.py:540} INFO - Filling up the DagBag from /opt/airflow/dags/cleaning/hour_clean.py
[2025-09-15T09:00:25.280+0000] {processor.py:842} WARNING - No viable dags retrieved from /opt/airflow/dags/cleaning/hour_clean.py
[2025-09-15T09:00:25.294+0000] {processor.py:183} INFO - Processing /opt/airflow/dags/cleaning/hour_clean.py took 0.031 seconds
[2025-09-15T09:00:55.762+0000] {processor.py:161} INFO - Started process (PID=9848) to work on /opt/airflow/dags/cleaning/hour_clean.py
[2025-09-15T09:00:55.763+0000] {processor.py:830} INFO - Processing file /opt/airflow/dags/cleaning/hour_clean.py for tasks to queue
[2025-09-15T09:00:55.764+0000] {logging_mixin.py:188} INFO - [2025-09-15T09:00:55.763+0000] {dagbag.py:540} INFO - Filling up the DagBag from /opt/airflow/dags/cleaning/hour_clean.py
[2025-09-15T09:00:55.775+0000] {processor.py:842} WARNING - No viable dags retrieved from /opt/airflow/dags/cleaning/hour_clean.py
[2025-09-15T09:00:55.791+0000] {processor.py:183} INFO - Processing /opt/airflow/dags/cleaning/hour_clean.py took 0.035 seconds
[2025-09-15T09:01:26.316+0000] {processor.py:161} INFO - Started process (PID=9883) to work on /opt/airflow/dags/cleaning/hour_clean.py
[2025-09-15T09:01:26.316+0000] {processor.py:830} INFO - Processing file /opt/airflow/dags/cleaning/hour_clean.py for tasks to queue
[2025-09-15T09:01:26.317+0000] {logging_mixin.py:188} INFO - [2025-09-15T09:01:26.317+0000] {dagbag.py:540} INFO - Filling up the DagBag from /opt/airflow/dags/cleaning/hour_clean.py
[2025-09-15T09:01:26.331+0000] {processor.py:842} WARNING - No viable dags retrieved from /opt/airflow/dags/cleaning/hour_clean.py
[2025-09-15T09:01:26.347+0000] {processor.py:183} INFO - Processing /opt/airflow/dags/cleaning/hour_clean.py took 0.037 seconds
[2025-09-15T09:01:56.949+0000] {processor.py:161} INFO - Started process (PID=9918) to work on /opt/airflow/dags/cleaning/hour_clean.py
[2025-09-15T09:01:56.950+0000] {processor.py:830} INFO - Processing file /opt/airflow/dags/cleaning/hour_clean.py for tasks to queue
[2025-09-15T09:01:56.951+0000] {logging_mixin.py:188} INFO - [2025-09-15T09:01:56.951+0000] {dagbag.py:540} INFO - Filling up the DagBag from /opt/airflow/dags/cleaning/hour_clean.py
[2025-09-15T09:01:56.964+0000] {processor.py:842} WARNING - No viable dags retrieved from /opt/airflow/dags/cleaning/hour_clean.py
[2025-09-15T09:01:56.980+0000] {processor.py:183} INFO - Processing /opt/airflow/dags/cleaning/hour_clean.py took 0.038 seconds
[2025-09-15T09:02:27.763+0000] {processor.py:161} INFO - Started process (PID=9953) to work on /opt/airflow/dags/cleaning/hour_clean.py
[2025-09-15T09:02:27.764+0000] {processor.py:830} INFO - Processing file /opt/airflow/dags/cleaning/hour_clean.py for tasks to queue
[2025-09-15T09:02:27.765+0000] {logging_mixin.py:188} INFO - [2025-09-15T09:02:27.765+0000] {dagbag.py:540} INFO - Filling up the DagBag from /opt/airflow/dags/cleaning/hour_clean.py
[2025-09-15T09:02:27.781+0000] {processor.py:842} WARNING - No viable dags retrieved from /opt/airflow/dags/cleaning/hour_clean.py
[2025-09-15T09:02:27.795+0000] {processor.py:183} INFO - Processing /opt/airflow/dags/cleaning/hour_clean.py took 0.037 seconds
[2025-09-15T09:02:58.432+0000] {processor.py:161} INFO - Started process (PID=9988) to work on /opt/airflow/dags/cleaning/hour_clean.py
[2025-09-15T09:02:58.433+0000] {processor.py:830} INFO - Processing file /opt/airflow/dags/cleaning/hour_clean.py for tasks to queue
[2025-09-15T09:02:58.434+0000] {logging_mixin.py:188} INFO - [2025-09-15T09:02:58.434+0000] {dagbag.py:540} INFO - Filling up the DagBag from /opt/airflow/dags/cleaning/hour_clean.py
[2025-09-15T09:02:58.447+0000] {processor.py:842} WARNING - No viable dags retrieved from /opt/airflow/dags/cleaning/hour_clean.py
[2025-09-15T09:02:58.460+0000] {processor.py:183} INFO - Processing /opt/airflow/dags/cleaning/hour_clean.py took 0.034 seconds
[2025-09-15T09:03:28.987+0000] {processor.py:161} INFO - Started process (PID=10023) to work on /opt/airflow/dags/cleaning/hour_clean.py
[2025-09-15T09:03:28.988+0000] {processor.py:830} INFO - Processing file /opt/airflow/dags/cleaning/hour_clean.py for tasks to queue
[2025-09-15T09:03:28.989+0000] {logging_mixin.py:188} INFO - [2025-09-15T09:03:28.988+0000] {dagbag.py:540} INFO - Filling up the DagBag from /opt/airflow/dags/cleaning/hour_clean.py
[2025-09-15T09:03:29.003+0000] {processor.py:842} WARNING - No viable dags retrieved from /opt/airflow/dags/cleaning/hour_clean.py
[2025-09-15T09:03:29.019+0000] {processor.py:183} INFO - Processing /opt/airflow/dags/cleaning/hour_clean.py took 0.038 seconds
[2025-09-15T09:03:59.785+0000] {processor.py:161} INFO - Started process (PID=10058) to work on /opt/airflow/dags/cleaning/hour_clean.py
[2025-09-15T09:03:59.786+0000] {processor.py:830} INFO - Processing file /opt/airflow/dags/cleaning/hour_clean.py for tasks to queue
[2025-09-15T09:03:59.787+0000] {logging_mixin.py:188} INFO - [2025-09-15T09:03:59.787+0000] {dagbag.py:540} INFO - Filling up the DagBag from /opt/airflow/dags/cleaning/hour_clean.py
[2025-09-15T09:03:59.798+0000] {processor.py:842} WARNING - No viable dags retrieved from /opt/airflow/dags/cleaning/hour_clean.py
[2025-09-15T09:03:59.812+0000] {processor.py:183} INFO - Processing /opt/airflow/dags/cleaning/hour_clean.py took 0.033 seconds
[2025-09-15T09:04:30.405+0000] {processor.py:161} INFO - Started process (PID=10093) to work on /opt/airflow/dags/cleaning/hour_clean.py
[2025-09-15T09:04:30.406+0000] {processor.py:830} INFO - Processing file /opt/airflow/dags/cleaning/hour_clean.py for tasks to queue
[2025-09-15T09:04:30.408+0000] {logging_mixin.py:188} INFO - [2025-09-15T09:04:30.407+0000] {dagbag.py:540} INFO - Filling up the DagBag from /opt/airflow/dags/cleaning/hour_clean.py
[2025-09-15T09:04:30.423+0000] {processor.py:842} WARNING - No viable dags retrieved from /opt/airflow/dags/cleaning/hour_clean.py
[2025-09-15T09:04:30.440+0000] {processor.py:183} INFO - Processing /opt/airflow/dags/cleaning/hour_clean.py took 0.041 seconds
[2025-09-15T09:05:01.053+0000] {processor.py:161} INFO - Started process (PID=10128) to work on /opt/airflow/dags/cleaning/hour_clean.py
[2025-09-15T09:05:01.054+0000] {processor.py:830} INFO - Processing file /opt/airflow/dags/cleaning/hour_clean.py for tasks to queue
[2025-09-15T09:05:01.055+0000] {logging_mixin.py:188} INFO - [2025-09-15T09:05:01.054+0000] {dagbag.py:540} INFO - Filling up the DagBag from /opt/airflow/dags/cleaning/hour_clean.py
[2025-09-15T09:05:01.070+0000] {processor.py:842} WARNING - No viable dags retrieved from /opt/airflow/dags/cleaning/hour_clean.py
[2025-09-15T09:05:01.086+0000] {processor.py:183} INFO - Processing /opt/airflow/dags/cleaning/hour_clean.py took 0.038 seconds
[2025-09-15T09:05:31.605+0000] {processor.py:161} INFO - Started process (PID=10163) to work on /opt/airflow/dags/cleaning/hour_clean.py
[2025-09-15T09:05:31.606+0000] {processor.py:830} INFO - Processing file /opt/airflow/dags/cleaning/hour_clean.py for tasks to queue
[2025-09-15T09:05:31.607+0000] {logging_mixin.py:188} INFO - [2025-09-15T09:05:31.607+0000] {dagbag.py:540} INFO - Filling up the DagBag from /opt/airflow/dags/cleaning/hour_clean.py
[2025-09-15T09:05:31.618+0000] {processor.py:842} WARNING - No viable dags retrieved from /opt/airflow/dags/cleaning/hour_clean.py
[2025-09-15T09:05:31.632+0000] {processor.py:183} INFO - Processing /opt/airflow/dags/cleaning/hour_clean.py took 0.032 seconds
[2025-09-15T09:06:02.140+0000] {processor.py:161} INFO - Started process (PID=10213) to work on /opt/airflow/dags/cleaning/hour_clean.py
[2025-09-15T09:06:02.141+0000] {processor.py:830} INFO - Processing file /opt/airflow/dags/cleaning/hour_clean.py for tasks to queue
[2025-09-15T09:06:02.142+0000] {logging_mixin.py:188} INFO - [2025-09-15T09:06:02.141+0000] {dagbag.py:540} INFO - Filling up the DagBag from /opt/airflow/dags/cleaning/hour_clean.py
[2025-09-15T09:06:02.157+0000] {processor.py:842} WARNING - No viable dags retrieved from /opt/airflow/dags/cleaning/hour_clean.py
[2025-09-15T09:06:02.172+0000] {processor.py:183} INFO - Processing /opt/airflow/dags/cleaning/hour_clean.py took 0.038 seconds
[2025-09-15T09:06:32.631+0000] {processor.py:161} INFO - Started process (PID=10248) to work on /opt/airflow/dags/cleaning/hour_clean.py
[2025-09-15T09:06:32.632+0000] {processor.py:830} INFO - Processing file /opt/airflow/dags/cleaning/hour_clean.py for tasks to queue
[2025-09-15T09:06:32.633+0000] {logging_mixin.py:188} INFO - [2025-09-15T09:06:32.633+0000] {dagbag.py:540} INFO - Filling up the DagBag from /opt/airflow/dags/cleaning/hour_clean.py
[2025-09-15T09:06:32.650+0000] {processor.py:842} WARNING - No viable dags retrieved from /opt/airflow/dags/cleaning/hour_clean.py
[2025-09-15T09:06:32.668+0000] {processor.py:183} INFO - Processing /opt/airflow/dags/cleaning/hour_clean.py took 0.044 seconds
[2025-09-15T09:07:03.340+0000] {processor.py:161} INFO - Started process (PID=10298) to work on /opt/airflow/dags/cleaning/hour_clean.py
[2025-09-15T09:07:03.342+0000] {processor.py:830} INFO - Processing file /opt/airflow/dags/cleaning/hour_clean.py for tasks to queue
[2025-09-15T09:07:03.343+0000] {logging_mixin.py:188} INFO - [2025-09-15T09:07:03.342+0000] {dagbag.py:540} INFO - Filling up the DagBag from /opt/airflow/dags/cleaning/hour_clean.py
[2025-09-15T09:07:03.354+0000] {processor.py:842} WARNING - No viable dags retrieved from /opt/airflow/dags/cleaning/hour_clean.py
[2025-09-15T09:07:03.368+0000] {processor.py:183} INFO - Processing /opt/airflow/dags/cleaning/hour_clean.py took 0.034 seconds
[2025-09-15T09:07:33.615+0000] {processor.py:161} INFO - Started process (PID=10333) to work on /opt/airflow/dags/cleaning/hour_clean.py
[2025-09-15T09:07:33.616+0000] {processor.py:830} INFO - Processing file /opt/airflow/dags/cleaning/hour_clean.py for tasks to queue
[2025-09-15T09:07:33.617+0000] {logging_mixin.py:188} INFO - [2025-09-15T09:07:33.616+0000] {dagbag.py:540} INFO - Filling up the DagBag from /opt/airflow/dags/cleaning/hour_clean.py
[2025-09-15T09:07:33.631+0000] {processor.py:842} WARNING - No viable dags retrieved from /opt/airflow/dags/cleaning/hour_clean.py
[2025-09-15T09:07:33.648+0000] {processor.py:183} INFO - Processing /opt/airflow/dags/cleaning/hour_clean.py took 0.039 seconds
[2025-09-15T09:08:04.334+0000] {processor.py:161} INFO - Started process (PID=10368) to work on /opt/airflow/dags/cleaning/hour_clean.py
[2025-09-15T09:08:04.335+0000] {processor.py:830} INFO - Processing file /opt/airflow/dags/cleaning/hour_clean.py for tasks to queue
[2025-09-15T09:08:04.337+0000] {logging_mixin.py:188} INFO - [2025-09-15T09:08:04.336+0000] {dagbag.py:540} INFO - Filling up the DagBag from /opt/airflow/dags/cleaning/hour_clean.py
[2025-09-15T09:08:04.353+0000] {processor.py:842} WARNING - No viable dags retrieved from /opt/airflow/dags/cleaning/hour_clean.py
[2025-09-15T09:08:04.371+0000] {processor.py:183} INFO - Processing /opt/airflow/dags/cleaning/hour_clean.py took 0.044 seconds
[2025-09-15T09:08:34.782+0000] {processor.py:161} INFO - Started process (PID=10403) to work on /opt/airflow/dags/cleaning/hour_clean.py
[2025-09-15T09:08:34.785+0000] {processor.py:830} INFO - Processing file /opt/airflow/dags/cleaning/hour_clean.py for tasks to queue
[2025-09-15T09:08:34.787+0000] {logging_mixin.py:188} INFO - [2025-09-15T09:08:34.786+0000] {dagbag.py:540} INFO - Filling up the DagBag from /opt/airflow/dags/cleaning/hour_clean.py
[2025-09-15T09:08:34.815+0000] {processor.py:842} WARNING - No viable dags retrieved from /opt/airflow/dags/cleaning/hour_clean.py
[2025-09-15T09:08:34.841+0000] {processor.py:183} INFO - Processing /opt/airflow/dags/cleaning/hour_clean.py took 0.069 seconds
[2025-09-15T09:09:05.484+0000] {processor.py:161} INFO - Started process (PID=10438) to work on /opt/airflow/dags/cleaning/hour_clean.py
[2025-09-15T09:09:05.500+0000] {processor.py:830} INFO - Processing file /opt/airflow/dags/cleaning/hour_clean.py for tasks to queue
[2025-09-15T09:09:05.501+0000] {logging_mixin.py:188} INFO - [2025-09-15T09:09:05.500+0000] {dagbag.py:540} INFO - Filling up the DagBag from /opt/airflow/dags/cleaning/hour_clean.py
[2025-09-15T09:09:05.515+0000] {processor.py:842} WARNING - No viable dags retrieved from /opt/airflow/dags/cleaning/hour_clean.py
[2025-09-15T09:09:05.531+0000] {processor.py:183} INFO - Processing /opt/airflow/dags/cleaning/hour_clean.py took 0.054 seconds
[2025-09-15T09:09:36.022+0000] {processor.py:161} INFO - Started process (PID=10473) to work on /opt/airflow/dags/cleaning/hour_clean.py
[2025-09-15T09:09:36.023+0000] {processor.py:830} INFO - Processing file /opt/airflow/dags/cleaning/hour_clean.py for tasks to queue
[2025-09-15T09:09:36.024+0000] {logging_mixin.py:188} INFO - [2025-09-15T09:09:36.024+0000] {dagbag.py:540} INFO - Filling up the DagBag from /opt/airflow/dags/cleaning/hour_clean.py
[2025-09-15T09:09:36.035+0000] {processor.py:842} WARNING - No viable dags retrieved from /opt/airflow/dags/cleaning/hour_clean.py
[2025-09-15T09:09:36.050+0000] {processor.py:183} INFO - Processing /opt/airflow/dags/cleaning/hour_clean.py took 0.034 seconds
[2025-09-15T09:10:06.216+0000] {processor.py:161} INFO - Started process (PID=10512) to work on /opt/airflow/dags/cleaning/hour_clean.py
[2025-09-15T09:10:06.217+0000] {processor.py:830} INFO - Processing file /opt/airflow/dags/cleaning/hour_clean.py for tasks to queue
[2025-09-15T09:10:06.218+0000] {logging_mixin.py:188} INFO - [2025-09-15T09:10:06.218+0000] {dagbag.py:540} INFO - Filling up the DagBag from /opt/airflow/dags/cleaning/hour_clean.py
[2025-09-15T09:10:06.230+0000] {processor.py:842} WARNING - No viable dags retrieved from /opt/airflow/dags/cleaning/hour_clean.py
[2025-09-15T09:10:06.247+0000] {processor.py:183} INFO - Processing /opt/airflow/dags/cleaning/hour_clean.py took 0.037 seconds
[2025-09-15T09:10:36.758+0000] {processor.py:161} INFO - Started process (PID=10547) to work on /opt/airflow/dags/cleaning/hour_clean.py
[2025-09-15T09:10:36.759+0000] {processor.py:830} INFO - Processing file /opt/airflow/dags/cleaning/hour_clean.py for tasks to queue
[2025-09-15T09:10:36.760+0000] {logging_mixin.py:188} INFO - [2025-09-15T09:10:36.760+0000] {dagbag.py:540} INFO - Filling up the DagBag from /opt/airflow/dags/cleaning/hour_clean.py
[2025-09-15T09:10:36.772+0000] {processor.py:842} WARNING - No viable dags retrieved from /opt/airflow/dags/cleaning/hour_clean.py
[2025-09-15T09:10:36.787+0000] {processor.py:183} INFO - Processing /opt/airflow/dags/cleaning/hour_clean.py took 0.036 seconds
[2025-09-15T09:11:07.278+0000] {processor.py:161} INFO - Started process (PID=10582) to work on /opt/airflow/dags/cleaning/hour_clean.py
[2025-09-15T09:11:07.279+0000] {processor.py:830} INFO - Processing file /opt/airflow/dags/cleaning/hour_clean.py for tasks to queue
[2025-09-15T09:11:07.280+0000] {logging_mixin.py:188} INFO - [2025-09-15T09:11:07.280+0000] {dagbag.py:540} INFO - Filling up the DagBag from /opt/airflow/dags/cleaning/hour_clean.py
[2025-09-15T09:11:07.297+0000] {processor.py:842} WARNING - No viable dags retrieved from /opt/airflow/dags/cleaning/hour_clean.py
[2025-09-15T09:11:07.318+0000] {processor.py:183} INFO - Processing /opt/airflow/dags/cleaning/hour_clean.py took 0.047 seconds
[2025-09-15T09:11:37.752+0000] {processor.py:161} INFO - Started process (PID=10621) to work on /opt/airflow/dags/cleaning/hour_clean.py
[2025-09-15T09:11:37.754+0000] {processor.py:830} INFO - Processing file /opt/airflow/dags/cleaning/hour_clean.py for tasks to queue
[2025-09-15T09:11:37.755+0000] {logging_mixin.py:188} INFO - [2025-09-15T09:11:37.755+0000] {dagbag.py:540} INFO - Filling up the DagBag from /opt/airflow/dags/cleaning/hour_clean.py
[2025-09-15T09:11:37.772+0000] {processor.py:842} WARNING - No viable dags retrieved from /opt/airflow/dags/cleaning/hour_clean.py
[2025-09-15T09:11:37.794+0000] {processor.py:183} INFO - Processing /opt/airflow/dags/cleaning/hour_clean.py took 0.051 seconds
[2025-09-15T09:12:08.788+0000] {processor.py:161} INFO - Started process (PID=10656) to work on /opt/airflow/dags/cleaning/hour_clean.py
[2025-09-15T09:12:08.790+0000] {processor.py:830} INFO - Processing file /opt/airflow/dags/cleaning/hour_clean.py for tasks to queue
[2025-09-15T09:12:08.791+0000] {logging_mixin.py:188} INFO - [2025-09-15T09:12:08.790+0000] {dagbag.py:540} INFO - Filling up the DagBag from /opt/airflow/dags/cleaning/hour_clean.py
[2025-09-15T09:12:08.806+0000] {processor.py:842} WARNING - No viable dags retrieved from /opt/airflow/dags/cleaning/hour_clean.py
[2025-09-15T09:12:08.822+0000] {processor.py:183} INFO - Processing /opt/airflow/dags/cleaning/hour_clean.py took 0.039 seconds
[2025-09-15T09:12:39.593+0000] {processor.py:161} INFO - Started process (PID=10691) to work on /opt/airflow/dags/cleaning/hour_clean.py
[2025-09-15T09:12:39.594+0000] {processor.py:830} INFO - Processing file /opt/airflow/dags/cleaning/hour_clean.py for tasks to queue
[2025-09-15T09:12:39.596+0000] {logging_mixin.py:188} INFO - [2025-09-15T09:12:39.595+0000] {dagbag.py:540} INFO - Filling up the DagBag from /opt/airflow/dags/cleaning/hour_clean.py
[2025-09-15T09:12:39.609+0000] {processor.py:842} WARNING - No viable dags retrieved from /opt/airflow/dags/cleaning/hour_clean.py
[2025-09-15T09:12:39.626+0000] {processor.py:183} INFO - Processing /opt/airflow/dags/cleaning/hour_clean.py took 0.038 seconds
[2025-09-15T09:13:10.100+0000] {processor.py:161} INFO - Started process (PID=10726) to work on /opt/airflow/dags/cleaning/hour_clean.py
[2025-09-15T09:13:10.102+0000] {processor.py:830} INFO - Processing file /opt/airflow/dags/cleaning/hour_clean.py for tasks to queue
[2025-09-15T09:13:10.103+0000] {logging_mixin.py:188} INFO - [2025-09-15T09:13:10.102+0000] {dagbag.py:540} INFO - Filling up the DagBag from /opt/airflow/dags/cleaning/hour_clean.py
[2025-09-15T09:13:10.114+0000] {processor.py:842} WARNING - No viable dags retrieved from /opt/airflow/dags/cleaning/hour_clean.py
[2025-09-15T09:13:10.132+0000] {processor.py:183} INFO - Processing /opt/airflow/dags/cleaning/hour_clean.py took 0.039 seconds
[2025-09-15T09:13:40.670+0000] {processor.py:161} INFO - Started process (PID=10761) to work on /opt/airflow/dags/cleaning/hour_clean.py
[2025-09-15T09:13:40.672+0000] {processor.py:830} INFO - Processing file /opt/airflow/dags/cleaning/hour_clean.py for tasks to queue
[2025-09-15T09:13:40.673+0000] {logging_mixin.py:188} INFO - [2025-09-15T09:13:40.673+0000] {dagbag.py:540} INFO - Filling up the DagBag from /opt/airflow/dags/cleaning/hour_clean.py
[2025-09-15T09:13:40.688+0000] {processor.py:842} WARNING - No viable dags retrieved from /opt/airflow/dags/cleaning/hour_clean.py
[2025-09-15T09:13:40.710+0000] {processor.py:183} INFO - Processing /opt/airflow/dags/cleaning/hour_clean.py took 0.046 seconds
[2025-09-15T09:14:11.466+0000] {processor.py:161} INFO - Started process (PID=10796) to work on /opt/airflow/dags/cleaning/hour_clean.py
[2025-09-15T09:14:11.468+0000] {processor.py:830} INFO - Processing file /opt/airflow/dags/cleaning/hour_clean.py for tasks to queue
[2025-09-15T09:14:11.469+0000] {logging_mixin.py:188} INFO - [2025-09-15T09:14:11.469+0000] {dagbag.py:540} INFO - Filling up the DagBag from /opt/airflow/dags/cleaning/hour_clean.py
[2025-09-15T09:14:11.484+0000] {processor.py:842} WARNING - No viable dags retrieved from /opt/airflow/dags/cleaning/hour_clean.py
[2025-09-15T09:14:11.503+0000] {processor.py:183} INFO - Processing /opt/airflow/dags/cleaning/hour_clean.py took 0.044 seconds
[2025-09-15T09:14:42.139+0000] {processor.py:161} INFO - Started process (PID=10835) to work on /opt/airflow/dags/cleaning/hour_clean.py
[2025-09-15T09:14:42.141+0000] {processor.py:830} INFO - Processing file /opt/airflow/dags/cleaning/hour_clean.py for tasks to queue
[2025-09-15T09:14:42.143+0000] {logging_mixin.py:188} INFO - [2025-09-15T09:14:42.142+0000] {dagbag.py:540} INFO - Filling up the DagBag from /opt/airflow/dags/cleaning/hour_clean.py
[2025-09-15T09:14:42.160+0000] {processor.py:842} WARNING - No viable dags retrieved from /opt/airflow/dags/cleaning/hour_clean.py
[2025-09-15T09:14:42.179+0000] {processor.py:183} INFO - Processing /opt/airflow/dags/cleaning/hour_clean.py took 0.063 seconds
[2025-09-15T09:15:12.660+0000] {processor.py:161} INFO - Started process (PID=10870) to work on /opt/airflow/dags/cleaning/hour_clean.py
[2025-09-15T09:15:12.661+0000] {processor.py:830} INFO - Processing file /opt/airflow/dags/cleaning/hour_clean.py for tasks to queue
[2025-09-15T09:15:12.662+0000] {logging_mixin.py:188} INFO - [2025-09-15T09:15:12.661+0000] {dagbag.py:540} INFO - Filling up the DagBag from /opt/airflow/dags/cleaning/hour_clean.py
[2025-09-15T09:15:12.674+0000] {processor.py:842} WARNING - No viable dags retrieved from /opt/airflow/dags/cleaning/hour_clean.py
[2025-09-15T09:15:12.691+0000] {processor.py:183} INFO - Processing /opt/airflow/dags/cleaning/hour_clean.py took 0.038 seconds
[2025-09-15T09:15:43.103+0000] {processor.py:161} INFO - Started process (PID=10905) to work on /opt/airflow/dags/cleaning/hour_clean.py
[2025-09-15T09:15:43.106+0000] {processor.py:830} INFO - Processing file /opt/airflow/dags/cleaning/hour_clean.py for tasks to queue
[2025-09-15T09:15:43.107+0000] {logging_mixin.py:188} INFO - [2025-09-15T09:15:43.107+0000] {dagbag.py:540} INFO - Filling up the DagBag from /opt/airflow/dags/cleaning/hour_clean.py
[2025-09-15T09:15:43.120+0000] {processor.py:842} WARNING - No viable dags retrieved from /opt/airflow/dags/cleaning/hour_clean.py
[2025-09-15T09:15:43.136+0000] {processor.py:183} INFO - Processing /opt/airflow/dags/cleaning/hour_clean.py took 0.039 seconds
[2025-09-15T09:16:13.671+0000] {processor.py:161} INFO - Started process (PID=10940) to work on /opt/airflow/dags/cleaning/hour_clean.py
[2025-09-15T09:16:13.672+0000] {processor.py:830} INFO - Processing file /opt/airflow/dags/cleaning/hour_clean.py for tasks to queue
[2025-09-15T09:16:13.674+0000] {logging_mixin.py:188} INFO - [2025-09-15T09:16:13.673+0000] {dagbag.py:540} INFO - Filling up the DagBag from /opt/airflow/dags/cleaning/hour_clean.py
[2025-09-15T09:16:13.685+0000] {processor.py:842} WARNING - No viable dags retrieved from /opt/airflow/dags/cleaning/hour_clean.py
[2025-09-15T09:16:13.700+0000] {processor.py:183} INFO - Processing /opt/airflow/dags/cleaning/hour_clean.py took 0.036 seconds
[2025-09-15T09:16:53.658+0000] {processor.py:161} INFO - Started process (PID=180) to work on /opt/airflow/dags/cleaning/hour_clean.py
[2025-09-15T09:16:53.660+0000] {processor.py:830} INFO - Processing file /opt/airflow/dags/cleaning/hour_clean.py for tasks to queue
[2025-09-15T09:16:53.662+0000] {logging_mixin.py:188} INFO - [2025-09-15T09:16:53.662+0000] {dagbag.py:540} INFO - Filling up the DagBag from /opt/airflow/dags/cleaning/hour_clean.py
[2025-09-15T09:16:53.674+0000] {processor.py:842} WARNING - No viable dags retrieved from /opt/airflow/dags/cleaning/hour_clean.py
[2025-09-15T09:16:53.690+0000] {processor.py:183} INFO - Processing /opt/airflow/dags/cleaning/hour_clean.py took 0.038 seconds
[2025-09-15T09:17:25.074+0000] {processor.py:161} INFO - Started process (PID=215) to work on /opt/airflow/dags/cleaning/hour_clean.py
[2025-09-15T09:17:25.075+0000] {processor.py:830} INFO - Processing file /opt/airflow/dags/cleaning/hour_clean.py for tasks to queue
[2025-09-15T09:17:25.077+0000] {logging_mixin.py:188} INFO - [2025-09-15T09:17:25.077+0000] {dagbag.py:540} INFO - Filling up the DagBag from /opt/airflow/dags/cleaning/hour_clean.py
[2025-09-15T09:17:25.091+0000] {processor.py:842} WARNING - No viable dags retrieved from /opt/airflow/dags/cleaning/hour_clean.py
[2025-09-15T09:17:25.110+0000] {processor.py:183} INFO - Processing /opt/airflow/dags/cleaning/hour_clean.py took 0.043 seconds
[2025-09-15T09:17:55.520+0000] {processor.py:161} INFO - Started process (PID=250) to work on /opt/airflow/dags/cleaning/hour_clean.py
[2025-09-15T09:17:55.522+0000] {processor.py:830} INFO - Processing file /opt/airflow/dags/cleaning/hour_clean.py for tasks to queue
[2025-09-15T09:17:55.525+0000] {logging_mixin.py:188} INFO - [2025-09-15T09:17:55.524+0000] {dagbag.py:540} INFO - Filling up the DagBag from /opt/airflow/dags/cleaning/hour_clean.py
[2025-09-15T09:17:55.539+0000] {processor.py:842} WARNING - No viable dags retrieved from /opt/airflow/dags/cleaning/hour_clean.py
[2025-09-15T09:17:55.557+0000] {processor.py:183} INFO - Processing /opt/airflow/dags/cleaning/hour_clean.py took 0.043 seconds
[2025-09-15T09:18:26.278+0000] {processor.py:161} INFO - Started process (PID=289) to work on /opt/airflow/dags/cleaning/hour_clean.py
[2025-09-15T09:18:26.280+0000] {processor.py:830} INFO - Processing file /opt/airflow/dags/cleaning/hour_clean.py for tasks to queue
[2025-09-15T09:18:26.282+0000] {logging_mixin.py:188} INFO - [2025-09-15T09:18:26.282+0000] {dagbag.py:540} INFO - Filling up the DagBag from /opt/airflow/dags/cleaning/hour_clean.py
[2025-09-15T09:18:26.296+0000] {processor.py:842} WARNING - No viable dags retrieved from /opt/airflow/dags/cleaning/hour_clean.py
[2025-09-15T09:18:26.314+0000] {processor.py:183} INFO - Processing /opt/airflow/dags/cleaning/hour_clean.py took 0.042 seconds
[2025-09-15T09:18:56.943+0000] {processor.py:161} INFO - Started process (PID=324) to work on /opt/airflow/dags/cleaning/hour_clean.py
[2025-09-15T09:18:56.944+0000] {processor.py:830} INFO - Processing file /opt/airflow/dags/cleaning/hour_clean.py for tasks to queue
[2025-09-15T09:18:56.947+0000] {logging_mixin.py:188} INFO - [2025-09-15T09:18:56.947+0000] {dagbag.py:540} INFO - Filling up the DagBag from /opt/airflow/dags/cleaning/hour_clean.py
[2025-09-15T09:18:56.961+0000] {processor.py:842} WARNING - No viable dags retrieved from /opt/airflow/dags/cleaning/hour_clean.py
[2025-09-15T09:18:56.979+0000] {processor.py:183} INFO - Processing /opt/airflow/dags/cleaning/hour_clean.py took 0.043 seconds
[2025-09-15T09:19:27.742+0000] {processor.py:161} INFO - Started process (PID=359) to work on /opt/airflow/dags/cleaning/hour_clean.py
[2025-09-15T09:19:27.743+0000] {processor.py:830} INFO - Processing file /opt/airflow/dags/cleaning/hour_clean.py for tasks to queue
[2025-09-15T09:19:27.746+0000] {logging_mixin.py:188} INFO - [2025-09-15T09:19:27.746+0000] {dagbag.py:540} INFO - Filling up the DagBag from /opt/airflow/dags/cleaning/hour_clean.py
[2025-09-15T09:19:27.765+0000] {processor.py:842} WARNING - No viable dags retrieved from /opt/airflow/dags/cleaning/hour_clean.py
[2025-09-15T09:19:27.788+0000] {processor.py:183} INFO - Processing /opt/airflow/dags/cleaning/hour_clean.py took 0.054 seconds
[2025-09-15T09:19:58.257+0000] {processor.py:161} INFO - Started process (PID=402) to work on /opt/airflow/dags/cleaning/hour_clean.py
[2025-09-15T09:19:58.259+0000] {processor.py:830} INFO - Processing file /opt/airflow/dags/cleaning/hour_clean.py for tasks to queue
[2025-09-15T09:19:58.264+0000] {logging_mixin.py:188} INFO - [2025-09-15T09:19:58.263+0000] {dagbag.py:540} INFO - Filling up the DagBag from /opt/airflow/dags/cleaning/hour_clean.py
[2025-09-15T09:19:58.282+0000] {processor.py:842} WARNING - No viable dags retrieved from /opt/airflow/dags/cleaning/hour_clean.py
[2025-09-15T09:19:58.302+0000] {processor.py:183} INFO - Processing /opt/airflow/dags/cleaning/hour_clean.py took 0.059 seconds
[2025-09-15T09:20:29.286+0000] {processor.py:161} INFO - Started process (PID=437) to work on /opt/airflow/dags/cleaning/hour_clean.py
[2025-09-15T09:20:29.288+0000] {processor.py:830} INFO - Processing file /opt/airflow/dags/cleaning/hour_clean.py for tasks to queue
[2025-09-15T09:20:29.290+0000] {logging_mixin.py:188} INFO - [2025-09-15T09:20:29.290+0000] {dagbag.py:540} INFO - Filling up the DagBag from /opt/airflow/dags/cleaning/hour_clean.py
[2025-09-15T09:20:29.302+0000] {processor.py:842} WARNING - No viable dags retrieved from /opt/airflow/dags/cleaning/hour_clean.py
[2025-09-15T09:20:29.318+0000] {processor.py:183} INFO - Processing /opt/airflow/dags/cleaning/hour_clean.py took 0.037 seconds
[2025-09-15T09:20:58.247+0000] {processor.py:161} INFO - Started process (PID=472) to work on /opt/airflow/dags/cleaning/hour_clean.py
[2025-09-15T09:20:58.248+0000] {processor.py:830} INFO - Processing file /opt/airflow/dags/cleaning/hour_clean.py for tasks to queue
[2025-09-15T09:20:58.250+0000] {logging_mixin.py:188} INFO - [2025-09-15T09:20:58.249+0000] {dagbag.py:540} INFO - Filling up the DagBag from /opt/airflow/dags/cleaning/hour_clean.py
[2025-09-15T09:20:58.267+0000] {processor.py:842} WARNING - No viable dags retrieved from /opt/airflow/dags/cleaning/hour_clean.py
[2025-09-15T09:20:58.282+0000] {processor.py:183} INFO - Processing /opt/airflow/dags/cleaning/hour_clean.py took 0.043 seconds
[2025-09-15T09:21:28.712+0000] {processor.py:161} INFO - Started process (PID=507) to work on /opt/airflow/dags/cleaning/hour_clean.py
[2025-09-15T09:21:28.713+0000] {processor.py:830} INFO - Processing file /opt/airflow/dags/cleaning/hour_clean.py for tasks to queue
[2025-09-15T09:21:28.714+0000] {logging_mixin.py:188} INFO - [2025-09-15T09:21:28.714+0000] {dagbag.py:540} INFO - Filling up the DagBag from /opt/airflow/dags/cleaning/hour_clean.py
[2025-09-15T09:21:28.731+0000] {processor.py:842} WARNING - No viable dags retrieved from /opt/airflow/dags/cleaning/hour_clean.py
[2025-09-15T09:21:28.751+0000] {processor.py:183} INFO - Processing /opt/airflow/dags/cleaning/hour_clean.py took 0.046 seconds
[2025-09-15T09:21:59.057+0000] {processor.py:161} INFO - Started process (PID=542) to work on /opt/airflow/dags/cleaning/hour_clean.py
[2025-09-15T09:21:59.058+0000] {processor.py:830} INFO - Processing file /opt/airflow/dags/cleaning/hour_clean.py for tasks to queue
[2025-09-15T09:21:59.059+0000] {logging_mixin.py:188} INFO - [2025-09-15T09:21:59.059+0000] {dagbag.py:540} INFO - Filling up the DagBag from /opt/airflow/dags/cleaning/hour_clean.py
[2025-09-15T09:21:59.074+0000] {processor.py:842} WARNING - No viable dags retrieved from /opt/airflow/dags/cleaning/hour_clean.py
[2025-09-15T09:21:59.090+0000] {processor.py:183} INFO - Processing /opt/airflow/dags/cleaning/hour_clean.py took 0.038 seconds
[2025-09-15T09:22:29.914+0000] {processor.py:161} INFO - Started process (PID=577) to work on /opt/airflow/dags/cleaning/hour_clean.py
[2025-09-15T09:22:29.918+0000] {processor.py:830} INFO - Processing file /opt/airflow/dags/cleaning/hour_clean.py for tasks to queue
[2025-09-15T09:22:29.920+0000] {logging_mixin.py:188} INFO - [2025-09-15T09:22:29.919+0000] {dagbag.py:540} INFO - Filling up the DagBag from /opt/airflow/dags/cleaning/hour_clean.py
[2025-09-15T09:22:29.948+0000] {processor.py:842} WARNING - No viable dags retrieved from /opt/airflow/dags/cleaning/hour_clean.py
[2025-09-15T09:22:29.970+0000] {processor.py:183} INFO - Processing /opt/airflow/dags/cleaning/hour_clean.py took 0.078 seconds
[2025-09-15T09:23:00.282+0000] {processor.py:161} INFO - Started process (PID=617) to work on /opt/airflow/dags/cleaning/hour_clean.py
[2025-09-15T09:23:00.283+0000] {processor.py:830} INFO - Processing file /opt/airflow/dags/cleaning/hour_clean.py for tasks to queue
[2025-09-15T09:23:00.285+0000] {logging_mixin.py:188} INFO - [2025-09-15T09:23:00.284+0000] {dagbag.py:540} INFO - Filling up the DagBag from /opt/airflow/dags/cleaning/hour_clean.py
[2025-09-15T09:23:00.297+0000] {processor.py:842} WARNING - No viable dags retrieved from /opt/airflow/dags/cleaning/hour_clean.py
[2025-09-15T09:23:00.314+0000] {processor.py:183} INFO - Processing /opt/airflow/dags/cleaning/hour_clean.py took 0.037 seconds
[2025-09-15T09:23:31.324+0000] {processor.py:161} INFO - Started process (PID=677) to work on /opt/airflow/dags/cleaning/hour_clean.py
[2025-09-15T09:23:31.325+0000] {processor.py:830} INFO - Processing file /opt/airflow/dags/cleaning/hour_clean.py for tasks to queue
[2025-09-15T09:23:31.326+0000] {logging_mixin.py:188} INFO - [2025-09-15T09:23:31.326+0000] {dagbag.py:540} INFO - Filling up the DagBag from /opt/airflow/dags/cleaning/hour_clean.py
[2025-09-15T09:23:31.338+0000] {processor.py:842} WARNING - No viable dags retrieved from /opt/airflow/dags/cleaning/hour_clean.py
[2025-09-15T09:23:31.354+0000] {processor.py:183} INFO - Processing /opt/airflow/dags/cleaning/hour_clean.py took 0.037 seconds
[2025-09-15T09:24:01.764+0000] {processor.py:161} INFO - Started process (PID=712) to work on /opt/airflow/dags/cleaning/hour_clean.py
[2025-09-15T09:24:01.765+0000] {processor.py:830} INFO - Processing file /opt/airflow/dags/cleaning/hour_clean.py for tasks to queue
[2025-09-15T09:24:01.766+0000] {logging_mixin.py:188} INFO - [2025-09-15T09:24:01.765+0000] {dagbag.py:540} INFO - Filling up the DagBag from /opt/airflow/dags/cleaning/hour_clean.py
[2025-09-15T09:24:01.777+0000] {processor.py:842} WARNING - No viable dags retrieved from /opt/airflow/dags/cleaning/hour_clean.py
[2025-09-15T09:24:01.792+0000] {processor.py:183} INFO - Processing /opt/airflow/dags/cleaning/hour_clean.py took 0.033 seconds
[2025-09-15T09:24:32.368+0000] {processor.py:161} INFO - Started process (PID=747) to work on /opt/airflow/dags/cleaning/hour_clean.py
[2025-09-15T09:24:32.369+0000] {processor.py:830} INFO - Processing file /opt/airflow/dags/cleaning/hour_clean.py for tasks to queue
[2025-09-15T09:24:32.369+0000] {logging_mixin.py:188} INFO - [2025-09-15T09:24:32.369+0000] {dagbag.py:540} INFO - Filling up the DagBag from /opt/airflow/dags/cleaning/hour_clean.py
[2025-09-15T09:24:32.383+0000] {processor.py:842} WARNING - No viable dags retrieved from /opt/airflow/dags/cleaning/hour_clean.py
[2025-09-15T09:24:32.399+0000] {processor.py:183} INFO - Processing /opt/airflow/dags/cleaning/hour_clean.py took 0.037 seconds
[2025-09-15T09:25:02.506+0000] {processor.py:161} INFO - Started process (PID=779) to work on /opt/airflow/dags/cleaning/hour_clean.py
[2025-09-15T09:25:02.507+0000] {processor.py:830} INFO - Processing file /opt/airflow/dags/cleaning/hour_clean.py for tasks to queue
[2025-09-15T09:25:02.508+0000] {logging_mixin.py:188} INFO - [2025-09-15T09:25:02.508+0000] {dagbag.py:540} INFO - Filling up the DagBag from /opt/airflow/dags/cleaning/hour_clean.py
[2025-09-15T09:25:02.521+0000] {processor.py:842} WARNING - No viable dags retrieved from /opt/airflow/dags/cleaning/hour_clean.py
[2025-09-15T09:25:02.537+0000] {processor.py:183} INFO - Processing /opt/airflow/dags/cleaning/hour_clean.py took 0.038 seconds
[2025-09-15T09:25:33.309+0000] {processor.py:161} INFO - Started process (PID=821) to work on /opt/airflow/dags/cleaning/hour_clean.py
[2025-09-15T09:25:33.310+0000] {processor.py:830} INFO - Processing file /opt/airflow/dags/cleaning/hour_clean.py for tasks to queue
[2025-09-15T09:25:33.311+0000] {logging_mixin.py:188} INFO - [2025-09-15T09:25:33.310+0000] {dagbag.py:540} INFO - Filling up the DagBag from /opt/airflow/dags/cleaning/hour_clean.py
[2025-09-15T09:25:33.323+0000] {processor.py:842} WARNING - No viable dags retrieved from /opt/airflow/dags/cleaning/hour_clean.py
[2025-09-15T09:25:33.338+0000] {processor.py:183} INFO - Processing /opt/airflow/dags/cleaning/hour_clean.py took 0.034 seconds
[2025-09-15T09:26:04.392+0000] {processor.py:161} INFO - Started process (PID=856) to work on /opt/airflow/dags/cleaning/hour_clean.py
[2025-09-15T09:26:04.393+0000] {processor.py:830} INFO - Processing file /opt/airflow/dags/cleaning/hour_clean.py for tasks to queue
[2025-09-15T09:26:04.394+0000] {logging_mixin.py:188} INFO - [2025-09-15T09:26:04.394+0000] {dagbag.py:540} INFO - Filling up the DagBag from /opt/airflow/dags/cleaning/hour_clean.py
[2025-09-15T09:26:04.407+0000] {processor.py:842} WARNING - No viable dags retrieved from /opt/airflow/dags/cleaning/hour_clean.py
[2025-09-15T09:26:04.425+0000] {processor.py:183} INFO - Processing /opt/airflow/dags/cleaning/hour_clean.py took 0.041 seconds
[2025-09-15T09:26:35.215+0000] {processor.py:161} INFO - Started process (PID=891) to work on /opt/airflow/dags/cleaning/hour_clean.py
[2025-09-15T09:26:35.216+0000] {processor.py:830} INFO - Processing file /opt/airflow/dags/cleaning/hour_clean.py for tasks to queue
[2025-09-15T09:26:35.217+0000] {logging_mixin.py:188} INFO - [2025-09-15T09:26:35.217+0000] {dagbag.py:540} INFO - Filling up the DagBag from /opt/airflow/dags/cleaning/hour_clean.py
[2025-09-15T09:26:35.231+0000] {processor.py:842} WARNING - No viable dags retrieved from /opt/airflow/dags/cleaning/hour_clean.py
[2025-09-15T09:26:35.248+0000] {processor.py:183} INFO - Processing /opt/airflow/dags/cleaning/hour_clean.py took 0.040 seconds
[2025-09-15T09:27:06.262+0000] {processor.py:161} INFO - Started process (PID=926) to work on /opt/airflow/dags/cleaning/hour_clean.py
[2025-09-15T09:27:06.264+0000] {processor.py:830} INFO - Processing file /opt/airflow/dags/cleaning/hour_clean.py for tasks to queue
[2025-09-15T09:27:06.265+0000] {logging_mixin.py:188} INFO - [2025-09-15T09:27:06.264+0000] {dagbag.py:540} INFO - Filling up the DagBag from /opt/airflow/dags/cleaning/hour_clean.py
[2025-09-15T09:27:06.277+0000] {processor.py:842} WARNING - No viable dags retrieved from /opt/airflow/dags/cleaning/hour_clean.py
[2025-09-15T09:27:06.297+0000] {processor.py:183} INFO - Processing /opt/airflow/dags/cleaning/hour_clean.py took 0.041 seconds
[2025-09-15T09:27:36.905+0000] {processor.py:161} INFO - Started process (PID=961) to work on /opt/airflow/dags/cleaning/hour_clean.py
[2025-09-15T09:27:36.907+0000] {processor.py:830} INFO - Processing file /opt/airflow/dags/cleaning/hour_clean.py for tasks to queue
[2025-09-15T09:27:36.909+0000] {logging_mixin.py:188} INFO - [2025-09-15T09:27:36.909+0000] {dagbag.py:540} INFO - Filling up the DagBag from /opt/airflow/dags/cleaning/hour_clean.py
[2025-09-15T09:27:36.927+0000] {processor.py:842} WARNING - No viable dags retrieved from /opt/airflow/dags/cleaning/hour_clean.py
[2025-09-15T09:27:36.950+0000] {processor.py:183} INFO - Processing /opt/airflow/dags/cleaning/hour_clean.py took 0.053 seconds
[2025-09-15T09:28:08.051+0000] {processor.py:161} INFO - Started process (PID=1005) to work on /opt/airflow/dags/cleaning/hour_clean.py
[2025-09-15T09:28:08.053+0000] {processor.py:830} INFO - Processing file /opt/airflow/dags/cleaning/hour_clean.py for tasks to queue
[2025-09-15T09:28:08.065+0000] {logging_mixin.py:188} INFO - [2025-09-15T09:28:08.061+0000] {dagbag.py:540} INFO - Filling up the DagBag from /opt/airflow/dags/cleaning/hour_clean.py
[2025-09-15T09:28:08.117+0000] {processor.py:842} WARNING - No viable dags retrieved from /opt/airflow/dags/cleaning/hour_clean.py
[2025-09-15T09:28:08.394+0000] {processor.py:183} INFO - Processing /opt/airflow/dags/cleaning/hour_clean.py took 0.386 seconds
[2025-09-15T09:28:38.614+0000] {processor.py:161} INFO - Started process (PID=1037) to work on /opt/airflow/dags/cleaning/hour_clean.py
[2025-09-15T09:28:38.615+0000] {processor.py:830} INFO - Processing file /opt/airflow/dags/cleaning/hour_clean.py for tasks to queue
[2025-09-15T09:28:38.616+0000] {logging_mixin.py:188} INFO - [2025-09-15T09:28:38.616+0000] {dagbag.py:540} INFO - Filling up the DagBag from /opt/airflow/dags/cleaning/hour_clean.py
[2025-09-15T09:28:38.627+0000] {processor.py:842} WARNING - No viable dags retrieved from /opt/airflow/dags/cleaning/hour_clean.py
[2025-09-15T09:28:38.643+0000] {processor.py:183} INFO - Processing /opt/airflow/dags/cleaning/hour_clean.py took 0.034 seconds
[2025-09-15T09:29:09.248+0000] {processor.py:161} INFO - Started process (PID=1072) to work on /opt/airflow/dags/cleaning/hour_clean.py
[2025-09-15T09:29:09.252+0000] {processor.py:830} INFO - Processing file /opt/airflow/dags/cleaning/hour_clean.py for tasks to queue
[2025-09-15T09:29:09.253+0000] {logging_mixin.py:188} INFO - [2025-09-15T09:29:09.253+0000] {dagbag.py:540} INFO - Filling up the DagBag from /opt/airflow/dags/cleaning/hour_clean.py
[2025-09-15T09:29:09.282+0000] {processor.py:842} WARNING - No viable dags retrieved from /opt/airflow/dags/cleaning/hour_clean.py
[2025-09-15T09:29:09.320+0000] {processor.py:183} INFO - Processing /opt/airflow/dags/cleaning/hour_clean.py took 0.083 seconds
[2025-09-15T09:29:39.844+0000] {processor.py:161} INFO - Started process (PID=1107) to work on /opt/airflow/dags/cleaning/hour_clean.py
[2025-09-15T09:29:39.846+0000] {processor.py:830} INFO - Processing file /opt/airflow/dags/cleaning/hour_clean.py for tasks to queue
[2025-09-15T09:29:39.847+0000] {logging_mixin.py:188} INFO - [2025-09-15T09:29:39.846+0000] {dagbag.py:540} INFO - Filling up the DagBag from /opt/airflow/dags/cleaning/hour_clean.py
[2025-09-15T09:29:39.862+0000] {processor.py:842} WARNING - No viable dags retrieved from /opt/airflow/dags/cleaning/hour_clean.py
[2025-09-15T09:29:39.880+0000] {processor.py:183} INFO - Processing /opt/airflow/dags/cleaning/hour_clean.py took 0.042 seconds
[2025-09-15T09:30:10.309+0000] {processor.py:161} INFO - Started process (PID=1146) to work on /opt/airflow/dags/cleaning/hour_clean.py
[2025-09-15T09:30:10.315+0000] {processor.py:830} INFO - Processing file /opt/airflow/dags/cleaning/hour_clean.py for tasks to queue
[2025-09-15T09:30:10.322+0000] {logging_mixin.py:188} INFO - [2025-09-15T09:30:10.322+0000] {dagbag.py:540} INFO - Filling up the DagBag from /opt/airflow/dags/cleaning/hour_clean.py
[2025-09-15T09:30:10.341+0000] {processor.py:842} WARNING - No viable dags retrieved from /opt/airflow/dags/cleaning/hour_clean.py
[2025-09-15T09:30:10.362+0000] {processor.py:183} INFO - Processing /opt/airflow/dags/cleaning/hour_clean.py took 0.061 seconds
[2025-09-15T09:30:41.402+0000] {processor.py:161} INFO - Started process (PID=1181) to work on /opt/airflow/dags/cleaning/hour_clean.py
[2025-09-15T09:30:41.403+0000] {processor.py:830} INFO - Processing file /opt/airflow/dags/cleaning/hour_clean.py for tasks to queue
[2025-09-15T09:30:41.404+0000] {logging_mixin.py:188} INFO - [2025-09-15T09:30:41.404+0000] {dagbag.py:540} INFO - Filling up the DagBag from /opt/airflow/dags/cleaning/hour_clean.py
[2025-09-15T09:30:41.421+0000] {processor.py:842} WARNING - No viable dags retrieved from /opt/airflow/dags/cleaning/hour_clean.py
[2025-09-15T09:30:41.454+0000] {processor.py:183} INFO - Processing /opt/airflow/dags/cleaning/hour_clean.py took 0.061 seconds
[2025-09-15T09:31:12.251+0000] {processor.py:161} INFO - Started process (PID=1216) to work on /opt/airflow/dags/cleaning/hour_clean.py
[2025-09-15T09:31:12.265+0000] {processor.py:830} INFO - Processing file /opt/airflow/dags/cleaning/hour_clean.py for tasks to queue
[2025-09-15T09:31:12.276+0000] {logging_mixin.py:188} INFO - [2025-09-15T09:31:12.268+0000] {dagbag.py:540} INFO - Filling up the DagBag from /opt/airflow/dags/cleaning/hour_clean.py
[2025-09-15T09:31:12.376+0000] {processor.py:842} WARNING - No viable dags retrieved from /opt/airflow/dags/cleaning/hour_clean.py
[2025-09-15T09:31:12.576+0000] {processor.py:183} INFO - Processing /opt/airflow/dags/cleaning/hour_clean.py took 0.375 seconds
[2025-09-15T09:31:42.984+0000] {processor.py:161} INFO - Started process (PID=1251) to work on /opt/airflow/dags/cleaning/hour_clean.py
[2025-09-15T09:31:42.987+0000] {processor.py:830} INFO - Processing file /opt/airflow/dags/cleaning/hour_clean.py for tasks to queue
[2025-09-15T09:31:42.988+0000] {logging_mixin.py:188} INFO - [2025-09-15T09:31:42.987+0000] {dagbag.py:540} INFO - Filling up the DagBag from /opt/airflow/dags/cleaning/hour_clean.py
[2025-09-15T09:31:43.005+0000] {processor.py:842} WARNING - No viable dags retrieved from /opt/airflow/dags/cleaning/hour_clean.py
[2025-09-15T09:31:43.025+0000] {processor.py:183} INFO - Processing /opt/airflow/dags/cleaning/hour_clean.py took 0.052 seconds
[2025-09-15T09:32:13.198+0000] {processor.py:161} INFO - Started process (PID=1286) to work on /opt/airflow/dags/cleaning/hour_clean.py
[2025-09-15T09:32:13.200+0000] {processor.py:830} INFO - Processing file /opt/airflow/dags/cleaning/hour_clean.py for tasks to queue
[2025-09-15T09:32:13.201+0000] {logging_mixin.py:188} INFO - [2025-09-15T09:32:13.200+0000] {dagbag.py:540} INFO - Filling up the DagBag from /opt/airflow/dags/cleaning/hour_clean.py
[2025-09-15T09:32:13.217+0000] {processor.py:842} WARNING - No viable dags retrieved from /opt/airflow/dags/cleaning/hour_clean.py
[2025-09-15T09:32:13.235+0000] {processor.py:183} INFO - Processing /opt/airflow/dags/cleaning/hour_clean.py took 0.044 seconds
[2025-09-15T09:32:43.394+0000] {processor.py:161} INFO - Started process (PID=1321) to work on /opt/airflow/dags/cleaning/hour_clean.py
[2025-09-15T09:32:43.395+0000] {processor.py:830} INFO - Processing file /opt/airflow/dags/cleaning/hour_clean.py for tasks to queue
[2025-09-15T09:32:43.396+0000] {logging_mixin.py:188} INFO - [2025-09-15T09:32:43.396+0000] {dagbag.py:540} INFO - Filling up the DagBag from /opt/airflow/dags/cleaning/hour_clean.py
[2025-09-15T09:32:43.409+0000] {processor.py:842} WARNING - No viable dags retrieved from /opt/airflow/dags/cleaning/hour_clean.py
[2025-09-15T09:32:43.431+0000] {processor.py:183} INFO - Processing /opt/airflow/dags/cleaning/hour_clean.py took 0.043 seconds
[2025-09-15T09:33:14.032+0000] {processor.py:161} INFO - Started process (PID=1360) to work on /opt/airflow/dags/cleaning/hour_clean.py
[2025-09-15T09:33:14.035+0000] {processor.py:830} INFO - Processing file /opt/airflow/dags/cleaning/hour_clean.py for tasks to queue
[2025-09-15T09:33:14.036+0000] {logging_mixin.py:188} INFO - [2025-09-15T09:33:14.036+0000] {dagbag.py:540} INFO - Filling up the DagBag from /opt/airflow/dags/cleaning/hour_clean.py
[2025-09-15T09:33:14.052+0000] {processor.py:842} WARNING - No viable dags retrieved from /opt/airflow/dags/cleaning/hour_clean.py
[2025-09-15T09:33:14.086+0000] {processor.py:183} INFO - Processing /opt/airflow/dags/cleaning/hour_clean.py took 0.064 seconds
[2025-09-15T09:33:44.580+0000] {processor.py:161} INFO - Started process (PID=1395) to work on /opt/airflow/dags/cleaning/hour_clean.py
[2025-09-15T09:33:44.581+0000] {processor.py:830} INFO - Processing file /opt/airflow/dags/cleaning/hour_clean.py for tasks to queue
[2025-09-15T09:33:44.582+0000] {logging_mixin.py:188} INFO - [2025-09-15T09:33:44.582+0000] {dagbag.py:540} INFO - Filling up the DagBag from /opt/airflow/dags/cleaning/hour_clean.py
[2025-09-15T09:33:44.597+0000] {processor.py:842} WARNING - No viable dags retrieved from /opt/airflow/dags/cleaning/hour_clean.py
[2025-09-15T09:33:44.622+0000] {processor.py:183} INFO - Processing /opt/airflow/dags/cleaning/hour_clean.py took 0.049 seconds
[2025-09-15T09:34:15.063+0000] {processor.py:161} INFO - Started process (PID=1430) to work on /opt/airflow/dags/cleaning/hour_clean.py
[2025-09-15T09:34:15.064+0000] {processor.py:830} INFO - Processing file /opt/airflow/dags/cleaning/hour_clean.py for tasks to queue
[2025-09-15T09:34:15.065+0000] {logging_mixin.py:188} INFO - [2025-09-15T09:34:15.065+0000] {dagbag.py:540} INFO - Filling up the DagBag from /opt/airflow/dags/cleaning/hour_clean.py
[2025-09-15T09:34:15.076+0000] {processor.py:842} WARNING - No viable dags retrieved from /opt/airflow/dags/cleaning/hour_clean.py
[2025-09-15T09:34:15.092+0000] {processor.py:183} INFO - Processing /opt/airflow/dags/cleaning/hour_clean.py took 0.035 seconds
[2025-09-15T09:34:45.819+0000] {processor.py:161} INFO - Started process (PID=1465) to work on /opt/airflow/dags/cleaning/hour_clean.py
[2025-09-15T09:34:45.821+0000] {processor.py:830} INFO - Processing file /opt/airflow/dags/cleaning/hour_clean.py for tasks to queue
[2025-09-15T09:34:45.821+0000] {logging_mixin.py:188} INFO - [2025-09-15T09:34:45.821+0000] {dagbag.py:540} INFO - Filling up the DagBag from /opt/airflow/dags/cleaning/hour_clean.py
[2025-09-15T09:34:45.836+0000] {processor.py:842} WARNING - No viable dags retrieved from /opt/airflow/dags/cleaning/hour_clean.py
[2025-09-15T09:34:45.851+0000] {processor.py:183} INFO - Processing /opt/airflow/dags/cleaning/hour_clean.py took 0.037 seconds
[2025-09-15T09:35:16.331+0000] {processor.py:161} INFO - Started process (PID=1500) to work on /opt/airflow/dags/cleaning/hour_clean.py
[2025-09-15T09:35:16.332+0000] {processor.py:830} INFO - Processing file /opt/airflow/dags/cleaning/hour_clean.py for tasks to queue
[2025-09-15T09:35:16.334+0000] {logging_mixin.py:188} INFO - [2025-09-15T09:35:16.333+0000] {dagbag.py:540} INFO - Filling up the DagBag from /opt/airflow/dags/cleaning/hour_clean.py
[2025-09-15T09:35:16.349+0000] {processor.py:842} WARNING - No viable dags retrieved from /opt/airflow/dags/cleaning/hour_clean.py
[2025-09-15T09:35:16.371+0000] {processor.py:183} INFO - Processing /opt/airflow/dags/cleaning/hour_clean.py took 0.049 seconds
[2025-09-15T09:35:46.936+0000] {processor.py:161} INFO - Started process (PID=1535) to work on /opt/airflow/dags/cleaning/hour_clean.py
[2025-09-15T09:35:46.937+0000] {processor.py:830} INFO - Processing file /opt/airflow/dags/cleaning/hour_clean.py for tasks to queue
[2025-09-15T09:35:46.938+0000] {logging_mixin.py:188} INFO - [2025-09-15T09:35:46.938+0000] {dagbag.py:540} INFO - Filling up the DagBag from /opt/airflow/dags/cleaning/hour_clean.py
[2025-09-15T09:35:46.955+0000] {processor.py:842} WARNING - No viable dags retrieved from /opt/airflow/dags/cleaning/hour_clean.py
[2025-09-15T09:35:46.973+0000] {processor.py:183} INFO - Processing /opt/airflow/dags/cleaning/hour_clean.py took 0.043 seconds
[2025-09-15T09:36:17.664+0000] {processor.py:161} INFO - Started process (PID=1570) to work on /opt/airflow/dags/cleaning/hour_clean.py
[2025-09-15T09:36:17.665+0000] {processor.py:830} INFO - Processing file /opt/airflow/dags/cleaning/hour_clean.py for tasks to queue
[2025-09-15T09:36:17.666+0000] {logging_mixin.py:188} INFO - [2025-09-15T09:36:17.665+0000] {dagbag.py:540} INFO - Filling up the DagBag from /opt/airflow/dags/cleaning/hour_clean.py
[2025-09-15T09:36:17.677+0000] {processor.py:842} WARNING - No viable dags retrieved from /opt/airflow/dags/cleaning/hour_clean.py
[2025-09-15T09:36:17.691+0000] {processor.py:183} INFO - Processing /opt/airflow/dags/cleaning/hour_clean.py took 0.033 seconds
[2025-09-15T09:36:48.358+0000] {processor.py:161} INFO - Started process (PID=1605) to work on /opt/airflow/dags/cleaning/hour_clean.py
[2025-09-15T09:36:48.359+0000] {processor.py:830} INFO - Processing file /opt/airflow/dags/cleaning/hour_clean.py for tasks to queue
[2025-09-15T09:36:48.360+0000] {logging_mixin.py:188} INFO - [2025-09-15T09:36:48.359+0000] {dagbag.py:540} INFO - Filling up the DagBag from /opt/airflow/dags/cleaning/hour_clean.py
[2025-09-15T09:36:48.371+0000] {processor.py:842} WARNING - No viable dags retrieved from /opt/airflow/dags/cleaning/hour_clean.py
[2025-09-15T09:36:48.386+0000] {processor.py:183} INFO - Processing /opt/airflow/dags/cleaning/hour_clean.py took 0.034 seconds
[2025-09-15T09:37:19.124+0000] {processor.py:161} INFO - Started process (PID=1640) to work on /opt/airflow/dags/cleaning/hour_clean.py
[2025-09-15T09:37:19.126+0000] {processor.py:830} INFO - Processing file /opt/airflow/dags/cleaning/hour_clean.py for tasks to queue
[2025-09-15T09:37:19.127+0000] {logging_mixin.py:188} INFO - [2025-09-15T09:37:19.126+0000] {dagbag.py:540} INFO - Filling up the DagBag from /opt/airflow/dags/cleaning/hour_clean.py
[2025-09-15T09:37:19.143+0000] {processor.py:842} WARNING - No viable dags retrieved from /opt/airflow/dags/cleaning/hour_clean.py
[2025-09-15T09:37:19.162+0000] {processor.py:183} INFO - Processing /opt/airflow/dags/cleaning/hour_clean.py took 0.045 seconds
[2025-09-15T09:37:49.736+0000] {processor.py:161} INFO - Started process (PID=1675) to work on /opt/airflow/dags/cleaning/hour_clean.py
[2025-09-15T09:37:49.737+0000] {processor.py:830} INFO - Processing file /opt/airflow/dags/cleaning/hour_clean.py for tasks to queue
[2025-09-15T09:37:49.738+0000] {logging_mixin.py:188} INFO - [2025-09-15T09:37:49.737+0000] {dagbag.py:540} INFO - Filling up the DagBag from /opt/airflow/dags/cleaning/hour_clean.py
[2025-09-15T09:37:49.750+0000] {processor.py:842} WARNING - No viable dags retrieved from /opt/airflow/dags/cleaning/hour_clean.py
[2025-09-15T09:37:49.765+0000] {processor.py:183} INFO - Processing /opt/airflow/dags/cleaning/hour_clean.py took 0.035 seconds
[2025-09-15T09:38:20.672+0000] {processor.py:161} INFO - Started process (PID=1710) to work on /opt/airflow/dags/cleaning/hour_clean.py
[2025-09-15T09:38:20.673+0000] {processor.py:830} INFO - Processing file /opt/airflow/dags/cleaning/hour_clean.py for tasks to queue
[2025-09-15T09:38:20.674+0000] {logging_mixin.py:188} INFO - [2025-09-15T09:38:20.674+0000] {dagbag.py:540} INFO - Filling up the DagBag from /opt/airflow/dags/cleaning/hour_clean.py
[2025-09-15T09:38:20.685+0000] {processor.py:842} WARNING - No viable dags retrieved from /opt/airflow/dags/cleaning/hour_clean.py
[2025-09-15T09:38:20.704+0000] {processor.py:183} INFO - Processing /opt/airflow/dags/cleaning/hour_clean.py took 0.038 seconds
[2025-09-15T09:38:51.399+0000] {processor.py:161} INFO - Started process (PID=1747) to work on /opt/airflow/dags/cleaning/hour_clean.py
[2025-09-15T09:38:51.402+0000] {processor.py:830} INFO - Processing file /opt/airflow/dags/cleaning/hour_clean.py for tasks to queue
[2025-09-15T09:38:51.404+0000] {logging_mixin.py:188} INFO - [2025-09-15T09:38:51.403+0000] {dagbag.py:540} INFO - Filling up the DagBag from /opt/airflow/dags/cleaning/hour_clean.py
[2025-09-15T09:38:51.422+0000] {processor.py:842} WARNING - No viable dags retrieved from /opt/airflow/dags/cleaning/hour_clean.py
[2025-09-15T09:38:51.487+0000] {processor.py:183} INFO - Processing /opt/airflow/dags/cleaning/hour_clean.py took 0.149 seconds
[2025-09-15T09:39:21.956+0000] {processor.py:161} INFO - Started process (PID=1784) to work on /opt/airflow/dags/cleaning/hour_clean.py
[2025-09-15T09:39:21.957+0000] {processor.py:830} INFO - Processing file /opt/airflow/dags/cleaning/hour_clean.py for tasks to queue
[2025-09-15T09:39:21.958+0000] {logging_mixin.py:188} INFO - [2025-09-15T09:39:21.958+0000] {dagbag.py:540} INFO - Filling up the DagBag from /opt/airflow/dags/cleaning/hour_clean.py
[2025-09-15T09:39:21.973+0000] {processor.py:842} WARNING - No viable dags retrieved from /opt/airflow/dags/cleaning/hour_clean.py
[2025-09-15T09:39:21.989+0000] {processor.py:183} INFO - Processing /opt/airflow/dags/cleaning/hour_clean.py took 0.038 seconds
[2025-09-15T09:39:52.495+0000] {processor.py:161} INFO - Started process (PID=1819) to work on /opt/airflow/dags/cleaning/hour_clean.py
[2025-09-15T09:39:52.496+0000] {processor.py:830} INFO - Processing file /opt/airflow/dags/cleaning/hour_clean.py for tasks to queue
[2025-09-15T09:39:52.498+0000] {logging_mixin.py:188} INFO - [2025-09-15T09:39:52.497+0000] {dagbag.py:540} INFO - Filling up the DagBag from /opt/airflow/dags/cleaning/hour_clean.py
[2025-09-15T09:39:52.515+0000] {processor.py:842} WARNING - No viable dags retrieved from /opt/airflow/dags/cleaning/hour_clean.py
[2025-09-15T09:39:52.537+0000] {processor.py:183} INFO - Processing /opt/airflow/dags/cleaning/hour_clean.py took 0.051 seconds
[2025-09-15T09:40:22.933+0000] {processor.py:161} INFO - Started process (PID=1854) to work on /opt/airflow/dags/cleaning/hour_clean.py
[2025-09-15T09:40:22.934+0000] {processor.py:830} INFO - Processing file /opt/airflow/dags/cleaning/hour_clean.py for tasks to queue
[2025-09-15T09:40:22.935+0000] {logging_mixin.py:188} INFO - [2025-09-15T09:40:22.935+0000] {dagbag.py:540} INFO - Filling up the DagBag from /opt/airflow/dags/cleaning/hour_clean.py
[2025-09-15T09:40:22.949+0000] {processor.py:842} WARNING - No viable dags retrieved from /opt/airflow/dags/cleaning/hour_clean.py
[2025-09-15T09:40:22.964+0000] {processor.py:183} INFO - Processing /opt/airflow/dags/cleaning/hour_clean.py took 0.038 seconds
[2025-09-15T09:40:53.550+0000] {processor.py:161} INFO - Started process (PID=1889) to work on /opt/airflow/dags/cleaning/hour_clean.py
[2025-09-15T09:40:53.551+0000] {processor.py:830} INFO - Processing file /opt/airflow/dags/cleaning/hour_clean.py for tasks to queue
[2025-09-15T09:40:53.553+0000] {logging_mixin.py:188} INFO - [2025-09-15T09:40:53.552+0000] {dagbag.py:540} INFO - Filling up the DagBag from /opt/airflow/dags/cleaning/hour_clean.py
[2025-09-15T09:40:53.572+0000] {processor.py:842} WARNING - No viable dags retrieved from /opt/airflow/dags/cleaning/hour_clean.py
[2025-09-15T09:40:53.589+0000] {processor.py:183} INFO - Processing /opt/airflow/dags/cleaning/hour_clean.py took 0.045 seconds
[2025-09-15T09:41:24.124+0000] {processor.py:161} INFO - Started process (PID=1924) to work on /opt/airflow/dags/cleaning/hour_clean.py
[2025-09-15T09:41:24.125+0000] {processor.py:830} INFO - Processing file /opt/airflow/dags/cleaning/hour_clean.py for tasks to queue
[2025-09-15T09:41:24.126+0000] {logging_mixin.py:188} INFO - [2025-09-15T09:41:24.125+0000] {dagbag.py:540} INFO - Filling up the DagBag from /opt/airflow/dags/cleaning/hour_clean.py
[2025-09-15T09:41:24.140+0000] {processor.py:842} WARNING - No viable dags retrieved from /opt/airflow/dags/cleaning/hour_clean.py
[2025-09-15T09:41:24.159+0000] {processor.py:183} INFO - Processing /opt/airflow/dags/cleaning/hour_clean.py took 0.041 seconds
[2025-09-15T09:41:54.948+0000] {processor.py:161} INFO - Started process (PID=1959) to work on /opt/airflow/dags/cleaning/hour_clean.py
[2025-09-15T09:41:54.950+0000] {processor.py:830} INFO - Processing file /opt/airflow/dags/cleaning/hour_clean.py for tasks to queue
[2025-09-15T09:41:54.951+0000] {logging_mixin.py:188} INFO - [2025-09-15T09:41:54.950+0000] {dagbag.py:540} INFO - Filling up the DagBag from /opt/airflow/dags/cleaning/hour_clean.py
[2025-09-15T09:41:54.965+0000] {processor.py:842} WARNING - No viable dags retrieved from /opt/airflow/dags/cleaning/hour_clean.py
[2025-09-15T09:41:54.981+0000] {processor.py:183} INFO - Processing /opt/airflow/dags/cleaning/hour_clean.py took 0.039 seconds
[2025-09-15T09:42:25.486+0000] {processor.py:161} INFO - Started process (PID=1994) to work on /opt/airflow/dags/cleaning/hour_clean.py
[2025-09-15T09:42:25.487+0000] {processor.py:830} INFO - Processing file /opt/airflow/dags/cleaning/hour_clean.py for tasks to queue
[2025-09-15T09:42:25.488+0000] {logging_mixin.py:188} INFO - [2025-09-15T09:42:25.487+0000] {dagbag.py:540} INFO - Filling up the DagBag from /opt/airflow/dags/cleaning/hour_clean.py
[2025-09-15T09:42:25.500+0000] {processor.py:842} WARNING - No viable dags retrieved from /opt/airflow/dags/cleaning/hour_clean.py
[2025-09-15T09:42:25.516+0000] {processor.py:183} INFO - Processing /opt/airflow/dags/cleaning/hour_clean.py took 0.036 seconds
[2025-09-15T09:42:55.740+0000] {processor.py:161} INFO - Started process (PID=2029) to work on /opt/airflow/dags/cleaning/hour_clean.py
[2025-09-15T09:42:55.741+0000] {processor.py:830} INFO - Processing file /opt/airflow/dags/cleaning/hour_clean.py for tasks to queue
[2025-09-15T09:42:55.742+0000] {logging_mixin.py:188} INFO - [2025-09-15T09:42:55.742+0000] {dagbag.py:540} INFO - Filling up the DagBag from /opt/airflow/dags/cleaning/hour_clean.py
[2025-09-15T09:42:55.753+0000] {processor.py:842} WARNING - No viable dags retrieved from /opt/airflow/dags/cleaning/hour_clean.py
[2025-09-15T09:42:55.768+0000] {processor.py:183} INFO - Processing /opt/airflow/dags/cleaning/hour_clean.py took 0.033 seconds
[2025-09-15T09:43:26.705+0000] {processor.py:161} INFO - Started process (PID=2064) to work on /opt/airflow/dags/cleaning/hour_clean.py
[2025-09-15T09:43:26.706+0000] {processor.py:830} INFO - Processing file /opt/airflow/dags/cleaning/hour_clean.py for tasks to queue
[2025-09-15T09:43:26.707+0000] {logging_mixin.py:188} INFO - [2025-09-15T09:43:26.707+0000] {dagbag.py:540} INFO - Filling up the DagBag from /opt/airflow/dags/cleaning/hour_clean.py
[2025-09-15T09:43:26.718+0000] {processor.py:842} WARNING - No viable dags retrieved from /opt/airflow/dags/cleaning/hour_clean.py
[2025-09-15T09:43:26.733+0000] {processor.py:183} INFO - Processing /opt/airflow/dags/cleaning/hour_clean.py took 0.033 seconds
[2025-09-15T09:43:57.275+0000] {processor.py:161} INFO - Started process (PID=2100) to work on /opt/airflow/dags/cleaning/hour_clean.py
[2025-09-15T09:43:57.277+0000] {processor.py:830} INFO - Processing file /opt/airflow/dags/cleaning/hour_clean.py for tasks to queue
[2025-09-15T09:43:57.279+0000] {logging_mixin.py:188} INFO - [2025-09-15T09:43:57.278+0000] {dagbag.py:540} INFO - Filling up the DagBag from /opt/airflow/dags/cleaning/hour_clean.py
[2025-09-15T09:43:57.292+0000] {processor.py:842} WARNING - No viable dags retrieved from /opt/airflow/dags/cleaning/hour_clean.py
[2025-09-15T09:43:57.314+0000] {processor.py:183} INFO - Processing /opt/airflow/dags/cleaning/hour_clean.py took 0.050 seconds
[2025-09-15T09:44:27.823+0000] {processor.py:161} INFO - Started process (PID=2138) to work on /opt/airflow/dags/cleaning/hour_clean.py
[2025-09-15T09:44:27.824+0000] {processor.py:830} INFO - Processing file /opt/airflow/dags/cleaning/hour_clean.py for tasks to queue
[2025-09-15T09:44:27.827+0000] {logging_mixin.py:188} INFO - [2025-09-15T09:44:27.825+0000] {dagbag.py:540} INFO - Filling up the DagBag from /opt/airflow/dags/cleaning/hour_clean.py
[2025-09-15T09:44:27.845+0000] {processor.py:842} WARNING - No viable dags retrieved from /opt/airflow/dags/cleaning/hour_clean.py
[2025-09-15T09:44:27.870+0000] {processor.py:183} INFO - Processing /opt/airflow/dags/cleaning/hour_clean.py took 0.056 seconds
[2025-09-15T09:44:58.404+0000] {processor.py:161} INFO - Started process (PID=2173) to work on /opt/airflow/dags/cleaning/hour_clean.py
[2025-09-15T09:44:58.405+0000] {processor.py:830} INFO - Processing file /opt/airflow/dags/cleaning/hour_clean.py for tasks to queue
[2025-09-15T09:44:58.407+0000] {logging_mixin.py:188} INFO - [2025-09-15T09:44:58.406+0000] {dagbag.py:540} INFO - Filling up the DagBag from /opt/airflow/dags/cleaning/hour_clean.py
[2025-09-15T09:44:58.422+0000] {processor.py:842} WARNING - No viable dags retrieved from /opt/airflow/dags/cleaning/hour_clean.py
[2025-09-15T09:44:58.439+0000] {processor.py:183} INFO - Processing /opt/airflow/dags/cleaning/hour_clean.py took 0.041 seconds
[2025-09-15T09:45:28.820+0000] {processor.py:161} INFO - Started process (PID=2208) to work on /opt/airflow/dags/cleaning/hour_clean.py
[2025-09-15T09:45:28.821+0000] {processor.py:830} INFO - Processing file /opt/airflow/dags/cleaning/hour_clean.py for tasks to queue
[2025-09-15T09:45:28.822+0000] {logging_mixin.py:188} INFO - [2025-09-15T09:45:28.822+0000] {dagbag.py:540} INFO - Filling up the DagBag from /opt/airflow/dags/cleaning/hour_clean.py
[2025-09-15T09:45:28.836+0000] {processor.py:842} WARNING - No viable dags retrieved from /opt/airflow/dags/cleaning/hour_clean.py
[2025-09-15T09:45:28.853+0000] {processor.py:183} INFO - Processing /opt/airflow/dags/cleaning/hour_clean.py took 0.039 seconds
[2025-09-15T09:45:59.367+0000] {processor.py:161} INFO - Started process (PID=2243) to work on /opt/airflow/dags/cleaning/hour_clean.py
[2025-09-15T09:45:59.369+0000] {processor.py:830} INFO - Processing file /opt/airflow/dags/cleaning/hour_clean.py for tasks to queue
[2025-09-15T09:45:59.369+0000] {logging_mixin.py:188} INFO - [2025-09-15T09:45:59.369+0000] {dagbag.py:540} INFO - Filling up the DagBag from /opt/airflow/dags/cleaning/hour_clean.py
[2025-09-15T09:45:59.383+0000] {processor.py:842} WARNING - No viable dags retrieved from /opt/airflow/dags/cleaning/hour_clean.py
[2025-09-15T09:45:59.399+0000] {processor.py:183} INFO - Processing /opt/airflow/dags/cleaning/hour_clean.py took 0.037 seconds
[2025-09-15T09:46:29.907+0000] {processor.py:161} INFO - Started process (PID=2282) to work on /opt/airflow/dags/cleaning/hour_clean.py
[2025-09-15T09:46:29.909+0000] {processor.py:830} INFO - Processing file /opt/airflow/dags/cleaning/hour_clean.py for tasks to queue
[2025-09-15T09:46:29.909+0000] {logging_mixin.py:188} INFO - [2025-09-15T09:46:29.909+0000] {dagbag.py:540} INFO - Filling up the DagBag from /opt/airflow/dags/cleaning/hour_clean.py
[2025-09-15T09:46:29.923+0000] {processor.py:842} WARNING - No viable dags retrieved from /opt/airflow/dags/cleaning/hour_clean.py
[2025-09-15T09:46:29.941+0000] {processor.py:183} INFO - Processing /opt/airflow/dags/cleaning/hour_clean.py took 0.040 seconds
[2025-09-15T09:47:00.840+0000] {processor.py:161} INFO - Started process (PID=2317) to work on /opt/airflow/dags/cleaning/hour_clean.py
[2025-09-15T09:47:00.850+0000] {processor.py:830} INFO - Processing file /opt/airflow/dags/cleaning/hour_clean.py for tasks to queue
[2025-09-15T09:47:00.852+0000] {logging_mixin.py:188} INFO - [2025-09-15T09:47:00.851+0000] {dagbag.py:540} INFO - Filling up the DagBag from /opt/airflow/dags/cleaning/hour_clean.py
[2025-09-15T09:47:00.868+0000] {processor.py:842} WARNING - No viable dags retrieved from /opt/airflow/dags/cleaning/hour_clean.py
[2025-09-15T09:47:00.886+0000] {processor.py:183} INFO - Processing /opt/airflow/dags/cleaning/hour_clean.py took 0.053 seconds
[2025-09-15T09:47:31.292+0000] {processor.py:161} INFO - Started process (PID=2352) to work on /opt/airflow/dags/cleaning/hour_clean.py
[2025-09-15T09:47:31.293+0000] {processor.py:830} INFO - Processing file /opt/airflow/dags/cleaning/hour_clean.py for tasks to queue
[2025-09-15T09:47:31.294+0000] {logging_mixin.py:188} INFO - [2025-09-15T09:47:31.294+0000] {dagbag.py:540} INFO - Filling up the DagBag from /opt/airflow/dags/cleaning/hour_clean.py
[2025-09-15T09:47:31.306+0000] {processor.py:842} WARNING - No viable dags retrieved from /opt/airflow/dags/cleaning/hour_clean.py
[2025-09-15T09:47:31.321+0000] {processor.py:183} INFO - Processing /opt/airflow/dags/cleaning/hour_clean.py took 0.034 seconds
[2025-09-15T09:48:01.478+0000] {processor.py:161} INFO - Started process (PID=2387) to work on /opt/airflow/dags/cleaning/hour_clean.py
[2025-09-15T09:48:01.479+0000] {processor.py:830} INFO - Processing file /opt/airflow/dags/cleaning/hour_clean.py for tasks to queue
[2025-09-15T09:48:01.480+0000] {logging_mixin.py:188} INFO - [2025-09-15T09:48:01.480+0000] {dagbag.py:540} INFO - Filling up the DagBag from /opt/airflow/dags/cleaning/hour_clean.py
[2025-09-15T09:48:01.492+0000] {processor.py:842} WARNING - No viable dags retrieved from /opt/airflow/dags/cleaning/hour_clean.py
[2025-09-15T09:48:01.507+0000] {processor.py:183} INFO - Processing /opt/airflow/dags/cleaning/hour_clean.py took 0.034 seconds
[2025-09-15T09:48:31.972+0000] {processor.py:161} INFO - Started process (PID=2422) to work on /opt/airflow/dags/cleaning/hour_clean.py
[2025-09-15T09:48:31.973+0000] {processor.py:830} INFO - Processing file /opt/airflow/dags/cleaning/hour_clean.py for tasks to queue
[2025-09-15T09:48:31.975+0000] {logging_mixin.py:188} INFO - [2025-09-15T09:48:31.974+0000] {dagbag.py:540} INFO - Filling up the DagBag from /opt/airflow/dags/cleaning/hour_clean.py
[2025-09-15T09:48:31.995+0000] {processor.py:842} WARNING - No viable dags retrieved from /opt/airflow/dags/cleaning/hour_clean.py
[2025-09-15T09:48:32.019+0000] {processor.py:183} INFO - Processing /opt/airflow/dags/cleaning/hour_clean.py took 0.054 seconds
[2025-09-15T09:49:02.283+0000] {processor.py:161} INFO - Started process (PID=2457) to work on /opt/airflow/dags/cleaning/hour_clean.py
[2025-09-15T09:49:02.284+0000] {processor.py:830} INFO - Processing file /opt/airflow/dags/cleaning/hour_clean.py for tasks to queue
[2025-09-15T09:49:02.285+0000] {logging_mixin.py:188} INFO - [2025-09-15T09:49:02.284+0000] {dagbag.py:540} INFO - Filling up the DagBag from /opt/airflow/dags/cleaning/hour_clean.py
[2025-09-15T09:49:02.298+0000] {processor.py:842} WARNING - No viable dags retrieved from /opt/airflow/dags/cleaning/hour_clean.py
[2025-09-15T09:49:02.313+0000] {processor.py:183} INFO - Processing /opt/airflow/dags/cleaning/hour_clean.py took 0.036 seconds
[2025-09-15T09:49:33.039+0000] {processor.py:161} INFO - Started process (PID=2492) to work on /opt/airflow/dags/cleaning/hour_clean.py
[2025-09-15T09:49:33.040+0000] {processor.py:830} INFO - Processing file /opt/airflow/dags/cleaning/hour_clean.py for tasks to queue
[2025-09-15T09:49:33.041+0000] {logging_mixin.py:188} INFO - [2025-09-15T09:49:33.040+0000] {dagbag.py:540} INFO - Filling up the DagBag from /opt/airflow/dags/cleaning/hour_clean.py
[2025-09-15T09:49:33.053+0000] {processor.py:842} WARNING - No viable dags retrieved from /opt/airflow/dags/cleaning/hour_clean.py
[2025-09-15T09:49:33.078+0000] {processor.py:183} INFO - Processing /opt/airflow/dags/cleaning/hour_clean.py took 0.046 seconds
[2025-09-15T09:50:03.899+0000] {processor.py:161} INFO - Started process (PID=2527) to work on /opt/airflow/dags/cleaning/hour_clean.py
[2025-09-15T09:50:03.901+0000] {processor.py:830} INFO - Processing file /opt/airflow/dags/cleaning/hour_clean.py for tasks to queue
[2025-09-15T09:50:03.902+0000] {logging_mixin.py:188} INFO - [2025-09-15T09:50:03.902+0000] {dagbag.py:540} INFO - Filling up the DagBag from /opt/airflow/dags/cleaning/hour_clean.py
[2025-09-15T09:50:03.918+0000] {processor.py:842} WARNING - No viable dags retrieved from /opt/airflow/dags/cleaning/hour_clean.py
[2025-09-15T09:50:03.939+0000] {processor.py:183} INFO - Processing /opt/airflow/dags/cleaning/hour_clean.py took 0.047 seconds
[2025-09-15T09:50:34.362+0000] {processor.py:161} INFO - Started process (PID=2562) to work on /opt/airflow/dags/cleaning/hour_clean.py
[2025-09-15T09:50:34.363+0000] {processor.py:830} INFO - Processing file /opt/airflow/dags/cleaning/hour_clean.py for tasks to queue
[2025-09-15T09:50:34.364+0000] {logging_mixin.py:188} INFO - [2025-09-15T09:50:34.364+0000] {dagbag.py:540} INFO - Filling up the DagBag from /opt/airflow/dags/cleaning/hour_clean.py
[2025-09-15T09:50:34.377+0000] {processor.py:842} WARNING - No viable dags retrieved from /opt/airflow/dags/cleaning/hour_clean.py
[2025-09-15T09:50:34.394+0000] {processor.py:183} INFO - Processing /opt/airflow/dags/cleaning/hour_clean.py took 0.038 seconds
[2025-09-15T09:51:04.875+0000] {processor.py:161} INFO - Started process (PID=2597) to work on /opt/airflow/dags/cleaning/hour_clean.py
[2025-09-15T09:51:04.876+0000] {processor.py:830} INFO - Processing file /opt/airflow/dags/cleaning/hour_clean.py for tasks to queue
[2025-09-15T09:51:04.877+0000] {logging_mixin.py:188} INFO - [2025-09-15T09:51:04.876+0000] {dagbag.py:540} INFO - Filling up the DagBag from /opt/airflow/dags/cleaning/hour_clean.py
[2025-09-15T09:51:04.889+0000] {processor.py:842} WARNING - No viable dags retrieved from /opt/airflow/dags/cleaning/hour_clean.py
[2025-09-15T09:51:04.907+0000] {processor.py:183} INFO - Processing /opt/airflow/dags/cleaning/hour_clean.py took 0.039 seconds
[2025-09-15T09:51:35.565+0000] {processor.py:161} INFO - Started process (PID=2632) to work on /opt/airflow/dags/cleaning/hour_clean.py
[2025-09-15T09:51:35.566+0000] {processor.py:830} INFO - Processing file /opt/airflow/dags/cleaning/hour_clean.py for tasks to queue
[2025-09-15T09:51:35.567+0000] {logging_mixin.py:188} INFO - [2025-09-15T09:51:35.567+0000] {dagbag.py:540} INFO - Filling up the DagBag from /opt/airflow/dags/cleaning/hour_clean.py
[2025-09-15T09:51:35.579+0000] {processor.py:842} WARNING - No viable dags retrieved from /opt/airflow/dags/cleaning/hour_clean.py
[2025-09-15T09:51:35.594+0000] {processor.py:183} INFO - Processing /opt/airflow/dags/cleaning/hour_clean.py took 0.034 seconds
[2025-09-15T09:52:06.201+0000] {processor.py:161} INFO - Started process (PID=2667) to work on /opt/airflow/dags/cleaning/hour_clean.py
[2025-09-15T09:52:06.202+0000] {processor.py:830} INFO - Processing file /opt/airflow/dags/cleaning/hour_clean.py for tasks to queue
[2025-09-15T09:52:06.203+0000] {logging_mixin.py:188} INFO - [2025-09-15T09:52:06.203+0000] {dagbag.py:540} INFO - Filling up the DagBag from /opt/airflow/dags/cleaning/hour_clean.py
[2025-09-15T09:52:06.214+0000] {processor.py:842} WARNING - No viable dags retrieved from /opt/airflow/dags/cleaning/hour_clean.py
[2025-09-15T09:52:06.229+0000] {processor.py:183} INFO - Processing /opt/airflow/dags/cleaning/hour_clean.py took 0.032 seconds
[2025-09-15T09:52:36.461+0000] {processor.py:161} INFO - Started process (PID=2702) to work on /opt/airflow/dags/cleaning/hour_clean.py
[2025-09-15T09:52:36.462+0000] {processor.py:830} INFO - Processing file /opt/airflow/dags/cleaning/hour_clean.py for tasks to queue
[2025-09-15T09:52:36.463+0000] {logging_mixin.py:188} INFO - [2025-09-15T09:52:36.463+0000] {dagbag.py:540} INFO - Filling up the DagBag from /opt/airflow/dags/cleaning/hour_clean.py
[2025-09-15T09:52:36.476+0000] {processor.py:842} WARNING - No viable dags retrieved from /opt/airflow/dags/cleaning/hour_clean.py
[2025-09-15T09:52:36.491+0000] {processor.py:183} INFO - Processing /opt/airflow/dags/cleaning/hour_clean.py took 0.035 seconds
[2025-09-15T09:53:06.813+0000] {processor.py:161} INFO - Started process (PID=2737) to work on /opt/airflow/dags/cleaning/hour_clean.py
[2025-09-15T09:53:06.814+0000] {processor.py:830} INFO - Processing file /opt/airflow/dags/cleaning/hour_clean.py for tasks to queue
[2025-09-15T09:53:06.816+0000] {logging_mixin.py:188} INFO - [2025-09-15T09:53:06.816+0000] {dagbag.py:540} INFO - Filling up the DagBag from /opt/airflow/dags/cleaning/hour_clean.py
[2025-09-15T09:53:06.830+0000] {processor.py:842} WARNING - No viable dags retrieved from /opt/airflow/dags/cleaning/hour_clean.py
[2025-09-15T09:53:06.846+0000] {processor.py:183} INFO - Processing /opt/airflow/dags/cleaning/hour_clean.py took 0.039 seconds
[2025-09-15T09:53:37.552+0000] {processor.py:161} INFO - Started process (PID=2772) to work on /opt/airflow/dags/cleaning/hour_clean.py
[2025-09-15T09:53:37.553+0000] {processor.py:830} INFO - Processing file /opt/airflow/dags/cleaning/hour_clean.py for tasks to queue
[2025-09-15T09:53:37.554+0000] {logging_mixin.py:188} INFO - [2025-09-15T09:53:37.554+0000] {dagbag.py:540} INFO - Filling up the DagBag from /opt/airflow/dags/cleaning/hour_clean.py
[2025-09-15T09:53:37.566+0000] {processor.py:842} WARNING - No viable dags retrieved from /opt/airflow/dags/cleaning/hour_clean.py
[2025-09-15T09:53:37.582+0000] {processor.py:183} INFO - Processing /opt/airflow/dags/cleaning/hour_clean.py took 0.036 seconds
[2025-09-15T09:54:08.155+0000] {processor.py:161} INFO - Started process (PID=2807) to work on /opt/airflow/dags/cleaning/hour_clean.py
[2025-09-15T09:54:08.156+0000] {processor.py:830} INFO - Processing file /opt/airflow/dags/cleaning/hour_clean.py for tasks to queue
[2025-09-15T09:54:08.157+0000] {logging_mixin.py:188} INFO - [2025-09-15T09:54:08.157+0000] {dagbag.py:540} INFO - Filling up the DagBag from /opt/airflow/dags/cleaning/hour_clean.py
[2025-09-15T09:54:08.168+0000] {processor.py:842} WARNING - No viable dags retrieved from /opt/airflow/dags/cleaning/hour_clean.py
[2025-09-15T09:54:08.181+0000] {processor.py:183} INFO - Processing /opt/airflow/dags/cleaning/hour_clean.py took 0.031 seconds
[2025-09-15T09:54:38.609+0000] {processor.py:161} INFO - Started process (PID=2842) to work on /opt/airflow/dags/cleaning/hour_clean.py
[2025-09-15T09:54:38.610+0000] {processor.py:830} INFO - Processing file /opt/airflow/dags/cleaning/hour_clean.py for tasks to queue
[2025-09-15T09:54:38.611+0000] {logging_mixin.py:188} INFO - [2025-09-15T09:54:38.611+0000] {dagbag.py:540} INFO - Filling up the DagBag from /opt/airflow/dags/cleaning/hour_clean.py
[2025-09-15T09:54:38.623+0000] {processor.py:842} WARNING - No viable dags retrieved from /opt/airflow/dags/cleaning/hour_clean.py
[2025-09-15T09:54:38.638+0000] {processor.py:183} INFO - Processing /opt/airflow/dags/cleaning/hour_clean.py took 0.034 seconds
[2025-09-15T09:55:09.374+0000] {processor.py:161} INFO - Started process (PID=2877) to work on /opt/airflow/dags/cleaning/hour_clean.py
[2025-09-15T09:55:09.376+0000] {processor.py:830} INFO - Processing file /opt/airflow/dags/cleaning/hour_clean.py for tasks to queue
[2025-09-15T09:55:09.377+0000] {logging_mixin.py:188} INFO - [2025-09-15T09:55:09.376+0000] {dagbag.py:540} INFO - Filling up the DagBag from /opt/airflow/dags/cleaning/hour_clean.py
[2025-09-15T09:55:09.397+0000] {processor.py:842} WARNING - No viable dags retrieved from /opt/airflow/dags/cleaning/hour_clean.py
[2025-09-15T09:55:09.420+0000] {processor.py:183} INFO - Processing /opt/airflow/dags/cleaning/hour_clean.py took 0.053 seconds
[2025-09-15T09:55:39.884+0000] {processor.py:161} INFO - Started process (PID=2912) to work on /opt/airflow/dags/cleaning/hour_clean.py
[2025-09-15T09:55:39.886+0000] {processor.py:830} INFO - Processing file /opt/airflow/dags/cleaning/hour_clean.py for tasks to queue
[2025-09-15T09:55:39.887+0000] {logging_mixin.py:188} INFO - [2025-09-15T09:55:39.887+0000] {dagbag.py:540} INFO - Filling up the DagBag from /opt/airflow/dags/cleaning/hour_clean.py
[2025-09-15T09:55:39.904+0000] {processor.py:842} WARNING - No viable dags retrieved from /opt/airflow/dags/cleaning/hour_clean.py
[2025-09-15T09:55:39.924+0000] {processor.py:183} INFO - Processing /opt/airflow/dags/cleaning/hour_clean.py took 0.050 seconds
[2025-09-15T09:56:10.672+0000] {processor.py:161} INFO - Started process (PID=2947) to work on /opt/airflow/dags/cleaning/hour_clean.py
[2025-09-15T09:56:10.674+0000] {processor.py:830} INFO - Processing file /opt/airflow/dags/cleaning/hour_clean.py for tasks to queue
[2025-09-15T09:56:10.675+0000] {logging_mixin.py:188} INFO - [2025-09-15T09:56:10.675+0000] {dagbag.py:540} INFO - Filling up the DagBag from /opt/airflow/dags/cleaning/hour_clean.py
[2025-09-15T09:56:10.692+0000] {processor.py:842} WARNING - No viable dags retrieved from /opt/airflow/dags/cleaning/hour_clean.py
[2025-09-15T09:56:10.719+0000] {processor.py:183} INFO - Processing /opt/airflow/dags/cleaning/hour_clean.py took 0.054 seconds
[2025-09-15T09:56:40.910+0000] {processor.py:161} INFO - Started process (PID=2986) to work on /opt/airflow/dags/cleaning/hour_clean.py
[2025-09-15T09:56:40.913+0000] {processor.py:830} INFO - Processing file /opt/airflow/dags/cleaning/hour_clean.py for tasks to queue
[2025-09-15T09:56:40.917+0000] {logging_mixin.py:188} INFO - [2025-09-15T09:56:40.916+0000] {dagbag.py:540} INFO - Filling up the DagBag from /opt/airflow/dags/cleaning/hour_clean.py
[2025-09-15T09:56:40.946+0000] {processor.py:842} WARNING - No viable dags retrieved from /opt/airflow/dags/cleaning/hour_clean.py
[2025-09-15T09:56:40.968+0000] {processor.py:183} INFO - Processing /opt/airflow/dags/cleaning/hour_clean.py took 0.071 seconds
[2025-09-15T09:57:11.734+0000] {processor.py:161} INFO - Started process (PID=3021) to work on /opt/airflow/dags/cleaning/hour_clean.py
[2025-09-15T09:57:11.735+0000] {processor.py:830} INFO - Processing file /opt/airflow/dags/cleaning/hour_clean.py for tasks to queue
[2025-09-15T09:57:11.736+0000] {logging_mixin.py:188} INFO - [2025-09-15T09:57:11.736+0000] {dagbag.py:540} INFO - Filling up the DagBag from /opt/airflow/dags/cleaning/hour_clean.py
[2025-09-15T09:57:11.749+0000] {processor.py:842} WARNING - No viable dags retrieved from /opt/airflow/dags/cleaning/hour_clean.py
[2025-09-15T09:57:11.764+0000] {processor.py:183} INFO - Processing /opt/airflow/dags/cleaning/hour_clean.py took 0.035 seconds
[2025-09-15T09:57:42.382+0000] {processor.py:161} INFO - Started process (PID=3056) to work on /opt/airflow/dags/cleaning/hour_clean.py
[2025-09-15T09:57:42.385+0000] {processor.py:830} INFO - Processing file /opt/airflow/dags/cleaning/hour_clean.py for tasks to queue
[2025-09-15T09:57:42.388+0000] {logging_mixin.py:188} INFO - [2025-09-15T09:57:42.388+0000] {dagbag.py:540} INFO - Filling up the DagBag from /opt/airflow/dags/cleaning/hour_clean.py
[2025-09-15T09:57:42.407+0000] {processor.py:842} WARNING - No viable dags retrieved from /opt/airflow/dags/cleaning/hour_clean.py
[2025-09-15T09:57:42.437+0000] {processor.py:183} INFO - Processing /opt/airflow/dags/cleaning/hour_clean.py took 0.062 seconds
[2025-09-15T09:58:13.265+0000] {processor.py:161} INFO - Started process (PID=3091) to work on /opt/airflow/dags/cleaning/hour_clean.py
[2025-09-15T09:58:13.267+0000] {processor.py:830} INFO - Processing file /opt/airflow/dags/cleaning/hour_clean.py for tasks to queue
[2025-09-15T09:58:13.268+0000] {logging_mixin.py:188} INFO - [2025-09-15T09:58:13.267+0000] {dagbag.py:540} INFO - Filling up the DagBag from /opt/airflow/dags/cleaning/hour_clean.py
[2025-09-15T09:58:13.282+0000] {processor.py:842} WARNING - No viable dags retrieved from /opt/airflow/dags/cleaning/hour_clean.py
[2025-09-15T09:58:13.299+0000] {processor.py:183} INFO - Processing /opt/airflow/dags/cleaning/hour_clean.py took 0.042 seconds
[2025-09-15T09:58:43.674+0000] {processor.py:161} INFO - Started process (PID=3127) to work on /opt/airflow/dags/cleaning/hour_clean.py
[2025-09-15T09:58:43.676+0000] {processor.py:830} INFO - Processing file /opt/airflow/dags/cleaning/hour_clean.py for tasks to queue
[2025-09-15T09:58:43.677+0000] {logging_mixin.py:188} INFO - [2025-09-15T09:58:43.676+0000] {dagbag.py:540} INFO - Filling up the DagBag from /opt/airflow/dags/cleaning/hour_clean.py
[2025-09-15T09:58:43.689+0000] {processor.py:842} WARNING - No viable dags retrieved from /opt/airflow/dags/cleaning/hour_clean.py
[2025-09-15T09:58:43.706+0000] {processor.py:183} INFO - Processing /opt/airflow/dags/cleaning/hour_clean.py took 0.039 seconds
[2025-09-15T09:59:13.909+0000] {processor.py:161} INFO - Started process (PID=3169) to work on /opt/airflow/dags/cleaning/hour_clean.py
[2025-09-15T09:59:13.911+0000] {processor.py:830} INFO - Processing file /opt/airflow/dags/cleaning/hour_clean.py for tasks to queue
[2025-09-15T09:59:13.912+0000] {logging_mixin.py:188} INFO - [2025-09-15T09:59:13.912+0000] {dagbag.py:540} INFO - Filling up the DagBag from /opt/airflow/dags/cleaning/hour_clean.py
[2025-09-15T09:59:13.926+0000] {processor.py:842} WARNING - No viable dags retrieved from /opt/airflow/dags/cleaning/hour_clean.py
[2025-09-15T09:59:13.944+0000] {processor.py:183} INFO - Processing /opt/airflow/dags/cleaning/hour_clean.py took 0.044 seconds
[2025-09-15T09:59:44.494+0000] {processor.py:161} INFO - Started process (PID=3204) to work on /opt/airflow/dags/cleaning/hour_clean.py
[2025-09-15T09:59:44.495+0000] {processor.py:830} INFO - Processing file /opt/airflow/dags/cleaning/hour_clean.py for tasks to queue
[2025-09-15T09:59:44.495+0000] {logging_mixin.py:188} INFO - [2025-09-15T09:59:44.495+0000] {dagbag.py:540} INFO - Filling up the DagBag from /opt/airflow/dags/cleaning/hour_clean.py
[2025-09-15T09:59:44.508+0000] {processor.py:842} WARNING - No viable dags retrieved from /opt/airflow/dags/cleaning/hour_clean.py
[2025-09-15T09:59:44.525+0000] {processor.py:183} INFO - Processing /opt/airflow/dags/cleaning/hour_clean.py took 0.038 seconds
[2025-09-15T10:00:15.206+0000] {processor.py:161} INFO - Started process (PID=3239) to work on /opt/airflow/dags/cleaning/hour_clean.py
[2025-09-15T10:00:15.207+0000] {processor.py:830} INFO - Processing file /opt/airflow/dags/cleaning/hour_clean.py for tasks to queue
[2025-09-15T10:00:15.208+0000] {logging_mixin.py:188} INFO - [2025-09-15T10:00:15.208+0000] {dagbag.py:540} INFO - Filling up the DagBag from /opt/airflow/dags/cleaning/hour_clean.py
[2025-09-15T10:00:15.220+0000] {processor.py:842} WARNING - No viable dags retrieved from /opt/airflow/dags/cleaning/hour_clean.py
[2025-09-15T10:00:15.235+0000] {processor.py:183} INFO - Processing /opt/airflow/dags/cleaning/hour_clean.py took 0.034 seconds
[2025-09-15T10:00:45.463+0000] {processor.py:161} INFO - Started process (PID=3278) to work on /opt/airflow/dags/cleaning/hour_clean.py
[2025-09-15T10:00:45.466+0000] {processor.py:830} INFO - Processing file /opt/airflow/dags/cleaning/hour_clean.py for tasks to queue
[2025-09-15T10:00:45.467+0000] {logging_mixin.py:188} INFO - [2025-09-15T10:00:45.467+0000] {dagbag.py:540} INFO - Filling up the DagBag from /opt/airflow/dags/cleaning/hour_clean.py
[2025-09-15T10:00:45.481+0000] {processor.py:842} WARNING - No viable dags retrieved from /opt/airflow/dags/cleaning/hour_clean.py
[2025-09-15T10:00:45.499+0000] {processor.py:183} INFO - Processing /opt/airflow/dags/cleaning/hour_clean.py took 0.043 seconds
[2025-09-15T10:01:16.212+0000] {processor.py:161} INFO - Started process (PID=3313) to work on /opt/airflow/dags/cleaning/hour_clean.py
[2025-09-15T10:01:16.213+0000] {processor.py:830} INFO - Processing file /opt/airflow/dags/cleaning/hour_clean.py for tasks to queue
[2025-09-15T10:01:16.214+0000] {logging_mixin.py:188} INFO - [2025-09-15T10:01:16.214+0000] {dagbag.py:540} INFO - Filling up the DagBag from /opt/airflow/dags/cleaning/hour_clean.py
[2025-09-15T10:01:16.234+0000] {processor.py:842} WARNING - No viable dags retrieved from /opt/airflow/dags/cleaning/hour_clean.py
[2025-09-15T10:01:16.267+0000] {processor.py:183} INFO - Processing /opt/airflow/dags/cleaning/hour_clean.py took 0.067 seconds
[2025-09-15T10:01:46.675+0000] {processor.py:161} INFO - Started process (PID=3348) to work on /opt/airflow/dags/cleaning/hour_clean.py
[2025-09-15T10:01:46.676+0000] {processor.py:830} INFO - Processing file /opt/airflow/dags/cleaning/hour_clean.py for tasks to queue
[2025-09-15T10:01:46.677+0000] {logging_mixin.py:188} INFO - [2025-09-15T10:01:46.676+0000] {dagbag.py:540} INFO - Filling up the DagBag from /opt/airflow/dags/cleaning/hour_clean.py
[2025-09-15T10:01:46.689+0000] {processor.py:842} WARNING - No viable dags retrieved from /opt/airflow/dags/cleaning/hour_clean.py
[2025-09-15T10:01:46.704+0000] {processor.py:183} INFO - Processing /opt/airflow/dags/cleaning/hour_clean.py took 0.034 seconds
[2025-09-15T10:02:17.451+0000] {processor.py:161} INFO - Started process (PID=3383) to work on /opt/airflow/dags/cleaning/hour_clean.py
[2025-09-15T10:02:17.452+0000] {processor.py:830} INFO - Processing file /opt/airflow/dags/cleaning/hour_clean.py for tasks to queue
[2025-09-15T10:02:17.453+0000] {logging_mixin.py:188} INFO - [2025-09-15T10:02:17.453+0000] {dagbag.py:540} INFO - Filling up the DagBag from /opt/airflow/dags/cleaning/hour_clean.py
[2025-09-15T10:02:17.465+0000] {processor.py:842} WARNING - No viable dags retrieved from /opt/airflow/dags/cleaning/hour_clean.py
[2025-09-15T10:02:17.479+0000] {processor.py:183} INFO - Processing /opt/airflow/dags/cleaning/hour_clean.py took 0.034 seconds
[2025-09-15T10:02:48.020+0000] {processor.py:161} INFO - Started process (PID=3418) to work on /opt/airflow/dags/cleaning/hour_clean.py
[2025-09-15T10:02:48.021+0000] {processor.py:830} INFO - Processing file /opt/airflow/dags/cleaning/hour_clean.py for tasks to queue
[2025-09-15T10:02:48.022+0000] {logging_mixin.py:188} INFO - [2025-09-15T10:02:48.022+0000] {dagbag.py:540} INFO - Filling up the DagBag from /opt/airflow/dags/cleaning/hour_clean.py
[2025-09-15T10:02:48.033+0000] {processor.py:842} WARNING - No viable dags retrieved from /opt/airflow/dags/cleaning/hour_clean.py
[2025-09-15T10:02:48.047+0000] {processor.py:183} INFO - Processing /opt/airflow/dags/cleaning/hour_clean.py took 0.033 seconds
[2025-09-15T10:03:18.601+0000] {processor.py:161} INFO - Started process (PID=3453) to work on /opt/airflow/dags/cleaning/hour_clean.py
[2025-09-15T10:03:18.602+0000] {processor.py:830} INFO - Processing file /opt/airflow/dags/cleaning/hour_clean.py for tasks to queue
[2025-09-15T10:03:18.603+0000] {logging_mixin.py:188} INFO - [2025-09-15T10:03:18.602+0000] {dagbag.py:540} INFO - Filling up the DagBag from /opt/airflow/dags/cleaning/hour_clean.py
[2025-09-15T10:03:18.616+0000] {processor.py:842} WARNING - No viable dags retrieved from /opt/airflow/dags/cleaning/hour_clean.py
[2025-09-15T10:03:18.631+0000] {processor.py:183} INFO - Processing /opt/airflow/dags/cleaning/hour_clean.py took 0.036 seconds
[2025-09-15T10:03:48.870+0000] {processor.py:161} INFO - Started process (PID=3488) to work on /opt/airflow/dags/cleaning/hour_clean.py
[2025-09-15T10:03:48.872+0000] {processor.py:830} INFO - Processing file /opt/airflow/dags/cleaning/hour_clean.py for tasks to queue
[2025-09-15T10:03:48.873+0000] {logging_mixin.py:188} INFO - [2025-09-15T10:03:48.872+0000] {dagbag.py:540} INFO - Filling up the DagBag from /opt/airflow/dags/cleaning/hour_clean.py
[2025-09-15T10:03:48.882+0000] {processor.py:842} WARNING - No viable dags retrieved from /opt/airflow/dags/cleaning/hour_clean.py
[2025-09-15T10:03:48.897+0000] {processor.py:183} INFO - Processing /opt/airflow/dags/cleaning/hour_clean.py took 0.033 seconds
[2025-09-15T10:04:19.465+0000] {processor.py:161} INFO - Started process (PID=3523) to work on /opt/airflow/dags/cleaning/hour_clean.py
[2025-09-15T10:04:19.467+0000] {processor.py:830} INFO - Processing file /opt/airflow/dags/cleaning/hour_clean.py for tasks to queue
[2025-09-15T10:04:19.467+0000] {logging_mixin.py:188} INFO - [2025-09-15T10:04:19.467+0000] {dagbag.py:540} INFO - Filling up the DagBag from /opt/airflow/dags/cleaning/hour_clean.py
[2025-09-15T10:04:19.479+0000] {processor.py:842} WARNING - No viable dags retrieved from /opt/airflow/dags/cleaning/hour_clean.py
[2025-09-15T10:04:19.495+0000] {processor.py:183} INFO - Processing /opt/airflow/dags/cleaning/hour_clean.py took 0.035 seconds
[2025-09-15T10:04:50.026+0000] {processor.py:161} INFO - Started process (PID=3558) to work on /opt/airflow/dags/cleaning/hour_clean.py
[2025-09-15T10:04:50.027+0000] {processor.py:830} INFO - Processing file /opt/airflow/dags/cleaning/hour_clean.py for tasks to queue
[2025-09-15T10:04:50.028+0000] {logging_mixin.py:188} INFO - [2025-09-15T10:04:50.028+0000] {dagbag.py:540} INFO - Filling up the DagBag from /opt/airflow/dags/cleaning/hour_clean.py
[2025-09-15T10:04:50.042+0000] {processor.py:842} WARNING - No viable dags retrieved from /opt/airflow/dags/cleaning/hour_clean.py
[2025-09-15T10:04:50.059+0000] {processor.py:183} INFO - Processing /opt/airflow/dags/cleaning/hour_clean.py took 0.039 seconds
[2025-09-15T10:05:20.676+0000] {processor.py:161} INFO - Started process (PID=3593) to work on /opt/airflow/dags/cleaning/hour_clean.py
[2025-09-15T10:05:20.678+0000] {processor.py:830} INFO - Processing file /opt/airflow/dags/cleaning/hour_clean.py for tasks to queue
[2025-09-15T10:05:20.678+0000] {logging_mixin.py:188} INFO - [2025-09-15T10:05:20.678+0000] {dagbag.py:540} INFO - Filling up the DagBag from /opt/airflow/dags/cleaning/hour_clean.py
[2025-09-15T10:05:20.691+0000] {processor.py:842} WARNING - No viable dags retrieved from /opt/airflow/dags/cleaning/hour_clean.py
[2025-09-15T10:05:20.706+0000] {processor.py:183} INFO - Processing /opt/airflow/dags/cleaning/hour_clean.py took 0.035 seconds
[2025-09-15T10:05:51.084+0000] {processor.py:161} INFO - Started process (PID=3628) to work on /opt/airflow/dags/cleaning/hour_clean.py
[2025-09-15T10:05:51.086+0000] {processor.py:830} INFO - Processing file /opt/airflow/dags/cleaning/hour_clean.py for tasks to queue
[2025-09-15T10:05:51.088+0000] {logging_mixin.py:188} INFO - [2025-09-15T10:05:51.087+0000] {dagbag.py:540} INFO - Filling up the DagBag from /opt/airflow/dags/cleaning/hour_clean.py
[2025-09-15T10:05:51.100+0000] {processor.py:842} WARNING - No viable dags retrieved from /opt/airflow/dags/cleaning/hour_clean.py
[2025-09-15T10:05:51.119+0000] {processor.py:183} INFO - Processing /opt/airflow/dags/cleaning/hour_clean.py took 0.046 seconds
[2025-09-15T10:06:22.050+0000] {processor.py:161} INFO - Started process (PID=3663) to work on /opt/airflow/dags/cleaning/hour_clean.py
[2025-09-15T10:06:22.051+0000] {processor.py:830} INFO - Processing file /opt/airflow/dags/cleaning/hour_clean.py for tasks to queue
[2025-09-15T10:06:22.052+0000] {logging_mixin.py:188} INFO - [2025-09-15T10:06:22.052+0000] {dagbag.py:540} INFO - Filling up the DagBag from /opt/airflow/dags/cleaning/hour_clean.py
[2025-09-15T10:06:22.067+0000] {processor.py:842} WARNING - No viable dags retrieved from /opt/airflow/dags/cleaning/hour_clean.py
[2025-09-15T10:06:22.082+0000] {processor.py:183} INFO - Processing /opt/airflow/dags/cleaning/hour_clean.py took 0.038 seconds
[2025-09-15T10:06:52.729+0000] {processor.py:161} INFO - Started process (PID=3698) to work on /opt/airflow/dags/cleaning/hour_clean.py
[2025-09-15T10:06:52.730+0000] {processor.py:830} INFO - Processing file /opt/airflow/dags/cleaning/hour_clean.py for tasks to queue
[2025-09-15T10:06:52.731+0000] {logging_mixin.py:188} INFO - [2025-09-15T10:06:52.731+0000] {dagbag.py:540} INFO - Filling up the DagBag from /opt/airflow/dags/cleaning/hour_clean.py
[2025-09-15T10:06:52.742+0000] {processor.py:842} WARNING - No viable dags retrieved from /opt/airflow/dags/cleaning/hour_clean.py
[2025-09-15T10:06:52.759+0000] {processor.py:183} INFO - Processing /opt/airflow/dags/cleaning/hour_clean.py took 0.037 seconds
[2025-09-15T10:07:23.175+0000] {processor.py:161} INFO - Started process (PID=3733) to work on /opt/airflow/dags/cleaning/hour_clean.py
[2025-09-15T10:07:23.177+0000] {processor.py:830} INFO - Processing file /opt/airflow/dags/cleaning/hour_clean.py for tasks to queue
[2025-09-15T10:07:23.179+0000] {logging_mixin.py:188} INFO - [2025-09-15T10:07:23.178+0000] {dagbag.py:540} INFO - Filling up the DagBag from /opt/airflow/dags/cleaning/hour_clean.py
[2025-09-15T10:07:23.198+0000] {processor.py:842} WARNING - No viable dags retrieved from /opt/airflow/dags/cleaning/hour_clean.py
[2025-09-15T10:07:23.224+0000] {processor.py:183} INFO - Processing /opt/airflow/dags/cleaning/hour_clean.py took 0.058 seconds
[2025-09-15T10:07:53.816+0000] {processor.py:161} INFO - Started process (PID=3768) to work on /opt/airflow/dags/cleaning/hour_clean.py
[2025-09-15T10:07:53.818+0000] {processor.py:830} INFO - Processing file /opt/airflow/dags/cleaning/hour_clean.py for tasks to queue
[2025-09-15T10:07:53.819+0000] {logging_mixin.py:188} INFO - [2025-09-15T10:07:53.819+0000] {dagbag.py:540} INFO - Filling up the DagBag from /opt/airflow/dags/cleaning/hour_clean.py
[2025-09-15T10:07:53.838+0000] {processor.py:842} WARNING - No viable dags retrieved from /opt/airflow/dags/cleaning/hour_clean.py
[2025-09-15T10:07:53.872+0000] {processor.py:183} INFO - Processing /opt/airflow/dags/cleaning/hour_clean.py took 0.066 seconds
[2025-09-15T10:08:24.221+0000] {processor.py:161} INFO - Started process (PID=3803) to work on /opt/airflow/dags/cleaning/hour_clean.py
[2025-09-15T10:08:24.223+0000] {processor.py:830} INFO - Processing file /opt/airflow/dags/cleaning/hour_clean.py for tasks to queue
[2025-09-15T10:08:24.224+0000] {logging_mixin.py:188} INFO - [2025-09-15T10:08:24.224+0000] {dagbag.py:540} INFO - Filling up the DagBag from /opt/airflow/dags/cleaning/hour_clean.py
[2025-09-15T10:08:24.241+0000] {processor.py:842} WARNING - No viable dags retrieved from /opt/airflow/dags/cleaning/hour_clean.py
[2025-09-15T10:08:24.260+0000] {processor.py:183} INFO - Processing /opt/airflow/dags/cleaning/hour_clean.py took 0.046 seconds
[2025-09-15T10:08:55.156+0000] {processor.py:161} INFO - Started process (PID=3838) to work on /opt/airflow/dags/cleaning/hour_clean.py
[2025-09-15T10:08:55.158+0000] {processor.py:830} INFO - Processing file /opt/airflow/dags/cleaning/hour_clean.py for tasks to queue
[2025-09-15T10:08:55.162+0000] {logging_mixin.py:188} INFO - [2025-09-15T10:08:55.160+0000] {dagbag.py:540} INFO - Filling up the DagBag from /opt/airflow/dags/cleaning/hour_clean.py
[2025-09-15T10:08:55.184+0000] {processor.py:842} WARNING - No viable dags retrieved from /opt/airflow/dags/cleaning/hour_clean.py
[2025-09-15T10:08:55.211+0000] {processor.py:183} INFO - Processing /opt/airflow/dags/cleaning/hour_clean.py took 0.064 seconds
[2025-09-15T10:09:25.800+0000] {processor.py:161} INFO - Started process (PID=3873) to work on /opt/airflow/dags/cleaning/hour_clean.py
[2025-09-15T10:09:25.802+0000] {processor.py:830} INFO - Processing file /opt/airflow/dags/cleaning/hour_clean.py for tasks to queue
[2025-09-15T10:09:25.803+0000] {logging_mixin.py:188} INFO - [2025-09-15T10:09:25.803+0000] {dagbag.py:540} INFO - Filling up the DagBag from /opt/airflow/dags/cleaning/hour_clean.py
[2025-09-15T10:09:25.818+0000] {processor.py:842} WARNING - No viable dags retrieved from /opt/airflow/dags/cleaning/hour_clean.py
[2025-09-15T10:09:25.836+0000] {processor.py:183} INFO - Processing /opt/airflow/dags/cleaning/hour_clean.py took 0.043 seconds
[2025-09-15T10:09:56.509+0000] {processor.py:161} INFO - Started process (PID=3908) to work on /opt/airflow/dags/cleaning/hour_clean.py
[2025-09-15T10:09:56.511+0000] {processor.py:830} INFO - Processing file /opt/airflow/dags/cleaning/hour_clean.py for tasks to queue
[2025-09-15T10:09:56.512+0000] {logging_mixin.py:188} INFO - [2025-09-15T10:09:56.511+0000] {dagbag.py:540} INFO - Filling up the DagBag from /opt/airflow/dags/cleaning/hour_clean.py
[2025-09-15T10:09:56.528+0000] {processor.py:842} WARNING - No viable dags retrieved from /opt/airflow/dags/cleaning/hour_clean.py
[2025-09-15T10:09:56.545+0000] {processor.py:183} INFO - Processing /opt/airflow/dags/cleaning/hour_clean.py took 0.041 seconds
[2025-09-15T10:10:27.087+0000] {processor.py:161} INFO - Started process (PID=3943) to work on /opt/airflow/dags/cleaning/hour_clean.py
[2025-09-15T10:10:27.090+0000] {processor.py:830} INFO - Processing file /opt/airflow/dags/cleaning/hour_clean.py for tasks to queue
[2025-09-15T10:10:27.091+0000] {logging_mixin.py:188} INFO - [2025-09-15T10:10:27.091+0000] {dagbag.py:540} INFO - Filling up the DagBag from /opt/airflow/dags/cleaning/hour_clean.py
[2025-09-15T10:10:27.104+0000] {processor.py:842} WARNING - No viable dags retrieved from /opt/airflow/dags/cleaning/hour_clean.py
[2025-09-15T10:10:27.121+0000] {processor.py:183} INFO - Processing /opt/airflow/dags/cleaning/hour_clean.py took 0.042 seconds
[2025-09-15T10:10:57.600+0000] {processor.py:161} INFO - Started process (PID=3978) to work on /opt/airflow/dags/cleaning/hour_clean.py
[2025-09-15T10:10:57.601+0000] {processor.py:830} INFO - Processing file /opt/airflow/dags/cleaning/hour_clean.py for tasks to queue
[2025-09-15T10:10:57.602+0000] {logging_mixin.py:188} INFO - [2025-09-15T10:10:57.602+0000] {dagbag.py:540} INFO - Filling up the DagBag from /opt/airflow/dags/cleaning/hour_clean.py
[2025-09-15T10:10:57.616+0000] {processor.py:842} WARNING - No viable dags retrieved from /opt/airflow/dags/cleaning/hour_clean.py
[2025-09-15T10:10:57.636+0000] {processor.py:183} INFO - Processing /opt/airflow/dags/cleaning/hour_clean.py took 0.043 seconds
[2025-09-15T10:11:28.144+0000] {processor.py:161} INFO - Started process (PID=4013) to work on /opt/airflow/dags/cleaning/hour_clean.py
[2025-09-15T10:11:28.146+0000] {processor.py:830} INFO - Processing file /opt/airflow/dags/cleaning/hour_clean.py for tasks to queue
[2025-09-15T10:11:28.147+0000] {logging_mixin.py:188} INFO - [2025-09-15T10:11:28.146+0000] {dagbag.py:540} INFO - Filling up the DagBag from /opt/airflow/dags/cleaning/hour_clean.py
[2025-09-15T10:11:28.159+0000] {processor.py:842} WARNING - No viable dags retrieved from /opt/airflow/dags/cleaning/hour_clean.py
[2025-09-15T10:11:28.176+0000] {processor.py:183} INFO - Processing /opt/airflow/dags/cleaning/hour_clean.py took 0.037 seconds
[2025-09-15T10:11:58.781+0000] {processor.py:161} INFO - Started process (PID=4048) to work on /opt/airflow/dags/cleaning/hour_clean.py
[2025-09-15T10:11:58.782+0000] {processor.py:830} INFO - Processing file /opt/airflow/dags/cleaning/hour_clean.py for tasks to queue
[2025-09-15T10:11:58.783+0000] {logging_mixin.py:188} INFO - [2025-09-15T10:11:58.783+0000] {dagbag.py:540} INFO - Filling up the DagBag from /opt/airflow/dags/cleaning/hour_clean.py
[2025-09-15T10:11:58.811+0000] {processor.py:842} WARNING - No viable dags retrieved from /opt/airflow/dags/cleaning/hour_clean.py
[2025-09-15T10:11:58.838+0000] {processor.py:183} INFO - Processing /opt/airflow/dags/cleaning/hour_clean.py took 0.066 seconds
[2025-09-15T10:12:29.460+0000] {processor.py:161} INFO - Started process (PID=4083) to work on /opt/airflow/dags/cleaning/hour_clean.py
[2025-09-15T10:12:29.461+0000] {processor.py:830} INFO - Processing file /opt/airflow/dags/cleaning/hour_clean.py for tasks to queue
[2025-09-15T10:12:29.462+0000] {logging_mixin.py:188} INFO - [2025-09-15T10:12:29.462+0000] {dagbag.py:540} INFO - Filling up the DagBag from /opt/airflow/dags/cleaning/hour_clean.py
[2025-09-15T10:12:29.475+0000] {processor.py:842} WARNING - No viable dags retrieved from /opt/airflow/dags/cleaning/hour_clean.py
[2025-09-15T10:12:29.491+0000] {processor.py:183} INFO - Processing /opt/airflow/dags/cleaning/hour_clean.py took 0.037 seconds
[2025-09-15T10:13:00.264+0000] {processor.py:161} INFO - Started process (PID=4118) to work on /opt/airflow/dags/cleaning/hour_clean.py
[2025-09-15T10:13:00.265+0000] {processor.py:830} INFO - Processing file /opt/airflow/dags/cleaning/hour_clean.py for tasks to queue
[2025-09-15T10:13:00.266+0000] {logging_mixin.py:188} INFO - [2025-09-15T10:13:00.266+0000] {dagbag.py:540} INFO - Filling up the DagBag from /opt/airflow/dags/cleaning/hour_clean.py
[2025-09-15T10:13:00.284+0000] {processor.py:842} WARNING - No viable dags retrieved from /opt/airflow/dags/cleaning/hour_clean.py
[2025-09-15T10:13:00.303+0000] {processor.py:183} INFO - Processing /opt/airflow/dags/cleaning/hour_clean.py took 0.045 seconds
[2025-09-15T10:13:30.854+0000] {processor.py:161} INFO - Started process (PID=4153) to work on /opt/airflow/dags/cleaning/hour_clean.py
[2025-09-15T10:13:30.855+0000] {processor.py:830} INFO - Processing file /opt/airflow/dags/cleaning/hour_clean.py for tasks to queue
[2025-09-15T10:13:30.856+0000] {logging_mixin.py:188} INFO - [2025-09-15T10:13:30.855+0000] {dagbag.py:540} INFO - Filling up the DagBag from /opt/airflow/dags/cleaning/hour_clean.py
[2025-09-15T10:13:30.868+0000] {processor.py:842} WARNING - No viable dags retrieved from /opt/airflow/dags/cleaning/hour_clean.py
[2025-09-15T10:13:30.887+0000] {processor.py:183} INFO - Processing /opt/airflow/dags/cleaning/hour_clean.py took 0.039 seconds
[2025-09-15T10:14:01.399+0000] {processor.py:161} INFO - Started process (PID=4188) to work on /opt/airflow/dags/cleaning/hour_clean.py
[2025-09-15T10:14:01.400+0000] {processor.py:830} INFO - Processing file /opt/airflow/dags/cleaning/hour_clean.py for tasks to queue
[2025-09-15T10:14:01.401+0000] {logging_mixin.py:188} INFO - [2025-09-15T10:14:01.401+0000] {dagbag.py:540} INFO - Filling up the DagBag from /opt/airflow/dags/cleaning/hour_clean.py
[2025-09-15T10:14:01.415+0000] {processor.py:842} WARNING - No viable dags retrieved from /opt/airflow/dags/cleaning/hour_clean.py
[2025-09-15T10:14:01.433+0000] {processor.py:183} INFO - Processing /opt/airflow/dags/cleaning/hour_clean.py took 0.040 seconds
[2025-09-15T10:14:32.002+0000] {processor.py:161} INFO - Started process (PID=4223) to work on /opt/airflow/dags/cleaning/hour_clean.py
[2025-09-15T10:14:32.004+0000] {processor.py:830} INFO - Processing file /opt/airflow/dags/cleaning/hour_clean.py for tasks to queue
[2025-09-15T10:14:32.005+0000] {logging_mixin.py:188} INFO - [2025-09-15T10:14:32.005+0000] {dagbag.py:540} INFO - Filling up the DagBag from /opt/airflow/dags/cleaning/hour_clean.py
[2025-09-15T10:14:32.019+0000] {processor.py:842} WARNING - No viable dags retrieved from /opt/airflow/dags/cleaning/hour_clean.py
[2025-09-15T10:14:32.035+0000] {processor.py:183} INFO - Processing /opt/airflow/dags/cleaning/hour_clean.py took 0.043 seconds
[2025-09-15T10:15:02.699+0000] {processor.py:161} INFO - Started process (PID=4258) to work on /opt/airflow/dags/cleaning/hour_clean.py
[2025-09-15T10:15:02.701+0000] {processor.py:830} INFO - Processing file /opt/airflow/dags/cleaning/hour_clean.py for tasks to queue
[2025-09-15T10:15:02.703+0000] {logging_mixin.py:188} INFO - [2025-09-15T10:15:02.702+0000] {dagbag.py:540} INFO - Filling up the DagBag from /opt/airflow/dags/cleaning/hour_clean.py
[2025-09-15T10:15:02.718+0000] {processor.py:842} WARNING - No viable dags retrieved from /opt/airflow/dags/cleaning/hour_clean.py
[2025-09-15T10:15:02.735+0000] {processor.py:183} INFO - Processing /opt/airflow/dags/cleaning/hour_clean.py took 0.041 seconds
[2025-09-15T10:15:33.240+0000] {processor.py:161} INFO - Started process (PID=4293) to work on /opt/airflow/dags/cleaning/hour_clean.py
[2025-09-15T10:15:33.241+0000] {processor.py:830} INFO - Processing file /opt/airflow/dags/cleaning/hour_clean.py for tasks to queue
[2025-09-15T10:15:33.243+0000] {logging_mixin.py:188} INFO - [2025-09-15T10:15:33.242+0000] {dagbag.py:540} INFO - Filling up the DagBag from /opt/airflow/dags/cleaning/hour_clean.py
[2025-09-15T10:15:33.255+0000] {processor.py:842} WARNING - No viable dags retrieved from /opt/airflow/dags/cleaning/hour_clean.py
[2025-09-15T10:15:33.272+0000] {processor.py:183} INFO - Processing /opt/airflow/dags/cleaning/hour_clean.py took 0.037 seconds
[2025-09-15T10:16:03.987+0000] {processor.py:161} INFO - Started process (PID=4328) to work on /opt/airflow/dags/cleaning/hour_clean.py
[2025-09-15T10:16:03.989+0000] {processor.py:830} INFO - Processing file /opt/airflow/dags/cleaning/hour_clean.py for tasks to queue
[2025-09-15T10:16:03.991+0000] {logging_mixin.py:188} INFO - [2025-09-15T10:16:03.990+0000] {dagbag.py:540} INFO - Filling up the DagBag from /opt/airflow/dags/cleaning/hour_clean.py
[2025-09-15T10:16:04.022+0000] {processor.py:842} WARNING - No viable dags retrieved from /opt/airflow/dags/cleaning/hour_clean.py
[2025-09-15T10:16:04.056+0000] {processor.py:183} INFO - Processing /opt/airflow/dags/cleaning/hour_clean.py took 0.080 seconds
[2025-09-15T10:16:34.785+0000] {processor.py:161} INFO - Started process (PID=4363) to work on /opt/airflow/dags/cleaning/hour_clean.py
[2025-09-15T10:16:34.787+0000] {processor.py:830} INFO - Processing file /opt/airflow/dags/cleaning/hour_clean.py for tasks to queue
[2025-09-15T10:16:34.789+0000] {logging_mixin.py:188} INFO - [2025-09-15T10:16:34.788+0000] {dagbag.py:540} INFO - Filling up the DagBag from /opt/airflow/dags/cleaning/hour_clean.py
[2025-09-15T10:16:34.809+0000] {processor.py:842} WARNING - No viable dags retrieved from /opt/airflow/dags/cleaning/hour_clean.py
[2025-09-15T10:16:34.825+0000] {processor.py:183} INFO - Processing /opt/airflow/dags/cleaning/hour_clean.py took 0.047 seconds
[2025-09-15T10:17:05.439+0000] {processor.py:161} INFO - Started process (PID=4398) to work on /opt/airflow/dags/cleaning/hour_clean.py
[2025-09-15T10:17:05.440+0000] {processor.py:830} INFO - Processing file /opt/airflow/dags/cleaning/hour_clean.py for tasks to queue
[2025-09-15T10:17:05.441+0000] {logging_mixin.py:188} INFO - [2025-09-15T10:17:05.440+0000] {dagbag.py:540} INFO - Filling up the DagBag from /opt/airflow/dags/cleaning/hour_clean.py
[2025-09-15T10:17:05.453+0000] {processor.py:842} WARNING - No viable dags retrieved from /opt/airflow/dags/cleaning/hour_clean.py
[2025-09-15T10:17:05.476+0000] {processor.py:183} INFO - Processing /opt/airflow/dags/cleaning/hour_clean.py took 0.043 seconds
[2025-09-15T10:17:36.089+0000] {processor.py:161} INFO - Started process (PID=4433) to work on /opt/airflow/dags/cleaning/hour_clean.py
[2025-09-15T10:17:36.090+0000] {processor.py:830} INFO - Processing file /opt/airflow/dags/cleaning/hour_clean.py for tasks to queue
[2025-09-15T10:17:36.091+0000] {logging_mixin.py:188} INFO - [2025-09-15T10:17:36.090+0000] {dagbag.py:540} INFO - Filling up the DagBag from /opt/airflow/dags/cleaning/hour_clean.py
[2025-09-15T10:17:36.104+0000] {processor.py:842} WARNING - No viable dags retrieved from /opt/airflow/dags/cleaning/hour_clean.py
[2025-09-15T10:17:36.121+0000] {processor.py:183} INFO - Processing /opt/airflow/dags/cleaning/hour_clean.py took 0.038 seconds
[2025-09-15T10:18:06.900+0000] {processor.py:161} INFO - Started process (PID=4468) to work on /opt/airflow/dags/cleaning/hour_clean.py
[2025-09-15T10:18:06.901+0000] {processor.py:830} INFO - Processing file /opt/airflow/dags/cleaning/hour_clean.py for tasks to queue
[2025-09-15T10:18:06.903+0000] {logging_mixin.py:188} INFO - [2025-09-15T10:18:06.902+0000] {dagbag.py:540} INFO - Filling up the DagBag from /opt/airflow/dags/cleaning/hour_clean.py
[2025-09-15T10:18:06.915+0000] {processor.py:842} WARNING - No viable dags retrieved from /opt/airflow/dags/cleaning/hour_clean.py
[2025-09-15T10:18:06.932+0000] {processor.py:183} INFO - Processing /opt/airflow/dags/cleaning/hour_clean.py took 0.041 seconds
[2025-09-15T10:18:37.152+0000] {processor.py:161} INFO - Started process (PID=4503) to work on /opt/airflow/dags/cleaning/hour_clean.py
[2025-09-15T10:18:37.153+0000] {processor.py:830} INFO - Processing file /opt/airflow/dags/cleaning/hour_clean.py for tasks to queue
[2025-09-15T10:18:37.154+0000] {logging_mixin.py:188} INFO - [2025-09-15T10:18:37.154+0000] {dagbag.py:540} INFO - Filling up the DagBag from /opt/airflow/dags/cleaning/hour_clean.py
[2025-09-15T10:18:37.166+0000] {processor.py:842} WARNING - No viable dags retrieved from /opt/airflow/dags/cleaning/hour_clean.py
[2025-09-15T10:18:37.183+0000] {processor.py:183} INFO - Processing /opt/airflow/dags/cleaning/hour_clean.py took 0.039 seconds
[2025-09-15T10:19:07.845+0000] {processor.py:161} INFO - Started process (PID=4538) to work on /opt/airflow/dags/cleaning/hour_clean.py
[2025-09-15T10:19:07.846+0000] {processor.py:830} INFO - Processing file /opt/airflow/dags/cleaning/hour_clean.py for tasks to queue
[2025-09-15T10:19:07.848+0000] {logging_mixin.py:188} INFO - [2025-09-15T10:19:07.847+0000] {dagbag.py:540} INFO - Filling up the DagBag from /opt/airflow/dags/cleaning/hour_clean.py
[2025-09-15T10:19:07.863+0000] {processor.py:842} WARNING - No viable dags retrieved from /opt/airflow/dags/cleaning/hour_clean.py
[2025-09-15T10:19:07.886+0000] {processor.py:183} INFO - Processing /opt/airflow/dags/cleaning/hour_clean.py took 0.047 seconds
[2025-09-15T10:19:38.334+0000] {processor.py:161} INFO - Started process (PID=4573) to work on /opt/airflow/dags/cleaning/hour_clean.py
[2025-09-15T10:19:38.336+0000] {processor.py:830} INFO - Processing file /opt/airflow/dags/cleaning/hour_clean.py for tasks to queue
[2025-09-15T10:19:38.337+0000] {logging_mixin.py:188} INFO - [2025-09-15T10:19:38.336+0000] {dagbag.py:540} INFO - Filling up the DagBag from /opt/airflow/dags/cleaning/hour_clean.py
[2025-09-15T10:19:38.350+0000] {processor.py:842} WARNING - No viable dags retrieved from /opt/airflow/dags/cleaning/hour_clean.py
[2025-09-15T10:19:38.367+0000] {processor.py:183} INFO - Processing /opt/airflow/dags/cleaning/hour_clean.py took 0.039 seconds
[2025-09-15T10:20:08.732+0000] {processor.py:161} INFO - Started process (PID=4608) to work on /opt/airflow/dags/cleaning/hour_clean.py
[2025-09-15T10:20:08.734+0000] {processor.py:830} INFO - Processing file /opt/airflow/dags/cleaning/hour_clean.py for tasks to queue
[2025-09-15T10:20:08.735+0000] {logging_mixin.py:188} INFO - [2025-09-15T10:20:08.734+0000] {dagbag.py:540} INFO - Filling up the DagBag from /opt/airflow/dags/cleaning/hour_clean.py
[2025-09-15T10:20:08.751+0000] {processor.py:842} WARNING - No viable dags retrieved from /opt/airflow/dags/cleaning/hour_clean.py
[2025-09-15T10:20:08.771+0000] {processor.py:183} INFO - Processing /opt/airflow/dags/cleaning/hour_clean.py took 0.049 seconds
[2025-09-15T10:20:39.398+0000] {processor.py:161} INFO - Started process (PID=4643) to work on /opt/airflow/dags/cleaning/hour_clean.py
[2025-09-15T10:20:39.400+0000] {processor.py:830} INFO - Processing file /opt/airflow/dags/cleaning/hour_clean.py for tasks to queue
[2025-09-15T10:20:39.401+0000] {logging_mixin.py:188} INFO - [2025-09-15T10:20:39.401+0000] {dagbag.py:540} INFO - Filling up the DagBag from /opt/airflow/dags/cleaning/hour_clean.py
[2025-09-15T10:20:39.416+0000] {processor.py:842} WARNING - No viable dags retrieved from /opt/airflow/dags/cleaning/hour_clean.py
[2025-09-15T10:20:39.434+0000] {processor.py:183} INFO - Processing /opt/airflow/dags/cleaning/hour_clean.py took 0.044 seconds
[2025-09-15T10:21:10.237+0000] {processor.py:161} INFO - Started process (PID=4678) to work on /opt/airflow/dags/cleaning/hour_clean.py
[2025-09-15T10:21:10.238+0000] {processor.py:830} INFO - Processing file /opt/airflow/dags/cleaning/hour_clean.py for tasks to queue
[2025-09-15T10:21:10.240+0000] {logging_mixin.py:188} INFO - [2025-09-15T10:21:10.239+0000] {dagbag.py:540} INFO - Filling up the DagBag from /opt/airflow/dags/cleaning/hour_clean.py
[2025-09-15T10:21:10.262+0000] {processor.py:842} WARNING - No viable dags retrieved from /opt/airflow/dags/cleaning/hour_clean.py
[2025-09-15T10:21:10.283+0000] {processor.py:183} INFO - Processing /opt/airflow/dags/cleaning/hour_clean.py took 0.060 seconds
[2025-09-15T10:21:40.879+0000] {processor.py:161} INFO - Started process (PID=4713) to work on /opt/airflow/dags/cleaning/hour_clean.py
[2025-09-15T10:21:40.881+0000] {processor.py:830} INFO - Processing file /opt/airflow/dags/cleaning/hour_clean.py for tasks to queue
[2025-09-15T10:21:40.882+0000] {logging_mixin.py:188} INFO - [2025-09-15T10:21:40.881+0000] {dagbag.py:540} INFO - Filling up the DagBag from /opt/airflow/dags/cleaning/hour_clean.py
[2025-09-15T10:21:40.894+0000] {processor.py:842} WARNING - No viable dags retrieved from /opt/airflow/dags/cleaning/hour_clean.py
[2025-09-15T10:21:40.909+0000] {processor.py:183} INFO - Processing /opt/airflow/dags/cleaning/hour_clean.py took 0.035 seconds
[2025-09-15T10:22:11.381+0000] {processor.py:161} INFO - Started process (PID=4748) to work on /opt/airflow/dags/cleaning/hour_clean.py
[2025-09-15T10:22:11.383+0000] {processor.py:830} INFO - Processing file /opt/airflow/dags/cleaning/hour_clean.py for tasks to queue
[2025-09-15T10:22:11.384+0000] {logging_mixin.py:188} INFO - [2025-09-15T10:22:11.383+0000] {dagbag.py:540} INFO - Filling up the DagBag from /opt/airflow/dags/cleaning/hour_clean.py
[2025-09-15T10:22:11.397+0000] {processor.py:842} WARNING - No viable dags retrieved from /opt/airflow/dags/cleaning/hour_clean.py
[2025-09-15T10:22:11.413+0000] {processor.py:183} INFO - Processing /opt/airflow/dags/cleaning/hour_clean.py took 0.038 seconds
[2025-09-15T10:22:42.397+0000] {processor.py:161} INFO - Started process (PID=4783) to work on /opt/airflow/dags/cleaning/hour_clean.py
[2025-09-15T10:22:42.398+0000] {processor.py:830} INFO - Processing file /opt/airflow/dags/cleaning/hour_clean.py for tasks to queue
[2025-09-15T10:22:42.399+0000] {logging_mixin.py:188} INFO - [2025-09-15T10:22:42.399+0000] {dagbag.py:540} INFO - Filling up the DagBag from /opt/airflow/dags/cleaning/hour_clean.py
[2025-09-15T10:22:42.410+0000] {processor.py:842} WARNING - No viable dags retrieved from /opt/airflow/dags/cleaning/hour_clean.py
[2025-09-15T10:22:42.424+0000] {processor.py:183} INFO - Processing /opt/airflow/dags/cleaning/hour_clean.py took 0.032 seconds
[2025-09-15T10:23:12.964+0000] {processor.py:161} INFO - Started process (PID=4818) to work on /opt/airflow/dags/cleaning/hour_clean.py
[2025-09-15T10:23:12.965+0000] {processor.py:830} INFO - Processing file /opt/airflow/dags/cleaning/hour_clean.py for tasks to queue
[2025-09-15T10:23:12.966+0000] {logging_mixin.py:188} INFO - [2025-09-15T10:23:12.966+0000] {dagbag.py:540} INFO - Filling up the DagBag from /opt/airflow/dags/cleaning/hour_clean.py
[2025-09-15T10:23:12.980+0000] {processor.py:842} WARNING - No viable dags retrieved from /opt/airflow/dags/cleaning/hour_clean.py
[2025-09-15T10:23:12.997+0000] {processor.py:183} INFO - Processing /opt/airflow/dags/cleaning/hour_clean.py took 0.038 seconds
[2025-09-15T10:23:43.608+0000] {processor.py:161} INFO - Started process (PID=4853) to work on /opt/airflow/dags/cleaning/hour_clean.py
[2025-09-15T10:23:43.609+0000] {processor.py:830} INFO - Processing file /opt/airflow/dags/cleaning/hour_clean.py for tasks to queue
[2025-09-15T10:23:43.610+0000] {logging_mixin.py:188} INFO - [2025-09-15T10:23:43.610+0000] {dagbag.py:540} INFO - Filling up the DagBag from /opt/airflow/dags/cleaning/hour_clean.py
[2025-09-15T10:23:43.622+0000] {processor.py:842} WARNING - No viable dags retrieved from /opt/airflow/dags/cleaning/hour_clean.py
[2025-09-15T10:23:43.637+0000] {processor.py:183} INFO - Processing /opt/airflow/dags/cleaning/hour_clean.py took 0.034 seconds
[2025-09-15T10:24:14.220+0000] {processor.py:161} INFO - Started process (PID=4888) to work on /opt/airflow/dags/cleaning/hour_clean.py
[2025-09-15T10:24:14.221+0000] {processor.py:830} INFO - Processing file /opt/airflow/dags/cleaning/hour_clean.py for tasks to queue
[2025-09-15T10:24:14.222+0000] {logging_mixin.py:188} INFO - [2025-09-15T10:24:14.221+0000] {dagbag.py:540} INFO - Filling up the DagBag from /opt/airflow/dags/cleaning/hour_clean.py
[2025-09-15T10:24:14.233+0000] {processor.py:842} WARNING - No viable dags retrieved from /opt/airflow/dags/cleaning/hour_clean.py
[2025-09-15T10:24:14.247+0000] {processor.py:183} INFO - Processing /opt/airflow/dags/cleaning/hour_clean.py took 0.033 seconds
[2025-09-15T10:24:44.662+0000] {processor.py:161} INFO - Started process (PID=4923) to work on /opt/airflow/dags/cleaning/hour_clean.py
[2025-09-15T10:24:44.665+0000] {processor.py:830} INFO - Processing file /opt/airflow/dags/cleaning/hour_clean.py for tasks to queue
[2025-09-15T10:24:44.665+0000] {logging_mixin.py:188} INFO - [2025-09-15T10:24:44.665+0000] {dagbag.py:540} INFO - Filling up the DagBag from /opt/airflow/dags/cleaning/hour_clean.py
[2025-09-15T10:24:44.678+0000] {processor.py:842} WARNING - No viable dags retrieved from /opt/airflow/dags/cleaning/hour_clean.py
[2025-09-15T10:24:44.693+0000] {processor.py:183} INFO - Processing /opt/airflow/dags/cleaning/hour_clean.py took 0.037 seconds
[2025-09-15T10:25:15.093+0000] {processor.py:161} INFO - Started process (PID=4958) to work on /opt/airflow/dags/cleaning/hour_clean.py
[2025-09-15T10:25:15.094+0000] {processor.py:830} INFO - Processing file /opt/airflow/dags/cleaning/hour_clean.py for tasks to queue
[2025-09-15T10:25:15.095+0000] {logging_mixin.py:188} INFO - [2025-09-15T10:25:15.095+0000] {dagbag.py:540} INFO - Filling up the DagBag from /opt/airflow/dags/cleaning/hour_clean.py
[2025-09-15T10:25:15.107+0000] {processor.py:842} WARNING - No viable dags retrieved from /opt/airflow/dags/cleaning/hour_clean.py
[2025-09-15T10:25:15.122+0000] {processor.py:183} INFO - Processing /opt/airflow/dags/cleaning/hour_clean.py took 0.035 seconds
[2025-09-15T10:25:45.682+0000] {processor.py:161} INFO - Started process (PID=4993) to work on /opt/airflow/dags/cleaning/hour_clean.py
[2025-09-15T10:25:45.683+0000] {processor.py:830} INFO - Processing file /opt/airflow/dags/cleaning/hour_clean.py for tasks to queue
[2025-09-15T10:25:45.684+0000] {logging_mixin.py:188} INFO - [2025-09-15T10:25:45.684+0000] {dagbag.py:540} INFO - Filling up the DagBag from /opt/airflow/dags/cleaning/hour_clean.py
[2025-09-15T10:25:45.696+0000] {processor.py:842} WARNING - No viable dags retrieved from /opt/airflow/dags/cleaning/hour_clean.py
[2025-09-15T10:25:45.713+0000] {processor.py:183} INFO - Processing /opt/airflow/dags/cleaning/hour_clean.py took 0.037 seconds
[2025-09-15T10:26:15.805+0000] {processor.py:161} INFO - Started process (PID=5028) to work on /opt/airflow/dags/cleaning/hour_clean.py
[2025-09-15T10:26:15.806+0000] {processor.py:830} INFO - Processing file /opt/airflow/dags/cleaning/hour_clean.py for tasks to queue
[2025-09-15T10:26:15.807+0000] {logging_mixin.py:188} INFO - [2025-09-15T10:26:15.807+0000] {dagbag.py:540} INFO - Filling up the DagBag from /opt/airflow/dags/cleaning/hour_clean.py
[2025-09-15T10:26:15.824+0000] {processor.py:842} WARNING - No viable dags retrieved from /opt/airflow/dags/cleaning/hour_clean.py
[2025-09-15T10:26:15.845+0000] {processor.py:183} INFO - Processing /opt/airflow/dags/cleaning/hour_clean.py took 0.047 seconds
[2025-09-15T10:26:46.325+0000] {processor.py:161} INFO - Started process (PID=5063) to work on /opt/airflow/dags/cleaning/hour_clean.py
[2025-09-15T10:26:46.327+0000] {processor.py:830} INFO - Processing file /opt/airflow/dags/cleaning/hour_clean.py for tasks to queue
[2025-09-15T10:26:46.328+0000] {logging_mixin.py:188} INFO - [2025-09-15T10:26:46.327+0000] {dagbag.py:540} INFO - Filling up the DagBag from /opt/airflow/dags/cleaning/hour_clean.py
[2025-09-15T10:26:46.343+0000] {processor.py:842} WARNING - No viable dags retrieved from /opt/airflow/dags/cleaning/hour_clean.py
[2025-09-15T10:26:46.364+0000] {processor.py:183} INFO - Processing /opt/airflow/dags/cleaning/hour_clean.py took 0.047 seconds
[2025-09-15T10:27:17.003+0000] {processor.py:161} INFO - Started process (PID=5098) to work on /opt/airflow/dags/cleaning/hour_clean.py
[2025-09-15T10:27:17.004+0000] {processor.py:830} INFO - Processing file /opt/airflow/dags/cleaning/hour_clean.py for tasks to queue
[2025-09-15T10:27:17.005+0000] {logging_mixin.py:188} INFO - [2025-09-15T10:27:17.005+0000] {dagbag.py:540} INFO - Filling up the DagBag from /opt/airflow/dags/cleaning/hour_clean.py
[2025-09-15T10:27:17.019+0000] {processor.py:842} WARNING - No viable dags retrieved from /opt/airflow/dags/cleaning/hour_clean.py
[2025-09-15T10:27:17.036+0000] {processor.py:183} INFO - Processing /opt/airflow/dags/cleaning/hour_clean.py took 0.043 seconds
[2025-09-15T10:27:47.668+0000] {processor.py:161} INFO - Started process (PID=5133) to work on /opt/airflow/dags/cleaning/hour_clean.py
[2025-09-15T10:27:47.670+0000] {processor.py:830} INFO - Processing file /opt/airflow/dags/cleaning/hour_clean.py for tasks to queue
[2025-09-15T10:27:47.671+0000] {logging_mixin.py:188} INFO - [2025-09-15T10:27:47.671+0000] {dagbag.py:540} INFO - Filling up the DagBag from /opt/airflow/dags/cleaning/hour_clean.py
[2025-09-15T10:27:47.686+0000] {processor.py:842} WARNING - No viable dags retrieved from /opt/airflow/dags/cleaning/hour_clean.py
[2025-09-15T10:27:47.704+0000] {processor.py:183} INFO - Processing /opt/airflow/dags/cleaning/hour_clean.py took 0.042 seconds
[2025-09-15T10:28:17.940+0000] {processor.py:161} INFO - Started process (PID=5168) to work on /opt/airflow/dags/cleaning/hour_clean.py
[2025-09-15T10:28:17.942+0000] {processor.py:830} INFO - Processing file /opt/airflow/dags/cleaning/hour_clean.py for tasks to queue
[2025-09-15T10:28:17.943+0000] {logging_mixin.py:188} INFO - [2025-09-15T10:28:17.943+0000] {dagbag.py:540} INFO - Filling up the DagBag from /opt/airflow/dags/cleaning/hour_clean.py
[2025-09-15T10:28:17.956+0000] {processor.py:842} WARNING - No viable dags retrieved from /opt/airflow/dags/cleaning/hour_clean.py
[2025-09-15T10:28:17.975+0000] {processor.py:183} INFO - Processing /opt/airflow/dags/cleaning/hour_clean.py took 0.041 seconds
[2025-09-15T10:28:48.646+0000] {processor.py:161} INFO - Started process (PID=5203) to work on /opt/airflow/dags/cleaning/hour_clean.py
[2025-09-15T10:28:48.647+0000] {processor.py:830} INFO - Processing file /opt/airflow/dags/cleaning/hour_clean.py for tasks to queue
[2025-09-15T10:28:48.648+0000] {logging_mixin.py:188} INFO - [2025-09-15T10:28:48.648+0000] {dagbag.py:540} INFO - Filling up the DagBag from /opt/airflow/dags/cleaning/hour_clean.py
[2025-09-15T10:28:48.660+0000] {processor.py:842} WARNING - No viable dags retrieved from /opt/airflow/dags/cleaning/hour_clean.py
[2025-09-15T10:28:48.678+0000] {processor.py:183} INFO - Processing /opt/airflow/dags/cleaning/hour_clean.py took 0.038 seconds
[2025-09-15T10:29:19.302+0000] {processor.py:161} INFO - Started process (PID=5238) to work on /opt/airflow/dags/cleaning/hour_clean.py
[2025-09-15T10:29:19.305+0000] {processor.py:830} INFO - Processing file /opt/airflow/dags/cleaning/hour_clean.py for tasks to queue
[2025-09-15T10:29:19.306+0000] {logging_mixin.py:188} INFO - [2025-09-15T10:29:19.305+0000] {dagbag.py:540} INFO - Filling up the DagBag from /opt/airflow/dags/cleaning/hour_clean.py
[2025-09-15T10:29:19.323+0000] {processor.py:842} WARNING - No viable dags retrieved from /opt/airflow/dags/cleaning/hour_clean.py
[2025-09-15T10:29:19.339+0000] {processor.py:183} INFO - Processing /opt/airflow/dags/cleaning/hour_clean.py took 0.043 seconds
[2025-09-15T10:29:50.017+0000] {processor.py:161} INFO - Started process (PID=5273) to work on /opt/airflow/dags/cleaning/hour_clean.py
[2025-09-15T10:29:50.019+0000] {processor.py:830} INFO - Processing file /opt/airflow/dags/cleaning/hour_clean.py for tasks to queue
[2025-09-15T10:29:50.019+0000] {logging_mixin.py:188} INFO - [2025-09-15T10:29:50.019+0000] {dagbag.py:540} INFO - Filling up the DagBag from /opt/airflow/dags/cleaning/hour_clean.py
[2025-09-15T10:29:50.032+0000] {processor.py:842} WARNING - No viable dags retrieved from /opt/airflow/dags/cleaning/hour_clean.py
[2025-09-15T10:29:50.048+0000] {processor.py:183} INFO - Processing /opt/airflow/dags/cleaning/hour_clean.py took 0.035 seconds
[2025-09-15T10:30:20.441+0000] {processor.py:161} INFO - Started process (PID=5308) to work on /opt/airflow/dags/cleaning/hour_clean.py
[2025-09-15T10:30:20.441+0000] {processor.py:830} INFO - Processing file /opt/airflow/dags/cleaning/hour_clean.py for tasks to queue
[2025-09-15T10:30:20.442+0000] {logging_mixin.py:188} INFO - [2025-09-15T10:30:20.442+0000] {dagbag.py:540} INFO - Filling up the DagBag from /opt/airflow/dags/cleaning/hour_clean.py
[2025-09-15T10:30:20.457+0000] {processor.py:842} WARNING - No viable dags retrieved from /opt/airflow/dags/cleaning/hour_clean.py
[2025-09-15T10:30:20.474+0000] {processor.py:183} INFO - Processing /opt/airflow/dags/cleaning/hour_clean.py took 0.040 seconds
[2025-09-15T10:30:51.208+0000] {processor.py:161} INFO - Started process (PID=5343) to work on /opt/airflow/dags/cleaning/hour_clean.py
[2025-09-15T10:30:51.211+0000] {processor.py:830} INFO - Processing file /opt/airflow/dags/cleaning/hour_clean.py for tasks to queue
[2025-09-15T10:30:51.212+0000] {logging_mixin.py:188} INFO - [2025-09-15T10:30:51.211+0000] {dagbag.py:540} INFO - Filling up the DagBag from /opt/airflow/dags/cleaning/hour_clean.py
[2025-09-15T10:30:51.228+0000] {processor.py:842} WARNING - No viable dags retrieved from /opt/airflow/dags/cleaning/hour_clean.py
[2025-09-15T10:30:51.249+0000] {processor.py:183} INFO - Processing /opt/airflow/dags/cleaning/hour_clean.py took 0.049 seconds
[2025-09-15T10:31:21.946+0000] {processor.py:161} INFO - Started process (PID=5378) to work on /opt/airflow/dags/cleaning/hour_clean.py
[2025-09-15T10:31:21.947+0000] {processor.py:830} INFO - Processing file /opt/airflow/dags/cleaning/hour_clean.py for tasks to queue
[2025-09-15T10:31:21.949+0000] {logging_mixin.py:188} INFO - [2025-09-15T10:31:21.948+0000] {dagbag.py:540} INFO - Filling up the DagBag from /opt/airflow/dags/cleaning/hour_clean.py
[2025-09-15T10:31:21.964+0000] {processor.py:842} WARNING - No viable dags retrieved from /opt/airflow/dags/cleaning/hour_clean.py
[2025-09-15T10:31:21.979+0000] {processor.py:183} INFO - Processing /opt/airflow/dags/cleaning/hour_clean.py took 0.041 seconds
[2025-09-15T10:31:52.906+0000] {processor.py:161} INFO - Started process (PID=5413) to work on /opt/airflow/dags/cleaning/hour_clean.py
[2025-09-15T10:31:52.907+0000] {processor.py:830} INFO - Processing file /opt/airflow/dags/cleaning/hour_clean.py for tasks to queue
[2025-09-15T10:31:52.908+0000] {logging_mixin.py:188} INFO - [2025-09-15T10:31:52.908+0000] {dagbag.py:540} INFO - Filling up the DagBag from /opt/airflow/dags/cleaning/hour_clean.py
[2025-09-15T10:31:52.923+0000] {processor.py:842} WARNING - No viable dags retrieved from /opt/airflow/dags/cleaning/hour_clean.py
[2025-09-15T10:31:52.939+0000] {processor.py:183} INFO - Processing /opt/airflow/dags/cleaning/hour_clean.py took 0.040 seconds
[2025-09-15T10:32:23.833+0000] {processor.py:161} INFO - Started process (PID=5448) to work on /opt/airflow/dags/cleaning/hour_clean.py
[2025-09-15T10:32:23.834+0000] {processor.py:830} INFO - Processing file /opt/airflow/dags/cleaning/hour_clean.py for tasks to queue
[2025-09-15T10:32:23.835+0000] {logging_mixin.py:188} INFO - [2025-09-15T10:32:23.835+0000] {dagbag.py:540} INFO - Filling up the DagBag from /opt/airflow/dags/cleaning/hour_clean.py
[2025-09-15T10:32:23.853+0000] {processor.py:842} WARNING - No viable dags retrieved from /opt/airflow/dags/cleaning/hour_clean.py
[2025-09-15T10:32:23.873+0000] {processor.py:183} INFO - Processing /opt/airflow/dags/cleaning/hour_clean.py took 0.046 seconds
[2025-09-15T10:32:53.992+0000] {processor.py:161} INFO - Started process (PID=5483) to work on /opt/airflow/dags/cleaning/hour_clean.py
[2025-09-15T10:32:53.994+0000] {processor.py:830} INFO - Processing file /opt/airflow/dags/cleaning/hour_clean.py for tasks to queue
[2025-09-15T10:32:53.995+0000] {logging_mixin.py:188} INFO - [2025-09-15T10:32:53.995+0000] {dagbag.py:540} INFO - Filling up the DagBag from /opt/airflow/dags/cleaning/hour_clean.py
[2025-09-15T10:32:54.008+0000] {processor.py:842} WARNING - No viable dags retrieved from /opt/airflow/dags/cleaning/hour_clean.py
[2025-09-15T10:32:54.025+0000] {processor.py:183} INFO - Processing /opt/airflow/dags/cleaning/hour_clean.py took 0.039 seconds
[2025-09-15T10:33:24.447+0000] {processor.py:161} INFO - Started process (PID=5518) to work on /opt/airflow/dags/cleaning/hour_clean.py
[2025-09-15T10:33:24.448+0000] {processor.py:830} INFO - Processing file /opt/airflow/dags/cleaning/hour_clean.py for tasks to queue
[2025-09-15T10:33:24.449+0000] {logging_mixin.py:188} INFO - [2025-09-15T10:33:24.449+0000] {dagbag.py:540} INFO - Filling up the DagBag from /opt/airflow/dags/cleaning/hour_clean.py
[2025-09-15T10:33:24.461+0000] {processor.py:842} WARNING - No viable dags retrieved from /opt/airflow/dags/cleaning/hour_clean.py
[2025-09-15T10:33:24.476+0000] {processor.py:183} INFO - Processing /opt/airflow/dags/cleaning/hour_clean.py took 0.035 seconds
[2025-09-15T10:33:54.728+0000] {processor.py:161} INFO - Started process (PID=5553) to work on /opt/airflow/dags/cleaning/hour_clean.py
[2025-09-15T10:33:54.729+0000] {processor.py:830} INFO - Processing file /opt/airflow/dags/cleaning/hour_clean.py for tasks to queue
[2025-09-15T10:33:54.730+0000] {logging_mixin.py:188} INFO - [2025-09-15T10:33:54.730+0000] {dagbag.py:540} INFO - Filling up the DagBag from /opt/airflow/dags/cleaning/hour_clean.py
[2025-09-15T10:33:54.741+0000] {processor.py:842} WARNING - No viable dags retrieved from /opt/airflow/dags/cleaning/hour_clean.py
[2025-09-15T10:33:54.758+0000] {processor.py:183} INFO - Processing /opt/airflow/dags/cleaning/hour_clean.py took 0.037 seconds
[2025-09-15T10:34:25.787+0000] {processor.py:161} INFO - Started process (PID=5588) to work on /opt/airflow/dags/cleaning/hour_clean.py
[2025-09-15T10:34:25.789+0000] {processor.py:830} INFO - Processing file /opt/airflow/dags/cleaning/hour_clean.py for tasks to queue
[2025-09-15T10:34:25.790+0000] {logging_mixin.py:188} INFO - [2025-09-15T10:34:25.789+0000] {dagbag.py:540} INFO - Filling up the DagBag from /opt/airflow/dags/cleaning/hour_clean.py
[2025-09-15T10:34:25.802+0000] {processor.py:842} WARNING - No viable dags retrieved from /opt/airflow/dags/cleaning/hour_clean.py
[2025-09-15T10:34:25.820+0000] {processor.py:183} INFO - Processing /opt/airflow/dags/cleaning/hour_clean.py took 0.038 seconds
[2025-09-15T10:34:56.525+0000] {processor.py:161} INFO - Started process (PID=5623) to work on /opt/airflow/dags/cleaning/hour_clean.py
[2025-09-15T10:34:56.526+0000] {processor.py:830} INFO - Processing file /opt/airflow/dags/cleaning/hour_clean.py for tasks to queue
[2025-09-15T10:34:56.527+0000] {logging_mixin.py:188} INFO - [2025-09-15T10:34:56.527+0000] {dagbag.py:540} INFO - Filling up the DagBag from /opt/airflow/dags/cleaning/hour_clean.py
[2025-09-15T10:34:56.539+0000] {processor.py:842} WARNING - No viable dags retrieved from /opt/airflow/dags/cleaning/hour_clean.py
[2025-09-15T10:34:56.557+0000] {processor.py:183} INFO - Processing /opt/airflow/dags/cleaning/hour_clean.py took 0.038 seconds
[2025-09-15T10:35:27.248+0000] {processor.py:161} INFO - Started process (PID=5658) to work on /opt/airflow/dags/cleaning/hour_clean.py
[2025-09-15T10:35:27.249+0000] {processor.py:830} INFO - Processing file /opt/airflow/dags/cleaning/hour_clean.py for tasks to queue
[2025-09-15T10:35:27.250+0000] {logging_mixin.py:188} INFO - [2025-09-15T10:35:27.250+0000] {dagbag.py:540} INFO - Filling up the DagBag from /opt/airflow/dags/cleaning/hour_clean.py
[2025-09-15T10:35:27.265+0000] {processor.py:842} WARNING - No viable dags retrieved from /opt/airflow/dags/cleaning/hour_clean.py
[2025-09-15T10:35:27.280+0000] {processor.py:183} INFO - Processing /opt/airflow/dags/cleaning/hour_clean.py took 0.038 seconds
[2025-09-15T10:35:58.009+0000] {processor.py:161} INFO - Started process (PID=5693) to work on /opt/airflow/dags/cleaning/hour_clean.py
[2025-09-15T10:35:58.010+0000] {processor.py:830} INFO - Processing file /opt/airflow/dags/cleaning/hour_clean.py for tasks to queue
[2025-09-15T10:35:58.011+0000] {logging_mixin.py:188} INFO - [2025-09-15T10:35:58.011+0000] {dagbag.py:540} INFO - Filling up the DagBag from /opt/airflow/dags/cleaning/hour_clean.py
[2025-09-15T10:35:58.023+0000] {processor.py:842} WARNING - No viable dags retrieved from /opt/airflow/dags/cleaning/hour_clean.py
[2025-09-15T10:35:58.039+0000] {processor.py:183} INFO - Processing /opt/airflow/dags/cleaning/hour_clean.py took 0.036 seconds
[2025-09-15T10:36:28.477+0000] {processor.py:161} INFO - Started process (PID=5728) to work on /opt/airflow/dags/cleaning/hour_clean.py
[2025-09-15T10:36:28.478+0000] {processor.py:830} INFO - Processing file /opt/airflow/dags/cleaning/hour_clean.py for tasks to queue
[2025-09-15T10:36:28.479+0000] {logging_mixin.py:188} INFO - [2025-09-15T10:36:28.479+0000] {dagbag.py:540} INFO - Filling up the DagBag from /opt/airflow/dags/cleaning/hour_clean.py
[2025-09-15T10:36:28.491+0000] {processor.py:842} WARNING - No viable dags retrieved from /opt/airflow/dags/cleaning/hour_clean.py
[2025-09-15T10:36:28.506+0000] {processor.py:183} INFO - Processing /opt/airflow/dags/cleaning/hour_clean.py took 0.036 seconds
[2025-09-15T10:36:58.591+0000] {processor.py:161} INFO - Started process (PID=5763) to work on /opt/airflow/dags/cleaning/hour_clean.py
[2025-09-15T10:36:58.592+0000] {processor.py:830} INFO - Processing file /opt/airflow/dags/cleaning/hour_clean.py for tasks to queue
[2025-09-15T10:36:58.593+0000] {logging_mixin.py:188} INFO - [2025-09-15T10:36:58.593+0000] {dagbag.py:540} INFO - Filling up the DagBag from /opt/airflow/dags/cleaning/hour_clean.py
[2025-09-15T10:36:58.609+0000] {processor.py:842} WARNING - No viable dags retrieved from /opt/airflow/dags/cleaning/hour_clean.py
[2025-09-15T10:36:58.629+0000] {processor.py:183} INFO - Processing /opt/airflow/dags/cleaning/hour_clean.py took 0.045 seconds
[2025-09-15T10:37:29.224+0000] {processor.py:161} INFO - Started process (PID=5798) to work on /opt/airflow/dags/cleaning/hour_clean.py
[2025-09-15T10:37:29.226+0000] {processor.py:830} INFO - Processing file /opt/airflow/dags/cleaning/hour_clean.py for tasks to queue
[2025-09-15T10:37:29.227+0000] {logging_mixin.py:188} INFO - [2025-09-15T10:37:29.226+0000] {dagbag.py:540} INFO - Filling up the DagBag from /opt/airflow/dags/cleaning/hour_clean.py
[2025-09-15T10:37:29.241+0000] {processor.py:842} WARNING - No viable dags retrieved from /opt/airflow/dags/cleaning/hour_clean.py
[2025-09-15T10:37:29.259+0000] {processor.py:183} INFO - Processing /opt/airflow/dags/cleaning/hour_clean.py took 0.040 seconds
[2025-09-15T10:37:59.814+0000] {processor.py:161} INFO - Started process (PID=5833) to work on /opt/airflow/dags/cleaning/hour_clean.py
[2025-09-15T10:37:59.815+0000] {processor.py:830} INFO - Processing file /opt/airflow/dags/cleaning/hour_clean.py for tasks to queue
[2025-09-15T10:37:59.816+0000] {logging_mixin.py:188} INFO - [2025-09-15T10:37:59.816+0000] {dagbag.py:540} INFO - Filling up the DagBag from /opt/airflow/dags/cleaning/hour_clean.py
[2025-09-15T10:37:59.827+0000] {processor.py:842} WARNING - No viable dags retrieved from /opt/airflow/dags/cleaning/hour_clean.py
[2025-09-15T10:37:59.843+0000] {processor.py:183} INFO - Processing /opt/airflow/dags/cleaning/hour_clean.py took 0.035 seconds
[2025-09-15T10:38:30.338+0000] {processor.py:161} INFO - Started process (PID=5868) to work on /opt/airflow/dags/cleaning/hour_clean.py
[2025-09-15T10:38:30.339+0000] {processor.py:830} INFO - Processing file /opt/airflow/dags/cleaning/hour_clean.py for tasks to queue
[2025-09-15T10:38:30.340+0000] {logging_mixin.py:188} INFO - [2025-09-15T10:38:30.340+0000] {dagbag.py:540} INFO - Filling up the DagBag from /opt/airflow/dags/cleaning/hour_clean.py
[2025-09-15T10:38:30.351+0000] {processor.py:842} WARNING - No viable dags retrieved from /opt/airflow/dags/cleaning/hour_clean.py
[2025-09-15T10:38:30.369+0000] {processor.py:183} INFO - Processing /opt/airflow/dags/cleaning/hour_clean.py took 0.037 seconds
[2025-09-15T10:39:00.497+0000] {processor.py:161} INFO - Started process (PID=5903) to work on /opt/airflow/dags/cleaning/hour_clean.py
[2025-09-15T10:39:00.499+0000] {processor.py:830} INFO - Processing file /opt/airflow/dags/cleaning/hour_clean.py for tasks to queue
[2025-09-15T10:39:00.500+0000] {logging_mixin.py:188} INFO - [2025-09-15T10:39:00.500+0000] {dagbag.py:540} INFO - Filling up the DagBag from /opt/airflow/dags/cleaning/hour_clean.py
[2025-09-15T10:39:00.517+0000] {processor.py:842} WARNING - No viable dags retrieved from /opt/airflow/dags/cleaning/hour_clean.py
[2025-09-15T10:39:00.541+0000] {processor.py:183} INFO - Processing /opt/airflow/dags/cleaning/hour_clean.py took 0.054 seconds
[2025-09-15T10:39:31.076+0000] {processor.py:161} INFO - Started process (PID=5938) to work on /opt/airflow/dags/cleaning/hour_clean.py
[2025-09-15T10:39:31.077+0000] {processor.py:830} INFO - Processing file /opt/airflow/dags/cleaning/hour_clean.py for tasks to queue
[2025-09-15T10:39:31.078+0000] {logging_mixin.py:188} INFO - [2025-09-15T10:39:31.077+0000] {dagbag.py:540} INFO - Filling up the DagBag from /opt/airflow/dags/cleaning/hour_clean.py
[2025-09-15T10:39:31.090+0000] {processor.py:842} WARNING - No viable dags retrieved from /opt/airflow/dags/cleaning/hour_clean.py
[2025-09-15T10:39:31.108+0000] {processor.py:183} INFO - Processing /opt/airflow/dags/cleaning/hour_clean.py took 0.038 seconds
[2025-09-15T10:40:01.849+0000] {processor.py:161} INFO - Started process (PID=5973) to work on /opt/airflow/dags/cleaning/hour_clean.py
[2025-09-15T10:40:01.850+0000] {processor.py:830} INFO - Processing file /opt/airflow/dags/cleaning/hour_clean.py for tasks to queue
[2025-09-15T10:40:01.851+0000] {logging_mixin.py:188} INFO - [2025-09-15T10:40:01.850+0000] {dagbag.py:540} INFO - Filling up the DagBag from /opt/airflow/dags/cleaning/hour_clean.py
[2025-09-15T10:40:01.868+0000] {processor.py:842} WARNING - No viable dags retrieved from /opt/airflow/dags/cleaning/hour_clean.py
[2025-09-15T10:40:01.885+0000] {processor.py:183} INFO - Processing /opt/airflow/dags/cleaning/hour_clean.py took 0.043 seconds
[2025-09-15T10:40:32.771+0000] {processor.py:161} INFO - Started process (PID=6008) to work on /opt/airflow/dags/cleaning/hour_clean.py
[2025-09-15T10:40:32.772+0000] {processor.py:830} INFO - Processing file /opt/airflow/dags/cleaning/hour_clean.py for tasks to queue
[2025-09-15T10:40:32.773+0000] {logging_mixin.py:188} INFO - [2025-09-15T10:40:32.773+0000] {dagbag.py:540} INFO - Filling up the DagBag from /opt/airflow/dags/cleaning/hour_clean.py
[2025-09-15T10:40:32.785+0000] {processor.py:842} WARNING - No viable dags retrieved from /opt/airflow/dags/cleaning/hour_clean.py
[2025-09-15T10:40:32.800+0000] {processor.py:183} INFO - Processing /opt/airflow/dags/cleaning/hour_clean.py took 0.035 seconds
[2025-09-15T10:41:02.928+0000] {processor.py:161} INFO - Started process (PID=6043) to work on /opt/airflow/dags/cleaning/hour_clean.py
[2025-09-15T10:41:02.930+0000] {processor.py:830} INFO - Processing file /opt/airflow/dags/cleaning/hour_clean.py for tasks to queue
[2025-09-15T10:41:02.931+0000] {logging_mixin.py:188} INFO - [2025-09-15T10:41:02.931+0000] {dagbag.py:540} INFO - Filling up the DagBag from /opt/airflow/dags/cleaning/hour_clean.py
[2025-09-15T10:41:02.942+0000] {processor.py:842} WARNING - No viable dags retrieved from /opt/airflow/dags/cleaning/hour_clean.py
[2025-09-15T10:41:02.961+0000] {processor.py:183} INFO - Processing /opt/airflow/dags/cleaning/hour_clean.py took 0.038 seconds
[2025-09-15T10:41:33.722+0000] {processor.py:161} INFO - Started process (PID=6078) to work on /opt/airflow/dags/cleaning/hour_clean.py
[2025-09-15T10:41:33.723+0000] {processor.py:830} INFO - Processing file /opt/airflow/dags/cleaning/hour_clean.py for tasks to queue
[2025-09-15T10:41:33.724+0000] {logging_mixin.py:188} INFO - [2025-09-15T10:41:33.724+0000] {dagbag.py:540} INFO - Filling up the DagBag from /opt/airflow/dags/cleaning/hour_clean.py
[2025-09-15T10:41:33.736+0000] {processor.py:842} WARNING - No viable dags retrieved from /opt/airflow/dags/cleaning/hour_clean.py
[2025-09-15T10:41:33.755+0000] {processor.py:183} INFO - Processing /opt/airflow/dags/cleaning/hour_clean.py took 0.044 seconds
[2025-09-15T10:42:04.528+0000] {processor.py:161} INFO - Started process (PID=6113) to work on /opt/airflow/dags/cleaning/hour_clean.py
[2025-09-15T10:42:04.529+0000] {processor.py:830} INFO - Processing file /opt/airflow/dags/cleaning/hour_clean.py for tasks to queue
[2025-09-15T10:42:04.530+0000] {logging_mixin.py:188} INFO - [2025-09-15T10:42:04.530+0000] {dagbag.py:540} INFO - Filling up the DagBag from /opt/airflow/dags/cleaning/hour_clean.py
[2025-09-15T10:42:04.545+0000] {processor.py:842} WARNING - No viable dags retrieved from /opt/airflow/dags/cleaning/hour_clean.py
[2025-09-15T10:42:04.565+0000] {processor.py:183} INFO - Processing /opt/airflow/dags/cleaning/hour_clean.py took 0.043 seconds
[2025-09-15T10:42:35.287+0000] {processor.py:161} INFO - Started process (PID=6148) to work on /opt/airflow/dags/cleaning/hour_clean.py
[2025-09-15T10:42:35.289+0000] {processor.py:830} INFO - Processing file /opt/airflow/dags/cleaning/hour_clean.py for tasks to queue
[2025-09-15T10:42:35.290+0000] {logging_mixin.py:188} INFO - [2025-09-15T10:42:35.290+0000] {dagbag.py:540} INFO - Filling up the DagBag from /opt/airflow/dags/cleaning/hour_clean.py
[2025-09-15T10:42:35.305+0000] {processor.py:842} WARNING - No viable dags retrieved from /opt/airflow/dags/cleaning/hour_clean.py
[2025-09-15T10:42:35.322+0000] {processor.py:183} INFO - Processing /opt/airflow/dags/cleaning/hour_clean.py took 0.043 seconds
[2025-09-15T10:43:06.068+0000] {processor.py:161} INFO - Started process (PID=6183) to work on /opt/airflow/dags/cleaning/hour_clean.py
[2025-09-15T10:43:06.069+0000] {processor.py:830} INFO - Processing file /opt/airflow/dags/cleaning/hour_clean.py for tasks to queue
[2025-09-15T10:43:06.070+0000] {logging_mixin.py:188} INFO - [2025-09-15T10:43:06.070+0000] {dagbag.py:540} INFO - Filling up the DagBag from /opt/airflow/dags/cleaning/hour_clean.py
[2025-09-15T10:43:06.086+0000] {processor.py:842} WARNING - No viable dags retrieved from /opt/airflow/dags/cleaning/hour_clean.py
[2025-09-15T10:43:06.102+0000] {processor.py:183} INFO - Processing /opt/airflow/dags/cleaning/hour_clean.py took 0.039 seconds
[2025-09-15T10:43:36.610+0000] {processor.py:161} INFO - Started process (PID=6218) to work on /opt/airflow/dags/cleaning/hour_clean.py
[2025-09-15T10:43:36.611+0000] {processor.py:830} INFO - Processing file /opt/airflow/dags/cleaning/hour_clean.py for tasks to queue
[2025-09-15T10:43:36.612+0000] {logging_mixin.py:188} INFO - [2025-09-15T10:43:36.612+0000] {dagbag.py:540} INFO - Filling up the DagBag from /opt/airflow/dags/cleaning/hour_clean.py
[2025-09-15T10:43:36.630+0000] {processor.py:842} WARNING - No viable dags retrieved from /opt/airflow/dags/cleaning/hour_clean.py
[2025-09-15T10:43:36.651+0000] {processor.py:183} INFO - Processing /opt/airflow/dags/cleaning/hour_clean.py took 0.047 seconds
[2025-09-15T10:44:07.269+0000] {processor.py:161} INFO - Started process (PID=6253) to work on /opt/airflow/dags/cleaning/hour_clean.py
[2025-09-15T10:44:07.270+0000] {processor.py:830} INFO - Processing file /opt/airflow/dags/cleaning/hour_clean.py for tasks to queue
[2025-09-15T10:44:07.271+0000] {logging_mixin.py:188} INFO - [2025-09-15T10:44:07.271+0000] {dagbag.py:540} INFO - Filling up the DagBag from /opt/airflow/dags/cleaning/hour_clean.py
[2025-09-15T10:44:07.285+0000] {processor.py:842} WARNING - No viable dags retrieved from /opt/airflow/dags/cleaning/hour_clean.py
[2025-09-15T10:44:07.302+0000] {processor.py:183} INFO - Processing /opt/airflow/dags/cleaning/hour_clean.py took 0.038 seconds
[2025-09-15T10:44:38.107+0000] {processor.py:161} INFO - Started process (PID=6288) to work on /opt/airflow/dags/cleaning/hour_clean.py
[2025-09-15T10:44:38.109+0000] {processor.py:830} INFO - Processing file /opt/airflow/dags/cleaning/hour_clean.py for tasks to queue
[2025-09-15T10:44:38.111+0000] {logging_mixin.py:188} INFO - [2025-09-15T10:44:38.110+0000] {dagbag.py:540} INFO - Filling up the DagBag from /opt/airflow/dags/cleaning/hour_clean.py
[2025-09-15T10:44:38.131+0000] {processor.py:842} WARNING - No viable dags retrieved from /opt/airflow/dags/cleaning/hour_clean.py
[2025-09-15T10:44:38.155+0000] {processor.py:183} INFO - Processing /opt/airflow/dags/cleaning/hour_clean.py took 0.057 seconds
[2025-09-15T10:45:08.753+0000] {processor.py:161} INFO - Started process (PID=6323) to work on /opt/airflow/dags/cleaning/hour_clean.py
[2025-09-15T10:45:08.754+0000] {processor.py:830} INFO - Processing file /opt/airflow/dags/cleaning/hour_clean.py for tasks to queue
[2025-09-15T10:45:08.755+0000] {logging_mixin.py:188} INFO - [2025-09-15T10:45:08.755+0000] {dagbag.py:540} INFO - Filling up the DagBag from /opt/airflow/dags/cleaning/hour_clean.py
[2025-09-15T10:45:08.771+0000] {processor.py:842} WARNING - No viable dags retrieved from /opt/airflow/dags/cleaning/hour_clean.py
[2025-09-15T10:45:08.787+0000] {processor.py:183} INFO - Processing /opt/airflow/dags/cleaning/hour_clean.py took 0.040 seconds
[2025-09-15T10:45:39.442+0000] {processor.py:161} INFO - Started process (PID=6358) to work on /opt/airflow/dags/cleaning/hour_clean.py
[2025-09-15T10:45:39.443+0000] {processor.py:830} INFO - Processing file /opt/airflow/dags/cleaning/hour_clean.py for tasks to queue
[2025-09-15T10:45:39.444+0000] {logging_mixin.py:188} INFO - [2025-09-15T10:45:39.444+0000] {dagbag.py:540} INFO - Filling up the DagBag from /opt/airflow/dags/cleaning/hour_clean.py
[2025-09-15T10:45:39.459+0000] {processor.py:842} WARNING - No viable dags retrieved from /opt/airflow/dags/cleaning/hour_clean.py
[2025-09-15T10:45:39.476+0000] {processor.py:183} INFO - Processing /opt/airflow/dags/cleaning/hour_clean.py took 0.041 seconds
[2025-09-15T10:46:10.112+0000] {processor.py:161} INFO - Started process (PID=6393) to work on /opt/airflow/dags/cleaning/hour_clean.py
[2025-09-15T10:46:10.113+0000] {processor.py:830} INFO - Processing file /opt/airflow/dags/cleaning/hour_clean.py for tasks to queue
[2025-09-15T10:46:10.114+0000] {logging_mixin.py:188} INFO - [2025-09-15T10:46:10.114+0000] {dagbag.py:540} INFO - Filling up the DagBag from /opt/airflow/dags/cleaning/hour_clean.py
[2025-09-15T10:46:10.129+0000] {processor.py:842} WARNING - No viable dags retrieved from /opt/airflow/dags/cleaning/hour_clean.py
[2025-09-15T10:46:10.147+0000] {processor.py:183} INFO - Processing /opt/airflow/dags/cleaning/hour_clean.py took 0.040 seconds
[2025-09-15T10:46:40.699+0000] {processor.py:161} INFO - Started process (PID=6428) to work on /opt/airflow/dags/cleaning/hour_clean.py
[2025-09-15T10:46:40.700+0000] {processor.py:830} INFO - Processing file /opt/airflow/dags/cleaning/hour_clean.py for tasks to queue
[2025-09-15T10:46:40.701+0000] {logging_mixin.py:188} INFO - [2025-09-15T10:46:40.701+0000] {dagbag.py:540} INFO - Filling up the DagBag from /opt/airflow/dags/cleaning/hour_clean.py
[2025-09-15T10:46:40.714+0000] {processor.py:842} WARNING - No viable dags retrieved from /opt/airflow/dags/cleaning/hour_clean.py
[2025-09-15T10:46:40.729+0000] {processor.py:183} INFO - Processing /opt/airflow/dags/cleaning/hour_clean.py took 0.035 seconds
[2025-09-15T10:47:11.603+0000] {processor.py:161} INFO - Started process (PID=6463) to work on /opt/airflow/dags/cleaning/hour_clean.py
[2025-09-15T10:47:11.604+0000] {processor.py:830} INFO - Processing file /opt/airflow/dags/cleaning/hour_clean.py for tasks to queue
[2025-09-15T10:47:11.608+0000] {logging_mixin.py:188} INFO - [2025-09-15T10:47:11.607+0000] {dagbag.py:540} INFO - Filling up the DagBag from /opt/airflow/dags/cleaning/hour_clean.py
[2025-09-15T10:47:11.627+0000] {processor.py:842} WARNING - No viable dags retrieved from /opt/airflow/dags/cleaning/hour_clean.py
[2025-09-15T10:47:11.646+0000] {processor.py:183} INFO - Processing /opt/airflow/dags/cleaning/hour_clean.py took 0.050 seconds
[2025-09-15T10:47:42.235+0000] {processor.py:161} INFO - Started process (PID=6498) to work on /opt/airflow/dags/cleaning/hour_clean.py
[2025-09-15T10:47:42.241+0000] {processor.py:830} INFO - Processing file /opt/airflow/dags/cleaning/hour_clean.py for tasks to queue
[2025-09-15T10:47:42.244+0000] {logging_mixin.py:188} INFO - [2025-09-15T10:47:42.243+0000] {dagbag.py:540} INFO - Filling up the DagBag from /opt/airflow/dags/cleaning/hour_clean.py
[2025-09-15T10:47:42.281+0000] {processor.py:842} WARNING - No viable dags retrieved from /opt/airflow/dags/cleaning/hour_clean.py
[2025-09-15T10:47:42.348+0000] {processor.py:183} INFO - Processing /opt/airflow/dags/cleaning/hour_clean.py took 0.138 seconds
[2025-09-15T10:48:12.760+0000] {processor.py:161} INFO - Started process (PID=6533) to work on /opt/airflow/dags/cleaning/hour_clean.py
[2025-09-15T10:48:12.761+0000] {processor.py:830} INFO - Processing file /opt/airflow/dags/cleaning/hour_clean.py for tasks to queue
[2025-09-15T10:48:12.762+0000] {logging_mixin.py:188} INFO - [2025-09-15T10:48:12.762+0000] {dagbag.py:540} INFO - Filling up the DagBag from /opt/airflow/dags/cleaning/hour_clean.py
[2025-09-15T10:48:12.778+0000] {processor.py:842} WARNING - No viable dags retrieved from /opt/airflow/dags/cleaning/hour_clean.py
[2025-09-15T10:48:12.796+0000] {processor.py:183} INFO - Processing /opt/airflow/dags/cleaning/hour_clean.py took 0.042 seconds
[2025-09-15T10:48:43.137+0000] {processor.py:161} INFO - Started process (PID=6568) to work on /opt/airflow/dags/cleaning/hour_clean.py
[2025-09-15T10:48:43.139+0000] {processor.py:830} INFO - Processing file /opt/airflow/dags/cleaning/hour_clean.py for tasks to queue
[2025-09-15T10:48:43.140+0000] {logging_mixin.py:188} INFO - [2025-09-15T10:48:43.140+0000] {dagbag.py:540} INFO - Filling up the DagBag from /opt/airflow/dags/cleaning/hour_clean.py
[2025-09-15T10:48:43.156+0000] {processor.py:842} WARNING - No viable dags retrieved from /opt/airflow/dags/cleaning/hour_clean.py
[2025-09-15T10:48:43.173+0000] {processor.py:183} INFO - Processing /opt/airflow/dags/cleaning/hour_clean.py took 0.043 seconds
[2025-09-15T10:49:13.773+0000] {processor.py:161} INFO - Started process (PID=6603) to work on /opt/airflow/dags/cleaning/hour_clean.py
[2025-09-15T10:49:13.775+0000] {processor.py:830} INFO - Processing file /opt/airflow/dags/cleaning/hour_clean.py for tasks to queue
[2025-09-15T10:49:13.776+0000] {logging_mixin.py:188} INFO - [2025-09-15T10:49:13.775+0000] {dagbag.py:540} INFO - Filling up the DagBag from /opt/airflow/dags/cleaning/hour_clean.py
[2025-09-15T10:49:13.792+0000] {processor.py:842} WARNING - No viable dags retrieved from /opt/airflow/dags/cleaning/hour_clean.py
[2025-09-15T10:49:13.811+0000] {processor.py:183} INFO - Processing /opt/airflow/dags/cleaning/hour_clean.py took 0.045 seconds
[2025-09-15T10:49:44.288+0000] {processor.py:161} INFO - Started process (PID=6638) to work on /opt/airflow/dags/cleaning/hour_clean.py
[2025-09-15T10:49:44.290+0000] {processor.py:830} INFO - Processing file /opt/airflow/dags/cleaning/hour_clean.py for tasks to queue
[2025-09-15T10:49:44.291+0000] {logging_mixin.py:188} INFO - [2025-09-15T10:49:44.290+0000] {dagbag.py:540} INFO - Filling up the DagBag from /opt/airflow/dags/cleaning/hour_clean.py
[2025-09-15T10:49:44.305+0000] {processor.py:842} WARNING - No viable dags retrieved from /opt/airflow/dags/cleaning/hour_clean.py
[2025-09-15T10:49:44.323+0000] {processor.py:183} INFO - Processing /opt/airflow/dags/cleaning/hour_clean.py took 0.054 seconds
[2025-09-15T10:50:14.931+0000] {processor.py:161} INFO - Started process (PID=6673) to work on /opt/airflow/dags/cleaning/hour_clean.py
[2025-09-15T10:50:14.933+0000] {processor.py:830} INFO - Processing file /opt/airflow/dags/cleaning/hour_clean.py for tasks to queue
[2025-09-15T10:50:14.934+0000] {logging_mixin.py:188} INFO - [2025-09-15T10:50:14.933+0000] {dagbag.py:540} INFO - Filling up the DagBag from /opt/airflow/dags/cleaning/hour_clean.py
[2025-09-15T10:50:14.948+0000] {processor.py:842} WARNING - No viable dags retrieved from /opt/airflow/dags/cleaning/hour_clean.py
[2025-09-15T10:50:14.969+0000] {processor.py:183} INFO - Processing /opt/airflow/dags/cleaning/hour_clean.py took 0.044 seconds
[2025-09-15T10:50:45.594+0000] {processor.py:161} INFO - Started process (PID=6708) to work on /opt/airflow/dags/cleaning/hour_clean.py
[2025-09-15T10:50:45.595+0000] {processor.py:830} INFO - Processing file /opt/airflow/dags/cleaning/hour_clean.py for tasks to queue
[2025-09-15T10:50:45.597+0000] {logging_mixin.py:188} INFO - [2025-09-15T10:50:45.596+0000] {dagbag.py:540} INFO - Filling up the DagBag from /opt/airflow/dags/cleaning/hour_clean.py
[2025-09-15T10:50:45.615+0000] {processor.py:842} WARNING - No viable dags retrieved from /opt/airflow/dags/cleaning/hour_clean.py
[2025-09-15T10:50:45.637+0000] {processor.py:183} INFO - Processing /opt/airflow/dags/cleaning/hour_clean.py took 0.050 seconds
[2025-09-15T10:51:16.366+0000] {processor.py:161} INFO - Started process (PID=6743) to work on /opt/airflow/dags/cleaning/hour_clean.py
[2025-09-15T10:51:16.368+0000] {processor.py:830} INFO - Processing file /opt/airflow/dags/cleaning/hour_clean.py for tasks to queue
[2025-09-15T10:51:16.369+0000] {logging_mixin.py:188} INFO - [2025-09-15T10:51:16.368+0000] {dagbag.py:540} INFO - Filling up the DagBag from /opt/airflow/dags/cleaning/hour_clean.py
[2025-09-15T10:51:16.384+0000] {processor.py:842} WARNING - No viable dags retrieved from /opt/airflow/dags/cleaning/hour_clean.py
[2025-09-15T10:51:16.401+0000] {processor.py:183} INFO - Processing /opt/airflow/dags/cleaning/hour_clean.py took 0.040 seconds
[2025-09-15T10:51:46.833+0000] {processor.py:161} INFO - Started process (PID=6778) to work on /opt/airflow/dags/cleaning/hour_clean.py
[2025-09-15T10:51:46.834+0000] {processor.py:830} INFO - Processing file /opt/airflow/dags/cleaning/hour_clean.py for tasks to queue
[2025-09-15T10:51:46.835+0000] {logging_mixin.py:188} INFO - [2025-09-15T10:51:46.835+0000] {dagbag.py:540} INFO - Filling up the DagBag from /opt/airflow/dags/cleaning/hour_clean.py
[2025-09-15T10:51:46.850+0000] {processor.py:842} WARNING - No viable dags retrieved from /opt/airflow/dags/cleaning/hour_clean.py
[2025-09-15T10:51:46.870+0000] {processor.py:183} INFO - Processing /opt/airflow/dags/cleaning/hour_clean.py took 0.046 seconds
[2025-09-15T10:52:17.607+0000] {processor.py:161} INFO - Started process (PID=6813) to work on /opt/airflow/dags/cleaning/hour_clean.py
[2025-09-15T10:52:17.608+0000] {processor.py:830} INFO - Processing file /opt/airflow/dags/cleaning/hour_clean.py for tasks to queue
[2025-09-15T10:52:17.609+0000] {logging_mixin.py:188} INFO - [2025-09-15T10:52:17.609+0000] {dagbag.py:540} INFO - Filling up the DagBag from /opt/airflow/dags/cleaning/hour_clean.py
[2025-09-15T10:52:17.622+0000] {processor.py:842} WARNING - No viable dags retrieved from /opt/airflow/dags/cleaning/hour_clean.py
[2025-09-15T10:52:17.641+0000] {processor.py:183} INFO - Processing /opt/airflow/dags/cleaning/hour_clean.py took 0.041 seconds
[2025-09-15T10:52:48.313+0000] {processor.py:161} INFO - Started process (PID=6848) to work on /opt/airflow/dags/cleaning/hour_clean.py
[2025-09-15T10:52:48.317+0000] {processor.py:830} INFO - Processing file /opt/airflow/dags/cleaning/hour_clean.py for tasks to queue
[2025-09-15T10:52:48.325+0000] {logging_mixin.py:188} INFO - [2025-09-15T10:52:48.322+0000] {dagbag.py:540} INFO - Filling up the DagBag from /opt/airflow/dags/cleaning/hour_clean.py
[2025-09-15T10:52:48.370+0000] {processor.py:842} WARNING - No viable dags retrieved from /opt/airflow/dags/cleaning/hour_clean.py
[2025-09-15T10:52:48.402+0000] {processor.py:183} INFO - Processing /opt/airflow/dags/cleaning/hour_clean.py took 0.134 seconds
[2025-09-15T10:53:19.076+0000] {processor.py:161} INFO - Started process (PID=6883) to work on /opt/airflow/dags/cleaning/hour_clean.py
[2025-09-15T10:53:19.078+0000] {processor.py:830} INFO - Processing file /opt/airflow/dags/cleaning/hour_clean.py for tasks to queue
[2025-09-15T10:53:19.080+0000] {logging_mixin.py:188} INFO - [2025-09-15T10:53:19.079+0000] {dagbag.py:540} INFO - Filling up the DagBag from /opt/airflow/dags/cleaning/hour_clean.py
[2025-09-15T10:53:19.096+0000] {processor.py:842} WARNING - No viable dags retrieved from /opt/airflow/dags/cleaning/hour_clean.py
[2025-09-15T10:53:19.119+0000] {processor.py:183} INFO - Processing /opt/airflow/dags/cleaning/hour_clean.py took 0.054 seconds
[2025-09-15T10:53:49.755+0000] {processor.py:161} INFO - Started process (PID=6918) to work on /opt/airflow/dags/cleaning/hour_clean.py
[2025-09-15T10:53:49.757+0000] {processor.py:830} INFO - Processing file /opt/airflow/dags/cleaning/hour_clean.py for tasks to queue
[2025-09-15T10:53:49.758+0000] {logging_mixin.py:188} INFO - [2025-09-15T10:53:49.757+0000] {dagbag.py:540} INFO - Filling up the DagBag from /opt/airflow/dags/cleaning/hour_clean.py
[2025-09-15T10:53:49.773+0000] {processor.py:842} WARNING - No viable dags retrieved from /opt/airflow/dags/cleaning/hour_clean.py
[2025-09-15T10:53:49.790+0000] {processor.py:183} INFO - Processing /opt/airflow/dags/cleaning/hour_clean.py took 0.042 seconds
[2025-09-15T10:54:19.910+0000] {processor.py:161} INFO - Started process (PID=6953) to work on /opt/airflow/dags/cleaning/hour_clean.py
[2025-09-15T10:54:19.911+0000] {processor.py:830} INFO - Processing file /opt/airflow/dags/cleaning/hour_clean.py for tasks to queue
[2025-09-15T10:54:19.912+0000] {logging_mixin.py:188} INFO - [2025-09-15T10:54:19.912+0000] {dagbag.py:540} INFO - Filling up the DagBag from /opt/airflow/dags/cleaning/hour_clean.py
[2025-09-15T10:54:19.927+0000] {processor.py:842} WARNING - No viable dags retrieved from /opt/airflow/dags/cleaning/hour_clean.py
[2025-09-15T10:54:19.943+0000] {processor.py:183} INFO - Processing /opt/airflow/dags/cleaning/hour_clean.py took 0.040 seconds
[2025-09-15T10:54:50.221+0000] {processor.py:161} INFO - Started process (PID=6988) to work on /opt/airflow/dags/cleaning/hour_clean.py
[2025-09-15T10:54:50.222+0000] {processor.py:830} INFO - Processing file /opt/airflow/dags/cleaning/hour_clean.py for tasks to queue
[2025-09-15T10:54:50.223+0000] {logging_mixin.py:188} INFO - [2025-09-15T10:54:50.223+0000] {dagbag.py:540} INFO - Filling up the DagBag from /opt/airflow/dags/cleaning/hour_clean.py
[2025-09-15T10:54:50.239+0000] {processor.py:842} WARNING - No viable dags retrieved from /opt/airflow/dags/cleaning/hour_clean.py
[2025-09-15T10:54:50.257+0000] {processor.py:183} INFO - Processing /opt/airflow/dags/cleaning/hour_clean.py took 0.043 seconds
[2025-09-15T10:55:21.011+0000] {processor.py:161} INFO - Started process (PID=7023) to work on /opt/airflow/dags/cleaning/hour_clean.py
[2025-09-15T10:55:21.012+0000] {processor.py:830} INFO - Processing file /opt/airflow/dags/cleaning/hour_clean.py for tasks to queue
[2025-09-15T10:55:21.013+0000] {logging_mixin.py:188} INFO - [2025-09-15T10:55:21.013+0000] {dagbag.py:540} INFO - Filling up the DagBag from /opt/airflow/dags/cleaning/hour_clean.py
[2025-09-15T10:55:21.028+0000] {processor.py:842} WARNING - No viable dags retrieved from /opt/airflow/dags/cleaning/hour_clean.py
[2025-09-15T10:55:21.046+0000] {processor.py:183} INFO - Processing /opt/airflow/dags/cleaning/hour_clean.py took 0.042 seconds
[2025-09-15T10:55:51.638+0000] {processor.py:161} INFO - Started process (PID=7058) to work on /opt/airflow/dags/cleaning/hour_clean.py
[2025-09-15T10:55:51.639+0000] {processor.py:830} INFO - Processing file /opt/airflow/dags/cleaning/hour_clean.py for tasks to queue
[2025-09-15T10:55:51.640+0000] {logging_mixin.py:188} INFO - [2025-09-15T10:55:51.639+0000] {dagbag.py:540} INFO - Filling up the DagBag from /opt/airflow/dags/cleaning/hour_clean.py
[2025-09-15T10:55:51.651+0000] {processor.py:842} WARNING - No viable dags retrieved from /opt/airflow/dags/cleaning/hour_clean.py
[2025-09-15T10:55:51.669+0000] {processor.py:183} INFO - Processing /opt/airflow/dags/cleaning/hour_clean.py took 0.037 seconds
[2025-09-15T10:56:22.292+0000] {processor.py:161} INFO - Started process (PID=7093) to work on /opt/airflow/dags/cleaning/hour_clean.py
[2025-09-15T10:56:22.294+0000] {processor.py:830} INFO - Processing file /opt/airflow/dags/cleaning/hour_clean.py for tasks to queue
[2025-09-15T10:56:22.295+0000] {logging_mixin.py:188} INFO - [2025-09-15T10:56:22.294+0000] {dagbag.py:540} INFO - Filling up the DagBag from /opt/airflow/dags/cleaning/hour_clean.py
[2025-09-15T10:56:22.310+0000] {processor.py:842} WARNING - No viable dags retrieved from /opt/airflow/dags/cleaning/hour_clean.py
[2025-09-15T10:56:22.326+0000] {processor.py:183} INFO - Processing /opt/airflow/dags/cleaning/hour_clean.py took 0.039 seconds
[2025-09-15T10:56:52.937+0000] {processor.py:161} INFO - Started process (PID=7128) to work on /opt/airflow/dags/cleaning/hour_clean.py
[2025-09-15T10:56:52.938+0000] {processor.py:830} INFO - Processing file /opt/airflow/dags/cleaning/hour_clean.py for tasks to queue
[2025-09-15T10:56:52.939+0000] {logging_mixin.py:188} INFO - [2025-09-15T10:56:52.938+0000] {dagbag.py:540} INFO - Filling up the DagBag from /opt/airflow/dags/cleaning/hour_clean.py
[2025-09-15T10:56:52.950+0000] {processor.py:842} WARNING - No viable dags retrieved from /opt/airflow/dags/cleaning/hour_clean.py
[2025-09-15T10:56:52.967+0000] {processor.py:183} INFO - Processing /opt/airflow/dags/cleaning/hour_clean.py took 0.036 seconds
[2025-09-15T10:57:23.683+0000] {processor.py:161} INFO - Started process (PID=7163) to work on /opt/airflow/dags/cleaning/hour_clean.py
[2025-09-15T10:57:23.686+0000] {processor.py:830} INFO - Processing file /opt/airflow/dags/cleaning/hour_clean.py for tasks to queue
[2025-09-15T10:57:23.687+0000] {logging_mixin.py:188} INFO - [2025-09-15T10:57:23.686+0000] {dagbag.py:540} INFO - Filling up the DagBag from /opt/airflow/dags/cleaning/hour_clean.py
[2025-09-15T10:57:23.700+0000] {processor.py:842} WARNING - No viable dags retrieved from /opt/airflow/dags/cleaning/hour_clean.py
[2025-09-15T10:57:23.719+0000] {processor.py:183} INFO - Processing /opt/airflow/dags/cleaning/hour_clean.py took 0.045 seconds
[2025-09-15T10:57:54.085+0000] {processor.py:161} INFO - Started process (PID=7198) to work on /opt/airflow/dags/cleaning/hour_clean.py
[2025-09-15T10:57:54.086+0000] {processor.py:830} INFO - Processing file /opt/airflow/dags/cleaning/hour_clean.py for tasks to queue
[2025-09-15T10:57:54.087+0000] {logging_mixin.py:188} INFO - [2025-09-15T10:57:54.086+0000] {dagbag.py:540} INFO - Filling up the DagBag from /opt/airflow/dags/cleaning/hour_clean.py
[2025-09-15T10:57:54.100+0000] {processor.py:842} WARNING - No viable dags retrieved from /opt/airflow/dags/cleaning/hour_clean.py
[2025-09-15T10:57:54.117+0000] {processor.py:183} INFO - Processing /opt/airflow/dags/cleaning/hour_clean.py took 0.039 seconds
[2025-09-15T10:58:24.663+0000] {processor.py:161} INFO - Started process (PID=7233) to work on /opt/airflow/dags/cleaning/hour_clean.py
[2025-09-15T10:58:24.664+0000] {processor.py:830} INFO - Processing file /opt/airflow/dags/cleaning/hour_clean.py for tasks to queue
[2025-09-15T10:58:24.665+0000] {logging_mixin.py:188} INFO - [2025-09-15T10:58:24.664+0000] {dagbag.py:540} INFO - Filling up the DagBag from /opt/airflow/dags/cleaning/hour_clean.py
[2025-09-15T10:58:24.675+0000] {processor.py:842} WARNING - No viable dags retrieved from /opt/airflow/dags/cleaning/hour_clean.py
[2025-09-15T10:58:24.694+0000] {processor.py:183} INFO - Processing /opt/airflow/dags/cleaning/hour_clean.py took 0.038 seconds
[2025-09-15T10:58:55.245+0000] {processor.py:161} INFO - Started process (PID=7268) to work on /opt/airflow/dags/cleaning/hour_clean.py
[2025-09-15T10:58:55.246+0000] {processor.py:830} INFO - Processing file /opt/airflow/dags/cleaning/hour_clean.py for tasks to queue
[2025-09-15T10:58:55.247+0000] {logging_mixin.py:188} INFO - [2025-09-15T10:58:55.246+0000] {dagbag.py:540} INFO - Filling up the DagBag from /opt/airflow/dags/cleaning/hour_clean.py
[2025-09-15T10:58:55.258+0000] {processor.py:842} WARNING - No viable dags retrieved from /opt/airflow/dags/cleaning/hour_clean.py
[2025-09-15T10:58:55.274+0000] {processor.py:183} INFO - Processing /opt/airflow/dags/cleaning/hour_clean.py took 0.035 seconds
[2025-09-15T10:59:26.023+0000] {processor.py:161} INFO - Started process (PID=7303) to work on /opt/airflow/dags/cleaning/hour_clean.py
[2025-09-15T10:59:26.025+0000] {processor.py:830} INFO - Processing file /opt/airflow/dags/cleaning/hour_clean.py for tasks to queue
[2025-09-15T10:59:26.027+0000] {logging_mixin.py:188} INFO - [2025-09-15T10:59:26.026+0000] {dagbag.py:540} INFO - Filling up the DagBag from /opt/airflow/dags/cleaning/hour_clean.py
[2025-09-15T10:59:26.051+0000] {processor.py:842} WARNING - No viable dags retrieved from /opt/airflow/dags/cleaning/hour_clean.py
[2025-09-15T10:59:26.077+0000] {processor.py:183} INFO - Processing /opt/airflow/dags/cleaning/hour_clean.py took 0.063 seconds
[2025-09-15T10:59:57.133+0000] {processor.py:161} INFO - Started process (PID=7338) to work on /opt/airflow/dags/cleaning/hour_clean.py
[2025-09-15T10:59:57.136+0000] {processor.py:830} INFO - Processing file /opt/airflow/dags/cleaning/hour_clean.py for tasks to queue
[2025-09-15T10:59:57.138+0000] {logging_mixin.py:188} INFO - [2025-09-15T10:59:57.137+0000] {dagbag.py:540} INFO - Filling up the DagBag from /opt/airflow/dags/cleaning/hour_clean.py
[2025-09-15T10:59:57.161+0000] {processor.py:842} WARNING - No viable dags retrieved from /opt/airflow/dags/cleaning/hour_clean.py
[2025-09-15T10:59:57.188+0000] {processor.py:183} INFO - Processing /opt/airflow/dags/cleaning/hour_clean.py took 0.064 seconds
[2025-09-15T11:00:27.882+0000] {processor.py:161} INFO - Started process (PID=7373) to work on /opt/airflow/dags/cleaning/hour_clean.py
[2025-09-15T11:00:27.883+0000] {processor.py:830} INFO - Processing file /opt/airflow/dags/cleaning/hour_clean.py for tasks to queue
[2025-09-15T11:00:27.884+0000] {logging_mixin.py:188} INFO - [2025-09-15T11:00:27.883+0000] {dagbag.py:540} INFO - Filling up the DagBag from /opt/airflow/dags/cleaning/hour_clean.py
[2025-09-15T11:00:27.900+0000] {processor.py:842} WARNING - No viable dags retrieved from /opt/airflow/dags/cleaning/hour_clean.py
[2025-09-15T11:00:27.920+0000] {processor.py:183} INFO - Processing /opt/airflow/dags/cleaning/hour_clean.py took 0.045 seconds
[2025-09-15T11:00:58.696+0000] {processor.py:161} INFO - Started process (PID=7408) to work on /opt/airflow/dags/cleaning/hour_clean.py
[2025-09-15T11:00:58.698+0000] {processor.py:830} INFO - Processing file /opt/airflow/dags/cleaning/hour_clean.py for tasks to queue
[2025-09-15T11:00:58.698+0000] {logging_mixin.py:188} INFO - [2025-09-15T11:00:58.698+0000] {dagbag.py:540} INFO - Filling up the DagBag from /opt/airflow/dags/cleaning/hour_clean.py
[2025-09-15T11:00:58.710+0000] {processor.py:842} WARNING - No viable dags retrieved from /opt/airflow/dags/cleaning/hour_clean.py
[2025-09-15T11:00:58.725+0000] {processor.py:183} INFO - Processing /opt/airflow/dags/cleaning/hour_clean.py took 0.035 seconds
[2025-09-15T11:01:29.393+0000] {processor.py:161} INFO - Started process (PID=7443) to work on /opt/airflow/dags/cleaning/hour_clean.py
[2025-09-15T11:01:29.394+0000] {processor.py:830} INFO - Processing file /opt/airflow/dags/cleaning/hour_clean.py for tasks to queue
[2025-09-15T11:01:29.396+0000] {logging_mixin.py:188} INFO - [2025-09-15T11:01:29.395+0000] {dagbag.py:540} INFO - Filling up the DagBag from /opt/airflow/dags/cleaning/hour_clean.py
[2025-09-15T11:01:29.431+0000] {processor.py:842} WARNING - No viable dags retrieved from /opt/airflow/dags/cleaning/hour_clean.py
[2025-09-15T11:01:29.478+0000] {processor.py:183} INFO - Processing /opt/airflow/dags/cleaning/hour_clean.py took 0.095 seconds
[2025-09-15T11:02:00.416+0000] {processor.py:161} INFO - Started process (PID=7478) to work on /opt/airflow/dags/cleaning/hour_clean.py
[2025-09-15T11:02:00.418+0000] {processor.py:830} INFO - Processing file /opt/airflow/dags/cleaning/hour_clean.py for tasks to queue
[2025-09-15T11:02:00.419+0000] {logging_mixin.py:188} INFO - [2025-09-15T11:02:00.418+0000] {dagbag.py:540} INFO - Filling up the DagBag from /opt/airflow/dags/cleaning/hour_clean.py
[2025-09-15T11:02:00.438+0000] {processor.py:842} WARNING - No viable dags retrieved from /opt/airflow/dags/cleaning/hour_clean.py
[2025-09-15T11:02:00.457+0000] {processor.py:183} INFO - Processing /opt/airflow/dags/cleaning/hour_clean.py took 0.050 seconds
[2025-09-15T11:02:31.173+0000] {processor.py:161} INFO - Started process (PID=7513) to work on /opt/airflow/dags/cleaning/hour_clean.py
[2025-09-15T11:02:31.174+0000] {processor.py:830} INFO - Processing file /opt/airflow/dags/cleaning/hour_clean.py for tasks to queue
[2025-09-15T11:02:31.175+0000] {logging_mixin.py:188} INFO - [2025-09-15T11:02:31.174+0000] {dagbag.py:540} INFO - Filling up the DagBag from /opt/airflow/dags/cleaning/hour_clean.py
[2025-09-15T11:02:31.187+0000] {processor.py:842} WARNING - No viable dags retrieved from /opt/airflow/dags/cleaning/hour_clean.py
[2025-09-15T11:02:31.202+0000] {processor.py:183} INFO - Processing /opt/airflow/dags/cleaning/hour_clean.py took 0.035 seconds
[2025-09-15T11:03:01.393+0000] {processor.py:161} INFO - Started process (PID=7548) to work on /opt/airflow/dags/cleaning/hour_clean.py
[2025-09-15T11:03:01.394+0000] {processor.py:830} INFO - Processing file /opt/airflow/dags/cleaning/hour_clean.py for tasks to queue
[2025-09-15T11:03:01.395+0000] {logging_mixin.py:188} INFO - [2025-09-15T11:03:01.395+0000] {dagbag.py:540} INFO - Filling up the DagBag from /opt/airflow/dags/cleaning/hour_clean.py
[2025-09-15T11:03:01.413+0000] {processor.py:842} WARNING - No viable dags retrieved from /opt/airflow/dags/cleaning/hour_clean.py
[2025-09-15T11:03:01.450+0000] {processor.py:183} INFO - Processing /opt/airflow/dags/cleaning/hour_clean.py took 0.062 seconds
[2025-09-15T11:03:31.996+0000] {processor.py:161} INFO - Started process (PID=7583) to work on /opt/airflow/dags/cleaning/hour_clean.py
[2025-09-15T11:03:31.997+0000] {processor.py:830} INFO - Processing file /opt/airflow/dags/cleaning/hour_clean.py for tasks to queue
[2025-09-15T11:03:31.998+0000] {logging_mixin.py:188} INFO - [2025-09-15T11:03:31.998+0000] {dagbag.py:540} INFO - Filling up the DagBag from /opt/airflow/dags/cleaning/hour_clean.py
[2025-09-15T11:03:32.009+0000] {processor.py:842} WARNING - No viable dags retrieved from /opt/airflow/dags/cleaning/hour_clean.py
[2025-09-15T11:03:32.027+0000] {processor.py:183} INFO - Processing /opt/airflow/dags/cleaning/hour_clean.py took 0.037 seconds
[2025-09-15T11:04:02.581+0000] {processor.py:161} INFO - Started process (PID=7618) to work on /opt/airflow/dags/cleaning/hour_clean.py
[2025-09-15T11:04:02.582+0000] {processor.py:830} INFO - Processing file /opt/airflow/dags/cleaning/hour_clean.py for tasks to queue
[2025-09-15T11:04:02.583+0000] {logging_mixin.py:188} INFO - [2025-09-15T11:04:02.583+0000] {dagbag.py:540} INFO - Filling up the DagBag from /opt/airflow/dags/cleaning/hour_clean.py
[2025-09-15T11:04:02.594+0000] {processor.py:842} WARNING - No viable dags retrieved from /opt/airflow/dags/cleaning/hour_clean.py
[2025-09-15T11:04:02.609+0000] {processor.py:183} INFO - Processing /opt/airflow/dags/cleaning/hour_clean.py took 0.034 seconds
[2025-09-15T11:04:33.075+0000] {processor.py:161} INFO - Started process (PID=7653) to work on /opt/airflow/dags/cleaning/hour_clean.py
[2025-09-15T11:04:33.077+0000] {processor.py:830} INFO - Processing file /opt/airflow/dags/cleaning/hour_clean.py for tasks to queue
[2025-09-15T11:04:33.078+0000] {logging_mixin.py:188} INFO - [2025-09-15T11:04:33.077+0000] {dagbag.py:540} INFO - Filling up the DagBag from /opt/airflow/dags/cleaning/hour_clean.py
[2025-09-15T11:04:33.091+0000] {processor.py:842} WARNING - No viable dags retrieved from /opt/airflow/dags/cleaning/hour_clean.py
[2025-09-15T11:04:33.107+0000] {processor.py:183} INFO - Processing /opt/airflow/dags/cleaning/hour_clean.py took 0.038 seconds
[2025-09-15T11:05:03.518+0000] {processor.py:161} INFO - Started process (PID=7688) to work on /opt/airflow/dags/cleaning/hour_clean.py
[2025-09-15T11:05:03.519+0000] {processor.py:830} INFO - Processing file /opt/airflow/dags/cleaning/hour_clean.py for tasks to queue
[2025-09-15T11:05:03.520+0000] {logging_mixin.py:188} INFO - [2025-09-15T11:05:03.520+0000] {dagbag.py:540} INFO - Filling up the DagBag from /opt/airflow/dags/cleaning/hour_clean.py
[2025-09-15T11:05:03.535+0000] {processor.py:842} WARNING - No viable dags retrieved from /opt/airflow/dags/cleaning/hour_clean.py
[2025-09-15T11:05:03.552+0000] {processor.py:183} INFO - Processing /opt/airflow/dags/cleaning/hour_clean.py took 0.041 seconds
[2025-09-15T11:05:33.989+0000] {processor.py:161} INFO - Started process (PID=7723) to work on /opt/airflow/dags/cleaning/hour_clean.py
[2025-09-15T11:05:33.992+0000] {processor.py:830} INFO - Processing file /opt/airflow/dags/cleaning/hour_clean.py for tasks to queue
[2025-09-15T11:05:33.993+0000] {logging_mixin.py:188} INFO - [2025-09-15T11:05:33.992+0000] {dagbag.py:540} INFO - Filling up the DagBag from /opt/airflow/dags/cleaning/hour_clean.py
[2025-09-15T11:05:34.007+0000] {processor.py:842} WARNING - No viable dags retrieved from /opt/airflow/dags/cleaning/hour_clean.py
[2025-09-15T11:05:34.024+0000] {processor.py:183} INFO - Processing /opt/airflow/dags/cleaning/hour_clean.py took 0.041 seconds
[2025-09-15T11:06:04.601+0000] {processor.py:161} INFO - Started process (PID=7758) to work on /opt/airflow/dags/cleaning/hour_clean.py
[2025-09-15T11:06:04.602+0000] {processor.py:830} INFO - Processing file /opt/airflow/dags/cleaning/hour_clean.py for tasks to queue
[2025-09-15T11:06:04.604+0000] {logging_mixin.py:188} INFO - [2025-09-15T11:06:04.603+0000] {dagbag.py:540} INFO - Filling up the DagBag from /opt/airflow/dags/cleaning/hour_clean.py
[2025-09-15T11:06:04.618+0000] {processor.py:842} WARNING - No viable dags retrieved from /opt/airflow/dags/cleaning/hour_clean.py
[2025-09-15T11:06:04.634+0000] {processor.py:183} INFO - Processing /opt/airflow/dags/cleaning/hour_clean.py took 0.039 seconds
[2025-09-15T11:06:35.331+0000] {processor.py:161} INFO - Started process (PID=7793) to work on /opt/airflow/dags/cleaning/hour_clean.py
[2025-09-15T11:06:35.333+0000] {processor.py:830} INFO - Processing file /opt/airflow/dags/cleaning/hour_clean.py for tasks to queue
[2025-09-15T11:06:35.334+0000] {logging_mixin.py:188} INFO - [2025-09-15T11:06:35.333+0000] {dagbag.py:540} INFO - Filling up the DagBag from /opt/airflow/dags/cleaning/hour_clean.py
[2025-09-15T11:06:35.348+0000] {processor.py:842} WARNING - No viable dags retrieved from /opt/airflow/dags/cleaning/hour_clean.py
[2025-09-15T11:06:35.364+0000] {processor.py:183} INFO - Processing /opt/airflow/dags/cleaning/hour_clean.py took 0.038 seconds
[2025-09-15T11:07:06.121+0000] {processor.py:161} INFO - Started process (PID=7828) to work on /opt/airflow/dags/cleaning/hour_clean.py
[2025-09-15T11:07:06.122+0000] {processor.py:830} INFO - Processing file /opt/airflow/dags/cleaning/hour_clean.py for tasks to queue
[2025-09-15T11:07:06.123+0000] {logging_mixin.py:188} INFO - [2025-09-15T11:07:06.123+0000] {dagbag.py:540} INFO - Filling up the DagBag from /opt/airflow/dags/cleaning/hour_clean.py
[2025-09-15T11:07:06.151+0000] {processor.py:842} WARNING - No viable dags retrieved from /opt/airflow/dags/cleaning/hour_clean.py
[2025-09-15T11:07:06.204+0000] {processor.py:183} INFO - Processing /opt/airflow/dags/cleaning/hour_clean.py took 0.092 seconds
[2025-09-15T11:07:36.290+0000] {processor.py:161} INFO - Started process (PID=7878) to work on /opt/airflow/dags/cleaning/hour_clean.py
[2025-09-15T11:07:36.292+0000] {processor.py:830} INFO - Processing file /opt/airflow/dags/cleaning/hour_clean.py for tasks to queue
[2025-09-15T11:07:36.293+0000] {logging_mixin.py:188} INFO - [2025-09-15T11:07:36.293+0000] {dagbag.py:540} INFO - Filling up the DagBag from /opt/airflow/dags/cleaning/hour_clean.py
[2025-09-15T11:07:36.311+0000] {processor.py:842} WARNING - No viable dags retrieved from /opt/airflow/dags/cleaning/hour_clean.py
[2025-09-15T11:07:36.331+0000] {processor.py:183} INFO - Processing /opt/airflow/dags/cleaning/hour_clean.py took 0.048 seconds
[2025-09-15T11:08:06.975+0000] {processor.py:161} INFO - Started process (PID=7913) to work on /opt/airflow/dags/cleaning/hour_clean.py
[2025-09-15T11:08:06.976+0000] {processor.py:830} INFO - Processing file /opt/airflow/dags/cleaning/hour_clean.py for tasks to queue
[2025-09-15T11:08:06.977+0000] {logging_mixin.py:188} INFO - [2025-09-15T11:08:06.977+0000] {dagbag.py:540} INFO - Filling up the DagBag from /opt/airflow/dags/cleaning/hour_clean.py
[2025-09-15T11:08:06.988+0000] {processor.py:842} WARNING - No viable dags retrieved from /opt/airflow/dags/cleaning/hour_clean.py
[2025-09-15T11:08:07.003+0000] {processor.py:183} INFO - Processing /opt/airflow/dags/cleaning/hour_clean.py took 0.035 seconds
[2025-09-15T11:08:37.248+0000] {processor.py:161} INFO - Started process (PID=7948) to work on /opt/airflow/dags/cleaning/hour_clean.py
[2025-09-15T11:08:37.249+0000] {processor.py:830} INFO - Processing file /opt/airflow/dags/cleaning/hour_clean.py for tasks to queue
[2025-09-15T11:08:37.251+0000] {logging_mixin.py:188} INFO - [2025-09-15T11:08:37.250+0000] {dagbag.py:540} INFO - Filling up the DagBag from /opt/airflow/dags/cleaning/hour_clean.py
[2025-09-15T11:08:37.267+0000] {processor.py:842} WARNING - No viable dags retrieved from /opt/airflow/dags/cleaning/hour_clean.py
[2025-09-15T11:08:37.288+0000] {processor.py:183} INFO - Processing /opt/airflow/dags/cleaning/hour_clean.py took 0.046 seconds
[2025-09-15T11:09:07.894+0000] {processor.py:161} INFO - Started process (PID=7998) to work on /opt/airflow/dags/cleaning/hour_clean.py
[2025-09-15T11:09:07.895+0000] {processor.py:830} INFO - Processing file /opt/airflow/dags/cleaning/hour_clean.py for tasks to queue
[2025-09-15T11:09:07.896+0000] {logging_mixin.py:188} INFO - [2025-09-15T11:09:07.896+0000] {dagbag.py:540} INFO - Filling up the DagBag from /opt/airflow/dags/cleaning/hour_clean.py
[2025-09-15T11:09:07.908+0000] {processor.py:842} WARNING - No viable dags retrieved from /opt/airflow/dags/cleaning/hour_clean.py
[2025-09-15T11:09:07.922+0000] {processor.py:183} INFO - Processing /opt/airflow/dags/cleaning/hour_clean.py took 0.034 seconds
[2025-09-15T11:09:38.498+0000] {processor.py:161} INFO - Started process (PID=8033) to work on /opt/airflow/dags/cleaning/hour_clean.py
[2025-09-15T11:09:38.499+0000] {processor.py:830} INFO - Processing file /opt/airflow/dags/cleaning/hour_clean.py for tasks to queue
[2025-09-15T11:09:38.500+0000] {logging_mixin.py:188} INFO - [2025-09-15T11:09:38.500+0000] {dagbag.py:540} INFO - Filling up the DagBag from /opt/airflow/dags/cleaning/hour_clean.py
[2025-09-15T11:09:38.515+0000] {processor.py:842} WARNING - No viable dags retrieved from /opt/airflow/dags/cleaning/hour_clean.py
[2025-09-15T11:09:38.535+0000] {processor.py:183} INFO - Processing /opt/airflow/dags/cleaning/hour_clean.py took 0.045 seconds
[2025-09-15T11:10:09.174+0000] {processor.py:161} INFO - Started process (PID=8083) to work on /opt/airflow/dags/cleaning/hour_clean.py
[2025-09-15T11:10:09.175+0000] {processor.py:830} INFO - Processing file /opt/airflow/dags/cleaning/hour_clean.py for tasks to queue
[2025-09-15T11:10:09.176+0000] {logging_mixin.py:188} INFO - [2025-09-15T11:10:09.176+0000] {dagbag.py:540} INFO - Filling up the DagBag from /opt/airflow/dags/cleaning/hour_clean.py
[2025-09-15T11:10:09.203+0000] {processor.py:842} WARNING - No viable dags retrieved from /opt/airflow/dags/cleaning/hour_clean.py
[2025-09-15T11:10:09.223+0000] {processor.py:183} INFO - Processing /opt/airflow/dags/cleaning/hour_clean.py took 0.057 seconds
[2025-09-15T11:10:39.519+0000] {processor.py:161} INFO - Started process (PID=8118) to work on /opt/airflow/dags/cleaning/hour_clean.py
[2025-09-15T11:10:39.520+0000] {processor.py:830} INFO - Processing file /opt/airflow/dags/cleaning/hour_clean.py for tasks to queue
[2025-09-15T11:10:39.521+0000] {logging_mixin.py:188} INFO - [2025-09-15T11:10:39.521+0000] {dagbag.py:540} INFO - Filling up the DagBag from /opt/airflow/dags/cleaning/hour_clean.py
[2025-09-15T11:10:39.534+0000] {processor.py:842} WARNING - No viable dags retrieved from /opt/airflow/dags/cleaning/hour_clean.py
[2025-09-15T11:10:39.550+0000] {processor.py:183} INFO - Processing /opt/airflow/dags/cleaning/hour_clean.py took 0.036 seconds
[2025-09-15T11:11:10.021+0000] {processor.py:161} INFO - Started process (PID=8153) to work on /opt/airflow/dags/cleaning/hour_clean.py
[2025-09-15T11:11:10.024+0000] {processor.py:830} INFO - Processing file /opt/airflow/dags/cleaning/hour_clean.py for tasks to queue
[2025-09-15T11:11:10.030+0000] {logging_mixin.py:188} INFO - [2025-09-15T11:11:10.027+0000] {dagbag.py:540} INFO - Filling up the DagBag from /opt/airflow/dags/cleaning/hour_clean.py
[2025-09-15T11:11:10.059+0000] {processor.py:842} WARNING - No viable dags retrieved from /opt/airflow/dags/cleaning/hour_clean.py
[2025-09-15T11:11:10.080+0000] {processor.py:183} INFO - Processing /opt/airflow/dags/cleaning/hour_clean.py took 0.070 seconds
[2025-09-15T11:11:40.585+0000] {processor.py:161} INFO - Started process (PID=8188) to work on /opt/airflow/dags/cleaning/hour_clean.py
[2025-09-15T11:11:40.587+0000] {processor.py:830} INFO - Processing file /opt/airflow/dags/cleaning/hour_clean.py for tasks to queue
[2025-09-15T11:11:40.589+0000] {logging_mixin.py:188} INFO - [2025-09-15T11:11:40.588+0000] {dagbag.py:540} INFO - Filling up the DagBag from /opt/airflow/dags/cleaning/hour_clean.py
[2025-09-15T11:11:40.614+0000] {processor.py:842} WARNING - No viable dags retrieved from /opt/airflow/dags/cleaning/hour_clean.py
[2025-09-15T11:11:40.639+0000] {processor.py:183} INFO - Processing /opt/airflow/dags/cleaning/hour_clean.py took 0.062 seconds
[2025-09-15T11:12:11.259+0000] {processor.py:161} INFO - Started process (PID=8223) to work on /opt/airflow/dags/cleaning/hour_clean.py
[2025-09-15T11:12:11.260+0000] {processor.py:830} INFO - Processing file /opt/airflow/dags/cleaning/hour_clean.py for tasks to queue
[2025-09-15T11:12:11.262+0000] {logging_mixin.py:188} INFO - [2025-09-15T11:12:11.261+0000] {dagbag.py:540} INFO - Filling up the DagBag from /opt/airflow/dags/cleaning/hour_clean.py
[2025-09-15T11:12:11.278+0000] {processor.py:842} WARNING - No viable dags retrieved from /opt/airflow/dags/cleaning/hour_clean.py
[2025-09-15T11:12:11.293+0000] {processor.py:183} INFO - Processing /opt/airflow/dags/cleaning/hour_clean.py took 0.040 seconds
[2025-09-15T11:12:41.699+0000] {processor.py:161} INFO - Started process (PID=8258) to work on /opt/airflow/dags/cleaning/hour_clean.py
[2025-09-15T11:12:41.700+0000] {processor.py:830} INFO - Processing file /opt/airflow/dags/cleaning/hour_clean.py for tasks to queue
[2025-09-15T11:12:41.701+0000] {logging_mixin.py:188} INFO - [2025-09-15T11:12:41.700+0000] {dagbag.py:540} INFO - Filling up the DagBag from /opt/airflow/dags/cleaning/hour_clean.py
[2025-09-15T11:12:41.711+0000] {processor.py:842} WARNING - No viable dags retrieved from /opt/airflow/dags/cleaning/hour_clean.py
[2025-09-15T11:12:41.727+0000] {processor.py:183} INFO - Processing /opt/airflow/dags/cleaning/hour_clean.py took 0.035 seconds
[2025-09-15T11:13:12.289+0000] {processor.py:161} INFO - Started process (PID=8293) to work on /opt/airflow/dags/cleaning/hour_clean.py
[2025-09-15T11:13:12.291+0000] {processor.py:830} INFO - Processing file /opt/airflow/dags/cleaning/hour_clean.py for tasks to queue
[2025-09-15T11:13:12.292+0000] {logging_mixin.py:188} INFO - [2025-09-15T11:13:12.291+0000] {dagbag.py:540} INFO - Filling up the DagBag from /opt/airflow/dags/cleaning/hour_clean.py
[2025-09-15T11:13:12.311+0000] {processor.py:842} WARNING - No viable dags retrieved from /opt/airflow/dags/cleaning/hour_clean.py
[2025-09-15T11:13:12.337+0000] {processor.py:183} INFO - Processing /opt/airflow/dags/cleaning/hour_clean.py took 0.054 seconds
[2025-09-15T11:13:42.730+0000] {processor.py:161} INFO - Started process (PID=8328) to work on /opt/airflow/dags/cleaning/hour_clean.py
[2025-09-15T11:13:42.731+0000] {processor.py:830} INFO - Processing file /opt/airflow/dags/cleaning/hour_clean.py for tasks to queue
[2025-09-15T11:13:42.732+0000] {logging_mixin.py:188} INFO - [2025-09-15T11:13:42.732+0000] {dagbag.py:540} INFO - Filling up the DagBag from /opt/airflow/dags/cleaning/hour_clean.py
[2025-09-15T11:13:42.747+0000] {processor.py:842} WARNING - No viable dags retrieved from /opt/airflow/dags/cleaning/hour_clean.py
[2025-09-15T11:13:42.765+0000] {processor.py:183} INFO - Processing /opt/airflow/dags/cleaning/hour_clean.py took 0.041 seconds
[2025-09-15T11:14:12.945+0000] {processor.py:161} INFO - Started process (PID=8363) to work on /opt/airflow/dags/cleaning/hour_clean.py
[2025-09-15T11:14:12.950+0000] {processor.py:830} INFO - Processing file /opt/airflow/dags/cleaning/hour_clean.py for tasks to queue
[2025-09-15T11:14:12.953+0000] {logging_mixin.py:188} INFO - [2025-09-15T11:14:12.952+0000] {dagbag.py:540} INFO - Filling up the DagBag from /opt/airflow/dags/cleaning/hour_clean.py
[2025-09-15T11:14:13.001+0000] {processor.py:842} WARNING - No viable dags retrieved from /opt/airflow/dags/cleaning/hour_clean.py
[2025-09-15T11:14:13.059+0000] {processor.py:183} INFO - Processing /opt/airflow/dags/cleaning/hour_clean.py took 0.157 seconds
[2025-09-15T11:14:43.879+0000] {processor.py:161} INFO - Started process (PID=8398) to work on /opt/airflow/dags/cleaning/hour_clean.py
[2025-09-15T11:14:43.880+0000] {processor.py:830} INFO - Processing file /opt/airflow/dags/cleaning/hour_clean.py for tasks to queue
[2025-09-15T11:14:43.882+0000] {logging_mixin.py:188} INFO - [2025-09-15T11:14:43.881+0000] {dagbag.py:540} INFO - Filling up the DagBag from /opt/airflow/dags/cleaning/hour_clean.py
[2025-09-15T11:14:43.901+0000] {processor.py:842} WARNING - No viable dags retrieved from /opt/airflow/dags/cleaning/hour_clean.py
[2025-09-15T11:14:43.941+0000] {processor.py:183} INFO - Processing /opt/airflow/dags/cleaning/hour_clean.py took 0.069 seconds
[2025-09-15T11:15:14.635+0000] {processor.py:161} INFO - Started process (PID=8433) to work on /opt/airflow/dags/cleaning/hour_clean.py
[2025-09-15T11:15:14.636+0000] {processor.py:830} INFO - Processing file /opt/airflow/dags/cleaning/hour_clean.py for tasks to queue
[2025-09-15T11:15:14.637+0000] {logging_mixin.py:188} INFO - [2025-09-15T11:15:14.636+0000] {dagbag.py:540} INFO - Filling up the DagBag from /opt/airflow/dags/cleaning/hour_clean.py
[2025-09-15T11:15:14.659+0000] {processor.py:842} WARNING - No viable dags retrieved from /opt/airflow/dags/cleaning/hour_clean.py
[2025-09-15T11:15:14.681+0000] {processor.py:183} INFO - Processing /opt/airflow/dags/cleaning/hour_clean.py took 0.053 seconds
[2025-09-15T11:15:45.568+0000] {processor.py:161} INFO - Started process (PID=8468) to work on /opt/airflow/dags/cleaning/hour_clean.py
[2025-09-15T11:15:45.569+0000] {processor.py:830} INFO - Processing file /opt/airflow/dags/cleaning/hour_clean.py for tasks to queue
[2025-09-15T11:15:45.571+0000] {logging_mixin.py:188} INFO - [2025-09-15T11:15:45.570+0000] {dagbag.py:540} INFO - Filling up the DagBag from /opt/airflow/dags/cleaning/hour_clean.py
[2025-09-15T11:15:45.586+0000] {processor.py:842} WARNING - No viable dags retrieved from /opt/airflow/dags/cleaning/hour_clean.py
[2025-09-15T11:15:45.610+0000] {processor.py:183} INFO - Processing /opt/airflow/dags/cleaning/hour_clean.py took 0.051 seconds
[2025-09-15T11:16:16.204+0000] {processor.py:161} INFO - Started process (PID=8503) to work on /opt/airflow/dags/cleaning/hour_clean.py
[2025-09-15T11:16:16.206+0000] {processor.py:830} INFO - Processing file /opt/airflow/dags/cleaning/hour_clean.py for tasks to queue
[2025-09-15T11:16:16.207+0000] {logging_mixin.py:188} INFO - [2025-09-15T11:16:16.206+0000] {dagbag.py:540} INFO - Filling up the DagBag from /opt/airflow/dags/cleaning/hour_clean.py
[2025-09-15T11:16:16.219+0000] {processor.py:842} WARNING - No viable dags retrieved from /opt/airflow/dags/cleaning/hour_clean.py
[2025-09-15T11:16:16.236+0000] {processor.py:183} INFO - Processing /opt/airflow/dags/cleaning/hour_clean.py took 0.037 seconds
[2025-09-15T11:16:46.903+0000] {processor.py:161} INFO - Started process (PID=8538) to work on /opt/airflow/dags/cleaning/hour_clean.py
[2025-09-15T11:16:46.904+0000] {processor.py:830} INFO - Processing file /opt/airflow/dags/cleaning/hour_clean.py for tasks to queue
[2025-09-15T11:16:46.905+0000] {logging_mixin.py:188} INFO - [2025-09-15T11:16:46.905+0000] {dagbag.py:540} INFO - Filling up the DagBag from /opt/airflow/dags/cleaning/hour_clean.py
[2025-09-15T11:16:46.920+0000] {processor.py:842} WARNING - No viable dags retrieved from /opt/airflow/dags/cleaning/hour_clean.py
[2025-09-15T11:16:46.938+0000] {processor.py:183} INFO - Processing /opt/airflow/dags/cleaning/hour_clean.py took 0.040 seconds
[2025-09-15T11:17:17.650+0000] {processor.py:161} INFO - Started process (PID=8573) to work on /opt/airflow/dags/cleaning/hour_clean.py
[2025-09-15T11:17:17.651+0000] {processor.py:830} INFO - Processing file /opt/airflow/dags/cleaning/hour_clean.py for tasks to queue
[2025-09-15T11:17:17.652+0000] {logging_mixin.py:188} INFO - [2025-09-15T11:17:17.652+0000] {dagbag.py:540} INFO - Filling up the DagBag from /opt/airflow/dags/cleaning/hour_clean.py
[2025-09-15T11:17:17.667+0000] {processor.py:842} WARNING - No viable dags retrieved from /opt/airflow/dags/cleaning/hour_clean.py
[2025-09-15T11:17:17.684+0000] {processor.py:183} INFO - Processing /opt/airflow/dags/cleaning/hour_clean.py took 0.040 seconds
[2025-09-15T11:17:48.287+0000] {processor.py:161} INFO - Started process (PID=8608) to work on /opt/airflow/dags/cleaning/hour_clean.py
[2025-09-15T11:17:48.288+0000] {processor.py:830} INFO - Processing file /opt/airflow/dags/cleaning/hour_clean.py for tasks to queue
[2025-09-15T11:17:48.289+0000] {logging_mixin.py:188} INFO - [2025-09-15T11:17:48.289+0000] {dagbag.py:540} INFO - Filling up the DagBag from /opt/airflow/dags/cleaning/hour_clean.py
[2025-09-15T11:17:48.303+0000] {processor.py:842} WARNING - No viable dags retrieved from /opt/airflow/dags/cleaning/hour_clean.py
[2025-09-15T11:17:48.323+0000] {processor.py:183} INFO - Processing /opt/airflow/dags/cleaning/hour_clean.py took 0.044 seconds
[2025-09-15T11:18:18.425+0000] {processor.py:161} INFO - Started process (PID=8643) to work on /opt/airflow/dags/cleaning/hour_clean.py
[2025-09-15T11:18:18.427+0000] {processor.py:830} INFO - Processing file /opt/airflow/dags/cleaning/hour_clean.py for tasks to queue
[2025-09-15T11:18:18.428+0000] {logging_mixin.py:188} INFO - [2025-09-15T11:18:18.428+0000] {dagbag.py:540} INFO - Filling up the DagBag from /opt/airflow/dags/cleaning/hour_clean.py
[2025-09-15T11:18:18.445+0000] {processor.py:842} WARNING - No viable dags retrieved from /opt/airflow/dags/cleaning/hour_clean.py
[2025-09-15T11:18:18.467+0000] {processor.py:183} INFO - Processing /opt/airflow/dags/cleaning/hour_clean.py took 0.049 seconds
[2025-09-15T11:18:49.007+0000] {processor.py:161} INFO - Started process (PID=8678) to work on /opt/airflow/dags/cleaning/hour_clean.py
[2025-09-15T11:18:49.008+0000] {processor.py:830} INFO - Processing file /opt/airflow/dags/cleaning/hour_clean.py for tasks to queue
[2025-09-15T11:18:49.009+0000] {logging_mixin.py:188} INFO - [2025-09-15T11:18:49.009+0000] {dagbag.py:540} INFO - Filling up the DagBag from /opt/airflow/dags/cleaning/hour_clean.py
[2025-09-15T11:18:49.033+0000] {processor.py:842} WARNING - No viable dags retrieved from /opt/airflow/dags/cleaning/hour_clean.py
[2025-09-15T11:18:49.052+0000] {processor.py:183} INFO - Processing /opt/airflow/dags/cleaning/hour_clean.py took 0.055 seconds
[2025-09-15T11:19:19.514+0000] {processor.py:161} INFO - Started process (PID=8713) to work on /opt/airflow/dags/cleaning/hour_clean.py
[2025-09-15T11:19:19.520+0000] {processor.py:830} INFO - Processing file /opt/airflow/dags/cleaning/hour_clean.py for tasks to queue
[2025-09-15T11:19:19.522+0000] {logging_mixin.py:188} INFO - [2025-09-15T11:19:19.521+0000] {dagbag.py:540} INFO - Filling up the DagBag from /opt/airflow/dags/cleaning/hour_clean.py
[2025-09-15T11:19:19.537+0000] {processor.py:842} WARNING - No viable dags retrieved from /opt/airflow/dags/cleaning/hour_clean.py
[2025-09-15T11:19:19.567+0000] {processor.py:183} INFO - Processing /opt/airflow/dags/cleaning/hour_clean.py took 0.064 seconds
[2025-09-15T11:19:50.054+0000] {processor.py:161} INFO - Started process (PID=8748) to work on /opt/airflow/dags/cleaning/hour_clean.py
[2025-09-15T11:19:50.055+0000] {processor.py:830} INFO - Processing file /opt/airflow/dags/cleaning/hour_clean.py for tasks to queue
[2025-09-15T11:19:50.056+0000] {logging_mixin.py:188} INFO - [2025-09-15T11:19:50.055+0000] {dagbag.py:540} INFO - Filling up the DagBag from /opt/airflow/dags/cleaning/hour_clean.py
[2025-09-15T11:19:50.070+0000] {processor.py:842} WARNING - No viable dags retrieved from /opt/airflow/dags/cleaning/hour_clean.py
[2025-09-15T11:19:50.084+0000] {processor.py:183} INFO - Processing /opt/airflow/dags/cleaning/hour_clean.py took 0.036 seconds
[2025-09-15T11:20:20.628+0000] {processor.py:161} INFO - Started process (PID=8783) to work on /opt/airflow/dags/cleaning/hour_clean.py
[2025-09-15T11:20:20.630+0000] {processor.py:830} INFO - Processing file /opt/airflow/dags/cleaning/hour_clean.py for tasks to queue
[2025-09-15T11:20:20.631+0000] {logging_mixin.py:188} INFO - [2025-09-15T11:20:20.631+0000] {dagbag.py:540} INFO - Filling up the DagBag from /opt/airflow/dags/cleaning/hour_clean.py
[2025-09-15T11:20:20.653+0000] {processor.py:842} WARNING - No viable dags retrieved from /opt/airflow/dags/cleaning/hour_clean.py
[2025-09-15T11:20:20.701+0000] {processor.py:183} INFO - Processing /opt/airflow/dags/cleaning/hour_clean.py took 0.086 seconds
[2025-09-15T11:20:51.266+0000] {processor.py:161} INFO - Started process (PID=8818) to work on /opt/airflow/dags/cleaning/hour_clean.py
[2025-09-15T11:20:51.268+0000] {processor.py:830} INFO - Processing file /opt/airflow/dags/cleaning/hour_clean.py for tasks to queue
[2025-09-15T11:20:51.269+0000] {logging_mixin.py:188} INFO - [2025-09-15T11:20:51.268+0000] {dagbag.py:540} INFO - Filling up the DagBag from /opt/airflow/dags/cleaning/hour_clean.py
[2025-09-15T11:20:51.281+0000] {processor.py:842} WARNING - No viable dags retrieved from /opt/airflow/dags/cleaning/hour_clean.py
[2025-09-15T11:20:51.296+0000] {processor.py:183} INFO - Processing /opt/airflow/dags/cleaning/hour_clean.py took 0.036 seconds
[2025-09-15T11:21:21.664+0000] {processor.py:161} INFO - Started process (PID=8853) to work on /opt/airflow/dags/cleaning/hour_clean.py
[2025-09-15T11:21:21.665+0000] {processor.py:830} INFO - Processing file /opt/airflow/dags/cleaning/hour_clean.py for tasks to queue
[2025-09-15T11:21:21.667+0000] {logging_mixin.py:188} INFO - [2025-09-15T11:21:21.666+0000] {dagbag.py:540} INFO - Filling up the DagBag from /opt/airflow/dags/cleaning/hour_clean.py
[2025-09-15T11:21:21.681+0000] {processor.py:842} WARNING - No viable dags retrieved from /opt/airflow/dags/cleaning/hour_clean.py
[2025-09-15T11:21:21.697+0000] {processor.py:183} INFO - Processing /opt/airflow/dags/cleaning/hour_clean.py took 0.046 seconds
[2025-09-15T11:21:52.307+0000] {processor.py:161} INFO - Started process (PID=8888) to work on /opt/airflow/dags/cleaning/hour_clean.py
[2025-09-15T11:21:52.316+0000] {processor.py:830} INFO - Processing file /opt/airflow/dags/cleaning/hour_clean.py for tasks to queue
[2025-09-15T11:21:52.319+0000] {logging_mixin.py:188} INFO - [2025-09-15T11:21:52.318+0000] {dagbag.py:540} INFO - Filling up the DagBag from /opt/airflow/dags/cleaning/hour_clean.py
[2025-09-15T11:21:52.346+0000] {processor.py:842} WARNING - No viable dags retrieved from /opt/airflow/dags/cleaning/hour_clean.py
[2025-09-15T11:21:52.372+0000] {processor.py:183} INFO - Processing /opt/airflow/dags/cleaning/hour_clean.py took 0.102 seconds
[2025-09-15T11:22:23.065+0000] {processor.py:161} INFO - Started process (PID=8923) to work on /opt/airflow/dags/cleaning/hour_clean.py
[2025-09-15T11:22:23.066+0000] {processor.py:830} INFO - Processing file /opt/airflow/dags/cleaning/hour_clean.py for tasks to queue
[2025-09-15T11:22:23.067+0000] {logging_mixin.py:188} INFO - [2025-09-15T11:22:23.067+0000] {dagbag.py:540} INFO - Filling up the DagBag from /opt/airflow/dags/cleaning/hour_clean.py
[2025-09-15T11:22:23.081+0000] {processor.py:842} WARNING - No viable dags retrieved from /opt/airflow/dags/cleaning/hour_clean.py
[2025-09-15T11:22:23.100+0000] {processor.py:183} INFO - Processing /opt/airflow/dags/cleaning/hour_clean.py took 0.042 seconds
[2025-09-15T11:22:53.762+0000] {processor.py:161} INFO - Started process (PID=8958) to work on /opt/airflow/dags/cleaning/hour_clean.py
[2025-09-15T11:22:53.763+0000] {processor.py:830} INFO - Processing file /opt/airflow/dags/cleaning/hour_clean.py for tasks to queue
[2025-09-15T11:22:53.765+0000] {logging_mixin.py:188} INFO - [2025-09-15T11:22:53.765+0000] {dagbag.py:540} INFO - Filling up the DagBag from /opt/airflow/dags/cleaning/hour_clean.py
[2025-09-15T11:22:53.787+0000] {processor.py:842} WARNING - No viable dags retrieved from /opt/airflow/dags/cleaning/hour_clean.py
[2025-09-15T11:22:53.816+0000] {processor.py:183} INFO - Processing /opt/airflow/dags/cleaning/hour_clean.py took 0.068 seconds
[2025-09-15T11:23:24.234+0000] {processor.py:161} INFO - Started process (PID=8993) to work on /opt/airflow/dags/cleaning/hour_clean.py
[2025-09-15T11:23:24.235+0000] {processor.py:830} INFO - Processing file /opt/airflow/dags/cleaning/hour_clean.py for tasks to queue
[2025-09-15T11:23:24.237+0000] {logging_mixin.py:188} INFO - [2025-09-15T11:23:24.236+0000] {dagbag.py:540} INFO - Filling up the DagBag from /opt/airflow/dags/cleaning/hour_clean.py
[2025-09-15T11:23:24.249+0000] {processor.py:842} WARNING - No viable dags retrieved from /opt/airflow/dags/cleaning/hour_clean.py
[2025-09-15T11:23:24.263+0000] {processor.py:183} INFO - Processing /opt/airflow/dags/cleaning/hour_clean.py took 0.041 seconds
[2025-09-15T11:23:54.714+0000] {processor.py:161} INFO - Started process (PID=9028) to work on /opt/airflow/dags/cleaning/hour_clean.py
[2025-09-15T11:23:54.716+0000] {processor.py:830} INFO - Processing file /opt/airflow/dags/cleaning/hour_clean.py for tasks to queue
[2025-09-15T11:23:54.717+0000] {logging_mixin.py:188} INFO - [2025-09-15T11:23:54.716+0000] {dagbag.py:540} INFO - Filling up the DagBag from /opt/airflow/dags/cleaning/hour_clean.py
[2025-09-15T11:23:54.729+0000] {processor.py:842} WARNING - No viable dags retrieved from /opt/airflow/dags/cleaning/hour_clean.py
[2025-09-15T11:23:54.744+0000] {processor.py:183} INFO - Processing /opt/airflow/dags/cleaning/hour_clean.py took 0.043 seconds
[2025-09-15T11:24:25.224+0000] {processor.py:161} INFO - Started process (PID=9063) to work on /opt/airflow/dags/cleaning/hour_clean.py
[2025-09-15T11:24:25.225+0000] {processor.py:830} INFO - Processing file /opt/airflow/dags/cleaning/hour_clean.py for tasks to queue
[2025-09-15T11:24:25.226+0000] {logging_mixin.py:188} INFO - [2025-09-15T11:24:25.226+0000] {dagbag.py:540} INFO - Filling up the DagBag from /opt/airflow/dags/cleaning/hour_clean.py
[2025-09-15T11:24:25.237+0000] {processor.py:842} WARNING - No viable dags retrieved from /opt/airflow/dags/cleaning/hour_clean.py
[2025-09-15T11:24:25.251+0000] {processor.py:183} INFO - Processing /opt/airflow/dags/cleaning/hour_clean.py took 0.033 seconds
[2025-09-15T11:24:55.661+0000] {processor.py:161} INFO - Started process (PID=9098) to work on /opt/airflow/dags/cleaning/hour_clean.py
[2025-09-15T11:24:55.662+0000] {processor.py:830} INFO - Processing file /opt/airflow/dags/cleaning/hour_clean.py for tasks to queue
[2025-09-15T11:24:55.663+0000] {logging_mixin.py:188} INFO - [2025-09-15T11:24:55.662+0000] {dagbag.py:540} INFO - Filling up the DagBag from /opt/airflow/dags/cleaning/hour_clean.py
[2025-09-15T11:24:55.674+0000] {processor.py:842} WARNING - No viable dags retrieved from /opt/airflow/dags/cleaning/hour_clean.py
[2025-09-15T11:24:55.687+0000] {processor.py:183} INFO - Processing /opt/airflow/dags/cleaning/hour_clean.py took 0.033 seconds
[2025-09-15T11:25:25.768+0000] {processor.py:161} INFO - Started process (PID=9133) to work on /opt/airflow/dags/cleaning/hour_clean.py
[2025-09-15T11:25:25.771+0000] {processor.py:830} INFO - Processing file /opt/airflow/dags/cleaning/hour_clean.py for tasks to queue
[2025-09-15T11:25:25.774+0000] {logging_mixin.py:188} INFO - [2025-09-15T11:25:25.771+0000] {dagbag.py:540} INFO - Filling up the DagBag from /opt/airflow/dags/cleaning/hour_clean.py
[2025-09-15T11:25:25.794+0000] {processor.py:842} WARNING - No viable dags retrieved from /opt/airflow/dags/cleaning/hour_clean.py
[2025-09-15T11:25:25.817+0000] {processor.py:183} INFO - Processing /opt/airflow/dags/cleaning/hour_clean.py took 0.066 seconds
[2025-09-15T11:25:56.431+0000] {processor.py:161} INFO - Started process (PID=9168) to work on /opt/airflow/dags/cleaning/hour_clean.py
[2025-09-15T11:25:56.432+0000] {processor.py:830} INFO - Processing file /opt/airflow/dags/cleaning/hour_clean.py for tasks to queue
[2025-09-15T11:25:56.432+0000] {logging_mixin.py:188} INFO - [2025-09-15T11:25:56.432+0000] {dagbag.py:540} INFO - Filling up the DagBag from /opt/airflow/dags/cleaning/hour_clean.py
[2025-09-15T11:25:56.443+0000] {processor.py:842} WARNING - No viable dags retrieved from /opt/airflow/dags/cleaning/hour_clean.py
[2025-09-15T11:25:56.458+0000] {processor.py:183} INFO - Processing /opt/airflow/dags/cleaning/hour_clean.py took 0.033 seconds
[2025-09-15T11:26:26.937+0000] {processor.py:161} INFO - Started process (PID=9203) to work on /opt/airflow/dags/cleaning/hour_clean.py
[2025-09-15T11:26:26.938+0000] {processor.py:830} INFO - Processing file /opt/airflow/dags/cleaning/hour_clean.py for tasks to queue
[2025-09-15T11:26:26.939+0000] {logging_mixin.py:188} INFO - [2025-09-15T11:26:26.939+0000] {dagbag.py:540} INFO - Filling up the DagBag from /opt/airflow/dags/cleaning/hour_clean.py
[2025-09-15T11:26:26.952+0000] {processor.py:842} WARNING - No viable dags retrieved from /opt/airflow/dags/cleaning/hour_clean.py
[2025-09-15T11:26:26.966+0000] {processor.py:183} INFO - Processing /opt/airflow/dags/cleaning/hour_clean.py took 0.034 seconds
[2025-09-15T11:26:57.516+0000] {processor.py:161} INFO - Started process (PID=9238) to work on /opt/airflow/dags/cleaning/hour_clean.py
[2025-09-15T11:26:57.517+0000] {processor.py:830} INFO - Processing file /opt/airflow/dags/cleaning/hour_clean.py for tasks to queue
[2025-09-15T11:26:57.518+0000] {logging_mixin.py:188} INFO - [2025-09-15T11:26:57.518+0000] {dagbag.py:540} INFO - Filling up the DagBag from /opt/airflow/dags/cleaning/hour_clean.py
[2025-09-15T11:26:57.529+0000] {processor.py:842} WARNING - No viable dags retrieved from /opt/airflow/dags/cleaning/hour_clean.py
[2025-09-15T11:26:57.544+0000] {processor.py:183} INFO - Processing /opt/airflow/dags/cleaning/hour_clean.py took 0.033 seconds
[2025-09-15T11:27:28.399+0000] {processor.py:161} INFO - Started process (PID=9273) to work on /opt/airflow/dags/cleaning/hour_clean.py
[2025-09-15T11:27:28.400+0000] {processor.py:830} INFO - Processing file /opt/airflow/dags/cleaning/hour_clean.py for tasks to queue
[2025-09-15T11:27:28.401+0000] {logging_mixin.py:188} INFO - [2025-09-15T11:27:28.401+0000] {dagbag.py:540} INFO - Filling up the DagBag from /opt/airflow/dags/cleaning/hour_clean.py
[2025-09-15T11:27:28.415+0000] {processor.py:842} WARNING - No viable dags retrieved from /opt/airflow/dags/cleaning/hour_clean.py
[2025-09-15T11:27:28.442+0000] {processor.py:183} INFO - Processing /opt/airflow/dags/cleaning/hour_clean.py took 0.050 seconds
[2025-09-15T11:27:58.889+0000] {processor.py:161} INFO - Started process (PID=9308) to work on /opt/airflow/dags/cleaning/hour_clean.py
[2025-09-15T11:27:58.891+0000] {processor.py:830} INFO - Processing file /opt/airflow/dags/cleaning/hour_clean.py for tasks to queue
[2025-09-15T11:27:58.891+0000] {logging_mixin.py:188} INFO - [2025-09-15T11:27:58.891+0000] {dagbag.py:540} INFO - Filling up the DagBag from /opt/airflow/dags/cleaning/hour_clean.py
[2025-09-15T11:27:58.902+0000] {processor.py:842} WARNING - No viable dags retrieved from /opt/airflow/dags/cleaning/hour_clean.py
[2025-09-15T11:27:58.917+0000] {processor.py:183} INFO - Processing /opt/airflow/dags/cleaning/hour_clean.py took 0.034 seconds
[2025-09-15T11:28:29.431+0000] {processor.py:161} INFO - Started process (PID=9343) to work on /opt/airflow/dags/cleaning/hour_clean.py
[2025-09-15T11:28:29.433+0000] {processor.py:830} INFO - Processing file /opt/airflow/dags/cleaning/hour_clean.py for tasks to queue
[2025-09-15T11:28:29.434+0000] {logging_mixin.py:188} INFO - [2025-09-15T11:28:29.434+0000] {dagbag.py:540} INFO - Filling up the DagBag from /opt/airflow/dags/cleaning/hour_clean.py
[2025-09-15T11:28:29.458+0000] {processor.py:842} WARNING - No viable dags retrieved from /opt/airflow/dags/cleaning/hour_clean.py
[2025-09-15T11:28:29.486+0000] {processor.py:183} INFO - Processing /opt/airflow/dags/cleaning/hour_clean.py took 0.060 seconds
[2025-09-15T11:28:59.835+0000] {processor.py:161} INFO - Started process (PID=9378) to work on /opt/airflow/dags/cleaning/hour_clean.py
[2025-09-15T11:28:59.836+0000] {processor.py:830} INFO - Processing file /opt/airflow/dags/cleaning/hour_clean.py for tasks to queue
[2025-09-15T11:28:59.837+0000] {logging_mixin.py:188} INFO - [2025-09-15T11:28:59.836+0000] {dagbag.py:540} INFO - Filling up the DagBag from /opt/airflow/dags/cleaning/hour_clean.py
[2025-09-15T11:28:59.849+0000] {processor.py:842} WARNING - No viable dags retrieved from /opt/airflow/dags/cleaning/hour_clean.py
[2025-09-15T11:28:59.863+0000] {processor.py:183} INFO - Processing /opt/airflow/dags/cleaning/hour_clean.py took 0.034 seconds
[2025-09-15T11:29:30.333+0000] {processor.py:161} INFO - Started process (PID=9413) to work on /opt/airflow/dags/cleaning/hour_clean.py
[2025-09-15T11:29:30.334+0000] {processor.py:830} INFO - Processing file /opt/airflow/dags/cleaning/hour_clean.py for tasks to queue
[2025-09-15T11:29:30.335+0000] {logging_mixin.py:188} INFO - [2025-09-15T11:29:30.335+0000] {dagbag.py:540} INFO - Filling up the DagBag from /opt/airflow/dags/cleaning/hour_clean.py
[2025-09-15T11:29:30.345+0000] {processor.py:842} WARNING - No viable dags retrieved from /opt/airflow/dags/cleaning/hour_clean.py
[2025-09-15T11:29:30.359+0000] {processor.py:183} INFO - Processing /opt/airflow/dags/cleaning/hour_clean.py took 0.031 seconds
[2025-09-15T11:30:00.864+0000] {processor.py:161} INFO - Started process (PID=9448) to work on /opt/airflow/dags/cleaning/hour_clean.py
[2025-09-15T11:30:00.865+0000] {processor.py:830} INFO - Processing file /opt/airflow/dags/cleaning/hour_clean.py for tasks to queue
[2025-09-15T11:30:00.866+0000] {logging_mixin.py:188} INFO - [2025-09-15T11:30:00.866+0000] {dagbag.py:540} INFO - Filling up the DagBag from /opt/airflow/dags/cleaning/hour_clean.py
[2025-09-15T11:30:00.876+0000] {processor.py:842} WARNING - No viable dags retrieved from /opt/airflow/dags/cleaning/hour_clean.py
[2025-09-15T11:30:00.890+0000] {processor.py:183} INFO - Processing /opt/airflow/dags/cleaning/hour_clean.py took 0.032 seconds
[2025-09-15T11:30:31.293+0000] {processor.py:161} INFO - Started process (PID=9483) to work on /opt/airflow/dags/cleaning/hour_clean.py
[2025-09-15T11:30:31.294+0000] {processor.py:830} INFO - Processing file /opt/airflow/dags/cleaning/hour_clean.py for tasks to queue
[2025-09-15T11:30:31.295+0000] {logging_mixin.py:188} INFO - [2025-09-15T11:30:31.295+0000] {dagbag.py:540} INFO - Filling up the DagBag from /opt/airflow/dags/cleaning/hour_clean.py
[2025-09-15T11:30:31.307+0000] {processor.py:842} WARNING - No viable dags retrieved from /opt/airflow/dags/cleaning/hour_clean.py
[2025-09-15T11:30:31.323+0000] {processor.py:183} INFO - Processing /opt/airflow/dags/cleaning/hour_clean.py took 0.037 seconds
[2025-09-15T11:31:01.764+0000] {processor.py:161} INFO - Started process (PID=9518) to work on /opt/airflow/dags/cleaning/hour_clean.py
[2025-09-15T11:31:01.766+0000] {processor.py:830} INFO - Processing file /opt/airflow/dags/cleaning/hour_clean.py for tasks to queue
[2025-09-15T11:31:01.766+0000] {logging_mixin.py:188} INFO - [2025-09-15T11:31:01.766+0000] {dagbag.py:540} INFO - Filling up the DagBag from /opt/airflow/dags/cleaning/hour_clean.py
[2025-09-15T11:31:01.778+0000] {processor.py:842} WARNING - No viable dags retrieved from /opt/airflow/dags/cleaning/hour_clean.py
[2025-09-15T11:31:01.796+0000] {processor.py:183} INFO - Processing /opt/airflow/dags/cleaning/hour_clean.py took 0.037 seconds
[2025-09-15T11:31:32.395+0000] {processor.py:161} INFO - Started process (PID=9553) to work on /opt/airflow/dags/cleaning/hour_clean.py
[2025-09-15T11:31:32.396+0000] {processor.py:830} INFO - Processing file /opt/airflow/dags/cleaning/hour_clean.py for tasks to queue
[2025-09-15T11:31:32.397+0000] {logging_mixin.py:188} INFO - [2025-09-15T11:31:32.396+0000] {dagbag.py:540} INFO - Filling up the DagBag from /opt/airflow/dags/cleaning/hour_clean.py
[2025-09-15T11:31:32.407+0000] {processor.py:842} WARNING - No viable dags retrieved from /opt/airflow/dags/cleaning/hour_clean.py
[2025-09-15T11:31:32.421+0000] {processor.py:183} INFO - Processing /opt/airflow/dags/cleaning/hour_clean.py took 0.031 seconds
[2025-09-15T11:32:02.770+0000] {processor.py:161} INFO - Started process (PID=9588) to work on /opt/airflow/dags/cleaning/hour_clean.py
[2025-09-15T11:32:02.771+0000] {processor.py:830} INFO - Processing file /opt/airflow/dags/cleaning/hour_clean.py for tasks to queue
[2025-09-15T11:32:02.772+0000] {logging_mixin.py:188} INFO - [2025-09-15T11:32:02.772+0000] {dagbag.py:540} INFO - Filling up the DagBag from /opt/airflow/dags/cleaning/hour_clean.py
[2025-09-15T11:32:02.784+0000] {processor.py:842} WARNING - No viable dags retrieved from /opt/airflow/dags/cleaning/hour_clean.py
[2025-09-15T11:32:02.798+0000] {processor.py:183} INFO - Processing /opt/airflow/dags/cleaning/hour_clean.py took 0.034 seconds
[2025-09-15T11:32:33.285+0000] {processor.py:161} INFO - Started process (PID=9623) to work on /opt/airflow/dags/cleaning/hour_clean.py
[2025-09-15T11:32:33.286+0000] {processor.py:830} INFO - Processing file /opt/airflow/dags/cleaning/hour_clean.py for tasks to queue
[2025-09-15T11:32:33.287+0000] {logging_mixin.py:188} INFO - [2025-09-15T11:32:33.287+0000] {dagbag.py:540} INFO - Filling up the DagBag from /opt/airflow/dags/cleaning/hour_clean.py
[2025-09-15T11:32:33.299+0000] {processor.py:842} WARNING - No viable dags retrieved from /opt/airflow/dags/cleaning/hour_clean.py
[2025-09-15T11:32:33.315+0000] {processor.py:183} INFO - Processing /opt/airflow/dags/cleaning/hour_clean.py took 0.036 seconds
[2025-09-15T11:33:03.772+0000] {processor.py:161} INFO - Started process (PID=9658) to work on /opt/airflow/dags/cleaning/hour_clean.py
[2025-09-15T11:33:03.773+0000] {processor.py:830} INFO - Processing file /opt/airflow/dags/cleaning/hour_clean.py for tasks to queue
[2025-09-15T11:33:03.774+0000] {logging_mixin.py:188} INFO - [2025-09-15T11:33:03.774+0000] {dagbag.py:540} INFO - Filling up the DagBag from /opt/airflow/dags/cleaning/hour_clean.py
[2025-09-15T11:33:03.786+0000] {processor.py:842} WARNING - No viable dags retrieved from /opt/airflow/dags/cleaning/hour_clean.py
[2025-09-15T11:33:03.802+0000] {processor.py:183} INFO - Processing /opt/airflow/dags/cleaning/hour_clean.py took 0.036 seconds
[2025-09-15T11:33:33.899+0000] {processor.py:161} INFO - Started process (PID=9693) to work on /opt/airflow/dags/cleaning/hour_clean.py
[2025-09-15T11:33:33.900+0000] {processor.py:830} INFO - Processing file /opt/airflow/dags/cleaning/hour_clean.py for tasks to queue
[2025-09-15T11:33:33.901+0000] {logging_mixin.py:188} INFO - [2025-09-15T11:33:33.901+0000] {dagbag.py:540} INFO - Filling up the DagBag from /opt/airflow/dags/cleaning/hour_clean.py
[2025-09-15T11:33:33.914+0000] {processor.py:842} WARNING - No viable dags retrieved from /opt/airflow/dags/cleaning/hour_clean.py
[2025-09-15T11:33:33.930+0000] {processor.py:183} INFO - Processing /opt/airflow/dags/cleaning/hour_clean.py took 0.037 seconds
[2025-09-15T11:34:04.740+0000] {processor.py:161} INFO - Started process (PID=9728) to work on /opt/airflow/dags/cleaning/hour_clean.py
[2025-09-15T11:34:04.741+0000] {processor.py:830} INFO - Processing file /opt/airflow/dags/cleaning/hour_clean.py for tasks to queue
[2025-09-15T11:34:04.741+0000] {logging_mixin.py:188} INFO - [2025-09-15T11:34:04.741+0000] {dagbag.py:540} INFO - Filling up the DagBag from /opt/airflow/dags/cleaning/hour_clean.py
[2025-09-15T11:34:04.752+0000] {processor.py:842} WARNING - No viable dags retrieved from /opt/airflow/dags/cleaning/hour_clean.py
[2025-09-15T11:34:04.767+0000] {processor.py:183} INFO - Processing /opt/airflow/dags/cleaning/hour_clean.py took 0.033 seconds
[2025-09-15T11:34:35.294+0000] {processor.py:161} INFO - Started process (PID=9763) to work on /opt/airflow/dags/cleaning/hour_clean.py
[2025-09-15T11:34:35.295+0000] {processor.py:830} INFO - Processing file /opt/airflow/dags/cleaning/hour_clean.py for tasks to queue
[2025-09-15T11:34:35.296+0000] {logging_mixin.py:188} INFO - [2025-09-15T11:34:35.296+0000] {dagbag.py:540} INFO - Filling up the DagBag from /opt/airflow/dags/cleaning/hour_clean.py
[2025-09-15T11:34:35.311+0000] {processor.py:842} WARNING - No viable dags retrieved from /opt/airflow/dags/cleaning/hour_clean.py
[2025-09-15T11:34:35.334+0000] {processor.py:183} INFO - Processing /opt/airflow/dags/cleaning/hour_clean.py took 0.047 seconds
[2025-09-15T11:35:06.065+0000] {processor.py:161} INFO - Started process (PID=9798) to work on /opt/airflow/dags/cleaning/hour_clean.py
[2025-09-15T11:35:06.066+0000] {processor.py:830} INFO - Processing file /opt/airflow/dags/cleaning/hour_clean.py for tasks to queue
[2025-09-15T11:35:06.067+0000] {logging_mixin.py:188} INFO - [2025-09-15T11:35:06.067+0000] {dagbag.py:540} INFO - Filling up the DagBag from /opt/airflow/dags/cleaning/hour_clean.py
[2025-09-15T11:35:06.084+0000] {processor.py:842} WARNING - No viable dags retrieved from /opt/airflow/dags/cleaning/hour_clean.py
[2025-09-15T11:35:06.102+0000] {processor.py:183} INFO - Processing /opt/airflow/dags/cleaning/hour_clean.py took 0.044 seconds
[2025-09-15T11:35:36.724+0000] {processor.py:161} INFO - Started process (PID=9833) to work on /opt/airflow/dags/cleaning/hour_clean.py
[2025-09-15T11:35:36.726+0000] {processor.py:830} INFO - Processing file /opt/airflow/dags/cleaning/hour_clean.py for tasks to queue
[2025-09-15T11:35:36.727+0000] {logging_mixin.py:188} INFO - [2025-09-15T11:35:36.727+0000] {dagbag.py:540} INFO - Filling up the DagBag from /opt/airflow/dags/cleaning/hour_clean.py
[2025-09-15T11:35:36.742+0000] {processor.py:842} WARNING - No viable dags retrieved from /opt/airflow/dags/cleaning/hour_clean.py
[2025-09-15T11:35:36.759+0000] {processor.py:183} INFO - Processing /opt/airflow/dags/cleaning/hour_clean.py took 0.058 seconds
[2025-09-15T11:36:07.205+0000] {processor.py:161} INFO - Started process (PID=9868) to work on /opt/airflow/dags/cleaning/hour_clean.py
[2025-09-15T11:36:07.207+0000] {processor.py:830} INFO - Processing file /opt/airflow/dags/cleaning/hour_clean.py for tasks to queue
[2025-09-15T11:36:07.208+0000] {logging_mixin.py:188} INFO - [2025-09-15T11:36:07.207+0000] {dagbag.py:540} INFO - Filling up the DagBag from /opt/airflow/dags/cleaning/hour_clean.py
[2025-09-15T11:36:07.221+0000] {processor.py:842} WARNING - No viable dags retrieved from /opt/airflow/dags/cleaning/hour_clean.py
[2025-09-15T11:36:07.238+0000] {processor.py:183} INFO - Processing /opt/airflow/dags/cleaning/hour_clean.py took 0.039 seconds
[2025-09-15T11:36:38.027+0000] {processor.py:161} INFO - Started process (PID=9903) to work on /opt/airflow/dags/cleaning/hour_clean.py
[2025-09-15T11:36:38.033+0000] {processor.py:830} INFO - Processing file /opt/airflow/dags/cleaning/hour_clean.py for tasks to queue
[2025-09-15T11:36:38.034+0000] {logging_mixin.py:188} INFO - [2025-09-15T11:36:38.034+0000] {dagbag.py:540} INFO - Filling up the DagBag from /opt/airflow/dags/cleaning/hour_clean.py
[2025-09-15T11:36:38.064+0000] {processor.py:842} WARNING - No viable dags retrieved from /opt/airflow/dags/cleaning/hour_clean.py
[2025-09-15T11:36:38.108+0000] {processor.py:183} INFO - Processing /opt/airflow/dags/cleaning/hour_clean.py took 0.100 seconds
[2025-09-15T11:37:08.736+0000] {processor.py:161} INFO - Started process (PID=9938) to work on /opt/airflow/dags/cleaning/hour_clean.py
[2025-09-15T11:37:08.737+0000] {processor.py:830} INFO - Processing file /opt/airflow/dags/cleaning/hour_clean.py for tasks to queue
[2025-09-15T11:37:08.739+0000] {logging_mixin.py:188} INFO - [2025-09-15T11:37:08.739+0000] {dagbag.py:540} INFO - Filling up the DagBag from /opt/airflow/dags/cleaning/hour_clean.py
[2025-09-15T11:37:08.761+0000] {processor.py:842} WARNING - No viable dags retrieved from /opt/airflow/dags/cleaning/hour_clean.py
[2025-09-15T11:37:08.778+0000] {processor.py:183} INFO - Processing /opt/airflow/dags/cleaning/hour_clean.py took 0.049 seconds
[2025-09-15T11:37:39.304+0000] {processor.py:161} INFO - Started process (PID=9973) to work on /opt/airflow/dags/cleaning/hour_clean.py
[2025-09-15T11:37:39.305+0000] {processor.py:830} INFO - Processing file /opt/airflow/dags/cleaning/hour_clean.py for tasks to queue
[2025-09-15T11:37:39.306+0000] {logging_mixin.py:188} INFO - [2025-09-15T11:37:39.306+0000] {dagbag.py:540} INFO - Filling up the DagBag from /opt/airflow/dags/cleaning/hour_clean.py
[2025-09-15T11:37:39.317+0000] {processor.py:842} WARNING - No viable dags retrieved from /opt/airflow/dags/cleaning/hour_clean.py
[2025-09-15T11:37:39.332+0000] {processor.py:183} INFO - Processing /opt/airflow/dags/cleaning/hour_clean.py took 0.033 seconds
[2025-09-15T11:38:09.841+0000] {processor.py:161} INFO - Started process (PID=10008) to work on /opt/airflow/dags/cleaning/hour_clean.py
[2025-09-15T11:38:09.843+0000] {processor.py:830} INFO - Processing file /opt/airflow/dags/cleaning/hour_clean.py for tasks to queue
[2025-09-15T11:38:09.844+0000] {logging_mixin.py:188} INFO - [2025-09-15T11:38:09.843+0000] {dagbag.py:540} INFO - Filling up the DagBag from /opt/airflow/dags/cleaning/hour_clean.py
[2025-09-15T11:38:09.866+0000] {processor.py:842} WARNING - No viable dags retrieved from /opt/airflow/dags/cleaning/hour_clean.py
[2025-09-15T11:38:09.890+0000] {processor.py:183} INFO - Processing /opt/airflow/dags/cleaning/hour_clean.py took 0.056 seconds
[2025-09-15T11:38:40.303+0000] {processor.py:161} INFO - Started process (PID=10043) to work on /opt/airflow/dags/cleaning/hour_clean.py
[2025-09-15T11:38:40.304+0000] {processor.py:830} INFO - Processing file /opt/airflow/dags/cleaning/hour_clean.py for tasks to queue
[2025-09-15T11:38:40.306+0000] {logging_mixin.py:188} INFO - [2025-09-15T11:38:40.305+0000] {dagbag.py:540} INFO - Filling up the DagBag from /opt/airflow/dags/cleaning/hour_clean.py
[2025-09-15T11:38:40.322+0000] {processor.py:842} WARNING - No viable dags retrieved from /opt/airflow/dags/cleaning/hour_clean.py
[2025-09-15T11:38:40.340+0000] {processor.py:183} INFO - Processing /opt/airflow/dags/cleaning/hour_clean.py took 0.044 seconds
[2025-09-15T11:39:10.947+0000] {processor.py:161} INFO - Started process (PID=10078) to work on /opt/airflow/dags/cleaning/hour_clean.py
[2025-09-15T11:39:10.948+0000] {processor.py:830} INFO - Processing file /opt/airflow/dags/cleaning/hour_clean.py for tasks to queue
[2025-09-15T11:39:10.949+0000] {logging_mixin.py:188} INFO - [2025-09-15T11:39:10.949+0000] {dagbag.py:540} INFO - Filling up the DagBag from /opt/airflow/dags/cleaning/hour_clean.py
[2025-09-15T11:39:10.962+0000] {processor.py:842} WARNING - No viable dags retrieved from /opt/airflow/dags/cleaning/hour_clean.py
[2025-09-15T11:39:10.980+0000] {processor.py:183} INFO - Processing /opt/airflow/dags/cleaning/hour_clean.py took 0.039 seconds
[2025-09-15T11:39:41.458+0000] {processor.py:161} INFO - Started process (PID=10113) to work on /opt/airflow/dags/cleaning/hour_clean.py
[2025-09-15T11:39:41.460+0000] {processor.py:830} INFO - Processing file /opt/airflow/dags/cleaning/hour_clean.py for tasks to queue
[2025-09-15T11:39:41.461+0000] {logging_mixin.py:188} INFO - [2025-09-15T11:39:41.460+0000] {dagbag.py:540} INFO - Filling up the DagBag from /opt/airflow/dags/cleaning/hour_clean.py
[2025-09-15T11:39:41.476+0000] {processor.py:842} WARNING - No viable dags retrieved from /opt/airflow/dags/cleaning/hour_clean.py
[2025-09-15T11:39:41.498+0000] {processor.py:183} INFO - Processing /opt/airflow/dags/cleaning/hour_clean.py took 0.047 seconds
[2025-09-15T11:40:12.044+0000] {processor.py:161} INFO - Started process (PID=10148) to work on /opt/airflow/dags/cleaning/hour_clean.py
[2025-09-15T11:40:12.046+0000] {processor.py:830} INFO - Processing file /opt/airflow/dags/cleaning/hour_clean.py for tasks to queue
[2025-09-15T11:40:12.048+0000] {logging_mixin.py:188} INFO - [2025-09-15T11:40:12.047+0000] {dagbag.py:540} INFO - Filling up the DagBag from /opt/airflow/dags/cleaning/hour_clean.py
[2025-09-15T11:40:12.067+0000] {processor.py:842} WARNING - No viable dags retrieved from /opt/airflow/dags/cleaning/hour_clean.py
[2025-09-15T11:40:12.087+0000] {processor.py:183} INFO - Processing /opt/airflow/dags/cleaning/hour_clean.py took 0.052 seconds
[2025-09-15T11:40:42.294+0000] {processor.py:161} INFO - Started process (PID=10183) to work on /opt/airflow/dags/cleaning/hour_clean.py
[2025-09-15T11:40:42.295+0000] {processor.py:830} INFO - Processing file /opt/airflow/dags/cleaning/hour_clean.py for tasks to queue
[2025-09-15T11:40:42.296+0000] {logging_mixin.py:188} INFO - [2025-09-15T11:40:42.296+0000] {dagbag.py:540} INFO - Filling up the DagBag from /opt/airflow/dags/cleaning/hour_clean.py
[2025-09-15T11:40:42.307+0000] {processor.py:842} WARNING - No viable dags retrieved from /opt/airflow/dags/cleaning/hour_clean.py
[2025-09-15T11:40:42.328+0000] {processor.py:183} INFO - Processing /opt/airflow/dags/cleaning/hour_clean.py took 0.041 seconds
[2025-09-15T11:41:12.882+0000] {processor.py:161} INFO - Started process (PID=10218) to work on /opt/airflow/dags/cleaning/hour_clean.py
[2025-09-15T11:41:12.883+0000] {processor.py:830} INFO - Processing file /opt/airflow/dags/cleaning/hour_clean.py for tasks to queue
[2025-09-15T11:41:12.885+0000] {logging_mixin.py:188} INFO - [2025-09-15T11:41:12.884+0000] {dagbag.py:540} INFO - Filling up the DagBag from /opt/airflow/dags/cleaning/hour_clean.py
[2025-09-15T11:41:12.911+0000] {processor.py:842} WARNING - No viable dags retrieved from /opt/airflow/dags/cleaning/hour_clean.py
[2025-09-15T11:41:12.929+0000] {processor.py:183} INFO - Processing /opt/airflow/dags/cleaning/hour_clean.py took 0.060 seconds
[2025-09-15T11:41:43.493+0000] {processor.py:161} INFO - Started process (PID=10253) to work on /opt/airflow/dags/cleaning/hour_clean.py
[2025-09-15T11:41:43.495+0000] {processor.py:830} INFO - Processing file /opt/airflow/dags/cleaning/hour_clean.py for tasks to queue
[2025-09-15T11:41:43.497+0000] {logging_mixin.py:188} INFO - [2025-09-15T11:41:43.496+0000] {dagbag.py:540} INFO - Filling up the DagBag from /opt/airflow/dags/cleaning/hour_clean.py
[2025-09-15T11:41:43.513+0000] {processor.py:842} WARNING - No viable dags retrieved from /opt/airflow/dags/cleaning/hour_clean.py
[2025-09-15T11:41:43.534+0000] {processor.py:183} INFO - Processing /opt/airflow/dags/cleaning/hour_clean.py took 0.049 seconds
[2025-09-15T11:42:14.106+0000] {processor.py:161} INFO - Started process (PID=10288) to work on /opt/airflow/dags/cleaning/hour_clean.py
[2025-09-15T11:42:14.107+0000] {processor.py:830} INFO - Processing file /opt/airflow/dags/cleaning/hour_clean.py for tasks to queue
[2025-09-15T11:42:14.108+0000] {logging_mixin.py:188} INFO - [2025-09-15T11:42:14.108+0000] {dagbag.py:540} INFO - Filling up the DagBag from /opt/airflow/dags/cleaning/hour_clean.py
[2025-09-15T11:42:14.123+0000] {processor.py:842} WARNING - No viable dags retrieved from /opt/airflow/dags/cleaning/hour_clean.py
[2025-09-15T11:42:14.147+0000] {processor.py:183} INFO - Processing /opt/airflow/dags/cleaning/hour_clean.py took 0.048 seconds
[2025-09-15T11:42:44.580+0000] {processor.py:161} INFO - Started process (PID=10323) to work on /opt/airflow/dags/cleaning/hour_clean.py
[2025-09-15T11:42:44.581+0000] {processor.py:830} INFO - Processing file /opt/airflow/dags/cleaning/hour_clean.py for tasks to queue
[2025-09-15T11:42:44.583+0000] {logging_mixin.py:188} INFO - [2025-09-15T11:42:44.582+0000] {dagbag.py:540} INFO - Filling up the DagBag from /opt/airflow/dags/cleaning/hour_clean.py
[2025-09-15T11:42:44.593+0000] {processor.py:842} WARNING - No viable dags retrieved from /opt/airflow/dags/cleaning/hour_clean.py
[2025-09-15T11:42:44.610+0000] {processor.py:183} INFO - Processing /opt/airflow/dags/cleaning/hour_clean.py took 0.037 seconds
[2025-09-15T11:43:15.082+0000] {processor.py:161} INFO - Started process (PID=10358) to work on /opt/airflow/dags/cleaning/hour_clean.py
[2025-09-15T11:43:15.083+0000] {processor.py:830} INFO - Processing file /opt/airflow/dags/cleaning/hour_clean.py for tasks to queue
[2025-09-15T11:43:15.084+0000] {logging_mixin.py:188} INFO - [2025-09-15T11:43:15.084+0000] {dagbag.py:540} INFO - Filling up the DagBag from /opt/airflow/dags/cleaning/hour_clean.py
[2025-09-15T11:43:15.098+0000] {processor.py:842} WARNING - No viable dags retrieved from /opt/airflow/dags/cleaning/hour_clean.py
[2025-09-15T11:43:15.120+0000] {processor.py:183} INFO - Processing /opt/airflow/dags/cleaning/hour_clean.py took 0.045 seconds
[2025-09-15T11:43:45.589+0000] {processor.py:161} INFO - Started process (PID=10393) to work on /opt/airflow/dags/cleaning/hour_clean.py
[2025-09-15T11:43:45.590+0000] {processor.py:830} INFO - Processing file /opt/airflow/dags/cleaning/hour_clean.py for tasks to queue
[2025-09-15T11:43:45.591+0000] {logging_mixin.py:188} INFO - [2025-09-15T11:43:45.591+0000] {dagbag.py:540} INFO - Filling up the DagBag from /opt/airflow/dags/cleaning/hour_clean.py
[2025-09-15T11:43:45.602+0000] {processor.py:842} WARNING - No viable dags retrieved from /opt/airflow/dags/cleaning/hour_clean.py
[2025-09-15T11:43:45.624+0000] {processor.py:183} INFO - Processing /opt/airflow/dags/cleaning/hour_clean.py took 0.040 seconds
[2025-09-15T11:44:16.214+0000] {processor.py:161} INFO - Started process (PID=10428) to work on /opt/airflow/dags/cleaning/hour_clean.py
[2025-09-15T11:44:16.215+0000] {processor.py:830} INFO - Processing file /opt/airflow/dags/cleaning/hour_clean.py for tasks to queue
[2025-09-15T11:44:16.216+0000] {logging_mixin.py:188} INFO - [2025-09-15T11:44:16.216+0000] {dagbag.py:540} INFO - Filling up the DagBag from /opt/airflow/dags/cleaning/hour_clean.py
[2025-09-15T11:44:16.230+0000] {processor.py:842} WARNING - No viable dags retrieved from /opt/airflow/dags/cleaning/hour_clean.py
[2025-09-15T11:44:16.246+0000] {processor.py:183} INFO - Processing /opt/airflow/dags/cleaning/hour_clean.py took 0.038 seconds
[2025-09-15T11:44:46.802+0000] {processor.py:161} INFO - Started process (PID=10463) to work on /opt/airflow/dags/cleaning/hour_clean.py
[2025-09-15T11:44:46.803+0000] {processor.py:830} INFO - Processing file /opt/airflow/dags/cleaning/hour_clean.py for tasks to queue
[2025-09-15T11:44:46.804+0000] {logging_mixin.py:188} INFO - [2025-09-15T11:44:46.803+0000] {dagbag.py:540} INFO - Filling up the DagBag from /opt/airflow/dags/cleaning/hour_clean.py
[2025-09-15T11:44:46.816+0000] {processor.py:842} WARNING - No viable dags retrieved from /opt/airflow/dags/cleaning/hour_clean.py
[2025-09-15T11:44:46.833+0000] {processor.py:183} INFO - Processing /opt/airflow/dags/cleaning/hour_clean.py took 0.036 seconds
[2025-09-15T11:45:17.188+0000] {processor.py:161} INFO - Started process (PID=10498) to work on /opt/airflow/dags/cleaning/hour_clean.py
[2025-09-15T11:45:17.189+0000] {processor.py:830} INFO - Processing file /opt/airflow/dags/cleaning/hour_clean.py for tasks to queue
[2025-09-15T11:45:17.191+0000] {logging_mixin.py:188} INFO - [2025-09-15T11:45:17.190+0000] {dagbag.py:540} INFO - Filling up the DagBag from /opt/airflow/dags/cleaning/hour_clean.py
[2025-09-15T11:45:17.211+0000] {processor.py:842} WARNING - No viable dags retrieved from /opt/airflow/dags/cleaning/hour_clean.py
[2025-09-15T11:45:17.236+0000] {processor.py:183} INFO - Processing /opt/airflow/dags/cleaning/hour_clean.py took 0.058 seconds
[2025-09-15T11:45:47.357+0000] {processor.py:161} INFO - Started process (PID=10533) to work on /opt/airflow/dags/cleaning/hour_clean.py
[2025-09-15T11:45:47.359+0000] {processor.py:830} INFO - Processing file /opt/airflow/dags/cleaning/hour_clean.py for tasks to queue
[2025-09-15T11:45:47.360+0000] {logging_mixin.py:188} INFO - [2025-09-15T11:45:47.360+0000] {dagbag.py:540} INFO - Filling up the DagBag from /opt/airflow/dags/cleaning/hour_clean.py
[2025-09-15T11:45:47.374+0000] {processor.py:842} WARNING - No viable dags retrieved from /opt/airflow/dags/cleaning/hour_clean.py
[2025-09-15T11:45:47.390+0000] {processor.py:183} INFO - Processing /opt/airflow/dags/cleaning/hour_clean.py took 0.042 seconds
[2025-09-15T11:46:17.951+0000] {processor.py:161} INFO - Started process (PID=10568) to work on /opt/airflow/dags/cleaning/hour_clean.py
[2025-09-15T11:46:17.952+0000] {processor.py:830} INFO - Processing file /opt/airflow/dags/cleaning/hour_clean.py for tasks to queue
[2025-09-15T11:46:17.953+0000] {logging_mixin.py:188} INFO - [2025-09-15T11:46:17.953+0000] {dagbag.py:540} INFO - Filling up the DagBag from /opt/airflow/dags/cleaning/hour_clean.py
[2025-09-15T11:46:17.967+0000] {processor.py:842} WARNING - No viable dags retrieved from /opt/airflow/dags/cleaning/hour_clean.py
[2025-09-15T11:46:17.983+0000] {processor.py:183} INFO - Processing /opt/airflow/dags/cleaning/hour_clean.py took 0.039 seconds
[2025-09-15T11:46:48.861+0000] {processor.py:161} INFO - Started process (PID=10603) to work on /opt/airflow/dags/cleaning/hour_clean.py
[2025-09-15T11:46:48.863+0000] {processor.py:830} INFO - Processing file /opt/airflow/dags/cleaning/hour_clean.py for tasks to queue
[2025-09-15T11:46:48.867+0000] {logging_mixin.py:188} INFO - [2025-09-15T11:46:48.866+0000] {dagbag.py:540} INFO - Filling up the DagBag from /opt/airflow/dags/cleaning/hour_clean.py
[2025-09-15T11:46:48.894+0000] {processor.py:842} WARNING - No viable dags retrieved from /opt/airflow/dags/cleaning/hour_clean.py
[2025-09-15T11:46:48.912+0000] {processor.py:183} INFO - Processing /opt/airflow/dags/cleaning/hour_clean.py took 0.064 seconds
[2025-09-15T11:47:19.476+0000] {processor.py:161} INFO - Started process (PID=10638) to work on /opt/airflow/dags/cleaning/hour_clean.py
[2025-09-15T11:47:19.477+0000] {processor.py:830} INFO - Processing file /opt/airflow/dags/cleaning/hour_clean.py for tasks to queue
[2025-09-15T11:47:19.479+0000] {logging_mixin.py:188} INFO - [2025-09-15T11:47:19.478+0000] {dagbag.py:540} INFO - Filling up the DagBag from /opt/airflow/dags/cleaning/hour_clean.py
[2025-09-15T11:47:19.496+0000] {processor.py:842} WARNING - No viable dags retrieved from /opt/airflow/dags/cleaning/hour_clean.py
[2025-09-15T11:47:19.519+0000] {processor.py:183} INFO - Processing /opt/airflow/dags/cleaning/hour_clean.py took 0.050 seconds
[2025-09-15T11:47:50.109+0000] {processor.py:161} INFO - Started process (PID=10673) to work on /opt/airflow/dags/cleaning/hour_clean.py
[2025-09-15T11:47:50.110+0000] {processor.py:830} INFO - Processing file /opt/airflow/dags/cleaning/hour_clean.py for tasks to queue
[2025-09-15T11:47:50.111+0000] {logging_mixin.py:188} INFO - [2025-09-15T11:47:50.111+0000] {dagbag.py:540} INFO - Filling up the DagBag from /opt/airflow/dags/cleaning/hour_clean.py
[2025-09-15T11:47:50.125+0000] {processor.py:842} WARNING - No viable dags retrieved from /opt/airflow/dags/cleaning/hour_clean.py
[2025-09-15T11:47:50.142+0000] {processor.py:183} INFO - Processing /opt/airflow/dags/cleaning/hour_clean.py took 0.038 seconds
[2025-09-15T11:48:20.321+0000] {processor.py:161} INFO - Started process (PID=10708) to work on /opt/airflow/dags/cleaning/hour_clean.py
[2025-09-15T11:48:20.322+0000] {processor.py:830} INFO - Processing file /opt/airflow/dags/cleaning/hour_clean.py for tasks to queue
[2025-09-15T11:48:20.323+0000] {logging_mixin.py:188} INFO - [2025-09-15T11:48:20.323+0000] {dagbag.py:540} INFO - Filling up the DagBag from /opt/airflow/dags/cleaning/hour_clean.py
[2025-09-15T11:48:20.342+0000] {processor.py:842} WARNING - No viable dags retrieved from /opt/airflow/dags/cleaning/hour_clean.py
[2025-09-15T11:48:20.374+0000] {processor.py:183} INFO - Processing /opt/airflow/dags/cleaning/hour_clean.py took 0.068 seconds
[2025-09-15T11:48:50.880+0000] {processor.py:161} INFO - Started process (PID=10743) to work on /opt/airflow/dags/cleaning/hour_clean.py
[2025-09-15T11:48:50.882+0000] {processor.py:830} INFO - Processing file /opt/airflow/dags/cleaning/hour_clean.py for tasks to queue
[2025-09-15T11:48:50.883+0000] {logging_mixin.py:188} INFO - [2025-09-15T11:48:50.882+0000] {dagbag.py:540} INFO - Filling up the DagBag from /opt/airflow/dags/cleaning/hour_clean.py
[2025-09-15T11:48:50.895+0000] {processor.py:842} WARNING - No viable dags retrieved from /opt/airflow/dags/cleaning/hour_clean.py
[2025-09-15T11:48:50.912+0000] {processor.py:183} INFO - Processing /opt/airflow/dags/cleaning/hour_clean.py took 0.041 seconds
[2025-09-15T11:49:21.361+0000] {processor.py:161} INFO - Started process (PID=10778) to work on /opt/airflow/dags/cleaning/hour_clean.py
[2025-09-15T11:49:21.362+0000] {processor.py:830} INFO - Processing file /opt/airflow/dags/cleaning/hour_clean.py for tasks to queue
[2025-09-15T11:49:21.363+0000] {logging_mixin.py:188} INFO - [2025-09-15T11:49:21.362+0000] {dagbag.py:540} INFO - Filling up the DagBag from /opt/airflow/dags/cleaning/hour_clean.py
[2025-09-15T11:49:21.374+0000] {processor.py:842} WARNING - No viable dags retrieved from /opt/airflow/dags/cleaning/hour_clean.py
[2025-09-15T11:49:21.391+0000] {processor.py:183} INFO - Processing /opt/airflow/dags/cleaning/hour_clean.py took 0.037 seconds
[2025-09-15T11:49:51.902+0000] {processor.py:161} INFO - Started process (PID=10813) to work on /opt/airflow/dags/cleaning/hour_clean.py
[2025-09-15T11:49:51.903+0000] {processor.py:830} INFO - Processing file /opt/airflow/dags/cleaning/hour_clean.py for tasks to queue
[2025-09-15T11:49:51.905+0000] {logging_mixin.py:188} INFO - [2025-09-15T11:49:51.904+0000] {dagbag.py:540} INFO - Filling up the DagBag from /opt/airflow/dags/cleaning/hour_clean.py
[2025-09-15T11:49:51.926+0000] {processor.py:842} WARNING - No viable dags retrieved from /opt/airflow/dags/cleaning/hour_clean.py
[2025-09-15T11:49:51.948+0000] {processor.py:183} INFO - Processing /opt/airflow/dags/cleaning/hour_clean.py took 0.059 seconds
[2025-09-15T11:50:22.374+0000] {processor.py:161} INFO - Started process (PID=10848) to work on /opt/airflow/dags/cleaning/hour_clean.py
[2025-09-15T11:50:22.375+0000] {processor.py:830} INFO - Processing file /opt/airflow/dags/cleaning/hour_clean.py for tasks to queue
[2025-09-15T11:50:22.376+0000] {logging_mixin.py:188} INFO - [2025-09-15T11:50:22.375+0000] {dagbag.py:540} INFO - Filling up the DagBag from /opt/airflow/dags/cleaning/hour_clean.py
[2025-09-15T11:50:22.388+0000] {processor.py:842} WARNING - No viable dags retrieved from /opt/airflow/dags/cleaning/hour_clean.py
[2025-09-15T11:50:22.408+0000] {processor.py:183} INFO - Processing /opt/airflow/dags/cleaning/hour_clean.py took 0.041 seconds
[2025-09-15T11:50:53.292+0000] {processor.py:161} INFO - Started process (PID=10883) to work on /opt/airflow/dags/cleaning/hour_clean.py
[2025-09-15T11:50:53.294+0000] {processor.py:830} INFO - Processing file /opt/airflow/dags/cleaning/hour_clean.py for tasks to queue
[2025-09-15T11:50:53.296+0000] {logging_mixin.py:188} INFO - [2025-09-15T11:50:53.295+0000] {dagbag.py:540} INFO - Filling up the DagBag from /opt/airflow/dags/cleaning/hour_clean.py
[2025-09-15T11:50:53.313+0000] {processor.py:842} WARNING - No viable dags retrieved from /opt/airflow/dags/cleaning/hour_clean.py
[2025-09-15T11:50:53.344+0000] {processor.py:183} INFO - Processing /opt/airflow/dags/cleaning/hour_clean.py took 0.062 seconds
[2025-09-15T11:51:24.623+0000] {processor.py:161} INFO - Started process (PID=10921) to work on /opt/airflow/dags/cleaning/hour_clean.py
[2025-09-15T11:51:24.645+0000] {processor.py:830} INFO - Processing file /opt/airflow/dags/cleaning/hour_clean.py for tasks to queue
[2025-09-15T11:51:24.654+0000] {logging_mixin.py:188} INFO - [2025-09-15T11:51:24.648+0000] {dagbag.py:540} INFO - Filling up the DagBag from /opt/airflow/dags/cleaning/hour_clean.py
[2025-09-15T11:51:24.827+0000] {processor.py:842} WARNING - No viable dags retrieved from /opt/airflow/dags/cleaning/hour_clean.py
[2025-09-15T11:51:24.837+0000] {processor.py:186} ERROR - Got an exception! Propagating...
Traceback (most recent call last):
  File "/home/airflow/.local/lib/python3.12/site-packages/sqlalchemy/engine/base.py", line 3371, in _wrap_pool_connect
    return fn()
           ^^^^
  File "/home/airflow/.local/lib/python3.12/site-packages/sqlalchemy/pool/base.py", line 327, in connect
    return _ConnectionFairy._checkout(self)
           ^^^^^^^^^^^^^^^^^^^^^^^^^^^^^^^^
  File "/home/airflow/.local/lib/python3.12/site-packages/sqlalchemy/pool/base.py", line 894, in _checkout
    fairy = _ConnectionRecord.checkout(pool)
            ^^^^^^^^^^^^^^^^^^^^^^^^^^^^^^^^
  File "/home/airflow/.local/lib/python3.12/site-packages/sqlalchemy/pool/base.py", line 493, in checkout
    rec = pool._do_get()
          ^^^^^^^^^^^^^^
  File "/home/airflow/.local/lib/python3.12/site-packages/sqlalchemy/pool/impl.py", line 145, in _do_get
    with util.safe_reraise():
  File "/home/airflow/.local/lib/python3.12/site-packages/sqlalchemy/util/langhelpers.py", line 70, in __exit__
    compat.raise_(
  File "/home/airflow/.local/lib/python3.12/site-packages/sqlalchemy/util/compat.py", line 211, in raise_
    raise exception
  File "/home/airflow/.local/lib/python3.12/site-packages/sqlalchemy/pool/impl.py", line 143, in _do_get
    return self._create_connection()
           ^^^^^^^^^^^^^^^^^^^^^^^^^
  File "/home/airflow/.local/lib/python3.12/site-packages/sqlalchemy/pool/base.py", line 273, in _create_connection
    return _ConnectionRecord(self)
           ^^^^^^^^^^^^^^^^^^^^^^^
  File "/home/airflow/.local/lib/python3.12/site-packages/sqlalchemy/pool/base.py", line 388, in __init__
    self.__connect()
  File "/home/airflow/.local/lib/python3.12/site-packages/sqlalchemy/pool/base.py", line 690, in __connect
    with util.safe_reraise():
  File "/home/airflow/.local/lib/python3.12/site-packages/sqlalchemy/util/langhelpers.py", line 70, in __exit__
    compat.raise_(
  File "/home/airflow/.local/lib/python3.12/site-packages/sqlalchemy/util/compat.py", line 211, in raise_
    raise exception
  File "/home/airflow/.local/lib/python3.12/site-packages/sqlalchemy/pool/base.py", line 686, in __connect
    self.dbapi_connection = connection = pool._invoke_creator(self)
                                         ^^^^^^^^^^^^^^^^^^^^^^^^^^
  File "/home/airflow/.local/lib/python3.12/site-packages/sqlalchemy/engine/create.py", line 574, in connect
    return dialect.connect(*cargs, **cparams)
           ^^^^^^^^^^^^^^^^^^^^^^^^^^^^^^^^^^
  File "/home/airflow/.local/lib/python3.12/site-packages/sqlalchemy/engine/default.py", line 598, in connect
    return self.dbapi.connect(*cargs, **cparams)
           ^^^^^^^^^^^^^^^^^^^^^^^^^^^^^^^^^^^^^
  File "/home/airflow/.local/lib/python3.12/site-packages/psycopg2/__init__.py", line 122, in connect
    conn = _connect(dsn, connection_factory=connection_factory, **kwasync)
           ^^^^^^^^^^^^^^^^^^^^^^^^^^^^^^^^^^^^^^^^^^^^^^^^^^^^^^^^^^^^^^^
psycopg2.OperationalError: connection to server at "postgres" (172.18.0.4), port 5432 failed: Connection refused
	Is the server running on that host and accepting TCP/IP connections?


The above exception was the direct cause of the following exception:

Traceback (most recent call last):
  File "/home/airflow/.local/lib/python3.12/site-packages/airflow/dag_processing/processor.py", line 182, in _run_file_processor
    _handle_dag_file_processing()
  File "/home/airflow/.local/lib/python3.12/site-packages/airflow/dag_processing/processor.py", line 163, in _handle_dag_file_processing
    result: tuple[int, int] = dag_file_processor.process_file(
                              ^^^^^^^^^^^^^^^^^^^^^^^^^^^^^^^^
  File "/home/airflow/.local/lib/python3.12/site-packages/airflow/utils/session.py", line 79, in wrapper
    return func(*args, session=session, **kwargs)
           ^^^^^^^^^^^^^^^^^^^^^^^^^^^^^^^^^^^^^^
  File "/home/airflow/.local/lib/python3.12/site-packages/airflow/dag_processing/processor.py", line 843, in process_file
    DagFileProcessor.update_import_errors(
  File "/home/airflow/.local/lib/python3.12/site-packages/airflow/api_internal/internal_api_call.py", line 115, in wrapper
    return func(*args, **kwargs)
           ^^^^^^^^^^^^^^^^^^^^^
  File "/home/airflow/.local/lib/python3.12/site-packages/airflow/utils/session.py", line 76, in wrapper
    return func(*args, **kwargs)
           ^^^^^^^^^^^^^^^^^^^^^
  File "/home/airflow/.local/lib/python3.12/site-packages/airflow/dag_processing/processor.py", line 615, in update_import_errors
    session.execute(
  File "/home/airflow/.local/lib/python3.12/site-packages/sqlalchemy/orm/session.py", line 1716, in execute
    conn = self._connection_for_bind(bind)
           ^^^^^^^^^^^^^^^^^^^^^^^^^^^^^^^
  File "/home/airflow/.local/lib/python3.12/site-packages/sqlalchemy/orm/session.py", line 1555, in _connection_for_bind
    return self._transaction._connection_for_bind(
           ^^^^^^^^^^^^^^^^^^^^^^^^^^^^^^^^^^^^^^^
  File "/home/airflow/.local/lib/python3.12/site-packages/sqlalchemy/orm/session.py", line 750, in _connection_for_bind
    conn = bind.connect()
           ^^^^^^^^^^^^^^
  File "/home/airflow/.local/lib/python3.12/site-packages/sqlalchemy/future/engine.py", line 412, in connect
    return super(Engine, self).connect()
           ^^^^^^^^^^^^^^^^^^^^^^^^^^^^^
  File "/home/airflow/.local/lib/python3.12/site-packages/sqlalchemy/engine/base.py", line 3325, in connect
    return self._connection_cls(self, close_with_result=close_with_result)
           ^^^^^^^^^^^^^^^^^^^^^^^^^^^^^^^^^^^^^^^^^^^^^^^^^^^^^^^^^^^^^^^
  File "/home/airflow/.local/lib/python3.12/site-packages/sqlalchemy/engine/base.py", line 96, in __init__
    else engine.raw_connection()
         ^^^^^^^^^^^^^^^^^^^^^^^
  File "/home/airflow/.local/lib/python3.12/site-packages/sqlalchemy/engine/base.py", line 3404, in raw_connection
    return self._wrap_pool_connect(self.pool.connect, _connection)
           ^^^^^^^^^^^^^^^^^^^^^^^^^^^^^^^^^^^^^^^^^^^^^^^^^^^^^^^
  File "/home/airflow/.local/lib/python3.12/site-packages/sqlalchemy/engine/base.py", line 3374, in _wrap_pool_connect
    Connection._handle_dbapi_exception_noconnection(
  File "/home/airflow/.local/lib/python3.12/site-packages/sqlalchemy/engine/base.py", line 2208, in _handle_dbapi_exception_noconnection
    util.raise_(
  File "/home/airflow/.local/lib/python3.12/site-packages/sqlalchemy/util/compat.py", line 211, in raise_
    raise exception
  File "/home/airflow/.local/lib/python3.12/site-packages/sqlalchemy/engine/base.py", line 3371, in _wrap_pool_connect
    return fn()
           ^^^^
  File "/home/airflow/.local/lib/python3.12/site-packages/sqlalchemy/pool/base.py", line 327, in connect
    return _ConnectionFairy._checkout(self)
           ^^^^^^^^^^^^^^^^^^^^^^^^^^^^^^^^
  File "/home/airflow/.local/lib/python3.12/site-packages/sqlalchemy/pool/base.py", line 894, in _checkout
    fairy = _ConnectionRecord.checkout(pool)
            ^^^^^^^^^^^^^^^^^^^^^^^^^^^^^^^^
  File "/home/airflow/.local/lib/python3.12/site-packages/sqlalchemy/pool/base.py", line 493, in checkout
    rec = pool._do_get()
          ^^^^^^^^^^^^^^
  File "/home/airflow/.local/lib/python3.12/site-packages/sqlalchemy/pool/impl.py", line 145, in _do_get
    with util.safe_reraise():
  File "/home/airflow/.local/lib/python3.12/site-packages/sqlalchemy/util/langhelpers.py", line 70, in __exit__
    compat.raise_(
  File "/home/airflow/.local/lib/python3.12/site-packages/sqlalchemy/util/compat.py", line 211, in raise_
    raise exception
  File "/home/airflow/.local/lib/python3.12/site-packages/sqlalchemy/pool/impl.py", line 143, in _do_get
    return self._create_connection()
           ^^^^^^^^^^^^^^^^^^^^^^^^^
  File "/home/airflow/.local/lib/python3.12/site-packages/sqlalchemy/pool/base.py", line 273, in _create_connection
    return _ConnectionRecord(self)
           ^^^^^^^^^^^^^^^^^^^^^^^
  File "/home/airflow/.local/lib/python3.12/site-packages/sqlalchemy/pool/base.py", line 388, in __init__
    self.__connect()
  File "/home/airflow/.local/lib/python3.12/site-packages/sqlalchemy/pool/base.py", line 690, in __connect
    with util.safe_reraise():
  File "/home/airflow/.local/lib/python3.12/site-packages/sqlalchemy/util/langhelpers.py", line 70, in __exit__
    compat.raise_(
  File "/home/airflow/.local/lib/python3.12/site-packages/sqlalchemy/util/compat.py", line 211, in raise_
    raise exception
  File "/home/airflow/.local/lib/python3.12/site-packages/sqlalchemy/pool/base.py", line 686, in __connect
    self.dbapi_connection = connection = pool._invoke_creator(self)
                                         ^^^^^^^^^^^^^^^^^^^^^^^^^^
  File "/home/airflow/.local/lib/python3.12/site-packages/sqlalchemy/engine/create.py", line 574, in connect
    return dialect.connect(*cargs, **cparams)
           ^^^^^^^^^^^^^^^^^^^^^^^^^^^^^^^^^^
  File "/home/airflow/.local/lib/python3.12/site-packages/sqlalchemy/engine/default.py", line 598, in connect
    return self.dbapi.connect(*cargs, **cparams)
           ^^^^^^^^^^^^^^^^^^^^^^^^^^^^^^^^^^^^^
  File "/home/airflow/.local/lib/python3.12/site-packages/psycopg2/__init__.py", line 122, in connect
    conn = _connect(dsn, connection_factory=connection_factory, **kwasync)
           ^^^^^^^^^^^^^^^^^^^^^^^^^^^^^^^^^^^^^^^^^^^^^^^^^^^^^^^^^^^^^^^
sqlalchemy.exc.OperationalError: (psycopg2.OperationalError) connection to server at "postgres" (172.18.0.4), port 5432 failed: Connection refused
	Is the server running on that host and accepting TCP/IP connections?

(Background on this error at: https://sqlalche.me/e/14/e3q8)
