[2025-09-15T06:01:12.591+0000] {processor.py:161} INFO - Started process (PID=205) to work on /opt/airflow/dags/bike_hour_dag.py
[2025-09-15T06:01:12.593+0000] {processor.py:830} INFO - Processing file /opt/airflow/dags/bike_hour_dag.py for tasks to queue
[2025-09-15T06:01:12.595+0000] {logging_mixin.py:188} INFO - [2025-09-15T06:01:12.595+0000] {dagbag.py:540} INFO - Filling up the DagBag from /opt/airflow/dags/bike_hour_dag.py
[2025-09-15T06:01:12.621+0000] {processor.py:840} INFO - DAG(s) 'bike_hour_pipeline' retrieved from /opt/airflow/dags/bike_hour_dag.py
[2025-09-15T06:01:12.647+0000] {logging_mixin.py:188} INFO - [2025-09-15T06:01:12.645+0000] {dag.py:3096} INFO - Sync 1 DAGs
[2025-09-15T06:01:12.747+0000] {logging_mixin.py:188} INFO - [2025-09-15T06:01:12.746+0000] {dag.py:3954} INFO - Setting next_dagrun for bike_hour_pipeline to 2025-09-14 00:00:00+00:00, run_after=2025-09-15 00:00:00+00:00
[2025-09-15T06:01:12.780+0000] {processor.py:183} INFO - Processing /opt/airflow/dags/bike_hour_dag.py took 0.195 seconds
[2025-09-15T06:01:42.932+0000] {processor.py:161} INFO - Started process (PID=240) to work on /opt/airflow/dags/bike_hour_dag.py
[2025-09-15T06:01:42.937+0000] {processor.py:830} INFO - Processing file /opt/airflow/dags/bike_hour_dag.py for tasks to queue
[2025-09-15T06:01:42.945+0000] {logging_mixin.py:188} INFO - [2025-09-15T06:01:42.944+0000] {dagbag.py:540} INFO - Filling up the DagBag from /opt/airflow/dags/bike_hour_dag.py
[2025-09-15T06:01:43.034+0000] {processor.py:840} INFO - DAG(s) 'bike_hour_pipeline' retrieved from /opt/airflow/dags/bike_hour_dag.py
[2025-09-15T06:01:43.630+0000] {logging_mixin.py:188} INFO - [2025-09-15T06:01:43.626+0000] {dag.py:3096} INFO - Sync 1 DAGs
[2025-09-15T06:01:43.873+0000] {logging_mixin.py:188} INFO - [2025-09-15T06:01:43.872+0000] {dag.py:3954} INFO - Setting next_dagrun for bike_hour_pipeline to 2025-09-14 00:00:00+00:00, run_after=2025-09-15 00:00:00+00:00
[2025-09-15T06:01:44.008+0000] {processor.py:183} INFO - Processing /opt/airflow/dags/bike_hour_dag.py took 1.102 seconds
[2025-09-15T06:02:15.297+0000] {processor.py:161} INFO - Started process (PID=275) to work on /opt/airflow/dags/bike_hour_dag.py
[2025-09-15T06:02:15.308+0000] {processor.py:830} INFO - Processing file /opt/airflow/dags/bike_hour_dag.py for tasks to queue
[2025-09-15T06:02:15.324+0000] {logging_mixin.py:188} INFO - [2025-09-15T06:02:15.322+0000] {dagbag.py:540} INFO - Filling up the DagBag from /opt/airflow/dags/bike_hour_dag.py
[2025-09-15T06:02:15.516+0000] {processor.py:840} INFO - DAG(s) 'bike_hour_pipeline' retrieved from /opt/airflow/dags/bike_hour_dag.py
[2025-09-15T06:02:15.954+0000] {logging_mixin.py:188} INFO - [2025-09-15T06:02:15.952+0000] {dag.py:3096} INFO - Sync 1 DAGs
[2025-09-15T06:02:16.541+0000] {logging_mixin.py:188} INFO - [2025-09-15T06:02:16.540+0000] {dag.py:3954} INFO - Setting next_dagrun for bike_hour_pipeline to 2025-09-14 00:00:00+00:00, run_after=2025-09-15 00:00:00+00:00
[2025-09-15T06:02:16.726+0000] {processor.py:183} INFO - Processing /opt/airflow/dags/bike_hour_dag.py took 1.482 seconds
[2025-09-15T06:02:46.997+0000] {processor.py:161} INFO - Started process (PID=310) to work on /opt/airflow/dags/bike_hour_dag.py
[2025-09-15T06:02:46.998+0000] {processor.py:830} INFO - Processing file /opt/airflow/dags/bike_hour_dag.py for tasks to queue
[2025-09-15T06:02:47.001+0000] {logging_mixin.py:188} INFO - [2025-09-15T06:02:47.001+0000] {dagbag.py:540} INFO - Filling up the DagBag from /opt/airflow/dags/bike_hour_dag.py
[2025-09-15T06:02:47.021+0000] {processor.py:840} INFO - DAG(s) 'bike_hour_pipeline' retrieved from /opt/airflow/dags/bike_hour_dag.py
[2025-09-15T06:02:47.056+0000] {logging_mixin.py:188} INFO - [2025-09-15T06:02:47.056+0000] {dag.py:3096} INFO - Sync 1 DAGs
[2025-09-15T06:02:47.080+0000] {logging_mixin.py:188} INFO - [2025-09-15T06:02:47.080+0000] {dag.py:3954} INFO - Setting next_dagrun for bike_hour_pipeline to 2025-09-14 00:00:00+00:00, run_after=2025-09-15 00:00:00+00:00
[2025-09-15T06:02:47.108+0000] {processor.py:183} INFO - Processing /opt/airflow/dags/bike_hour_dag.py took 0.117 seconds
[2025-09-15T06:03:17.370+0000] {processor.py:161} INFO - Started process (PID=351) to work on /opt/airflow/dags/bike_hour_dag.py
[2025-09-15T06:03:17.371+0000] {processor.py:830} INFO - Processing file /opt/airflow/dags/bike_hour_dag.py for tasks to queue
[2025-09-15T06:03:17.373+0000] {logging_mixin.py:188} INFO - [2025-09-15T06:03:17.373+0000] {dagbag.py:540} INFO - Filling up the DagBag from /opt/airflow/dags/bike_hour_dag.py
[2025-09-15T06:03:17.393+0000] {processor.py:840} INFO - DAG(s) 'bike_hour_pipeline' retrieved from /opt/airflow/dags/bike_hour_dag.py
[2025-09-15T06:03:17.428+0000] {logging_mixin.py:188} INFO - [2025-09-15T06:03:17.426+0000] {dag.py:3096} INFO - Sync 1 DAGs
[2025-09-15T06:03:17.468+0000] {logging_mixin.py:188} INFO - [2025-09-15T06:03:17.468+0000] {dag.py:3954} INFO - Setting next_dagrun for bike_hour_pipeline to 2025-09-14 00:00:00+00:00, run_after=2025-09-15 00:00:00+00:00
[2025-09-15T06:03:17.503+0000] {processor.py:183} INFO - Processing /opt/airflow/dags/bike_hour_dag.py took 0.140 seconds
[2025-09-15T06:03:47.731+0000] {processor.py:161} INFO - Started process (PID=386) to work on /opt/airflow/dags/bike_hour_dag.py
[2025-09-15T06:03:47.734+0000] {processor.py:830} INFO - Processing file /opt/airflow/dags/bike_hour_dag.py for tasks to queue
[2025-09-15T06:03:47.737+0000] {logging_mixin.py:188} INFO - [2025-09-15T06:03:47.737+0000] {dagbag.py:540} INFO - Filling up the DagBag from /opt/airflow/dags/bike_hour_dag.py
[2025-09-15T06:03:47.782+0000] {processor.py:840} INFO - DAG(s) 'bike_hour_pipeline' retrieved from /opt/airflow/dags/bike_hour_dag.py
[2025-09-15T06:03:47.816+0000] {logging_mixin.py:188} INFO - [2025-09-15T06:03:47.816+0000] {dag.py:3096} INFO - Sync 1 DAGs
[2025-09-15T06:03:47.955+0000] {logging_mixin.py:188} INFO - [2025-09-15T06:03:47.954+0000] {dag.py:3954} INFO - Setting next_dagrun for bike_hour_pipeline to 2025-09-14 00:00:00+00:00, run_after=2025-09-15 00:00:00+00:00
[2025-09-15T06:03:48.024+0000] {processor.py:183} INFO - Processing /opt/airflow/dags/bike_hour_dag.py took 0.301 seconds
[2025-09-15T06:04:18.769+0000] {processor.py:161} INFO - Started process (PID=421) to work on /opt/airflow/dags/bike_hour_dag.py
[2025-09-15T06:04:18.770+0000] {processor.py:830} INFO - Processing file /opt/airflow/dags/bike_hour_dag.py for tasks to queue
[2025-09-15T06:04:18.773+0000] {logging_mixin.py:188} INFO - [2025-09-15T06:04:18.772+0000] {dagbag.py:540} INFO - Filling up the DagBag from /opt/airflow/dags/bike_hour_dag.py
[2025-09-15T06:04:18.797+0000] {processor.py:840} INFO - DAG(s) 'bike_hour_pipeline' retrieved from /opt/airflow/dags/bike_hour_dag.py
[2025-09-15T06:04:18.839+0000] {logging_mixin.py:188} INFO - [2025-09-15T06:04:18.838+0000] {dag.py:3096} INFO - Sync 1 DAGs
[2025-09-15T06:04:18.866+0000] {logging_mixin.py:188} INFO - [2025-09-15T06:04:18.866+0000] {dag.py:3954} INFO - Setting next_dagrun for bike_hour_pipeline to 2025-09-14 00:00:00+00:00, run_after=2025-09-15 00:00:00+00:00
[2025-09-15T06:04:18.887+0000] {processor.py:183} INFO - Processing /opt/airflow/dags/bike_hour_dag.py took 0.125 seconds
[2025-09-15T06:04:49.177+0000] {processor.py:161} INFO - Started process (PID=456) to work on /opt/airflow/dags/bike_hour_dag.py
[2025-09-15T06:04:49.180+0000] {processor.py:830} INFO - Processing file /opt/airflow/dags/bike_hour_dag.py for tasks to queue
[2025-09-15T06:04:49.185+0000] {logging_mixin.py:188} INFO - [2025-09-15T06:04:49.184+0000] {dagbag.py:540} INFO - Filling up the DagBag from /opt/airflow/dags/bike_hour_dag.py
[2025-09-15T06:04:49.225+0000] {processor.py:840} INFO - DAG(s) 'bike_hour_pipeline' retrieved from /opt/airflow/dags/bike_hour_dag.py
[2025-09-15T06:04:49.265+0000] {logging_mixin.py:188} INFO - [2025-09-15T06:04:49.264+0000] {dag.py:3096} INFO - Sync 1 DAGs
[2025-09-15T06:04:49.300+0000] {logging_mixin.py:188} INFO - [2025-09-15T06:04:49.300+0000] {dag.py:3954} INFO - Setting next_dagrun for bike_hour_pipeline to 2025-09-14 00:00:00+00:00, run_after=2025-09-15 00:00:00+00:00
[2025-09-15T06:04:49.337+0000] {processor.py:183} INFO - Processing /opt/airflow/dags/bike_hour_dag.py took 0.171 seconds
[2025-09-15T06:05:19.812+0000] {processor.py:161} INFO - Started process (PID=491) to work on /opt/airflow/dags/bike_hour_dag.py
[2025-09-15T06:05:19.814+0000] {processor.py:830} INFO - Processing file /opt/airflow/dags/bike_hour_dag.py for tasks to queue
[2025-09-15T06:05:19.817+0000] {logging_mixin.py:188} INFO - [2025-09-15T06:05:19.816+0000] {dagbag.py:540} INFO - Filling up the DagBag from /opt/airflow/dags/bike_hour_dag.py
[2025-09-15T06:05:19.835+0000] {processor.py:840} INFO - DAG(s) 'bike_hour_pipeline' retrieved from /opt/airflow/dags/bike_hour_dag.py
[2025-09-15T06:05:19.858+0000] {logging_mixin.py:188} INFO - [2025-09-15T06:05:19.858+0000] {dag.py:3096} INFO - Sync 1 DAGs
[2025-09-15T06:05:19.875+0000] {logging_mixin.py:188} INFO - [2025-09-15T06:05:19.875+0000] {dag.py:3954} INFO - Setting next_dagrun for bike_hour_pipeline to 2025-09-14 00:00:00+00:00, run_after=2025-09-15 00:00:00+00:00
[2025-09-15T06:05:19.895+0000] {processor.py:183} INFO - Processing /opt/airflow/dags/bike_hour_dag.py took 0.089 seconds
[2025-09-15T06:05:50.454+0000] {processor.py:161} INFO - Started process (PID=526) to work on /opt/airflow/dags/bike_hour_dag.py
[2025-09-15T06:05:50.455+0000] {processor.py:830} INFO - Processing file /opt/airflow/dags/bike_hour_dag.py for tasks to queue
[2025-09-15T06:05:50.457+0000] {logging_mixin.py:188} INFO - [2025-09-15T06:05:50.456+0000] {dagbag.py:540} INFO - Filling up the DagBag from /opt/airflow/dags/bike_hour_dag.py
[2025-09-15T06:05:50.473+0000] {processor.py:840} INFO - DAG(s) 'bike_hour_pipeline' retrieved from /opt/airflow/dags/bike_hour_dag.py
[2025-09-15T06:05:50.496+0000] {logging_mixin.py:188} INFO - [2025-09-15T06:05:50.496+0000] {dag.py:3096} INFO - Sync 1 DAGs
[2025-09-15T06:05:50.516+0000] {logging_mixin.py:188} INFO - [2025-09-15T06:05:50.516+0000] {dag.py:3954} INFO - Setting next_dagrun for bike_hour_pipeline to 2025-09-14 00:00:00+00:00, run_after=2025-09-15 00:00:00+00:00
[2025-09-15T06:05:50.538+0000] {processor.py:183} INFO - Processing /opt/airflow/dags/bike_hour_dag.py took 0.089 seconds
[2025-09-15T06:06:21.413+0000] {processor.py:161} INFO - Started process (PID=561) to work on /opt/airflow/dags/bike_hour_dag.py
[2025-09-15T06:06:21.415+0000] {processor.py:830} INFO - Processing file /opt/airflow/dags/bike_hour_dag.py for tasks to queue
[2025-09-15T06:06:21.416+0000] {logging_mixin.py:188} INFO - [2025-09-15T06:06:21.416+0000] {dagbag.py:540} INFO - Filling up the DagBag from /opt/airflow/dags/bike_hour_dag.py
[2025-09-15T06:06:21.433+0000] {processor.py:840} INFO - DAG(s) 'bike_hour_pipeline' retrieved from /opt/airflow/dags/bike_hour_dag.py
[2025-09-15T06:06:21.458+0000] {logging_mixin.py:188} INFO - [2025-09-15T06:06:21.458+0000] {dag.py:3096} INFO - Sync 1 DAGs
[2025-09-15T06:06:21.478+0000] {logging_mixin.py:188} INFO - [2025-09-15T06:06:21.478+0000] {dag.py:3954} INFO - Setting next_dagrun for bike_hour_pipeline to 2025-09-14 00:00:00+00:00, run_after=2025-09-15 00:00:00+00:00
[2025-09-15T06:06:21.501+0000] {processor.py:183} INFO - Processing /opt/airflow/dags/bike_hour_dag.py took 0.093 seconds
[2025-09-15T06:06:52.173+0000] {processor.py:161} INFO - Started process (PID=596) to work on /opt/airflow/dags/bike_hour_dag.py
[2025-09-15T06:06:52.174+0000] {processor.py:830} INFO - Processing file /opt/airflow/dags/bike_hour_dag.py for tasks to queue
[2025-09-15T06:06:52.176+0000] {logging_mixin.py:188} INFO - [2025-09-15T06:06:52.176+0000] {dagbag.py:540} INFO - Filling up the DagBag from /opt/airflow/dags/bike_hour_dag.py
[2025-09-15T06:06:52.193+0000] {processor.py:840} INFO - DAG(s) 'bike_hour_pipeline' retrieved from /opt/airflow/dags/bike_hour_dag.py
[2025-09-15T06:06:52.223+0000] {logging_mixin.py:188} INFO - [2025-09-15T06:06:52.223+0000] {dag.py:3096} INFO - Sync 1 DAGs
[2025-09-15T06:06:52.245+0000] {logging_mixin.py:188} INFO - [2025-09-15T06:06:52.245+0000] {dag.py:3954} INFO - Setting next_dagrun for bike_hour_pipeline to 2025-09-14 00:00:00+00:00, run_after=2025-09-15 00:00:00+00:00
[2025-09-15T06:06:52.267+0000] {processor.py:183} INFO - Processing /opt/airflow/dags/bike_hour_dag.py took 0.100 seconds
[2025-09-15T06:07:22.648+0000] {processor.py:161} INFO - Started process (PID=631) to work on /opt/airflow/dags/bike_hour_dag.py
[2025-09-15T06:07:22.649+0000] {processor.py:830} INFO - Processing file /opt/airflow/dags/bike_hour_dag.py for tasks to queue
[2025-09-15T06:07:22.651+0000] {logging_mixin.py:188} INFO - [2025-09-15T06:07:22.650+0000] {dagbag.py:540} INFO - Filling up the DagBag from /opt/airflow/dags/bike_hour_dag.py
[2025-09-15T06:07:22.668+0000] {processor.py:840} INFO - DAG(s) 'bike_hour_pipeline' retrieved from /opt/airflow/dags/bike_hour_dag.py
[2025-09-15T06:07:22.691+0000] {logging_mixin.py:188} INFO - [2025-09-15T06:07:22.691+0000] {dag.py:3096} INFO - Sync 1 DAGs
[2025-09-15T06:07:22.709+0000] {logging_mixin.py:188} INFO - [2025-09-15T06:07:22.709+0000] {dag.py:3954} INFO - Setting next_dagrun for bike_hour_pipeline to 2025-09-14 00:00:00+00:00, run_after=2025-09-15 00:00:00+00:00
[2025-09-15T06:07:22.728+0000] {processor.py:183} INFO - Processing /opt/airflow/dags/bike_hour_dag.py took 0.086 seconds
[2025-09-15T06:07:53.250+0000] {processor.py:161} INFO - Started process (PID=666) to work on /opt/airflow/dags/bike_hour_dag.py
[2025-09-15T06:07:53.251+0000] {processor.py:830} INFO - Processing file /opt/airflow/dags/bike_hour_dag.py for tasks to queue
[2025-09-15T06:07:53.254+0000] {logging_mixin.py:188} INFO - [2025-09-15T06:07:53.254+0000] {dagbag.py:540} INFO - Filling up the DagBag from /opt/airflow/dags/bike_hour_dag.py
[2025-09-15T06:07:53.278+0000] {processor.py:840} INFO - DAG(s) 'bike_hour_pipeline' retrieved from /opt/airflow/dags/bike_hour_dag.py
[2025-09-15T06:07:53.306+0000] {logging_mixin.py:188} INFO - [2025-09-15T06:07:53.305+0000] {dag.py:3096} INFO - Sync 1 DAGs
[2025-09-15T06:07:53.327+0000] {logging_mixin.py:188} INFO - [2025-09-15T06:07:53.327+0000] {dag.py:3954} INFO - Setting next_dagrun for bike_hour_pipeline to 2025-09-14 00:00:00+00:00, run_after=2025-09-15 00:00:00+00:00
[2025-09-15T06:07:53.348+0000] {processor.py:183} INFO - Processing /opt/airflow/dags/bike_hour_dag.py took 0.103 seconds
[2025-09-15T06:08:23.975+0000] {processor.py:161} INFO - Started process (PID=701) to work on /opt/airflow/dags/bike_hour_dag.py
[2025-09-15T06:08:23.976+0000] {processor.py:830} INFO - Processing file /opt/airflow/dags/bike_hour_dag.py for tasks to queue
[2025-09-15T06:08:23.978+0000] {logging_mixin.py:188} INFO - [2025-09-15T06:08:23.978+0000] {dagbag.py:540} INFO - Filling up the DagBag from /opt/airflow/dags/bike_hour_dag.py
[2025-09-15T06:08:23.997+0000] {processor.py:840} INFO - DAG(s) 'bike_hour_pipeline' retrieved from /opt/airflow/dags/bike_hour_dag.py
[2025-09-15T06:08:24.019+0000] {logging_mixin.py:188} INFO - [2025-09-15T06:08:24.019+0000] {dag.py:3096} INFO - Sync 1 DAGs
[2025-09-15T06:08:24.038+0000] {logging_mixin.py:188} INFO - [2025-09-15T06:08:24.037+0000] {dag.py:3954} INFO - Setting next_dagrun for bike_hour_pipeline to 2025-09-14 00:00:00+00:00, run_after=2025-09-15 00:00:00+00:00
[2025-09-15T06:08:24.056+0000] {processor.py:183} INFO - Processing /opt/airflow/dags/bike_hour_dag.py took 0.086 seconds
[2025-09-15T06:08:54.336+0000] {processor.py:161} INFO - Started process (PID=736) to work on /opt/airflow/dags/bike_hour_dag.py
[2025-09-15T06:08:54.337+0000] {processor.py:830} INFO - Processing file /opt/airflow/dags/bike_hour_dag.py for tasks to queue
[2025-09-15T06:08:54.340+0000] {logging_mixin.py:188} INFO - [2025-09-15T06:08:54.339+0000] {dagbag.py:540} INFO - Filling up the DagBag from /opt/airflow/dags/bike_hour_dag.py
[2025-09-15T06:08:54.361+0000] {processor.py:840} INFO - DAG(s) 'bike_hour_pipeline' retrieved from /opt/airflow/dags/bike_hour_dag.py
[2025-09-15T06:08:54.395+0000] {logging_mixin.py:188} INFO - [2025-09-15T06:08:54.394+0000] {dag.py:3096} INFO - Sync 1 DAGs
[2025-09-15T06:08:54.425+0000] {logging_mixin.py:188} INFO - [2025-09-15T06:08:54.424+0000] {dag.py:3954} INFO - Setting next_dagrun for bike_hour_pipeline to 2025-09-14 00:00:00+00:00, run_after=2025-09-15 00:00:00+00:00
[2025-09-15T06:08:54.449+0000] {processor.py:183} INFO - Processing /opt/airflow/dags/bike_hour_dag.py took 0.119 seconds
[2025-09-15T06:09:25.248+0000] {processor.py:161} INFO - Started process (PID=771) to work on /opt/airflow/dags/bike_hour_dag.py
[2025-09-15T06:09:25.249+0000] {processor.py:830} INFO - Processing file /opt/airflow/dags/bike_hour_dag.py for tasks to queue
[2025-09-15T06:09:25.251+0000] {logging_mixin.py:188} INFO - [2025-09-15T06:09:25.251+0000] {dagbag.py:540} INFO - Filling up the DagBag from /opt/airflow/dags/bike_hour_dag.py
[2025-09-15T06:09:25.286+0000] {processor.py:840} INFO - DAG(s) 'bike_hour_pipeline' retrieved from /opt/airflow/dags/bike_hour_dag.py
[2025-09-15T06:09:25.321+0000] {logging_mixin.py:188} INFO - [2025-09-15T06:09:25.320+0000] {dag.py:3096} INFO - Sync 1 DAGs
[2025-09-15T06:09:25.427+0000] {logging_mixin.py:188} INFO - [2025-09-15T06:09:25.426+0000] {dag.py:3954} INFO - Setting next_dagrun for bike_hour_pipeline to 2025-09-14 00:00:00+00:00, run_after=2025-09-15 00:00:00+00:00
[2025-09-15T06:09:25.448+0000] {processor.py:183} INFO - Processing /opt/airflow/dags/bike_hour_dag.py took 0.207 seconds
[2025-09-15T06:09:56.244+0000] {processor.py:161} INFO - Started process (PID=806) to work on /opt/airflow/dags/bike_hour_dag.py
[2025-09-15T06:09:56.247+0000] {processor.py:830} INFO - Processing file /opt/airflow/dags/bike_hour_dag.py for tasks to queue
[2025-09-15T06:09:56.249+0000] {logging_mixin.py:188} INFO - [2025-09-15T06:09:56.248+0000] {dagbag.py:540} INFO - Filling up the DagBag from /opt/airflow/dags/bike_hour_dag.py
[2025-09-15T06:09:56.270+0000] {processor.py:840} INFO - DAG(s) 'bike_hour_pipeline' retrieved from /opt/airflow/dags/bike_hour_dag.py
[2025-09-15T06:09:56.302+0000] {logging_mixin.py:188} INFO - [2025-09-15T06:09:56.301+0000] {dag.py:3096} INFO - Sync 1 DAGs
[2025-09-15T06:09:56.329+0000] {logging_mixin.py:188} INFO - [2025-09-15T06:09:56.329+0000] {dag.py:3954} INFO - Setting next_dagrun for bike_hour_pipeline to 2025-09-14 00:00:00+00:00, run_after=2025-09-15 00:00:00+00:00
[2025-09-15T06:09:56.354+0000] {processor.py:183} INFO - Processing /opt/airflow/dags/bike_hour_dag.py took 0.116 seconds
[2025-09-15T06:10:26.969+0000] {processor.py:161} INFO - Started process (PID=841) to work on /opt/airflow/dags/bike_hour_dag.py
[2025-09-15T06:10:26.971+0000] {processor.py:830} INFO - Processing file /opt/airflow/dags/bike_hour_dag.py for tasks to queue
[2025-09-15T06:10:26.973+0000] {logging_mixin.py:188} INFO - [2025-09-15T06:10:26.972+0000] {dagbag.py:540} INFO - Filling up the DagBag from /opt/airflow/dags/bike_hour_dag.py
[2025-09-15T06:10:26.993+0000] {processor.py:840} INFO - DAG(s) 'bike_hour_pipeline' retrieved from /opt/airflow/dags/bike_hour_dag.py
[2025-09-15T06:10:27.021+0000] {logging_mixin.py:188} INFO - [2025-09-15T06:10:27.021+0000] {dag.py:3096} INFO - Sync 1 DAGs
[2025-09-15T06:10:27.043+0000] {logging_mixin.py:188} INFO - [2025-09-15T06:10:27.043+0000] {dag.py:3954} INFO - Setting next_dagrun for bike_hour_pipeline to 2025-09-14 00:00:00+00:00, run_after=2025-09-15 00:00:00+00:00
[2025-09-15T06:10:27.063+0000] {processor.py:183} INFO - Processing /opt/airflow/dags/bike_hour_dag.py took 0.099 seconds
[2025-09-15T06:10:57.460+0000] {processor.py:161} INFO - Started process (PID=876) to work on /opt/airflow/dags/bike_hour_dag.py
[2025-09-15T06:10:57.462+0000] {processor.py:830} INFO - Processing file /opt/airflow/dags/bike_hour_dag.py for tasks to queue
[2025-09-15T06:10:57.463+0000] {logging_mixin.py:188} INFO - [2025-09-15T06:10:57.463+0000] {dagbag.py:540} INFO - Filling up the DagBag from /opt/airflow/dags/bike_hour_dag.py
[2025-09-15T06:10:57.482+0000] {processor.py:840} INFO - DAG(s) 'bike_hour_pipeline' retrieved from /opt/airflow/dags/bike_hour_dag.py
[2025-09-15T06:10:57.506+0000] {logging_mixin.py:188} INFO - [2025-09-15T06:10:57.505+0000] {dag.py:3096} INFO - Sync 1 DAGs
[2025-09-15T06:10:57.524+0000] {logging_mixin.py:188} INFO - [2025-09-15T06:10:57.524+0000] {dag.py:3954} INFO - Setting next_dagrun for bike_hour_pipeline to 2025-09-14 00:00:00+00:00, run_after=2025-09-15 00:00:00+00:00
[2025-09-15T06:10:57.545+0000] {processor.py:183} INFO - Processing /opt/airflow/dags/bike_hour_dag.py took 0.090 seconds
[2025-09-15T06:11:27.931+0000] {processor.py:161} INFO - Started process (PID=911) to work on /opt/airflow/dags/bike_hour_dag.py
[2025-09-15T06:11:27.934+0000] {processor.py:830} INFO - Processing file /opt/airflow/dags/bike_hour_dag.py for tasks to queue
[2025-09-15T06:11:27.938+0000] {logging_mixin.py:188} INFO - [2025-09-15T06:11:27.937+0000] {dagbag.py:540} INFO - Filling up the DagBag from /opt/airflow/dags/bike_hour_dag.py
[2025-09-15T06:11:27.972+0000] {processor.py:840} INFO - DAG(s) 'bike_hour_pipeline' retrieved from /opt/airflow/dags/bike_hour_dag.py
[2025-09-15T06:11:28.009+0000] {logging_mixin.py:188} INFO - [2025-09-15T06:11:28.009+0000] {dag.py:3096} INFO - Sync 1 DAGs
[2025-09-15T06:11:28.056+0000] {logging_mixin.py:188} INFO - [2025-09-15T06:11:28.056+0000] {dag.py:3954} INFO - Setting next_dagrun for bike_hour_pipeline to 2025-09-14 00:00:00+00:00, run_after=2025-09-15 00:00:00+00:00
[2025-09-15T06:11:28.122+0000] {processor.py:183} INFO - Processing /opt/airflow/dags/bike_hour_dag.py took 0.198 seconds
[2025-09-15T06:11:58.644+0000] {processor.py:161} INFO - Started process (PID=946) to work on /opt/airflow/dags/bike_hour_dag.py
[2025-09-15T06:11:58.645+0000] {processor.py:830} INFO - Processing file /opt/airflow/dags/bike_hour_dag.py for tasks to queue
[2025-09-15T06:11:58.647+0000] {logging_mixin.py:188} INFO - [2025-09-15T06:11:58.647+0000] {dagbag.py:540} INFO - Filling up the DagBag from /opt/airflow/dags/bike_hour_dag.py
[2025-09-15T06:11:58.666+0000] {processor.py:840} INFO - DAG(s) 'bike_hour_pipeline' retrieved from /opt/airflow/dags/bike_hour_dag.py
[2025-09-15T06:11:58.692+0000] {logging_mixin.py:188} INFO - [2025-09-15T06:11:58.692+0000] {dag.py:3096} INFO - Sync 1 DAGs
[2025-09-15T06:11:58.713+0000] {logging_mixin.py:188} INFO - [2025-09-15T06:11:58.713+0000] {dag.py:3954} INFO - Setting next_dagrun for bike_hour_pipeline to 2025-09-14 00:00:00+00:00, run_after=2025-09-15 00:00:00+00:00
[2025-09-15T06:11:58.736+0000] {processor.py:183} INFO - Processing /opt/airflow/dags/bike_hour_dag.py took 0.097 seconds
[2025-09-15T06:12:29.358+0000] {processor.py:161} INFO - Started process (PID=981) to work on /opt/airflow/dags/bike_hour_dag.py
[2025-09-15T06:12:29.359+0000] {processor.py:830} INFO - Processing file /opt/airflow/dags/bike_hour_dag.py for tasks to queue
[2025-09-15T06:12:29.362+0000] {logging_mixin.py:188} INFO - [2025-09-15T06:12:29.361+0000] {dagbag.py:540} INFO - Filling up the DagBag from /opt/airflow/dags/bike_hour_dag.py
[2025-09-15T06:12:29.385+0000] {processor.py:840} INFO - DAG(s) 'bike_hour_pipeline' retrieved from /opt/airflow/dags/bike_hour_dag.py
[2025-09-15T06:12:29.410+0000] {logging_mixin.py:188} INFO - [2025-09-15T06:12:29.410+0000] {dag.py:3096} INFO - Sync 1 DAGs
[2025-09-15T06:12:29.431+0000] {logging_mixin.py:188} INFO - [2025-09-15T06:12:29.430+0000] {dag.py:3954} INFO - Setting next_dagrun for bike_hour_pipeline to 2025-09-14 00:00:00+00:00, run_after=2025-09-15 00:00:00+00:00
[2025-09-15T06:12:29.450+0000] {processor.py:183} INFO - Processing /opt/airflow/dags/bike_hour_dag.py took 0.098 seconds
[2025-09-15T06:12:59.705+0000] {processor.py:161} INFO - Started process (PID=1016) to work on /opt/airflow/dags/bike_hour_dag.py
[2025-09-15T06:12:59.706+0000] {processor.py:830} INFO - Processing file /opt/airflow/dags/bike_hour_dag.py for tasks to queue
[2025-09-15T06:12:59.708+0000] {logging_mixin.py:188} INFO - [2025-09-15T06:12:59.708+0000] {dagbag.py:540} INFO - Filling up the DagBag from /opt/airflow/dags/bike_hour_dag.py
[2025-09-15T06:12:59.725+0000] {processor.py:840} INFO - DAG(s) 'bike_hour_pipeline' retrieved from /opt/airflow/dags/bike_hour_dag.py
[2025-09-15T06:12:59.748+0000] {logging_mixin.py:188} INFO - [2025-09-15T06:12:59.748+0000] {dag.py:3096} INFO - Sync 1 DAGs
[2025-09-15T06:12:59.766+0000] {logging_mixin.py:188} INFO - [2025-09-15T06:12:59.766+0000] {dag.py:3954} INFO - Setting next_dagrun for bike_hour_pipeline to 2025-09-14 00:00:00+00:00, run_after=2025-09-15 00:00:00+00:00
[2025-09-15T06:12:59.784+0000] {processor.py:183} INFO - Processing /opt/airflow/dags/bike_hour_dag.py took 0.084 seconds
[2025-09-15T06:13:30.595+0000] {processor.py:161} INFO - Started process (PID=1051) to work on /opt/airflow/dags/bike_hour_dag.py
[2025-09-15T06:13:30.596+0000] {processor.py:830} INFO - Processing file /opt/airflow/dags/bike_hour_dag.py for tasks to queue
[2025-09-15T06:13:30.599+0000] {logging_mixin.py:188} INFO - [2025-09-15T06:13:30.598+0000] {dagbag.py:540} INFO - Filling up the DagBag from /opt/airflow/dags/bike_hour_dag.py
[2025-09-15T06:13:30.616+0000] {processor.py:840} INFO - DAG(s) 'bike_hour_pipeline' retrieved from /opt/airflow/dags/bike_hour_dag.py
[2025-09-15T06:13:30.641+0000] {logging_mixin.py:188} INFO - [2025-09-15T06:13:30.640+0000] {dag.py:3096} INFO - Sync 1 DAGs
[2025-09-15T06:13:30.670+0000] {logging_mixin.py:188} INFO - [2025-09-15T06:13:30.669+0000] {dag.py:3954} INFO - Setting next_dagrun for bike_hour_pipeline to 2025-09-14 00:00:00+00:00, run_after=2025-09-15 00:00:00+00:00
[2025-09-15T06:13:30.755+0000] {processor.py:183} INFO - Processing /opt/airflow/dags/bike_hour_dag.py took 0.166 seconds
[2025-09-15T06:14:01.671+0000] {processor.py:161} INFO - Started process (PID=1086) to work on /opt/airflow/dags/bike_hour_dag.py
[2025-09-15T06:14:01.672+0000] {processor.py:830} INFO - Processing file /opt/airflow/dags/bike_hour_dag.py for tasks to queue
[2025-09-15T06:14:01.674+0000] {logging_mixin.py:188} INFO - [2025-09-15T06:14:01.674+0000] {dagbag.py:540} INFO - Filling up the DagBag from /opt/airflow/dags/bike_hour_dag.py
[2025-09-15T06:14:01.693+0000] {processor.py:840} INFO - DAG(s) 'bike_hour_pipeline' retrieved from /opt/airflow/dags/bike_hour_dag.py
[2025-09-15T06:14:01.722+0000] {logging_mixin.py:188} INFO - [2025-09-15T06:14:01.721+0000] {dag.py:3096} INFO - Sync 1 DAGs
[2025-09-15T06:14:01.744+0000] {logging_mixin.py:188} INFO - [2025-09-15T06:14:01.744+0000] {dag.py:3954} INFO - Setting next_dagrun for bike_hour_pipeline to 2025-09-14 00:00:00+00:00, run_after=2025-09-15 00:00:00+00:00
[2025-09-15T06:14:01.766+0000] {processor.py:183} INFO - Processing /opt/airflow/dags/bike_hour_dag.py took 0.102 seconds
[2025-09-15T06:14:32.397+0000] {processor.py:161} INFO - Started process (PID=1121) to work on /opt/airflow/dags/bike_hour_dag.py
[2025-09-15T06:14:32.399+0000] {processor.py:830} INFO - Processing file /opt/airflow/dags/bike_hour_dag.py for tasks to queue
[2025-09-15T06:14:32.401+0000] {logging_mixin.py:188} INFO - [2025-09-15T06:14:32.401+0000] {dagbag.py:540} INFO - Filling up the DagBag from /opt/airflow/dags/bike_hour_dag.py
[2025-09-15T06:14:32.424+0000] {processor.py:840} INFO - DAG(s) 'bike_hour_pipeline' retrieved from /opt/airflow/dags/bike_hour_dag.py
[2025-09-15T06:14:32.456+0000] {logging_mixin.py:188} INFO - [2025-09-15T06:14:32.455+0000] {dag.py:3096} INFO - Sync 1 DAGs
[2025-09-15T06:14:32.480+0000] {logging_mixin.py:188} INFO - [2025-09-15T06:14:32.480+0000] {dag.py:3954} INFO - Setting next_dagrun for bike_hour_pipeline to 2025-09-14 00:00:00+00:00, run_after=2025-09-15 00:00:00+00:00
[2025-09-15T06:14:32.503+0000] {processor.py:183} INFO - Processing /opt/airflow/dags/bike_hour_dag.py took 0.112 seconds
[2025-09-15T06:15:02.824+0000] {processor.py:161} INFO - Started process (PID=1160) to work on /opt/airflow/dags/bike_hour_dag.py
[2025-09-15T06:15:02.826+0000] {processor.py:830} INFO - Processing file /opt/airflow/dags/bike_hour_dag.py for tasks to queue
[2025-09-15T06:15:02.827+0000] {logging_mixin.py:188} INFO - [2025-09-15T06:15:02.827+0000] {dagbag.py:540} INFO - Filling up the DagBag from /opt/airflow/dags/bike_hour_dag.py
[2025-09-15T06:15:02.846+0000] {processor.py:840} INFO - DAG(s) 'bike_hour_pipeline' retrieved from /opt/airflow/dags/bike_hour_dag.py
[2025-09-15T06:15:02.871+0000] {logging_mixin.py:188} INFO - [2025-09-15T06:15:02.871+0000] {dag.py:3096} INFO - Sync 1 DAGs
[2025-09-15T06:15:02.889+0000] {logging_mixin.py:188} INFO - [2025-09-15T06:15:02.889+0000] {dag.py:3954} INFO - Setting next_dagrun for bike_hour_pipeline to 2025-09-14 00:00:00+00:00, run_after=2025-09-15 00:00:00+00:00
[2025-09-15T06:15:02.909+0000] {processor.py:183} INFO - Processing /opt/airflow/dags/bike_hour_dag.py took 0.089 seconds
[2025-09-15T06:15:33.406+0000] {processor.py:161} INFO - Started process (PID=1195) to work on /opt/airflow/dags/bike_hour_dag.py
[2025-09-15T06:15:33.407+0000] {processor.py:830} INFO - Processing file /opt/airflow/dags/bike_hour_dag.py for tasks to queue
[2025-09-15T06:15:33.410+0000] {logging_mixin.py:188} INFO - [2025-09-15T06:15:33.410+0000] {dagbag.py:540} INFO - Filling up the DagBag from /opt/airflow/dags/bike_hour_dag.py
[2025-09-15T06:15:33.428+0000] {processor.py:840} INFO - DAG(s) 'bike_hour_pipeline' retrieved from /opt/airflow/dags/bike_hour_dag.py
[2025-09-15T06:15:33.456+0000] {logging_mixin.py:188} INFO - [2025-09-15T06:15:33.455+0000] {dag.py:3096} INFO - Sync 1 DAGs
[2025-09-15T06:15:33.475+0000] {logging_mixin.py:188} INFO - [2025-09-15T06:15:33.475+0000] {dag.py:3954} INFO - Setting next_dagrun for bike_hour_pipeline to 2025-09-14 00:00:00+00:00, run_after=2025-09-15 00:00:00+00:00
[2025-09-15T06:15:33.498+0000] {processor.py:183} INFO - Processing /opt/airflow/dags/bike_hour_dag.py took 0.097 seconds
[2025-09-15T06:16:04.322+0000] {processor.py:161} INFO - Started process (PID=1230) to work on /opt/airflow/dags/bike_hour_dag.py
[2025-09-15T06:16:04.324+0000] {processor.py:830} INFO - Processing file /opt/airflow/dags/bike_hour_dag.py for tasks to queue
[2025-09-15T06:16:04.326+0000] {logging_mixin.py:188} INFO - [2025-09-15T06:16:04.325+0000] {dagbag.py:540} INFO - Filling up the DagBag from /opt/airflow/dags/bike_hour_dag.py
[2025-09-15T06:16:04.346+0000] {processor.py:840} INFO - DAG(s) 'bike_hour_pipeline' retrieved from /opt/airflow/dags/bike_hour_dag.py
[2025-09-15T06:16:04.381+0000] {logging_mixin.py:188} INFO - [2025-09-15T06:16:04.380+0000] {dag.py:3096} INFO - Sync 1 DAGs
[2025-09-15T06:16:04.403+0000] {logging_mixin.py:188} INFO - [2025-09-15T06:16:04.402+0000] {dag.py:3954} INFO - Setting next_dagrun for bike_hour_pipeline to 2025-09-14 00:00:00+00:00, run_after=2025-09-15 00:00:00+00:00
[2025-09-15T06:16:04.448+0000] {processor.py:183} INFO - Processing /opt/airflow/dags/bike_hour_dag.py took 0.132 seconds
[2025-09-15T06:16:34.613+0000] {processor.py:161} INFO - Started process (PID=1265) to work on /opt/airflow/dags/bike_hour_dag.py
[2025-09-15T06:16:34.614+0000] {processor.py:830} INFO - Processing file /opt/airflow/dags/bike_hour_dag.py for tasks to queue
[2025-09-15T06:16:34.616+0000] {logging_mixin.py:188} INFO - [2025-09-15T06:16:34.616+0000] {dagbag.py:540} INFO - Filling up the DagBag from /opt/airflow/dags/bike_hour_dag.py
[2025-09-15T06:16:34.634+0000] {processor.py:840} INFO - DAG(s) 'bike_hour_pipeline' retrieved from /opt/airflow/dags/bike_hour_dag.py
[2025-09-15T06:16:34.657+0000] {logging_mixin.py:188} INFO - [2025-09-15T06:16:34.657+0000] {dag.py:3096} INFO - Sync 1 DAGs
[2025-09-15T06:16:34.677+0000] {logging_mixin.py:188} INFO - [2025-09-15T06:16:34.676+0000] {dag.py:3954} INFO - Setting next_dagrun for bike_hour_pipeline to 2025-09-14 00:00:00+00:00, run_after=2025-09-15 00:00:00+00:00
[2025-09-15T06:16:34.694+0000] {processor.py:183} INFO - Processing /opt/airflow/dags/bike_hour_dag.py took 0.087 seconds
[2025-09-15T06:17:05.123+0000] {processor.py:161} INFO - Started process (PID=1300) to work on /opt/airflow/dags/bike_hour_dag.py
[2025-09-15T06:17:05.126+0000] {processor.py:830} INFO - Processing file /opt/airflow/dags/bike_hour_dag.py for tasks to queue
[2025-09-15T06:17:05.129+0000] {logging_mixin.py:188} INFO - [2025-09-15T06:17:05.129+0000] {dagbag.py:540} INFO - Filling up the DagBag from /opt/airflow/dags/bike_hour_dag.py
[2025-09-15T06:17:05.154+0000] {processor.py:840} INFO - DAG(s) 'bike_hour_pipeline' retrieved from /opt/airflow/dags/bike_hour_dag.py
[2025-09-15T06:17:05.180+0000] {logging_mixin.py:188} INFO - [2025-09-15T06:17:05.180+0000] {dag.py:3096} INFO - Sync 1 DAGs
[2025-09-15T06:17:05.203+0000] {logging_mixin.py:188} INFO - [2025-09-15T06:17:05.203+0000] {dag.py:3954} INFO - Setting next_dagrun for bike_hour_pipeline to 2025-09-14 00:00:00+00:00, run_after=2025-09-15 00:00:00+00:00
[2025-09-15T06:17:05.225+0000] {processor.py:183} INFO - Processing /opt/airflow/dags/bike_hour_dag.py took 0.111 seconds
[2025-09-15T06:17:35.425+0000] {processor.py:161} INFO - Started process (PID=1335) to work on /opt/airflow/dags/bike_hour_dag.py
[2025-09-15T06:17:35.426+0000] {processor.py:830} INFO - Processing file /opt/airflow/dags/bike_hour_dag.py for tasks to queue
[2025-09-15T06:17:35.428+0000] {logging_mixin.py:188} INFO - [2025-09-15T06:17:35.428+0000] {dagbag.py:540} INFO - Filling up the DagBag from /opt/airflow/dags/bike_hour_dag.py
[2025-09-15T06:17:35.447+0000] {processor.py:840} INFO - DAG(s) 'bike_hour_pipeline' retrieved from /opt/airflow/dags/bike_hour_dag.py
[2025-09-15T06:17:35.472+0000] {logging_mixin.py:188} INFO - [2025-09-15T06:17:35.472+0000] {dag.py:3096} INFO - Sync 1 DAGs
[2025-09-15T06:17:35.491+0000] {logging_mixin.py:188} INFO - [2025-09-15T06:17:35.491+0000] {dag.py:3954} INFO - Setting next_dagrun for bike_hour_pipeline to 2025-09-14 00:00:00+00:00, run_after=2025-09-15 00:00:00+00:00
[2025-09-15T06:17:35.512+0000] {processor.py:183} INFO - Processing /opt/airflow/dags/bike_hour_dag.py took 0.093 seconds
[2025-09-15T06:18:05.931+0000] {processor.py:161} INFO - Started process (PID=1370) to work on /opt/airflow/dags/bike_hour_dag.py
[2025-09-15T06:18:05.932+0000] {processor.py:830} INFO - Processing file /opt/airflow/dags/bike_hour_dag.py for tasks to queue
[2025-09-15T06:18:05.934+0000] {logging_mixin.py:188} INFO - [2025-09-15T06:18:05.934+0000] {dagbag.py:540} INFO - Filling up the DagBag from /opt/airflow/dags/bike_hour_dag.py
[2025-09-15T06:18:05.956+0000] {processor.py:840} INFO - DAG(s) 'bike_hour_pipeline' retrieved from /opt/airflow/dags/bike_hour_dag.py
[2025-09-15T06:18:05.983+0000] {logging_mixin.py:188} INFO - [2025-09-15T06:18:05.983+0000] {dag.py:3096} INFO - Sync 1 DAGs
[2025-09-15T06:18:06.016+0000] {logging_mixin.py:188} INFO - [2025-09-15T06:18:06.015+0000] {dag.py:3954} INFO - Setting next_dagrun for bike_hour_pipeline to 2025-09-14 00:00:00+00:00, run_after=2025-09-15 00:00:00+00:00
[2025-09-15T06:18:06.065+0000] {processor.py:183} INFO - Processing /opt/airflow/dags/bike_hour_dag.py took 0.139 seconds
[2025-09-15T06:18:36.119+0000] {processor.py:161} INFO - Started process (PID=1405) to work on /opt/airflow/dags/bike_hour_dag.py
[2025-09-15T06:18:36.120+0000] {processor.py:830} INFO - Processing file /opt/airflow/dags/bike_hour_dag.py for tasks to queue
[2025-09-15T06:18:36.121+0000] {logging_mixin.py:188} INFO - [2025-09-15T06:18:36.121+0000] {dagbag.py:540} INFO - Filling up the DagBag from /opt/airflow/dags/bike_hour_dag.py
[2025-09-15T06:18:36.138+0000] {processor.py:840} INFO - DAG(s) 'bike_hour_pipeline' retrieved from /opt/airflow/dags/bike_hour_dag.py
[2025-09-15T06:18:36.163+0000] {logging_mixin.py:188} INFO - [2025-09-15T06:18:36.162+0000] {dag.py:3096} INFO - Sync 1 DAGs
[2025-09-15T06:18:36.180+0000] {logging_mixin.py:188} INFO - [2025-09-15T06:18:36.180+0000] {dag.py:3954} INFO - Setting next_dagrun for bike_hour_pipeline to 2025-09-14 00:00:00+00:00, run_after=2025-09-15 00:00:00+00:00
[2025-09-15T06:18:36.201+0000] {processor.py:183} INFO - Processing /opt/airflow/dags/bike_hour_dag.py took 0.088 seconds
[2025-09-15T06:19:06.742+0000] {processor.py:161} INFO - Started process (PID=1440) to work on /opt/airflow/dags/bike_hour_dag.py
[2025-09-15T06:19:06.743+0000] {processor.py:830} INFO - Processing file /opt/airflow/dags/bike_hour_dag.py for tasks to queue
[2025-09-15T06:19:06.755+0000] {logging_mixin.py:188} INFO - [2025-09-15T06:19:06.754+0000] {dagbag.py:540} INFO - Filling up the DagBag from /opt/airflow/dags/bike_hour_dag.py
[2025-09-15T06:19:06.777+0000] {processor.py:840} INFO - DAG(s) 'bike_hour_pipeline' retrieved from /opt/airflow/dags/bike_hour_dag.py
[2025-09-15T06:19:06.851+0000] {logging_mixin.py:188} INFO - [2025-09-15T06:19:06.851+0000] {dag.py:3096} INFO - Sync 1 DAGs
[2025-09-15T06:19:06.900+0000] {logging_mixin.py:188} INFO - [2025-09-15T06:19:06.900+0000] {dag.py:3954} INFO - Setting next_dagrun for bike_hour_pipeline to 2025-09-14 00:00:00+00:00, run_after=2025-09-15 00:00:00+00:00
[2025-09-15T06:19:06.923+0000] {processor.py:183} INFO - Processing /opt/airflow/dags/bike_hour_dag.py took 0.187 seconds
[2025-09-15T06:19:37.173+0000] {processor.py:161} INFO - Started process (PID=1475) to work on /opt/airflow/dags/bike_hour_dag.py
[2025-09-15T06:19:37.174+0000] {processor.py:830} INFO - Processing file /opt/airflow/dags/bike_hour_dag.py for tasks to queue
[2025-09-15T06:19:37.176+0000] {logging_mixin.py:188} INFO - [2025-09-15T06:19:37.176+0000] {dagbag.py:540} INFO - Filling up the DagBag from /opt/airflow/dags/bike_hour_dag.py
[2025-09-15T06:19:37.193+0000] {processor.py:840} INFO - DAG(s) 'bike_hour_pipeline' retrieved from /opt/airflow/dags/bike_hour_dag.py
[2025-09-15T06:19:37.220+0000] {logging_mixin.py:188} INFO - [2025-09-15T06:19:37.219+0000] {dag.py:3096} INFO - Sync 1 DAGs
[2025-09-15T06:19:37.240+0000] {logging_mixin.py:188} INFO - [2025-09-15T06:19:37.240+0000] {dag.py:3954} INFO - Setting next_dagrun for bike_hour_pipeline to 2025-09-14 00:00:00+00:00, run_after=2025-09-15 00:00:00+00:00
[2025-09-15T06:19:37.263+0000] {processor.py:183} INFO - Processing /opt/airflow/dags/bike_hour_dag.py took 0.095 seconds
[2025-09-15T06:20:07.530+0000] {processor.py:161} INFO - Started process (PID=1510) to work on /opt/airflow/dags/bike_hour_dag.py
[2025-09-15T06:20:07.531+0000] {processor.py:830} INFO - Processing file /opt/airflow/dags/bike_hour_dag.py for tasks to queue
[2025-09-15T06:20:07.534+0000] {logging_mixin.py:188} INFO - [2025-09-15T06:20:07.533+0000] {dagbag.py:540} INFO - Filling up the DagBag from /opt/airflow/dags/bike_hour_dag.py
[2025-09-15T06:20:07.552+0000] {processor.py:840} INFO - DAG(s) 'bike_hour_pipeline' retrieved from /opt/airflow/dags/bike_hour_dag.py
[2025-09-15T06:20:07.577+0000] {logging_mixin.py:188} INFO - [2025-09-15T06:20:07.577+0000] {dag.py:3096} INFO - Sync 1 DAGs
[2025-09-15T06:20:07.598+0000] {logging_mixin.py:188} INFO - [2025-09-15T06:20:07.597+0000] {dag.py:3954} INFO - Setting next_dagrun for bike_hour_pipeline to 2025-09-14 00:00:00+00:00, run_after=2025-09-15 00:00:00+00:00
[2025-09-15T06:20:07.617+0000] {processor.py:183} INFO - Processing /opt/airflow/dags/bike_hour_dag.py took 0.094 seconds
[2025-09-15T06:20:37.989+0000] {processor.py:161} INFO - Started process (PID=1545) to work on /opt/airflow/dags/bike_hour_dag.py
[2025-09-15T06:20:37.990+0000] {processor.py:830} INFO - Processing file /opt/airflow/dags/bike_hour_dag.py for tasks to queue
[2025-09-15T06:20:37.992+0000] {logging_mixin.py:188} INFO - [2025-09-15T06:20:37.992+0000] {dagbag.py:540} INFO - Filling up the DagBag from /opt/airflow/dags/bike_hour_dag.py
[2025-09-15T06:20:38.009+0000] {processor.py:840} INFO - DAG(s) 'bike_hour_pipeline' retrieved from /opt/airflow/dags/bike_hour_dag.py
[2025-09-15T06:20:38.032+0000] {logging_mixin.py:188} INFO - [2025-09-15T06:20:38.032+0000] {dag.py:3096} INFO - Sync 1 DAGs
[2025-09-15T06:20:38.051+0000] {logging_mixin.py:188} INFO - [2025-09-15T06:20:38.050+0000] {dag.py:3954} INFO - Setting next_dagrun for bike_hour_pipeline to 2025-09-14 00:00:00+00:00, run_after=2025-09-15 00:00:00+00:00
[2025-09-15T06:20:38.070+0000] {processor.py:183} INFO - Processing /opt/airflow/dags/bike_hour_dag.py took 0.086 seconds
[2025-09-15T06:21:08.417+0000] {processor.py:161} INFO - Started process (PID=1580) to work on /opt/airflow/dags/bike_hour_dag.py
[2025-09-15T06:21:08.418+0000] {processor.py:830} INFO - Processing file /opt/airflow/dags/bike_hour_dag.py for tasks to queue
[2025-09-15T06:21:08.420+0000] {logging_mixin.py:188} INFO - [2025-09-15T06:21:08.420+0000] {dagbag.py:540} INFO - Filling up the DagBag from /opt/airflow/dags/bike_hour_dag.py
[2025-09-15T06:21:08.439+0000] {processor.py:840} INFO - DAG(s) 'bike_hour_pipeline' retrieved from /opt/airflow/dags/bike_hour_dag.py
[2025-09-15T06:21:08.463+0000] {logging_mixin.py:188} INFO - [2025-09-15T06:21:08.462+0000] {dag.py:3096} INFO - Sync 1 DAGs
[2025-09-15T06:21:08.481+0000] {logging_mixin.py:188} INFO - [2025-09-15T06:21:08.480+0000] {dag.py:3954} INFO - Setting next_dagrun for bike_hour_pipeline to 2025-09-14 00:00:00+00:00, run_after=2025-09-15 00:00:00+00:00
[2025-09-15T06:21:08.502+0000] {processor.py:183} INFO - Processing /opt/airflow/dags/bike_hour_dag.py took 0.090 seconds
[2025-09-15T06:21:38.824+0000] {processor.py:161} INFO - Started process (PID=1615) to work on /opt/airflow/dags/bike_hour_dag.py
[2025-09-15T06:21:38.825+0000] {processor.py:830} INFO - Processing file /opt/airflow/dags/bike_hour_dag.py for tasks to queue
[2025-09-15T06:21:38.827+0000] {logging_mixin.py:188} INFO - [2025-09-15T06:21:38.827+0000] {dagbag.py:540} INFO - Filling up the DagBag from /opt/airflow/dags/bike_hour_dag.py
[2025-09-15T06:21:38.845+0000] {processor.py:840} INFO - DAG(s) 'bike_hour_pipeline' retrieved from /opt/airflow/dags/bike_hour_dag.py
[2025-09-15T06:21:38.869+0000] {logging_mixin.py:188} INFO - [2025-09-15T06:21:38.868+0000] {dag.py:3096} INFO - Sync 1 DAGs
[2025-09-15T06:21:38.887+0000] {logging_mixin.py:188} INFO - [2025-09-15T06:21:38.887+0000] {dag.py:3954} INFO - Setting next_dagrun for bike_hour_pipeline to 2025-09-14 00:00:00+00:00, run_after=2025-09-15 00:00:00+00:00
[2025-09-15T06:21:38.907+0000] {processor.py:183} INFO - Processing /opt/airflow/dags/bike_hour_dag.py took 0.088 seconds
[2025-09-15T06:22:09.140+0000] {processor.py:161} INFO - Started process (PID=1650) to work on /opt/airflow/dags/bike_hour_dag.py
[2025-09-15T06:22:09.141+0000] {processor.py:830} INFO - Processing file /opt/airflow/dags/bike_hour_dag.py for tasks to queue
[2025-09-15T06:22:09.144+0000] {logging_mixin.py:188} INFO - [2025-09-15T06:22:09.144+0000] {dagbag.py:540} INFO - Filling up the DagBag from /opt/airflow/dags/bike_hour_dag.py
[2025-09-15T06:22:09.163+0000] {processor.py:840} INFO - DAG(s) 'bike_hour_pipeline' retrieved from /opt/airflow/dags/bike_hour_dag.py
[2025-09-15T06:22:09.192+0000] {logging_mixin.py:188} INFO - [2025-09-15T06:22:09.191+0000] {dag.py:3096} INFO - Sync 1 DAGs
[2025-09-15T06:22:09.213+0000] {logging_mixin.py:188} INFO - [2025-09-15T06:22:09.212+0000] {dag.py:3954} INFO - Setting next_dagrun for bike_hour_pipeline to 2025-09-14 00:00:00+00:00, run_after=2025-09-15 00:00:00+00:00
[2025-09-15T06:22:09.233+0000] {processor.py:183} INFO - Processing /opt/airflow/dags/bike_hour_dag.py took 0.098 seconds
[2025-09-15T06:22:39.520+0000] {processor.py:161} INFO - Started process (PID=1685) to work on /opt/airflow/dags/bike_hour_dag.py
[2025-09-15T06:22:39.521+0000] {processor.py:830} INFO - Processing file /opt/airflow/dags/bike_hour_dag.py for tasks to queue
[2025-09-15T06:22:39.523+0000] {logging_mixin.py:188} INFO - [2025-09-15T06:22:39.523+0000] {dagbag.py:540} INFO - Filling up the DagBag from /opt/airflow/dags/bike_hour_dag.py
[2025-09-15T06:22:39.541+0000] {processor.py:840} INFO - DAG(s) 'bike_hour_pipeline' retrieved from /opt/airflow/dags/bike_hour_dag.py
[2025-09-15T06:22:39.567+0000] {logging_mixin.py:188} INFO - [2025-09-15T06:22:39.567+0000] {dag.py:3096} INFO - Sync 1 DAGs
[2025-09-15T06:22:39.587+0000] {logging_mixin.py:188} INFO - [2025-09-15T06:22:39.587+0000] {dag.py:3954} INFO - Setting next_dagrun for bike_hour_pipeline to 2025-09-14 00:00:00+00:00, run_after=2025-09-15 00:00:00+00:00
[2025-09-15T06:22:39.606+0000] {processor.py:183} INFO - Processing /opt/airflow/dags/bike_hour_dag.py took 0.092 seconds
[2025-09-15T06:23:10.394+0000] {processor.py:161} INFO - Started process (PID=1720) to work on /opt/airflow/dags/bike_hour_dag.py
[2025-09-15T06:23:10.395+0000] {processor.py:830} INFO - Processing file /opt/airflow/dags/bike_hour_dag.py for tasks to queue
[2025-09-15T06:23:10.397+0000] {logging_mixin.py:188} INFO - [2025-09-15T06:23:10.397+0000] {dagbag.py:540} INFO - Filling up the DagBag from /opt/airflow/dags/bike_hour_dag.py
[2025-09-15T06:23:10.419+0000] {processor.py:840} INFO - DAG(s) 'bike_hour_pipeline' retrieved from /opt/airflow/dags/bike_hour_dag.py
[2025-09-15T06:23:10.446+0000] {logging_mixin.py:188} INFO - [2025-09-15T06:23:10.446+0000] {dag.py:3096} INFO - Sync 1 DAGs
[2025-09-15T06:23:10.467+0000] {logging_mixin.py:188} INFO - [2025-09-15T06:23:10.467+0000] {dag.py:3954} INFO - Setting next_dagrun for bike_hour_pipeline to 2025-09-14 00:00:00+00:00, run_after=2025-09-15 00:00:00+00:00
[2025-09-15T06:23:10.488+0000] {processor.py:183} INFO - Processing /opt/airflow/dags/bike_hour_dag.py took 0.100 seconds
[2025-09-15T06:23:40.795+0000] {processor.py:161} INFO - Started process (PID=1755) to work on /opt/airflow/dags/bike_hour_dag.py
[2025-09-15T06:23:40.796+0000] {processor.py:830} INFO - Processing file /opt/airflow/dags/bike_hour_dag.py for tasks to queue
[2025-09-15T06:23:40.798+0000] {logging_mixin.py:188} INFO - [2025-09-15T06:23:40.797+0000] {dagbag.py:540} INFO - Filling up the DagBag from /opt/airflow/dags/bike_hour_dag.py
[2025-09-15T06:23:40.814+0000] {processor.py:840} INFO - DAG(s) 'bike_hour_pipeline' retrieved from /opt/airflow/dags/bike_hour_dag.py
[2025-09-15T06:23:40.837+0000] {logging_mixin.py:188} INFO - [2025-09-15T06:23:40.837+0000] {dag.py:3096} INFO - Sync 1 DAGs
[2025-09-15T06:23:40.855+0000] {logging_mixin.py:188} INFO - [2025-09-15T06:23:40.855+0000] {dag.py:3954} INFO - Setting next_dagrun for bike_hour_pipeline to 2025-09-14 00:00:00+00:00, run_after=2025-09-15 00:00:00+00:00
[2025-09-15T06:23:40.876+0000] {processor.py:183} INFO - Processing /opt/airflow/dags/bike_hour_dag.py took 0.087 seconds
[2025-09-15T06:24:11.396+0000] {processor.py:161} INFO - Started process (PID=1790) to work on /opt/airflow/dags/bike_hour_dag.py
[2025-09-15T06:24:11.397+0000] {processor.py:830} INFO - Processing file /opt/airflow/dags/bike_hour_dag.py for tasks to queue
[2025-09-15T06:24:11.400+0000] {logging_mixin.py:188} INFO - [2025-09-15T06:24:11.400+0000] {dagbag.py:540} INFO - Filling up the DagBag from /opt/airflow/dags/bike_hour_dag.py
[2025-09-15T06:24:11.419+0000] {processor.py:840} INFO - DAG(s) 'bike_hour_pipeline' retrieved from /opt/airflow/dags/bike_hour_dag.py
[2025-09-15T06:24:11.444+0000] {logging_mixin.py:188} INFO - [2025-09-15T06:24:11.444+0000] {dag.py:3096} INFO - Sync 1 DAGs
[2025-09-15T06:24:11.463+0000] {logging_mixin.py:188} INFO - [2025-09-15T06:24:11.463+0000] {dag.py:3954} INFO - Setting next_dagrun for bike_hour_pipeline to 2025-09-14 00:00:00+00:00, run_after=2025-09-15 00:00:00+00:00
[2025-09-15T06:24:11.485+0000] {processor.py:183} INFO - Processing /opt/airflow/dags/bike_hour_dag.py took 0.094 seconds
[2025-09-15T06:24:41.668+0000] {processor.py:161} INFO - Started process (PID=1825) to work on /opt/airflow/dags/bike_hour_dag.py
[2025-09-15T06:24:41.670+0000] {processor.py:830} INFO - Processing file /opt/airflow/dags/bike_hour_dag.py for tasks to queue
[2025-09-15T06:24:41.672+0000] {logging_mixin.py:188} INFO - [2025-09-15T06:24:41.671+0000] {dagbag.py:540} INFO - Filling up the DagBag from /opt/airflow/dags/bike_hour_dag.py
[2025-09-15T06:24:41.691+0000] {processor.py:840} INFO - DAG(s) 'bike_hour_pipeline' retrieved from /opt/airflow/dags/bike_hour_dag.py
[2025-09-15T06:24:41.718+0000] {logging_mixin.py:188} INFO - [2025-09-15T06:24:41.718+0000] {dag.py:3096} INFO - Sync 1 DAGs
[2025-09-15T06:24:41.738+0000] {logging_mixin.py:188} INFO - [2025-09-15T06:24:41.738+0000] {dag.py:3954} INFO - Setting next_dagrun for bike_hour_pipeline to 2025-09-14 00:00:00+00:00, run_after=2025-09-15 00:00:00+00:00
[2025-09-15T06:24:41.760+0000] {processor.py:183} INFO - Processing /opt/airflow/dags/bike_hour_dag.py took 0.099 seconds
[2025-09-15T06:25:12.291+0000] {processor.py:161} INFO - Started process (PID=1860) to work on /opt/airflow/dags/bike_hour_dag.py
[2025-09-15T06:25:12.292+0000] {processor.py:830} INFO - Processing file /opt/airflow/dags/bike_hour_dag.py for tasks to queue
[2025-09-15T06:25:12.294+0000] {logging_mixin.py:188} INFO - [2025-09-15T06:25:12.294+0000] {dagbag.py:540} INFO - Filling up the DagBag from /opt/airflow/dags/bike_hour_dag.py
[2025-09-15T06:25:12.311+0000] {processor.py:840} INFO - DAG(s) 'bike_hour_pipeline' retrieved from /opt/airflow/dags/bike_hour_dag.py
[2025-09-15T06:25:12.335+0000] {logging_mixin.py:188} INFO - [2025-09-15T06:25:12.335+0000] {dag.py:3096} INFO - Sync 1 DAGs
[2025-09-15T06:25:12.356+0000] {logging_mixin.py:188} INFO - [2025-09-15T06:25:12.356+0000] {dag.py:3954} INFO - Setting next_dagrun for bike_hour_pipeline to 2025-09-14 00:00:00+00:00, run_after=2025-09-15 00:00:00+00:00
[2025-09-15T06:25:12.379+0000] {processor.py:183} INFO - Processing /opt/airflow/dags/bike_hour_dag.py took 0.093 seconds
[2025-09-15T06:25:42.773+0000] {processor.py:161} INFO - Started process (PID=1895) to work on /opt/airflow/dags/bike_hour_dag.py
[2025-09-15T06:25:42.774+0000] {processor.py:830} INFO - Processing file /opt/airflow/dags/bike_hour_dag.py for tasks to queue
[2025-09-15T06:25:42.776+0000] {logging_mixin.py:188} INFO - [2025-09-15T06:25:42.776+0000] {dagbag.py:540} INFO - Filling up the DagBag from /opt/airflow/dags/bike_hour_dag.py
[2025-09-15T06:25:42.794+0000] {processor.py:840} INFO - DAG(s) 'bike_hour_pipeline' retrieved from /opt/airflow/dags/bike_hour_dag.py
[2025-09-15T06:25:42.819+0000] {logging_mixin.py:188} INFO - [2025-09-15T06:25:42.819+0000] {dag.py:3096} INFO - Sync 1 DAGs
[2025-09-15T06:25:42.839+0000] {logging_mixin.py:188} INFO - [2025-09-15T06:25:42.839+0000] {dag.py:3954} INFO - Setting next_dagrun for bike_hour_pipeline to 2025-09-14 00:00:00+00:00, run_after=2025-09-15 00:00:00+00:00
[2025-09-15T06:25:42.858+0000] {processor.py:183} INFO - Processing /opt/airflow/dags/bike_hour_dag.py took 0.090 seconds
[2025-09-15T06:26:12.975+0000] {processor.py:161} INFO - Started process (PID=1930) to work on /opt/airflow/dags/bike_hour_dag.py
[2025-09-15T06:26:12.976+0000] {processor.py:830} INFO - Processing file /opt/airflow/dags/bike_hour_dag.py for tasks to queue
[2025-09-15T06:26:12.978+0000] {logging_mixin.py:188} INFO - [2025-09-15T06:26:12.978+0000] {dagbag.py:540} INFO - Filling up the DagBag from /opt/airflow/dags/bike_hour_dag.py
[2025-09-15T06:26:12.994+0000] {processor.py:840} INFO - DAG(s) 'bike_hour_pipeline' retrieved from /opt/airflow/dags/bike_hour_dag.py
[2025-09-15T06:26:13.017+0000] {logging_mixin.py:188} INFO - [2025-09-15T06:26:13.017+0000] {dag.py:3096} INFO - Sync 1 DAGs
[2025-09-15T06:26:13.036+0000] {logging_mixin.py:188} INFO - [2025-09-15T06:26:13.036+0000] {dag.py:3954} INFO - Setting next_dagrun for bike_hour_pipeline to 2025-09-14 00:00:00+00:00, run_after=2025-09-15 00:00:00+00:00
[2025-09-15T06:26:13.059+0000] {processor.py:183} INFO - Processing /opt/airflow/dags/bike_hour_dag.py took 0.090 seconds
[2025-09-15T06:26:43.214+0000] {processor.py:161} INFO - Started process (PID=1965) to work on /opt/airflow/dags/bike_hour_dag.py
[2025-09-15T06:26:43.215+0000] {processor.py:830} INFO - Processing file /opt/airflow/dags/bike_hour_dag.py for tasks to queue
[2025-09-15T06:26:43.217+0000] {logging_mixin.py:188} INFO - [2025-09-15T06:26:43.216+0000] {dagbag.py:540} INFO - Filling up the DagBag from /opt/airflow/dags/bike_hour_dag.py
[2025-09-15T06:26:43.235+0000] {processor.py:840} INFO - DAG(s) 'bike_hour_pipeline' retrieved from /opt/airflow/dags/bike_hour_dag.py
[2025-09-15T06:26:43.260+0000] {logging_mixin.py:188} INFO - [2025-09-15T06:26:43.259+0000] {dag.py:3096} INFO - Sync 1 DAGs
[2025-09-15T06:26:43.278+0000] {logging_mixin.py:188} INFO - [2025-09-15T06:26:43.277+0000] {dag.py:3954} INFO - Setting next_dagrun for bike_hour_pipeline to 2025-09-14 00:00:00+00:00, run_after=2025-09-15 00:00:00+00:00
[2025-09-15T06:26:43.297+0000] {processor.py:183} INFO - Processing /opt/airflow/dags/bike_hour_dag.py took 0.090 seconds
[2025-09-15T06:27:13.541+0000] {processor.py:161} INFO - Started process (PID=2000) to work on /opt/airflow/dags/bike_hour_dag.py
[2025-09-15T06:27:13.542+0000] {processor.py:830} INFO - Processing file /opt/airflow/dags/bike_hour_dag.py for tasks to queue
[2025-09-15T06:27:13.544+0000] {logging_mixin.py:188} INFO - [2025-09-15T06:27:13.544+0000] {dagbag.py:540} INFO - Filling up the DagBag from /opt/airflow/dags/bike_hour_dag.py
[2025-09-15T06:27:13.561+0000] {processor.py:840} INFO - DAG(s) 'bike_hour_pipeline' retrieved from /opt/airflow/dags/bike_hour_dag.py
[2025-09-15T06:27:13.587+0000] {logging_mixin.py:188} INFO - [2025-09-15T06:27:13.587+0000] {dag.py:3096} INFO - Sync 1 DAGs
[2025-09-15T06:27:13.605+0000] {logging_mixin.py:188} INFO - [2025-09-15T06:27:13.605+0000] {dag.py:3954} INFO - Setting next_dagrun for bike_hour_pipeline to 2025-09-14 00:00:00+00:00, run_after=2025-09-15 00:00:00+00:00
[2025-09-15T06:27:13.625+0000] {processor.py:183} INFO - Processing /opt/airflow/dags/bike_hour_dag.py took 0.089 seconds
[2025-09-15T06:27:44.174+0000] {processor.py:161} INFO - Started process (PID=2035) to work on /opt/airflow/dags/bike_hour_dag.py
[2025-09-15T06:27:44.175+0000] {processor.py:830} INFO - Processing file /opt/airflow/dags/bike_hour_dag.py for tasks to queue
[2025-09-15T06:27:44.177+0000] {logging_mixin.py:188} INFO - [2025-09-15T06:27:44.176+0000] {dagbag.py:540} INFO - Filling up the DagBag from /opt/airflow/dags/bike_hour_dag.py
[2025-09-15T06:27:44.193+0000] {processor.py:840} INFO - DAG(s) 'bike_hour_pipeline' retrieved from /opt/airflow/dags/bike_hour_dag.py
[2025-09-15T06:27:44.229+0000] {logging_mixin.py:188} INFO - [2025-09-15T06:27:44.228+0000] {dag.py:3096} INFO - Sync 1 DAGs
[2025-09-15T06:27:44.247+0000] {logging_mixin.py:188} INFO - [2025-09-15T06:27:44.247+0000] {dag.py:3954} INFO - Setting next_dagrun for bike_hour_pipeline to 2025-09-14 00:00:00+00:00, run_after=2025-09-15 00:00:00+00:00
[2025-09-15T06:27:44.264+0000] {processor.py:183} INFO - Processing /opt/airflow/dags/bike_hour_dag.py took 0.096 seconds
[2025-09-15T06:28:14.924+0000] {processor.py:161} INFO - Started process (PID=2070) to work on /opt/airflow/dags/bike_hour_dag.py
[2025-09-15T06:28:14.925+0000] {processor.py:830} INFO - Processing file /opt/airflow/dags/bike_hour_dag.py for tasks to queue
[2025-09-15T06:28:14.928+0000] {logging_mixin.py:188} INFO - [2025-09-15T06:28:14.927+0000] {dagbag.py:540} INFO - Filling up the DagBag from /opt/airflow/dags/bike_hour_dag.py
[2025-09-15T06:28:14.945+0000] {processor.py:840} INFO - DAG(s) 'bike_hour_pipeline' retrieved from /opt/airflow/dags/bike_hour_dag.py
[2025-09-15T06:28:14.970+0000] {logging_mixin.py:188} INFO - [2025-09-15T06:28:14.970+0000] {dag.py:3096} INFO - Sync 1 DAGs
[2025-09-15T06:28:14.989+0000] {logging_mixin.py:188} INFO - [2025-09-15T06:28:14.989+0000] {dag.py:3954} INFO - Setting next_dagrun for bike_hour_pipeline to 2025-09-14 00:00:00+00:00, run_after=2025-09-15 00:00:00+00:00
[2025-09-15T06:28:15.007+0000] {processor.py:183} INFO - Processing /opt/airflow/dags/bike_hour_dag.py took 0.088 seconds
[2025-09-15T06:28:45.471+0000] {processor.py:161} INFO - Started process (PID=2105) to work on /opt/airflow/dags/bike_hour_dag.py
[2025-09-15T06:28:45.472+0000] {processor.py:830} INFO - Processing file /opt/airflow/dags/bike_hour_dag.py for tasks to queue
[2025-09-15T06:28:45.474+0000] {logging_mixin.py:188} INFO - [2025-09-15T06:28:45.473+0000] {dagbag.py:540} INFO - Filling up the DagBag from /opt/airflow/dags/bike_hour_dag.py
[2025-09-15T06:28:45.493+0000] {processor.py:840} INFO - DAG(s) 'bike_hour_pipeline' retrieved from /opt/airflow/dags/bike_hour_dag.py
[2025-09-15T06:28:45.518+0000] {logging_mixin.py:188} INFO - [2025-09-15T06:28:45.517+0000] {dag.py:3096} INFO - Sync 1 DAGs
[2025-09-15T06:28:45.536+0000] {logging_mixin.py:188} INFO - [2025-09-15T06:28:45.536+0000] {dag.py:3954} INFO - Setting next_dagrun for bike_hour_pipeline to 2025-09-14 00:00:00+00:00, run_after=2025-09-15 00:00:00+00:00
[2025-09-15T06:28:45.553+0000] {processor.py:183} INFO - Processing /opt/airflow/dags/bike_hour_dag.py took 0.089 seconds
[2025-09-15T06:29:16.159+0000] {processor.py:161} INFO - Started process (PID=2140) to work on /opt/airflow/dags/bike_hour_dag.py
[2025-09-15T06:29:16.160+0000] {processor.py:830} INFO - Processing file /opt/airflow/dags/bike_hour_dag.py for tasks to queue
[2025-09-15T06:29:16.162+0000] {logging_mixin.py:188} INFO - [2025-09-15T06:29:16.162+0000] {dagbag.py:540} INFO - Filling up the DagBag from /opt/airflow/dags/bike_hour_dag.py
[2025-09-15T06:29:16.179+0000] {processor.py:840} INFO - DAG(s) 'bike_hour_pipeline' retrieved from /opt/airflow/dags/bike_hour_dag.py
[2025-09-15T06:29:16.203+0000] {logging_mixin.py:188} INFO - [2025-09-15T06:29:16.202+0000] {dag.py:3096} INFO - Sync 1 DAGs
[2025-09-15T06:29:16.220+0000] {logging_mixin.py:188} INFO - [2025-09-15T06:29:16.220+0000] {dag.py:3954} INFO - Setting next_dagrun for bike_hour_pipeline to 2025-09-14 00:00:00+00:00, run_after=2025-09-15 00:00:00+00:00
[2025-09-15T06:29:16.239+0000] {processor.py:183} INFO - Processing /opt/airflow/dags/bike_hour_dag.py took 0.085 seconds
[2025-09-15T06:29:46.431+0000] {processor.py:161} INFO - Started process (PID=2175) to work on /opt/airflow/dags/bike_hour_dag.py
[2025-09-15T06:29:46.433+0000] {processor.py:830} INFO - Processing file /opt/airflow/dags/bike_hour_dag.py for tasks to queue
[2025-09-15T06:29:46.436+0000] {logging_mixin.py:188} INFO - [2025-09-15T06:29:46.436+0000] {dagbag.py:540} INFO - Filling up the DagBag from /opt/airflow/dags/bike_hour_dag.py
[2025-09-15T06:29:46.467+0000] {processor.py:840} INFO - DAG(s) 'bike_hour_pipeline' retrieved from /opt/airflow/dags/bike_hour_dag.py
[2025-09-15T06:29:46.548+0000] {logging_mixin.py:188} INFO - [2025-09-15T06:29:46.547+0000] {dag.py:3096} INFO - Sync 1 DAGs
[2025-09-15T06:29:46.579+0000] {logging_mixin.py:188} INFO - [2025-09-15T06:29:46.579+0000] {dag.py:3954} INFO - Setting next_dagrun for bike_hour_pipeline to 2025-09-14 00:00:00+00:00, run_after=2025-09-15 00:00:00+00:00
[2025-09-15T06:29:46.612+0000] {processor.py:183} INFO - Processing /opt/airflow/dags/bike_hour_dag.py took 0.189 seconds
[2025-09-15T06:34:20.072+0000] {processor.py:161} INFO - Started process (PID=2212) to work on /opt/airflow/dags/bike_hour_dag.py
[2025-09-15T06:34:20.076+0000] {processor.py:830} INFO - Processing file /opt/airflow/dags/bike_hour_dag.py for tasks to queue
[2025-09-15T06:34:20.088+0000] {logging_mixin.py:188} INFO - [2025-09-15T06:34:20.086+0000] {dagbag.py:540} INFO - Filling up the DagBag from /opt/airflow/dags/bike_hour_dag.py
[2025-09-15T06:34:20.196+0000] {processor.py:840} INFO - DAG(s) 'bike_hour_pipeline' retrieved from /opt/airflow/dags/bike_hour_dag.py
[2025-09-15T06:34:20.277+0000] {logging_mixin.py:188} INFO - [2025-09-15T06:34:20.273+0000] {dag.py:3096} INFO - Sync 1 DAGs
[2025-09-15T06:34:20.387+0000] {logging_mixin.py:188} INFO - [2025-09-15T06:34:20.387+0000] {dag.py:3954} INFO - Setting next_dagrun for bike_hour_pipeline to 2025-09-14 00:00:00+00:00, run_after=2025-09-15 00:00:00+00:00
[2025-09-15T06:34:20.472+0000] {processor.py:183} INFO - Processing /opt/airflow/dags/bike_hour_dag.py took 0.427 seconds
[2025-09-15T06:34:50.556+0000] {processor.py:161} INFO - Started process (PID=2247) to work on /opt/airflow/dags/bike_hour_dag.py
[2025-09-15T06:34:50.557+0000] {processor.py:830} INFO - Processing file /opt/airflow/dags/bike_hour_dag.py for tasks to queue
[2025-09-15T06:34:50.558+0000] {logging_mixin.py:188} INFO - [2025-09-15T06:34:50.558+0000] {dagbag.py:540} INFO - Filling up the DagBag from /opt/airflow/dags/bike_hour_dag.py
[2025-09-15T06:34:50.576+0000] {processor.py:840} INFO - DAG(s) 'bike_hour_pipeline' retrieved from /opt/airflow/dags/bike_hour_dag.py
[2025-09-15T06:34:50.598+0000] {logging_mixin.py:188} INFO - [2025-09-15T06:34:50.598+0000] {dag.py:3096} INFO - Sync 1 DAGs
[2025-09-15T06:34:50.616+0000] {logging_mixin.py:188} INFO - [2025-09-15T06:34:50.616+0000] {dag.py:3954} INFO - Setting next_dagrun for bike_hour_pipeline to 2025-09-14 00:00:00+00:00, run_after=2025-09-15 00:00:00+00:00
[2025-09-15T06:34:50.634+0000] {processor.py:183} INFO - Processing /opt/airflow/dags/bike_hour_dag.py took 0.083 seconds
[2025-09-15T06:35:20.773+0000] {processor.py:161} INFO - Started process (PID=2280) to work on /opt/airflow/dags/bike_hour_dag.py
[2025-09-15T06:35:20.774+0000] {processor.py:830} INFO - Processing file /opt/airflow/dags/bike_hour_dag.py for tasks to queue
[2025-09-15T06:35:20.776+0000] {logging_mixin.py:188} INFO - [2025-09-15T06:35:20.776+0000] {dagbag.py:540} INFO - Filling up the DagBag from /opt/airflow/dags/bike_hour_dag.py
[2025-09-15T06:35:20.794+0000] {processor.py:840} INFO - DAG(s) 'bike_hour_pipeline' retrieved from /opt/airflow/dags/bike_hour_dag.py
[2025-09-15T06:35:20.818+0000] {logging_mixin.py:188} INFO - [2025-09-15T06:35:20.818+0000] {dag.py:3096} INFO - Sync 1 DAGs
[2025-09-15T06:35:20.835+0000] {logging_mixin.py:188} INFO - [2025-09-15T06:35:20.835+0000] {dag.py:3954} INFO - Setting next_dagrun for bike_hour_pipeline to 2025-09-14 00:00:00+00:00, run_after=2025-09-15 00:00:00+00:00
[2025-09-15T06:35:20.852+0000] {processor.py:183} INFO - Processing /opt/airflow/dags/bike_hour_dag.py took 0.085 seconds
[2025-09-15T06:35:51.117+0000] {processor.py:161} INFO - Started process (PID=2315) to work on /opt/airflow/dags/bike_hour_dag.py
[2025-09-15T06:35:51.119+0000] {processor.py:830} INFO - Processing file /opt/airflow/dags/bike_hour_dag.py for tasks to queue
[2025-09-15T06:35:51.122+0000] {logging_mixin.py:188} INFO - [2025-09-15T06:35:51.122+0000] {dagbag.py:540} INFO - Filling up the DagBag from /opt/airflow/dags/bike_hour_dag.py
[2025-09-15T06:35:51.152+0000] {processor.py:840} INFO - DAG(s) 'bike_hour_pipeline' retrieved from /opt/airflow/dags/bike_hour_dag.py
[2025-09-15T06:35:51.186+0000] {logging_mixin.py:188} INFO - [2025-09-15T06:35:51.185+0000] {dag.py:3096} INFO - Sync 1 DAGs
[2025-09-15T06:35:51.209+0000] {logging_mixin.py:188} INFO - [2025-09-15T06:35:51.209+0000] {dag.py:3954} INFO - Setting next_dagrun for bike_hour_pipeline to 2025-09-14 00:00:00+00:00, run_after=2025-09-15 00:00:00+00:00
[2025-09-15T06:35:51.229+0000] {processor.py:183} INFO - Processing /opt/airflow/dags/bike_hour_dag.py took 0.118 seconds
[2025-09-15T06:36:21.298+0000] {processor.py:161} INFO - Started process (PID=2350) to work on /opt/airflow/dags/bike_hour_dag.py
[2025-09-15T06:36:21.300+0000] {processor.py:830} INFO - Processing file /opt/airflow/dags/bike_hour_dag.py for tasks to queue
[2025-09-15T06:36:21.302+0000] {logging_mixin.py:188} INFO - [2025-09-15T06:36:21.302+0000] {dagbag.py:540} INFO - Filling up the DagBag from /opt/airflow/dags/bike_hour_dag.py
[2025-09-15T06:36:21.321+0000] {processor.py:840} INFO - DAG(s) 'bike_hour_pipeline' retrieved from /opt/airflow/dags/bike_hour_dag.py
[2025-09-15T06:36:21.352+0000] {logging_mixin.py:188} INFO - [2025-09-15T06:36:21.351+0000] {dag.py:3096} INFO - Sync 1 DAGs
[2025-09-15T06:36:21.371+0000] {logging_mixin.py:188} INFO - [2025-09-15T06:36:21.371+0000] {dag.py:3954} INFO - Setting next_dagrun for bike_hour_pipeline to 2025-09-14 00:00:00+00:00, run_after=2025-09-15 00:00:00+00:00
[2025-09-15T06:36:21.391+0000] {processor.py:183} INFO - Processing /opt/airflow/dags/bike_hour_dag.py took 0.098 seconds
[2025-09-15T06:36:51.670+0000] {processor.py:161} INFO - Started process (PID=2385) to work on /opt/airflow/dags/bike_hour_dag.py
[2025-09-15T06:36:51.671+0000] {processor.py:830} INFO - Processing file /opt/airflow/dags/bike_hour_dag.py for tasks to queue
[2025-09-15T06:36:51.673+0000] {logging_mixin.py:188} INFO - [2025-09-15T06:36:51.673+0000] {dagbag.py:540} INFO - Filling up the DagBag from /opt/airflow/dags/bike_hour_dag.py
[2025-09-15T06:36:51.694+0000] {processor.py:840} INFO - DAG(s) 'bike_hour_pipeline' retrieved from /opt/airflow/dags/bike_hour_dag.py
[2025-09-15T06:36:51.722+0000] {logging_mixin.py:188} INFO - [2025-09-15T06:36:51.722+0000] {dag.py:3096} INFO - Sync 1 DAGs
[2025-09-15T06:36:51.741+0000] {logging_mixin.py:188} INFO - [2025-09-15T06:36:51.741+0000] {dag.py:3954} INFO - Setting next_dagrun for bike_hour_pipeline to 2025-09-14 00:00:00+00:00, run_after=2025-09-15 00:00:00+00:00
[2025-09-15T06:36:51.761+0000] {processor.py:183} INFO - Processing /opt/airflow/dags/bike_hour_dag.py took 0.097 seconds
[2025-09-15T06:37:22.124+0000] {processor.py:161} INFO - Started process (PID=2420) to work on /opt/airflow/dags/bike_hour_dag.py
[2025-09-15T06:37:22.125+0000] {processor.py:830} INFO - Processing file /opt/airflow/dags/bike_hour_dag.py for tasks to queue
[2025-09-15T06:37:22.127+0000] {logging_mixin.py:188} INFO - [2025-09-15T06:37:22.127+0000] {dagbag.py:540} INFO - Filling up the DagBag from /opt/airflow/dags/bike_hour_dag.py
[2025-09-15T06:37:22.145+0000] {processor.py:840} INFO - DAG(s) 'bike_hour_pipeline' retrieved from /opt/airflow/dags/bike_hour_dag.py
[2025-09-15T06:37:22.169+0000] {logging_mixin.py:188} INFO - [2025-09-15T06:37:22.169+0000] {dag.py:3096} INFO - Sync 1 DAGs
[2025-09-15T06:37:22.187+0000] {logging_mixin.py:188} INFO - [2025-09-15T06:37:22.187+0000] {dag.py:3954} INFO - Setting next_dagrun for bike_hour_pipeline to 2025-09-14 00:00:00+00:00, run_after=2025-09-15 00:00:00+00:00
[2025-09-15T06:37:22.204+0000] {processor.py:183} INFO - Processing /opt/airflow/dags/bike_hour_dag.py took 0.085 seconds
[2025-09-15T06:37:52.521+0000] {processor.py:161} INFO - Started process (PID=2455) to work on /opt/airflow/dags/bike_hour_dag.py
[2025-09-15T06:37:52.523+0000] {processor.py:830} INFO - Processing file /opt/airflow/dags/bike_hour_dag.py for tasks to queue
[2025-09-15T06:37:52.524+0000] {logging_mixin.py:188} INFO - [2025-09-15T06:37:52.524+0000] {dagbag.py:540} INFO - Filling up the DagBag from /opt/airflow/dags/bike_hour_dag.py
[2025-09-15T06:37:52.544+0000] {processor.py:840} INFO - DAG(s) 'bike_hour_pipeline' retrieved from /opt/airflow/dags/bike_hour_dag.py
[2025-09-15T06:37:52.571+0000] {logging_mixin.py:188} INFO - [2025-09-15T06:37:52.570+0000] {dag.py:3096} INFO - Sync 1 DAGs
[2025-09-15T06:37:52.591+0000] {logging_mixin.py:188} INFO - [2025-09-15T06:37:52.590+0000] {dag.py:3954} INFO - Setting next_dagrun for bike_hour_pipeline to 2025-09-14 00:00:00+00:00, run_after=2025-09-15 00:00:00+00:00
[2025-09-15T06:37:52.610+0000] {processor.py:183} INFO - Processing /opt/airflow/dags/bike_hour_dag.py took 0.094 seconds
[2025-09-15T06:38:23.064+0000] {processor.py:161} INFO - Started process (PID=2490) to work on /opt/airflow/dags/bike_hour_dag.py
[2025-09-15T06:38:23.066+0000] {processor.py:830} INFO - Processing file /opt/airflow/dags/bike_hour_dag.py for tasks to queue
[2025-09-15T06:38:23.067+0000] {logging_mixin.py:188} INFO - [2025-09-15T06:38:23.067+0000] {dagbag.py:540} INFO - Filling up the DagBag from /opt/airflow/dags/bike_hour_dag.py
[2025-09-15T06:38:23.089+0000] {processor.py:840} INFO - DAG(s) 'bike_hour_pipeline' retrieved from /opt/airflow/dags/bike_hour_dag.py
[2025-09-15T06:38:23.115+0000] {logging_mixin.py:188} INFO - [2025-09-15T06:38:23.115+0000] {dag.py:3096} INFO - Sync 1 DAGs
[2025-09-15T06:38:23.135+0000] {logging_mixin.py:188} INFO - [2025-09-15T06:38:23.135+0000] {dag.py:3954} INFO - Setting next_dagrun for bike_hour_pipeline to 2025-09-14 00:00:00+00:00, run_after=2025-09-15 00:00:00+00:00
[2025-09-15T06:38:23.155+0000] {processor.py:183} INFO - Processing /opt/airflow/dags/bike_hour_dag.py took 0.097 seconds
[2025-09-15T06:38:53.317+0000] {processor.py:161} INFO - Started process (PID=2525) to work on /opt/airflow/dags/bike_hour_dag.py
[2025-09-15T06:38:53.318+0000] {processor.py:830} INFO - Processing file /opt/airflow/dags/bike_hour_dag.py for tasks to queue
[2025-09-15T06:38:53.320+0000] {logging_mixin.py:188} INFO - [2025-09-15T06:38:53.320+0000] {dagbag.py:540} INFO - Filling up the DagBag from /opt/airflow/dags/bike_hour_dag.py
[2025-09-15T06:38:53.339+0000] {processor.py:840} INFO - DAG(s) 'bike_hour_pipeline' retrieved from /opt/airflow/dags/bike_hour_dag.py
[2025-09-15T06:38:53.362+0000] {logging_mixin.py:188} INFO - [2025-09-15T06:38:53.362+0000] {dag.py:3096} INFO - Sync 1 DAGs
[2025-09-15T06:38:53.379+0000] {logging_mixin.py:188} INFO - [2025-09-15T06:38:53.379+0000] {dag.py:3954} INFO - Setting next_dagrun for bike_hour_pipeline to 2025-09-14 00:00:00+00:00, run_after=2025-09-15 00:00:00+00:00
[2025-09-15T06:38:53.396+0000] {processor.py:183} INFO - Processing /opt/airflow/dags/bike_hour_dag.py took 0.084 seconds
[2025-09-15T06:39:23.850+0000] {processor.py:161} INFO - Started process (PID=2560) to work on /opt/airflow/dags/bike_hour_dag.py
[2025-09-15T06:39:23.851+0000] {processor.py:830} INFO - Processing file /opt/airflow/dags/bike_hour_dag.py for tasks to queue
[2025-09-15T06:39:23.853+0000] {logging_mixin.py:188} INFO - [2025-09-15T06:39:23.853+0000] {dagbag.py:540} INFO - Filling up the DagBag from /opt/airflow/dags/bike_hour_dag.py
[2025-09-15T06:39:23.871+0000] {processor.py:840} INFO - DAG(s) 'bike_hour_pipeline' retrieved from /opt/airflow/dags/bike_hour_dag.py
[2025-09-15T06:39:23.895+0000] {logging_mixin.py:188} INFO - [2025-09-15T06:39:23.895+0000] {dag.py:3096} INFO - Sync 1 DAGs
[2025-09-15T06:39:23.912+0000] {logging_mixin.py:188} INFO - [2025-09-15T06:39:23.912+0000] {dag.py:3954} INFO - Setting next_dagrun for bike_hour_pipeline to 2025-09-14 00:00:00+00:00, run_after=2025-09-15 00:00:00+00:00
[2025-09-15T06:39:23.930+0000] {processor.py:183} INFO - Processing /opt/airflow/dags/bike_hour_dag.py took 0.085 seconds
[2025-09-15T06:39:54.387+0000] {processor.py:161} INFO - Started process (PID=2595) to work on /opt/airflow/dags/bike_hour_dag.py
[2025-09-15T06:39:54.388+0000] {processor.py:830} INFO - Processing file /opt/airflow/dags/bike_hour_dag.py for tasks to queue
[2025-09-15T06:39:54.390+0000] {logging_mixin.py:188} INFO - [2025-09-15T06:39:54.389+0000] {dagbag.py:540} INFO - Filling up the DagBag from /opt/airflow/dags/bike_hour_dag.py
[2025-09-15T06:39:54.408+0000] {processor.py:840} INFO - DAG(s) 'bike_hour_pipeline' retrieved from /opt/airflow/dags/bike_hour_dag.py
[2025-09-15T06:39:54.433+0000] {logging_mixin.py:188} INFO - [2025-09-15T06:39:54.433+0000] {dag.py:3096} INFO - Sync 1 DAGs
[2025-09-15T06:39:54.452+0000] {logging_mixin.py:188} INFO - [2025-09-15T06:39:54.452+0000] {dag.py:3954} INFO - Setting next_dagrun for bike_hour_pipeline to 2025-09-14 00:00:00+00:00, run_after=2025-09-15 00:00:00+00:00
[2025-09-15T06:39:54.472+0000] {processor.py:183} INFO - Processing /opt/airflow/dags/bike_hour_dag.py took 0.091 seconds
[2025-09-15T06:40:24.736+0000] {processor.py:161} INFO - Started process (PID=2630) to work on /opt/airflow/dags/bike_hour_dag.py
[2025-09-15T06:40:24.737+0000] {processor.py:830} INFO - Processing file /opt/airflow/dags/bike_hour_dag.py for tasks to queue
[2025-09-15T06:40:24.739+0000] {logging_mixin.py:188} INFO - [2025-09-15T06:40:24.739+0000] {dagbag.py:540} INFO - Filling up the DagBag from /opt/airflow/dags/bike_hour_dag.py
[2025-09-15T06:40:24.758+0000] {processor.py:840} INFO - DAG(s) 'bike_hour_pipeline' retrieved from /opt/airflow/dags/bike_hour_dag.py
[2025-09-15T06:40:24.784+0000] {logging_mixin.py:188} INFO - [2025-09-15T06:40:24.784+0000] {dag.py:3096} INFO - Sync 1 DAGs
[2025-09-15T06:40:24.802+0000] {logging_mixin.py:188} INFO - [2025-09-15T06:40:24.802+0000] {dag.py:3954} INFO - Setting next_dagrun for bike_hour_pipeline to 2025-09-14 00:00:00+00:00, run_after=2025-09-15 00:00:00+00:00
[2025-09-15T06:40:24.821+0000] {processor.py:183} INFO - Processing /opt/airflow/dags/bike_hour_dag.py took 0.091 seconds
[2025-09-15T06:40:55.258+0000] {processor.py:161} INFO - Started process (PID=2665) to work on /opt/airflow/dags/bike_hour_dag.py
[2025-09-15T06:40:55.259+0000] {processor.py:830} INFO - Processing file /opt/airflow/dags/bike_hour_dag.py for tasks to queue
[2025-09-15T06:40:55.261+0000] {logging_mixin.py:188} INFO - [2025-09-15T06:40:55.261+0000] {dagbag.py:540} INFO - Filling up the DagBag from /opt/airflow/dags/bike_hour_dag.py
[2025-09-15T06:40:55.276+0000] {processor.py:840} INFO - DAG(s) 'bike_hour_pipeline' retrieved from /opt/airflow/dags/bike_hour_dag.py
[2025-09-15T06:40:55.304+0000] {logging_mixin.py:188} INFO - [2025-09-15T06:40:55.304+0000] {dag.py:3096} INFO - Sync 1 DAGs
[2025-09-15T06:40:55.322+0000] {logging_mixin.py:188} INFO - [2025-09-15T06:40:55.322+0000] {dag.py:3954} INFO - Setting next_dagrun for bike_hour_pipeline to 2025-09-14 00:00:00+00:00, run_after=2025-09-15 00:00:00+00:00
[2025-09-15T06:40:55.339+0000] {processor.py:183} INFO - Processing /opt/airflow/dags/bike_hour_dag.py took 0.086 seconds
[2025-09-15T06:41:25.787+0000] {processor.py:161} INFO - Started process (PID=2700) to work on /opt/airflow/dags/bike_hour_dag.py
[2025-09-15T06:41:25.788+0000] {processor.py:830} INFO - Processing file /opt/airflow/dags/bike_hour_dag.py for tasks to queue
[2025-09-15T06:41:25.791+0000] {logging_mixin.py:188} INFO - [2025-09-15T06:41:25.790+0000] {dagbag.py:540} INFO - Filling up the DagBag from /opt/airflow/dags/bike_hour_dag.py
[2025-09-15T06:41:25.815+0000] {processor.py:840} INFO - DAG(s) 'bike_hour_pipeline' retrieved from /opt/airflow/dags/bike_hour_dag.py
[2025-09-15T06:41:25.843+0000] {logging_mixin.py:188} INFO - [2025-09-15T06:41:25.842+0000] {dag.py:3096} INFO - Sync 1 DAGs
[2025-09-15T06:41:25.862+0000] {logging_mixin.py:188} INFO - [2025-09-15T06:41:25.861+0000] {dag.py:3954} INFO - Setting next_dagrun for bike_hour_pipeline to 2025-09-14 00:00:00+00:00, run_after=2025-09-15 00:00:00+00:00
[2025-09-15T06:41:25.882+0000] {processor.py:183} INFO - Processing /opt/airflow/dags/bike_hour_dag.py took 0.101 seconds
[2025-09-15T06:41:56.288+0000] {processor.py:161} INFO - Started process (PID=2735) to work on /opt/airflow/dags/bike_hour_dag.py
[2025-09-15T06:41:56.290+0000] {processor.py:830} INFO - Processing file /opt/airflow/dags/bike_hour_dag.py for tasks to queue
[2025-09-15T06:41:56.291+0000] {logging_mixin.py:188} INFO - [2025-09-15T06:41:56.291+0000] {dagbag.py:540} INFO - Filling up the DagBag from /opt/airflow/dags/bike_hour_dag.py
[2025-09-15T06:41:56.310+0000] {processor.py:840} INFO - DAG(s) 'bike_hour_pipeline' retrieved from /opt/airflow/dags/bike_hour_dag.py
[2025-09-15T06:41:56.336+0000] {logging_mixin.py:188} INFO - [2025-09-15T06:41:56.336+0000] {dag.py:3096} INFO - Sync 1 DAGs
[2025-09-15T06:41:56.354+0000] {logging_mixin.py:188} INFO - [2025-09-15T06:41:56.354+0000] {dag.py:3954} INFO - Setting next_dagrun for bike_hour_pipeline to 2025-09-14 00:00:00+00:00, run_after=2025-09-15 00:00:00+00:00
[2025-09-15T06:41:56.371+0000] {processor.py:183} INFO - Processing /opt/airflow/dags/bike_hour_dag.py took 0.088 seconds
[2025-09-15T06:42:26.967+0000] {processor.py:161} INFO - Started process (PID=2770) to work on /opt/airflow/dags/bike_hour_dag.py
[2025-09-15T06:42:26.968+0000] {processor.py:830} INFO - Processing file /opt/airflow/dags/bike_hour_dag.py for tasks to queue
[2025-09-15T06:42:26.970+0000] {logging_mixin.py:188} INFO - [2025-09-15T06:42:26.970+0000] {dagbag.py:540} INFO - Filling up the DagBag from /opt/airflow/dags/bike_hour_dag.py
[2025-09-15T06:42:26.987+0000] {processor.py:840} INFO - DAG(s) 'bike_hour_pipeline' retrieved from /opt/airflow/dags/bike_hour_dag.py
[2025-09-15T06:42:27.011+0000] {logging_mixin.py:188} INFO - [2025-09-15T06:42:27.011+0000] {dag.py:3096} INFO - Sync 1 DAGs
[2025-09-15T06:42:27.028+0000] {logging_mixin.py:188} INFO - [2025-09-15T06:42:27.028+0000] {dag.py:3954} INFO - Setting next_dagrun for bike_hour_pipeline to 2025-09-14 00:00:00+00:00, run_after=2025-09-15 00:00:00+00:00
[2025-09-15T06:42:27.048+0000] {processor.py:183} INFO - Processing /opt/airflow/dags/bike_hour_dag.py took 0.086 seconds
[2025-09-15T06:42:57.446+0000] {processor.py:161} INFO - Started process (PID=2805) to work on /opt/airflow/dags/bike_hour_dag.py
[2025-09-15T06:42:57.447+0000] {processor.py:830} INFO - Processing file /opt/airflow/dags/bike_hour_dag.py for tasks to queue
[2025-09-15T06:42:57.449+0000] {logging_mixin.py:188} INFO - [2025-09-15T06:42:57.448+0000] {dagbag.py:540} INFO - Filling up the DagBag from /opt/airflow/dags/bike_hour_dag.py
[2025-09-15T06:42:57.473+0000] {processor.py:840} INFO - DAG(s) 'bike_hour_pipeline' retrieved from /opt/airflow/dags/bike_hour_dag.py
[2025-09-15T06:42:57.498+0000] {logging_mixin.py:188} INFO - [2025-09-15T06:42:57.498+0000] {dag.py:3096} INFO - Sync 1 DAGs
[2025-09-15T06:42:57.522+0000] {logging_mixin.py:188} INFO - [2025-09-15T06:42:57.521+0000] {dag.py:3954} INFO - Setting next_dagrun for bike_hour_pipeline to 2025-09-14 00:00:00+00:00, run_after=2025-09-15 00:00:00+00:00
[2025-09-15T06:42:57.560+0000] {processor.py:183} INFO - Processing /opt/airflow/dags/bike_hour_dag.py took 0.120 seconds
[2025-09-15T06:43:27.945+0000] {processor.py:161} INFO - Started process (PID=2840) to work on /opt/airflow/dags/bike_hour_dag.py
[2025-09-15T06:43:27.946+0000] {processor.py:830} INFO - Processing file /opt/airflow/dags/bike_hour_dag.py for tasks to queue
[2025-09-15T06:43:27.948+0000] {logging_mixin.py:188} INFO - [2025-09-15T06:43:27.948+0000] {dagbag.py:540} INFO - Filling up the DagBag from /opt/airflow/dags/bike_hour_dag.py
[2025-09-15T06:43:27.965+0000] {processor.py:840} INFO - DAG(s) 'bike_hour_pipeline' retrieved from /opt/airflow/dags/bike_hour_dag.py
[2025-09-15T06:43:27.989+0000] {logging_mixin.py:188} INFO - [2025-09-15T06:43:27.989+0000] {dag.py:3096} INFO - Sync 1 DAGs
[2025-09-15T06:43:28.008+0000] {logging_mixin.py:188} INFO - [2025-09-15T06:43:28.007+0000] {dag.py:3954} INFO - Setting next_dagrun for bike_hour_pipeline to 2025-09-14 00:00:00+00:00, run_after=2025-09-15 00:00:00+00:00
[2025-09-15T06:43:28.029+0000] {processor.py:183} INFO - Processing /opt/airflow/dags/bike_hour_dag.py took 0.089 seconds
[2025-09-15T06:43:58.399+0000] {processor.py:161} INFO - Started process (PID=2875) to work on /opt/airflow/dags/bike_hour_dag.py
[2025-09-15T06:43:58.400+0000] {processor.py:830} INFO - Processing file /opt/airflow/dags/bike_hour_dag.py for tasks to queue
[2025-09-15T06:43:58.402+0000] {logging_mixin.py:188} INFO - [2025-09-15T06:43:58.402+0000] {dagbag.py:540} INFO - Filling up the DagBag from /opt/airflow/dags/bike_hour_dag.py
[2025-09-15T06:43:58.421+0000] {processor.py:840} INFO - DAG(s) 'bike_hour_pipeline' retrieved from /opt/airflow/dags/bike_hour_dag.py
[2025-09-15T06:43:58.450+0000] {logging_mixin.py:188} INFO - [2025-09-15T06:43:58.449+0000] {dag.py:3096} INFO - Sync 1 DAGs
[2025-09-15T06:43:58.468+0000] {logging_mixin.py:188} INFO - [2025-09-15T06:43:58.468+0000] {dag.py:3954} INFO - Setting next_dagrun for bike_hour_pipeline to 2025-09-14 00:00:00+00:00, run_after=2025-09-15 00:00:00+00:00
[2025-09-15T06:43:58.486+0000] {processor.py:183} INFO - Processing /opt/airflow/dags/bike_hour_dag.py took 0.092 seconds
[2025-09-15T06:44:29.006+0000] {processor.py:161} INFO - Started process (PID=2910) to work on /opt/airflow/dags/bike_hour_dag.py
[2025-09-15T06:44:29.008+0000] {processor.py:830} INFO - Processing file /opt/airflow/dags/bike_hour_dag.py for tasks to queue
[2025-09-15T06:44:29.010+0000] {logging_mixin.py:188} INFO - [2025-09-15T06:44:29.009+0000] {dagbag.py:540} INFO - Filling up the DagBag from /opt/airflow/dags/bike_hour_dag.py
[2025-09-15T06:44:29.027+0000] {processor.py:840} INFO - DAG(s) 'bike_hour_pipeline' retrieved from /opt/airflow/dags/bike_hour_dag.py
[2025-09-15T06:44:29.051+0000] {logging_mixin.py:188} INFO - [2025-09-15T06:44:29.050+0000] {dag.py:3096} INFO - Sync 1 DAGs
[2025-09-15T06:44:29.068+0000] {logging_mixin.py:188} INFO - [2025-09-15T06:44:29.068+0000] {dag.py:3954} INFO - Setting next_dagrun for bike_hour_pipeline to 2025-09-14 00:00:00+00:00, run_after=2025-09-15 00:00:00+00:00
[2025-09-15T06:44:29.085+0000] {processor.py:183} INFO - Processing /opt/airflow/dags/bike_hour_dag.py took 0.084 seconds
[2025-09-15T06:44:59.626+0000] {processor.py:161} INFO - Started process (PID=2945) to work on /opt/airflow/dags/bike_hour_dag.py
[2025-09-15T06:44:59.627+0000] {processor.py:830} INFO - Processing file /opt/airflow/dags/bike_hour_dag.py for tasks to queue
[2025-09-15T06:44:59.629+0000] {logging_mixin.py:188} INFO - [2025-09-15T06:44:59.628+0000] {dagbag.py:540} INFO - Filling up the DagBag from /opt/airflow/dags/bike_hour_dag.py
[2025-09-15T06:44:59.650+0000] {processor.py:840} INFO - DAG(s) 'bike_hour_pipeline' retrieved from /opt/airflow/dags/bike_hour_dag.py
[2025-09-15T06:44:59.681+0000] {logging_mixin.py:188} INFO - [2025-09-15T06:44:59.680+0000] {dag.py:3096} INFO - Sync 1 DAGs
[2025-09-15T06:44:59.700+0000] {logging_mixin.py:188} INFO - [2025-09-15T06:44:59.700+0000] {dag.py:3954} INFO - Setting next_dagrun for bike_hour_pipeline to 2025-09-14 00:00:00+00:00, run_after=2025-09-15 00:00:00+00:00
[2025-09-15T06:44:59.722+0000] {processor.py:183} INFO - Processing /opt/airflow/dags/bike_hour_dag.py took 0.104 seconds
[2025-09-15T06:45:30.143+0000] {processor.py:161} INFO - Started process (PID=2980) to work on /opt/airflow/dags/bike_hour_dag.py
[2025-09-15T06:45:30.144+0000] {processor.py:830} INFO - Processing file /opt/airflow/dags/bike_hour_dag.py for tasks to queue
[2025-09-15T06:45:30.146+0000] {logging_mixin.py:188} INFO - [2025-09-15T06:45:30.146+0000] {dagbag.py:540} INFO - Filling up the DagBag from /opt/airflow/dags/bike_hour_dag.py
[2025-09-15T06:45:30.165+0000] {processor.py:840} INFO - DAG(s) 'bike_hour_pipeline' retrieved from /opt/airflow/dags/bike_hour_dag.py
[2025-09-15T06:45:30.190+0000] {logging_mixin.py:188} INFO - [2025-09-15T06:45:30.189+0000] {dag.py:3096} INFO - Sync 1 DAGs
[2025-09-15T06:45:30.209+0000] {logging_mixin.py:188} INFO - [2025-09-15T06:45:30.209+0000] {dag.py:3954} INFO - Setting next_dagrun for bike_hour_pipeline to 2025-09-14 00:00:00+00:00, run_after=2025-09-15 00:00:00+00:00
[2025-09-15T06:45:30.229+0000] {processor.py:183} INFO - Processing /opt/airflow/dags/bike_hour_dag.py took 0.091 seconds
[2025-09-15T06:46:00.738+0000] {processor.py:161} INFO - Started process (PID=3015) to work on /opt/airflow/dags/bike_hour_dag.py
[2025-09-15T06:46:00.739+0000] {processor.py:830} INFO - Processing file /opt/airflow/dags/bike_hour_dag.py for tasks to queue
[2025-09-15T06:46:00.741+0000] {logging_mixin.py:188} INFO - [2025-09-15T06:46:00.741+0000] {dagbag.py:540} INFO - Filling up the DagBag from /opt/airflow/dags/bike_hour_dag.py
[2025-09-15T06:46:00.761+0000] {processor.py:840} INFO - DAG(s) 'bike_hour_pipeline' retrieved from /opt/airflow/dags/bike_hour_dag.py
[2025-09-15T06:46:00.789+0000] {logging_mixin.py:188} INFO - [2025-09-15T06:46:00.789+0000] {dag.py:3096} INFO - Sync 1 DAGs
[2025-09-15T06:46:00.810+0000] {logging_mixin.py:188} INFO - [2025-09-15T06:46:00.810+0000] {dag.py:3954} INFO - Setting next_dagrun for bike_hour_pipeline to 2025-09-14 00:00:00+00:00, run_after=2025-09-15 00:00:00+00:00
[2025-09-15T06:46:00.829+0000] {processor.py:183} INFO - Processing /opt/airflow/dags/bike_hour_dag.py took 0.096 seconds
[2025-09-15T06:46:31.327+0000] {processor.py:161} INFO - Started process (PID=3050) to work on /opt/airflow/dags/bike_hour_dag.py
[2025-09-15T06:46:31.329+0000] {processor.py:830} INFO - Processing file /opt/airflow/dags/bike_hour_dag.py for tasks to queue
[2025-09-15T06:46:31.331+0000] {logging_mixin.py:188} INFO - [2025-09-15T06:46:31.331+0000] {dagbag.py:540} INFO - Filling up the DagBag from /opt/airflow/dags/bike_hour_dag.py
[2025-09-15T06:46:31.350+0000] {processor.py:840} INFO - DAG(s) 'bike_hour_pipeline' retrieved from /opt/airflow/dags/bike_hour_dag.py
[2025-09-15T06:46:31.379+0000] {logging_mixin.py:188} INFO - [2025-09-15T06:46:31.379+0000] {dag.py:3096} INFO - Sync 1 DAGs
[2025-09-15T06:46:31.399+0000] {logging_mixin.py:188} INFO - [2025-09-15T06:46:31.398+0000] {dag.py:3954} INFO - Setting next_dagrun for bike_hour_pipeline to 2025-09-14 00:00:00+00:00, run_after=2025-09-15 00:00:00+00:00
[2025-09-15T06:46:31.420+0000] {processor.py:183} INFO - Processing /opt/airflow/dags/bike_hour_dag.py took 0.098 seconds
[2025-09-15T06:47:02.048+0000] {processor.py:161} INFO - Started process (PID=3085) to work on /opt/airflow/dags/bike_hour_dag.py
[2025-09-15T06:47:02.049+0000] {processor.py:830} INFO - Processing file /opt/airflow/dags/bike_hour_dag.py for tasks to queue
[2025-09-15T06:47:02.051+0000] {logging_mixin.py:188} INFO - [2025-09-15T06:47:02.051+0000] {dagbag.py:540} INFO - Filling up the DagBag from /opt/airflow/dags/bike_hour_dag.py
[2025-09-15T06:47:02.069+0000] {processor.py:840} INFO - DAG(s) 'bike_hour_pipeline' retrieved from /opt/airflow/dags/bike_hour_dag.py
[2025-09-15T06:47:02.092+0000] {logging_mixin.py:188} INFO - [2025-09-15T06:47:02.092+0000] {dag.py:3096} INFO - Sync 1 DAGs
[2025-09-15T06:47:02.111+0000] {logging_mixin.py:188} INFO - [2025-09-15T06:47:02.111+0000] {dag.py:3954} INFO - Setting next_dagrun for bike_hour_pipeline to 2025-09-14 00:00:00+00:00, run_after=2025-09-15 00:00:00+00:00
[2025-09-15T06:47:02.130+0000] {processor.py:183} INFO - Processing /opt/airflow/dags/bike_hour_dag.py took 0.087 seconds
[2025-09-15T06:53:38.339+0000] {processor.py:161} INFO - Started process (PID=3127) to work on /opt/airflow/dags/bike_hour_dag.py
[2025-09-15T06:53:38.341+0000] {processor.py:830} INFO - Processing file /opt/airflow/dags/bike_hour_dag.py for tasks to queue
[2025-09-15T06:53:38.353+0000] {logging_mixin.py:188} INFO - [2025-09-15T06:53:38.352+0000] {dagbag.py:540} INFO - Filling up the DagBag from /opt/airflow/dags/bike_hour_dag.py
[2025-09-15T06:53:38.579+0000] {processor.py:840} INFO - DAG(s) 'bike_hour_pipeline' retrieved from /opt/airflow/dags/bike_hour_dag.py
[2025-09-15T06:53:38.740+0000] {logging_mixin.py:188} INFO - [2025-09-15T06:53:38.735+0000] {dag.py:3096} INFO - Sync 1 DAGs
[2025-09-15T06:53:38.831+0000] {logging_mixin.py:188} INFO - [2025-09-15T06:53:38.831+0000] {dag.py:3954} INFO - Setting next_dagrun for bike_hour_pipeline to 2025-09-14 00:00:00+00:00, run_after=2025-09-15 00:00:00+00:00
[2025-09-15T06:53:38.924+0000] {processor.py:183} INFO - Processing /opt/airflow/dags/bike_hour_dag.py took 0.636 seconds
[2025-09-15T06:54:09.546+0000] {processor.py:161} INFO - Started process (PID=3162) to work on /opt/airflow/dags/bike_hour_dag.py
[2025-09-15T06:54:09.547+0000] {processor.py:830} INFO - Processing file /opt/airflow/dags/bike_hour_dag.py for tasks to queue
[2025-09-15T06:54:09.548+0000] {logging_mixin.py:188} INFO - [2025-09-15T06:54:09.548+0000] {dagbag.py:540} INFO - Filling up the DagBag from /opt/airflow/dags/bike_hour_dag.py
[2025-09-15T06:54:09.570+0000] {processor.py:840} INFO - DAG(s) 'bike_hour_pipeline' retrieved from /opt/airflow/dags/bike_hour_dag.py
[2025-09-15T06:54:09.598+0000] {logging_mixin.py:188} INFO - [2025-09-15T06:54:09.598+0000] {dag.py:3096} INFO - Sync 1 DAGs
[2025-09-15T06:54:09.577+0000] {logging_mixin.py:188} INFO - [2025-09-15T06:54:09.577+0000] {dag.py:3954} INFO - Setting next_dagrun for bike_hour_pipeline to 2025-09-14 00:00:00+00:00, run_after=2025-09-15 00:00:00+00:00
[2025-09-15T06:54:09.601+0000] {processor.py:183} INFO - Processing /opt/airflow/dags/bike_hour_dag.py took 0.105 seconds
[2025-09-15T06:54:40.185+0000] {processor.py:161} INFO - Started process (PID=3197) to work on /opt/airflow/dags/bike_hour_dag.py
[2025-09-15T06:54:40.186+0000] {processor.py:830} INFO - Processing file /opt/airflow/dags/bike_hour_dag.py for tasks to queue
[2025-09-15T06:54:40.186+0000] {logging_mixin.py:188} INFO - [2025-09-15T06:54:40.186+0000] {dagbag.py:540} INFO - Filling up the DagBag from /opt/airflow/dags/bike_hour_dag.py
[2025-09-15T06:54:40.204+0000] {processor.py:840} INFO - DAG(s) 'bike_hour_pipeline' retrieved from /opt/airflow/dags/bike_hour_dag.py
[2025-09-15T06:54:40.225+0000] {logging_mixin.py:188} INFO - [2025-09-15T06:54:40.225+0000] {dag.py:3096} INFO - Sync 1 DAGs
[2025-09-15T06:54:40.248+0000] {logging_mixin.py:188} INFO - [2025-09-15T06:54:40.247+0000] {dag.py:3954} INFO - Setting next_dagrun for bike_hour_pipeline to 2025-09-14 00:00:00+00:00, run_after=2025-09-15 00:00:00+00:00
[2025-09-15T06:54:40.269+0000] {processor.py:183} INFO - Processing /opt/airflow/dags/bike_hour_dag.py took 0.089 seconds
[2025-09-15T06:55:11.035+0000] {processor.py:161} INFO - Started process (PID=3232) to work on /opt/airflow/dags/bike_hour_dag.py
[2025-09-15T06:55:11.036+0000] {processor.py:830} INFO - Processing file /opt/airflow/dags/bike_hour_dag.py for tasks to queue
[2025-09-15T06:55:11.037+0000] {logging_mixin.py:188} INFO - [2025-09-15T06:55:11.037+0000] {dagbag.py:540} INFO - Filling up the DagBag from /opt/airflow/dags/bike_hour_dag.py
[2025-09-15T06:55:11.054+0000] {processor.py:840} INFO - DAG(s) 'bike_hour_pipeline' retrieved from /opt/airflow/dags/bike_hour_dag.py
[2025-09-15T06:55:11.077+0000] {logging_mixin.py:188} INFO - [2025-09-15T06:55:11.077+0000] {dag.py:3096} INFO - Sync 1 DAGs
[2025-09-15T06:55:11.096+0000] {logging_mixin.py:188} INFO - [2025-09-15T06:55:11.095+0000] {dag.py:3954} INFO - Setting next_dagrun for bike_hour_pipeline to 2025-09-14 00:00:00+00:00, run_after=2025-09-15 00:00:00+00:00
[2025-09-15T06:55:11.115+0000] {processor.py:183} INFO - Processing /opt/airflow/dags/bike_hour_dag.py took 0.084 seconds
[2025-09-15T06:55:41.996+0000] {processor.py:161} INFO - Started process (PID=3267) to work on /opt/airflow/dags/bike_hour_dag.py
[2025-09-15T06:55:41.997+0000] {processor.py:830} INFO - Processing file /opt/airflow/dags/bike_hour_dag.py for tasks to queue
[2025-09-15T06:55:41.998+0000] {logging_mixin.py:188} INFO - [2025-09-15T06:55:41.998+0000] {dagbag.py:540} INFO - Filling up the DagBag from /opt/airflow/dags/bike_hour_dag.py
[2025-09-15T06:55:42.016+0000] {processor.py:840} INFO - DAG(s) 'bike_hour_pipeline' retrieved from /opt/airflow/dags/bike_hour_dag.py
[2025-09-15T06:55:42.041+0000] {logging_mixin.py:188} INFO - [2025-09-15T06:55:42.041+0000] {dag.py:3096} INFO - Sync 1 DAGs
[2025-09-15T06:55:42.060+0000] {logging_mixin.py:188} INFO - [2025-09-15T06:55:42.059+0000] {dag.py:3954} INFO - Setting next_dagrun for bike_hour_pipeline to 2025-09-14 00:00:00+00:00, run_after=2025-09-15 00:00:00+00:00
[2025-09-15T06:55:42.081+0000] {processor.py:183} INFO - Processing /opt/airflow/dags/bike_hour_dag.py took 0.090 seconds
[2025-09-15T06:56:12.751+0000] {processor.py:161} INFO - Started process (PID=3302) to work on /opt/airflow/dags/bike_hour_dag.py
[2025-09-15T06:56:12.752+0000] {processor.py:830} INFO - Processing file /opt/airflow/dags/bike_hour_dag.py for tasks to queue
[2025-09-15T06:56:12.753+0000] {logging_mixin.py:188} INFO - [2025-09-15T06:56:12.752+0000] {dagbag.py:540} INFO - Filling up the DagBag from /opt/airflow/dags/bike_hour_dag.py
[2025-09-15T06:56:12.770+0000] {processor.py:840} INFO - DAG(s) 'bike_hour_pipeline' retrieved from /opt/airflow/dags/bike_hour_dag.py
[2025-09-15T06:56:12.794+0000] {logging_mixin.py:188} INFO - [2025-09-15T06:56:12.793+0000] {dag.py:3096} INFO - Sync 1 DAGs
[2025-09-15T06:56:12.811+0000] {logging_mixin.py:188} INFO - [2025-09-15T06:56:12.811+0000] {dag.py:3954} INFO - Setting next_dagrun for bike_hour_pipeline to 2025-09-14 00:00:00+00:00, run_after=2025-09-15 00:00:00+00:00
[2025-09-15T06:56:12.831+0000] {processor.py:183} INFO - Processing /opt/airflow/dags/bike_hour_dag.py took 0.085 seconds
[2025-09-15T06:56:43.782+0000] {processor.py:161} INFO - Started process (PID=3337) to work on /opt/airflow/dags/bike_hour_dag.py
[2025-09-15T06:56:43.783+0000] {processor.py:830} INFO - Processing file /opt/airflow/dags/bike_hour_dag.py for tasks to queue
[2025-09-15T06:56:43.784+0000] {logging_mixin.py:188} INFO - [2025-09-15T06:56:43.784+0000] {dagbag.py:540} INFO - Filling up the DagBag from /opt/airflow/dags/bike_hour_dag.py
[2025-09-15T06:56:43.802+0000] {processor.py:840} INFO - DAG(s) 'bike_hour_pipeline' retrieved from /opt/airflow/dags/bike_hour_dag.py
[2025-09-15T06:56:43.828+0000] {logging_mixin.py:188} INFO - [2025-09-15T06:56:43.827+0000] {dag.py:3096} INFO - Sync 1 DAGs
[2025-09-15T06:56:43.848+0000] {logging_mixin.py:188} INFO - [2025-09-15T06:56:43.847+0000] {dag.py:3954} INFO - Setting next_dagrun for bike_hour_pipeline to 2025-09-14 00:00:00+00:00, run_after=2025-09-15 00:00:00+00:00
[2025-09-15T06:56:43.868+0000] {processor.py:183} INFO - Processing /opt/airflow/dags/bike_hour_dag.py took 0.091 seconds
[2025-09-15T06:57:14.496+0000] {processor.py:161} INFO - Started process (PID=3372) to work on /opt/airflow/dags/bike_hour_dag.py
[2025-09-15T06:57:14.497+0000] {processor.py:830} INFO - Processing file /opt/airflow/dags/bike_hour_dag.py for tasks to queue
[2025-09-15T06:57:14.497+0000] {logging_mixin.py:188} INFO - [2025-09-15T06:57:14.497+0000] {dagbag.py:540} INFO - Filling up the DagBag from /opt/airflow/dags/bike_hour_dag.py
[2025-09-15T06:57:14.516+0000] {processor.py:840} INFO - DAG(s) 'bike_hour_pipeline' retrieved from /opt/airflow/dags/bike_hour_dag.py
[2025-09-15T06:57:14.540+0000] {logging_mixin.py:188} INFO - [2025-09-15T06:57:14.540+0000] {dag.py:3096} INFO - Sync 1 DAGs
[2025-09-15T06:57:14.562+0000] {logging_mixin.py:188} INFO - [2025-09-15T06:57:14.562+0000] {dag.py:3954} INFO - Setting next_dagrun for bike_hour_pipeline to 2025-09-14 00:00:00+00:00, run_after=2025-09-15 00:00:00+00:00
[2025-09-15T06:57:14.586+0000] {processor.py:183} INFO - Processing /opt/airflow/dags/bike_hour_dag.py took 0.097 seconds
[2025-09-15T06:57:45.600+0000] {processor.py:161} INFO - Started process (PID=3407) to work on /opt/airflow/dags/bike_hour_dag.py
[2025-09-15T06:57:45.601+0000] {processor.py:830} INFO - Processing file /opt/airflow/dags/bike_hour_dag.py for tasks to queue
[2025-09-15T06:57:45.602+0000] {logging_mixin.py:188} INFO - [2025-09-15T06:57:45.602+0000] {dagbag.py:540} INFO - Filling up the DagBag from /opt/airflow/dags/bike_hour_dag.py
[2025-09-15T06:57:45.630+0000] {processor.py:840} INFO - DAG(s) 'bike_hour_pipeline' retrieved from /opt/airflow/dags/bike_hour_dag.py
[2025-09-15T06:57:45.662+0000] {logging_mixin.py:188} INFO - [2025-09-15T06:57:45.662+0000] {dag.py:3096} INFO - Sync 1 DAGs
[2025-09-15T06:57:45.691+0000] {logging_mixin.py:188} INFO - [2025-09-15T06:57:45.691+0000] {dag.py:3954} INFO - Setting next_dagrun for bike_hour_pipeline to 2025-09-14 00:00:00+00:00, run_after=2025-09-15 00:00:00+00:00
[2025-09-15T06:57:45.710+0000] {processor.py:183} INFO - Processing /opt/airflow/dags/bike_hour_dag.py took 0.119 seconds
[2025-09-15T06:58:16.596+0000] {processor.py:161} INFO - Started process (PID=3442) to work on /opt/airflow/dags/bike_hour_dag.py
[2025-09-15T06:58:16.597+0000] {processor.py:830} INFO - Processing file /opt/airflow/dags/bike_hour_dag.py for tasks to queue
[2025-09-15T06:58:16.597+0000] {logging_mixin.py:188} INFO - [2025-09-15T06:58:16.597+0000] {dagbag.py:540} INFO - Filling up the DagBag from /opt/airflow/dags/bike_hour_dag.py
[2025-09-15T06:58:16.616+0000] {processor.py:840} INFO - DAG(s) 'bike_hour_pipeline' retrieved from /opt/airflow/dags/bike_hour_dag.py
[2025-09-15T06:58:16.640+0000] {logging_mixin.py:188} INFO - [2025-09-15T06:58:16.640+0000] {dag.py:3096} INFO - Sync 1 DAGs
[2025-09-15T06:58:16.661+0000] {logging_mixin.py:188} INFO - [2025-09-15T06:58:16.661+0000] {dag.py:3954} INFO - Setting next_dagrun for bike_hour_pipeline to 2025-09-14 00:00:00+00:00, run_after=2025-09-15 00:00:00+00:00
[2025-09-15T06:58:16.684+0000] {processor.py:183} INFO - Processing /opt/airflow/dags/bike_hour_dag.py took 0.094 seconds
[2025-09-15T06:58:47.320+0000] {processor.py:161} INFO - Started process (PID=3477) to work on /opt/airflow/dags/bike_hour_dag.py
[2025-09-15T06:58:47.321+0000] {processor.py:830} INFO - Processing file /opt/airflow/dags/bike_hour_dag.py for tasks to queue
[2025-09-15T06:58:47.322+0000] {logging_mixin.py:188} INFO - [2025-09-15T06:58:47.322+0000] {dagbag.py:540} INFO - Filling up the DagBag from /opt/airflow/dags/bike_hour_dag.py
[2025-09-15T06:58:47.350+0000] {processor.py:840} INFO - DAG(s) 'bike_hour_pipeline' retrieved from /opt/airflow/dags/bike_hour_dag.py
[2025-09-15T06:58:47.378+0000] {logging_mixin.py:188} INFO - [2025-09-15T06:58:47.378+0000] {dag.py:3096} INFO - Sync 1 DAGs
[2025-09-15T06:58:47.401+0000] {logging_mixin.py:188} INFO - [2025-09-15T06:58:47.401+0000] {dag.py:3954} INFO - Setting next_dagrun for bike_hour_pipeline to 2025-09-14 00:00:00+00:00, run_after=2025-09-15 00:00:00+00:00
[2025-09-15T06:58:47.425+0000] {processor.py:183} INFO - Processing /opt/airflow/dags/bike_hour_dag.py took 0.111 seconds
[2025-09-15T06:59:17.887+0000] {processor.py:161} INFO - Started process (PID=3512) to work on /opt/airflow/dags/bike_hour_dag.py
[2025-09-15T06:59:17.888+0000] {processor.py:830} INFO - Processing file /opt/airflow/dags/bike_hour_dag.py for tasks to queue
[2025-09-15T06:59:17.888+0000] {logging_mixin.py:188} INFO - [2025-09-15T06:59:17.888+0000] {dagbag.py:540} INFO - Filling up the DagBag from /opt/airflow/dags/bike_hour_dag.py
[2025-09-15T06:59:17.909+0000] {processor.py:840} INFO - DAG(s) 'bike_hour_pipeline' retrieved from /opt/airflow/dags/bike_hour_dag.py
[2025-09-15T06:59:17.937+0000] {logging_mixin.py:188} INFO - [2025-09-15T06:59:17.937+0000] {dag.py:3096} INFO - Sync 1 DAGs
[2025-09-15T06:59:17.957+0000] {logging_mixin.py:188} INFO - [2025-09-15T06:59:17.957+0000] {dag.py:3954} INFO - Setting next_dagrun for bike_hour_pipeline to 2025-09-14 00:00:00+00:00, run_after=2025-09-15 00:00:00+00:00
[2025-09-15T06:59:17.984+0000] {processor.py:183} INFO - Processing /opt/airflow/dags/bike_hour_dag.py took 0.103 seconds
[2025-09-15T06:59:48.912+0000] {processor.py:161} INFO - Started process (PID=3547) to work on /opt/airflow/dags/bike_hour_dag.py
[2025-09-15T06:59:48.913+0000] {processor.py:830} INFO - Processing file /opt/airflow/dags/bike_hour_dag.py for tasks to queue
[2025-09-15T06:59:48.914+0000] {logging_mixin.py:188} INFO - [2025-09-15T06:59:48.914+0000] {dagbag.py:540} INFO - Filling up the DagBag from /opt/airflow/dags/bike_hour_dag.py
[2025-09-15T06:59:48.932+0000] {processor.py:840} INFO - DAG(s) 'bike_hour_pipeline' retrieved from /opt/airflow/dags/bike_hour_dag.py
[2025-09-15T06:59:48.957+0000] {logging_mixin.py:188} INFO - [2025-09-15T06:59:48.957+0000] {dag.py:3096} INFO - Sync 1 DAGs
[2025-09-15T06:59:48.976+0000] {logging_mixin.py:188} INFO - [2025-09-15T06:59:48.976+0000] {dag.py:3954} INFO - Setting next_dagrun for bike_hour_pipeline to 2025-09-14 00:00:00+00:00, run_after=2025-09-15 00:00:00+00:00
[2025-09-15T06:59:48.997+0000] {processor.py:183} INFO - Processing /opt/airflow/dags/bike_hour_dag.py took 0.090 seconds
[2025-09-15T07:00:19.489+0000] {processor.py:161} INFO - Started process (PID=3582) to work on /opt/airflow/dags/bike_hour_dag.py
[2025-09-15T07:00:19.490+0000] {processor.py:830} INFO - Processing file /opt/airflow/dags/bike_hour_dag.py for tasks to queue
[2025-09-15T07:00:19.491+0000] {logging_mixin.py:188} INFO - [2025-09-15T07:00:19.490+0000] {dagbag.py:540} INFO - Filling up the DagBag from /opt/airflow/dags/bike_hour_dag.py
[2025-09-15T07:00:19.511+0000] {processor.py:840} INFO - DAG(s) 'bike_hour_pipeline' retrieved from /opt/airflow/dags/bike_hour_dag.py
[2025-09-15T07:00:19.537+0000] {logging_mixin.py:188} INFO - [2025-09-15T07:00:19.537+0000] {dag.py:3096} INFO - Sync 1 DAGs
[2025-09-15T07:00:19.557+0000] {logging_mixin.py:188} INFO - [2025-09-15T07:00:19.557+0000] {dag.py:3954} INFO - Setting next_dagrun for bike_hour_pipeline to 2025-09-14 00:00:00+00:00, run_after=2025-09-15 00:00:00+00:00
[2025-09-15T07:00:19.580+0000] {processor.py:183} INFO - Processing /opt/airflow/dags/bike_hour_dag.py took 0.097 seconds
[2025-09-15T07:00:50.324+0000] {processor.py:161} INFO - Started process (PID=3617) to work on /opt/airflow/dags/bike_hour_dag.py
[2025-09-15T07:00:50.325+0000] {processor.py:830} INFO - Processing file /opt/airflow/dags/bike_hour_dag.py for tasks to queue
[2025-09-15T07:00:50.326+0000] {logging_mixin.py:188} INFO - [2025-09-15T07:00:50.326+0000] {dagbag.py:540} INFO - Filling up the DagBag from /opt/airflow/dags/bike_hour_dag.py
[2025-09-15T07:00:50.343+0000] {processor.py:840} INFO - DAG(s) 'bike_hour_pipeline' retrieved from /opt/airflow/dags/bike_hour_dag.py
[2025-09-15T07:00:50.366+0000] {logging_mixin.py:188} INFO - [2025-09-15T07:00:50.366+0000] {dag.py:3096} INFO - Sync 1 DAGs
[2025-09-15T07:00:50.386+0000] {logging_mixin.py:188} INFO - [2025-09-15T07:00:50.386+0000] {dag.py:3954} INFO - Setting next_dagrun for bike_hour_pipeline to 2025-09-14 00:00:00+00:00, run_after=2025-09-15 00:00:00+00:00
[2025-09-15T07:00:50.405+0000] {processor.py:183} INFO - Processing /opt/airflow/dags/bike_hour_dag.py took 0.087 seconds
[2025-09-15T07:01:21.210+0000] {processor.py:161} INFO - Started process (PID=3652) to work on /opt/airflow/dags/bike_hour_dag.py
[2025-09-15T07:01:21.211+0000] {processor.py:830} INFO - Processing file /opt/airflow/dags/bike_hour_dag.py for tasks to queue
[2025-09-15T07:01:21.213+0000] {logging_mixin.py:188} INFO - [2025-09-15T07:01:21.212+0000] {dagbag.py:540} INFO - Filling up the DagBag from /opt/airflow/dags/bike_hour_dag.py
[2025-09-15T07:01:21.239+0000] {processor.py:840} INFO - DAG(s) 'bike_hour_pipeline' retrieved from /opt/airflow/dags/bike_hour_dag.py
[2025-09-15T07:01:21.267+0000] {logging_mixin.py:188} INFO - [2025-09-15T07:01:21.267+0000] {dag.py:3096} INFO - Sync 1 DAGs
[2025-09-15T07:01:21.287+0000] {logging_mixin.py:188} INFO - [2025-09-15T07:01:21.287+0000] {dag.py:3954} INFO - Setting next_dagrun for bike_hour_pipeline to 2025-09-14 00:00:00+00:00, run_after=2025-09-15 00:00:00+00:00
[2025-09-15T07:01:21.309+0000] {processor.py:183} INFO - Processing /opt/airflow/dags/bike_hour_dag.py took 0.105 seconds
[2025-09-15T07:01:52.052+0000] {processor.py:161} INFO - Started process (PID=3687) to work on /opt/airflow/dags/bike_hour_dag.py
[2025-09-15T07:01:52.053+0000] {processor.py:830} INFO - Processing file /opt/airflow/dags/bike_hour_dag.py for tasks to queue
[2025-09-15T07:01:52.054+0000] {logging_mixin.py:188} INFO - [2025-09-15T07:01:52.054+0000] {dagbag.py:540} INFO - Filling up the DagBag from /opt/airflow/dags/bike_hour_dag.py
[2025-09-15T07:01:52.074+0000] {processor.py:840} INFO - DAG(s) 'bike_hour_pipeline' retrieved from /opt/airflow/dags/bike_hour_dag.py
[2025-09-15T07:01:52.098+0000] {logging_mixin.py:188} INFO - [2025-09-15T07:01:52.098+0000] {dag.py:3096} INFO - Sync 1 DAGs
[2025-09-15T07:01:52.118+0000] {logging_mixin.py:188} INFO - [2025-09-15T07:01:52.117+0000] {dag.py:3954} INFO - Setting next_dagrun for bike_hour_pipeline to 2025-09-14 00:00:00+00:00, run_after=2025-09-15 00:00:00+00:00
[2025-09-15T07:01:52.138+0000] {processor.py:183} INFO - Processing /opt/airflow/dags/bike_hour_dag.py took 0.091 seconds
[2025-09-15T07:02:22.587+0000] {processor.py:161} INFO - Started process (PID=3722) to work on /opt/airflow/dags/bike_hour_dag.py
[2025-09-15T07:02:22.588+0000] {processor.py:830} INFO - Processing file /opt/airflow/dags/bike_hour_dag.py for tasks to queue
[2025-09-15T07:02:22.589+0000] {logging_mixin.py:188} INFO - [2025-09-15T07:02:22.588+0000] {dagbag.py:540} INFO - Filling up the DagBag from /opt/airflow/dags/bike_hour_dag.py
[2025-09-15T07:02:22.606+0000] {processor.py:840} INFO - DAG(s) 'bike_hour_pipeline' retrieved from /opt/airflow/dags/bike_hour_dag.py
[2025-09-15T07:02:22.629+0000] {logging_mixin.py:188} INFO - [2025-09-15T07:02:22.629+0000] {dag.py:3096} INFO - Sync 1 DAGs
[2025-09-15T07:02:22.648+0000] {logging_mixin.py:188} INFO - [2025-09-15T07:02:22.648+0000] {dag.py:3954} INFO - Setting next_dagrun for bike_hour_pipeline to 2025-09-14 00:00:00+00:00, run_after=2025-09-15 00:00:00+00:00
[2025-09-15T07:02:22.669+0000] {processor.py:183} INFO - Processing /opt/airflow/dags/bike_hour_dag.py took 0.088 seconds
[2025-09-15T07:02:53.538+0000] {processor.py:161} INFO - Started process (PID=3757) to work on /opt/airflow/dags/bike_hour_dag.py
[2025-09-15T07:02:53.539+0000] {processor.py:830} INFO - Processing file /opt/airflow/dags/bike_hour_dag.py for tasks to queue
[2025-09-15T07:02:53.540+0000] {logging_mixin.py:188} INFO - [2025-09-15T07:02:53.539+0000] {dagbag.py:540} INFO - Filling up the DagBag from /opt/airflow/dags/bike_hour_dag.py
[2025-09-15T07:02:53.556+0000] {processor.py:840} INFO - DAG(s) 'bike_hour_pipeline' retrieved from /opt/airflow/dags/bike_hour_dag.py
[2025-09-15T07:02:53.581+0000] {logging_mixin.py:188} INFO - [2025-09-15T07:02:53.580+0000] {dag.py:3096} INFO - Sync 1 DAGs
[2025-09-15T07:02:53.600+0000] {logging_mixin.py:188} INFO - [2025-09-15T07:02:53.600+0000] {dag.py:3954} INFO - Setting next_dagrun for bike_hour_pipeline to 2025-09-14 00:00:00+00:00, run_after=2025-09-15 00:00:00+00:00
[2025-09-15T07:02:53.621+0000] {processor.py:183} INFO - Processing /opt/airflow/dags/bike_hour_dag.py took 0.088 seconds
[2025-09-15T07:03:23.953+0000] {processor.py:161} INFO - Started process (PID=3792) to work on /opt/airflow/dags/bike_hour_dag.py
[2025-09-15T07:03:23.954+0000] {processor.py:830} INFO - Processing file /opt/airflow/dags/bike_hour_dag.py for tasks to queue
[2025-09-15T07:03:23.955+0000] {logging_mixin.py:188} INFO - [2025-09-15T07:03:23.955+0000] {dagbag.py:540} INFO - Filling up the DagBag from /opt/airflow/dags/bike_hour_dag.py
[2025-09-15T07:03:23.973+0000] {processor.py:840} INFO - DAG(s) 'bike_hour_pipeline' retrieved from /opt/airflow/dags/bike_hour_dag.py
[2025-09-15T07:03:23.996+0000] {logging_mixin.py:188} INFO - [2025-09-15T07:03:23.996+0000] {dag.py:3096} INFO - Sync 1 DAGs
[2025-09-15T07:03:24.015+0000] {logging_mixin.py:188} INFO - [2025-09-15T07:03:24.015+0000] {dag.py:3954} INFO - Setting next_dagrun for bike_hour_pipeline to 2025-09-14 00:00:00+00:00, run_after=2025-09-15 00:00:00+00:00
[2025-09-15T07:03:24.035+0000] {processor.py:183} INFO - Processing /opt/airflow/dags/bike_hour_dag.py took 0.088 seconds
[2025-09-15T07:03:54.820+0000] {processor.py:161} INFO - Started process (PID=3827) to work on /opt/airflow/dags/bike_hour_dag.py
[2025-09-15T07:03:54.821+0000] {processor.py:830} INFO - Processing file /opt/airflow/dags/bike_hour_dag.py for tasks to queue
[2025-09-15T07:03:54.822+0000] {logging_mixin.py:188} INFO - [2025-09-15T07:03:54.822+0000] {dagbag.py:540} INFO - Filling up the DagBag from /opt/airflow/dags/bike_hour_dag.py
[2025-09-15T07:03:54.843+0000] {processor.py:840} INFO - DAG(s) 'bike_hour_pipeline' retrieved from /opt/airflow/dags/bike_hour_dag.py
[2025-09-15T07:03:54.867+0000] {logging_mixin.py:188} INFO - [2025-09-15T07:03:54.867+0000] {dag.py:3096} INFO - Sync 1 DAGs
[2025-09-15T07:03:54.886+0000] {logging_mixin.py:188} INFO - [2025-09-15T07:03:54.886+0000] {dag.py:3954} INFO - Setting next_dagrun for bike_hour_pipeline to 2025-09-14 00:00:00+00:00, run_after=2025-09-15 00:00:00+00:00
[2025-09-15T07:03:54.906+0000] {processor.py:183} INFO - Processing /opt/airflow/dags/bike_hour_dag.py took 0.091 seconds
[2025-09-15T07:04:25.730+0000] {processor.py:161} INFO - Started process (PID=3862) to work on /opt/airflow/dags/bike_hour_dag.py
[2025-09-15T07:04:25.731+0000] {processor.py:830} INFO - Processing file /opt/airflow/dags/bike_hour_dag.py for tasks to queue
[2025-09-15T07:04:25.731+0000] {logging_mixin.py:188} INFO - [2025-09-15T07:04:25.731+0000] {dagbag.py:540} INFO - Filling up the DagBag from /opt/airflow/dags/bike_hour_dag.py
[2025-09-15T07:04:25.749+0000] {processor.py:840} INFO - DAG(s) 'bike_hour_pipeline' retrieved from /opt/airflow/dags/bike_hour_dag.py
[2025-09-15T07:04:25.772+0000] {logging_mixin.py:188} INFO - [2025-09-15T07:04:25.772+0000] {dag.py:3096} INFO - Sync 1 DAGs
[2025-09-15T07:04:25.793+0000] {logging_mixin.py:188} INFO - [2025-09-15T07:04:25.792+0000] {dag.py:3954} INFO - Setting next_dagrun for bike_hour_pipeline to 2025-09-14 00:00:00+00:00, run_after=2025-09-15 00:00:00+00:00
[2025-09-15T07:04:25.812+0000] {processor.py:183} INFO - Processing /opt/airflow/dags/bike_hour_dag.py took 0.088 seconds
[2025-09-15T07:04:56.356+0000] {processor.py:161} INFO - Started process (PID=3897) to work on /opt/airflow/dags/bike_hour_dag.py
[2025-09-15T07:04:56.357+0000] {processor.py:830} INFO - Processing file /opt/airflow/dags/bike_hour_dag.py for tasks to queue
[2025-09-15T07:04:56.358+0000] {logging_mixin.py:188} INFO - [2025-09-15T07:04:56.358+0000] {dagbag.py:540} INFO - Filling up the DagBag from /opt/airflow/dags/bike_hour_dag.py
[2025-09-15T07:04:56.381+0000] {processor.py:840} INFO - DAG(s) 'bike_hour_pipeline' retrieved from /opt/airflow/dags/bike_hour_dag.py
[2025-09-15T07:04:56.410+0000] {logging_mixin.py:188} INFO - [2025-09-15T07:04:56.410+0000] {dag.py:3096} INFO - Sync 1 DAGs
[2025-09-15T07:04:56.431+0000] {logging_mixin.py:188} INFO - [2025-09-15T07:04:56.431+0000] {dag.py:3954} INFO - Setting next_dagrun for bike_hour_pipeline to 2025-09-14 00:00:00+00:00, run_after=2025-09-15 00:00:00+00:00
[2025-09-15T07:04:56.448+0000] {processor.py:183} INFO - Processing /opt/airflow/dags/bike_hour_dag.py took 0.105 seconds
[2025-09-15T07:05:26.921+0000] {processor.py:161} INFO - Started process (PID=3932) to work on /opt/airflow/dags/bike_hour_dag.py
[2025-09-15T07:05:26.922+0000] {processor.py:830} INFO - Processing file /opt/airflow/dags/bike_hour_dag.py for tasks to queue
[2025-09-15T07:05:26.923+0000] {logging_mixin.py:188} INFO - [2025-09-15T07:05:26.922+0000] {dagbag.py:540} INFO - Filling up the DagBag from /opt/airflow/dags/bike_hour_dag.py
[2025-09-15T07:05:26.942+0000] {processor.py:840} INFO - DAG(s) 'bike_hour_pipeline' retrieved from /opt/airflow/dags/bike_hour_dag.py
[2025-09-15T07:05:26.966+0000] {logging_mixin.py:188} INFO - [2025-09-15T07:05:26.966+0000] {dag.py:3096} INFO - Sync 1 DAGs
[2025-09-15T07:05:26.987+0000] {logging_mixin.py:188} INFO - [2025-09-15T07:05:26.987+0000] {dag.py:3954} INFO - Setting next_dagrun for bike_hour_pipeline to 2025-09-14 00:00:00+00:00, run_after=2025-09-15 00:00:00+00:00
[2025-09-15T07:05:27.005+0000] {processor.py:183} INFO - Processing /opt/airflow/dags/bike_hour_dag.py took 0.090 seconds
[2025-09-15T07:05:57.643+0000] {processor.py:161} INFO - Started process (PID=3967) to work on /opt/airflow/dags/bike_hour_dag.py
[2025-09-15T07:05:57.647+0000] {processor.py:830} INFO - Processing file /opt/airflow/dags/bike_hour_dag.py for tasks to queue
[2025-09-15T07:05:57.656+0000] {logging_mixin.py:188} INFO - [2025-09-15T07:05:57.652+0000] {dagbag.py:540} INFO - Filling up the DagBag from /opt/airflow/dags/bike_hour_dag.py
[2025-09-15T07:05:57.690+0000] {processor.py:840} INFO - DAG(s) 'bike_hour_pipeline' retrieved from /opt/airflow/dags/bike_hour_dag.py
[2025-09-15T07:05:57.733+0000] {logging_mixin.py:188} INFO - [2025-09-15T07:05:57.732+0000] {dag.py:3096} INFO - Sync 1 DAGs
[2025-09-15T07:05:57.760+0000] {logging_mixin.py:188} INFO - [2025-09-15T07:05:57.759+0000] {dag.py:3954} INFO - Setting next_dagrun for bike_hour_pipeline to 2025-09-14 00:00:00+00:00, run_after=2025-09-15 00:00:00+00:00
[2025-09-15T07:05:57.783+0000] {processor.py:183} INFO - Processing /opt/airflow/dags/bike_hour_dag.py took 0.150 seconds
[2025-09-15T07:06:28.066+0000] {processor.py:161} INFO - Started process (PID=4002) to work on /opt/airflow/dags/bike_hour_dag.py
[2025-09-15T07:06:28.067+0000] {processor.py:830} INFO - Processing file /opt/airflow/dags/bike_hour_dag.py for tasks to queue
[2025-09-15T07:06:28.068+0000] {logging_mixin.py:188} INFO - [2025-09-15T07:06:28.068+0000] {dagbag.py:540} INFO - Filling up the DagBag from /opt/airflow/dags/bike_hour_dag.py
[2025-09-15T07:06:28.092+0000] {processor.py:840} INFO - DAG(s) 'bike_hour_pipeline' retrieved from /opt/airflow/dags/bike_hour_dag.py
[2025-09-15T07:06:28.120+0000] {logging_mixin.py:188} INFO - [2025-09-15T07:06:28.120+0000] {dag.py:3096} INFO - Sync 1 DAGs
[2025-09-15T07:06:28.141+0000] {logging_mixin.py:188} INFO - [2025-09-15T07:06:28.141+0000] {dag.py:3954} INFO - Setting next_dagrun for bike_hour_pipeline to 2025-09-14 00:00:00+00:00, run_after=2025-09-15 00:00:00+00:00
[2025-09-15T07:06:28.163+0000] {processor.py:183} INFO - Processing /opt/airflow/dags/bike_hour_dag.py took 0.103 seconds
[2025-09-15T07:06:58.368+0000] {processor.py:161} INFO - Started process (PID=4037) to work on /opt/airflow/dags/bike_hour_dag.py
[2025-09-15T07:06:58.369+0000] {processor.py:830} INFO - Processing file /opt/airflow/dags/bike_hour_dag.py for tasks to queue
[2025-09-15T07:06:58.370+0000] {logging_mixin.py:188} INFO - [2025-09-15T07:06:58.369+0000] {dagbag.py:540} INFO - Filling up the DagBag from /opt/airflow/dags/bike_hour_dag.py
[2025-09-15T07:06:58.392+0000] {processor.py:840} INFO - DAG(s) 'bike_hour_pipeline' retrieved from /opt/airflow/dags/bike_hour_dag.py
[2025-09-15T07:06:58.423+0000] {logging_mixin.py:188} INFO - [2025-09-15T07:06:58.423+0000] {dag.py:3096} INFO - Sync 1 DAGs
[2025-09-15T07:06:58.448+0000] {logging_mixin.py:188} INFO - [2025-09-15T07:06:58.447+0000] {dag.py:3954} INFO - Setting next_dagrun for bike_hour_pipeline to 2025-09-14 00:00:00+00:00, run_after=2025-09-15 00:00:00+00:00
[2025-09-15T07:06:58.470+0000] {processor.py:183} INFO - Processing /opt/airflow/dags/bike_hour_dag.py took 0.110 seconds
[2025-09-15T07:07:28.982+0000] {processor.py:161} INFO - Started process (PID=4072) to work on /opt/airflow/dags/bike_hour_dag.py
[2025-09-15T07:07:28.984+0000] {processor.py:830} INFO - Processing file /opt/airflow/dags/bike_hour_dag.py for tasks to queue
[2025-09-15T07:07:28.985+0000] {logging_mixin.py:188} INFO - [2025-09-15T07:07:28.985+0000] {dagbag.py:540} INFO - Filling up the DagBag from /opt/airflow/dags/bike_hour_dag.py
[2025-09-15T07:07:29.045+0000] {processor.py:840} INFO - DAG(s) 'bike_hour_pipeline' retrieved from /opt/airflow/dags/bike_hour_dag.py
[2025-09-15T07:07:29.089+0000] {logging_mixin.py:188} INFO - [2025-09-15T07:07:29.088+0000] {dag.py:3096} INFO - Sync 1 DAGs
[2025-09-15T07:07:29.112+0000] {logging_mixin.py:188} INFO - [2025-09-15T07:07:29.112+0000] {dag.py:3954} INFO - Setting next_dagrun for bike_hour_pipeline to 2025-09-14 00:00:00+00:00, run_after=2025-09-15 00:00:00+00:00
[2025-09-15T07:07:29.135+0000] {processor.py:183} INFO - Processing /opt/airflow/dags/bike_hour_dag.py took 0.176 seconds
[2025-09-15T07:07:59.714+0000] {processor.py:161} INFO - Started process (PID=4107) to work on /opt/airflow/dags/bike_hour_dag.py
[2025-09-15T07:07:59.716+0000] {processor.py:830} INFO - Processing file /opt/airflow/dags/bike_hour_dag.py for tasks to queue
[2025-09-15T07:07:59.718+0000] {logging_mixin.py:188} INFO - [2025-09-15T07:07:59.717+0000] {dagbag.py:540} INFO - Filling up the DagBag from /opt/airflow/dags/bike_hour_dag.py
[2025-09-15T07:07:59.744+0000] {processor.py:840} INFO - DAG(s) 'bike_hour_pipeline' retrieved from /opt/airflow/dags/bike_hour_dag.py
[2025-09-15T07:07:59.777+0000] {logging_mixin.py:188} INFO - [2025-09-15T07:07:59.776+0000] {dag.py:3096} INFO - Sync 1 DAGs
[2025-09-15T07:07:59.802+0000] {logging_mixin.py:188} INFO - [2025-09-15T07:07:59.802+0000] {dag.py:3954} INFO - Setting next_dagrun for bike_hour_pipeline to 2025-09-14 00:00:00+00:00, run_after=2025-09-15 00:00:00+00:00
[2025-09-15T07:07:59.827+0000] {processor.py:183} INFO - Processing /opt/airflow/dags/bike_hour_dag.py took 0.121 seconds
[2025-09-15T07:38:51.334+0000] {processor.py:161} INFO - Started process (PID=4143) to work on /opt/airflow/dags/bike_hour_dag.py
[2025-09-15T07:38:51.356+0000] {processor.py:830} INFO - Processing file /opt/airflow/dags/bike_hour_dag.py for tasks to queue
[2025-09-15T07:38:51.370+0000] {logging_mixin.py:188} INFO - [2025-09-15T07:38:51.369+0000] {dagbag.py:540} INFO - Filling up the DagBag from /opt/airflow/dags/bike_hour_dag.py
[2025-09-15T07:38:51.692+0000] {processor.py:840} INFO - DAG(s) 'bike_hour_pipeline' retrieved from /opt/airflow/dags/bike_hour_dag.py
[2025-09-15T07:38:51.804+0000] {logging_mixin.py:188} INFO - [2025-09-15T07:38:51.803+0000] {dag.py:3096} INFO - Sync 1 DAGs
[2025-09-15T07:38:52.120+0000] {logging_mixin.py:188} INFO - [2025-09-15T07:38:52.118+0000] {dag.py:3954} INFO - Setting next_dagrun for bike_hour_pipeline to 2025-09-14 00:00:00+00:00, run_after=2025-09-15 00:00:00+00:00
[2025-09-15T07:38:52.244+0000] {processor.py:183} INFO - Processing /opt/airflow/dags/bike_hour_dag.py took 0.962 seconds
[2025-09-15T07:39:23.070+0000] {processor.py:161} INFO - Started process (PID=4180) to work on /opt/airflow/dags/bike_hour_dag.py
[2025-09-15T07:39:23.071+0000] {processor.py:830} INFO - Processing file /opt/airflow/dags/bike_hour_dag.py for tasks to queue
[2025-09-15T07:39:23.073+0000] {logging_mixin.py:188} INFO - [2025-09-15T07:39:23.072+0000] {dagbag.py:540} INFO - Filling up the DagBag from /opt/airflow/dags/bike_hour_dag.py
[2025-09-15T07:39:23.100+0000] {processor.py:840} INFO - DAG(s) 'bike_hour_pipeline' retrieved from /opt/airflow/dags/bike_hour_dag.py
[2025-09-15T07:39:23.131+0000] {logging_mixin.py:188} INFO - [2025-09-15T07:39:23.130+0000] {dag.py:3096} INFO - Sync 1 DAGs
[2025-09-15T07:39:23.153+0000] {logging_mixin.py:188} INFO - [2025-09-15T07:39:23.153+0000] {dag.py:3954} INFO - Setting next_dagrun for bike_hour_pipeline to 2025-09-14 00:00:00+00:00, run_after=2025-09-15 00:00:00+00:00
[2025-09-15T07:39:23.179+0000] {processor.py:183} INFO - Processing /opt/airflow/dags/bike_hour_dag.py took 0.115 seconds
[2025-09-15T07:39:53.611+0000] {processor.py:161} INFO - Started process (PID=4215) to work on /opt/airflow/dags/bike_hour_dag.py
[2025-09-15T07:39:53.612+0000] {processor.py:830} INFO - Processing file /opt/airflow/dags/bike_hour_dag.py for tasks to queue
[2025-09-15T07:39:53.613+0000] {logging_mixin.py:188} INFO - [2025-09-15T07:39:53.613+0000] {dagbag.py:540} INFO - Filling up the DagBag from /opt/airflow/dags/bike_hour_dag.py
[2025-09-15T07:39:53.637+0000] {processor.py:840} INFO - DAG(s) 'bike_hour_pipeline' retrieved from /opt/airflow/dags/bike_hour_dag.py
[2025-09-15T07:39:53.665+0000] {logging_mixin.py:188} INFO - [2025-09-15T07:39:53.664+0000] {dag.py:3096} INFO - Sync 1 DAGs
[2025-09-15T07:39:53.688+0000] {logging_mixin.py:188} INFO - [2025-09-15T07:39:53.688+0000] {dag.py:3954} INFO - Setting next_dagrun for bike_hour_pipeline to 2025-09-14 00:00:00+00:00, run_after=2025-09-15 00:00:00+00:00
[2025-09-15T07:39:53.709+0000] {processor.py:183} INFO - Processing /opt/airflow/dags/bike_hour_dag.py took 0.104 seconds
[2025-09-15T07:40:24.270+0000] {processor.py:161} INFO - Started process (PID=4250) to work on /opt/airflow/dags/bike_hour_dag.py
[2025-09-15T07:40:24.274+0000] {processor.py:830} INFO - Processing file /opt/airflow/dags/bike_hour_dag.py for tasks to queue
[2025-09-15T07:40:24.278+0000] {logging_mixin.py:188} INFO - [2025-09-15T07:40:24.277+0000] {dagbag.py:540} INFO - Filling up the DagBag from /opt/airflow/dags/bike_hour_dag.py
[2025-09-15T07:40:24.332+0000] {processor.py:840} INFO - DAG(s) 'bike_hour_pipeline' retrieved from /opt/airflow/dags/bike_hour_dag.py
[2025-09-15T07:40:24.383+0000] {logging_mixin.py:188} INFO - [2025-09-15T07:40:24.382+0000] {dag.py:3096} INFO - Sync 1 DAGs
[2025-09-15T07:40:24.405+0000] {logging_mixin.py:188} INFO - [2025-09-15T07:40:24.405+0000] {dag.py:3954} INFO - Setting next_dagrun for bike_hour_pipeline to 2025-09-14 00:00:00+00:00, run_after=2025-09-15 00:00:00+00:00
[2025-09-15T07:40:24.425+0000] {processor.py:183} INFO - Processing /opt/airflow/dags/bike_hour_dag.py took 0.170 seconds
[2025-09-15T07:40:54.812+0000] {processor.py:161} INFO - Started process (PID=4285) to work on /opt/airflow/dags/bike_hour_dag.py
[2025-09-15T07:40:54.813+0000] {processor.py:830} INFO - Processing file /opt/airflow/dags/bike_hour_dag.py for tasks to queue
[2025-09-15T07:40:54.815+0000] {logging_mixin.py:188} INFO - [2025-09-15T07:40:54.814+0000] {dagbag.py:540} INFO - Filling up the DagBag from /opt/airflow/dags/bike_hour_dag.py
[2025-09-15T07:40:54.835+0000] {processor.py:840} INFO - DAG(s) 'bike_hour_pipeline' retrieved from /opt/airflow/dags/bike_hour_dag.py
[2025-09-15T07:40:54.860+0000] {logging_mixin.py:188} INFO - [2025-09-15T07:40:54.860+0000] {dag.py:3096} INFO - Sync 1 DAGs
[2025-09-15T07:40:54.880+0000] {logging_mixin.py:188} INFO - [2025-09-15T07:40:54.880+0000] {dag.py:3954} INFO - Setting next_dagrun for bike_hour_pipeline to 2025-09-14 00:00:00+00:00, run_after=2025-09-15 00:00:00+00:00
[2025-09-15T07:40:54.901+0000] {processor.py:183} INFO - Processing /opt/airflow/dags/bike_hour_dag.py took 0.095 seconds
[2025-09-15T07:41:25.533+0000] {processor.py:161} INFO - Started process (PID=4320) to work on /opt/airflow/dags/bike_hour_dag.py
[2025-09-15T07:41:25.534+0000] {processor.py:830} INFO - Processing file /opt/airflow/dags/bike_hour_dag.py for tasks to queue
[2025-09-15T07:41:25.535+0000] {logging_mixin.py:188} INFO - [2025-09-15T07:41:25.534+0000] {dagbag.py:540} INFO - Filling up the DagBag from /opt/airflow/dags/bike_hour_dag.py
[2025-09-15T07:41:25.554+0000] {processor.py:840} INFO - DAG(s) 'bike_hour_pipeline' retrieved from /opt/airflow/dags/bike_hour_dag.py
[2025-09-15T07:41:25.577+0000] {logging_mixin.py:188} INFO - [2025-09-15T07:41:25.577+0000] {dag.py:3096} INFO - Sync 1 DAGs
[2025-09-15T07:41:25.594+0000] {logging_mixin.py:188} INFO - [2025-09-15T07:41:25.594+0000] {dag.py:3954} INFO - Setting next_dagrun for bike_hour_pipeline to 2025-09-14 00:00:00+00:00, run_after=2025-09-15 00:00:00+00:00
[2025-09-15T07:41:25.614+0000] {processor.py:183} INFO - Processing /opt/airflow/dags/bike_hour_dag.py took 0.086 seconds
[2025-09-15T07:41:56.260+0000] {processor.py:161} INFO - Started process (PID=4355) to work on /opt/airflow/dags/bike_hour_dag.py
[2025-09-15T07:41:56.261+0000] {processor.py:830} INFO - Processing file /opt/airflow/dags/bike_hour_dag.py for tasks to queue
[2025-09-15T07:41:56.262+0000] {logging_mixin.py:188} INFO - [2025-09-15T07:41:56.262+0000] {dagbag.py:540} INFO - Filling up the DagBag from /opt/airflow/dags/bike_hour_dag.py
[2025-09-15T07:41:56.282+0000] {processor.py:840} INFO - DAG(s) 'bike_hour_pipeline' retrieved from /opt/airflow/dags/bike_hour_dag.py
[2025-09-15T07:41:56.306+0000] {logging_mixin.py:188} INFO - [2025-09-15T07:41:56.305+0000] {dag.py:3096} INFO - Sync 1 DAGs
[2025-09-15T07:41:56.325+0000] {logging_mixin.py:188} INFO - [2025-09-15T07:41:56.325+0000] {dag.py:3954} INFO - Setting next_dagrun for bike_hour_pipeline to 2025-09-14 00:00:00+00:00, run_after=2025-09-15 00:00:00+00:00
[2025-09-15T07:41:56.343+0000] {processor.py:183} INFO - Processing /opt/airflow/dags/bike_hour_dag.py took 0.088 seconds
[2025-09-15T07:42:26.822+0000] {processor.py:161} INFO - Started process (PID=4390) to work on /opt/airflow/dags/bike_hour_dag.py
[2025-09-15T07:42:26.824+0000] {processor.py:830} INFO - Processing file /opt/airflow/dags/bike_hour_dag.py for tasks to queue
[2025-09-15T07:42:26.824+0000] {logging_mixin.py:188} INFO - [2025-09-15T07:42:26.824+0000] {dagbag.py:540} INFO - Filling up the DagBag from /opt/airflow/dags/bike_hour_dag.py
[2025-09-15T07:42:26.845+0000] {processor.py:840} INFO - DAG(s) 'bike_hour_pipeline' retrieved from /opt/airflow/dags/bike_hour_dag.py
[2025-09-15T07:42:26.870+0000] {logging_mixin.py:188} INFO - [2025-09-15T07:42:26.869+0000] {dag.py:3096} INFO - Sync 1 DAGs
[2025-09-15T07:42:26.887+0000] {logging_mixin.py:188} INFO - [2025-09-15T07:42:26.887+0000] {dag.py:3954} INFO - Setting next_dagrun for bike_hour_pipeline to 2025-09-14 00:00:00+00:00, run_after=2025-09-15 00:00:00+00:00
[2025-09-15T07:42:26.906+0000] {processor.py:183} INFO - Processing /opt/airflow/dags/bike_hour_dag.py took 0.089 seconds
[2025-09-15T07:42:57.449+0000] {processor.py:161} INFO - Started process (PID=4425) to work on /opt/airflow/dags/bike_hour_dag.py
[2025-09-15T07:42:57.450+0000] {processor.py:830} INFO - Processing file /opt/airflow/dags/bike_hour_dag.py for tasks to queue
[2025-09-15T07:42:57.451+0000] {logging_mixin.py:188} INFO - [2025-09-15T07:42:57.450+0000] {dagbag.py:540} INFO - Filling up the DagBag from /opt/airflow/dags/bike_hour_dag.py
[2025-09-15T07:42:57.469+0000] {processor.py:840} INFO - DAG(s) 'bike_hour_pipeline' retrieved from /opt/airflow/dags/bike_hour_dag.py
[2025-09-15T07:42:57.493+0000] {logging_mixin.py:188} INFO - [2025-09-15T07:42:57.493+0000] {dag.py:3096} INFO - Sync 1 DAGs
[2025-09-15T07:42:57.510+0000] {logging_mixin.py:188} INFO - [2025-09-15T07:42:57.510+0000] {dag.py:3954} INFO - Setting next_dagrun for bike_hour_pipeline to 2025-09-14 00:00:00+00:00, run_after=2025-09-15 00:00:00+00:00
[2025-09-15T07:42:57.528+0000] {processor.py:183} INFO - Processing /opt/airflow/dags/bike_hour_dag.py took 0.085 seconds
[2025-09-15T07:43:28.184+0000] {processor.py:161} INFO - Started process (PID=4460) to work on /opt/airflow/dags/bike_hour_dag.py
[2025-09-15T07:43:28.185+0000] {processor.py:830} INFO - Processing file /opt/airflow/dags/bike_hour_dag.py for tasks to queue
[2025-09-15T07:43:28.187+0000] {logging_mixin.py:188} INFO - [2025-09-15T07:43:28.187+0000] {dagbag.py:540} INFO - Filling up the DagBag from /opt/airflow/dags/bike_hour_dag.py
[2025-09-15T07:43:28.213+0000] {processor.py:840} INFO - DAG(s) 'bike_hour_pipeline' retrieved from /opt/airflow/dags/bike_hour_dag.py
[2025-09-15T07:43:28.241+0000] {logging_mixin.py:188} INFO - [2025-09-15T07:43:28.240+0000] {dag.py:3096} INFO - Sync 1 DAGs
[2025-09-15T07:43:28.266+0000] {logging_mixin.py:188} INFO - [2025-09-15T07:43:28.265+0000] {dag.py:3954} INFO - Setting next_dagrun for bike_hour_pipeline to 2025-09-14 00:00:00+00:00, run_after=2025-09-15 00:00:00+00:00
[2025-09-15T07:43:28.288+0000] {processor.py:183} INFO - Processing /opt/airflow/dags/bike_hour_dag.py took 0.111 seconds
[2025-09-15T07:43:58.941+0000] {processor.py:161} INFO - Started process (PID=4495) to work on /opt/airflow/dags/bike_hour_dag.py
[2025-09-15T07:43:58.942+0000] {processor.py:830} INFO - Processing file /opt/airflow/dags/bike_hour_dag.py for tasks to queue
[2025-09-15T07:43:58.943+0000] {logging_mixin.py:188} INFO - [2025-09-15T07:43:58.942+0000] {dagbag.py:540} INFO - Filling up the DagBag from /opt/airflow/dags/bike_hour_dag.py
[2025-09-15T07:43:58.963+0000] {processor.py:840} INFO - DAG(s) 'bike_hour_pipeline' retrieved from /opt/airflow/dags/bike_hour_dag.py
[2025-09-15T07:43:58.994+0000] {logging_mixin.py:188} INFO - [2025-09-15T07:43:58.994+0000] {dag.py:3096} INFO - Sync 1 DAGs
[2025-09-15T07:43:59.022+0000] {logging_mixin.py:188} INFO - [2025-09-15T07:43:59.021+0000] {dag.py:3954} INFO - Setting next_dagrun for bike_hour_pipeline to 2025-09-14 00:00:00+00:00, run_after=2025-09-15 00:00:00+00:00
[2025-09-15T07:43:59.043+0000] {processor.py:183} INFO - Processing /opt/airflow/dags/bike_hour_dag.py took 0.109 seconds
[2025-09-15T07:44:29.816+0000] {processor.py:161} INFO - Started process (PID=4530) to work on /opt/airflow/dags/bike_hour_dag.py
[2025-09-15T07:44:29.817+0000] {processor.py:830} INFO - Processing file /opt/airflow/dags/bike_hour_dag.py for tasks to queue
[2025-09-15T07:44:29.818+0000] {logging_mixin.py:188} INFO - [2025-09-15T07:44:29.818+0000] {dagbag.py:540} INFO - Filling up the DagBag from /opt/airflow/dags/bike_hour_dag.py
[2025-09-15T07:44:29.850+0000] {processor.py:840} INFO - DAG(s) 'bike_hour_pipeline' retrieved from /opt/airflow/dags/bike_hour_dag.py
[2025-09-15T07:44:29.900+0000] {logging_mixin.py:188} INFO - [2025-09-15T07:44:29.899+0000] {dag.py:3096} INFO - Sync 1 DAGs
[2025-09-15T07:44:29.928+0000] {logging_mixin.py:188} INFO - [2025-09-15T07:44:29.927+0000] {dag.py:3954} INFO - Setting next_dagrun for bike_hour_pipeline to 2025-09-14 00:00:00+00:00, run_after=2025-09-15 00:00:00+00:00
[2025-09-15T07:44:29.959+0000] {processor.py:183} INFO - Processing /opt/airflow/dags/bike_hour_dag.py took 0.148 seconds
[2025-09-15T07:45:00.423+0000] {processor.py:161} INFO - Started process (PID=4565) to work on /opt/airflow/dags/bike_hour_dag.py
[2025-09-15T07:45:00.425+0000] {processor.py:830} INFO - Processing file /opt/airflow/dags/bike_hour_dag.py for tasks to queue
[2025-09-15T07:45:00.426+0000] {logging_mixin.py:188} INFO - [2025-09-15T07:45:00.425+0000] {dagbag.py:540} INFO - Filling up the DagBag from /opt/airflow/dags/bike_hour_dag.py
[2025-09-15T07:45:00.447+0000] {processor.py:840} INFO - DAG(s) 'bike_hour_pipeline' retrieved from /opt/airflow/dags/bike_hour_dag.py
[2025-09-15T07:45:00.495+0000] {logging_mixin.py:188} INFO - [2025-09-15T07:45:00.494+0000] {dag.py:3096} INFO - Sync 1 DAGs
[2025-09-15T07:45:00.525+0000] {logging_mixin.py:188} INFO - [2025-09-15T07:45:00.525+0000] {dag.py:3954} INFO - Setting next_dagrun for bike_hour_pipeline to 2025-09-14 00:00:00+00:00, run_after=2025-09-15 00:00:00+00:00
[2025-09-15T07:45:00.559+0000] {processor.py:183} INFO - Processing /opt/airflow/dags/bike_hour_dag.py took 0.142 seconds
[2025-09-15T07:45:31.480+0000] {processor.py:161} INFO - Started process (PID=4600) to work on /opt/airflow/dags/bike_hour_dag.py
[2025-09-15T07:45:31.481+0000] {processor.py:830} INFO - Processing file /opt/airflow/dags/bike_hour_dag.py for tasks to queue
[2025-09-15T07:45:31.483+0000] {logging_mixin.py:188} INFO - [2025-09-15T07:45:31.482+0000] {dagbag.py:540} INFO - Filling up the DagBag from /opt/airflow/dags/bike_hour_dag.py
[2025-09-15T07:45:31.516+0000] {processor.py:840} INFO - DAG(s) 'bike_hour_pipeline' retrieved from /opt/airflow/dags/bike_hour_dag.py
[2025-09-15T07:45:31.557+0000] {logging_mixin.py:188} INFO - [2025-09-15T07:45:31.557+0000] {dag.py:3096} INFO - Sync 1 DAGs
[2025-09-15T07:45:31.584+0000] {logging_mixin.py:188} INFO - [2025-09-15T07:45:31.584+0000] {dag.py:3954} INFO - Setting next_dagrun for bike_hour_pipeline to 2025-09-14 00:00:00+00:00, run_after=2025-09-15 00:00:00+00:00
[2025-09-15T07:45:31.615+0000] {processor.py:183} INFO - Processing /opt/airflow/dags/bike_hour_dag.py took 0.145 seconds
[2025-09-15T07:46:02.081+0000] {processor.py:161} INFO - Started process (PID=4635) to work on /opt/airflow/dags/bike_hour_dag.py
[2025-09-15T07:46:02.082+0000] {processor.py:830} INFO - Processing file /opt/airflow/dags/bike_hour_dag.py for tasks to queue
[2025-09-15T07:46:02.083+0000] {logging_mixin.py:188} INFO - [2025-09-15T07:46:02.083+0000] {dagbag.py:540} INFO - Filling up the DagBag from /opt/airflow/dags/bike_hour_dag.py
[2025-09-15T07:46:02.103+0000] {processor.py:840} INFO - DAG(s) 'bike_hour_pipeline' retrieved from /opt/airflow/dags/bike_hour_dag.py
[2025-09-15T07:46:02.130+0000] {logging_mixin.py:188} INFO - [2025-09-15T07:46:02.129+0000] {dag.py:3096} INFO - Sync 1 DAGs
[2025-09-15T07:46:02.150+0000] {logging_mixin.py:188} INFO - [2025-09-15T07:46:02.150+0000] {dag.py:3954} INFO - Setting next_dagrun for bike_hour_pipeline to 2025-09-14 00:00:00+00:00, run_after=2025-09-15 00:00:00+00:00
[2025-09-15T07:46:02.170+0000] {processor.py:183} INFO - Processing /opt/airflow/dags/bike_hour_dag.py took 0.095 seconds
[2025-09-15T07:46:32.857+0000] {processor.py:161} INFO - Started process (PID=4670) to work on /opt/airflow/dags/bike_hour_dag.py
[2025-09-15T07:46:32.858+0000] {processor.py:830} INFO - Processing file /opt/airflow/dags/bike_hour_dag.py for tasks to queue
[2025-09-15T07:46:32.859+0000] {logging_mixin.py:188} INFO - [2025-09-15T07:46:32.859+0000] {dagbag.py:540} INFO - Filling up the DagBag from /opt/airflow/dags/bike_hour_dag.py
[2025-09-15T07:46:32.877+0000] {processor.py:840} INFO - DAG(s) 'bike_hour_pipeline' retrieved from /opt/airflow/dags/bike_hour_dag.py
[2025-09-15T07:46:32.901+0000] {logging_mixin.py:188} INFO - [2025-09-15T07:46:32.901+0000] {dag.py:3096} INFO - Sync 1 DAGs
[2025-09-15T07:46:32.920+0000] {logging_mixin.py:188} INFO - [2025-09-15T07:46:32.919+0000] {dag.py:3954} INFO - Setting next_dagrun for bike_hour_pipeline to 2025-09-14 00:00:00+00:00, run_after=2025-09-15 00:00:00+00:00
[2025-09-15T07:46:32.939+0000] {processor.py:183} INFO - Processing /opt/airflow/dags/bike_hour_dag.py took 0.087 seconds
[2025-09-15T07:47:03.183+0000] {processor.py:161} INFO - Started process (PID=4703) to work on /opt/airflow/dags/bike_hour_dag.py
[2025-09-15T07:47:03.188+0000] {processor.py:830} INFO - Processing file /opt/airflow/dags/bike_hour_dag.py for tasks to queue
[2025-09-15T07:47:03.192+0000] {logging_mixin.py:188} INFO - [2025-09-15T07:47:03.191+0000] {dagbag.py:540} INFO - Filling up the DagBag from /opt/airflow/dags/bike_hour_dag.py
[2025-09-15T07:47:03.302+0000] {processor.py:840} INFO - DAG(s) 'bike_hour_pipeline' retrieved from /opt/airflow/dags/bike_hour_dag.py
[2025-09-15T07:47:03.436+0000] {logging_mixin.py:188} INFO - [2025-09-15T07:47:03.436+0000] {dag.py:3096} INFO - Sync 1 DAGs
[2025-09-15T07:47:03.539+0000] {logging_mixin.py:188} INFO - [2025-09-15T07:47:03.538+0000] {dag.py:3954} INFO - Setting next_dagrun for bike_hour_pipeline to 2025-09-14 00:00:00+00:00, run_after=2025-09-15 00:00:00+00:00
[2025-09-15T07:47:03.690+0000] {processor.py:183} INFO - Processing /opt/airflow/dags/bike_hour_dag.py took 0.518 seconds
[2025-09-15T07:47:34.144+0000] {processor.py:161} INFO - Started process (PID=4740) to work on /opt/airflow/dags/bike_hour_dag.py
[2025-09-15T07:47:34.145+0000] {processor.py:830} INFO - Processing file /opt/airflow/dags/bike_hour_dag.py for tasks to queue
[2025-09-15T07:47:34.147+0000] {logging_mixin.py:188} INFO - [2025-09-15T07:47:34.146+0000] {dagbag.py:540} INFO - Filling up the DagBag from /opt/airflow/dags/bike_hour_dag.py
[2025-09-15T07:47:34.168+0000] {processor.py:840} INFO - DAG(s) 'bike_hour_pipeline' retrieved from /opt/airflow/dags/bike_hour_dag.py
[2025-09-15T07:47:34.194+0000] {logging_mixin.py:188} INFO - [2025-09-15T07:47:34.194+0000] {dag.py:3096} INFO - Sync 1 DAGs
[2025-09-15T07:47:34.216+0000] {logging_mixin.py:188} INFO - [2025-09-15T07:47:34.215+0000] {dag.py:3954} INFO - Setting next_dagrun for bike_hour_pipeline to 2025-09-14 00:00:00+00:00, run_after=2025-09-15 00:00:00+00:00
[2025-09-15T07:47:34.236+0000] {processor.py:183} INFO - Processing /opt/airflow/dags/bike_hour_dag.py took 0.097 seconds
[2025-09-15T07:48:05.031+0000] {processor.py:161} INFO - Started process (PID=4775) to work on /opt/airflow/dags/bike_hour_dag.py
[2025-09-15T07:48:05.032+0000] {processor.py:830} INFO - Processing file /opt/airflow/dags/bike_hour_dag.py for tasks to queue
[2025-09-15T07:48:05.033+0000] {logging_mixin.py:188} INFO - [2025-09-15T07:48:05.033+0000] {dagbag.py:540} INFO - Filling up the DagBag from /opt/airflow/dags/bike_hour_dag.py
[2025-09-15T07:48:05.052+0000] {processor.py:840} INFO - DAG(s) 'bike_hour_pipeline' retrieved from /opt/airflow/dags/bike_hour_dag.py
[2025-09-15T07:48:05.076+0000] {logging_mixin.py:188} INFO - [2025-09-15T07:48:05.076+0000] {dag.py:3096} INFO - Sync 1 DAGs
[2025-09-15T07:48:05.094+0000] {logging_mixin.py:188} INFO - [2025-09-15T07:48:05.094+0000] {dag.py:3954} INFO - Setting next_dagrun for bike_hour_pipeline to 2025-09-14 00:00:00+00:00, run_after=2025-09-15 00:00:00+00:00
[2025-09-15T07:48:05.113+0000] {processor.py:183} INFO - Processing /opt/airflow/dags/bike_hour_dag.py took 0.088 seconds
[2025-09-15T07:48:36.157+0000] {processor.py:161} INFO - Started process (PID=4810) to work on /opt/airflow/dags/bike_hour_dag.py
[2025-09-15T07:48:36.158+0000] {processor.py:830} INFO - Processing file /opt/airflow/dags/bike_hour_dag.py for tasks to queue
[2025-09-15T07:48:36.159+0000] {logging_mixin.py:188} INFO - [2025-09-15T07:48:36.159+0000] {dagbag.py:540} INFO - Filling up the DagBag from /opt/airflow/dags/bike_hour_dag.py
[2025-09-15T07:48:36.188+0000] {processor.py:840} INFO - DAG(s) 'bike_hour_pipeline' retrieved from /opt/airflow/dags/bike_hour_dag.py
[2025-09-15T07:48:36.218+0000] {logging_mixin.py:188} INFO - [2025-09-15T07:48:36.217+0000] {dag.py:3096} INFO - Sync 1 DAGs
[2025-09-15T07:48:36.244+0000] {logging_mixin.py:188} INFO - [2025-09-15T07:48:36.243+0000] {dag.py:3954} INFO - Setting next_dagrun for bike_hour_pipeline to 2025-09-14 00:00:00+00:00, run_after=2025-09-15 00:00:00+00:00
[2025-09-15T07:48:36.279+0000] {processor.py:183} INFO - Processing /opt/airflow/dags/bike_hour_dag.py took 0.129 seconds
[2025-09-15T07:49:06.955+0000] {processor.py:161} INFO - Started process (PID=4845) to work on /opt/airflow/dags/bike_hour_dag.py
[2025-09-15T07:49:06.956+0000] {processor.py:830} INFO - Processing file /opt/airflow/dags/bike_hour_dag.py for tasks to queue
[2025-09-15T07:49:06.957+0000] {logging_mixin.py:188} INFO - [2025-09-15T07:49:06.956+0000] {dagbag.py:540} INFO - Filling up the DagBag from /opt/airflow/dags/bike_hour_dag.py
[2025-09-15T07:49:06.977+0000] {processor.py:840} INFO - DAG(s) 'bike_hour_pipeline' retrieved from /opt/airflow/dags/bike_hour_dag.py
[2025-09-15T07:49:07.050+0000] {logging_mixin.py:188} INFO - [2025-09-15T07:49:07.049+0000] {dag.py:3096} INFO - Sync 1 DAGs
[2025-09-15T07:49:07.096+0000] {logging_mixin.py:188} INFO - [2025-09-15T07:49:07.096+0000] {dag.py:3954} INFO - Setting next_dagrun for bike_hour_pipeline to 2025-09-14 00:00:00+00:00, run_after=2025-09-15 00:00:00+00:00
[2025-09-15T07:49:07.137+0000] {processor.py:183} INFO - Processing /opt/airflow/dags/bike_hour_dag.py took 0.188 seconds
[2025-09-15T07:49:37.706+0000] {processor.py:161} INFO - Started process (PID=4880) to work on /opt/airflow/dags/bike_hour_dag.py
[2025-09-15T07:49:37.707+0000] {processor.py:830} INFO - Processing file /opt/airflow/dags/bike_hour_dag.py for tasks to queue
[2025-09-15T07:49:37.708+0000] {logging_mixin.py:188} INFO - [2025-09-15T07:49:37.708+0000] {dagbag.py:540} INFO - Filling up the DagBag from /opt/airflow/dags/bike_hour_dag.py
[2025-09-15T07:49:37.728+0000] {processor.py:840} INFO - DAG(s) 'bike_hour_pipeline' retrieved from /opt/airflow/dags/bike_hour_dag.py
[2025-09-15T07:49:37.753+0000] {logging_mixin.py:188} INFO - [2025-09-15T07:49:37.752+0000] {dag.py:3096} INFO - Sync 1 DAGs
[2025-09-15T07:49:37.772+0000] {logging_mixin.py:188} INFO - [2025-09-15T07:49:37.771+0000] {dag.py:3954} INFO - Setting next_dagrun for bike_hour_pipeline to 2025-09-14 00:00:00+00:00, run_after=2025-09-15 00:00:00+00:00
[2025-09-15T07:49:37.792+0000] {processor.py:183} INFO - Processing /opt/airflow/dags/bike_hour_dag.py took 0.092 seconds
[2025-09-15T07:50:08.665+0000] {processor.py:161} INFO - Started process (PID=4915) to work on /opt/airflow/dags/bike_hour_dag.py
[2025-09-15T07:50:08.666+0000] {processor.py:830} INFO - Processing file /opt/airflow/dags/bike_hour_dag.py for tasks to queue
[2025-09-15T07:50:08.667+0000] {logging_mixin.py:188} INFO - [2025-09-15T07:50:08.667+0000] {dagbag.py:540} INFO - Filling up the DagBag from /opt/airflow/dags/bike_hour_dag.py
[2025-09-15T07:50:08.694+0000] {processor.py:840} INFO - DAG(s) 'bike_hour_pipeline' retrieved from /opt/airflow/dags/bike_hour_dag.py
[2025-09-15T07:50:08.726+0000] {logging_mixin.py:188} INFO - [2025-09-15T07:50:08.726+0000] {dag.py:3096} INFO - Sync 1 DAGs
[2025-09-15T07:50:08.756+0000] {logging_mixin.py:188} INFO - [2025-09-15T07:50:08.755+0000] {dag.py:3954} INFO - Setting next_dagrun for bike_hour_pipeline to 2025-09-14 00:00:00+00:00, run_after=2025-09-15 00:00:00+00:00
[2025-09-15T07:50:08.785+0000] {processor.py:183} INFO - Processing /opt/airflow/dags/bike_hour_dag.py took 0.127 seconds
[2025-09-15T07:50:39.607+0000] {processor.py:161} INFO - Started process (PID=4950) to work on /opt/airflow/dags/bike_hour_dag.py
[2025-09-15T07:50:39.609+0000] {processor.py:830} INFO - Processing file /opt/airflow/dags/bike_hour_dag.py for tasks to queue
[2025-09-15T07:50:39.610+0000] {logging_mixin.py:188} INFO - [2025-09-15T07:50:39.609+0000] {dagbag.py:540} INFO - Filling up the DagBag from /opt/airflow/dags/bike_hour_dag.py
[2025-09-15T07:50:39.630+0000] {processor.py:840} INFO - DAG(s) 'bike_hour_pipeline' retrieved from /opt/airflow/dags/bike_hour_dag.py
[2025-09-15T07:50:39.658+0000] {logging_mixin.py:188} INFO - [2025-09-15T07:50:39.658+0000] {dag.py:3096} INFO - Sync 1 DAGs
[2025-09-15T07:50:39.685+0000] {logging_mixin.py:188} INFO - [2025-09-15T07:50:39.685+0000] {dag.py:3954} INFO - Setting next_dagrun for bike_hour_pipeline to 2025-09-14 00:00:00+00:00, run_after=2025-09-15 00:00:00+00:00
[2025-09-15T07:50:39.713+0000] {processor.py:183} INFO - Processing /opt/airflow/dags/bike_hour_dag.py took 0.112 seconds
[2025-09-15T07:51:10.285+0000] {processor.py:161} INFO - Started process (PID=4985) to work on /opt/airflow/dags/bike_hour_dag.py
[2025-09-15T07:51:10.286+0000] {processor.py:830} INFO - Processing file /opt/airflow/dags/bike_hour_dag.py for tasks to queue
[2025-09-15T07:51:10.287+0000] {logging_mixin.py:188} INFO - [2025-09-15T07:51:10.287+0000] {dagbag.py:540} INFO - Filling up the DagBag from /opt/airflow/dags/bike_hour_dag.py
[2025-09-15T07:51:10.305+0000] {processor.py:840} INFO - DAG(s) 'bike_hour_pipeline' retrieved from /opt/airflow/dags/bike_hour_dag.py
[2025-09-15T07:51:10.329+0000] {logging_mixin.py:188} INFO - [2025-09-15T07:51:10.329+0000] {dag.py:3096} INFO - Sync 1 DAGs
[2025-09-15T07:51:10.346+0000] {logging_mixin.py:188} INFO - [2025-09-15T07:51:10.346+0000] {dag.py:3954} INFO - Setting next_dagrun for bike_hour_pipeline to 2025-09-14 00:00:00+00:00, run_after=2025-09-15 00:00:00+00:00
[2025-09-15T07:51:10.364+0000] {processor.py:183} INFO - Processing /opt/airflow/dags/bike_hour_dag.py took 0.084 seconds
[2025-09-15T07:51:40.868+0000] {processor.py:161} INFO - Started process (PID=5018) to work on /opt/airflow/dags/bike_hour_dag.py
[2025-09-15T07:51:40.869+0000] {processor.py:830} INFO - Processing file /opt/airflow/dags/bike_hour_dag.py for tasks to queue
[2025-09-15T07:51:40.870+0000] {logging_mixin.py:188} INFO - [2025-09-15T07:51:40.869+0000] {dagbag.py:540} INFO - Filling up the DagBag from /opt/airflow/dags/bike_hour_dag.py
[2025-09-15T07:51:40.888+0000] {processor.py:840} INFO - DAG(s) 'bike_hour_pipeline' retrieved from /opt/airflow/dags/bike_hour_dag.py
[2025-09-15T07:51:40.913+0000] {logging_mixin.py:188} INFO - [2025-09-15T07:51:40.913+0000] {dag.py:3096} INFO - Sync 1 DAGs
[2025-09-15T07:51:40.931+0000] {logging_mixin.py:188} INFO - [2025-09-15T07:51:40.931+0000] {dag.py:3954} INFO - Setting next_dagrun for bike_hour_pipeline to 2025-09-14 00:00:00+00:00, run_after=2025-09-15 00:00:00+00:00
[2025-09-15T07:51:40.950+0000] {processor.py:183} INFO - Processing /opt/airflow/dags/bike_hour_dag.py took 0.088 seconds
[2025-09-15T07:52:11.924+0000] {processor.py:161} INFO - Started process (PID=5055) to work on /opt/airflow/dags/bike_hour_dag.py
[2025-09-15T07:52:11.925+0000] {processor.py:830} INFO - Processing file /opt/airflow/dags/bike_hour_dag.py for tasks to queue
[2025-09-15T07:52:11.926+0000] {logging_mixin.py:188} INFO - [2025-09-15T07:52:11.926+0000] {dagbag.py:540} INFO - Filling up the DagBag from /opt/airflow/dags/bike_hour_dag.py
[2025-09-15T07:52:11.946+0000] {processor.py:840} INFO - DAG(s) 'bike_hour_pipeline' retrieved from /opt/airflow/dags/bike_hour_dag.py
[2025-09-15T07:52:11.970+0000] {logging_mixin.py:188} INFO - [2025-09-15T07:52:11.969+0000] {dag.py:3096} INFO - Sync 1 DAGs
[2025-09-15T07:52:11.989+0000] {logging_mixin.py:188} INFO - [2025-09-15T07:52:11.988+0000] {dag.py:3954} INFO - Setting next_dagrun for bike_hour_pipeline to 2025-09-14 00:00:00+00:00, run_after=2025-09-15 00:00:00+00:00
[2025-09-15T07:52:12.006+0000] {processor.py:183} INFO - Processing /opt/airflow/dags/bike_hour_dag.py took 0.088 seconds
[2025-09-15T07:52:42.825+0000] {processor.py:161} INFO - Started process (PID=5090) to work on /opt/airflow/dags/bike_hour_dag.py
[2025-09-15T07:52:42.826+0000] {processor.py:830} INFO - Processing file /opt/airflow/dags/bike_hour_dag.py for tasks to queue
[2025-09-15T07:52:42.827+0000] {logging_mixin.py:188} INFO - [2025-09-15T07:52:42.827+0000] {dagbag.py:540} INFO - Filling up the DagBag from /opt/airflow/dags/bike_hour_dag.py
[2025-09-15T07:52:42.849+0000] {processor.py:840} INFO - DAG(s) 'bike_hour_pipeline' retrieved from /opt/airflow/dags/bike_hour_dag.py
[2025-09-15T07:52:42.883+0000] {logging_mixin.py:188} INFO - [2025-09-15T07:52:42.882+0000] {dag.py:3096} INFO - Sync 1 DAGs
[2025-09-15T07:52:42.922+0000] {logging_mixin.py:188} INFO - [2025-09-15T07:52:42.921+0000] {dag.py:3954} INFO - Setting next_dagrun for bike_hour_pipeline to 2025-09-14 00:00:00+00:00, run_after=2025-09-15 00:00:00+00:00
[2025-09-15T07:52:42.952+0000] {processor.py:183} INFO - Processing /opt/airflow/dags/bike_hour_dag.py took 0.133 seconds
[2025-09-15T07:53:13.663+0000] {processor.py:161} INFO - Started process (PID=5125) to work on /opt/airflow/dags/bike_hour_dag.py
[2025-09-15T07:53:13.665+0000] {processor.py:830} INFO - Processing file /opt/airflow/dags/bike_hour_dag.py for tasks to queue
[2025-09-15T07:53:13.666+0000] {logging_mixin.py:188} INFO - [2025-09-15T07:53:13.665+0000] {dagbag.py:540} INFO - Filling up the DagBag from /opt/airflow/dags/bike_hour_dag.py
[2025-09-15T07:53:13.715+0000] {processor.py:840} INFO - DAG(s) 'bike_hour_pipeline' retrieved from /opt/airflow/dags/bike_hour_dag.py
[2025-09-15T07:53:13.776+0000] {logging_mixin.py:188} INFO - [2025-09-15T07:53:13.775+0000] {dag.py:3096} INFO - Sync 1 DAGs
[2025-09-15T07:53:13.827+0000] {logging_mixin.py:188} INFO - [2025-09-15T07:53:13.827+0000] {dag.py:3954} INFO - Setting next_dagrun for bike_hour_pipeline to 2025-09-14 00:00:00+00:00, run_after=2025-09-15 00:00:00+00:00
[2025-09-15T07:53:13.872+0000] {processor.py:183} INFO - Processing /opt/airflow/dags/bike_hour_dag.py took 0.222 seconds
[2025-09-15T07:53:44.646+0000] {processor.py:161} INFO - Started process (PID=5160) to work on /opt/airflow/dags/bike_hour_dag.py
[2025-09-15T07:53:44.648+0000] {processor.py:830} INFO - Processing file /opt/airflow/dags/bike_hour_dag.py for tasks to queue
[2025-09-15T07:53:44.649+0000] {logging_mixin.py:188} INFO - [2025-09-15T07:53:44.649+0000] {dagbag.py:540} INFO - Filling up the DagBag from /opt/airflow/dags/bike_hour_dag.py
[2025-09-15T07:53:44.674+0000] {processor.py:840} INFO - DAG(s) 'bike_hour_pipeline' retrieved from /opt/airflow/dags/bike_hour_dag.py
[2025-09-15T07:53:44.708+0000] {logging_mixin.py:188} INFO - [2025-09-15T07:53:44.708+0000] {dag.py:3096} INFO - Sync 1 DAGs
[2025-09-15T07:53:44.734+0000] {logging_mixin.py:188} INFO - [2025-09-15T07:53:44.734+0000] {dag.py:3954} INFO - Setting next_dagrun for bike_hour_pipeline to 2025-09-14 00:00:00+00:00, run_after=2025-09-15 00:00:00+00:00
[2025-09-15T07:53:44.768+0000] {processor.py:183} INFO - Processing /opt/airflow/dags/bike_hour_dag.py took 0.129 seconds
[2025-09-15T07:54:15.374+0000] {processor.py:161} INFO - Started process (PID=5195) to work on /opt/airflow/dags/bike_hour_dag.py
[2025-09-15T07:54:15.376+0000] {processor.py:830} INFO - Processing file /opt/airflow/dags/bike_hour_dag.py for tasks to queue
[2025-09-15T07:54:15.377+0000] {logging_mixin.py:188} INFO - [2025-09-15T07:54:15.376+0000] {dagbag.py:540} INFO - Filling up the DagBag from /opt/airflow/dags/bike_hour_dag.py
[2025-09-15T07:54:15.399+0000] {processor.py:840} INFO - DAG(s) 'bike_hour_pipeline' retrieved from /opt/airflow/dags/bike_hour_dag.py
[2025-09-15T07:54:15.428+0000] {logging_mixin.py:188} INFO - [2025-09-15T07:54:15.428+0000] {dag.py:3096} INFO - Sync 1 DAGs
[2025-09-15T07:54:15.451+0000] {logging_mixin.py:188} INFO - [2025-09-15T07:54:15.451+0000] {dag.py:3954} INFO - Setting next_dagrun for bike_hour_pipeline to 2025-09-14 00:00:00+00:00, run_after=2025-09-15 00:00:00+00:00
[2025-09-15T07:54:15.473+0000] {processor.py:183} INFO - Processing /opt/airflow/dags/bike_hour_dag.py took 0.105 seconds
[2025-09-15T07:54:45.991+0000] {processor.py:161} INFO - Started process (PID=5228) to work on /opt/airflow/dags/bike_hour_dag.py
[2025-09-15T07:54:45.992+0000] {processor.py:830} INFO - Processing file /opt/airflow/dags/bike_hour_dag.py for tasks to queue
[2025-09-15T07:54:45.993+0000] {logging_mixin.py:188} INFO - [2025-09-15T07:54:45.993+0000] {dagbag.py:540} INFO - Filling up the DagBag from /opt/airflow/dags/bike_hour_dag.py
[2025-09-15T07:54:46.012+0000] {processor.py:840} INFO - DAG(s) 'bike_hour_pipeline' retrieved from /opt/airflow/dags/bike_hour_dag.py
[2025-09-15T07:54:46.036+0000] {logging_mixin.py:188} INFO - [2025-09-15T07:54:46.036+0000] {dag.py:3096} INFO - Sync 1 DAGs
[2025-09-15T07:54:46.054+0000] {logging_mixin.py:188} INFO - [2025-09-15T07:54:46.054+0000] {dag.py:3954} INFO - Setting next_dagrun for bike_hour_pipeline to 2025-09-14 00:00:00+00:00, run_after=2025-09-15 00:00:00+00:00
[2025-09-15T07:54:46.074+0000] {processor.py:183} INFO - Processing /opt/airflow/dags/bike_hour_dag.py took 0.088 seconds
[2025-09-15T07:55:16.778+0000] {processor.py:161} INFO - Started process (PID=5265) to work on /opt/airflow/dags/bike_hour_dag.py
[2025-09-15T07:55:16.779+0000] {processor.py:830} INFO - Processing file /opt/airflow/dags/bike_hour_dag.py for tasks to queue
[2025-09-15T07:55:16.780+0000] {logging_mixin.py:188} INFO - [2025-09-15T07:55:16.780+0000] {dagbag.py:540} INFO - Filling up the DagBag from /opt/airflow/dags/bike_hour_dag.py
[2025-09-15T07:55:16.802+0000] {processor.py:840} INFO - DAG(s) 'bike_hour_pipeline' retrieved from /opt/airflow/dags/bike_hour_dag.py
[2025-09-15T07:55:16.832+0000] {logging_mixin.py:188} INFO - [2025-09-15T07:55:16.831+0000] {dag.py:3096} INFO - Sync 1 DAGs
[2025-09-15T07:55:16.852+0000] {logging_mixin.py:188} INFO - [2025-09-15T07:55:16.852+0000] {dag.py:3954} INFO - Setting next_dagrun for bike_hour_pipeline to 2025-09-14 00:00:00+00:00, run_after=2025-09-15 00:00:00+00:00
[2025-09-15T07:55:16.872+0000] {processor.py:183} INFO - Processing /opt/airflow/dags/bike_hour_dag.py took 0.099 seconds
[2025-09-15T07:55:47.513+0000] {processor.py:161} INFO - Started process (PID=5300) to work on /opt/airflow/dags/bike_hour_dag.py
[2025-09-15T07:55:47.514+0000] {processor.py:830} INFO - Processing file /opt/airflow/dags/bike_hour_dag.py for tasks to queue
[2025-09-15T07:55:47.515+0000] {logging_mixin.py:188} INFO - [2025-09-15T07:55:47.515+0000] {dagbag.py:540} INFO - Filling up the DagBag from /opt/airflow/dags/bike_hour_dag.py
[2025-09-15T07:55:47.533+0000] {processor.py:840} INFO - DAG(s) 'bike_hour_pipeline' retrieved from /opt/airflow/dags/bike_hour_dag.py
[2025-09-15T07:55:47.556+0000] {logging_mixin.py:188} INFO - [2025-09-15T07:55:47.556+0000] {dag.py:3096} INFO - Sync 1 DAGs
[2025-09-15T07:55:47.574+0000] {logging_mixin.py:188} INFO - [2025-09-15T07:55:47.574+0000] {dag.py:3954} INFO - Setting next_dagrun for bike_hour_pipeline to 2025-09-14 00:00:00+00:00, run_after=2025-09-15 00:00:00+00:00
[2025-09-15T07:55:47.592+0000] {processor.py:183} INFO - Processing /opt/airflow/dags/bike_hour_dag.py took 0.084 seconds
[2025-09-15T07:56:18.199+0000] {processor.py:161} INFO - Started process (PID=5335) to work on /opt/airflow/dags/bike_hour_dag.py
[2025-09-15T07:56:18.201+0000] {processor.py:830} INFO - Processing file /opt/airflow/dags/bike_hour_dag.py for tasks to queue
[2025-09-15T07:56:18.201+0000] {logging_mixin.py:188} INFO - [2025-09-15T07:56:18.201+0000] {dagbag.py:540} INFO - Filling up the DagBag from /opt/airflow/dags/bike_hour_dag.py
[2025-09-15T07:56:18.220+0000] {processor.py:840} INFO - DAG(s) 'bike_hour_pipeline' retrieved from /opt/airflow/dags/bike_hour_dag.py
[2025-09-15T07:56:18.246+0000] {logging_mixin.py:188} INFO - [2025-09-15T07:56:18.246+0000] {dag.py:3096} INFO - Sync 1 DAGs
[2025-09-15T07:56:18.267+0000] {logging_mixin.py:188} INFO - [2025-09-15T07:56:18.267+0000] {dag.py:3954} INFO - Setting next_dagrun for bike_hour_pipeline to 2025-09-14 00:00:00+00:00, run_after=2025-09-15 00:00:00+00:00
[2025-09-15T07:56:18.291+0000] {processor.py:183} INFO - Processing /opt/airflow/dags/bike_hour_dag.py took 0.097 seconds
[2025-09-15T07:56:49.033+0000] {processor.py:161} INFO - Started process (PID=5368) to work on /opt/airflow/dags/bike_hour_dag.py
[2025-09-15T07:56:49.034+0000] {processor.py:830} INFO - Processing file /opt/airflow/dags/bike_hour_dag.py for tasks to queue
[2025-09-15T07:56:49.035+0000] {logging_mixin.py:188} INFO - [2025-09-15T07:56:49.035+0000] {dagbag.py:540} INFO - Filling up the DagBag from /opt/airflow/dags/bike_hour_dag.py
[2025-09-15T07:56:49.057+0000] {processor.py:840} INFO - DAG(s) 'bike_hour_pipeline' retrieved from /opt/airflow/dags/bike_hour_dag.py
[2025-09-15T07:56:49.084+0000] {logging_mixin.py:188} INFO - [2025-09-15T07:56:49.084+0000] {dag.py:3096} INFO - Sync 1 DAGs
[2025-09-15T07:56:49.105+0000] {logging_mixin.py:188} INFO - [2025-09-15T07:56:49.105+0000] {dag.py:3954} INFO - Setting next_dagrun for bike_hour_pipeline to 2025-09-14 00:00:00+00:00, run_after=2025-09-15 00:00:00+00:00
[2025-09-15T07:56:49.123+0000] {processor.py:183} INFO - Processing /opt/airflow/dags/bike_hour_dag.py took 0.098 seconds
[2025-09-15T07:57:19.703+0000] {processor.py:161} INFO - Started process (PID=5405) to work on /opt/airflow/dags/bike_hour_dag.py
[2025-09-15T07:57:19.704+0000] {processor.py:830} INFO - Processing file /opt/airflow/dags/bike_hour_dag.py for tasks to queue
[2025-09-15T07:57:19.705+0000] {logging_mixin.py:188} INFO - [2025-09-15T07:57:19.705+0000] {dagbag.py:540} INFO - Filling up the DagBag from /opt/airflow/dags/bike_hour_dag.py
[2025-09-15T07:57:19.722+0000] {processor.py:840} INFO - DAG(s) 'bike_hour_pipeline' retrieved from /opt/airflow/dags/bike_hour_dag.py
[2025-09-15T07:57:19.745+0000] {logging_mixin.py:188} INFO - [2025-09-15T07:57:19.745+0000] {dag.py:3096} INFO - Sync 1 DAGs
[2025-09-15T07:57:19.764+0000] {logging_mixin.py:188} INFO - [2025-09-15T07:57:19.764+0000] {dag.py:3954} INFO - Setting next_dagrun for bike_hour_pipeline to 2025-09-14 00:00:00+00:00, run_after=2025-09-15 00:00:00+00:00
[2025-09-15T07:57:19.783+0000] {processor.py:183} INFO - Processing /opt/airflow/dags/bike_hour_dag.py took 0.085 seconds
[2025-09-15T07:57:50.365+0000] {processor.py:161} INFO - Started process (PID=5440) to work on /opt/airflow/dags/bike_hour_dag.py
[2025-09-15T07:57:50.366+0000] {processor.py:830} INFO - Processing file /opt/airflow/dags/bike_hour_dag.py for tasks to queue
[2025-09-15T07:57:50.367+0000] {logging_mixin.py:188} INFO - [2025-09-15T07:57:50.367+0000] {dagbag.py:540} INFO - Filling up the DagBag from /opt/airflow/dags/bike_hour_dag.py
[2025-09-15T07:57:50.385+0000] {processor.py:840} INFO - DAG(s) 'bike_hour_pipeline' retrieved from /opt/airflow/dags/bike_hour_dag.py
[2025-09-15T07:57:50.408+0000] {logging_mixin.py:188} INFO - [2025-09-15T07:57:50.408+0000] {dag.py:3096} INFO - Sync 1 DAGs
[2025-09-15T07:57:50.426+0000] {logging_mixin.py:188} INFO - [2025-09-15T07:57:50.425+0000] {dag.py:3954} INFO - Setting next_dagrun for bike_hour_pipeline to 2025-09-14 00:00:00+00:00, run_after=2025-09-15 00:00:00+00:00
[2025-09-15T07:57:50.445+0000] {processor.py:183} INFO - Processing /opt/airflow/dags/bike_hour_dag.py took 0.085 seconds
[2025-09-15T07:58:21.008+0000] {processor.py:161} INFO - Started process (PID=5475) to work on /opt/airflow/dags/bike_hour_dag.py
[2025-09-15T07:58:21.009+0000] {processor.py:830} INFO - Processing file /opt/airflow/dags/bike_hour_dag.py for tasks to queue
[2025-09-15T07:58:21.010+0000] {logging_mixin.py:188} INFO - [2025-09-15T07:58:21.010+0000] {dagbag.py:540} INFO - Filling up the DagBag from /opt/airflow/dags/bike_hour_dag.py
[2025-09-15T07:58:21.029+0000] {processor.py:840} INFO - DAG(s) 'bike_hour_pipeline' retrieved from /opt/airflow/dags/bike_hour_dag.py
[2025-09-15T07:58:21.054+0000] {logging_mixin.py:188} INFO - [2025-09-15T07:58:21.054+0000] {dag.py:3096} INFO - Sync 1 DAGs
[2025-09-15T07:58:21.074+0000] {logging_mixin.py:188} INFO - [2025-09-15T07:58:21.074+0000] {dag.py:3954} INFO - Setting next_dagrun for bike_hour_pipeline to 2025-09-14 00:00:00+00:00, run_after=2025-09-15 00:00:00+00:00
[2025-09-15T07:58:21.093+0000] {processor.py:183} INFO - Processing /opt/airflow/dags/bike_hour_dag.py took 0.092 seconds
[2025-09-15T07:58:51.666+0000] {processor.py:161} INFO - Started process (PID=5510) to work on /opt/airflow/dags/bike_hour_dag.py
[2025-09-15T07:58:51.667+0000] {processor.py:830} INFO - Processing file /opt/airflow/dags/bike_hour_dag.py for tasks to queue
[2025-09-15T07:58:51.668+0000] {logging_mixin.py:188} INFO - [2025-09-15T07:58:51.667+0000] {dagbag.py:540} INFO - Filling up the DagBag from /opt/airflow/dags/bike_hour_dag.py
[2025-09-15T07:58:51.686+0000] {processor.py:840} INFO - DAG(s) 'bike_hour_pipeline' retrieved from /opt/airflow/dags/bike_hour_dag.py
[2025-09-15T07:58:51.714+0000] {logging_mixin.py:188} INFO - [2025-09-15T07:58:51.714+0000] {dag.py:3096} INFO - Sync 1 DAGs
[2025-09-15T07:58:51.733+0000] {logging_mixin.py:188} INFO - [2025-09-15T07:58:51.733+0000] {dag.py:3954} INFO - Setting next_dagrun for bike_hour_pipeline to 2025-09-14 00:00:00+00:00, run_after=2025-09-15 00:00:00+00:00
[2025-09-15T07:58:51.750+0000] {processor.py:183} INFO - Processing /opt/airflow/dags/bike_hour_dag.py took 0.090 seconds
[2025-09-15T07:59:22.355+0000] {processor.py:161} INFO - Started process (PID=5543) to work on /opt/airflow/dags/bike_hour_dag.py
[2025-09-15T07:59:22.356+0000] {processor.py:830} INFO - Processing file /opt/airflow/dags/bike_hour_dag.py for tasks to queue
[2025-09-15T07:59:22.357+0000] {logging_mixin.py:188} INFO - [2025-09-15T07:59:22.356+0000] {dagbag.py:540} INFO - Filling up the DagBag from /opt/airflow/dags/bike_hour_dag.py
[2025-09-15T07:59:22.378+0000] {processor.py:840} INFO - DAG(s) 'bike_hour_pipeline' retrieved from /opt/airflow/dags/bike_hour_dag.py
[2025-09-15T07:59:22.401+0000] {logging_mixin.py:188} INFO - [2025-09-15T07:59:22.401+0000] {dag.py:3096} INFO - Sync 1 DAGs
[2025-09-15T07:59:22.419+0000] {logging_mixin.py:188} INFO - [2025-09-15T07:59:22.419+0000] {dag.py:3954} INFO - Setting next_dagrun for bike_hour_pipeline to 2025-09-14 00:00:00+00:00, run_after=2025-09-15 00:00:00+00:00
[2025-09-15T07:59:22.437+0000] {processor.py:183} INFO - Processing /opt/airflow/dags/bike_hour_dag.py took 0.087 seconds
[2025-09-15T07:59:53.041+0000] {processor.py:161} INFO - Started process (PID=5580) to work on /opt/airflow/dags/bike_hour_dag.py
[2025-09-15T07:59:53.042+0000] {processor.py:830} INFO - Processing file /opt/airflow/dags/bike_hour_dag.py for tasks to queue
[2025-09-15T07:59:53.043+0000] {logging_mixin.py:188} INFO - [2025-09-15T07:59:53.043+0000] {dagbag.py:540} INFO - Filling up the DagBag from /opt/airflow/dags/bike_hour_dag.py
[2025-09-15T07:59:53.063+0000] {processor.py:840} INFO - DAG(s) 'bike_hour_pipeline' retrieved from /opt/airflow/dags/bike_hour_dag.py
[2025-09-15T07:59:53.090+0000] {logging_mixin.py:188} INFO - [2025-09-15T07:59:53.090+0000] {dag.py:3096} INFO - Sync 1 DAGs
[2025-09-15T07:59:53.110+0000] {logging_mixin.py:188} INFO - [2025-09-15T07:59:53.110+0000] {dag.py:3954} INFO - Setting next_dagrun for bike_hour_pipeline to 2025-09-14 00:00:00+00:00, run_after=2025-09-15 00:00:00+00:00
[2025-09-15T07:59:53.131+0000] {processor.py:183} INFO - Processing /opt/airflow/dags/bike_hour_dag.py took 0.096 seconds
[2025-09-15T08:00:23.673+0000] {processor.py:161} INFO - Started process (PID=5615) to work on /opt/airflow/dags/bike_hour_dag.py
[2025-09-15T08:00:23.674+0000] {processor.py:830} INFO - Processing file /opt/airflow/dags/bike_hour_dag.py for tasks to queue
[2025-09-15T08:00:23.674+0000] {logging_mixin.py:188} INFO - [2025-09-15T08:00:23.674+0000] {dagbag.py:540} INFO - Filling up the DagBag from /opt/airflow/dags/bike_hour_dag.py
[2025-09-15T08:00:23.693+0000] {processor.py:840} INFO - DAG(s) 'bike_hour_pipeline' retrieved from /opt/airflow/dags/bike_hour_dag.py
[2025-09-15T08:00:23.718+0000] {logging_mixin.py:188} INFO - [2025-09-15T08:00:23.718+0000] {dag.py:3096} INFO - Sync 1 DAGs
[2025-09-15T08:00:23.738+0000] {logging_mixin.py:188} INFO - [2025-09-15T08:00:23.738+0000] {dag.py:3954} INFO - Setting next_dagrun for bike_hour_pipeline to 2025-09-14 00:00:00+00:00, run_after=2025-09-15 00:00:00+00:00
[2025-09-15T08:00:23.758+0000] {processor.py:183} INFO - Processing /opt/airflow/dags/bike_hour_dag.py took 0.091 seconds
[2025-09-15T08:00:54.250+0000] {processor.py:161} INFO - Started process (PID=5648) to work on /opt/airflow/dags/bike_hour_dag.py
[2025-09-15T08:00:54.252+0000] {processor.py:830} INFO - Processing file /opt/airflow/dags/bike_hour_dag.py for tasks to queue
[2025-09-15T08:00:54.253+0000] {logging_mixin.py:188} INFO - [2025-09-15T08:00:54.252+0000] {dagbag.py:540} INFO - Filling up the DagBag from /opt/airflow/dags/bike_hour_dag.py
[2025-09-15T08:00:54.275+0000] {processor.py:840} INFO - DAG(s) 'bike_hour_pipeline' retrieved from /opt/airflow/dags/bike_hour_dag.py
[2025-09-15T08:00:54.298+0000] {logging_mixin.py:188} INFO - [2025-09-15T08:00:54.298+0000] {dag.py:3096} INFO - Sync 1 DAGs
[2025-09-15T08:00:54.317+0000] {logging_mixin.py:188} INFO - [2025-09-15T08:00:54.317+0000] {dag.py:3954} INFO - Setting next_dagrun for bike_hour_pipeline to 2025-09-14 00:00:00+00:00, run_after=2025-09-15 00:00:00+00:00
[2025-09-15T08:00:54.335+0000] {processor.py:183} INFO - Processing /opt/airflow/dags/bike_hour_dag.py took 0.091 seconds
[2025-09-15T08:01:24.849+0000] {processor.py:161} INFO - Started process (PID=5683) to work on /opt/airflow/dags/bike_hour_dag.py
[2025-09-15T08:01:24.851+0000] {processor.py:830} INFO - Processing file /opt/airflow/dags/bike_hour_dag.py for tasks to queue
[2025-09-15T08:01:24.852+0000] {logging_mixin.py:188} INFO - [2025-09-15T08:01:24.851+0000] {dagbag.py:540} INFO - Filling up the DagBag from /opt/airflow/dags/bike_hour_dag.py
[2025-09-15T08:01:24.871+0000] {processor.py:840} INFO - DAG(s) 'bike_hour_pipeline' retrieved from /opt/airflow/dags/bike_hour_dag.py
[2025-09-15T08:01:24.896+0000] {logging_mixin.py:188} INFO - [2025-09-15T08:01:24.895+0000] {dag.py:3096} INFO - Sync 1 DAGs
[2025-09-15T08:01:24.914+0000] {logging_mixin.py:188} INFO - [2025-09-15T08:01:24.914+0000] {dag.py:3954} INFO - Setting next_dagrun for bike_hour_pipeline to 2025-09-14 00:00:00+00:00, run_after=2025-09-15 00:00:00+00:00
[2025-09-15T08:01:24.932+0000] {processor.py:183} INFO - Processing /opt/airflow/dags/bike_hour_dag.py took 0.090 seconds
[2025-09-15T08:01:55.584+0000] {processor.py:161} INFO - Started process (PID=5720) to work on /opt/airflow/dags/bike_hour_dag.py
[2025-09-15T08:01:55.585+0000] {processor.py:830} INFO - Processing file /opt/airflow/dags/bike_hour_dag.py for tasks to queue
[2025-09-15T08:01:55.586+0000] {logging_mixin.py:188} INFO - [2025-09-15T08:01:55.586+0000] {dagbag.py:540} INFO - Filling up the DagBag from /opt/airflow/dags/bike_hour_dag.py
[2025-09-15T08:01:55.606+0000] {processor.py:840} INFO - DAG(s) 'bike_hour_pipeline' retrieved from /opt/airflow/dags/bike_hour_dag.py
[2025-09-15T08:01:55.632+0000] {logging_mixin.py:188} INFO - [2025-09-15T08:01:55.631+0000] {dag.py:3096} INFO - Sync 1 DAGs
[2025-09-15T08:01:55.650+0000] {logging_mixin.py:188} INFO - [2025-09-15T08:01:55.650+0000] {dag.py:3954} INFO - Setting next_dagrun for bike_hour_pipeline to 2025-09-14 00:00:00+00:00, run_after=2025-09-15 00:00:00+00:00
[2025-09-15T08:01:55.667+0000] {processor.py:183} INFO - Processing /opt/airflow/dags/bike_hour_dag.py took 0.088 seconds
[2025-09-15T08:02:26.425+0000] {processor.py:161} INFO - Started process (PID=5755) to work on /opt/airflow/dags/bike_hour_dag.py
[2025-09-15T08:02:26.426+0000] {processor.py:830} INFO - Processing file /opt/airflow/dags/bike_hour_dag.py for tasks to queue
[2025-09-15T08:02:26.428+0000] {logging_mixin.py:188} INFO - [2025-09-15T08:02:26.428+0000] {dagbag.py:540} INFO - Filling up the DagBag from /opt/airflow/dags/bike_hour_dag.py
[2025-09-15T08:02:26.460+0000] {processor.py:840} INFO - DAG(s) 'bike_hour_pipeline' retrieved from /opt/airflow/dags/bike_hour_dag.py
[2025-09-15T08:02:26.578+0000] {logging_mixin.py:188} INFO - [2025-09-15T08:02:26.578+0000] {dag.py:3096} INFO - Sync 1 DAGs
[2025-09-15T08:02:26.621+0000] {logging_mixin.py:188} INFO - [2025-09-15T08:02:26.620+0000] {dag.py:3954} INFO - Setting next_dagrun for bike_hour_pipeline to 2025-09-14 00:00:00+00:00, run_after=2025-09-15 00:00:00+00:00
[2025-09-15T08:02:26.656+0000] {processor.py:183} INFO - Processing /opt/airflow/dags/bike_hour_dag.py took 0.238 seconds
[2025-09-15T08:02:56.970+0000] {processor.py:161} INFO - Started process (PID=5790) to work on /opt/airflow/dags/bike_hour_dag.py
[2025-09-15T08:02:56.971+0000] {processor.py:830} INFO - Processing file /opt/airflow/dags/bike_hour_dag.py for tasks to queue
[2025-09-15T08:02:56.972+0000] {logging_mixin.py:188} INFO - [2025-09-15T08:02:56.972+0000] {dagbag.py:540} INFO - Filling up the DagBag from /opt/airflow/dags/bike_hour_dag.py
[2025-09-15T08:02:56.997+0000] {processor.py:840} INFO - DAG(s) 'bike_hour_pipeline' retrieved from /opt/airflow/dags/bike_hour_dag.py
[2025-09-15T08:02:57.025+0000] {logging_mixin.py:188} INFO - [2025-09-15T08:02:57.024+0000] {dag.py:3096} INFO - Sync 1 DAGs
[2025-09-15T08:02:57.043+0000] {logging_mixin.py:188} INFO - [2025-09-15T08:02:57.042+0000] {dag.py:3954} INFO - Setting next_dagrun for bike_hour_pipeline to 2025-09-14 00:00:00+00:00, run_after=2025-09-15 00:00:00+00:00
[2025-09-15T08:02:57.060+0000] {processor.py:183} INFO - Processing /opt/airflow/dags/bike_hour_dag.py took 0.096 seconds
[2025-09-15T08:03:27.624+0000] {processor.py:161} INFO - Started process (PID=5823) to work on /opt/airflow/dags/bike_hour_dag.py
[2025-09-15T08:03:27.625+0000] {processor.py:830} INFO - Processing file /opt/airflow/dags/bike_hour_dag.py for tasks to queue
[2025-09-15T08:03:27.626+0000] {logging_mixin.py:188} INFO - [2025-09-15T08:03:27.626+0000] {dagbag.py:540} INFO - Filling up the DagBag from /opt/airflow/dags/bike_hour_dag.py
[2025-09-15T08:03:27.658+0000] {processor.py:840} INFO - DAG(s) 'bike_hour_pipeline' retrieved from /opt/airflow/dags/bike_hour_dag.py
[2025-09-15T08:03:27.691+0000] {logging_mixin.py:188} INFO - [2025-09-15T08:03:27.690+0000] {dag.py:3096} INFO - Sync 1 DAGs
[2025-09-15T08:03:27.715+0000] {logging_mixin.py:188} INFO - [2025-09-15T08:03:27.715+0000] {dag.py:3954} INFO - Setting next_dagrun for bike_hour_pipeline to 2025-09-14 00:00:00+00:00, run_after=2025-09-15 00:00:00+00:00
[2025-09-15T08:03:27.737+0000] {processor.py:183} INFO - Processing /opt/airflow/dags/bike_hour_dag.py took 0.120 seconds
[2025-09-15T08:03:58.692+0000] {processor.py:161} INFO - Started process (PID=5860) to work on /opt/airflow/dags/bike_hour_dag.py
[2025-09-15T08:03:58.694+0000] {processor.py:830} INFO - Processing file /opt/airflow/dags/bike_hour_dag.py for tasks to queue
[2025-09-15T08:03:58.695+0000] {logging_mixin.py:188} INFO - [2025-09-15T08:03:58.695+0000] {dagbag.py:540} INFO - Filling up the DagBag from /opt/airflow/dags/bike_hour_dag.py
[2025-09-15T08:03:58.742+0000] {processor.py:840} INFO - DAG(s) 'bike_hour_pipeline' retrieved from /opt/airflow/dags/bike_hour_dag.py
[2025-09-15T08:03:58.836+0000] {logging_mixin.py:188} INFO - [2025-09-15T08:03:58.835+0000] {dag.py:3096} INFO - Sync 1 DAGs
[2025-09-15T08:03:58.883+0000] {logging_mixin.py:188} INFO - [2025-09-15T08:03:58.882+0000] {dag.py:3954} INFO - Setting next_dagrun for bike_hour_pipeline to 2025-09-14 00:00:00+00:00, run_after=2025-09-15 00:00:00+00:00
[2025-09-15T08:03:58.923+0000] {processor.py:183} INFO - Processing /opt/airflow/dags/bike_hour_dag.py took 0.236 seconds
[2025-09-15T08:04:29.572+0000] {processor.py:161} INFO - Started process (PID=5893) to work on /opt/airflow/dags/bike_hour_dag.py
[2025-09-15T08:04:29.575+0000] {processor.py:830} INFO - Processing file /opt/airflow/dags/bike_hour_dag.py for tasks to queue
[2025-09-15T08:04:29.581+0000] {logging_mixin.py:188} INFO - [2025-09-15T08:04:29.577+0000] {dagbag.py:540} INFO - Filling up the DagBag from /opt/airflow/dags/bike_hour_dag.py
[2025-09-15T08:04:29.654+0000] {processor.py:840} INFO - DAG(s) 'bike_hour_pipeline' retrieved from /opt/airflow/dags/bike_hour_dag.py
[2025-09-15T08:04:29.732+0000] {logging_mixin.py:188} INFO - [2025-09-15T08:04:29.732+0000] {dag.py:3096} INFO - Sync 1 DAGs
[2025-09-15T08:04:29.764+0000] {logging_mixin.py:188} INFO - [2025-09-15T08:04:29.764+0000] {dag.py:3954} INFO - Setting next_dagrun for bike_hour_pipeline to 2025-09-14 00:00:00+00:00, run_after=2025-09-15 00:00:00+00:00
[2025-09-15T08:04:29.782+0000] {processor.py:183} INFO - Processing /opt/airflow/dags/bike_hour_dag.py took 0.229 seconds
[2025-09-15T08:05:00.414+0000] {processor.py:161} INFO - Started process (PID=5930) to work on /opt/airflow/dags/bike_hour_dag.py
[2025-09-15T08:05:00.415+0000] {processor.py:830} INFO - Processing file /opt/airflow/dags/bike_hour_dag.py for tasks to queue
[2025-09-15T08:05:00.416+0000] {logging_mixin.py:188} INFO - [2025-09-15T08:05:00.416+0000] {dagbag.py:540} INFO - Filling up the DagBag from /opt/airflow/dags/bike_hour_dag.py
[2025-09-15T08:05:00.435+0000] {processor.py:840} INFO - DAG(s) 'bike_hour_pipeline' retrieved from /opt/airflow/dags/bike_hour_dag.py
[2025-09-15T08:05:00.459+0000] {logging_mixin.py:188} INFO - [2025-09-15T08:05:00.459+0000] {dag.py:3096} INFO - Sync 1 DAGs
[2025-09-15T08:05:00.478+0000] {logging_mixin.py:188} INFO - [2025-09-15T08:05:00.478+0000] {dag.py:3954} INFO - Setting next_dagrun for bike_hour_pipeline to 2025-09-14 00:00:00+00:00, run_after=2025-09-15 00:00:00+00:00
[2025-09-15T08:05:00.499+0000] {processor.py:183} INFO - Processing /opt/airflow/dags/bike_hour_dag.py took 0.091 seconds
[2025-09-15T08:05:30.998+0000] {processor.py:161} INFO - Started process (PID=5965) to work on /opt/airflow/dags/bike_hour_dag.py
[2025-09-15T08:05:30.999+0000] {processor.py:830} INFO - Processing file /opt/airflow/dags/bike_hour_dag.py for tasks to queue
[2025-09-15T08:05:31.000+0000] {logging_mixin.py:188} INFO - [2025-09-15T08:05:31.000+0000] {dagbag.py:540} INFO - Filling up the DagBag from /opt/airflow/dags/bike_hour_dag.py
[2025-09-15T08:05:31.020+0000] {processor.py:840} INFO - DAG(s) 'bike_hour_pipeline' retrieved from /opt/airflow/dags/bike_hour_dag.py
[2025-09-15T08:05:31.045+0000] {logging_mixin.py:188} INFO - [2025-09-15T08:05:31.045+0000] {dag.py:3096} INFO - Sync 1 DAGs
[2025-09-15T08:05:31.064+0000] {logging_mixin.py:188} INFO - [2025-09-15T08:05:31.064+0000] {dag.py:3954} INFO - Setting next_dagrun for bike_hour_pipeline to 2025-09-14 00:00:00+00:00, run_after=2025-09-15 00:00:00+00:00
[2025-09-15T08:05:31.081+0000] {processor.py:183} INFO - Processing /opt/airflow/dags/bike_hour_dag.py took 0.089 seconds
[2025-09-15T08:06:01.787+0000] {processor.py:161} INFO - Started process (PID=5998) to work on /opt/airflow/dags/bike_hour_dag.py
[2025-09-15T08:06:01.789+0000] {processor.py:830} INFO - Processing file /opt/airflow/dags/bike_hour_dag.py for tasks to queue
[2025-09-15T08:06:01.790+0000] {logging_mixin.py:188} INFO - [2025-09-15T08:06:01.790+0000] {dagbag.py:540} INFO - Filling up the DagBag from /opt/airflow/dags/bike_hour_dag.py
[2025-09-15T08:06:01.824+0000] {processor.py:840} INFO - DAG(s) 'bike_hour_pipeline' retrieved from /opt/airflow/dags/bike_hour_dag.py
[2025-09-15T08:06:01.862+0000] {logging_mixin.py:188} INFO - [2025-09-15T08:06:01.862+0000] {dag.py:3096} INFO - Sync 1 DAGs
[2025-09-15T08:06:01.890+0000] {logging_mixin.py:188} INFO - [2025-09-15T08:06:01.890+0000] {dag.py:3954} INFO - Setting next_dagrun for bike_hour_pipeline to 2025-09-14 00:00:00+00:00, run_after=2025-09-15 00:00:00+00:00
[2025-09-15T08:06:01.930+0000] {processor.py:183} INFO - Processing /opt/airflow/dags/bike_hour_dag.py took 0.151 seconds
[2025-09-15T08:06:32.382+0000] {processor.py:161} INFO - Started process (PID=6035) to work on /opt/airflow/dags/bike_hour_dag.py
[2025-09-15T08:06:32.384+0000] {processor.py:830} INFO - Processing file /opt/airflow/dags/bike_hour_dag.py for tasks to queue
[2025-09-15T08:06:32.385+0000] {logging_mixin.py:188} INFO - [2025-09-15T08:06:32.384+0000] {dagbag.py:540} INFO - Filling up the DagBag from /opt/airflow/dags/bike_hour_dag.py
[2025-09-15T08:06:32.429+0000] {processor.py:840} INFO - DAG(s) 'bike_hour_pipeline' retrieved from /opt/airflow/dags/bike_hour_dag.py
[2025-09-15T08:06:32.475+0000] {logging_mixin.py:188} INFO - [2025-09-15T08:06:32.475+0000] {dag.py:3096} INFO - Sync 1 DAGs
[2025-09-15T08:06:32.516+0000] {logging_mixin.py:188} INFO - [2025-09-15T08:06:32.516+0000] {dag.py:3954} INFO - Setting next_dagrun for bike_hour_pipeline to 2025-09-14 00:00:00+00:00, run_after=2025-09-15 00:00:00+00:00
[2025-09-15T08:06:32.546+0000] {processor.py:183} INFO - Processing /opt/airflow/dags/bike_hour_dag.py took 0.169 seconds
[2025-09-15T08:07:03.066+0000] {processor.py:161} INFO - Started process (PID=6070) to work on /opt/airflow/dags/bike_hour_dag.py
[2025-09-15T08:07:03.067+0000] {processor.py:830} INFO - Processing file /opt/airflow/dags/bike_hour_dag.py for tasks to queue
[2025-09-15T08:07:03.068+0000] {logging_mixin.py:188} INFO - [2025-09-15T08:07:03.068+0000] {dagbag.py:540} INFO - Filling up the DagBag from /opt/airflow/dags/bike_hour_dag.py
[2025-09-15T08:07:03.089+0000] {processor.py:840} INFO - DAG(s) 'bike_hour_pipeline' retrieved from /opt/airflow/dags/bike_hour_dag.py
[2025-09-15T08:07:03.118+0000] {logging_mixin.py:188} INFO - [2025-09-15T08:07:03.118+0000] {dag.py:3096} INFO - Sync 1 DAGs
[2025-09-15T08:07:03.139+0000] {logging_mixin.py:188} INFO - [2025-09-15T08:07:03.139+0000] {dag.py:3954} INFO - Setting next_dagrun for bike_hour_pipeline to 2025-09-14 00:00:00+00:00, run_after=2025-09-15 00:00:00+00:00
[2025-09-15T08:07:03.162+0000] {processor.py:183} INFO - Processing /opt/airflow/dags/bike_hour_dag.py took 0.103 seconds
[2025-09-15T08:07:33.697+0000] {processor.py:161} INFO - Started process (PID=6105) to work on /opt/airflow/dags/bike_hour_dag.py
[2025-09-15T08:07:33.698+0000] {processor.py:830} INFO - Processing file /opt/airflow/dags/bike_hour_dag.py for tasks to queue
[2025-09-15T08:07:33.699+0000] {logging_mixin.py:188} INFO - [2025-09-15T08:07:33.698+0000] {dagbag.py:540} INFO - Filling up the DagBag from /opt/airflow/dags/bike_hour_dag.py
[2025-09-15T08:07:33.716+0000] {processor.py:840} INFO - DAG(s) 'bike_hour_pipeline' retrieved from /opt/airflow/dags/bike_hour_dag.py
[2025-09-15T08:07:33.741+0000] {logging_mixin.py:188} INFO - [2025-09-15T08:07:33.740+0000] {dag.py:3096} INFO - Sync 1 DAGs
[2025-09-15T08:07:33.760+0000] {logging_mixin.py:188} INFO - [2025-09-15T08:07:33.760+0000] {dag.py:3954} INFO - Setting next_dagrun for bike_hour_pipeline to 2025-09-14 00:00:00+00:00, run_after=2025-09-15 00:00:00+00:00
[2025-09-15T08:07:33.784+0000] {processor.py:183} INFO - Processing /opt/airflow/dags/bike_hour_dag.py took 0.092 seconds
[2025-09-15T08:08:04.461+0000] {processor.py:161} INFO - Started process (PID=6140) to work on /opt/airflow/dags/bike_hour_dag.py
[2025-09-15T08:08:04.462+0000] {processor.py:830} INFO - Processing file /opt/airflow/dags/bike_hour_dag.py for tasks to queue
[2025-09-15T08:08:04.463+0000] {logging_mixin.py:188} INFO - [2025-09-15T08:08:04.463+0000] {dagbag.py:540} INFO - Filling up the DagBag from /opt/airflow/dags/bike_hour_dag.py
[2025-09-15T08:08:04.483+0000] {processor.py:840} INFO - DAG(s) 'bike_hour_pipeline' retrieved from /opt/airflow/dags/bike_hour_dag.py
[2025-09-15T08:08:04.509+0000] {logging_mixin.py:188} INFO - [2025-09-15T08:08:04.509+0000] {dag.py:3096} INFO - Sync 1 DAGs
[2025-09-15T08:08:04.530+0000] {logging_mixin.py:188} INFO - [2025-09-15T08:08:04.529+0000] {dag.py:3954} INFO - Setting next_dagrun for bike_hour_pipeline to 2025-09-14 00:00:00+00:00, run_after=2025-09-15 00:00:00+00:00
[2025-09-15T08:08:04.550+0000] {processor.py:183} INFO - Processing /opt/airflow/dags/bike_hour_dag.py took 0.094 seconds
[2025-09-15T08:08:35.987+0000] {processor.py:161} INFO - Started process (PID=6173) to work on /opt/airflow/dags/bike_hour_dag.py
[2025-09-15T08:08:35.988+0000] {processor.py:830} INFO - Processing file /opt/airflow/dags/bike_hour_dag.py for tasks to queue
[2025-09-15T08:08:35.989+0000] {logging_mixin.py:188} INFO - [2025-09-15T08:08:35.989+0000] {dagbag.py:540} INFO - Filling up the DagBag from /opt/airflow/dags/bike_hour_dag.py
[2025-09-15T08:08:36.013+0000] {processor.py:840} INFO - DAG(s) 'bike_hour_pipeline' retrieved from /opt/airflow/dags/bike_hour_dag.py
[2025-09-15T08:08:36.043+0000] {logging_mixin.py:188} INFO - [2025-09-15T08:08:36.043+0000] {dag.py:3096} INFO - Sync 1 DAGs
[2025-09-15T08:08:36.065+0000] {logging_mixin.py:188} INFO - [2025-09-15T08:08:36.064+0000] {dag.py:3954} INFO - Setting next_dagrun for bike_hour_pipeline to 2025-09-14 00:00:00+00:00, run_after=2025-09-15 00:00:00+00:00
[2025-09-15T08:08:36.085+0000] {processor.py:183} INFO - Processing /opt/airflow/dags/bike_hour_dag.py took 0.103 seconds
[2025-09-15T08:09:06.708+0000] {processor.py:161} INFO - Started process (PID=6208) to work on /opt/airflow/dags/bike_hour_dag.py
[2025-09-15T08:09:06.710+0000] {processor.py:830} INFO - Processing file /opt/airflow/dags/bike_hour_dag.py for tasks to queue
[2025-09-15T08:09:06.712+0000] {logging_mixin.py:188} INFO - [2025-09-15T08:09:06.712+0000] {dagbag.py:540} INFO - Filling up the DagBag from /opt/airflow/dags/bike_hour_dag.py
[2025-09-15T08:09:06.744+0000] {processor.py:840} INFO - DAG(s) 'bike_hour_pipeline' retrieved from /opt/airflow/dags/bike_hour_dag.py
[2025-09-15T08:09:06.780+0000] {logging_mixin.py:188} INFO - [2025-09-15T08:09:06.780+0000] {dag.py:3096} INFO - Sync 1 DAGs
[2025-09-15T08:09:06.804+0000] {logging_mixin.py:188} INFO - [2025-09-15T08:09:06.804+0000] {dag.py:3954} INFO - Setting next_dagrun for bike_hour_pipeline to 2025-09-14 00:00:00+00:00, run_after=2025-09-15 00:00:00+00:00
[2025-09-15T08:09:06.829+0000] {processor.py:183} INFO - Processing /opt/airflow/dags/bike_hour_dag.py took 0.129 seconds
[2025-09-15T08:09:37.641+0000] {processor.py:161} INFO - Started process (PID=6250) to work on /opt/airflow/dags/bike_hour_dag.py
[2025-09-15T08:09:37.642+0000] {processor.py:830} INFO - Processing file /opt/airflow/dags/bike_hour_dag.py for tasks to queue
[2025-09-15T08:09:37.644+0000] {logging_mixin.py:188} INFO - [2025-09-15T08:09:37.643+0000] {dagbag.py:540} INFO - Filling up the DagBag from /opt/airflow/dags/bike_hour_dag.py
[2025-09-15T08:09:37.678+0000] {processor.py:840} INFO - DAG(s) 'bike_hour_pipeline' retrieved from /opt/airflow/dags/bike_hour_dag.py
[2025-09-15T08:09:37.742+0000] {logging_mixin.py:188} INFO - [2025-09-15T08:09:37.741+0000] {dag.py:3096} INFO - Sync 1 DAGs
[2025-09-15T08:09:37.786+0000] {logging_mixin.py:188} INFO - [2025-09-15T08:09:37.785+0000] {dag.py:3954} INFO - Setting next_dagrun for bike_hour_pipeline to 2025-09-14 00:00:00+00:00, run_after=2025-09-15 00:00:00+00:00
[2025-09-15T08:09:37.811+0000] {processor.py:183} INFO - Processing /opt/airflow/dags/bike_hour_dag.py took 0.179 seconds
[2025-09-15T08:10:08.170+0000] {processor.py:161} INFO - Started process (PID=6285) to work on /opt/airflow/dags/bike_hour_dag.py
[2025-09-15T08:10:08.172+0000] {processor.py:830} INFO - Processing file /opt/airflow/dags/bike_hour_dag.py for tasks to queue
[2025-09-15T08:10:08.173+0000] {logging_mixin.py:188} INFO - [2025-09-15T08:10:08.173+0000] {dagbag.py:540} INFO - Filling up the DagBag from /opt/airflow/dags/bike_hour_dag.py
[2025-09-15T08:10:08.204+0000] {processor.py:840} INFO - DAG(s) 'bike_hour_pipeline' retrieved from /opt/airflow/dags/bike_hour_dag.py
[2025-09-15T08:10:08.278+0000] {logging_mixin.py:188} INFO - [2025-09-15T08:10:08.277+0000] {dag.py:3096} INFO - Sync 1 DAGs
[2025-09-15T08:10:08.315+0000] {logging_mixin.py:188} INFO - [2025-09-15T08:10:08.315+0000] {dag.py:3954} INFO - Setting next_dagrun for bike_hour_pipeline to 2025-09-14 00:00:00+00:00, run_after=2025-09-15 00:00:00+00:00
[2025-09-15T08:10:08.334+0000] {processor.py:183} INFO - Processing /opt/airflow/dags/bike_hour_dag.py took 0.178 seconds
[2025-09-15T08:10:38.667+0000] {processor.py:161} INFO - Started process (PID=6320) to work on /opt/airflow/dags/bike_hour_dag.py
[2025-09-15T08:10:38.669+0000] {processor.py:830} INFO - Processing file /opt/airflow/dags/bike_hour_dag.py for tasks to queue
[2025-09-15T08:10:38.670+0000] {logging_mixin.py:188} INFO - [2025-09-15T08:10:38.670+0000] {dagbag.py:540} INFO - Filling up the DagBag from /opt/airflow/dags/bike_hour_dag.py
[2025-09-15T08:10:38.689+0000] {processor.py:840} INFO - DAG(s) 'bike_hour_pipeline' retrieved from /opt/airflow/dags/bike_hour_dag.py
[2025-09-15T08:10:38.715+0000] {logging_mixin.py:188} INFO - [2025-09-15T08:10:38.715+0000] {dag.py:3096} INFO - Sync 1 DAGs
[2025-09-15T08:10:38.734+0000] {logging_mixin.py:188} INFO - [2025-09-15T08:10:38.734+0000] {dag.py:3954} INFO - Setting next_dagrun for bike_hour_pipeline to 2025-09-14 00:00:00+00:00, run_after=2025-09-15 00:00:00+00:00
[2025-09-15T08:10:38.753+0000] {processor.py:183} INFO - Processing /opt/airflow/dags/bike_hour_dag.py took 0.092 seconds
[2025-09-15T08:11:09.215+0000] {processor.py:161} INFO - Started process (PID=6355) to work on /opt/airflow/dags/bike_hour_dag.py
[2025-09-15T08:11:09.217+0000] {processor.py:830} INFO - Processing file /opt/airflow/dags/bike_hour_dag.py for tasks to queue
[2025-09-15T08:11:09.218+0000] {logging_mixin.py:188} INFO - [2025-09-15T08:11:09.218+0000] {dagbag.py:540} INFO - Filling up the DagBag from /opt/airflow/dags/bike_hour_dag.py
[2025-09-15T08:11:09.241+0000] {processor.py:840} INFO - DAG(s) 'bike_hour_pipeline' retrieved from /opt/airflow/dags/bike_hour_dag.py
[2025-09-15T08:11:09.268+0000] {logging_mixin.py:188} INFO - [2025-09-15T08:11:09.267+0000] {dag.py:3096} INFO - Sync 1 DAGs
[2025-09-15T08:11:09.289+0000] {logging_mixin.py:188} INFO - [2025-09-15T08:11:09.289+0000] {dag.py:3954} INFO - Setting next_dagrun for bike_hour_pipeline to 2025-09-14 00:00:00+00:00, run_after=2025-09-15 00:00:00+00:00
[2025-09-15T08:11:09.316+0000] {processor.py:183} INFO - Processing /opt/airflow/dags/bike_hour_dag.py took 0.108 seconds
[2025-09-15T08:11:39.821+0000] {processor.py:161} INFO - Started process (PID=6390) to work on /opt/airflow/dags/bike_hour_dag.py
[2025-09-15T08:11:39.822+0000] {processor.py:830} INFO - Processing file /opt/airflow/dags/bike_hour_dag.py for tasks to queue
[2025-09-15T08:11:39.823+0000] {logging_mixin.py:188} INFO - [2025-09-15T08:11:39.823+0000] {dagbag.py:540} INFO - Filling up the DagBag from /opt/airflow/dags/bike_hour_dag.py
[2025-09-15T08:11:39.847+0000] {processor.py:840} INFO - DAG(s) 'bike_hour_pipeline' retrieved from /opt/airflow/dags/bike_hour_dag.py
[2025-09-15T08:11:39.882+0000] {logging_mixin.py:188} INFO - [2025-09-15T08:11:39.881+0000] {dag.py:3096} INFO - Sync 1 DAGs
[2025-09-15T08:11:39.918+0000] {logging_mixin.py:188} INFO - [2025-09-15T08:11:39.918+0000] {dag.py:3954} INFO - Setting next_dagrun for bike_hour_pipeline to 2025-09-14 00:00:00+00:00, run_after=2025-09-15 00:00:00+00:00
[2025-09-15T08:11:39.963+0000] {processor.py:183} INFO - Processing /opt/airflow/dags/bike_hour_dag.py took 0.148 seconds
[2025-09-15T08:12:10.434+0000] {processor.py:161} INFO - Started process (PID=6425) to work on /opt/airflow/dags/bike_hour_dag.py
[2025-09-15T08:12:10.435+0000] {processor.py:830} INFO - Processing file /opt/airflow/dags/bike_hour_dag.py for tasks to queue
[2025-09-15T08:12:10.436+0000] {logging_mixin.py:188} INFO - [2025-09-15T08:12:10.436+0000] {dagbag.py:540} INFO - Filling up the DagBag from /opt/airflow/dags/bike_hour_dag.py
[2025-09-15T08:12:10.456+0000] {processor.py:840} INFO - DAG(s) 'bike_hour_pipeline' retrieved from /opt/airflow/dags/bike_hour_dag.py
[2025-09-15T08:12:10.481+0000] {logging_mixin.py:188} INFO - [2025-09-15T08:12:10.481+0000] {dag.py:3096} INFO - Sync 1 DAGs
[2025-09-15T08:12:10.503+0000] {logging_mixin.py:188} INFO - [2025-09-15T08:12:10.503+0000] {dag.py:3954} INFO - Setting next_dagrun for bike_hour_pipeline to 2025-09-14 00:00:00+00:00, run_after=2025-09-15 00:00:00+00:00
[2025-09-15T08:12:10.523+0000] {processor.py:183} INFO - Processing /opt/airflow/dags/bike_hour_dag.py took 0.096 seconds
[2025-09-15T08:12:41.213+0000] {processor.py:161} INFO - Started process (PID=6460) to work on /opt/airflow/dags/bike_hour_dag.py
[2025-09-15T08:12:41.214+0000] {processor.py:830} INFO - Processing file /opt/airflow/dags/bike_hour_dag.py for tasks to queue
[2025-09-15T08:12:41.215+0000] {logging_mixin.py:188} INFO - [2025-09-15T08:12:41.215+0000] {dagbag.py:540} INFO - Filling up the DagBag from /opt/airflow/dags/bike_hour_dag.py
[2025-09-15T08:12:41.233+0000] {processor.py:840} INFO - DAG(s) 'bike_hour_pipeline' retrieved from /opt/airflow/dags/bike_hour_dag.py
[2025-09-15T08:12:41.259+0000] {logging_mixin.py:188} INFO - [2025-09-15T08:12:41.259+0000] {dag.py:3096} INFO - Sync 1 DAGs
[2025-09-15T08:12:41.278+0000] {logging_mixin.py:188} INFO - [2025-09-15T08:12:41.277+0000] {dag.py:3954} INFO - Setting next_dagrun for bike_hour_pipeline to 2025-09-14 00:00:00+00:00, run_after=2025-09-15 00:00:00+00:00
[2025-09-15T08:12:41.296+0000] {processor.py:183} INFO - Processing /opt/airflow/dags/bike_hour_dag.py took 0.089 seconds
[2025-09-15T08:13:12.068+0000] {processor.py:161} INFO - Started process (PID=6515) to work on /opt/airflow/dags/bike_hour_dag.py
[2025-09-15T08:13:12.069+0000] {processor.py:830} INFO - Processing file /opt/airflow/dags/bike_hour_dag.py for tasks to queue
[2025-09-15T08:13:12.070+0000] {logging_mixin.py:188} INFO - [2025-09-15T08:13:12.070+0000] {dagbag.py:540} INFO - Filling up the DagBag from /opt/airflow/dags/bike_hour_dag.py
[2025-09-15T08:13:12.088+0000] {processor.py:840} INFO - DAG(s) 'bike_hour_pipeline' retrieved from /opt/airflow/dags/bike_hour_dag.py
[2025-09-15T08:13:12.113+0000] {logging_mixin.py:188} INFO - [2025-09-15T08:13:12.112+0000] {dag.py:3096} INFO - Sync 1 DAGs
[2025-09-15T08:13:12.130+0000] {logging_mixin.py:188} INFO - [2025-09-15T08:13:12.130+0000] {dag.py:3954} INFO - Setting next_dagrun for bike_hour_pipeline to 2025-09-14 00:00:00+00:00, run_after=2025-09-15 00:00:00+00:00
[2025-09-15T08:13:12.148+0000] {processor.py:183} INFO - Processing /opt/airflow/dags/bike_hour_dag.py took 0.086 seconds
[2025-09-15T08:13:42.204+0000] {processor.py:161} INFO - Started process (PID=6550) to work on /opt/airflow/dags/bike_hour_dag.py
[2025-09-15T08:13:42.205+0000] {processor.py:830} INFO - Processing file /opt/airflow/dags/bike_hour_dag.py for tasks to queue
[2025-09-15T08:13:42.206+0000] {logging_mixin.py:188} INFO - [2025-09-15T08:13:42.206+0000] {dagbag.py:540} INFO - Filling up the DagBag from /opt/airflow/dags/bike_hour_dag.py
[2025-09-15T08:13:42.224+0000] {processor.py:840} INFO - DAG(s) 'bike_hour_pipeline' retrieved from /opt/airflow/dags/bike_hour_dag.py
[2025-09-15T08:13:42.250+0000] {logging_mixin.py:188} INFO - [2025-09-15T08:13:42.250+0000] {dag.py:3096} INFO - Sync 1 DAGs
[2025-09-15T08:13:42.269+0000] {logging_mixin.py:188} INFO - [2025-09-15T08:13:42.269+0000] {dag.py:3954} INFO - Setting next_dagrun for bike_hour_pipeline to 2025-09-14 00:00:00+00:00, run_after=2025-09-15 00:00:00+00:00
[2025-09-15T08:13:42.289+0000] {processor.py:183} INFO - Processing /opt/airflow/dags/bike_hour_dag.py took 0.091 seconds
[2025-09-15T08:14:12.803+0000] {processor.py:161} INFO - Started process (PID=6586) to work on /opt/airflow/dags/bike_hour_dag.py
[2025-09-15T08:14:12.805+0000] {processor.py:830} INFO - Processing file /opt/airflow/dags/bike_hour_dag.py for tasks to queue
[2025-09-15T08:14:12.808+0000] {logging_mixin.py:188} INFO - [2025-09-15T08:14:12.807+0000] {dagbag.py:540} INFO - Filling up the DagBag from /opt/airflow/dags/bike_hour_dag.py
[2025-09-15T08:14:12.869+0000] {processor.py:840} INFO - DAG(s) 'bike_hour_pipeline' retrieved from /opt/airflow/dags/bike_hour_dag.py
[2025-09-15T08:14:12.925+0000] {logging_mixin.py:188} INFO - [2025-09-15T08:14:12.924+0000] {dag.py:3096} INFO - Sync 1 DAGs
[2025-09-15T08:14:12.956+0000] {logging_mixin.py:188} INFO - [2025-09-15T08:14:12.955+0000] {dag.py:3954} INFO - Setting next_dagrun for bike_hour_pipeline to 2025-09-14 00:00:00+00:00, run_after=2025-09-15 00:00:00+00:00
[2025-09-15T08:14:12.980+0000] {processor.py:183} INFO - Processing /opt/airflow/dags/bike_hour_dag.py took 0.187 seconds
[2025-09-15T08:14:43.450+0000] {processor.py:161} INFO - Started process (PID=6648) to work on /opt/airflow/dags/bike_hour_dag.py
[2025-09-15T08:14:43.451+0000] {processor.py:830} INFO - Processing file /opt/airflow/dags/bike_hour_dag.py for tasks to queue
[2025-09-15T08:14:43.452+0000] {logging_mixin.py:188} INFO - [2025-09-15T08:14:43.452+0000] {dagbag.py:540} INFO - Filling up the DagBag from /opt/airflow/dags/bike_hour_dag.py
[2025-09-15T08:14:43.471+0000] {processor.py:840} INFO - DAG(s) 'bike_hour_pipeline' retrieved from /opt/airflow/dags/bike_hour_dag.py
[2025-09-15T08:14:43.498+0000] {logging_mixin.py:188} INFO - [2025-09-15T08:14:43.498+0000] {dag.py:3096} INFO - Sync 1 DAGs
[2025-09-15T08:14:43.527+0000] {logging_mixin.py:188} INFO - [2025-09-15T08:14:43.527+0000] {dag.py:3954} INFO - Setting next_dagrun for bike_hour_pipeline to 2025-09-14 00:00:00+00:00, run_after=2025-09-15 00:00:00+00:00
[2025-09-15T08:14:43.546+0000] {processor.py:183} INFO - Processing /opt/airflow/dags/bike_hour_dag.py took 0.102 seconds
[2025-09-15T08:15:14.216+0000] {processor.py:161} INFO - Started process (PID=6683) to work on /opt/airflow/dags/bike_hour_dag.py
[2025-09-15T08:15:14.217+0000] {processor.py:830} INFO - Processing file /opt/airflow/dags/bike_hour_dag.py for tasks to queue
[2025-09-15T08:15:14.218+0000] {logging_mixin.py:188} INFO - [2025-09-15T08:15:14.218+0000] {dagbag.py:540} INFO - Filling up the DagBag from /opt/airflow/dags/bike_hour_dag.py
[2025-09-15T08:15:14.240+0000] {processor.py:840} INFO - DAG(s) 'bike_hour_pipeline' retrieved from /opt/airflow/dags/bike_hour_dag.py
[2025-09-15T08:15:14.266+0000] {logging_mixin.py:188} INFO - [2025-09-15T08:15:14.265+0000] {dag.py:3096} INFO - Sync 1 DAGs
[2025-09-15T08:15:14.290+0000] {logging_mixin.py:188} INFO - [2025-09-15T08:15:14.289+0000] {dag.py:3954} INFO - Setting next_dagrun for bike_hour_pipeline to 2025-09-14 00:00:00+00:00, run_after=2025-09-15 00:00:00+00:00
[2025-09-15T08:15:14.314+0000] {processor.py:183} INFO - Processing /opt/airflow/dags/bike_hour_dag.py took 0.104 seconds
[2025-09-15T08:15:44.932+0000] {processor.py:161} INFO - Started process (PID=6718) to work on /opt/airflow/dags/bike_hour_dag.py
[2025-09-15T08:15:44.933+0000] {processor.py:830} INFO - Processing file /opt/airflow/dags/bike_hour_dag.py for tasks to queue
[2025-09-15T08:15:44.933+0000] {logging_mixin.py:188} INFO - [2025-09-15T08:15:44.933+0000] {dagbag.py:540} INFO - Filling up the DagBag from /opt/airflow/dags/bike_hour_dag.py
[2025-09-15T08:15:44.952+0000] {processor.py:840} INFO - DAG(s) 'bike_hour_pipeline' retrieved from /opt/airflow/dags/bike_hour_dag.py
[2025-09-15T08:15:44.978+0000] {logging_mixin.py:188} INFO - [2025-09-15T08:15:44.977+0000] {dag.py:3096} INFO - Sync 1 DAGs
[2025-09-15T08:15:44.999+0000] {logging_mixin.py:188} INFO - [2025-09-15T08:15:44.999+0000] {dag.py:3954} INFO - Setting next_dagrun for bike_hour_pipeline to 2025-09-14 00:00:00+00:00, run_after=2025-09-15 00:00:00+00:00
[2025-09-15T08:15:45.024+0000] {processor.py:183} INFO - Processing /opt/airflow/dags/bike_hour_dag.py took 0.097 seconds
[2025-09-15T08:16:15.731+0000] {processor.py:161} INFO - Started process (PID=6753) to work on /opt/airflow/dags/bike_hour_dag.py
[2025-09-15T08:16:15.732+0000] {processor.py:830} INFO - Processing file /opt/airflow/dags/bike_hour_dag.py for tasks to queue
[2025-09-15T08:16:15.733+0000] {logging_mixin.py:188} INFO - [2025-09-15T08:16:15.733+0000] {dagbag.py:540} INFO - Filling up the DagBag from /opt/airflow/dags/bike_hour_dag.py
[2025-09-15T08:16:15.750+0000] {processor.py:840} INFO - DAG(s) 'bike_hour_pipeline' retrieved from /opt/airflow/dags/bike_hour_dag.py
[2025-09-15T08:16:15.776+0000] {logging_mixin.py:188} INFO - [2025-09-15T08:16:15.776+0000] {dag.py:3096} INFO - Sync 1 DAGs
[2025-09-15T08:16:15.803+0000] {logging_mixin.py:188} INFO - [2025-09-15T08:16:15.802+0000] {dag.py:3954} INFO - Setting next_dagrun for bike_hour_pipeline to 2025-09-14 00:00:00+00:00, run_after=2025-09-15 00:00:00+00:00
[2025-09-15T08:16:15.829+0000] {processor.py:183} INFO - Processing /opt/airflow/dags/bike_hour_dag.py took 0.103 seconds
[2025-09-15T08:16:46.373+0000] {processor.py:161} INFO - Started process (PID=6788) to work on /opt/airflow/dags/bike_hour_dag.py
[2025-09-15T08:16:46.375+0000] {processor.py:830} INFO - Processing file /opt/airflow/dags/bike_hour_dag.py for tasks to queue
[2025-09-15T08:16:46.376+0000] {logging_mixin.py:188} INFO - [2025-09-15T08:16:46.375+0000] {dagbag.py:540} INFO - Filling up the DagBag from /opt/airflow/dags/bike_hour_dag.py
[2025-09-15T08:16:46.405+0000] {processor.py:840} INFO - DAG(s) 'bike_hour_pipeline' retrieved from /opt/airflow/dags/bike_hour_dag.py
[2025-09-15T08:16:46.435+0000] {logging_mixin.py:188} INFO - [2025-09-15T08:16:46.435+0000] {dag.py:3096} INFO - Sync 1 DAGs
[2025-09-15T08:16:46.462+0000] {logging_mixin.py:188} INFO - [2025-09-15T08:16:46.462+0000] {dag.py:3954} INFO - Setting next_dagrun for bike_hour_pipeline to 2025-09-14 00:00:00+00:00, run_after=2025-09-15 00:00:00+00:00
[2025-09-15T08:16:46.495+0000] {processor.py:183} INFO - Processing /opt/airflow/dags/bike_hour_dag.py took 0.130 seconds
[2025-09-15T08:17:17.114+0000] {processor.py:161} INFO - Started process (PID=6823) to work on /opt/airflow/dags/bike_hour_dag.py
[2025-09-15T08:17:17.115+0000] {processor.py:830} INFO - Processing file /opt/airflow/dags/bike_hour_dag.py for tasks to queue
[2025-09-15T08:17:17.116+0000] {logging_mixin.py:188} INFO - [2025-09-15T08:17:17.115+0000] {dagbag.py:540} INFO - Filling up the DagBag from /opt/airflow/dags/bike_hour_dag.py
[2025-09-15T08:17:17.135+0000] {processor.py:840} INFO - DAG(s) 'bike_hour_pipeline' retrieved from /opt/airflow/dags/bike_hour_dag.py
[2025-09-15T08:17:17.162+0000] {logging_mixin.py:188} INFO - [2025-09-15T08:17:17.162+0000] {dag.py:3096} INFO - Sync 1 DAGs
[2025-09-15T08:17:17.183+0000] {logging_mixin.py:188} INFO - [2025-09-15T08:17:17.183+0000] {dag.py:3954} INFO - Setting next_dagrun for bike_hour_pipeline to 2025-09-14 00:00:00+00:00, run_after=2025-09-15 00:00:00+00:00
[2025-09-15T08:17:17.206+0000] {processor.py:183} INFO - Processing /opt/airflow/dags/bike_hour_dag.py took 0.099 seconds
[2025-09-15T08:17:47.908+0000] {processor.py:161} INFO - Started process (PID=6858) to work on /opt/airflow/dags/bike_hour_dag.py
[2025-09-15T08:17:47.909+0000] {processor.py:830} INFO - Processing file /opt/airflow/dags/bike_hour_dag.py for tasks to queue
[2025-09-15T08:17:47.910+0000] {logging_mixin.py:188} INFO - [2025-09-15T08:17:47.909+0000] {dagbag.py:540} INFO - Filling up the DagBag from /opt/airflow/dags/bike_hour_dag.py
[2025-09-15T08:17:47.934+0000] {processor.py:840} INFO - DAG(s) 'bike_hour_pipeline' retrieved from /opt/airflow/dags/bike_hour_dag.py
[2025-09-15T08:17:47.964+0000] {logging_mixin.py:188} INFO - [2025-09-15T08:17:47.964+0000] {dag.py:3096} INFO - Sync 1 DAGs
[2025-09-15T08:17:47.993+0000] {logging_mixin.py:188} INFO - [2025-09-15T08:17:47.992+0000] {dag.py:3954} INFO - Setting next_dagrun for bike_hour_pipeline to 2025-09-14 00:00:00+00:00, run_after=2025-09-15 00:00:00+00:00
[2025-09-15T08:17:48.014+0000] {processor.py:183} INFO - Processing /opt/airflow/dags/bike_hour_dag.py took 0.114 seconds
[2025-09-15T08:18:18.680+0000] {processor.py:161} INFO - Started process (PID=6893) to work on /opt/airflow/dags/bike_hour_dag.py
[2025-09-15T08:18:18.681+0000] {processor.py:830} INFO - Processing file /opt/airflow/dags/bike_hour_dag.py for tasks to queue
[2025-09-15T08:18:18.682+0000] {logging_mixin.py:188} INFO - [2025-09-15T08:18:18.681+0000] {dagbag.py:540} INFO - Filling up the DagBag from /opt/airflow/dags/bike_hour_dag.py
[2025-09-15T08:18:18.701+0000] {processor.py:840} INFO - DAG(s) 'bike_hour_pipeline' retrieved from /opt/airflow/dags/bike_hour_dag.py
[2025-09-15T08:18:18.728+0000] {logging_mixin.py:188} INFO - [2025-09-15T08:18:18.728+0000] {dag.py:3096} INFO - Sync 1 DAGs
[2025-09-15T08:18:18.748+0000] {logging_mixin.py:188} INFO - [2025-09-15T08:18:18.748+0000] {dag.py:3954} INFO - Setting next_dagrun for bike_hour_pipeline to 2025-09-14 00:00:00+00:00, run_after=2025-09-15 00:00:00+00:00
[2025-09-15T08:18:18.769+0000] {processor.py:183} INFO - Processing /opt/airflow/dags/bike_hour_dag.py took 0.097 seconds
[2025-09-15T08:18:49.909+0000] {processor.py:161} INFO - Started process (PID=6928) to work on /opt/airflow/dags/bike_hour_dag.py
[2025-09-15T08:18:49.911+0000] {processor.py:830} INFO - Processing file /opt/airflow/dags/bike_hour_dag.py for tasks to queue
[2025-09-15T08:18:49.913+0000] {logging_mixin.py:188} INFO - [2025-09-15T08:18:49.912+0000] {dagbag.py:540} INFO - Filling up the DagBag from /opt/airflow/dags/bike_hour_dag.py
[2025-09-15T08:18:49.940+0000] {processor.py:840} INFO - DAG(s) 'bike_hour_pipeline' retrieved from /opt/airflow/dags/bike_hour_dag.py
[2025-09-15T08:18:49.973+0000] {logging_mixin.py:188} INFO - [2025-09-15T08:18:49.973+0000] {dag.py:3096} INFO - Sync 1 DAGs
[2025-09-15T08:18:49.998+0000] {logging_mixin.py:188} INFO - [2025-09-15T08:18:49.998+0000] {dag.py:3954} INFO - Setting next_dagrun for bike_hour_pipeline to 2025-09-14 00:00:00+00:00, run_after=2025-09-15 00:00:00+00:00
[2025-09-15T08:18:50.031+0000] {processor.py:183} INFO - Processing /opt/airflow/dags/bike_hour_dag.py took 0.129 seconds
[2025-09-15T08:19:20.627+0000] {processor.py:161} INFO - Started process (PID=6963) to work on /opt/airflow/dags/bike_hour_dag.py
[2025-09-15T08:19:20.628+0000] {processor.py:830} INFO - Processing file /opt/airflow/dags/bike_hour_dag.py for tasks to queue
[2025-09-15T08:19:20.629+0000] {logging_mixin.py:188} INFO - [2025-09-15T08:19:20.629+0000] {dagbag.py:540} INFO - Filling up the DagBag from /opt/airflow/dags/bike_hour_dag.py
[2025-09-15T08:19:20.650+0000] {processor.py:840} INFO - DAG(s) 'bike_hour_pipeline' retrieved from /opt/airflow/dags/bike_hour_dag.py
[2025-09-15T08:19:20.680+0000] {logging_mixin.py:188} INFO - [2025-09-15T08:19:20.680+0000] {dag.py:3096} INFO - Sync 1 DAGs
[2025-09-15T08:19:20.699+0000] {logging_mixin.py:188} INFO - [2025-09-15T08:19:20.699+0000] {dag.py:3954} INFO - Setting next_dagrun for bike_hour_pipeline to 2025-09-14 00:00:00+00:00, run_after=2025-09-15 00:00:00+00:00
[2025-09-15T08:19:20.719+0000] {processor.py:183} INFO - Processing /opt/airflow/dags/bike_hour_dag.py took 0.098 seconds
[2025-09-15T08:19:51.416+0000] {processor.py:161} INFO - Started process (PID=7000) to work on /opt/airflow/dags/bike_hour_dag.py
[2025-09-15T08:19:51.417+0000] {processor.py:830} INFO - Processing file /opt/airflow/dags/bike_hour_dag.py for tasks to queue
[2025-09-15T08:19:51.418+0000] {logging_mixin.py:188} INFO - [2025-09-15T08:19:51.418+0000] {dagbag.py:540} INFO - Filling up the DagBag from /opt/airflow/dags/bike_hour_dag.py
[2025-09-15T08:19:51.440+0000] {processor.py:840} INFO - DAG(s) 'bike_hour_pipeline' retrieved from /opt/airflow/dags/bike_hour_dag.py
[2025-09-15T08:19:51.472+0000] {logging_mixin.py:188} INFO - [2025-09-15T08:19:51.472+0000] {dag.py:3096} INFO - Sync 1 DAGs
[2025-09-15T08:19:51.496+0000] {logging_mixin.py:188} INFO - [2025-09-15T08:19:51.495+0000] {dag.py:3954} INFO - Setting next_dagrun for bike_hour_pipeline to 2025-09-14 00:00:00+00:00, run_after=2025-09-15 00:00:00+00:00
[2025-09-15T08:19:51.518+0000] {processor.py:183} INFO - Processing /opt/airflow/dags/bike_hour_dag.py took 0.108 seconds
[2025-09-15T08:20:22.065+0000] {processor.py:161} INFO - Started process (PID=7048) to work on /opt/airflow/dags/bike_hour_dag.py
[2025-09-15T08:20:22.066+0000] {processor.py:830} INFO - Processing file /opt/airflow/dags/bike_hour_dag.py for tasks to queue
[2025-09-15T08:20:22.067+0000] {logging_mixin.py:188} INFO - [2025-09-15T08:20:22.067+0000] {dagbag.py:540} INFO - Filling up the DagBag from /opt/airflow/dags/bike_hour_dag.py
[2025-09-15T08:20:22.084+0000] {processor.py:840} INFO - DAG(s) 'bike_hour_pipeline' retrieved from /opt/airflow/dags/bike_hour_dag.py
[2025-09-15T08:20:22.109+0000] {logging_mixin.py:188} INFO - [2025-09-15T08:20:22.109+0000] {dag.py:3096} INFO - Sync 1 DAGs
[2025-09-15T08:20:22.132+0000] {logging_mixin.py:188} INFO - [2025-09-15T08:20:22.132+0000] {dag.py:3954} INFO - Setting next_dagrun for bike_hour_pipeline to 2025-09-14 00:00:00+00:00, run_after=2025-09-15 00:00:00+00:00
[2025-09-15T08:20:22.150+0000] {processor.py:183} INFO - Processing /opt/airflow/dags/bike_hour_dag.py took 0.090 seconds
[2025-09-15T08:20:52.759+0000] {processor.py:161} INFO - Started process (PID=7083) to work on /opt/airflow/dags/bike_hour_dag.py
[2025-09-15T08:20:52.760+0000] {processor.py:830} INFO - Processing file /opt/airflow/dags/bike_hour_dag.py for tasks to queue
[2025-09-15T08:20:52.764+0000] {logging_mixin.py:188} INFO - [2025-09-15T08:20:52.762+0000] {dagbag.py:540} INFO - Filling up the DagBag from /opt/airflow/dags/bike_hour_dag.py
[2025-09-15T08:20:52.809+0000] {processor.py:840} INFO - DAG(s) 'bike_hour_pipeline' retrieved from /opt/airflow/dags/bike_hour_dag.py
[2025-09-15T08:20:52.861+0000] {logging_mixin.py:188} INFO - [2025-09-15T08:20:52.861+0000] {dag.py:3096} INFO - Sync 1 DAGs
[2025-09-15T08:20:52.900+0000] {logging_mixin.py:188} INFO - [2025-09-15T08:20:52.899+0000] {dag.py:3954} INFO - Setting next_dagrun for bike_hour_pipeline to 2025-09-14 00:00:00+00:00, run_after=2025-09-15 00:00:00+00:00
[2025-09-15T08:20:52.936+0000] {processor.py:183} INFO - Processing /opt/airflow/dags/bike_hour_dag.py took 0.190 seconds
[2025-09-15T08:21:23.144+0000] {processor.py:161} INFO - Started process (PID=7120) to work on /opt/airflow/dags/bike_hour_dag.py
[2025-09-15T08:21:23.145+0000] {processor.py:830} INFO - Processing file /opt/airflow/dags/bike_hour_dag.py for tasks to queue
[2025-09-15T08:21:23.146+0000] {logging_mixin.py:188} INFO - [2025-09-15T08:21:23.146+0000] {dagbag.py:540} INFO - Filling up the DagBag from /opt/airflow/dags/bike_hour_dag.py
[2025-09-15T08:21:23.165+0000] {processor.py:840} INFO - DAG(s) 'bike_hour_pipeline' retrieved from /opt/airflow/dags/bike_hour_dag.py
[2025-09-15T08:21:23.189+0000] {logging_mixin.py:188} INFO - [2025-09-15T08:21:23.189+0000] {dag.py:3096} INFO - Sync 1 DAGs
[2025-09-15T08:21:23.208+0000] {logging_mixin.py:188} INFO - [2025-09-15T08:21:23.208+0000] {dag.py:3954} INFO - Setting next_dagrun for bike_hour_pipeline to 2025-09-14 00:00:00+00:00, run_after=2025-09-15 00:00:00+00:00
[2025-09-15T08:21:23.226+0000] {processor.py:183} INFO - Processing /opt/airflow/dags/bike_hour_dag.py took 0.088 seconds
[2025-09-15T08:21:53.607+0000] {processor.py:161} INFO - Started process (PID=7155) to work on /opt/airflow/dags/bike_hour_dag.py
[2025-09-15T08:21:53.609+0000] {processor.py:830} INFO - Processing file /opt/airflow/dags/bike_hour_dag.py for tasks to queue
[2025-09-15T08:21:53.610+0000] {logging_mixin.py:188} INFO - [2025-09-15T08:21:53.609+0000] {dagbag.py:540} INFO - Filling up the DagBag from /opt/airflow/dags/bike_hour_dag.py
[2025-09-15T08:21:53.629+0000] {processor.py:840} INFO - DAG(s) 'bike_hour_pipeline' retrieved from /opt/airflow/dags/bike_hour_dag.py
[2025-09-15T08:21:53.653+0000] {logging_mixin.py:188} INFO - [2025-09-15T08:21:53.653+0000] {dag.py:3096} INFO - Sync 1 DAGs
[2025-09-15T08:21:53.673+0000] {logging_mixin.py:188} INFO - [2025-09-15T08:21:53.673+0000] {dag.py:3954} INFO - Setting next_dagrun for bike_hour_pipeline to 2025-09-14 00:00:00+00:00, run_after=2025-09-15 00:00:00+00:00
[2025-09-15T08:21:53.694+0000] {processor.py:183} INFO - Processing /opt/airflow/dags/bike_hour_dag.py took 0.092 seconds
[2025-09-15T08:22:24.332+0000] {processor.py:161} INFO - Started process (PID=7190) to work on /opt/airflow/dags/bike_hour_dag.py
[2025-09-15T08:22:24.333+0000] {processor.py:830} INFO - Processing file /opt/airflow/dags/bike_hour_dag.py for tasks to queue
[2025-09-15T08:22:24.334+0000] {logging_mixin.py:188} INFO - [2025-09-15T08:22:24.334+0000] {dagbag.py:540} INFO - Filling up the DagBag from /opt/airflow/dags/bike_hour_dag.py
[2025-09-15T08:22:24.351+0000] {processor.py:840} INFO - DAG(s) 'bike_hour_pipeline' retrieved from /opt/airflow/dags/bike_hour_dag.py
[2025-09-15T08:22:24.375+0000] {logging_mixin.py:188} INFO - [2025-09-15T08:22:24.374+0000] {dag.py:3096} INFO - Sync 1 DAGs
[2025-09-15T08:22:24.394+0000] {logging_mixin.py:188} INFO - [2025-09-15T08:22:24.393+0000] {dag.py:3954} INFO - Setting next_dagrun for bike_hour_pipeline to 2025-09-14 00:00:00+00:00, run_after=2025-09-15 00:00:00+00:00
[2025-09-15T08:22:24.412+0000] {processor.py:183} INFO - Processing /opt/airflow/dags/bike_hour_dag.py took 0.086 seconds
[2025-09-15T08:22:55.107+0000] {processor.py:161} INFO - Started process (PID=7225) to work on /opt/airflow/dags/bike_hour_dag.py
[2025-09-15T08:22:55.108+0000] {processor.py:830} INFO - Processing file /opt/airflow/dags/bike_hour_dag.py for tasks to queue
[2025-09-15T08:22:55.109+0000] {logging_mixin.py:188} INFO - [2025-09-15T08:22:55.109+0000] {dagbag.py:540} INFO - Filling up the DagBag from /opt/airflow/dags/bike_hour_dag.py
[2025-09-15T08:22:55.128+0000] {processor.py:840} INFO - DAG(s) 'bike_hour_pipeline' retrieved from /opt/airflow/dags/bike_hour_dag.py
[2025-09-15T08:22:55.155+0000] {logging_mixin.py:188} INFO - [2025-09-15T08:22:55.154+0000] {dag.py:3096} INFO - Sync 1 DAGs
[2025-09-15T08:22:55.178+0000] {logging_mixin.py:188} INFO - [2025-09-15T08:22:55.177+0000] {dag.py:3954} INFO - Setting next_dagrun for bike_hour_pipeline to 2025-09-14 00:00:00+00:00, run_after=2025-09-15 00:00:00+00:00
[2025-09-15T08:22:55.202+0000] {processor.py:183} INFO - Processing /opt/airflow/dags/bike_hour_dag.py took 0.100 seconds
[2025-09-15T08:23:25.619+0000] {processor.py:161} INFO - Started process (PID=7260) to work on /opt/airflow/dags/bike_hour_dag.py
[2025-09-15T08:23:25.620+0000] {processor.py:830} INFO - Processing file /opt/airflow/dags/bike_hour_dag.py for tasks to queue
[2025-09-15T08:23:25.621+0000] {logging_mixin.py:188} INFO - [2025-09-15T08:23:25.621+0000] {dagbag.py:540} INFO - Filling up the DagBag from /opt/airflow/dags/bike_hour_dag.py
[2025-09-15T08:23:25.639+0000] {processor.py:840} INFO - DAG(s) 'bike_hour_pipeline' retrieved from /opt/airflow/dags/bike_hour_dag.py
[2025-09-15T08:23:25.664+0000] {logging_mixin.py:188} INFO - [2025-09-15T08:23:25.664+0000] {dag.py:3096} INFO - Sync 1 DAGs
[2025-09-15T08:23:25.685+0000] {logging_mixin.py:188} INFO - [2025-09-15T08:23:25.685+0000] {dag.py:3954} INFO - Setting next_dagrun for bike_hour_pipeline to 2025-09-14 00:00:00+00:00, run_after=2025-09-15 00:00:00+00:00
[2025-09-15T08:23:25.706+0000] {processor.py:183} INFO - Processing /opt/airflow/dags/bike_hour_dag.py took 0.092 seconds
[2025-09-15T08:23:56.407+0000] {processor.py:161} INFO - Started process (PID=7295) to work on /opt/airflow/dags/bike_hour_dag.py
[2025-09-15T08:23:56.408+0000] {processor.py:830} INFO - Processing file /opt/airflow/dags/bike_hour_dag.py for tasks to queue
[2025-09-15T08:23:56.409+0000] {logging_mixin.py:188} INFO - [2025-09-15T08:23:56.409+0000] {dagbag.py:540} INFO - Filling up the DagBag from /opt/airflow/dags/bike_hour_dag.py
[2025-09-15T08:23:56.427+0000] {processor.py:840} INFO - DAG(s) 'bike_hour_pipeline' retrieved from /opt/airflow/dags/bike_hour_dag.py
[2025-09-15T08:23:56.450+0000] {logging_mixin.py:188} INFO - [2025-09-15T08:23:56.450+0000] {dag.py:3096} INFO - Sync 1 DAGs
[2025-09-15T08:23:56.468+0000] {logging_mixin.py:188} INFO - [2025-09-15T08:23:56.467+0000] {dag.py:3954} INFO - Setting next_dagrun for bike_hour_pipeline to 2025-09-14 00:00:00+00:00, run_after=2025-09-15 00:00:00+00:00
[2025-09-15T08:23:56.487+0000] {processor.py:183} INFO - Processing /opt/airflow/dags/bike_hour_dag.py took 0.085 seconds
[2025-09-15T08:24:27.044+0000] {processor.py:161} INFO - Started process (PID=7330) to work on /opt/airflow/dags/bike_hour_dag.py
[2025-09-15T08:24:27.046+0000] {processor.py:830} INFO - Processing file /opt/airflow/dags/bike_hour_dag.py for tasks to queue
[2025-09-15T08:24:27.048+0000] {logging_mixin.py:188} INFO - [2025-09-15T08:24:27.047+0000] {dagbag.py:540} INFO - Filling up the DagBag from /opt/airflow/dags/bike_hour_dag.py
[2025-09-15T08:24:27.072+0000] {processor.py:840} INFO - DAG(s) 'bike_hour_pipeline' retrieved from /opt/airflow/dags/bike_hour_dag.py
[2025-09-15T08:24:27.102+0000] {logging_mixin.py:188} INFO - [2025-09-15T08:24:27.102+0000] {dag.py:3096} INFO - Sync 1 DAGs
[2025-09-15T08:24:27.124+0000] {logging_mixin.py:188} INFO - [2025-09-15T08:24:27.124+0000] {dag.py:3954} INFO - Setting next_dagrun for bike_hour_pipeline to 2025-09-14 00:00:00+00:00, run_after=2025-09-15 00:00:00+00:00
[2025-09-15T08:24:27.144+0000] {processor.py:183} INFO - Processing /opt/airflow/dags/bike_hour_dag.py took 0.107 seconds
[2025-09-15T08:24:57.601+0000] {processor.py:161} INFO - Started process (PID=7365) to work on /opt/airflow/dags/bike_hour_dag.py
[2025-09-15T08:24:57.602+0000] {processor.py:830} INFO - Processing file /opt/airflow/dags/bike_hour_dag.py for tasks to queue
[2025-09-15T08:24:57.603+0000] {logging_mixin.py:188} INFO - [2025-09-15T08:24:57.602+0000] {dagbag.py:540} INFO - Filling up the DagBag from /opt/airflow/dags/bike_hour_dag.py
[2025-09-15T08:24:57.620+0000] {processor.py:840} INFO - DAG(s) 'bike_hour_pipeline' retrieved from /opt/airflow/dags/bike_hour_dag.py
[2025-09-15T08:24:57.645+0000] {logging_mixin.py:188} INFO - [2025-09-15T08:24:57.645+0000] {dag.py:3096} INFO - Sync 1 DAGs
[2025-09-15T08:24:57.663+0000] {logging_mixin.py:188} INFO - [2025-09-15T08:24:57.662+0000] {dag.py:3954} INFO - Setting next_dagrun for bike_hour_pipeline to 2025-09-14 00:00:00+00:00, run_after=2025-09-15 00:00:00+00:00
[2025-09-15T08:24:57.682+0000] {processor.py:183} INFO - Processing /opt/airflow/dags/bike_hour_dag.py took 0.087 seconds
[2025-09-15T08:25:28.188+0000] {processor.py:161} INFO - Started process (PID=7400) to work on /opt/airflow/dags/bike_hour_dag.py
[2025-09-15T08:25:28.189+0000] {processor.py:830} INFO - Processing file /opt/airflow/dags/bike_hour_dag.py for tasks to queue
[2025-09-15T08:25:28.190+0000] {logging_mixin.py:188} INFO - [2025-09-15T08:25:28.190+0000] {dagbag.py:540} INFO - Filling up the DagBag from /opt/airflow/dags/bike_hour_dag.py
[2025-09-15T08:25:28.212+0000] {processor.py:840} INFO - DAG(s) 'bike_hour_pipeline' retrieved from /opt/airflow/dags/bike_hour_dag.py
[2025-09-15T08:25:28.237+0000] {logging_mixin.py:188} INFO - [2025-09-15T08:25:28.236+0000] {dag.py:3096} INFO - Sync 1 DAGs
[2025-09-15T08:25:28.256+0000] {logging_mixin.py:188} INFO - [2025-09-15T08:25:28.256+0000] {dag.py:3954} INFO - Setting next_dagrun for bike_hour_pipeline to 2025-09-14 00:00:00+00:00, run_after=2025-09-15 00:00:00+00:00
[2025-09-15T08:25:28.275+0000] {processor.py:183} INFO - Processing /opt/airflow/dags/bike_hour_dag.py took 0.094 seconds
[2025-09-15T08:25:58.682+0000] {processor.py:161} INFO - Started process (PID=7435) to work on /opt/airflow/dags/bike_hour_dag.py
[2025-09-15T08:25:58.683+0000] {processor.py:830} INFO - Processing file /opt/airflow/dags/bike_hour_dag.py for tasks to queue
[2025-09-15T08:25:58.684+0000] {logging_mixin.py:188} INFO - [2025-09-15T08:25:58.684+0000] {dagbag.py:540} INFO - Filling up the DagBag from /opt/airflow/dags/bike_hour_dag.py
[2025-09-15T08:25:58.705+0000] {processor.py:840} INFO - DAG(s) 'bike_hour_pipeline' retrieved from /opt/airflow/dags/bike_hour_dag.py
[2025-09-15T08:25:58.735+0000] {logging_mixin.py:188} INFO - [2025-09-15T08:25:58.735+0000] {dag.py:3096} INFO - Sync 1 DAGs
[2025-09-15T08:25:58.762+0000] {logging_mixin.py:188} INFO - [2025-09-15T08:25:58.762+0000] {dag.py:3954} INFO - Setting next_dagrun for bike_hour_pipeline to 2025-09-14 00:00:00+00:00, run_after=2025-09-15 00:00:00+00:00
[2025-09-15T08:25:58.782+0000] {processor.py:183} INFO - Processing /opt/airflow/dags/bike_hour_dag.py took 0.106 seconds
[2025-09-15T08:26:29.638+0000] {processor.py:161} INFO - Started process (PID=7470) to work on /opt/airflow/dags/bike_hour_dag.py
[2025-09-15T08:26:29.640+0000] {processor.py:830} INFO - Processing file /opt/airflow/dags/bike_hour_dag.py for tasks to queue
[2025-09-15T08:26:29.641+0000] {logging_mixin.py:188} INFO - [2025-09-15T08:26:29.640+0000] {dagbag.py:540} INFO - Filling up the DagBag from /opt/airflow/dags/bike_hour_dag.py
[2025-09-15T08:26:29.659+0000] {processor.py:840} INFO - DAG(s) 'bike_hour_pipeline' retrieved from /opt/airflow/dags/bike_hour_dag.py
[2025-09-15T08:26:29.685+0000] {logging_mixin.py:188} INFO - [2025-09-15T08:26:29.684+0000] {dag.py:3096} INFO - Sync 1 DAGs
[2025-09-15T08:26:29.702+0000] {logging_mixin.py:188} INFO - [2025-09-15T08:26:29.702+0000] {dag.py:3954} INFO - Setting next_dagrun for bike_hour_pipeline to 2025-09-14 00:00:00+00:00, run_after=2025-09-15 00:00:00+00:00
[2025-09-15T08:26:29.722+0000] {processor.py:183} INFO - Processing /opt/airflow/dags/bike_hour_dag.py took 0.089 seconds
[2025-09-15T08:27:00.223+0000] {processor.py:161} INFO - Started process (PID=7505) to work on /opt/airflow/dags/bike_hour_dag.py
[2025-09-15T08:27:00.224+0000] {processor.py:830} INFO - Processing file /opt/airflow/dags/bike_hour_dag.py for tasks to queue
[2025-09-15T08:27:00.226+0000] {logging_mixin.py:188} INFO - [2025-09-15T08:27:00.225+0000] {dagbag.py:540} INFO - Filling up the DagBag from /opt/airflow/dags/bike_hour_dag.py
[2025-09-15T08:27:00.250+0000] {processor.py:840} INFO - DAG(s) 'bike_hour_pipeline' retrieved from /opt/airflow/dags/bike_hour_dag.py
[2025-09-15T08:27:00.275+0000] {logging_mixin.py:188} INFO - [2025-09-15T08:27:00.275+0000] {dag.py:3096} INFO - Sync 1 DAGs
[2025-09-15T08:27:00.294+0000] {logging_mixin.py:188} INFO - [2025-09-15T08:27:00.294+0000] {dag.py:3954} INFO - Setting next_dagrun for bike_hour_pipeline to 2025-09-14 00:00:00+00:00, run_after=2025-09-15 00:00:00+00:00
[2025-09-15T08:27:00.313+0000] {processor.py:183} INFO - Processing /opt/airflow/dags/bike_hour_dag.py took 0.096 seconds
[2025-09-15T08:27:31.182+0000] {processor.py:161} INFO - Started process (PID=7540) to work on /opt/airflow/dags/bike_hour_dag.py
[2025-09-15T08:27:31.184+0000] {processor.py:830} INFO - Processing file /opt/airflow/dags/bike_hour_dag.py for tasks to queue
[2025-09-15T08:27:31.185+0000] {logging_mixin.py:188} INFO - [2025-09-15T08:27:31.185+0000] {dagbag.py:540} INFO - Filling up the DagBag from /opt/airflow/dags/bike_hour_dag.py
[2025-09-15T08:27:31.224+0000] {processor.py:840} INFO - DAG(s) 'bike_hour_pipeline' retrieved from /opt/airflow/dags/bike_hour_dag.py
[2025-09-15T08:27:31.276+0000] {logging_mixin.py:188} INFO - [2025-09-15T08:27:31.275+0000] {dag.py:3096} INFO - Sync 1 DAGs
[2025-09-15T08:27:31.352+0000] {logging_mixin.py:188} INFO - [2025-09-15T08:27:31.351+0000] {dag.py:3954} INFO - Setting next_dagrun for bike_hour_pipeline to 2025-09-14 00:00:00+00:00, run_after=2025-09-15 00:00:00+00:00
[2025-09-15T08:27:31.412+0000] {processor.py:183} INFO - Processing /opt/airflow/dags/bike_hour_dag.py took 0.237 seconds
[2025-09-15T08:28:01.964+0000] {processor.py:161} INFO - Started process (PID=7575) to work on /opt/airflow/dags/bike_hour_dag.py
[2025-09-15T08:28:01.965+0000] {processor.py:830} INFO - Processing file /opt/airflow/dags/bike_hour_dag.py for tasks to queue
[2025-09-15T08:28:01.966+0000] {logging_mixin.py:188} INFO - [2025-09-15T08:28:01.966+0000] {dagbag.py:540} INFO - Filling up the DagBag from /opt/airflow/dags/bike_hour_dag.py
[2025-09-15T08:28:01.987+0000] {processor.py:840} INFO - DAG(s) 'bike_hour_pipeline' retrieved from /opt/airflow/dags/bike_hour_dag.py
[2025-09-15T08:28:02.016+0000] {logging_mixin.py:188} INFO - [2025-09-15T08:28:02.016+0000] {dag.py:3096} INFO - Sync 1 DAGs
[2025-09-15T08:28:02.040+0000] {logging_mixin.py:188} INFO - [2025-09-15T08:28:02.039+0000] {dag.py:3954} INFO - Setting next_dagrun for bike_hour_pipeline to 2025-09-14 00:00:00+00:00, run_after=2025-09-15 00:00:00+00:00
[2025-09-15T08:28:02.063+0000] {processor.py:183} INFO - Processing /opt/airflow/dags/bike_hour_dag.py took 0.105 seconds
[2025-09-15T08:28:32.579+0000] {processor.py:161} INFO - Started process (PID=7610) to work on /opt/airflow/dags/bike_hour_dag.py
[2025-09-15T08:28:32.581+0000] {processor.py:830} INFO - Processing file /opt/airflow/dags/bike_hour_dag.py for tasks to queue
[2025-09-15T08:28:32.582+0000] {logging_mixin.py:188} INFO - [2025-09-15T08:28:32.582+0000] {dagbag.py:540} INFO - Filling up the DagBag from /opt/airflow/dags/bike_hour_dag.py
[2025-09-15T08:28:32.612+0000] {processor.py:840} INFO - DAG(s) 'bike_hour_pipeline' retrieved from /opt/airflow/dags/bike_hour_dag.py
[2025-09-15T08:28:32.639+0000] {logging_mixin.py:188} INFO - [2025-09-15T08:28:32.639+0000] {dag.py:3096} INFO - Sync 1 DAGs
[2025-09-15T08:28:32.667+0000] {logging_mixin.py:188} INFO - [2025-09-15T08:28:32.667+0000] {dag.py:3954} INFO - Setting next_dagrun for bike_hour_pipeline to 2025-09-14 00:00:00+00:00, run_after=2025-09-15 00:00:00+00:00
[2025-09-15T08:28:32.694+0000] {processor.py:183} INFO - Processing /opt/airflow/dags/bike_hour_dag.py took 0.122 seconds
[2025-09-15T08:29:03.166+0000] {processor.py:161} INFO - Started process (PID=7645) to work on /opt/airflow/dags/bike_hour_dag.py
[2025-09-15T08:29:03.167+0000] {processor.py:830} INFO - Processing file /opt/airflow/dags/bike_hour_dag.py for tasks to queue
[2025-09-15T08:29:03.168+0000] {logging_mixin.py:188} INFO - [2025-09-15T08:29:03.168+0000] {dagbag.py:540} INFO - Filling up the DagBag from /opt/airflow/dags/bike_hour_dag.py
[2025-09-15T08:29:03.188+0000] {processor.py:840} INFO - DAG(s) 'bike_hour_pipeline' retrieved from /opt/airflow/dags/bike_hour_dag.py
[2025-09-15T08:29:03.214+0000] {logging_mixin.py:188} INFO - [2025-09-15T08:29:03.213+0000] {dag.py:3096} INFO - Sync 1 DAGs
[2025-09-15T08:29:03.234+0000] {logging_mixin.py:188} INFO - [2025-09-15T08:29:03.234+0000] {dag.py:3954} INFO - Setting next_dagrun for bike_hour_pipeline to 2025-09-14 00:00:00+00:00, run_after=2025-09-15 00:00:00+00:00
[2025-09-15T08:29:03.252+0000] {processor.py:183} INFO - Processing /opt/airflow/dags/bike_hour_dag.py took 0.093 seconds
[2025-09-15T08:29:33.688+0000] {processor.py:161} INFO - Started process (PID=7680) to work on /opt/airflow/dags/bike_hour_dag.py
[2025-09-15T08:29:33.689+0000] {processor.py:830} INFO - Processing file /opt/airflow/dags/bike_hour_dag.py for tasks to queue
[2025-09-15T08:29:33.690+0000] {logging_mixin.py:188} INFO - [2025-09-15T08:29:33.690+0000] {dagbag.py:540} INFO - Filling up the DagBag from /opt/airflow/dags/bike_hour_dag.py
[2025-09-15T08:29:33.711+0000] {processor.py:840} INFO - DAG(s) 'bike_hour_pipeline' retrieved from /opt/airflow/dags/bike_hour_dag.py
[2025-09-15T08:29:33.736+0000] {logging_mixin.py:188} INFO - [2025-09-15T08:29:33.736+0000] {dag.py:3096} INFO - Sync 1 DAGs
[2025-09-15T08:29:33.756+0000] {logging_mixin.py:188} INFO - [2025-09-15T08:29:33.755+0000] {dag.py:3954} INFO - Setting next_dagrun for bike_hour_pipeline to 2025-09-14 00:00:00+00:00, run_after=2025-09-15 00:00:00+00:00
[2025-09-15T08:29:33.775+0000] {processor.py:183} INFO - Processing /opt/airflow/dags/bike_hour_dag.py took 0.093 seconds
[2025-09-15T08:30:04.341+0000] {processor.py:161} INFO - Started process (PID=7715) to work on /opt/airflow/dags/bike_hour_dag.py
[2025-09-15T08:30:04.342+0000] {processor.py:830} INFO - Processing file /opt/airflow/dags/bike_hour_dag.py for tasks to queue
[2025-09-15T08:30:04.343+0000] {logging_mixin.py:188} INFO - [2025-09-15T08:30:04.343+0000] {dagbag.py:540} INFO - Filling up the DagBag from /opt/airflow/dags/bike_hour_dag.py
[2025-09-15T08:30:04.366+0000] {processor.py:840} INFO - DAG(s) 'bike_hour_pipeline' retrieved from /opt/airflow/dags/bike_hour_dag.py
[2025-09-15T08:30:04.392+0000] {logging_mixin.py:188} INFO - [2025-09-15T08:30:04.392+0000] {dag.py:3096} INFO - Sync 1 DAGs
[2025-09-15T08:30:04.432+0000] {logging_mixin.py:188} INFO - [2025-09-15T08:30:04.432+0000] {dag.py:3954} INFO - Setting next_dagrun for bike_hour_pipeline to 2025-09-14 00:00:00+00:00, run_after=2025-09-15 00:00:00+00:00
[2025-09-15T08:30:04.476+0000] {processor.py:183} INFO - Processing /opt/airflow/dags/bike_hour_dag.py took 0.142 seconds
[2025-09-15T08:30:35.125+0000] {processor.py:161} INFO - Started process (PID=7750) to work on /opt/airflow/dags/bike_hour_dag.py
[2025-09-15T08:30:35.127+0000] {processor.py:830} INFO - Processing file /opt/airflow/dags/bike_hour_dag.py for tasks to queue
[2025-09-15T08:30:35.128+0000] {logging_mixin.py:188} INFO - [2025-09-15T08:30:35.128+0000] {dagbag.py:540} INFO - Filling up the DagBag from /opt/airflow/dags/bike_hour_dag.py
[2025-09-15T08:30:35.168+0000] {processor.py:840} INFO - DAG(s) 'bike_hour_pipeline' retrieved from /opt/airflow/dags/bike_hour_dag.py
[2025-09-15T08:30:35.204+0000] {logging_mixin.py:188} INFO - [2025-09-15T08:30:35.203+0000] {dag.py:3096} INFO - Sync 1 DAGs
[2025-09-15T08:30:35.233+0000] {logging_mixin.py:188} INFO - [2025-09-15T08:30:35.232+0000] {dag.py:3954} INFO - Setting next_dagrun for bike_hour_pipeline to 2025-09-14 00:00:00+00:00, run_after=2025-09-15 00:00:00+00:00
[2025-09-15T08:30:35.256+0000] {processor.py:183} INFO - Processing /opt/airflow/dags/bike_hour_dag.py took 0.140 seconds
[2025-09-15T08:31:05.663+0000] {processor.py:161} INFO - Started process (PID=7785) to work on /opt/airflow/dags/bike_hour_dag.py
[2025-09-15T08:31:05.665+0000] {processor.py:830} INFO - Processing file /opt/airflow/dags/bike_hour_dag.py for tasks to queue
[2025-09-15T08:31:05.666+0000] {logging_mixin.py:188} INFO - [2025-09-15T08:31:05.666+0000] {dagbag.py:540} INFO - Filling up the DagBag from /opt/airflow/dags/bike_hour_dag.py
[2025-09-15T08:31:05.688+0000] {processor.py:840} INFO - DAG(s) 'bike_hour_pipeline' retrieved from /opt/airflow/dags/bike_hour_dag.py
[2025-09-15T08:31:05.800+0000] {logging_mixin.py:188} INFO - [2025-09-15T08:31:05.798+0000] {dag.py:3096} INFO - Sync 1 DAGs
[2025-09-15T08:31:05.849+0000] {logging_mixin.py:188} INFO - [2025-09-15T08:31:05.848+0000] {dag.py:3954} INFO - Setting next_dagrun for bike_hour_pipeline to 2025-09-14 00:00:00+00:00, run_after=2025-09-15 00:00:00+00:00
[2025-09-15T08:31:05.891+0000] {processor.py:183} INFO - Processing /opt/airflow/dags/bike_hour_dag.py took 0.235 seconds
[2025-09-15T08:31:36.156+0000] {processor.py:161} INFO - Started process (PID=7820) to work on /opt/airflow/dags/bike_hour_dag.py
[2025-09-15T08:31:36.157+0000] {processor.py:830} INFO - Processing file /opt/airflow/dags/bike_hour_dag.py for tasks to queue
[2025-09-15T08:31:36.160+0000] {logging_mixin.py:188} INFO - [2025-09-15T08:31:36.159+0000] {dagbag.py:540} INFO - Filling up the DagBag from /opt/airflow/dags/bike_hour_dag.py
[2025-09-15T08:31:36.180+0000] {processor.py:840} INFO - DAG(s) 'bike_hour_pipeline' retrieved from /opt/airflow/dags/bike_hour_dag.py
[2025-09-15T08:31:36.207+0000] {logging_mixin.py:188} INFO - [2025-09-15T08:31:36.206+0000] {dag.py:3096} INFO - Sync 1 DAGs
[2025-09-15T08:31:36.228+0000] {logging_mixin.py:188} INFO - [2025-09-15T08:31:36.228+0000] {dag.py:3954} INFO - Setting next_dagrun for bike_hour_pipeline to 2025-09-14 00:00:00+00:00, run_after=2025-09-15 00:00:00+00:00
[2025-09-15T08:31:36.249+0000] {processor.py:183} INFO - Processing /opt/airflow/dags/bike_hour_dag.py took 0.099 seconds
[2025-09-15T08:32:06.743+0000] {processor.py:161} INFO - Started process (PID=7853) to work on /opt/airflow/dags/bike_hour_dag.py
[2025-09-15T08:32:06.744+0000] {processor.py:830} INFO - Processing file /opt/airflow/dags/bike_hour_dag.py for tasks to queue
[2025-09-15T08:32:06.745+0000] {logging_mixin.py:188} INFO - [2025-09-15T08:32:06.744+0000] {dagbag.py:540} INFO - Filling up the DagBag from /opt/airflow/dags/bike_hour_dag.py
[2025-09-15T08:32:06.763+0000] {processor.py:840} INFO - DAG(s) 'bike_hour_pipeline' retrieved from /opt/airflow/dags/bike_hour_dag.py
[2025-09-15T08:32:06.787+0000] {logging_mixin.py:188} INFO - [2025-09-15T08:32:06.787+0000] {dag.py:3096} INFO - Sync 1 DAGs
[2025-09-15T08:32:06.806+0000] {logging_mixin.py:188} INFO - [2025-09-15T08:32:06.806+0000] {dag.py:3954} INFO - Setting next_dagrun for bike_hour_pipeline to 2025-09-14 00:00:00+00:00, run_after=2025-09-15 00:00:00+00:00
[2025-09-15T08:32:06.847+0000] {processor.py:183} INFO - Processing /opt/airflow/dags/bike_hour_dag.py took 0.111 seconds
[2025-09-15T08:32:37.371+0000] {processor.py:161} INFO - Started process (PID=7890) to work on /opt/airflow/dags/bike_hour_dag.py
[2025-09-15T08:32:37.373+0000] {processor.py:830} INFO - Processing file /opt/airflow/dags/bike_hour_dag.py for tasks to queue
[2025-09-15T08:32:37.374+0000] {logging_mixin.py:188} INFO - [2025-09-15T08:32:37.374+0000] {dagbag.py:540} INFO - Filling up the DagBag from /opt/airflow/dags/bike_hour_dag.py
[2025-09-15T08:32:37.401+0000] {processor.py:840} INFO - DAG(s) 'bike_hour_pipeline' retrieved from /opt/airflow/dags/bike_hour_dag.py
[2025-09-15T08:32:37.441+0000] {logging_mixin.py:188} INFO - [2025-09-15T08:32:37.441+0000] {dag.py:3096} INFO - Sync 1 DAGs
[2025-09-15T08:32:37.464+0000] {logging_mixin.py:188} INFO - [2025-09-15T08:32:37.464+0000] {dag.py:3954} INFO - Setting next_dagrun for bike_hour_pipeline to 2025-09-14 00:00:00+00:00, run_after=2025-09-15 00:00:00+00:00
[2025-09-15T08:32:37.484+0000] {processor.py:183} INFO - Processing /opt/airflow/dags/bike_hour_dag.py took 0.122 seconds
[2025-09-15T08:33:07.945+0000] {processor.py:161} INFO - Started process (PID=7925) to work on /opt/airflow/dags/bike_hour_dag.py
[2025-09-15T08:33:07.947+0000] {processor.py:830} INFO - Processing file /opt/airflow/dags/bike_hour_dag.py for tasks to queue
[2025-09-15T08:33:07.948+0000] {logging_mixin.py:188} INFO - [2025-09-15T08:33:07.947+0000] {dagbag.py:540} INFO - Filling up the DagBag from /opt/airflow/dags/bike_hour_dag.py
[2025-09-15T08:33:07.965+0000] {processor.py:840} INFO - DAG(s) 'bike_hour_pipeline' retrieved from /opt/airflow/dags/bike_hour_dag.py
[2025-09-15T08:33:07.988+0000] {logging_mixin.py:188} INFO - [2025-09-15T08:33:07.988+0000] {dag.py:3096} INFO - Sync 1 DAGs
[2025-09-15T08:33:08.006+0000] {logging_mixin.py:188} INFO - [2025-09-15T08:33:08.006+0000] {dag.py:3954} INFO - Setting next_dagrun for bike_hour_pipeline to 2025-09-14 00:00:00+00:00, run_after=2025-09-15 00:00:00+00:00
[2025-09-15T08:33:08.025+0000] {processor.py:183} INFO - Processing /opt/airflow/dags/bike_hour_dag.py took 0.085 seconds
[2025-09-15T08:33:38.464+0000] {processor.py:161} INFO - Started process (PID=7960) to work on /opt/airflow/dags/bike_hour_dag.py
[2025-09-15T08:33:38.465+0000] {processor.py:830} INFO - Processing file /opt/airflow/dags/bike_hour_dag.py for tasks to queue
[2025-09-15T08:33:38.466+0000] {logging_mixin.py:188} INFO - [2025-09-15T08:33:38.466+0000] {dagbag.py:540} INFO - Filling up the DagBag from /opt/airflow/dags/bike_hour_dag.py
[2025-09-15T08:33:38.485+0000] {processor.py:840} INFO - DAG(s) 'bike_hour_pipeline' retrieved from /opt/airflow/dags/bike_hour_dag.py
[2025-09-15T08:33:38.510+0000] {logging_mixin.py:188} INFO - [2025-09-15T08:33:38.510+0000] {dag.py:3096} INFO - Sync 1 DAGs
[2025-09-15T08:33:38.530+0000] {logging_mixin.py:188} INFO - [2025-09-15T08:33:38.530+0000] {dag.py:3954} INFO - Setting next_dagrun for bike_hour_pipeline to 2025-09-14 00:00:00+00:00, run_after=2025-09-15 00:00:00+00:00
[2025-09-15T08:33:38.551+0000] {processor.py:183} INFO - Processing /opt/airflow/dags/bike_hour_dag.py took 0.093 seconds
[2025-09-15T08:34:09.023+0000] {processor.py:161} INFO - Started process (PID=7995) to work on /opt/airflow/dags/bike_hour_dag.py
[2025-09-15T08:34:09.024+0000] {processor.py:830} INFO - Processing file /opt/airflow/dags/bike_hour_dag.py for tasks to queue
[2025-09-15T08:34:09.025+0000] {logging_mixin.py:188} INFO - [2025-09-15T08:34:09.024+0000] {dagbag.py:540} INFO - Filling up the DagBag from /opt/airflow/dags/bike_hour_dag.py
[2025-09-15T08:34:09.046+0000] {processor.py:840} INFO - DAG(s) 'bike_hour_pipeline' retrieved from /opt/airflow/dags/bike_hour_dag.py
[2025-09-15T08:34:09.074+0000] {logging_mixin.py:188} INFO - [2025-09-15T08:34:09.074+0000] {dag.py:3096} INFO - Sync 1 DAGs
[2025-09-15T08:34:09.095+0000] {logging_mixin.py:188} INFO - [2025-09-15T08:34:09.095+0000] {dag.py:3954} INFO - Setting next_dagrun for bike_hour_pipeline to 2025-09-14 00:00:00+00:00, run_after=2025-09-15 00:00:00+00:00
[2025-09-15T08:34:09.116+0000] {processor.py:183} INFO - Processing /opt/airflow/dags/bike_hour_dag.py took 0.098 seconds
[2025-09-15T08:34:39.632+0000] {processor.py:161} INFO - Started process (PID=8030) to work on /opt/airflow/dags/bike_hour_dag.py
[2025-09-15T08:34:39.634+0000] {processor.py:830} INFO - Processing file /opt/airflow/dags/bike_hour_dag.py for tasks to queue
[2025-09-15T08:34:39.636+0000] {logging_mixin.py:188} INFO - [2025-09-15T08:34:39.635+0000] {dagbag.py:540} INFO - Filling up the DagBag from /opt/airflow/dags/bike_hour_dag.py
[2025-09-15T08:34:39.663+0000] {processor.py:840} INFO - DAG(s) 'bike_hour_pipeline' retrieved from /opt/airflow/dags/bike_hour_dag.py
[2025-09-15T08:34:39.704+0000] {logging_mixin.py:188} INFO - [2025-09-15T08:34:39.703+0000] {dag.py:3096} INFO - Sync 1 DAGs
[2025-09-15T08:34:39.731+0000] {logging_mixin.py:188} INFO - [2025-09-15T08:34:39.731+0000] {dag.py:3954} INFO - Setting next_dagrun for bike_hour_pipeline to 2025-09-14 00:00:00+00:00, run_after=2025-09-15 00:00:00+00:00
[2025-09-15T08:34:39.762+0000] {processor.py:183} INFO - Processing /opt/airflow/dags/bike_hour_dag.py took 0.139 seconds
[2025-09-15T08:35:10.199+0000] {processor.py:161} INFO - Started process (PID=8065) to work on /opt/airflow/dags/bike_hour_dag.py
[2025-09-15T08:35:10.201+0000] {processor.py:830} INFO - Processing file /opt/airflow/dags/bike_hour_dag.py for tasks to queue
[2025-09-15T08:35:10.201+0000] {logging_mixin.py:188} INFO - [2025-09-15T08:35:10.201+0000] {dagbag.py:540} INFO - Filling up the DagBag from /opt/airflow/dags/bike_hour_dag.py
[2025-09-15T08:35:10.220+0000] {processor.py:840} INFO - DAG(s) 'bike_hour_pipeline' retrieved from /opt/airflow/dags/bike_hour_dag.py
[2025-09-15T08:35:10.251+0000] {logging_mixin.py:188} INFO - [2025-09-15T08:35:10.251+0000] {dag.py:3096} INFO - Sync 1 DAGs
[2025-09-15T08:35:10.275+0000] {logging_mixin.py:188} INFO - [2025-09-15T08:35:10.274+0000] {dag.py:3954} INFO - Setting next_dagrun for bike_hour_pipeline to 2025-09-14 00:00:00+00:00, run_after=2025-09-15 00:00:00+00:00
[2025-09-15T08:35:10.297+0000] {processor.py:183} INFO - Processing /opt/airflow/dags/bike_hour_dag.py took 0.103 seconds
[2025-09-15T08:35:40.784+0000] {processor.py:161} INFO - Started process (PID=8098) to work on /opt/airflow/dags/bike_hour_dag.py
[2025-09-15T08:35:40.786+0000] {processor.py:830} INFO - Processing file /opt/airflow/dags/bike_hour_dag.py for tasks to queue
[2025-09-15T08:35:40.788+0000] {logging_mixin.py:188} INFO - [2025-09-15T08:35:40.787+0000] {dagbag.py:540} INFO - Filling up the DagBag from /opt/airflow/dags/bike_hour_dag.py
[2025-09-15T08:35:40.813+0000] {processor.py:840} INFO - DAG(s) 'bike_hour_pipeline' retrieved from /opt/airflow/dags/bike_hour_dag.py
[2025-09-15T08:35:40.839+0000] {logging_mixin.py:188} INFO - [2025-09-15T08:35:40.839+0000] {dag.py:3096} INFO - Sync 1 DAGs
[2025-09-15T08:35:40.862+0000] {logging_mixin.py:188} INFO - [2025-09-15T08:35:40.861+0000] {dag.py:3954} INFO - Setting next_dagrun for bike_hour_pipeline to 2025-09-14 00:00:00+00:00, run_after=2025-09-15 00:00:00+00:00
[2025-09-15T08:35:40.881+0000] {processor.py:183} INFO - Processing /opt/airflow/dags/bike_hour_dag.py took 0.104 seconds
[2025-09-15T08:36:11.445+0000] {processor.py:161} INFO - Started process (PID=8135) to work on /opt/airflow/dags/bike_hour_dag.py
[2025-09-15T08:36:11.446+0000] {processor.py:830} INFO - Processing file /opt/airflow/dags/bike_hour_dag.py for tasks to queue
[2025-09-15T08:36:11.447+0000] {logging_mixin.py:188} INFO - [2025-09-15T08:36:11.447+0000] {dagbag.py:540} INFO - Filling up the DagBag from /opt/airflow/dags/bike_hour_dag.py
[2025-09-15T08:36:11.465+0000] {processor.py:840} INFO - DAG(s) 'bike_hour_pipeline' retrieved from /opt/airflow/dags/bike_hour_dag.py
[2025-09-15T08:36:11.490+0000] {logging_mixin.py:188} INFO - [2025-09-15T08:36:11.489+0000] {dag.py:3096} INFO - Sync 1 DAGs
[2025-09-15T08:36:11.508+0000] {logging_mixin.py:188} INFO - [2025-09-15T08:36:11.507+0000] {dag.py:3954} INFO - Setting next_dagrun for bike_hour_pipeline to 2025-09-14 00:00:00+00:00, run_after=2025-09-15 00:00:00+00:00
[2025-09-15T08:36:11.527+0000] {processor.py:183} INFO - Processing /opt/airflow/dags/bike_hour_dag.py took 0.088 seconds
[2025-09-15T08:36:41.885+0000] {processor.py:161} INFO - Started process (PID=8168) to work on /opt/airflow/dags/bike_hour_dag.py
[2025-09-15T08:36:41.886+0000] {processor.py:830} INFO - Processing file /opt/airflow/dags/bike_hour_dag.py for tasks to queue
[2025-09-15T08:36:41.887+0000] {logging_mixin.py:188} INFO - [2025-09-15T08:36:41.887+0000] {dagbag.py:540} INFO - Filling up the DagBag from /opt/airflow/dags/bike_hour_dag.py
[2025-09-15T08:36:41.905+0000] {processor.py:840} INFO - DAG(s) 'bike_hour_pipeline' retrieved from /opt/airflow/dags/bike_hour_dag.py
[2025-09-15T08:36:41.929+0000] {logging_mixin.py:188} INFO - [2025-09-15T08:36:41.929+0000] {dag.py:3096} INFO - Sync 1 DAGs
[2025-09-15T08:36:41.951+0000] {logging_mixin.py:188} INFO - [2025-09-15T08:36:41.951+0000] {dag.py:3954} INFO - Setting next_dagrun for bike_hour_pipeline to 2025-09-14 00:00:00+00:00, run_after=2025-09-15 00:00:00+00:00
[2025-09-15T08:36:41.971+0000] {processor.py:183} INFO - Processing /opt/airflow/dags/bike_hour_dag.py took 0.091 seconds
[2025-09-15T08:37:12.361+0000] {processor.py:161} INFO - Started process (PID=8205) to work on /opt/airflow/dags/bike_hour_dag.py
[2025-09-15T08:37:12.363+0000] {processor.py:830} INFO - Processing file /opt/airflow/dags/bike_hour_dag.py for tasks to queue
[2025-09-15T08:37:12.364+0000] {logging_mixin.py:188} INFO - [2025-09-15T08:37:12.364+0000] {dagbag.py:540} INFO - Filling up the DagBag from /opt/airflow/dags/bike_hour_dag.py
[2025-09-15T08:37:12.394+0000] {processor.py:840} INFO - DAG(s) 'bike_hour_pipeline' retrieved from /opt/airflow/dags/bike_hour_dag.py
[2025-09-15T08:37:12.423+0000] {logging_mixin.py:188} INFO - [2025-09-15T08:37:12.423+0000] {dag.py:3096} INFO - Sync 1 DAGs
[2025-09-15T08:37:12.445+0000] {logging_mixin.py:188} INFO - [2025-09-15T08:37:12.445+0000] {dag.py:3954} INFO - Setting next_dagrun for bike_hour_pipeline to 2025-09-14 00:00:00+00:00, run_after=2025-09-15 00:00:00+00:00
[2025-09-15T08:37:12.465+0000] {processor.py:183} INFO - Processing /opt/airflow/dags/bike_hour_dag.py took 0.110 seconds
[2025-09-15T08:37:42.882+0000] {processor.py:161} INFO - Started process (PID=8240) to work on /opt/airflow/dags/bike_hour_dag.py
[2025-09-15T08:37:42.883+0000] {processor.py:830} INFO - Processing file /opt/airflow/dags/bike_hour_dag.py for tasks to queue
[2025-09-15T08:37:42.884+0000] {logging_mixin.py:188} INFO - [2025-09-15T08:37:42.884+0000] {dagbag.py:540} INFO - Filling up the DagBag from /opt/airflow/dags/bike_hour_dag.py
[2025-09-15T08:37:42.902+0000] {processor.py:840} INFO - DAG(s) 'bike_hour_pipeline' retrieved from /opt/airflow/dags/bike_hour_dag.py
[2025-09-15T08:37:42.936+0000] {logging_mixin.py:188} INFO - [2025-09-15T08:37:42.935+0000] {dag.py:3096} INFO - Sync 1 DAGs
[2025-09-15T08:37:42.957+0000] {logging_mixin.py:188} INFO - [2025-09-15T08:37:42.957+0000] {dag.py:3954} INFO - Setting next_dagrun for bike_hour_pipeline to 2025-09-14 00:00:00+00:00, run_after=2025-09-15 00:00:00+00:00
[2025-09-15T08:37:42.977+0000] {processor.py:183} INFO - Processing /opt/airflow/dags/bike_hour_dag.py took 0.100 seconds
[2025-09-15T08:38:13.721+0000] {processor.py:161} INFO - Started process (PID=8275) to work on /opt/airflow/dags/bike_hour_dag.py
[2025-09-15T08:38:13.722+0000] {processor.py:830} INFO - Processing file /opt/airflow/dags/bike_hour_dag.py for tasks to queue
[2025-09-15T08:38:13.724+0000] {logging_mixin.py:188} INFO - [2025-09-15T08:38:13.723+0000] {dagbag.py:540} INFO - Filling up the DagBag from /opt/airflow/dags/bike_hour_dag.py
[2025-09-15T08:38:13.750+0000] {processor.py:840} INFO - DAG(s) 'bike_hour_pipeline' retrieved from /opt/airflow/dags/bike_hour_dag.py
[2025-09-15T08:38:13.781+0000] {logging_mixin.py:188} INFO - [2025-09-15T08:38:13.781+0000] {dag.py:3096} INFO - Sync 1 DAGs
[2025-09-15T08:38:13.805+0000] {logging_mixin.py:188} INFO - [2025-09-15T08:38:13.805+0000] {dag.py:3954} INFO - Setting next_dagrun for bike_hour_pipeline to 2025-09-14 00:00:00+00:00, run_after=2025-09-15 00:00:00+00:00
[2025-09-15T08:38:13.826+0000] {processor.py:183} INFO - Processing /opt/airflow/dags/bike_hour_dag.py took 0.113 seconds
[2025-09-15T08:38:44.521+0000] {processor.py:161} INFO - Started process (PID=8310) to work on /opt/airflow/dags/bike_hour_dag.py
[2025-09-15T08:38:44.522+0000] {processor.py:830} INFO - Processing file /opt/airflow/dags/bike_hour_dag.py for tasks to queue
[2025-09-15T08:38:44.523+0000] {logging_mixin.py:188} INFO - [2025-09-15T08:38:44.522+0000] {dagbag.py:540} INFO - Filling up the DagBag from /opt/airflow/dags/bike_hour_dag.py
[2025-09-15T08:38:44.541+0000] {processor.py:840} INFO - DAG(s) 'bike_hour_pipeline' retrieved from /opt/airflow/dags/bike_hour_dag.py
[2025-09-15T08:38:44.567+0000] {logging_mixin.py:188} INFO - [2025-09-15T08:38:44.567+0000] {dag.py:3096} INFO - Sync 1 DAGs
[2025-09-15T08:38:44.585+0000] {logging_mixin.py:188} INFO - [2025-09-15T08:38:44.585+0000] {dag.py:3954} INFO - Setting next_dagrun for bike_hour_pipeline to 2025-09-14 00:00:00+00:00, run_after=2025-09-15 00:00:00+00:00
[2025-09-15T08:38:44.603+0000] {processor.py:183} INFO - Processing /opt/airflow/dags/bike_hour_dag.py took 0.088 seconds
[2025-09-15T08:39:15.219+0000] {processor.py:161} INFO - Started process (PID=8345) to work on /opt/airflow/dags/bike_hour_dag.py
[2025-09-15T08:39:15.220+0000] {processor.py:830} INFO - Processing file /opt/airflow/dags/bike_hour_dag.py for tasks to queue
[2025-09-15T08:39:15.221+0000] {logging_mixin.py:188} INFO - [2025-09-15T08:39:15.221+0000] {dagbag.py:540} INFO - Filling up the DagBag from /opt/airflow/dags/bike_hour_dag.py
[2025-09-15T08:39:15.240+0000] {processor.py:840} INFO - DAG(s) 'bike_hour_pipeline' retrieved from /opt/airflow/dags/bike_hour_dag.py
[2025-09-15T08:39:15.264+0000] {logging_mixin.py:188} INFO - [2025-09-15T08:39:15.264+0000] {dag.py:3096} INFO - Sync 1 DAGs
[2025-09-15T08:39:15.284+0000] {logging_mixin.py:188} INFO - [2025-09-15T08:39:15.283+0000] {dag.py:3954} INFO - Setting next_dagrun for bike_hour_pipeline to 2025-09-14 00:00:00+00:00, run_after=2025-09-15 00:00:00+00:00
[2025-09-15T08:39:15.307+0000] {processor.py:183} INFO - Processing /opt/airflow/dags/bike_hour_dag.py took 0.095 seconds
[2025-09-15T08:39:45.802+0000] {processor.py:161} INFO - Started process (PID=8380) to work on /opt/airflow/dags/bike_hour_dag.py
[2025-09-15T08:39:45.803+0000] {processor.py:830} INFO - Processing file /opt/airflow/dags/bike_hour_dag.py for tasks to queue
[2025-09-15T08:39:45.804+0000] {logging_mixin.py:188} INFO - [2025-09-15T08:39:45.804+0000] {dagbag.py:540} INFO - Filling up the DagBag from /opt/airflow/dags/bike_hour_dag.py
[2025-09-15T08:39:45.823+0000] {processor.py:840} INFO - DAG(s) 'bike_hour_pipeline' retrieved from /opt/airflow/dags/bike_hour_dag.py
[2025-09-15T08:39:45.846+0000] {logging_mixin.py:188} INFO - [2025-09-15T08:39:45.846+0000] {dag.py:3096} INFO - Sync 1 DAGs
[2025-09-15T08:39:45.865+0000] {logging_mixin.py:188} INFO - [2025-09-15T08:39:45.864+0000] {dag.py:3954} INFO - Setting next_dagrun for bike_hour_pipeline to 2025-09-14 00:00:00+00:00, run_after=2025-09-15 00:00:00+00:00
[2025-09-15T08:39:45.884+0000] {processor.py:183} INFO - Processing /opt/airflow/dags/bike_hour_dag.py took 0.087 seconds
[2025-09-15T08:40:16.848+0000] {processor.py:161} INFO - Started process (PID=8415) to work on /opt/airflow/dags/bike_hour_dag.py
[2025-09-15T08:40:16.850+0000] {processor.py:830} INFO - Processing file /opt/airflow/dags/bike_hour_dag.py for tasks to queue
[2025-09-15T08:40:16.851+0000] {logging_mixin.py:188} INFO - [2025-09-15T08:40:16.850+0000] {dagbag.py:540} INFO - Filling up the DagBag from /opt/airflow/dags/bike_hour_dag.py
[2025-09-15T08:40:16.870+0000] {processor.py:840} INFO - DAG(s) 'bike_hour_pipeline' retrieved from /opt/airflow/dags/bike_hour_dag.py
[2025-09-15T08:40:16.894+0000] {logging_mixin.py:188} INFO - [2025-09-15T08:40:16.894+0000] {dag.py:3096} INFO - Sync 1 DAGs
[2025-09-15T08:40:16.912+0000] {logging_mixin.py:188} INFO - [2025-09-15T08:40:16.912+0000] {dag.py:3954} INFO - Setting next_dagrun for bike_hour_pipeline to 2025-09-14 00:00:00+00:00, run_after=2025-09-15 00:00:00+00:00
[2025-09-15T08:40:16.931+0000] {processor.py:183} INFO - Processing /opt/airflow/dags/bike_hour_dag.py took 0.090 seconds
[2025-09-15T08:40:47.571+0000] {processor.py:161} INFO - Started process (PID=8450) to work on /opt/airflow/dags/bike_hour_dag.py
[2025-09-15T08:40:47.572+0000] {processor.py:830} INFO - Processing file /opt/airflow/dags/bike_hour_dag.py for tasks to queue
[2025-09-15T08:40:47.573+0000] {logging_mixin.py:188} INFO - [2025-09-15T08:40:47.573+0000] {dagbag.py:540} INFO - Filling up the DagBag from /opt/airflow/dags/bike_hour_dag.py
[2025-09-15T08:40:47.592+0000] {processor.py:840} INFO - DAG(s) 'bike_hour_pipeline' retrieved from /opt/airflow/dags/bike_hour_dag.py
[2025-09-15T08:40:47.617+0000] {logging_mixin.py:188} INFO - [2025-09-15T08:40:47.616+0000] {dag.py:3096} INFO - Sync 1 DAGs
[2025-09-15T08:40:47.639+0000] {logging_mixin.py:188} INFO - [2025-09-15T08:40:47.639+0000] {dag.py:3954} INFO - Setting next_dagrun for bike_hour_pipeline to 2025-09-14 00:00:00+00:00, run_after=2025-09-15 00:00:00+00:00
[2025-09-15T08:40:47.661+0000] {processor.py:183} INFO - Processing /opt/airflow/dags/bike_hour_dag.py took 0.098 seconds
[2025-09-15T08:41:18.080+0000] {processor.py:161} INFO - Started process (PID=8485) to work on /opt/airflow/dags/bike_hour_dag.py
[2025-09-15T08:41:18.081+0000] {processor.py:830} INFO - Processing file /opt/airflow/dags/bike_hour_dag.py for tasks to queue
[2025-09-15T08:41:18.082+0000] {logging_mixin.py:188} INFO - [2025-09-15T08:41:18.082+0000] {dagbag.py:540} INFO - Filling up the DagBag from /opt/airflow/dags/bike_hour_dag.py
[2025-09-15T08:41:18.099+0000] {processor.py:840} INFO - DAG(s) 'bike_hour_pipeline' retrieved from /opt/airflow/dags/bike_hour_dag.py
[2025-09-15T08:41:18.125+0000] {logging_mixin.py:188} INFO - [2025-09-15T08:41:18.125+0000] {dag.py:3096} INFO - Sync 1 DAGs
[2025-09-15T08:41:18.145+0000] {logging_mixin.py:188} INFO - [2025-09-15T08:41:18.145+0000] {dag.py:3954} INFO - Setting next_dagrun for bike_hour_pipeline to 2025-09-14 00:00:00+00:00, run_after=2025-09-15 00:00:00+00:00
[2025-09-15T08:41:18.166+0000] {processor.py:183} INFO - Processing /opt/airflow/dags/bike_hour_dag.py took 0.091 seconds
[2025-09-15T08:41:48.622+0000] {processor.py:161} INFO - Started process (PID=8520) to work on /opt/airflow/dags/bike_hour_dag.py
[2025-09-15T08:41:48.623+0000] {processor.py:830} INFO - Processing file /opt/airflow/dags/bike_hour_dag.py for tasks to queue
[2025-09-15T08:41:48.624+0000] {logging_mixin.py:188} INFO - [2025-09-15T08:41:48.624+0000] {dagbag.py:540} INFO - Filling up the DagBag from /opt/airflow/dags/bike_hour_dag.py
[2025-09-15T08:41:48.642+0000] {processor.py:840} INFO - DAG(s) 'bike_hour_pipeline' retrieved from /opt/airflow/dags/bike_hour_dag.py
[2025-09-15T08:41:48.665+0000] {logging_mixin.py:188} INFO - [2025-09-15T08:41:48.665+0000] {dag.py:3096} INFO - Sync 1 DAGs
[2025-09-15T08:41:48.683+0000] {logging_mixin.py:188} INFO - [2025-09-15T08:41:48.683+0000] {dag.py:3954} INFO - Setting next_dagrun for bike_hour_pipeline to 2025-09-14 00:00:00+00:00, run_after=2025-09-15 00:00:00+00:00
[2025-09-15T08:41:48.701+0000] {processor.py:183} INFO - Processing /opt/airflow/dags/bike_hour_dag.py took 0.084 seconds
[2025-09-15T08:42:19.314+0000] {processor.py:161} INFO - Started process (PID=8555) to work on /opt/airflow/dags/bike_hour_dag.py
[2025-09-15T08:42:19.315+0000] {processor.py:830} INFO - Processing file /opt/airflow/dags/bike_hour_dag.py for tasks to queue
[2025-09-15T08:42:19.316+0000] {logging_mixin.py:188} INFO - [2025-09-15T08:42:19.316+0000] {dagbag.py:540} INFO - Filling up the DagBag from /opt/airflow/dags/bike_hour_dag.py
[2025-09-15T08:42:19.339+0000] {processor.py:840} INFO - DAG(s) 'bike_hour_pipeline' retrieved from /opt/airflow/dags/bike_hour_dag.py
[2025-09-15T08:42:19.369+0000] {logging_mixin.py:188} INFO - [2025-09-15T08:42:19.369+0000] {dag.py:3096} INFO - Sync 1 DAGs
[2025-09-15T08:42:19.389+0000] {logging_mixin.py:188} INFO - [2025-09-15T08:42:19.388+0000] {dag.py:3954} INFO - Setting next_dagrun for bike_hour_pipeline to 2025-09-14 00:00:00+00:00, run_after=2025-09-15 00:00:00+00:00
[2025-09-15T08:42:19.411+0000] {processor.py:183} INFO - Processing /opt/airflow/dags/bike_hour_dag.py took 0.103 seconds
[2025-09-15T08:42:49.772+0000] {processor.py:161} INFO - Started process (PID=8588) to work on /opt/airflow/dags/bike_hour_dag.py
[2025-09-15T08:42:49.773+0000] {processor.py:830} INFO - Processing file /opt/airflow/dags/bike_hour_dag.py for tasks to queue
[2025-09-15T08:42:49.774+0000] {logging_mixin.py:188} INFO - [2025-09-15T08:42:49.774+0000] {dagbag.py:540} INFO - Filling up the DagBag from /opt/airflow/dags/bike_hour_dag.py
[2025-09-15T08:42:49.794+0000] {processor.py:840} INFO - DAG(s) 'bike_hour_pipeline' retrieved from /opt/airflow/dags/bike_hour_dag.py
[2025-09-15T08:42:49.820+0000] {logging_mixin.py:188} INFO - [2025-09-15T08:42:49.820+0000] {dag.py:3096} INFO - Sync 1 DAGs
[2025-09-15T08:42:49.841+0000] {logging_mixin.py:188} INFO - [2025-09-15T08:42:49.841+0000] {dag.py:3954} INFO - Setting next_dagrun for bike_hour_pipeline to 2025-09-14 00:00:00+00:00, run_after=2025-09-15 00:00:00+00:00
[2025-09-15T08:42:49.869+0000] {processor.py:183} INFO - Processing /opt/airflow/dags/bike_hour_dag.py took 0.102 seconds
[2025-09-15T08:43:20.609+0000] {processor.py:161} INFO - Started process (PID=8625) to work on /opt/airflow/dags/bike_hour_dag.py
[2025-09-15T08:43:20.610+0000] {processor.py:830} INFO - Processing file /opt/airflow/dags/bike_hour_dag.py for tasks to queue
[2025-09-15T08:43:20.611+0000] {logging_mixin.py:188} INFO - [2025-09-15T08:43:20.611+0000] {dagbag.py:540} INFO - Filling up the DagBag from /opt/airflow/dags/bike_hour_dag.py
[2025-09-15T08:43:20.636+0000] {processor.py:840} INFO - DAG(s) 'bike_hour_pipeline' retrieved from /opt/airflow/dags/bike_hour_dag.py
[2025-09-15T08:43:20.662+0000] {logging_mixin.py:188} INFO - [2025-09-15T08:43:20.662+0000] {dag.py:3096} INFO - Sync 1 DAGs
[2025-09-15T08:43:20.681+0000] {logging_mixin.py:188} INFO - [2025-09-15T08:43:20.681+0000] {dag.py:3954} INFO - Setting next_dagrun for bike_hour_pipeline to 2025-09-14 00:00:00+00:00, run_after=2025-09-15 00:00:00+00:00
[2025-09-15T08:43:20.700+0000] {processor.py:183} INFO - Processing /opt/airflow/dags/bike_hour_dag.py took 0.098 seconds
[2025-09-15T08:43:51.347+0000] {processor.py:161} INFO - Started process (PID=8660) to work on /opt/airflow/dags/bike_hour_dag.py
[2025-09-15T08:43:51.348+0000] {processor.py:830} INFO - Processing file /opt/airflow/dags/bike_hour_dag.py for tasks to queue
[2025-09-15T08:43:51.349+0000] {logging_mixin.py:188} INFO - [2025-09-15T08:43:51.349+0000] {dagbag.py:540} INFO - Filling up the DagBag from /opt/airflow/dags/bike_hour_dag.py
[2025-09-15T08:43:51.371+0000] {processor.py:840} INFO - DAG(s) 'bike_hour_pipeline' retrieved from /opt/airflow/dags/bike_hour_dag.py
[2025-09-15T08:43:51.399+0000] {logging_mixin.py:188} INFO - [2025-09-15T08:43:51.399+0000] {dag.py:3096} INFO - Sync 1 DAGs
[2025-09-15T08:43:51.424+0000] {logging_mixin.py:188} INFO - [2025-09-15T08:43:51.423+0000] {dag.py:3954} INFO - Setting next_dagrun for bike_hour_pipeline to 2025-09-14 00:00:00+00:00, run_after=2025-09-15 00:00:00+00:00
[2025-09-15T08:43:51.443+0000] {processor.py:183} INFO - Processing /opt/airflow/dags/bike_hour_dag.py took 0.102 seconds
[2025-09-15T08:44:22.001+0000] {processor.py:161} INFO - Started process (PID=8695) to work on /opt/airflow/dags/bike_hour_dag.py
[2025-09-15T08:44:22.002+0000] {processor.py:830} INFO - Processing file /opt/airflow/dags/bike_hour_dag.py for tasks to queue
[2025-09-15T08:44:22.003+0000] {logging_mixin.py:188} INFO - [2025-09-15T08:44:22.003+0000] {dagbag.py:540} INFO - Filling up the DagBag from /opt/airflow/dags/bike_hour_dag.py
[2025-09-15T08:44:22.021+0000] {processor.py:840} INFO - DAG(s) 'bike_hour_pipeline' retrieved from /opt/airflow/dags/bike_hour_dag.py
[2025-09-15T08:44:22.045+0000] {logging_mixin.py:188} INFO - [2025-09-15T08:44:22.045+0000] {dag.py:3096} INFO - Sync 1 DAGs
[2025-09-15T08:44:22.063+0000] {logging_mixin.py:188} INFO - [2025-09-15T08:44:22.063+0000] {dag.py:3954} INFO - Setting next_dagrun for bike_hour_pipeline to 2025-09-14 00:00:00+00:00, run_after=2025-09-15 00:00:00+00:00
[2025-09-15T08:44:22.081+0000] {processor.py:183} INFO - Processing /opt/airflow/dags/bike_hour_dag.py took 0.086 seconds
[2025-09-15T08:44:52.531+0000] {processor.py:161} INFO - Started process (PID=8730) to work on /opt/airflow/dags/bike_hour_dag.py
[2025-09-15T08:44:52.532+0000] {processor.py:830} INFO - Processing file /opt/airflow/dags/bike_hour_dag.py for tasks to queue
[2025-09-15T08:44:52.533+0000] {logging_mixin.py:188} INFO - [2025-09-15T08:44:52.533+0000] {dagbag.py:540} INFO - Filling up the DagBag from /opt/airflow/dags/bike_hour_dag.py
[2025-09-15T08:44:52.555+0000] {processor.py:840} INFO - DAG(s) 'bike_hour_pipeline' retrieved from /opt/airflow/dags/bike_hour_dag.py
[2025-09-15T08:44:52.585+0000] {logging_mixin.py:188} INFO - [2025-09-15T08:44:52.585+0000] {dag.py:3096} INFO - Sync 1 DAGs
[2025-09-15T08:44:52.606+0000] {logging_mixin.py:188} INFO - [2025-09-15T08:44:52.606+0000] {dag.py:3954} INFO - Setting next_dagrun for bike_hour_pipeline to 2025-09-14 00:00:00+00:00, run_after=2025-09-15 00:00:00+00:00
[2025-09-15T08:44:52.628+0000] {processor.py:183} INFO - Processing /opt/airflow/dags/bike_hour_dag.py took 0.103 seconds
[2025-09-15T08:45:23.201+0000] {processor.py:161} INFO - Started process (PID=8765) to work on /opt/airflow/dags/bike_hour_dag.py
[2025-09-15T08:45:23.202+0000] {processor.py:830} INFO - Processing file /opt/airflow/dags/bike_hour_dag.py for tasks to queue
[2025-09-15T08:45:23.203+0000] {logging_mixin.py:188} INFO - [2025-09-15T08:45:23.203+0000] {dagbag.py:540} INFO - Filling up the DagBag from /opt/airflow/dags/bike_hour_dag.py
[2025-09-15T08:45:23.220+0000] {processor.py:840} INFO - DAG(s) 'bike_hour_pipeline' retrieved from /opt/airflow/dags/bike_hour_dag.py
[2025-09-15T08:45:23.244+0000] {logging_mixin.py:188} INFO - [2025-09-15T08:45:23.244+0000] {dag.py:3096} INFO - Sync 1 DAGs
[2025-09-15T08:45:23.263+0000] {logging_mixin.py:188} INFO - [2025-09-15T08:45:23.263+0000] {dag.py:3954} INFO - Setting next_dagrun for bike_hour_pipeline to 2025-09-14 00:00:00+00:00, run_after=2025-09-15 00:00:00+00:00
[2025-09-15T08:45:23.283+0000] {processor.py:183} INFO - Processing /opt/airflow/dags/bike_hour_dag.py took 0.087 seconds
[2025-09-15T08:45:53.724+0000] {processor.py:161} INFO - Started process (PID=8800) to work on /opt/airflow/dags/bike_hour_dag.py
[2025-09-15T08:45:53.726+0000] {processor.py:830} INFO - Processing file /opt/airflow/dags/bike_hour_dag.py for tasks to queue
[2025-09-15T08:45:53.727+0000] {logging_mixin.py:188} INFO - [2025-09-15T08:45:53.727+0000] {dagbag.py:540} INFO - Filling up the DagBag from /opt/airflow/dags/bike_hour_dag.py
[2025-09-15T08:45:53.750+0000] {processor.py:840} INFO - DAG(s) 'bike_hour_pipeline' retrieved from /opt/airflow/dags/bike_hour_dag.py
[2025-09-15T08:45:53.775+0000] {logging_mixin.py:188} INFO - [2025-09-15T08:45:53.775+0000] {dag.py:3096} INFO - Sync 1 DAGs
[2025-09-15T08:45:53.799+0000] {logging_mixin.py:188} INFO - [2025-09-15T08:45:53.798+0000] {dag.py:3954} INFO - Setting next_dagrun for bike_hour_pipeline to 2025-09-14 00:00:00+00:00, run_after=2025-09-15 00:00:00+00:00
[2025-09-15T08:45:53.818+0000] {processor.py:183} INFO - Processing /opt/airflow/dags/bike_hour_dag.py took 0.100 seconds
[2025-09-15T08:46:24.313+0000] {processor.py:161} INFO - Started process (PID=8835) to work on /opt/airflow/dags/bike_hour_dag.py
[2025-09-15T08:46:24.314+0000] {processor.py:830} INFO - Processing file /opt/airflow/dags/bike_hour_dag.py for tasks to queue
[2025-09-15T08:46:24.315+0000] {logging_mixin.py:188} INFO - [2025-09-15T08:46:24.315+0000] {dagbag.py:540} INFO - Filling up the DagBag from /opt/airflow/dags/bike_hour_dag.py
[2025-09-15T08:46:24.336+0000] {processor.py:840} INFO - DAG(s) 'bike_hour_pipeline' retrieved from /opt/airflow/dags/bike_hour_dag.py
[2025-09-15T08:46:24.361+0000] {logging_mixin.py:188} INFO - [2025-09-15T08:46:24.360+0000] {dag.py:3096} INFO - Sync 1 DAGs
[2025-09-15T08:46:24.380+0000] {logging_mixin.py:188} INFO - [2025-09-15T08:46:24.380+0000] {dag.py:3954} INFO - Setting next_dagrun for bike_hour_pipeline to 2025-09-14 00:00:00+00:00, run_after=2025-09-15 00:00:00+00:00
[2025-09-15T08:46:24.399+0000] {processor.py:183} INFO - Processing /opt/airflow/dags/bike_hour_dag.py took 0.092 seconds
[2025-09-15T08:46:54.501+0000] {processor.py:161} INFO - Started process (PID=8870) to work on /opt/airflow/dags/bike_hour_dag.py
[2025-09-15T08:46:54.502+0000] {processor.py:830} INFO - Processing file /opt/airflow/dags/bike_hour_dag.py for tasks to queue
[2025-09-15T08:46:54.503+0000] {logging_mixin.py:188} INFO - [2025-09-15T08:46:54.503+0000] {dagbag.py:540} INFO - Filling up the DagBag from /opt/airflow/dags/bike_hour_dag.py
[2025-09-15T08:46:54.520+0000] {processor.py:840} INFO - DAG(s) 'bike_hour_pipeline' retrieved from /opt/airflow/dags/bike_hour_dag.py
[2025-09-15T08:46:54.543+0000] {logging_mixin.py:188} INFO - [2025-09-15T08:46:54.543+0000] {dag.py:3096} INFO - Sync 1 DAGs
[2025-09-15T08:46:54.561+0000] {logging_mixin.py:188} INFO - [2025-09-15T08:46:54.560+0000] {dag.py:3954} INFO - Setting next_dagrun for bike_hour_pipeline to 2025-09-14 00:00:00+00:00, run_after=2025-09-15 00:00:00+00:00
[2025-09-15T08:46:54.579+0000] {processor.py:183} INFO - Processing /opt/airflow/dags/bike_hour_dag.py took 0.083 seconds
[2025-09-15T08:47:25.190+0000] {processor.py:161} INFO - Started process (PID=8905) to work on /opt/airflow/dags/bike_hour_dag.py
[2025-09-15T08:47:25.191+0000] {processor.py:830} INFO - Processing file /opt/airflow/dags/bike_hour_dag.py for tasks to queue
[2025-09-15T08:47:25.192+0000] {logging_mixin.py:188} INFO - [2025-09-15T08:47:25.191+0000] {dagbag.py:540} INFO - Filling up the DagBag from /opt/airflow/dags/bike_hour_dag.py
[2025-09-15T08:47:25.210+0000] {processor.py:840} INFO - DAG(s) 'bike_hour_pipeline' retrieved from /opt/airflow/dags/bike_hour_dag.py
[2025-09-15T08:47:25.234+0000] {logging_mixin.py:188} INFO - [2025-09-15T08:47:25.234+0000] {dag.py:3096} INFO - Sync 1 DAGs
[2025-09-15T08:47:25.254+0000] {logging_mixin.py:188} INFO - [2025-09-15T08:47:25.254+0000] {dag.py:3954} INFO - Setting next_dagrun for bike_hour_pipeline to 2025-09-14 00:00:00+00:00, run_after=2025-09-15 00:00:00+00:00
[2025-09-15T08:47:25.278+0000] {processor.py:183} INFO - Processing /opt/airflow/dags/bike_hour_dag.py took 0.093 seconds
[2025-09-15T08:47:55.709+0000] {processor.py:161} INFO - Started process (PID=8938) to work on /opt/airflow/dags/bike_hour_dag.py
[2025-09-15T08:47:55.712+0000] {processor.py:830} INFO - Processing file /opt/airflow/dags/bike_hour_dag.py for tasks to queue
[2025-09-15T08:47:55.715+0000] {logging_mixin.py:188} INFO - [2025-09-15T08:47:55.715+0000] {dagbag.py:540} INFO - Filling up the DagBag from /opt/airflow/dags/bike_hour_dag.py
[2025-09-15T08:47:55.756+0000] {processor.py:840} INFO - DAG(s) 'bike_hour_pipeline' retrieved from /opt/airflow/dags/bike_hour_dag.py
[2025-09-15T08:47:55.811+0000] {logging_mixin.py:188} INFO - [2025-09-15T08:47:55.810+0000] {dag.py:3096} INFO - Sync 1 DAGs
[2025-09-15T08:47:55.837+0000] {logging_mixin.py:188} INFO - [2025-09-15T08:47:55.837+0000] {dag.py:3954} INFO - Setting next_dagrun for bike_hour_pipeline to 2025-09-14 00:00:00+00:00, run_after=2025-09-15 00:00:00+00:00
[2025-09-15T08:47:55.857+0000] {processor.py:183} INFO - Processing /opt/airflow/dags/bike_hour_dag.py took 0.157 seconds
[2025-09-15T08:48:26.580+0000] {processor.py:161} INFO - Started process (PID=8975) to work on /opt/airflow/dags/bike_hour_dag.py
[2025-09-15T08:48:26.581+0000] {processor.py:830} INFO - Processing file /opt/airflow/dags/bike_hour_dag.py for tasks to queue
[2025-09-15T08:48:26.582+0000] {logging_mixin.py:188} INFO - [2025-09-15T08:48:26.582+0000] {dagbag.py:540} INFO - Filling up the DagBag from /opt/airflow/dags/bike_hour_dag.py
[2025-09-15T08:48:26.601+0000] {processor.py:840} INFO - DAG(s) 'bike_hour_pipeline' retrieved from /opt/airflow/dags/bike_hour_dag.py
[2025-09-15T08:48:26.628+0000] {logging_mixin.py:188} INFO - [2025-09-15T08:48:26.627+0000] {dag.py:3096} INFO - Sync 1 DAGs
[2025-09-15T08:48:26.650+0000] {logging_mixin.py:188} INFO - [2025-09-15T08:48:26.649+0000] {dag.py:3954} INFO - Setting next_dagrun for bike_hour_pipeline to 2025-09-14 00:00:00+00:00, run_after=2025-09-15 00:00:00+00:00
[2025-09-15T08:48:26.667+0000] {processor.py:183} INFO - Processing /opt/airflow/dags/bike_hour_dag.py took 0.093 seconds
[2025-09-15T08:48:57.076+0000] {processor.py:161} INFO - Started process (PID=9010) to work on /opt/airflow/dags/bike_hour_dag.py
[2025-09-15T08:48:57.077+0000] {processor.py:830} INFO - Processing file /opt/airflow/dags/bike_hour_dag.py for tasks to queue
[2025-09-15T08:48:57.078+0000] {logging_mixin.py:188} INFO - [2025-09-15T08:48:57.077+0000] {dagbag.py:540} INFO - Filling up the DagBag from /opt/airflow/dags/bike_hour_dag.py
[2025-09-15T08:48:57.099+0000] {processor.py:840} INFO - DAG(s) 'bike_hour_pipeline' retrieved from /opt/airflow/dags/bike_hour_dag.py
[2025-09-15T08:48:57.123+0000] {logging_mixin.py:188} INFO - [2025-09-15T08:48:57.122+0000] {dag.py:3096} INFO - Sync 1 DAGs
[2025-09-15T08:48:57.140+0000] {logging_mixin.py:188} INFO - [2025-09-15T08:48:57.140+0000] {dag.py:3954} INFO - Setting next_dagrun for bike_hour_pipeline to 2025-09-14 00:00:00+00:00, run_after=2025-09-15 00:00:00+00:00
[2025-09-15T08:48:57.159+0000] {processor.py:183} INFO - Processing /opt/airflow/dags/bike_hour_dag.py took 0.088 seconds
[2025-09-15T08:49:27.735+0000] {processor.py:161} INFO - Started process (PID=9045) to work on /opt/airflow/dags/bike_hour_dag.py
[2025-09-15T08:49:27.736+0000] {processor.py:830} INFO - Processing file /opt/airflow/dags/bike_hour_dag.py for tasks to queue
[2025-09-15T08:49:27.738+0000] {logging_mixin.py:188} INFO - [2025-09-15T08:49:27.737+0000] {dagbag.py:540} INFO - Filling up the DagBag from /opt/airflow/dags/bike_hour_dag.py
[2025-09-15T08:49:27.758+0000] {processor.py:840} INFO - DAG(s) 'bike_hour_pipeline' retrieved from /opt/airflow/dags/bike_hour_dag.py
[2025-09-15T08:49:27.782+0000] {logging_mixin.py:188} INFO - [2025-09-15T08:49:27.782+0000] {dag.py:3096} INFO - Sync 1 DAGs
[2025-09-15T08:49:27.801+0000] {logging_mixin.py:188} INFO - [2025-09-15T08:49:27.801+0000] {dag.py:3954} INFO - Setting next_dagrun for bike_hour_pipeline to 2025-09-14 00:00:00+00:00, run_after=2025-09-15 00:00:00+00:00
[2025-09-15T08:49:27.825+0000] {processor.py:183} INFO - Processing /opt/airflow/dags/bike_hour_dag.py took 0.095 seconds
[2025-09-15T08:49:58.327+0000] {processor.py:161} INFO - Started process (PID=9080) to work on /opt/airflow/dags/bike_hour_dag.py
[2025-09-15T08:49:58.328+0000] {processor.py:830} INFO - Processing file /opt/airflow/dags/bike_hour_dag.py for tasks to queue
[2025-09-15T08:49:58.329+0000] {logging_mixin.py:188} INFO - [2025-09-15T08:49:58.328+0000] {dagbag.py:540} INFO - Filling up the DagBag from /opt/airflow/dags/bike_hour_dag.py
[2025-09-15T08:49:58.347+0000] {processor.py:840} INFO - DAG(s) 'bike_hour_pipeline' retrieved from /opt/airflow/dags/bike_hour_dag.py
[2025-09-15T08:49:58.372+0000] {logging_mixin.py:188} INFO - [2025-09-15T08:49:58.372+0000] {dag.py:3096} INFO - Sync 1 DAGs
[2025-09-15T08:49:58.391+0000] {logging_mixin.py:188} INFO - [2025-09-15T08:49:58.391+0000] {dag.py:3954} INFO - Setting next_dagrun for bike_hour_pipeline to 2025-09-14 00:00:00+00:00, run_after=2025-09-15 00:00:00+00:00
[2025-09-15T08:49:58.409+0000] {processor.py:183} INFO - Processing /opt/airflow/dags/bike_hour_dag.py took 0.088 seconds
[2025-09-15T08:50:28.910+0000] {processor.py:161} INFO - Started process (PID=9113) to work on /opt/airflow/dags/bike_hour_dag.py
[2025-09-15T08:50:28.911+0000] {processor.py:830} INFO - Processing file /opt/airflow/dags/bike_hour_dag.py for tasks to queue
[2025-09-15T08:50:28.911+0000] {logging_mixin.py:188} INFO - [2025-09-15T08:50:28.911+0000] {dagbag.py:540} INFO - Filling up the DagBag from /opt/airflow/dags/bike_hour_dag.py
[2025-09-15T08:50:28.930+0000] {processor.py:840} INFO - DAG(s) 'bike_hour_pipeline' retrieved from /opt/airflow/dags/bike_hour_dag.py
[2025-09-15T08:50:28.955+0000] {logging_mixin.py:188} INFO - [2025-09-15T08:50:28.954+0000] {dag.py:3096} INFO - Sync 1 DAGs
[2025-09-15T08:50:28.976+0000] {logging_mixin.py:188} INFO - [2025-09-15T08:50:28.976+0000] {dag.py:3954} INFO - Setting next_dagrun for bike_hour_pipeline to 2025-09-14 00:00:00+00:00, run_after=2025-09-15 00:00:00+00:00
[2025-09-15T08:50:28.995+0000] {processor.py:183} INFO - Processing /opt/airflow/dags/bike_hour_dag.py took 0.092 seconds
[2025-09-15T08:50:59.633+0000] {processor.py:161} INFO - Started process (PID=9150) to work on /opt/airflow/dags/bike_hour_dag.py
[2025-09-15T08:50:59.635+0000] {processor.py:830} INFO - Processing file /opt/airflow/dags/bike_hour_dag.py for tasks to queue
[2025-09-15T08:50:59.635+0000] {logging_mixin.py:188} INFO - [2025-09-15T08:50:59.635+0000] {dagbag.py:540} INFO - Filling up the DagBag from /opt/airflow/dags/bike_hour_dag.py
[2025-09-15T08:50:59.653+0000] {processor.py:840} INFO - DAG(s) 'bike_hour_pipeline' retrieved from /opt/airflow/dags/bike_hour_dag.py
[2025-09-15T08:50:59.680+0000] {logging_mixin.py:188} INFO - [2025-09-15T08:50:59.679+0000] {dag.py:3096} INFO - Sync 1 DAGs
[2025-09-15T08:50:59.702+0000] {logging_mixin.py:188} INFO - [2025-09-15T08:50:59.701+0000] {dag.py:3954} INFO - Setting next_dagrun for bike_hour_pipeline to 2025-09-14 00:00:00+00:00, run_after=2025-09-15 00:00:00+00:00
[2025-09-15T08:50:59.721+0000] {processor.py:183} INFO - Processing /opt/airflow/dags/bike_hour_dag.py took 0.093 seconds
[2025-09-15T08:51:30.188+0000] {processor.py:161} INFO - Started process (PID=9185) to work on /opt/airflow/dags/bike_hour_dag.py
[2025-09-15T08:51:30.189+0000] {processor.py:830} INFO - Processing file /opt/airflow/dags/bike_hour_dag.py for tasks to queue
[2025-09-15T08:51:30.190+0000] {logging_mixin.py:188} INFO - [2025-09-15T08:51:30.190+0000] {dagbag.py:540} INFO - Filling up the DagBag from /opt/airflow/dags/bike_hour_dag.py
[2025-09-15T08:51:30.213+0000] {processor.py:840} INFO - DAG(s) 'bike_hour_pipeline' retrieved from /opt/airflow/dags/bike_hour_dag.py
[2025-09-15T08:51:30.237+0000] {logging_mixin.py:188} INFO - [2025-09-15T08:51:30.236+0000] {dag.py:3096} INFO - Sync 1 DAGs
[2025-09-15T08:51:30.254+0000] {logging_mixin.py:188} INFO - [2025-09-15T08:51:30.254+0000] {dag.py:3954} INFO - Setting next_dagrun for bike_hour_pipeline to 2025-09-14 00:00:00+00:00, run_after=2025-09-15 00:00:00+00:00
[2025-09-15T08:51:30.274+0000] {processor.py:183} INFO - Processing /opt/airflow/dags/bike_hour_dag.py took 0.092 seconds
[2025-09-15T08:52:00.563+0000] {processor.py:161} INFO - Started process (PID=9218) to work on /opt/airflow/dags/bike_hour_dag.py
[2025-09-15T08:52:00.564+0000] {processor.py:830} INFO - Processing file /opt/airflow/dags/bike_hour_dag.py for tasks to queue
[2025-09-15T08:52:00.565+0000] {logging_mixin.py:188} INFO - [2025-09-15T08:52:00.565+0000] {dagbag.py:540} INFO - Filling up the DagBag from /opt/airflow/dags/bike_hour_dag.py
[2025-09-15T08:52:00.583+0000] {processor.py:840} INFO - DAG(s) 'bike_hour_pipeline' retrieved from /opt/airflow/dags/bike_hour_dag.py
[2025-09-15T08:52:00.608+0000] {logging_mixin.py:188} INFO - [2025-09-15T08:52:00.608+0000] {dag.py:3096} INFO - Sync 1 DAGs
[2025-09-15T08:52:00.629+0000] {logging_mixin.py:188} INFO - [2025-09-15T08:52:00.629+0000] {dag.py:3954} INFO - Setting next_dagrun for bike_hour_pipeline to 2025-09-14 00:00:00+00:00, run_after=2025-09-15 00:00:00+00:00
[2025-09-15T08:52:00.652+0000] {processor.py:183} INFO - Processing /opt/airflow/dags/bike_hour_dag.py took 0.095 seconds
[2025-09-15T08:52:30.644+0000] {processor.py:161} INFO - Started process (PID=9255) to work on /opt/airflow/dags/bike_hour_dag.py
[2025-09-15T08:52:30.646+0000] {processor.py:830} INFO - Processing file /opt/airflow/dags/bike_hour_dag.py for tasks to queue
[2025-09-15T08:52:30.647+0000] {logging_mixin.py:188} INFO - [2025-09-15T08:52:30.647+0000] {dagbag.py:540} INFO - Filling up the DagBag from /opt/airflow/dags/bike_hour_dag.py
[2025-09-15T08:52:30.669+0000] {processor.py:840} INFO - DAG(s) 'bike_hour_pipeline' retrieved from /opt/airflow/dags/bike_hour_dag.py
[2025-09-15T08:52:30.696+0000] {logging_mixin.py:188} INFO - [2025-09-15T08:52:30.696+0000] {dag.py:3096} INFO - Sync 1 DAGs
[2025-09-15T08:52:30.715+0000] {logging_mixin.py:188} INFO - [2025-09-15T08:52:30.715+0000] {dag.py:3954} INFO - Setting next_dagrun for bike_hour_pipeline to 2025-09-14 00:00:00+00:00, run_after=2025-09-15 00:00:00+00:00
[2025-09-15T08:52:30.735+0000] {processor.py:183} INFO - Processing /opt/airflow/dags/bike_hour_dag.py took 0.096 seconds
[2025-09-15T08:53:01.387+0000] {processor.py:161} INFO - Started process (PID=9290) to work on /opt/airflow/dags/bike_hour_dag.py
[2025-09-15T08:53:01.388+0000] {processor.py:830} INFO - Processing file /opt/airflow/dags/bike_hour_dag.py for tasks to queue
[2025-09-15T08:53:01.389+0000] {logging_mixin.py:188} INFO - [2025-09-15T08:53:01.389+0000] {dagbag.py:540} INFO - Filling up the DagBag from /opt/airflow/dags/bike_hour_dag.py
[2025-09-15T08:53:01.408+0000] {processor.py:840} INFO - DAG(s) 'bike_hour_pipeline' retrieved from /opt/airflow/dags/bike_hour_dag.py
[2025-09-15T08:53:01.433+0000] {logging_mixin.py:188} INFO - [2025-09-15T08:53:01.433+0000] {dag.py:3096} INFO - Sync 1 DAGs
[2025-09-15T08:53:01.452+0000] {logging_mixin.py:188} INFO - [2025-09-15T08:53:01.452+0000] {dag.py:3954} INFO - Setting next_dagrun for bike_hour_pipeline to 2025-09-14 00:00:00+00:00, run_after=2025-09-15 00:00:00+00:00
[2025-09-15T08:53:01.474+0000] {processor.py:183} INFO - Processing /opt/airflow/dags/bike_hour_dag.py took 0.093 seconds
[2025-09-15T08:53:32.003+0000] {processor.py:161} INFO - Started process (PID=9325) to work on /opt/airflow/dags/bike_hour_dag.py
[2025-09-15T08:53:32.005+0000] {processor.py:830} INFO - Processing file /opt/airflow/dags/bike_hour_dag.py for tasks to queue
[2025-09-15T08:53:32.005+0000] {logging_mixin.py:188} INFO - [2025-09-15T08:53:32.005+0000] {dagbag.py:540} INFO - Filling up the DagBag from /opt/airflow/dags/bike_hour_dag.py
[2025-09-15T08:53:32.023+0000] {processor.py:840} INFO - DAG(s) 'bike_hour_pipeline' retrieved from /opt/airflow/dags/bike_hour_dag.py
[2025-09-15T08:53:32.058+0000] {logging_mixin.py:188} INFO - [2025-09-15T08:53:32.058+0000] {dag.py:3096} INFO - Sync 1 DAGs
[2025-09-15T08:53:32.081+0000] {logging_mixin.py:188} INFO - [2025-09-15T08:53:32.081+0000] {dag.py:3954} INFO - Setting next_dagrun for bike_hour_pipeline to 2025-09-14 00:00:00+00:00, run_after=2025-09-15 00:00:00+00:00
[2025-09-15T08:53:32.101+0000] {processor.py:183} INFO - Processing /opt/airflow/dags/bike_hour_dag.py took 0.103 seconds
[2025-09-15T08:54:02.886+0000] {processor.py:161} INFO - Started process (PID=9360) to work on /opt/airflow/dags/bike_hour_dag.py
[2025-09-15T08:54:02.888+0000] {processor.py:830} INFO - Processing file /opt/airflow/dags/bike_hour_dag.py for tasks to queue
[2025-09-15T08:54:02.889+0000] {logging_mixin.py:188} INFO - [2025-09-15T08:54:02.888+0000] {dagbag.py:540} INFO - Filling up the DagBag from /opt/airflow/dags/bike_hour_dag.py
[2025-09-15T08:54:02.912+0000] {processor.py:840} INFO - DAG(s) 'bike_hour_pipeline' retrieved from /opt/airflow/dags/bike_hour_dag.py
[2025-09-15T08:54:02.945+0000] {logging_mixin.py:188} INFO - [2025-09-15T08:54:02.944+0000] {dag.py:3096} INFO - Sync 1 DAGs
[2025-09-15T08:54:02.968+0000] {logging_mixin.py:188} INFO - [2025-09-15T08:54:02.968+0000] {dag.py:3954} INFO - Setting next_dagrun for bike_hour_pipeline to 2025-09-14 00:00:00+00:00, run_after=2025-09-15 00:00:00+00:00
[2025-09-15T08:54:02.998+0000] {processor.py:183} INFO - Processing /opt/airflow/dags/bike_hour_dag.py took 0.119 seconds
[2025-09-15T08:54:33.640+0000] {processor.py:161} INFO - Started process (PID=9395) to work on /opt/airflow/dags/bike_hour_dag.py
[2025-09-15T08:54:33.641+0000] {processor.py:830} INFO - Processing file /opt/airflow/dags/bike_hour_dag.py for tasks to queue
[2025-09-15T08:54:33.642+0000] {logging_mixin.py:188} INFO - [2025-09-15T08:54:33.642+0000] {dagbag.py:540} INFO - Filling up the DagBag from /opt/airflow/dags/bike_hour_dag.py
[2025-09-15T08:54:33.659+0000] {processor.py:840} INFO - DAG(s) 'bike_hour_pipeline' retrieved from /opt/airflow/dags/bike_hour_dag.py
[2025-09-15T08:54:33.686+0000] {logging_mixin.py:188} INFO - [2025-09-15T08:54:33.685+0000] {dag.py:3096} INFO - Sync 1 DAGs
[2025-09-15T08:54:33.705+0000] {logging_mixin.py:188} INFO - [2025-09-15T08:54:33.705+0000] {dag.py:3954} INFO - Setting next_dagrun for bike_hour_pipeline to 2025-09-14 00:00:00+00:00, run_after=2025-09-15 00:00:00+00:00
[2025-09-15T08:54:33.724+0000] {processor.py:183} INFO - Processing /opt/airflow/dags/bike_hour_dag.py took 0.091 seconds
[2025-09-15T08:55:04.229+0000] {processor.py:161} INFO - Started process (PID=9430) to work on /opt/airflow/dags/bike_hour_dag.py
[2025-09-15T08:55:04.230+0000] {processor.py:830} INFO - Processing file /opt/airflow/dags/bike_hour_dag.py for tasks to queue
[2025-09-15T08:55:04.231+0000] {logging_mixin.py:188} INFO - [2025-09-15T08:55:04.231+0000] {dagbag.py:540} INFO - Filling up the DagBag from /opt/airflow/dags/bike_hour_dag.py
[2025-09-15T08:55:04.249+0000] {processor.py:840} INFO - DAG(s) 'bike_hour_pipeline' retrieved from /opt/airflow/dags/bike_hour_dag.py
[2025-09-15T08:55:04.275+0000] {logging_mixin.py:188} INFO - [2025-09-15T08:55:04.275+0000] {dag.py:3096} INFO - Sync 1 DAGs
[2025-09-15T08:55:04.295+0000] {logging_mixin.py:188} INFO - [2025-09-15T08:55:04.295+0000] {dag.py:3954} INFO - Setting next_dagrun for bike_hour_pipeline to 2025-09-14 00:00:00+00:00, run_after=2025-09-15 00:00:00+00:00
[2025-09-15T08:55:04.314+0000] {processor.py:183} INFO - Processing /opt/airflow/dags/bike_hour_dag.py took 0.091 seconds
[2025-09-15T08:55:34.964+0000] {processor.py:161} INFO - Started process (PID=9469) to work on /opt/airflow/dags/bike_hour_dag.py
[2025-09-15T08:55:34.965+0000] {processor.py:830} INFO - Processing file /opt/airflow/dags/bike_hour_dag.py for tasks to queue
[2025-09-15T08:55:34.966+0000] {logging_mixin.py:188} INFO - [2025-09-15T08:55:34.966+0000] {dagbag.py:540} INFO - Filling up the DagBag from /opt/airflow/dags/bike_hour_dag.py
[2025-09-15T08:55:34.986+0000] {processor.py:840} INFO - DAG(s) 'bike_hour_pipeline' retrieved from /opt/airflow/dags/bike_hour_dag.py
[2025-09-15T08:55:35.014+0000] {logging_mixin.py:188} INFO - [2025-09-15T08:55:35.014+0000] {dag.py:3096} INFO - Sync 1 DAGs
[2025-09-15T08:55:35.037+0000] {logging_mixin.py:188} INFO - [2025-09-15T08:55:35.036+0000] {dag.py:3954} INFO - Setting next_dagrun for bike_hour_pipeline to 2025-09-14 00:00:00+00:00, run_after=2025-09-15 00:00:00+00:00
[2025-09-15T08:55:35.057+0000] {processor.py:183} INFO - Processing /opt/airflow/dags/bike_hour_dag.py took 0.099 seconds
[2025-09-15T08:56:05.765+0000] {processor.py:161} INFO - Started process (PID=9502) to work on /opt/airflow/dags/bike_hour_dag.py
[2025-09-15T08:56:05.766+0000] {processor.py:830} INFO - Processing file /opt/airflow/dags/bike_hour_dag.py for tasks to queue
[2025-09-15T08:56:05.767+0000] {logging_mixin.py:188} INFO - [2025-09-15T08:56:05.767+0000] {dagbag.py:540} INFO - Filling up the DagBag from /opt/airflow/dags/bike_hour_dag.py
[2025-09-15T08:56:05.819+0000] {processor.py:840} INFO - DAG(s) 'bike_hour_pipeline' retrieved from /opt/airflow/dags/bike_hour_dag.py
[2025-09-15T08:56:05.857+0000] {logging_mixin.py:188} INFO - [2025-09-15T08:56:05.857+0000] {dag.py:3096} INFO - Sync 1 DAGs
[2025-09-15T08:56:05.878+0000] {logging_mixin.py:188} INFO - [2025-09-15T08:56:05.877+0000] {dag.py:3954} INFO - Setting next_dagrun for bike_hour_pipeline to 2025-09-14 00:00:00+00:00, run_after=2025-09-15 00:00:00+00:00
[2025-09-15T08:56:05.897+0000] {processor.py:183} INFO - Processing /opt/airflow/dags/bike_hour_dag.py took 0.138 seconds
[2025-09-15T08:56:36.631+0000] {processor.py:161} INFO - Started process (PID=9539) to work on /opt/airflow/dags/bike_hour_dag.py
[2025-09-15T08:56:36.632+0000] {processor.py:830} INFO - Processing file /opt/airflow/dags/bike_hour_dag.py for tasks to queue
[2025-09-15T08:56:36.634+0000] {logging_mixin.py:188} INFO - [2025-09-15T08:56:36.633+0000] {dagbag.py:540} INFO - Filling up the DagBag from /opt/airflow/dags/bike_hour_dag.py
[2025-09-15T08:56:36.657+0000] {processor.py:840} INFO - DAG(s) 'bike_hour_pipeline' retrieved from /opt/airflow/dags/bike_hour_dag.py
[2025-09-15T08:56:36.684+0000] {logging_mixin.py:188} INFO - [2025-09-15T08:56:36.684+0000] {dag.py:3096} INFO - Sync 1 DAGs
[2025-09-15T08:56:36.705+0000] {logging_mixin.py:188} INFO - [2025-09-15T08:56:36.705+0000] {dag.py:3954} INFO - Setting next_dagrun for bike_hour_pipeline to 2025-09-14 00:00:00+00:00, run_after=2025-09-15 00:00:00+00:00
[2025-09-15T08:56:36.732+0000] {processor.py:183} INFO - Processing /opt/airflow/dags/bike_hour_dag.py took 0.110 seconds
[2025-09-15T08:57:07.295+0000] {processor.py:161} INFO - Started process (PID=9576) to work on /opt/airflow/dags/bike_hour_dag.py
[2025-09-15T08:57:07.297+0000] {processor.py:830} INFO - Processing file /opt/airflow/dags/bike_hour_dag.py for tasks to queue
[2025-09-15T08:57:07.298+0000] {logging_mixin.py:188} INFO - [2025-09-15T08:57:07.298+0000] {dagbag.py:540} INFO - Filling up the DagBag from /opt/airflow/dags/bike_hour_dag.py
[2025-09-15T08:57:07.317+0000] {processor.py:840} INFO - DAG(s) 'bike_hour_pipeline' retrieved from /opt/airflow/dags/bike_hour_dag.py
[2025-09-15T08:57:07.343+0000] {logging_mixin.py:188} INFO - [2025-09-15T08:57:07.342+0000] {dag.py:3096} INFO - Sync 1 DAGs
[2025-09-15T08:57:07.363+0000] {logging_mixin.py:188} INFO - [2025-09-15T08:57:07.363+0000] {dag.py:3954} INFO - Setting next_dagrun for bike_hour_pipeline to 2025-09-14 00:00:00+00:00, run_after=2025-09-15 00:00:00+00:00
[2025-09-15T08:57:07.385+0000] {processor.py:183} INFO - Processing /opt/airflow/dags/bike_hour_dag.py took 0.095 seconds
[2025-09-15T08:57:37.882+0000] {processor.py:161} INFO - Started process (PID=9619) to work on /opt/airflow/dags/bike_hour_dag.py
[2025-09-15T08:57:37.884+0000] {processor.py:830} INFO - Processing file /opt/airflow/dags/bike_hour_dag.py for tasks to queue
[2025-09-15T08:57:37.886+0000] {logging_mixin.py:188} INFO - [2025-09-15T08:57:37.885+0000] {dagbag.py:540} INFO - Filling up the DagBag from /opt/airflow/dags/bike_hour_dag.py
[2025-09-15T08:57:37.909+0000] {processor.py:840} INFO - DAG(s) 'bike_hour_pipeline' retrieved from /opt/airflow/dags/bike_hour_dag.py
[2025-09-15T08:57:37.942+0000] {logging_mixin.py:188} INFO - [2025-09-15T08:57:37.941+0000] {dag.py:3096} INFO - Sync 1 DAGs
[2025-09-15T08:57:37.968+0000] {logging_mixin.py:188} INFO - [2025-09-15T08:57:37.968+0000] {dag.py:3954} INFO - Setting next_dagrun for bike_hour_pipeline to 2025-09-14 00:00:00+00:00, run_after=2025-09-15 00:00:00+00:00
[2025-09-15T08:57:37.993+0000] {processor.py:183} INFO - Processing /opt/airflow/dags/bike_hour_dag.py took 0.120 seconds
[2025-09-15T08:58:08.664+0000] {processor.py:161} INFO - Started process (PID=9652) to work on /opt/airflow/dags/bike_hour_dag.py
[2025-09-15T08:58:08.666+0000] {processor.py:830} INFO - Processing file /opt/airflow/dags/bike_hour_dag.py for tasks to queue
[2025-09-15T08:58:08.667+0000] {logging_mixin.py:188} INFO - [2025-09-15T08:58:08.666+0000] {dagbag.py:540} INFO - Filling up the DagBag from /opt/airflow/dags/bike_hour_dag.py
[2025-09-15T08:58:08.692+0000] {processor.py:840} INFO - DAG(s) 'bike_hour_pipeline' retrieved from /opt/airflow/dags/bike_hour_dag.py
[2025-09-15T08:58:08.721+0000] {logging_mixin.py:188} INFO - [2025-09-15T08:58:08.721+0000] {dag.py:3096} INFO - Sync 1 DAGs
[2025-09-15T08:58:08.746+0000] {logging_mixin.py:188} INFO - [2025-09-15T08:58:08.745+0000] {dag.py:3954} INFO - Setting next_dagrun for bike_hour_pipeline to 2025-09-14 00:00:00+00:00, run_after=2025-09-15 00:00:00+00:00
[2025-09-15T08:58:08.767+0000] {processor.py:183} INFO - Processing /opt/airflow/dags/bike_hour_dag.py took 0.110 seconds
[2025-09-15T08:58:38.841+0000] {processor.py:161} INFO - Started process (PID=9691) to work on /opt/airflow/dags/bike_hour_dag.py
[2025-09-15T08:58:38.842+0000] {processor.py:830} INFO - Processing file /opt/airflow/dags/bike_hour_dag.py for tasks to queue
[2025-09-15T08:58:38.843+0000] {logging_mixin.py:188} INFO - [2025-09-15T08:58:38.843+0000] {dagbag.py:540} INFO - Filling up the DagBag from /opt/airflow/dags/bike_hour_dag.py
[2025-09-15T08:58:38.868+0000] {processor.py:840} INFO - DAG(s) 'bike_hour_pipeline' retrieved from /opt/airflow/dags/bike_hour_dag.py
[2025-09-15T08:58:38.900+0000] {logging_mixin.py:188} INFO - [2025-09-15T08:58:38.900+0000] {dag.py:3096} INFO - Sync 1 DAGs
[2025-09-15T08:58:38.923+0000] {logging_mixin.py:188} INFO - [2025-09-15T08:58:38.923+0000] {dag.py:3954} INFO - Setting next_dagrun for bike_hour_pipeline to 2025-09-14 00:00:00+00:00, run_after=2025-09-15 00:00:00+00:00
[2025-09-15T08:58:38.947+0000] {processor.py:183} INFO - Processing /opt/airflow/dags/bike_hour_dag.py took 0.111 seconds
[2025-09-15T08:59:09.766+0000] {processor.py:161} INFO - Started process (PID=9728) to work on /opt/airflow/dags/bike_hour_dag.py
[2025-09-15T08:59:09.767+0000] {processor.py:830} INFO - Processing file /opt/airflow/dags/bike_hour_dag.py for tasks to queue
[2025-09-15T08:59:09.768+0000] {logging_mixin.py:188} INFO - [2025-09-15T08:59:09.768+0000] {dagbag.py:540} INFO - Filling up the DagBag from /opt/airflow/dags/bike_hour_dag.py
[2025-09-15T08:59:09.791+0000] {processor.py:840} INFO - DAG(s) 'bike_hour_pipeline' retrieved from /opt/airflow/dags/bike_hour_dag.py
[2025-09-15T08:59:09.823+0000] {logging_mixin.py:188} INFO - [2025-09-15T08:59:09.823+0000] {dag.py:3096} INFO - Sync 1 DAGs
[2025-09-15T08:59:09.851+0000] {logging_mixin.py:188} INFO - [2025-09-15T08:59:09.851+0000] {dag.py:3954} INFO - Setting next_dagrun for bike_hour_pipeline to 2025-09-14 00:00:00+00:00, run_after=2025-09-15 00:00:00+00:00
[2025-09-15T08:59:09.873+0000] {processor.py:183} INFO - Processing /opt/airflow/dags/bike_hour_dag.py took 0.114 seconds
[2025-09-15T08:59:40.630+0000] {processor.py:161} INFO - Started process (PID=9763) to work on /opt/airflow/dags/bike_hour_dag.py
[2025-09-15T08:59:40.632+0000] {processor.py:830} INFO - Processing file /opt/airflow/dags/bike_hour_dag.py for tasks to queue
[2025-09-15T08:59:40.634+0000] {logging_mixin.py:188} INFO - [2025-09-15T08:59:40.634+0000] {dagbag.py:540} INFO - Filling up the DagBag from /opt/airflow/dags/bike_hour_dag.py
[2025-09-15T08:59:40.663+0000] {processor.py:840} INFO - DAG(s) 'bike_hour_pipeline' retrieved from /opt/airflow/dags/bike_hour_dag.py
[2025-09-15T08:59:40.696+0000] {logging_mixin.py:188} INFO - [2025-09-15T08:59:40.695+0000] {dag.py:3096} INFO - Sync 1 DAGs
[2025-09-15T08:59:40.731+0000] {logging_mixin.py:188} INFO - [2025-09-15T08:59:40.731+0000] {dag.py:3954} INFO - Setting next_dagrun for bike_hour_pipeline to 2025-09-14 00:00:00+00:00, run_after=2025-09-15 00:00:00+00:00
[2025-09-15T08:59:40.752+0000] {processor.py:183} INFO - Processing /opt/airflow/dags/bike_hour_dag.py took 0.131 seconds
[2025-09-15T09:00:10.931+0000] {processor.py:161} INFO - Started process (PID=9798) to work on /opt/airflow/dags/bike_hour_dag.py
[2025-09-15T09:00:10.933+0000] {processor.py:830} INFO - Processing file /opt/airflow/dags/bike_hour_dag.py for tasks to queue
[2025-09-15T09:00:10.934+0000] {logging_mixin.py:188} INFO - [2025-09-15T09:00:10.933+0000] {dagbag.py:540} INFO - Filling up the DagBag from /opt/airflow/dags/bike_hour_dag.py
[2025-09-15T09:00:10.957+0000] {processor.py:840} INFO - DAG(s) 'bike_hour_pipeline' retrieved from /opt/airflow/dags/bike_hour_dag.py
[2025-09-15T09:00:10.984+0000] {logging_mixin.py:188} INFO - [2025-09-15T09:00:10.984+0000] {dag.py:3096} INFO - Sync 1 DAGs
[2025-09-15T09:00:11.004+0000] {logging_mixin.py:188} INFO - [2025-09-15T09:00:11.003+0000] {dag.py:3954} INFO - Setting next_dagrun for bike_hour_pipeline to 2025-09-14 00:00:00+00:00, run_after=2025-09-15 00:00:00+00:00
[2025-09-15T09:00:11.022+0000] {processor.py:183} INFO - Processing /opt/airflow/dags/bike_hour_dag.py took 0.097 seconds
[2025-09-15T09:00:41.521+0000] {processor.py:161} INFO - Started process (PID=9833) to work on /opt/airflow/dags/bike_hour_dag.py
[2025-09-15T09:00:41.522+0000] {processor.py:830} INFO - Processing file /opt/airflow/dags/bike_hour_dag.py for tasks to queue
[2025-09-15T09:00:41.523+0000] {logging_mixin.py:188} INFO - [2025-09-15T09:00:41.522+0000] {dagbag.py:540} INFO - Filling up the DagBag from /opt/airflow/dags/bike_hour_dag.py
[2025-09-15T09:00:41.544+0000] {processor.py:840} INFO - DAG(s) 'bike_hour_pipeline' retrieved from /opt/airflow/dags/bike_hour_dag.py
[2025-09-15T09:00:41.574+0000] {logging_mixin.py:188} INFO - [2025-09-15T09:00:41.573+0000] {dag.py:3096} INFO - Sync 1 DAGs
[2025-09-15T09:00:41.596+0000] {logging_mixin.py:188} INFO - [2025-09-15T09:00:41.596+0000] {dag.py:3954} INFO - Setting next_dagrun for bike_hour_pipeline to 2025-09-14 00:00:00+00:00, run_after=2025-09-15 00:00:00+00:00
[2025-09-15T09:00:41.620+0000] {processor.py:183} INFO - Processing /opt/airflow/dags/bike_hour_dag.py took 0.105 seconds
[2025-09-15T09:01:12.039+0000] {processor.py:161} INFO - Started process (PID=9868) to work on /opt/airflow/dags/bike_hour_dag.py
[2025-09-15T09:01:12.041+0000] {processor.py:830} INFO - Processing file /opt/airflow/dags/bike_hour_dag.py for tasks to queue
[2025-09-15T09:01:12.041+0000] {logging_mixin.py:188} INFO - [2025-09-15T09:01:12.041+0000] {dagbag.py:540} INFO - Filling up the DagBag from /opt/airflow/dags/bike_hour_dag.py
[2025-09-15T09:01:12.063+0000] {processor.py:840} INFO - DAG(s) 'bike_hour_pipeline' retrieved from /opt/airflow/dags/bike_hour_dag.py
[2025-09-15T09:01:12.091+0000] {logging_mixin.py:188} INFO - [2025-09-15T09:01:12.091+0000] {dag.py:3096} INFO - Sync 1 DAGs
[2025-09-15T09:01:12.112+0000] {logging_mixin.py:188} INFO - [2025-09-15T09:01:12.112+0000] {dag.py:3954} INFO - Setting next_dagrun for bike_hour_pipeline to 2025-09-14 00:00:00+00:00, run_after=2025-09-15 00:00:00+00:00
[2025-09-15T09:01:12.138+0000] {processor.py:183} INFO - Processing /opt/airflow/dags/bike_hour_dag.py took 0.105 seconds
[2025-09-15T09:01:42.741+0000] {processor.py:161} INFO - Started process (PID=9903) to work on /opt/airflow/dags/bike_hour_dag.py
[2025-09-15T09:01:42.743+0000] {processor.py:830} INFO - Processing file /opt/airflow/dags/bike_hour_dag.py for tasks to queue
[2025-09-15T09:01:42.744+0000] {logging_mixin.py:188} INFO - [2025-09-15T09:01:42.743+0000] {dagbag.py:540} INFO - Filling up the DagBag from /opt/airflow/dags/bike_hour_dag.py
[2025-09-15T09:01:42.763+0000] {processor.py:840} INFO - DAG(s) 'bike_hour_pipeline' retrieved from /opt/airflow/dags/bike_hour_dag.py
[2025-09-15T09:01:42.789+0000] {logging_mixin.py:188} INFO - [2025-09-15T09:01:42.789+0000] {dag.py:3096} INFO - Sync 1 DAGs
[2025-09-15T09:01:42.809+0000] {logging_mixin.py:188} INFO - [2025-09-15T09:01:42.809+0000] {dag.py:3954} INFO - Setting next_dagrun for bike_hour_pipeline to 2025-09-14 00:00:00+00:00, run_after=2025-09-15 00:00:00+00:00
[2025-09-15T09:01:42.828+0000] {processor.py:183} INFO - Processing /opt/airflow/dags/bike_hour_dag.py took 0.093 seconds
[2025-09-15T09:02:13.427+0000] {processor.py:161} INFO - Started process (PID=9938) to work on /opt/airflow/dags/bike_hour_dag.py
[2025-09-15T09:02:13.428+0000] {processor.py:830} INFO - Processing file /opt/airflow/dags/bike_hour_dag.py for tasks to queue
[2025-09-15T09:02:13.430+0000] {logging_mixin.py:188} INFO - [2025-09-15T09:02:13.429+0000] {dagbag.py:540} INFO - Filling up the DagBag from /opt/airflow/dags/bike_hour_dag.py
[2025-09-15T09:02:13.452+0000] {processor.py:840} INFO - DAG(s) 'bike_hour_pipeline' retrieved from /opt/airflow/dags/bike_hour_dag.py
[2025-09-15T09:02:13.483+0000] {logging_mixin.py:188} INFO - [2025-09-15T09:02:13.483+0000] {dag.py:3096} INFO - Sync 1 DAGs
[2025-09-15T09:02:13.507+0000] {logging_mixin.py:188} INFO - [2025-09-15T09:02:13.507+0000] {dag.py:3954} INFO - Setting next_dagrun for bike_hour_pipeline to 2025-09-14 00:00:00+00:00, run_after=2025-09-15 00:00:00+00:00
[2025-09-15T09:02:13.534+0000] {processor.py:183} INFO - Processing /opt/airflow/dags/bike_hour_dag.py took 0.114 seconds
[2025-09-15T09:02:44.061+0000] {processor.py:161} INFO - Started process (PID=9973) to work on /opt/airflow/dags/bike_hour_dag.py
[2025-09-15T09:02:44.062+0000] {processor.py:830} INFO - Processing file /opt/airflow/dags/bike_hour_dag.py for tasks to queue
[2025-09-15T09:02:44.063+0000] {logging_mixin.py:188} INFO - [2025-09-15T09:02:44.063+0000] {dagbag.py:540} INFO - Filling up the DagBag from /opt/airflow/dags/bike_hour_dag.py
[2025-09-15T09:02:44.085+0000] {processor.py:840} INFO - DAG(s) 'bike_hour_pipeline' retrieved from /opt/airflow/dags/bike_hour_dag.py
[2025-09-15T09:02:44.110+0000] {logging_mixin.py:188} INFO - [2025-09-15T09:02:44.110+0000] {dag.py:3096} INFO - Sync 1 DAGs
[2025-09-15T09:02:44.129+0000] {logging_mixin.py:188} INFO - [2025-09-15T09:02:44.129+0000] {dag.py:3954} INFO - Setting next_dagrun for bike_hour_pipeline to 2025-09-14 00:00:00+00:00, run_after=2025-09-15 00:00:00+00:00
[2025-09-15T09:02:44.147+0000] {processor.py:183} INFO - Processing /opt/airflow/dags/bike_hour_dag.py took 0.091 seconds
[2025-09-15T09:03:14.614+0000] {processor.py:161} INFO - Started process (PID=10008) to work on /opt/airflow/dags/bike_hour_dag.py
[2025-09-15T09:03:14.615+0000] {processor.py:830} INFO - Processing file /opt/airflow/dags/bike_hour_dag.py for tasks to queue
[2025-09-15T09:03:14.616+0000] {logging_mixin.py:188} INFO - [2025-09-15T09:03:14.615+0000] {dagbag.py:540} INFO - Filling up the DagBag from /opt/airflow/dags/bike_hour_dag.py
[2025-09-15T09:03:14.633+0000] {processor.py:840} INFO - DAG(s) 'bike_hour_pipeline' retrieved from /opt/airflow/dags/bike_hour_dag.py
[2025-09-15T09:03:14.657+0000] {logging_mixin.py:188} INFO - [2025-09-15T09:03:14.657+0000] {dag.py:3096} INFO - Sync 1 DAGs
[2025-09-15T09:03:14.674+0000] {logging_mixin.py:188} INFO - [2025-09-15T09:03:14.674+0000] {dag.py:3954} INFO - Setting next_dagrun for bike_hour_pipeline to 2025-09-14 00:00:00+00:00, run_after=2025-09-15 00:00:00+00:00
[2025-09-15T09:03:14.693+0000] {processor.py:183} INFO - Processing /opt/airflow/dags/bike_hour_dag.py took 0.084 seconds
[2025-09-15T09:03:45.390+0000] {processor.py:161} INFO - Started process (PID=10043) to work on /opt/airflow/dags/bike_hour_dag.py
[2025-09-15T09:03:45.391+0000] {processor.py:830} INFO - Processing file /opt/airflow/dags/bike_hour_dag.py for tasks to queue
[2025-09-15T09:03:45.392+0000] {logging_mixin.py:188} INFO - [2025-09-15T09:03:45.392+0000] {dagbag.py:540} INFO - Filling up the DagBag from /opt/airflow/dags/bike_hour_dag.py
[2025-09-15T09:03:45.411+0000] {processor.py:840} INFO - DAG(s) 'bike_hour_pipeline' retrieved from /opt/airflow/dags/bike_hour_dag.py
[2025-09-15T09:03:45.434+0000] {logging_mixin.py:188} INFO - [2025-09-15T09:03:45.434+0000] {dag.py:3096} INFO - Sync 1 DAGs
[2025-09-15T09:03:45.452+0000] {logging_mixin.py:188} INFO - [2025-09-15T09:03:45.451+0000] {dag.py:3954} INFO - Setting next_dagrun for bike_hour_pipeline to 2025-09-14 00:00:00+00:00, run_after=2025-09-15 00:00:00+00:00
[2025-09-15T09:03:45.470+0000] {processor.py:183} INFO - Processing /opt/airflow/dags/bike_hour_dag.py took 0.085 seconds
[2025-09-15T09:04:16.298+0000] {processor.py:161} INFO - Started process (PID=10078) to work on /opt/airflow/dags/bike_hour_dag.py
[2025-09-15T09:04:16.300+0000] {processor.py:830} INFO - Processing file /opt/airflow/dags/bike_hour_dag.py for tasks to queue
[2025-09-15T09:04:16.300+0000] {logging_mixin.py:188} INFO - [2025-09-15T09:04:16.300+0000] {dagbag.py:540} INFO - Filling up the DagBag from /opt/airflow/dags/bike_hour_dag.py
[2025-09-15T09:04:16.321+0000] {processor.py:840} INFO - DAG(s) 'bike_hour_pipeline' retrieved from /opt/airflow/dags/bike_hour_dag.py
[2025-09-15T09:04:16.348+0000] {logging_mixin.py:188} INFO - [2025-09-15T09:04:16.348+0000] {dag.py:3096} INFO - Sync 1 DAGs
[2025-09-15T09:04:16.369+0000] {logging_mixin.py:188} INFO - [2025-09-15T09:04:16.369+0000] {dag.py:3954} INFO - Setting next_dagrun for bike_hour_pipeline to 2025-09-14 00:00:00+00:00, run_after=2025-09-15 00:00:00+00:00
[2025-09-15T09:04:16.389+0000] {processor.py:183} INFO - Processing /opt/airflow/dags/bike_hour_dag.py took 0.096 seconds
[2025-09-15T09:04:46.969+0000] {processor.py:161} INFO - Started process (PID=10113) to work on /opt/airflow/dags/bike_hour_dag.py
[2025-09-15T09:04:46.970+0000] {processor.py:830} INFO - Processing file /opt/airflow/dags/bike_hour_dag.py for tasks to queue
[2025-09-15T09:04:46.971+0000] {logging_mixin.py:188} INFO - [2025-09-15T09:04:46.971+0000] {dagbag.py:540} INFO - Filling up the DagBag from /opt/airflow/dags/bike_hour_dag.py
[2025-09-15T09:04:46.990+0000] {processor.py:840} INFO - DAG(s) 'bike_hour_pipeline' retrieved from /opt/airflow/dags/bike_hour_dag.py
[2025-09-15T09:04:47.015+0000] {logging_mixin.py:188} INFO - [2025-09-15T09:04:47.015+0000] {dag.py:3096} INFO - Sync 1 DAGs
[2025-09-15T09:04:47.038+0000] {logging_mixin.py:188} INFO - [2025-09-15T09:04:47.038+0000] {dag.py:3954} INFO - Setting next_dagrun for bike_hour_pipeline to 2025-09-14 00:00:00+00:00, run_after=2025-09-15 00:00:00+00:00
[2025-09-15T09:04:47.060+0000] {processor.py:183} INFO - Processing /opt/airflow/dags/bike_hour_dag.py took 0.096 seconds
[2025-09-15T09:05:17.537+0000] {processor.py:161} INFO - Started process (PID=10148) to work on /opt/airflow/dags/bike_hour_dag.py
[2025-09-15T09:05:17.538+0000] {processor.py:830} INFO - Processing file /opt/airflow/dags/bike_hour_dag.py for tasks to queue
[2025-09-15T09:05:17.539+0000] {logging_mixin.py:188} INFO - [2025-09-15T09:05:17.539+0000] {dagbag.py:540} INFO - Filling up the DagBag from /opt/airflow/dags/bike_hour_dag.py
[2025-09-15T09:05:17.559+0000] {processor.py:840} INFO - DAG(s) 'bike_hour_pipeline' retrieved from /opt/airflow/dags/bike_hour_dag.py
[2025-09-15T09:05:17.585+0000] {logging_mixin.py:188} INFO - [2025-09-15T09:05:17.585+0000] {dag.py:3096} INFO - Sync 1 DAGs
[2025-09-15T09:05:17.605+0000] {logging_mixin.py:188} INFO - [2025-09-15T09:05:17.605+0000] {dag.py:3954} INFO - Setting next_dagrun for bike_hour_pipeline to 2025-09-14 00:00:00+00:00, run_after=2025-09-15 00:00:00+00:00
[2025-09-15T09:05:17.628+0000] {processor.py:183} INFO - Processing /opt/airflow/dags/bike_hour_dag.py took 0.097 seconds
[2025-09-15T09:05:48.079+0000] {processor.py:161} INFO - Started process (PID=10183) to work on /opt/airflow/dags/bike_hour_dag.py
[2025-09-15T09:05:48.081+0000] {processor.py:830} INFO - Processing file /opt/airflow/dags/bike_hour_dag.py for tasks to queue
[2025-09-15T09:05:48.082+0000] {logging_mixin.py:188} INFO - [2025-09-15T09:05:48.082+0000] {dagbag.py:540} INFO - Filling up the DagBag from /opt/airflow/dags/bike_hour_dag.py
[2025-09-15T09:05:48.104+0000] {processor.py:840} INFO - DAG(s) 'bike_hour_pipeline' retrieved from /opt/airflow/dags/bike_hour_dag.py
[2025-09-15T09:05:48.130+0000] {logging_mixin.py:188} INFO - [2025-09-15T09:05:48.129+0000] {dag.py:3096} INFO - Sync 1 DAGs
[2025-09-15T09:05:48.147+0000] {logging_mixin.py:188} INFO - [2025-09-15T09:05:48.147+0000] {dag.py:3954} INFO - Setting next_dagrun for bike_hour_pipeline to 2025-09-14 00:00:00+00:00, run_after=2025-09-15 00:00:00+00:00
[2025-09-15T09:05:48.169+0000] {processor.py:183} INFO - Processing /opt/airflow/dags/bike_hour_dag.py took 0.094 seconds
[2025-09-15T09:06:18.661+0000] {processor.py:161} INFO - Started process (PID=10233) to work on /opt/airflow/dags/bike_hour_dag.py
[2025-09-15T09:06:18.662+0000] {processor.py:830} INFO - Processing file /opt/airflow/dags/bike_hour_dag.py for tasks to queue
[2025-09-15T09:06:18.662+0000] {logging_mixin.py:188} INFO - [2025-09-15T09:06:18.662+0000] {dagbag.py:540} INFO - Filling up the DagBag from /opt/airflow/dags/bike_hour_dag.py
[2025-09-15T09:06:18.684+0000] {processor.py:840} INFO - DAG(s) 'bike_hour_pipeline' retrieved from /opt/airflow/dags/bike_hour_dag.py
[2025-09-15T09:06:18.713+0000] {logging_mixin.py:188} INFO - [2025-09-15T09:06:18.713+0000] {dag.py:3096} INFO - Sync 1 DAGs
[2025-09-15T09:06:18.738+0000] {logging_mixin.py:188} INFO - [2025-09-15T09:06:18.738+0000] {dag.py:3954} INFO - Setting next_dagrun for bike_hour_pipeline to 2025-09-14 00:00:00+00:00, run_after=2025-09-15 00:00:00+00:00
[2025-09-15T09:06:18.760+0000] {processor.py:183} INFO - Processing /opt/airflow/dags/bike_hour_dag.py took 0.106 seconds
[2025-09-15T09:06:49.292+0000] {processor.py:161} INFO - Started process (PID=10283) to work on /opt/airflow/dags/bike_hour_dag.py
[2025-09-15T09:06:49.294+0000] {processor.py:830} INFO - Processing file /opt/airflow/dags/bike_hour_dag.py for tasks to queue
[2025-09-15T09:06:49.295+0000] {logging_mixin.py:188} INFO - [2025-09-15T09:06:49.294+0000] {dagbag.py:540} INFO - Filling up the DagBag from /opt/airflow/dags/bike_hour_dag.py
[2025-09-15T09:06:49.315+0000] {processor.py:840} INFO - DAG(s) 'bike_hour_pipeline' retrieved from /opt/airflow/dags/bike_hour_dag.py
[2025-09-15T09:06:49.343+0000] {logging_mixin.py:188} INFO - [2025-09-15T09:06:49.342+0000] {dag.py:3096} INFO - Sync 1 DAGs
[2025-09-15T09:06:49.370+0000] {logging_mixin.py:188} INFO - [2025-09-15T09:06:49.370+0000] {dag.py:3954} INFO - Setting next_dagrun for bike_hour_pipeline to 2025-09-14 00:00:00+00:00, run_after=2025-09-15 00:00:00+00:00
[2025-09-15T09:06:49.400+0000] {processor.py:183} INFO - Processing /opt/airflow/dags/bike_hour_dag.py took 0.114 seconds
[2025-09-15T09:07:19.830+0000] {processor.py:161} INFO - Started process (PID=10318) to work on /opt/airflow/dags/bike_hour_dag.py
[2025-09-15T09:07:19.831+0000] {processor.py:830} INFO - Processing file /opt/airflow/dags/bike_hour_dag.py for tasks to queue
[2025-09-15T09:07:19.832+0000] {logging_mixin.py:188} INFO - [2025-09-15T09:07:19.831+0000] {dagbag.py:540} INFO - Filling up the DagBag from /opt/airflow/dags/bike_hour_dag.py
[2025-09-15T09:07:19.851+0000] {processor.py:840} INFO - DAG(s) 'bike_hour_pipeline' retrieved from /opt/airflow/dags/bike_hour_dag.py
[2025-09-15T09:07:19.878+0000] {logging_mixin.py:188} INFO - [2025-09-15T09:07:19.878+0000] {dag.py:3096} INFO - Sync 1 DAGs
[2025-09-15T09:07:19.899+0000] {logging_mixin.py:188} INFO - [2025-09-15T09:07:19.899+0000] {dag.py:3954} INFO - Setting next_dagrun for bike_hour_pipeline to 2025-09-14 00:00:00+00:00, run_after=2025-09-15 00:00:00+00:00
[2025-09-15T09:07:19.919+0000] {processor.py:183} INFO - Processing /opt/airflow/dags/bike_hour_dag.py took 0.095 seconds
[2025-09-15T09:07:50.113+0000] {processor.py:161} INFO - Started process (PID=10353) to work on /opt/airflow/dags/bike_hour_dag.py
[2025-09-15T09:07:50.116+0000] {processor.py:830} INFO - Processing file /opt/airflow/dags/bike_hour_dag.py for tasks to queue
[2025-09-15T09:07:50.117+0000] {logging_mixin.py:188} INFO - [2025-09-15T09:07:50.117+0000] {dagbag.py:540} INFO - Filling up the DagBag from /opt/airflow/dags/bike_hour_dag.py
[2025-09-15T09:07:50.146+0000] {processor.py:840} INFO - DAG(s) 'bike_hour_pipeline' retrieved from /opt/airflow/dags/bike_hour_dag.py
[2025-09-15T09:07:50.180+0000] {logging_mixin.py:188} INFO - [2025-09-15T09:07:50.179+0000] {dag.py:3096} INFO - Sync 1 DAGs
[2025-09-15T09:07:50.206+0000] {logging_mixin.py:188} INFO - [2025-09-15T09:07:50.205+0000] {dag.py:3954} INFO - Setting next_dagrun for bike_hour_pipeline to 2025-09-14 00:00:00+00:00, run_after=2025-09-15 00:00:00+00:00
[2025-09-15T09:07:50.230+0000] {processor.py:183} INFO - Processing /opt/airflow/dags/bike_hour_dag.py took 0.128 seconds
[2025-09-15T09:08:20.497+0000] {processor.py:161} INFO - Started process (PID=10388) to work on /opt/airflow/dags/bike_hour_dag.py
[2025-09-15T09:08:20.499+0000] {processor.py:830} INFO - Processing file /opt/airflow/dags/bike_hour_dag.py for tasks to queue
[2025-09-15T09:08:20.500+0000] {logging_mixin.py:188} INFO - [2025-09-15T09:08:20.499+0000] {dagbag.py:540} INFO - Filling up the DagBag from /opt/airflow/dags/bike_hour_dag.py
[2025-09-15T09:08:20.528+0000] {processor.py:840} INFO - DAG(s) 'bike_hour_pipeline' retrieved from /opt/airflow/dags/bike_hour_dag.py
[2025-09-15T09:08:20.555+0000] {logging_mixin.py:188} INFO - [2025-09-15T09:08:20.554+0000] {dag.py:3096} INFO - Sync 1 DAGs
[2025-09-15T09:08:20.579+0000] {logging_mixin.py:188} INFO - [2025-09-15T09:08:20.579+0000] {dag.py:3954} INFO - Setting next_dagrun for bike_hour_pipeline to 2025-09-14 00:00:00+00:00, run_after=2025-09-15 00:00:00+00:00
[2025-09-15T09:08:20.598+0000] {processor.py:183} INFO - Processing /opt/airflow/dags/bike_hour_dag.py took 0.107 seconds
[2025-09-15T09:08:51.233+0000] {processor.py:161} INFO - Started process (PID=10423) to work on /opt/airflow/dags/bike_hour_dag.py
[2025-09-15T09:08:51.235+0000] {processor.py:830} INFO - Processing file /opt/airflow/dags/bike_hour_dag.py for tasks to queue
[2025-09-15T09:08:51.236+0000] {logging_mixin.py:188} INFO - [2025-09-15T09:08:51.235+0000] {dagbag.py:540} INFO - Filling up the DagBag from /opt/airflow/dags/bike_hour_dag.py
[2025-09-15T09:08:51.257+0000] {processor.py:840} INFO - DAG(s) 'bike_hour_pipeline' retrieved from /opt/airflow/dags/bike_hour_dag.py
[2025-09-15T09:08:51.288+0000] {logging_mixin.py:188} INFO - [2025-09-15T09:08:51.288+0000] {dag.py:3096} INFO - Sync 1 DAGs
[2025-09-15T09:08:51.311+0000] {logging_mixin.py:188} INFO - [2025-09-15T09:08:51.310+0000] {dag.py:3954} INFO - Setting next_dagrun for bike_hour_pipeline to 2025-09-14 00:00:00+00:00, run_after=2025-09-15 00:00:00+00:00
[2025-09-15T09:08:51.332+0000] {processor.py:183} INFO - Processing /opt/airflow/dags/bike_hour_dag.py took 0.107 seconds
[2025-09-15T09:09:21.771+0000] {processor.py:161} INFO - Started process (PID=10456) to work on /opt/airflow/dags/bike_hour_dag.py
[2025-09-15T09:09:21.773+0000] {processor.py:830} INFO - Processing file /opt/airflow/dags/bike_hour_dag.py for tasks to queue
[2025-09-15T09:09:21.775+0000] {logging_mixin.py:188} INFO - [2025-09-15T09:09:21.774+0000] {dagbag.py:540} INFO - Filling up the DagBag from /opt/airflow/dags/bike_hour_dag.py
[2025-09-15T09:09:21.813+0000] {processor.py:840} INFO - DAG(s) 'bike_hour_pipeline' retrieved from /opt/airflow/dags/bike_hour_dag.py
[2025-09-15T09:09:21.879+0000] {logging_mixin.py:188} INFO - [2025-09-15T09:09:21.879+0000] {dag.py:3096} INFO - Sync 1 DAGs
[2025-09-15T09:09:21.904+0000] {logging_mixin.py:188} INFO - [2025-09-15T09:09:21.903+0000] {dag.py:3954} INFO - Setting next_dagrun for bike_hour_pipeline to 2025-09-14 00:00:00+00:00, run_after=2025-09-15 00:00:00+00:00
[2025-09-15T09:09:21.924+0000] {processor.py:183} INFO - Processing /opt/airflow/dags/bike_hour_dag.py took 0.161 seconds
[2025-09-15T09:09:52.572+0000] {processor.py:161} INFO - Started process (PID=10493) to work on /opt/airflow/dags/bike_hour_dag.py
[2025-09-15T09:09:52.573+0000] {processor.py:830} INFO - Processing file /opt/airflow/dags/bike_hour_dag.py for tasks to queue
[2025-09-15T09:09:52.575+0000] {logging_mixin.py:188} INFO - [2025-09-15T09:09:52.574+0000] {dagbag.py:540} INFO - Filling up the DagBag from /opt/airflow/dags/bike_hour_dag.py
[2025-09-15T09:09:52.620+0000] {processor.py:840} INFO - DAG(s) 'bike_hour_pipeline' retrieved from /opt/airflow/dags/bike_hour_dag.py
[2025-09-15T09:09:52.680+0000] {logging_mixin.py:188} INFO - [2025-09-15T09:09:52.680+0000] {dag.py:3096} INFO - Sync 1 DAGs
[2025-09-15T09:09:52.721+0000] {logging_mixin.py:188} INFO - [2025-09-15T09:09:52.720+0000] {dag.py:3954} INFO - Setting next_dagrun for bike_hour_pipeline to 2025-09-14 00:00:00+00:00, run_after=2025-09-15 00:00:00+00:00
[2025-09-15T09:09:52.758+0000] {processor.py:183} INFO - Processing /opt/airflow/dags/bike_hour_dag.py took 0.196 seconds
[2025-09-15T09:10:23.423+0000] {processor.py:161} INFO - Started process (PID=10532) to work on /opt/airflow/dags/bike_hour_dag.py
[2025-09-15T09:10:23.424+0000] {processor.py:830} INFO - Processing file /opt/airflow/dags/bike_hour_dag.py for tasks to queue
[2025-09-15T09:10:23.425+0000] {logging_mixin.py:188} INFO - [2025-09-15T09:10:23.425+0000] {dagbag.py:540} INFO - Filling up the DagBag from /opt/airflow/dags/bike_hour_dag.py
[2025-09-15T09:10:23.448+0000] {processor.py:840} INFO - DAG(s) 'bike_hour_pipeline' retrieved from /opt/airflow/dags/bike_hour_dag.py
[2025-09-15T09:10:23.474+0000] {logging_mixin.py:188} INFO - [2025-09-15T09:10:23.473+0000] {dag.py:3096} INFO - Sync 1 DAGs
[2025-09-15T09:10:23.496+0000] {logging_mixin.py:188} INFO - [2025-09-15T09:10:23.496+0000] {dag.py:3954} INFO - Setting next_dagrun for bike_hour_pipeline to 2025-09-14 00:00:00+00:00, run_after=2025-09-15 00:00:00+00:00
[2025-09-15T09:10:23.515+0000] {processor.py:183} INFO - Processing /opt/airflow/dags/bike_hour_dag.py took 0.097 seconds
[2025-09-15T09:10:54.066+0000] {processor.py:161} INFO - Started process (PID=10567) to work on /opt/airflow/dags/bike_hour_dag.py
[2025-09-15T09:10:54.067+0000] {processor.py:830} INFO - Processing file /opt/airflow/dags/bike_hour_dag.py for tasks to queue
[2025-09-15T09:10:54.068+0000] {logging_mixin.py:188} INFO - [2025-09-15T09:10:54.068+0000] {dagbag.py:540} INFO - Filling up the DagBag from /opt/airflow/dags/bike_hour_dag.py
[2025-09-15T09:10:54.088+0000] {processor.py:840} INFO - DAG(s) 'bike_hour_pipeline' retrieved from /opt/airflow/dags/bike_hour_dag.py
[2025-09-15T09:10:54.113+0000] {logging_mixin.py:188} INFO - [2025-09-15T09:10:54.113+0000] {dag.py:3096} INFO - Sync 1 DAGs
[2025-09-15T09:10:54.132+0000] {logging_mixin.py:188} INFO - [2025-09-15T09:10:54.132+0000] {dag.py:3954} INFO - Setting next_dagrun for bike_hour_pipeline to 2025-09-14 00:00:00+00:00, run_after=2025-09-15 00:00:00+00:00
[2025-09-15T09:10:54.151+0000] {processor.py:183} INFO - Processing /opt/airflow/dags/bike_hour_dag.py took 0.093 seconds
[2025-09-15T09:11:25.494+0000] {processor.py:161} INFO - Started process (PID=10606) to work on /opt/airflow/dags/bike_hour_dag.py
[2025-09-15T09:11:25.495+0000] {processor.py:830} INFO - Processing file /opt/airflow/dags/bike_hour_dag.py for tasks to queue
[2025-09-15T09:11:25.558+0000] {logging_mixin.py:188} INFO - [2025-09-15T09:11:25.496+0000] {dagbag.py:540} INFO - Filling up the DagBag from /opt/airflow/dags/bike_hour_dag.py
[2025-09-15T09:11:25.590+0000] {processor.py:840} INFO - DAG(s) 'bike_hour_pipeline' retrieved from /opt/airflow/dags/bike_hour_dag.py
[2025-09-15T09:11:25.617+0000] {logging_mixin.py:188} INFO - [2025-09-15T09:11:25.617+0000] {dag.py:3096} INFO - Sync 1 DAGs
[2025-09-15T09:11:25.671+0000] {logging_mixin.py:188} INFO - [2025-09-15T09:11:25.670+0000] {dag.py:3954} INFO - Setting next_dagrun for bike_hour_pipeline to 2025-09-14 00:00:00+00:00, run_after=2025-09-15 00:00:00+00:00
[2025-09-15T09:11:25.691+0000] {processor.py:183} INFO - Processing /opt/airflow/dags/bike_hour_dag.py took 0.211 seconds
[2025-09-15T09:11:55.974+0000] {processor.py:161} INFO - Started process (PID=10641) to work on /opt/airflow/dags/bike_hour_dag.py
[2025-09-15T09:11:55.975+0000] {processor.py:830} INFO - Processing file /opt/airflow/dags/bike_hour_dag.py for tasks to queue
[2025-09-15T09:11:55.976+0000] {logging_mixin.py:188} INFO - [2025-09-15T09:11:55.976+0000] {dagbag.py:540} INFO - Filling up the DagBag from /opt/airflow/dags/bike_hour_dag.py
[2025-09-15T09:11:55.996+0000] {processor.py:840} INFO - DAG(s) 'bike_hour_pipeline' retrieved from /opt/airflow/dags/bike_hour_dag.py
[2025-09-15T09:11:56.022+0000] {logging_mixin.py:188} INFO - [2025-09-15T09:11:56.021+0000] {dag.py:3096} INFO - Sync 1 DAGs
[2025-09-15T09:11:56.042+0000] {logging_mixin.py:188} INFO - [2025-09-15T09:11:56.042+0000] {dag.py:3954} INFO - Setting next_dagrun for bike_hour_pipeline to 2025-09-14 00:00:00+00:00, run_after=2025-09-15 00:00:00+00:00
[2025-09-15T09:11:56.063+0000] {processor.py:183} INFO - Processing /opt/airflow/dags/bike_hour_dag.py took 0.096 seconds
[2025-09-15T09:12:26.880+0000] {processor.py:161} INFO - Started process (PID=10676) to work on /opt/airflow/dags/bike_hour_dag.py
[2025-09-15T09:12:26.881+0000] {processor.py:830} INFO - Processing file /opt/airflow/dags/bike_hour_dag.py for tasks to queue
[2025-09-15T09:12:26.882+0000] {logging_mixin.py:188} INFO - [2025-09-15T09:12:26.882+0000] {dagbag.py:540} INFO - Filling up the DagBag from /opt/airflow/dags/bike_hour_dag.py
[2025-09-15T09:12:26.905+0000] {processor.py:840} INFO - DAG(s) 'bike_hour_pipeline' retrieved from /opt/airflow/dags/bike_hour_dag.py
[2025-09-15T09:12:26.931+0000] {logging_mixin.py:188} INFO - [2025-09-15T09:12:26.931+0000] {dag.py:3096} INFO - Sync 1 DAGs
[2025-09-15T09:12:26.950+0000] {logging_mixin.py:188} INFO - [2025-09-15T09:12:26.950+0000] {dag.py:3954} INFO - Setting next_dagrun for bike_hour_pipeline to 2025-09-14 00:00:00+00:00, run_after=2025-09-15 00:00:00+00:00
[2025-09-15T09:12:26.972+0000] {processor.py:183} INFO - Processing /opt/airflow/dags/bike_hour_dag.py took 0.098 seconds
[2025-09-15T09:12:57.218+0000] {processor.py:161} INFO - Started process (PID=10711) to work on /opt/airflow/dags/bike_hour_dag.py
[2025-09-15T09:12:57.220+0000] {processor.py:830} INFO - Processing file /opt/airflow/dags/bike_hour_dag.py for tasks to queue
[2025-09-15T09:12:57.221+0000] {logging_mixin.py:188} INFO - [2025-09-15T09:12:57.221+0000] {dagbag.py:540} INFO - Filling up the DagBag from /opt/airflow/dags/bike_hour_dag.py
[2025-09-15T09:12:57.258+0000] {processor.py:840} INFO - DAG(s) 'bike_hour_pipeline' retrieved from /opt/airflow/dags/bike_hour_dag.py
[2025-09-15T09:12:57.322+0000] {logging_mixin.py:188} INFO - [2025-09-15T09:12:57.322+0000] {dag.py:3096} INFO - Sync 1 DAGs
[2025-09-15T09:12:57.360+0000] {logging_mixin.py:188} INFO - [2025-09-15T09:12:57.359+0000] {dag.py:3954} INFO - Setting next_dagrun for bike_hour_pipeline to 2025-09-14 00:00:00+00:00, run_after=2025-09-15 00:00:00+00:00
[2025-09-15T09:12:57.423+0000] {processor.py:183} INFO - Processing /opt/airflow/dags/bike_hour_dag.py took 0.219 seconds
[2025-09-15T09:13:27.620+0000] {processor.py:161} INFO - Started process (PID=10746) to work on /opt/airflow/dags/bike_hour_dag.py
[2025-09-15T09:13:27.621+0000] {processor.py:830} INFO - Processing file /opt/airflow/dags/bike_hour_dag.py for tasks to queue
[2025-09-15T09:13:27.622+0000] {logging_mixin.py:188} INFO - [2025-09-15T09:13:27.622+0000] {dagbag.py:540} INFO - Filling up the DagBag from /opt/airflow/dags/bike_hour_dag.py
[2025-09-15T09:13:27.647+0000] {processor.py:840} INFO - DAG(s) 'bike_hour_pipeline' retrieved from /opt/airflow/dags/bike_hour_dag.py
[2025-09-15T09:13:27.677+0000] {logging_mixin.py:188} INFO - [2025-09-15T09:13:27.677+0000] {dag.py:3096} INFO - Sync 1 DAGs
[2025-09-15T09:13:27.701+0000] {logging_mixin.py:188} INFO - [2025-09-15T09:13:27.701+0000] {dag.py:3954} INFO - Setting next_dagrun for bike_hour_pipeline to 2025-09-14 00:00:00+00:00, run_after=2025-09-15 00:00:00+00:00
[2025-09-15T09:13:27.720+0000] {processor.py:183} INFO - Processing /opt/airflow/dags/bike_hour_dag.py took 0.106 seconds
[2025-09-15T09:13:58.453+0000] {processor.py:161} INFO - Started process (PID=10781) to work on /opt/airflow/dags/bike_hour_dag.py
[2025-09-15T09:13:58.454+0000] {processor.py:830} INFO - Processing file /opt/airflow/dags/bike_hour_dag.py for tasks to queue
[2025-09-15T09:13:58.455+0000] {logging_mixin.py:188} INFO - [2025-09-15T09:13:58.455+0000] {dagbag.py:540} INFO - Filling up the DagBag from /opt/airflow/dags/bike_hour_dag.py
[2025-09-15T09:13:58.483+0000] {processor.py:840} INFO - DAG(s) 'bike_hour_pipeline' retrieved from /opt/airflow/dags/bike_hour_dag.py
[2025-09-15T09:13:58.520+0000] {logging_mixin.py:188} INFO - [2025-09-15T09:13:58.520+0000] {dag.py:3096} INFO - Sync 1 DAGs
[2025-09-15T09:13:58.544+0000] {logging_mixin.py:188} INFO - [2025-09-15T09:13:58.544+0000] {dag.py:3954} INFO - Setting next_dagrun for bike_hour_pipeline to 2025-09-14 00:00:00+00:00, run_after=2025-09-15 00:00:00+00:00
[2025-09-15T09:13:58.564+0000] {processor.py:183} INFO - Processing /opt/airflow/dags/bike_hour_dag.py took 0.121 seconds
[2025-09-15T09:14:28.984+0000] {processor.py:161} INFO - Started process (PID=10818) to work on /opt/airflow/dags/bike_hour_dag.py
[2025-09-15T09:14:28.985+0000] {processor.py:830} INFO - Processing file /opt/airflow/dags/bike_hour_dag.py for tasks to queue
[2025-09-15T09:14:28.986+0000] {logging_mixin.py:188} INFO - [2025-09-15T09:14:28.986+0000] {dagbag.py:540} INFO - Filling up the DagBag from /opt/airflow/dags/bike_hour_dag.py
[2025-09-15T09:14:29.007+0000] {processor.py:840} INFO - DAG(s) 'bike_hour_pipeline' retrieved from /opt/airflow/dags/bike_hour_dag.py
[2025-09-15T09:14:29.036+0000] {logging_mixin.py:188} INFO - [2025-09-15T09:14:29.036+0000] {dag.py:3096} INFO - Sync 1 DAGs
[2025-09-15T09:14:29.059+0000] {logging_mixin.py:188} INFO - [2025-09-15T09:14:29.059+0000] {dag.py:3954} INFO - Setting next_dagrun for bike_hour_pipeline to 2025-09-14 00:00:00+00:00, run_after=2025-09-15 00:00:00+00:00
[2025-09-15T09:14:29.084+0000] {processor.py:183} INFO - Processing /opt/airflow/dags/bike_hour_dag.py took 0.105 seconds
[2025-09-15T09:14:59.646+0000] {processor.py:161} INFO - Started process (PID=10855) to work on /opt/airflow/dags/bike_hour_dag.py
[2025-09-15T09:14:59.648+0000] {processor.py:830} INFO - Processing file /opt/airflow/dags/bike_hour_dag.py for tasks to queue
[2025-09-15T09:14:59.650+0000] {logging_mixin.py:188} INFO - [2025-09-15T09:14:59.649+0000] {dagbag.py:540} INFO - Filling up the DagBag from /opt/airflow/dags/bike_hour_dag.py
[2025-09-15T09:14:59.681+0000] {processor.py:840} INFO - DAG(s) 'bike_hour_pipeline' retrieved from /opt/airflow/dags/bike_hour_dag.py
[2025-09-15T09:14:59.728+0000] {logging_mixin.py:188} INFO - [2025-09-15T09:14:59.728+0000] {dag.py:3096} INFO - Sync 1 DAGs
[2025-09-15T09:14:59.757+0000] {logging_mixin.py:188} INFO - [2025-09-15T09:14:59.757+0000] {dag.py:3954} INFO - Setting next_dagrun for bike_hour_pipeline to 2025-09-14 00:00:00+00:00, run_after=2025-09-15 00:00:00+00:00
[2025-09-15T09:14:59.783+0000] {processor.py:183} INFO - Processing /opt/airflow/dags/bike_hour_dag.py took 0.146 seconds
[2025-09-15T09:15:30.734+0000] {processor.py:161} INFO - Started process (PID=10890) to work on /opt/airflow/dags/bike_hour_dag.py
[2025-09-15T09:15:30.735+0000] {processor.py:830} INFO - Processing file /opt/airflow/dags/bike_hour_dag.py for tasks to queue
[2025-09-15T09:15:30.736+0000] {logging_mixin.py:188} INFO - [2025-09-15T09:15:30.736+0000] {dagbag.py:540} INFO - Filling up the DagBag from /opt/airflow/dags/bike_hour_dag.py
[2025-09-15T09:15:30.755+0000] {processor.py:840} INFO - DAG(s) 'bike_hour_pipeline' retrieved from /opt/airflow/dags/bike_hour_dag.py
[2025-09-15T09:15:30.781+0000] {logging_mixin.py:188} INFO - [2025-09-15T09:15:30.781+0000] {dag.py:3096} INFO - Sync 1 DAGs
[2025-09-15T09:15:30.803+0000] {logging_mixin.py:188} INFO - [2025-09-15T09:15:30.803+0000] {dag.py:3954} INFO - Setting next_dagrun for bike_hour_pipeline to 2025-09-14 00:00:00+00:00, run_after=2025-09-15 00:00:00+00:00
[2025-09-15T09:15:30.821+0000] {processor.py:183} INFO - Processing /opt/airflow/dags/bike_hour_dag.py took 0.093 seconds
[2025-09-15T09:16:01.291+0000] {processor.py:161} INFO - Started process (PID=10925) to work on /opt/airflow/dags/bike_hour_dag.py
[2025-09-15T09:16:01.292+0000] {processor.py:830} INFO - Processing file /opt/airflow/dags/bike_hour_dag.py for tasks to queue
[2025-09-15T09:16:01.293+0000] {logging_mixin.py:188} INFO - [2025-09-15T09:16:01.293+0000] {dagbag.py:540} INFO - Filling up the DagBag from /opt/airflow/dags/bike_hour_dag.py
[2025-09-15T09:16:01.311+0000] {processor.py:840} INFO - DAG(s) 'bike_hour_pipeline' retrieved from /opt/airflow/dags/bike_hour_dag.py
[2025-09-15T09:16:01.336+0000] {logging_mixin.py:188} INFO - [2025-09-15T09:16:01.336+0000] {dag.py:3096} INFO - Sync 1 DAGs
[2025-09-15T09:16:01.357+0000] {logging_mixin.py:188} INFO - [2025-09-15T09:16:01.357+0000] {dag.py:3954} INFO - Setting next_dagrun for bike_hour_pipeline to 2025-09-14 00:00:00+00:00, run_after=2025-09-15 00:00:00+00:00
[2025-09-15T09:16:01.376+0000] {processor.py:183} INFO - Processing /opt/airflow/dags/bike_hour_dag.py took 0.091 seconds
[2025-09-15T09:16:53.910+0000] {processor.py:161} INFO - Started process (PID=198) to work on /opt/airflow/dags/bike_hour_dag.py
[2025-09-15T09:16:53.912+0000] {processor.py:830} INFO - Processing file /opt/airflow/dags/bike_hour_dag.py for tasks to queue
[2025-09-15T09:16:53.914+0000] {logging_mixin.py:188} INFO - [2025-09-15T09:16:53.914+0000] {dagbag.py:540} INFO - Filling up the DagBag from /opt/airflow/dags/bike_hour_dag.py
[2025-09-15T09:16:53.941+0000] {processor.py:840} INFO - DAG(s) 'bike_hour_pipeline' retrieved from /opt/airflow/dags/bike_hour_dag.py
[2025-09-15T09:16:53.966+0000] {logging_mixin.py:188} INFO - [2025-09-15T09:16:53.966+0000] {dag.py:3096} INFO - Sync 1 DAGs
[2025-09-15T09:16:53.995+0000] {logging_mixin.py:188} INFO - [2025-09-15T09:16:53.995+0000] {dag.py:3954} INFO - Setting next_dagrun for bike_hour_pipeline to 2025-09-14 00:00:00+00:00, run_after=2025-09-15 00:00:00+00:00
[2025-09-15T09:16:54.019+0000] {processor.py:183} INFO - Processing /opt/airflow/dags/bike_hour_dag.py took 0.116 seconds
[2025-09-15T09:17:25.355+0000] {processor.py:161} INFO - Started process (PID=233) to work on /opt/airflow/dags/bike_hour_dag.py
[2025-09-15T09:17:25.356+0000] {processor.py:830} INFO - Processing file /opt/airflow/dags/bike_hour_dag.py for tasks to queue
[2025-09-15T09:17:25.358+0000] {logging_mixin.py:188} INFO - [2025-09-15T09:17:25.358+0000] {dagbag.py:540} INFO - Filling up the DagBag from /opt/airflow/dags/bike_hour_dag.py
[2025-09-15T09:17:25.379+0000] {processor.py:840} INFO - DAG(s) 'bike_hour_pipeline' retrieved from /opt/airflow/dags/bike_hour_dag.py
[2025-09-15T09:17:25.468+0000] {logging_mixin.py:188} INFO - [2025-09-15T09:17:25.467+0000] {dag.py:3096} INFO - Sync 1 DAGs
[2025-09-15T09:17:25.488+0000] {logging_mixin.py:188} INFO - [2025-09-15T09:17:25.488+0000] {dag.py:3954} INFO - Setting next_dagrun for bike_hour_pipeline to 2025-09-14 00:00:00+00:00, run_after=2025-09-15 00:00:00+00:00
[2025-09-15T09:17:25.512+0000] {processor.py:183} INFO - Processing /opt/airflow/dags/bike_hour_dag.py took 0.163 seconds
[2025-09-15T09:17:55.924+0000] {processor.py:161} INFO - Started process (PID=270) to work on /opt/airflow/dags/bike_hour_dag.py
[2025-09-15T09:17:55.926+0000] {processor.py:830} INFO - Processing file /opt/airflow/dags/bike_hour_dag.py for tasks to queue
[2025-09-15T09:17:55.929+0000] {logging_mixin.py:188} INFO - [2025-09-15T09:17:55.928+0000] {dagbag.py:540} INFO - Filling up the DagBag from /opt/airflow/dags/bike_hour_dag.py
[2025-09-15T09:17:55.955+0000] {processor.py:840} INFO - DAG(s) 'bike_hour_pipeline' retrieved from /opt/airflow/dags/bike_hour_dag.py
[2025-09-15T09:17:56.001+0000] {logging_mixin.py:188} INFO - [2025-09-15T09:17:56.001+0000] {dag.py:3096} INFO - Sync 1 DAGs
[2025-09-15T09:17:56.030+0000] {logging_mixin.py:188} INFO - [2025-09-15T09:17:56.030+0000] {dag.py:3954} INFO - Setting next_dagrun for bike_hour_pipeline to 2025-09-14 00:00:00+00:00, run_after=2025-09-15 00:00:00+00:00
[2025-09-15T09:17:56.064+0000] {processor.py:183} INFO - Processing /opt/airflow/dags/bike_hour_dag.py took 0.147 seconds
[2025-09-15T09:18:26.519+0000] {processor.py:161} INFO - Started process (PID=307) to work on /opt/airflow/dags/bike_hour_dag.py
[2025-09-15T09:18:26.521+0000] {processor.py:830} INFO - Processing file /opt/airflow/dags/bike_hour_dag.py for tasks to queue
[2025-09-15T09:18:26.524+0000] {logging_mixin.py:188} INFO - [2025-09-15T09:18:26.523+0000] {dagbag.py:540} INFO - Filling up the DagBag from /opt/airflow/dags/bike_hour_dag.py
[2025-09-15T09:18:26.549+0000] {processor.py:840} INFO - DAG(s) 'bike_hour_pipeline' retrieved from /opt/airflow/dags/bike_hour_dag.py
[2025-09-15T09:18:26.588+0000] {logging_mixin.py:188} INFO - [2025-09-15T09:18:26.587+0000] {dag.py:3096} INFO - Sync 1 DAGs
[2025-09-15T09:18:26.609+0000] {logging_mixin.py:188} INFO - [2025-09-15T09:18:26.608+0000] {dag.py:3954} INFO - Setting next_dagrun for bike_hour_pipeline to 2025-09-14 00:00:00+00:00, run_after=2025-09-15 00:00:00+00:00
[2025-09-15T09:18:26.631+0000] {processor.py:183} INFO - Processing /opt/airflow/dags/bike_hour_dag.py took 0.119 seconds
[2025-09-15T09:18:57.206+0000] {processor.py:161} INFO - Started process (PID=342) to work on /opt/airflow/dags/bike_hour_dag.py
[2025-09-15T09:18:57.208+0000] {processor.py:830} INFO - Processing file /opt/airflow/dags/bike_hour_dag.py for tasks to queue
[2025-09-15T09:18:57.211+0000] {logging_mixin.py:188} INFO - [2025-09-15T09:18:57.211+0000] {dagbag.py:540} INFO - Filling up the DagBag from /opt/airflow/dags/bike_hour_dag.py
[2025-09-15T09:18:57.235+0000] {processor.py:840} INFO - DAG(s) 'bike_hour_pipeline' retrieved from /opt/airflow/dags/bike_hour_dag.py
[2025-09-15T09:18:57.262+0000] {logging_mixin.py:188} INFO - [2025-09-15T09:18:57.261+0000] {dag.py:3096} INFO - Sync 1 DAGs
[2025-09-15T09:18:57.285+0000] {logging_mixin.py:188} INFO - [2025-09-15T09:18:57.285+0000] {dag.py:3954} INFO - Setting next_dagrun for bike_hour_pipeline to 2025-09-14 00:00:00+00:00, run_after=2025-09-15 00:00:00+00:00
[2025-09-15T09:18:57.307+0000] {processor.py:183} INFO - Processing /opt/airflow/dags/bike_hour_dag.py took 0.109 seconds
[2025-09-15T09:19:27.985+0000] {processor.py:161} INFO - Started process (PID=377) to work on /opt/airflow/dags/bike_hour_dag.py
[2025-09-15T09:19:27.986+0000] {processor.py:830} INFO - Processing file /opt/airflow/dags/bike_hour_dag.py for tasks to queue
[2025-09-15T09:19:27.988+0000] {logging_mixin.py:188} INFO - [2025-09-15T09:19:27.988+0000] {dagbag.py:540} INFO - Filling up the DagBag from /opt/airflow/dags/bike_hour_dag.py
[2025-09-15T09:19:28.029+0000] {processor.py:840} INFO - DAG(s) 'bike_hour_pipeline' retrieved from /opt/airflow/dags/bike_hour_dag.py
[2025-09-15T09:19:28.091+0000] {logging_mixin.py:188} INFO - [2025-09-15T09:19:28.090+0000] {dag.py:3096} INFO - Sync 1 DAGs
[2025-09-15T09:19:28.119+0000] {logging_mixin.py:188} INFO - [2025-09-15T09:19:28.118+0000] {dag.py:3954} INFO - Setting next_dagrun for bike_hour_pipeline to 2025-09-14 00:00:00+00:00, run_after=2025-09-15 00:00:00+00:00
[2025-09-15T09:19:28.147+0000] {processor.py:183} INFO - Processing /opt/airflow/dags/bike_hour_dag.py took 0.168 seconds
[2025-09-15T09:19:58.553+0000] {processor.py:161} INFO - Started process (PID=422) to work on /opt/airflow/dags/bike_hour_dag.py
[2025-09-15T09:19:58.554+0000] {processor.py:830} INFO - Processing file /opt/airflow/dags/bike_hour_dag.py for tasks to queue
[2025-09-15T09:19:58.557+0000] {logging_mixin.py:188} INFO - [2025-09-15T09:19:58.556+0000] {dagbag.py:540} INFO - Filling up the DagBag from /opt/airflow/dags/bike_hour_dag.py
[2025-09-15T09:19:58.581+0000] {processor.py:840} INFO - DAG(s) 'bike_hour_pipeline' retrieved from /opt/airflow/dags/bike_hour_dag.py
[2025-09-15T09:19:58.612+0000] {logging_mixin.py:188} INFO - [2025-09-15T09:19:58.612+0000] {dag.py:3096} INFO - Sync 1 DAGs
[2025-09-15T09:19:58.637+0000] {logging_mixin.py:188} INFO - [2025-09-15T09:19:58.637+0000] {dag.py:3954} INFO - Setting next_dagrun for bike_hour_pipeline to 2025-09-14 00:00:00+00:00, run_after=2025-09-15 00:00:00+00:00
[2025-09-15T09:19:58.660+0000] {processor.py:183} INFO - Processing /opt/airflow/dags/bike_hour_dag.py took 0.113 seconds
[2025-09-15T09:20:29.530+0000] {processor.py:161} INFO - Started process (PID=457) to work on /opt/airflow/dags/bike_hour_dag.py
[2025-09-15T09:20:29.531+0000] {processor.py:830} INFO - Processing file /opt/airflow/dags/bike_hour_dag.py for tasks to queue
[2025-09-15T09:20:29.534+0000] {logging_mixin.py:188} INFO - [2025-09-15T09:20:29.534+0000] {dagbag.py:540} INFO - Filling up the DagBag from /opt/airflow/dags/bike_hour_dag.py
[2025-09-15T09:20:29.555+0000] {processor.py:840} INFO - DAG(s) 'bike_hour_pipeline' retrieved from /opt/airflow/dags/bike_hour_dag.py
[2025-09-15T09:20:29.583+0000] {logging_mixin.py:188} INFO - [2025-09-15T09:20:29.582+0000] {dag.py:3096} INFO - Sync 1 DAGs
[2025-09-15T09:20:29.604+0000] {logging_mixin.py:188} INFO - [2025-09-15T09:20:29.604+0000] {dag.py:3954} INFO - Setting next_dagrun for bike_hour_pipeline to 2025-09-14 00:00:00+00:00, run_after=2025-09-15 00:00:00+00:00
[2025-09-15T09:20:29.623+0000] {processor.py:183} INFO - Processing /opt/airflow/dags/bike_hour_dag.py took 0.099 seconds
[2025-09-15T09:21:00.514+0000] {processor.py:161} INFO - Started process (PID=494) to work on /opt/airflow/dags/bike_hour_dag.py
[2025-09-15T09:21:00.515+0000] {processor.py:830} INFO - Processing file /opt/airflow/dags/bike_hour_dag.py for tasks to queue
[2025-09-15T09:21:00.515+0000] {logging_mixin.py:188} INFO - [2025-09-15T09:21:00.515+0000] {dagbag.py:540} INFO - Filling up the DagBag from /opt/airflow/dags/bike_hour_dag.py
[2025-09-15T09:21:00.536+0000] {processor.py:840} INFO - DAG(s) 'bike_hour_pipeline' retrieved from /opt/airflow/dags/bike_hour_dag.py
[2025-09-15T09:21:00.562+0000] {logging_mixin.py:188} INFO - [2025-09-15T09:21:00.562+0000] {dag.py:3096} INFO - Sync 1 DAGs
[2025-09-15T09:21:00.582+0000] {logging_mixin.py:188} INFO - [2025-09-15T09:21:00.582+0000] {dag.py:3954} INFO - Setting next_dagrun for bike_hour_pipeline to 2025-09-14 00:00:00+00:00, run_after=2025-09-15 00:00:00+00:00
[2025-09-15T09:21:00.606+0000] {processor.py:183} INFO - Processing /opt/airflow/dags/bike_hour_dag.py took 0.097 seconds
[2025-09-15T09:21:31.022+0000] {processor.py:161} INFO - Started process (PID=529) to work on /opt/airflow/dags/bike_hour_dag.py
[2025-09-15T09:21:31.023+0000] {processor.py:830} INFO - Processing file /opt/airflow/dags/bike_hour_dag.py for tasks to queue
[2025-09-15T09:21:31.024+0000] {logging_mixin.py:188} INFO - [2025-09-15T09:21:31.024+0000] {dagbag.py:540} INFO - Filling up the DagBag from /opt/airflow/dags/bike_hour_dag.py
[2025-09-15T09:21:31.045+0000] {processor.py:840} INFO - DAG(s) 'bike_hour_pipeline' retrieved from /opt/airflow/dags/bike_hour_dag.py
[2025-09-15T09:21:31.071+0000] {logging_mixin.py:188} INFO - [2025-09-15T09:21:31.070+0000] {dag.py:3096} INFO - Sync 1 DAGs
[2025-09-15T09:21:31.091+0000] {logging_mixin.py:188} INFO - [2025-09-15T09:21:31.091+0000] {dag.py:3954} INFO - Setting next_dagrun for bike_hour_pipeline to 2025-09-14 00:00:00+00:00, run_after=2025-09-15 00:00:00+00:00
[2025-09-15T09:21:31.110+0000] {processor.py:183} INFO - Processing /opt/airflow/dags/bike_hour_dag.py took 0.094 seconds
[2025-09-15T09:22:01.338+0000] {processor.py:161} INFO - Started process (PID=564) to work on /opt/airflow/dags/bike_hour_dag.py
[2025-09-15T09:22:01.339+0000] {processor.py:830} INFO - Processing file /opt/airflow/dags/bike_hour_dag.py for tasks to queue
[2025-09-15T09:22:01.340+0000] {logging_mixin.py:188} INFO - [2025-09-15T09:22:01.340+0000] {dagbag.py:540} INFO - Filling up the DagBag from /opt/airflow/dags/bike_hour_dag.py
[2025-09-15T09:22:01.361+0000] {processor.py:840} INFO - DAG(s) 'bike_hour_pipeline' retrieved from /opt/airflow/dags/bike_hour_dag.py
[2025-09-15T09:22:01.389+0000] {logging_mixin.py:188} INFO - [2025-09-15T09:22:01.388+0000] {dag.py:3096} INFO - Sync 1 DAGs
[2025-09-15T09:22:01.408+0000] {logging_mixin.py:188} INFO - [2025-09-15T09:22:01.408+0000] {dag.py:3954} INFO - Setting next_dagrun for bike_hour_pipeline to 2025-09-14 00:00:00+00:00, run_after=2025-09-15 00:00:00+00:00
[2025-09-15T09:22:01.431+0000] {processor.py:183} INFO - Processing /opt/airflow/dags/bike_hour_dag.py took 0.099 seconds
[2025-09-15T09:22:31.617+0000] {processor.py:161} INFO - Started process (PID=599) to work on /opt/airflow/dags/bike_hour_dag.py
[2025-09-15T09:22:31.618+0000] {processor.py:830} INFO - Processing file /opt/airflow/dags/bike_hour_dag.py for tasks to queue
[2025-09-15T09:22:31.619+0000] {logging_mixin.py:188} INFO - [2025-09-15T09:22:31.619+0000] {dagbag.py:540} INFO - Filling up the DagBag from /opt/airflow/dags/bike_hour_dag.py
[2025-09-15T09:22:31.637+0000] {processor.py:840} INFO - DAG(s) 'bike_hour_pipeline' retrieved from /opt/airflow/dags/bike_hour_dag.py
[2025-09-15T09:22:31.661+0000] {logging_mixin.py:188} INFO - [2025-09-15T09:22:31.661+0000] {dag.py:3096} INFO - Sync 1 DAGs
[2025-09-15T09:22:31.679+0000] {logging_mixin.py:188} INFO - [2025-09-15T09:22:31.679+0000] {dag.py:3954} INFO - Setting next_dagrun for bike_hour_pipeline to 2025-09-14 00:00:00+00:00, run_after=2025-09-15 00:00:00+00:00
[2025-09-15T09:22:31.703+0000] {processor.py:183} INFO - Processing /opt/airflow/dags/bike_hour_dag.py took 0.092 seconds
[2025-09-15T09:23:02.474+0000] {processor.py:161} INFO - Started process (PID=639) to work on /opt/airflow/dags/bike_hour_dag.py
[2025-09-15T09:23:02.475+0000] {processor.py:830} INFO - Processing file /opt/airflow/dags/bike_hour_dag.py for tasks to queue
[2025-09-15T09:23:02.476+0000] {logging_mixin.py:188} INFO - [2025-09-15T09:23:02.476+0000] {dagbag.py:540} INFO - Filling up the DagBag from /opt/airflow/dags/bike_hour_dag.py
[2025-09-15T09:23:02.494+0000] {processor.py:840} INFO - DAG(s) 'bike_hour_pipeline' retrieved from /opt/airflow/dags/bike_hour_dag.py
[2025-09-15T09:23:02.520+0000] {logging_mixin.py:188} INFO - [2025-09-15T09:23:02.520+0000] {dag.py:3096} INFO - Sync 1 DAGs
[2025-09-15T09:23:02.539+0000] {logging_mixin.py:188} INFO - [2025-09-15T09:23:02.538+0000] {dag.py:3954} INFO - Setting next_dagrun for bike_hour_pipeline to 2025-09-14 00:00:00+00:00, run_after=2025-09-15 00:00:00+00:00
[2025-09-15T09:23:02.558+0000] {processor.py:183} INFO - Processing /opt/airflow/dags/bike_hour_dag.py took 0.089 seconds
[2025-09-15T09:23:33.499+0000] {processor.py:161} INFO - Started process (PID=702) to work on /opt/airflow/dags/bike_hour_dag.py
[2025-09-15T09:23:33.500+0000] {processor.py:830} INFO - Processing file /opt/airflow/dags/bike_hour_dag.py for tasks to queue
[2025-09-15T09:23:33.501+0000] {logging_mixin.py:188} INFO - [2025-09-15T09:23:33.501+0000] {dagbag.py:540} INFO - Filling up the DagBag from /opt/airflow/dags/bike_hour_dag.py
[2025-09-15T09:23:33.523+0000] {processor.py:840} INFO - DAG(s) 'bike_hour_pipeline' retrieved from /opt/airflow/dags/bike_hour_dag.py
[2025-09-15T09:23:33.551+0000] {logging_mixin.py:188} INFO - [2025-09-15T09:23:33.550+0000] {dag.py:3096} INFO - Sync 1 DAGs
[2025-09-15T09:23:33.573+0000] {logging_mixin.py:188} INFO - [2025-09-15T09:23:33.573+0000] {dag.py:3954} INFO - Setting next_dagrun for bike_hour_pipeline to 2025-09-14 00:00:00+00:00, run_after=2025-09-15 00:00:00+00:00
[2025-09-15T09:23:33.593+0000] {processor.py:183} INFO - Processing /opt/airflow/dags/bike_hour_dag.py took 0.100 seconds
[2025-09-15T09:24:03.971+0000] {processor.py:161} INFO - Started process (PID=737) to work on /opt/airflow/dags/bike_hour_dag.py
[2025-09-15T09:24:03.973+0000] {processor.py:830} INFO - Processing file /opt/airflow/dags/bike_hour_dag.py for tasks to queue
[2025-09-15T09:24:03.974+0000] {logging_mixin.py:188} INFO - [2025-09-15T09:24:03.973+0000] {dagbag.py:540} INFO - Filling up the DagBag from /opt/airflow/dags/bike_hour_dag.py
[2025-09-15T09:24:03.996+0000] {processor.py:840} INFO - DAG(s) 'bike_hour_pipeline' retrieved from /opt/airflow/dags/bike_hour_dag.py
[2025-09-15T09:24:04.031+0000] {logging_mixin.py:188} INFO - [2025-09-15T09:24:04.030+0000] {dag.py:3096} INFO - Sync 1 DAGs
[2025-09-15T09:24:04.057+0000] {logging_mixin.py:188} INFO - [2025-09-15T09:24:04.056+0000] {dag.py:3954} INFO - Setting next_dagrun for bike_hour_pipeline to 2025-09-14 00:00:00+00:00, run_after=2025-09-15 00:00:00+00:00
[2025-09-15T09:24:04.080+0000] {processor.py:183} INFO - Processing /opt/airflow/dags/bike_hour_dag.py took 0.115 seconds
[2025-09-15T09:24:34.295+0000] {processor.py:161} INFO - Started process (PID=772) to work on /opt/airflow/dags/bike_hour_dag.py
[2025-09-15T09:24:34.296+0000] {processor.py:830} INFO - Processing file /opt/airflow/dags/bike_hour_dag.py for tasks to queue
[2025-09-15T09:24:34.297+0000] {logging_mixin.py:188} INFO - [2025-09-15T09:24:34.297+0000] {dagbag.py:540} INFO - Filling up the DagBag from /opt/airflow/dags/bike_hour_dag.py
[2025-09-15T09:24:34.317+0000] {processor.py:840} INFO - DAG(s) 'bike_hour_pipeline' retrieved from /opt/airflow/dags/bike_hour_dag.py
[2025-09-15T09:24:34.344+0000] {logging_mixin.py:188} INFO - [2025-09-15T09:24:34.344+0000] {dag.py:3096} INFO - Sync 1 DAGs
[2025-09-15T09:24:34.366+0000] {logging_mixin.py:188} INFO - [2025-09-15T09:24:34.366+0000] {dag.py:3954} INFO - Setting next_dagrun for bike_hour_pipeline to 2025-09-14 00:00:00+00:00, run_after=2025-09-15 00:00:00+00:00
[2025-09-15T09:24:34.387+0000] {processor.py:183} INFO - Processing /opt/airflow/dags/bike_hour_dag.py took 0.097 seconds
[2025-09-15T09:25:05.006+0000] {processor.py:161} INFO - Started process (PID=807) to work on /opt/airflow/dags/bike_hour_dag.py
[2025-09-15T09:25:05.008+0000] {processor.py:830} INFO - Processing file /opt/airflow/dags/bike_hour_dag.py for tasks to queue
[2025-09-15T09:25:05.009+0000] {logging_mixin.py:188} INFO - [2025-09-15T09:25:05.008+0000] {dagbag.py:540} INFO - Filling up the DagBag from /opt/airflow/dags/bike_hour_dag.py
[2025-09-15T09:25:05.031+0000] {processor.py:840} INFO - DAG(s) 'bike_hour_pipeline' retrieved from /opt/airflow/dags/bike_hour_dag.py
[2025-09-15T09:25:05.059+0000] {logging_mixin.py:188} INFO - [2025-09-15T09:25:05.058+0000] {dag.py:3096} INFO - Sync 1 DAGs
[2025-09-15T09:25:05.080+0000] {logging_mixin.py:188} INFO - [2025-09-15T09:25:05.080+0000] {dag.py:3954} INFO - Setting next_dagrun for bike_hour_pipeline to 2025-09-14 00:00:00+00:00, run_after=2025-09-15 00:00:00+00:00
[2025-09-15T09:25:05.101+0000] {processor.py:183} INFO - Processing /opt/airflow/dags/bike_hour_dag.py took 0.101 seconds
[2025-09-15T09:25:35.498+0000] {processor.py:161} INFO - Started process (PID=846) to work on /opt/airflow/dags/bike_hour_dag.py
[2025-09-15T09:25:35.499+0000] {processor.py:830} INFO - Processing file /opt/airflow/dags/bike_hour_dag.py for tasks to queue
[2025-09-15T09:25:35.500+0000] {logging_mixin.py:188} INFO - [2025-09-15T09:25:35.500+0000] {dagbag.py:540} INFO - Filling up the DagBag from /opt/airflow/dags/bike_hour_dag.py
[2025-09-15T09:25:35.520+0000] {processor.py:840} INFO - DAG(s) 'bike_hour_pipeline' retrieved from /opt/airflow/dags/bike_hour_dag.py
[2025-09-15T09:25:35.546+0000] {logging_mixin.py:188} INFO - [2025-09-15T09:25:35.546+0000] {dag.py:3096} INFO - Sync 1 DAGs
[2025-09-15T09:25:35.566+0000] {logging_mixin.py:188} INFO - [2025-09-15T09:25:35.566+0000] {dag.py:3954} INFO - Setting next_dagrun for bike_hour_pipeline to 2025-09-14 00:00:00+00:00, run_after=2025-09-15 00:00:00+00:00
[2025-09-15T09:25:35.590+0000] {processor.py:183} INFO - Processing /opt/airflow/dags/bike_hour_dag.py took 0.098 seconds
[2025-09-15T09:26:05.851+0000] {processor.py:161} INFO - Started process (PID=883) to work on /opt/airflow/dags/bike_hour_dag.py
[2025-09-15T09:26:05.853+0000] {processor.py:830} INFO - Processing file /opt/airflow/dags/bike_hour_dag.py for tasks to queue
[2025-09-15T09:26:05.854+0000] {logging_mixin.py:188} INFO - [2025-09-15T09:26:05.854+0000] {dagbag.py:540} INFO - Filling up the DagBag from /opt/airflow/dags/bike_hour_dag.py
[2025-09-15T09:26:05.878+0000] {processor.py:840} INFO - DAG(s) 'bike_hour_pipeline' retrieved from /opt/airflow/dags/bike_hour_dag.py
[2025-09-15T09:26:05.908+0000] {logging_mixin.py:188} INFO - [2025-09-15T09:26:05.907+0000] {dag.py:3096} INFO - Sync 1 DAGs
[2025-09-15T09:26:05.931+0000] {logging_mixin.py:188} INFO - [2025-09-15T09:26:05.931+0000] {dag.py:3954} INFO - Setting next_dagrun for bike_hour_pipeline to 2025-09-14 00:00:00+00:00, run_after=2025-09-15 00:00:00+00:00
[2025-09-15T09:26:05.954+0000] {processor.py:183} INFO - Processing /opt/airflow/dags/bike_hour_dag.py took 0.111 seconds
[2025-09-15T09:26:36.520+0000] {processor.py:161} INFO - Started process (PID=916) to work on /opt/airflow/dags/bike_hour_dag.py
[2025-09-15T09:26:36.522+0000] {processor.py:830} INFO - Processing file /opt/airflow/dags/bike_hour_dag.py for tasks to queue
[2025-09-15T09:26:36.523+0000] {logging_mixin.py:188} INFO - [2025-09-15T09:26:36.522+0000] {dagbag.py:540} INFO - Filling up the DagBag from /opt/airflow/dags/bike_hour_dag.py
[2025-09-15T09:26:36.544+0000] {processor.py:840} INFO - DAG(s) 'bike_hour_pipeline' retrieved from /opt/airflow/dags/bike_hour_dag.py
[2025-09-15T09:26:36.574+0000] {logging_mixin.py:188} INFO - [2025-09-15T09:26:36.574+0000] {dag.py:3096} INFO - Sync 1 DAGs
[2025-09-15T09:26:36.601+0000] {logging_mixin.py:188} INFO - [2025-09-15T09:26:36.601+0000] {dag.py:3954} INFO - Setting next_dagrun for bike_hour_pipeline to 2025-09-14 00:00:00+00:00, run_after=2025-09-15 00:00:00+00:00
[2025-09-15T09:26:36.632+0000] {processor.py:183} INFO - Processing /opt/airflow/dags/bike_hour_dag.py took 0.118 seconds
[2025-09-15T09:27:07.702+0000] {processor.py:161} INFO - Started process (PID=953) to work on /opt/airflow/dags/bike_hour_dag.py
[2025-09-15T09:27:07.703+0000] {processor.py:830} INFO - Processing file /opt/airflow/dags/bike_hour_dag.py for tasks to queue
[2025-09-15T09:27:07.704+0000] {logging_mixin.py:188} INFO - [2025-09-15T09:27:07.703+0000] {dagbag.py:540} INFO - Filling up the DagBag from /opt/airflow/dags/bike_hour_dag.py
[2025-09-15T09:27:07.725+0000] {processor.py:840} INFO - DAG(s) 'bike_hour_pipeline' retrieved from /opt/airflow/dags/bike_hour_dag.py
[2025-09-15T09:27:07.752+0000] {logging_mixin.py:188} INFO - [2025-09-15T09:27:07.752+0000] {dag.py:3096} INFO - Sync 1 DAGs
[2025-09-15T09:27:07.780+0000] {logging_mixin.py:188} INFO - [2025-09-15T09:27:07.780+0000] {dag.py:3954} INFO - Setting next_dagrun for bike_hour_pipeline to 2025-09-14 00:00:00+00:00, run_after=2025-09-15 00:00:00+00:00
[2025-09-15T09:27:07.804+0000] {processor.py:183} INFO - Processing /opt/airflow/dags/bike_hour_dag.py took 0.111 seconds
[2025-09-15T09:27:38.410+0000] {processor.py:161} INFO - Started process (PID=988) to work on /opt/airflow/dags/bike_hour_dag.py
[2025-09-15T09:27:38.412+0000] {processor.py:830} INFO - Processing file /opt/airflow/dags/bike_hour_dag.py for tasks to queue
[2025-09-15T09:27:38.414+0000] {logging_mixin.py:188} INFO - [2025-09-15T09:27:38.414+0000] {dagbag.py:540} INFO - Filling up the DagBag from /opt/airflow/dags/bike_hour_dag.py
[2025-09-15T09:27:38.445+0000] {processor.py:840} INFO - DAG(s) 'bike_hour_pipeline' retrieved from /opt/airflow/dags/bike_hour_dag.py
[2025-09-15T09:27:38.485+0000] {logging_mixin.py:188} INFO - [2025-09-15T09:27:38.484+0000] {dag.py:3096} INFO - Sync 1 DAGs
[2025-09-15T09:27:38.510+0000] {logging_mixin.py:188} INFO - [2025-09-15T09:27:38.510+0000] {dag.py:3954} INFO - Setting next_dagrun for bike_hour_pipeline to 2025-09-14 00:00:00+00:00, run_after=2025-09-15 00:00:00+00:00
[2025-09-15T09:27:38.529+0000] {processor.py:183} INFO - Processing /opt/airflow/dags/bike_hour_dag.py took 0.129 seconds
[2025-09-15T09:28:09.582+0000] {processor.py:161} INFO - Started process (PID=1025) to work on /opt/airflow/dags/bike_hour_dag.py
[2025-09-15T09:28:09.584+0000] {processor.py:830} INFO - Processing file /opt/airflow/dags/bike_hour_dag.py for tasks to queue
[2025-09-15T09:28:09.586+0000] {logging_mixin.py:188} INFO - [2025-09-15T09:28:09.585+0000] {dagbag.py:540} INFO - Filling up the DagBag from /opt/airflow/dags/bike_hour_dag.py
[2025-09-15T09:28:09.620+0000] {processor.py:840} INFO - DAG(s) 'bike_hour_pipeline' retrieved from /opt/airflow/dags/bike_hour_dag.py
[2025-09-15T09:28:09.753+0000] {logging_mixin.py:188} INFO - [2025-09-15T09:28:09.752+0000] {dag.py:3096} INFO - Sync 1 DAGs
[2025-09-15T09:28:09.934+0000] {logging_mixin.py:188} INFO - [2025-09-15T09:28:09.934+0000] {dag.py:3954} INFO - Setting next_dagrun for bike_hour_pipeline to 2025-09-14 00:00:00+00:00, run_after=2025-09-15 00:00:00+00:00
[2025-09-15T09:28:10.041+0000] {processor.py:183} INFO - Processing /opt/airflow/dags/bike_hour_dag.py took 0.467 seconds
[2025-09-15T09:28:40.847+0000] {processor.py:161} INFO - Started process (PID=1060) to work on /opt/airflow/dags/bike_hour_dag.py
[2025-09-15T09:28:40.848+0000] {processor.py:830} INFO - Processing file /opt/airflow/dags/bike_hour_dag.py for tasks to queue
[2025-09-15T09:28:40.849+0000] {logging_mixin.py:188} INFO - [2025-09-15T09:28:40.848+0000] {dagbag.py:540} INFO - Filling up the DagBag from /opt/airflow/dags/bike_hour_dag.py
[2025-09-15T09:28:40.873+0000] {processor.py:840} INFO - DAG(s) 'bike_hour_pipeline' retrieved from /opt/airflow/dags/bike_hour_dag.py
[2025-09-15T09:28:40.907+0000] {logging_mixin.py:188} INFO - [2025-09-15T09:28:40.906+0000] {dag.py:3096} INFO - Sync 1 DAGs
[2025-09-15T09:28:40.935+0000] {logging_mixin.py:188} INFO - [2025-09-15T09:28:40.935+0000] {dag.py:3954} INFO - Setting next_dagrun for bike_hour_pipeline to 2025-09-14 00:00:00+00:00, run_after=2025-09-15 00:00:00+00:00
[2025-09-15T09:28:40.958+0000] {processor.py:183} INFO - Processing /opt/airflow/dags/bike_hour_dag.py took 0.119 seconds
[2025-09-15T09:29:11.474+0000] {processor.py:161} INFO - Started process (PID=1095) to work on /opt/airflow/dags/bike_hour_dag.py
[2025-09-15T09:29:11.475+0000] {processor.py:830} INFO - Processing file /opt/airflow/dags/bike_hour_dag.py for tasks to queue
[2025-09-15T09:29:11.476+0000] {logging_mixin.py:188} INFO - [2025-09-15T09:29:11.476+0000] {dagbag.py:540} INFO - Filling up the DagBag from /opt/airflow/dags/bike_hour_dag.py
[2025-09-15T09:29:11.501+0000] {processor.py:840} INFO - DAG(s) 'bike_hour_pipeline' retrieved from /opt/airflow/dags/bike_hour_dag.py
[2025-09-15T09:29:11.538+0000] {logging_mixin.py:188} INFO - [2025-09-15T09:29:11.538+0000] {dag.py:3096} INFO - Sync 1 DAGs
[2025-09-15T09:29:11.569+0000] {logging_mixin.py:188} INFO - [2025-09-15T09:29:11.568+0000] {dag.py:3954} INFO - Setting next_dagrun for bike_hour_pipeline to 2025-09-14 00:00:00+00:00, run_after=2025-09-15 00:00:00+00:00
[2025-09-15T09:29:11.604+0000] {processor.py:183} INFO - Processing /opt/airflow/dags/bike_hour_dag.py took 0.136 seconds
[2025-09-15T09:29:42.127+0000] {processor.py:161} INFO - Started process (PID=1130) to work on /opt/airflow/dags/bike_hour_dag.py
[2025-09-15T09:29:42.129+0000] {processor.py:830} INFO - Processing file /opt/airflow/dags/bike_hour_dag.py for tasks to queue
[2025-09-15T09:29:42.133+0000] {logging_mixin.py:188} INFO - [2025-09-15T09:29:42.132+0000] {dagbag.py:540} INFO - Filling up the DagBag from /opt/airflow/dags/bike_hour_dag.py
[2025-09-15T09:29:42.167+0000] {processor.py:840} INFO - DAG(s) 'bike_hour_pipeline' retrieved from /opt/airflow/dags/bike_hour_dag.py
[2025-09-15T09:29:42.213+0000] {logging_mixin.py:188} INFO - [2025-09-15T09:29:42.213+0000] {dag.py:3096} INFO - Sync 1 DAGs
[2025-09-15T09:29:42.240+0000] {logging_mixin.py:188} INFO - [2025-09-15T09:29:42.239+0000] {dag.py:3954} INFO - Setting next_dagrun for bike_hour_pipeline to 2025-09-14 00:00:00+00:00, run_after=2025-09-15 00:00:00+00:00
[2025-09-15T09:29:42.279+0000] {processor.py:183} INFO - Processing /opt/airflow/dags/bike_hour_dag.py took 0.166 seconds
[2025-09-15T09:30:12.664+0000] {processor.py:161} INFO - Started process (PID=1169) to work on /opt/airflow/dags/bike_hour_dag.py
[2025-09-15T09:30:12.665+0000] {processor.py:830} INFO - Processing file /opt/airflow/dags/bike_hour_dag.py for tasks to queue
[2025-09-15T09:30:12.665+0000] {logging_mixin.py:188} INFO - [2025-09-15T09:30:12.665+0000] {dagbag.py:540} INFO - Filling up the DagBag from /opt/airflow/dags/bike_hour_dag.py
[2025-09-15T09:30:12.685+0000] {processor.py:840} INFO - DAG(s) 'bike_hour_pipeline' retrieved from /opt/airflow/dags/bike_hour_dag.py
[2025-09-15T09:30:12.716+0000] {logging_mixin.py:188} INFO - [2025-09-15T09:30:12.716+0000] {dag.py:3096} INFO - Sync 1 DAGs
[2025-09-15T09:30:12.739+0000] {logging_mixin.py:188} INFO - [2025-09-15T09:30:12.739+0000] {dag.py:3954} INFO - Setting next_dagrun for bike_hour_pipeline to 2025-09-14 00:00:00+00:00, run_after=2025-09-15 00:00:00+00:00
[2025-09-15T09:30:12.761+0000] {processor.py:183} INFO - Processing /opt/airflow/dags/bike_hour_dag.py took 0.103 seconds
[2025-09-15T09:30:43.682+0000] {processor.py:161} INFO - Started process (PID=1204) to work on /opt/airflow/dags/bike_hour_dag.py
[2025-09-15T09:30:43.685+0000] {processor.py:830} INFO - Processing file /opt/airflow/dags/bike_hour_dag.py for tasks to queue
[2025-09-15T09:30:43.687+0000] {logging_mixin.py:188} INFO - [2025-09-15T09:30:43.686+0000] {dagbag.py:540} INFO - Filling up the DagBag from /opt/airflow/dags/bike_hour_dag.py
[2025-09-15T09:30:43.723+0000] {processor.py:840} INFO - DAG(s) 'bike_hour_pipeline' retrieved from /opt/airflow/dags/bike_hour_dag.py
[2025-09-15T09:30:43.771+0000] {logging_mixin.py:188} INFO - [2025-09-15T09:30:43.770+0000] {dag.py:3096} INFO - Sync 1 DAGs
[2025-09-15T09:30:43.810+0000] {logging_mixin.py:188} INFO - [2025-09-15T09:30:43.810+0000] {dag.py:3954} INFO - Setting next_dagrun for bike_hour_pipeline to 2025-09-14 00:00:00+00:00, run_after=2025-09-15 00:00:00+00:00
[2025-09-15T09:30:43.868+0000] {processor.py:183} INFO - Processing /opt/airflow/dags/bike_hour_dag.py took 0.195 seconds
[2025-09-15T09:31:14.235+0000] {processor.py:161} INFO - Started process (PID=1239) to work on /opt/airflow/dags/bike_hour_dag.py
[2025-09-15T09:31:14.236+0000] {processor.py:830} INFO - Processing file /opt/airflow/dags/bike_hour_dag.py for tasks to queue
[2025-09-15T09:31:14.238+0000] {logging_mixin.py:188} INFO - [2025-09-15T09:31:14.237+0000] {dagbag.py:540} INFO - Filling up the DagBag from /opt/airflow/dags/bike_hour_dag.py
[2025-09-15T09:31:14.279+0000] {processor.py:840} INFO - DAG(s) 'bike_hour_pipeline' retrieved from /opt/airflow/dags/bike_hour_dag.py
[2025-09-15T09:31:14.490+0000] {logging_mixin.py:188} INFO - [2025-09-15T09:31:14.489+0000] {dag.py:3096} INFO - Sync 1 DAGs
[2025-09-15T09:31:14.739+0000] {logging_mixin.py:188} INFO - [2025-09-15T09:31:14.739+0000] {dag.py:3954} INFO - Setting next_dagrun for bike_hour_pipeline to 2025-09-14 00:00:00+00:00, run_after=2025-09-15 00:00:00+00:00
[2025-09-15T09:31:14.768+0000] {processor.py:183} INFO - Processing /opt/airflow/dags/bike_hour_dag.py took 0.541 seconds
[2025-09-15T09:31:44.954+0000] {processor.py:161} INFO - Started process (PID=1274) to work on /opt/airflow/dags/bike_hour_dag.py
[2025-09-15T09:31:44.956+0000] {processor.py:830} INFO - Processing file /opt/airflow/dags/bike_hour_dag.py for tasks to queue
[2025-09-15T09:31:44.956+0000] {logging_mixin.py:188} INFO - [2025-09-15T09:31:44.956+0000] {dagbag.py:540} INFO - Filling up the DagBag from /opt/airflow/dags/bike_hour_dag.py
[2025-09-15T09:31:44.977+0000] {processor.py:840} INFO - DAG(s) 'bike_hour_pipeline' retrieved from /opt/airflow/dags/bike_hour_dag.py
[2025-09-15T09:31:45.008+0000] {logging_mixin.py:188} INFO - [2025-09-15T09:31:45.008+0000] {dag.py:3096} INFO - Sync 1 DAGs
[2025-09-15T09:31:45.056+0000] {logging_mixin.py:188} INFO - [2025-09-15T09:31:45.056+0000] {dag.py:3954} INFO - Setting next_dagrun for bike_hour_pipeline to 2025-09-14 00:00:00+00:00, run_after=2025-09-15 00:00:00+00:00
[2025-09-15T09:31:45.077+0000] {processor.py:183} INFO - Processing /opt/airflow/dags/bike_hour_dag.py took 0.128 seconds
[2025-09-15T09:32:15.677+0000] {processor.py:161} INFO - Started process (PID=1309) to work on /opt/airflow/dags/bike_hour_dag.py
[2025-09-15T09:32:15.678+0000] {processor.py:830} INFO - Processing file /opt/airflow/dags/bike_hour_dag.py for tasks to queue
[2025-09-15T09:32:15.679+0000] {logging_mixin.py:188} INFO - [2025-09-15T09:32:15.679+0000] {dagbag.py:540} INFO - Filling up the DagBag from /opt/airflow/dags/bike_hour_dag.py
[2025-09-15T09:32:15.705+0000] {processor.py:840} INFO - DAG(s) 'bike_hour_pipeline' retrieved from /opt/airflow/dags/bike_hour_dag.py
[2025-09-15T09:32:15.733+0000] {logging_mixin.py:188} INFO - [2025-09-15T09:32:15.733+0000] {dag.py:3096} INFO - Sync 1 DAGs
[2025-09-15T09:32:15.758+0000] {logging_mixin.py:188} INFO - [2025-09-15T09:32:15.757+0000] {dag.py:3954} INFO - Setting next_dagrun for bike_hour_pipeline to 2025-09-14 00:00:00+00:00, run_after=2025-09-15 00:00:00+00:00
[2025-09-15T09:32:15.780+0000] {processor.py:183} INFO - Processing /opt/airflow/dags/bike_hour_dag.py took 0.110 seconds
[2025-09-15T09:32:46.624+0000] {processor.py:161} INFO - Started process (PID=1344) to work on /opt/airflow/dags/bike_hour_dag.py
[2025-09-15T09:32:46.626+0000] {processor.py:830} INFO - Processing file /opt/airflow/dags/bike_hour_dag.py for tasks to queue
[2025-09-15T09:32:46.627+0000] {logging_mixin.py:188} INFO - [2025-09-15T09:32:46.626+0000] {dagbag.py:540} INFO - Filling up the DagBag from /opt/airflow/dags/bike_hour_dag.py
[2025-09-15T09:32:46.651+0000] {processor.py:840} INFO - DAG(s) 'bike_hour_pipeline' retrieved from /opt/airflow/dags/bike_hour_dag.py
[2025-09-15T09:32:46.680+0000] {logging_mixin.py:188} INFO - [2025-09-15T09:32:46.680+0000] {dag.py:3096} INFO - Sync 1 DAGs
[2025-09-15T09:32:46.707+0000] {logging_mixin.py:188} INFO - [2025-09-15T09:32:46.707+0000] {dag.py:3954} INFO - Setting next_dagrun for bike_hour_pipeline to 2025-09-14 00:00:00+00:00, run_after=2025-09-15 00:00:00+00:00
[2025-09-15T09:32:46.754+0000] {processor.py:183} INFO - Processing /opt/airflow/dags/bike_hour_dag.py took 0.137 seconds
[2025-09-15T09:33:17.252+0000] {processor.py:161} INFO - Started process (PID=1383) to work on /opt/airflow/dags/bike_hour_dag.py
[2025-09-15T09:33:17.253+0000] {processor.py:830} INFO - Processing file /opt/airflow/dags/bike_hour_dag.py for tasks to queue
[2025-09-15T09:33:17.254+0000] {logging_mixin.py:188} INFO - [2025-09-15T09:33:17.253+0000] {dagbag.py:540} INFO - Filling up the DagBag from /opt/airflow/dags/bike_hour_dag.py
[2025-09-15T09:33:17.276+0000] {processor.py:840} INFO - DAG(s) 'bike_hour_pipeline' retrieved from /opt/airflow/dags/bike_hour_dag.py
[2025-09-15T09:33:17.307+0000] {logging_mixin.py:188} INFO - [2025-09-15T09:33:17.307+0000] {dag.py:3096} INFO - Sync 1 DAGs
[2025-09-15T09:33:17.340+0000] {logging_mixin.py:188} INFO - [2025-09-15T09:33:17.339+0000] {dag.py:3954} INFO - Setting next_dagrun for bike_hour_pipeline to 2025-09-14 00:00:00+00:00, run_after=2025-09-15 00:00:00+00:00
[2025-09-15T09:33:17.363+0000] {processor.py:183} INFO - Processing /opt/airflow/dags/bike_hour_dag.py took 0.117 seconds
[2025-09-15T09:33:47.762+0000] {processor.py:161} INFO - Started process (PID=1418) to work on /opt/airflow/dags/bike_hour_dag.py
[2025-09-15T09:33:47.763+0000] {processor.py:830} INFO - Processing file /opt/airflow/dags/bike_hour_dag.py for tasks to queue
[2025-09-15T09:33:47.764+0000] {logging_mixin.py:188} INFO - [2025-09-15T09:33:47.764+0000] {dagbag.py:540} INFO - Filling up the DagBag from /opt/airflow/dags/bike_hour_dag.py
[2025-09-15T09:33:47.782+0000] {processor.py:840} INFO - DAG(s) 'bike_hour_pipeline' retrieved from /opt/airflow/dags/bike_hour_dag.py
[2025-09-15T09:33:47.809+0000] {logging_mixin.py:188} INFO - [2025-09-15T09:33:47.809+0000] {dag.py:3096} INFO - Sync 1 DAGs
[2025-09-15T09:33:47.831+0000] {logging_mixin.py:188} INFO - [2025-09-15T09:33:47.830+0000] {dag.py:3954} INFO - Setting next_dagrun for bike_hour_pipeline to 2025-09-14 00:00:00+00:00, run_after=2025-09-15 00:00:00+00:00
[2025-09-15T09:33:47.851+0000] {processor.py:183} INFO - Processing /opt/airflow/dags/bike_hour_dag.py took 0.093 seconds
[2025-09-15T09:34:18.312+0000] {processor.py:161} INFO - Started process (PID=1453) to work on /opt/airflow/dags/bike_hour_dag.py
[2025-09-15T09:34:18.313+0000] {processor.py:830} INFO - Processing file /opt/airflow/dags/bike_hour_dag.py for tasks to queue
[2025-09-15T09:34:18.315+0000] {logging_mixin.py:188} INFO - [2025-09-15T09:34:18.315+0000] {dagbag.py:540} INFO - Filling up the DagBag from /opt/airflow/dags/bike_hour_dag.py
[2025-09-15T09:34:18.339+0000] {processor.py:840} INFO - DAG(s) 'bike_hour_pipeline' retrieved from /opt/airflow/dags/bike_hour_dag.py
[2025-09-15T09:34:18.377+0000] {logging_mixin.py:188} INFO - [2025-09-15T09:34:18.376+0000] {dag.py:3096} INFO - Sync 1 DAGs
[2025-09-15T09:34:18.401+0000] {logging_mixin.py:188} INFO - [2025-09-15T09:34:18.401+0000] {dag.py:3954} INFO - Setting next_dagrun for bike_hour_pipeline to 2025-09-14 00:00:00+00:00, run_after=2025-09-15 00:00:00+00:00
[2025-09-15T09:34:18.448+0000] {processor.py:183} INFO - Processing /opt/airflow/dags/bike_hour_dag.py took 0.144 seconds
[2025-09-15T09:34:49.035+0000] {processor.py:161} INFO - Started process (PID=1488) to work on /opt/airflow/dags/bike_hour_dag.py
[2025-09-15T09:34:49.036+0000] {processor.py:830} INFO - Processing file /opt/airflow/dags/bike_hour_dag.py for tasks to queue
[2025-09-15T09:34:49.037+0000] {logging_mixin.py:188} INFO - [2025-09-15T09:34:49.036+0000] {dagbag.py:540} INFO - Filling up the DagBag from /opt/airflow/dags/bike_hour_dag.py
[2025-09-15T09:34:49.055+0000] {processor.py:840} INFO - DAG(s) 'bike_hour_pipeline' retrieved from /opt/airflow/dags/bike_hour_dag.py
[2025-09-15T09:34:49.084+0000] {logging_mixin.py:188} INFO - [2025-09-15T09:34:49.083+0000] {dag.py:3096} INFO - Sync 1 DAGs
[2025-09-15T09:34:49.107+0000] {logging_mixin.py:188} INFO - [2025-09-15T09:34:49.107+0000] {dag.py:3954} INFO - Setting next_dagrun for bike_hour_pipeline to 2025-09-14 00:00:00+00:00, run_after=2025-09-15 00:00:00+00:00
[2025-09-15T09:34:49.129+0000] {processor.py:183} INFO - Processing /opt/airflow/dags/bike_hour_dag.py took 0.100 seconds
[2025-09-15T09:35:19.642+0000] {processor.py:161} INFO - Started process (PID=1523) to work on /opt/airflow/dags/bike_hour_dag.py
[2025-09-15T09:35:19.643+0000] {processor.py:830} INFO - Processing file /opt/airflow/dags/bike_hour_dag.py for tasks to queue
[2025-09-15T09:35:19.644+0000] {logging_mixin.py:188} INFO - [2025-09-15T09:35:19.643+0000] {dagbag.py:540} INFO - Filling up the DagBag from /opt/airflow/dags/bike_hour_dag.py
[2025-09-15T09:35:19.667+0000] {processor.py:840} INFO - DAG(s) 'bike_hour_pipeline' retrieved from /opt/airflow/dags/bike_hour_dag.py
[2025-09-15T09:35:19.698+0000] {logging_mixin.py:188} INFO - [2025-09-15T09:35:19.698+0000] {dag.py:3096} INFO - Sync 1 DAGs
[2025-09-15T09:35:19.728+0000] {logging_mixin.py:188} INFO - [2025-09-15T09:35:19.728+0000] {dag.py:3954} INFO - Setting next_dagrun for bike_hour_pipeline to 2025-09-14 00:00:00+00:00, run_after=2025-09-15 00:00:00+00:00
[2025-09-15T09:35:19.752+0000] {processor.py:183} INFO - Processing /opt/airflow/dags/bike_hour_dag.py took 0.116 seconds
[2025-09-15T09:35:50.273+0000] {processor.py:161} INFO - Started process (PID=1558) to work on /opt/airflow/dags/bike_hour_dag.py
[2025-09-15T09:35:50.274+0000] {processor.py:830} INFO - Processing file /opt/airflow/dags/bike_hour_dag.py for tasks to queue
[2025-09-15T09:35:50.275+0000] {logging_mixin.py:188} INFO - [2025-09-15T09:35:50.275+0000] {dagbag.py:540} INFO - Filling up the DagBag from /opt/airflow/dags/bike_hour_dag.py
[2025-09-15T09:35:50.298+0000] {processor.py:840} INFO - DAG(s) 'bike_hour_pipeline' retrieved from /opt/airflow/dags/bike_hour_dag.py
[2025-09-15T09:35:50.329+0000] {logging_mixin.py:188} INFO - [2025-09-15T09:35:50.328+0000] {dag.py:3096} INFO - Sync 1 DAGs
[2025-09-15T09:35:50.357+0000] {logging_mixin.py:188} INFO - [2025-09-15T09:35:50.357+0000] {dag.py:3954} INFO - Setting next_dagrun for bike_hour_pipeline to 2025-09-14 00:00:00+00:00, run_after=2025-09-15 00:00:00+00:00
[2025-09-15T09:35:50.381+0000] {processor.py:183} INFO - Processing /opt/airflow/dags/bike_hour_dag.py took 0.114 seconds
[2025-09-15T09:36:21.079+0000] {processor.py:161} INFO - Started process (PID=1593) to work on /opt/airflow/dags/bike_hour_dag.py
[2025-09-15T09:36:21.080+0000] {processor.py:830} INFO - Processing file /opt/airflow/dags/bike_hour_dag.py for tasks to queue
[2025-09-15T09:36:21.081+0000] {logging_mixin.py:188} INFO - [2025-09-15T09:36:21.081+0000] {dagbag.py:540} INFO - Filling up the DagBag from /opt/airflow/dags/bike_hour_dag.py
[2025-09-15T09:36:21.100+0000] {processor.py:840} INFO - DAG(s) 'bike_hour_pipeline' retrieved from /opt/airflow/dags/bike_hour_dag.py
[2025-09-15T09:36:21.129+0000] {logging_mixin.py:188} INFO - [2025-09-15T09:36:21.128+0000] {dag.py:3096} INFO - Sync 1 DAGs
[2025-09-15T09:36:21.152+0000] {logging_mixin.py:188} INFO - [2025-09-15T09:36:21.152+0000] {dag.py:3954} INFO - Setting next_dagrun for bike_hour_pipeline to 2025-09-14 00:00:00+00:00, run_after=2025-09-15 00:00:00+00:00
[2025-09-15T09:36:21.175+0000] {processor.py:183} INFO - Processing /opt/airflow/dags/bike_hour_dag.py took 0.102 seconds
[2025-09-15T09:36:51.581+0000] {processor.py:161} INFO - Started process (PID=1628) to work on /opt/airflow/dags/bike_hour_dag.py
[2025-09-15T09:36:51.582+0000] {processor.py:830} INFO - Processing file /opt/airflow/dags/bike_hour_dag.py for tasks to queue
[2025-09-15T09:36:51.582+0000] {logging_mixin.py:188} INFO - [2025-09-15T09:36:51.582+0000] {dagbag.py:540} INFO - Filling up the DagBag from /opt/airflow/dags/bike_hour_dag.py
[2025-09-15T09:36:51.609+0000] {processor.py:840} INFO - DAG(s) 'bike_hour_pipeline' retrieved from /opt/airflow/dags/bike_hour_dag.py
[2025-09-15T09:36:51.652+0000] {logging_mixin.py:188} INFO - [2025-09-15T09:36:51.651+0000] {dag.py:3096} INFO - Sync 1 DAGs
[2025-09-15T09:36:51.712+0000] {logging_mixin.py:188} INFO - [2025-09-15T09:36:51.711+0000] {dag.py:3954} INFO - Setting next_dagrun for bike_hour_pipeline to 2025-09-14 00:00:00+00:00, run_after=2025-09-15 00:00:00+00:00
[2025-09-15T09:36:51.750+0000] {processor.py:183} INFO - Processing /opt/airflow/dags/bike_hour_dag.py took 0.176 seconds
[2025-09-15T09:37:22.374+0000] {processor.py:161} INFO - Started process (PID=1663) to work on /opt/airflow/dags/bike_hour_dag.py
[2025-09-15T09:37:22.375+0000] {processor.py:830} INFO - Processing file /opt/airflow/dags/bike_hour_dag.py for tasks to queue
[2025-09-15T09:37:22.376+0000] {logging_mixin.py:188} INFO - [2025-09-15T09:37:22.375+0000] {dagbag.py:540} INFO - Filling up the DagBag from /opt/airflow/dags/bike_hour_dag.py
[2025-09-15T09:37:22.394+0000] {processor.py:840} INFO - DAG(s) 'bike_hour_pipeline' retrieved from /opt/airflow/dags/bike_hour_dag.py
[2025-09-15T09:37:22.421+0000] {logging_mixin.py:188} INFO - [2025-09-15T09:37:22.420+0000] {dag.py:3096} INFO - Sync 1 DAGs
[2025-09-15T09:37:22.441+0000] {logging_mixin.py:188} INFO - [2025-09-15T09:37:22.441+0000] {dag.py:3954} INFO - Setting next_dagrun for bike_hour_pipeline to 2025-09-14 00:00:00+00:00, run_after=2025-09-15 00:00:00+00:00
[2025-09-15T09:37:22.463+0000] {processor.py:183} INFO - Processing /opt/airflow/dags/bike_hour_dag.py took 0.095 seconds
[2025-09-15T09:37:52.969+0000] {processor.py:161} INFO - Started process (PID=1698) to work on /opt/airflow/dags/bike_hour_dag.py
[2025-09-15T09:37:52.970+0000] {processor.py:830} INFO - Processing file /opt/airflow/dags/bike_hour_dag.py for tasks to queue
[2025-09-15T09:37:52.971+0000] {logging_mixin.py:188} INFO - [2025-09-15T09:37:52.971+0000] {dagbag.py:540} INFO - Filling up the DagBag from /opt/airflow/dags/bike_hour_dag.py
[2025-09-15T09:37:52.991+0000] {processor.py:840} INFO - DAG(s) 'bike_hour_pipeline' retrieved from /opt/airflow/dags/bike_hour_dag.py
[2025-09-15T09:37:53.021+0000] {logging_mixin.py:188} INFO - [2025-09-15T09:37:53.021+0000] {dag.py:3096} INFO - Sync 1 DAGs
[2025-09-15T09:37:53.043+0000] {logging_mixin.py:188} INFO - [2025-09-15T09:37:53.042+0000] {dag.py:3954} INFO - Setting next_dagrun for bike_hour_pipeline to 2025-09-14 00:00:00+00:00, run_after=2025-09-15 00:00:00+00:00
[2025-09-15T09:37:53.063+0000] {processor.py:183} INFO - Processing /opt/airflow/dags/bike_hour_dag.py took 0.099 seconds
[2025-09-15T09:38:24.000+0000] {processor.py:161} INFO - Started process (PID=1733) to work on /opt/airflow/dags/bike_hour_dag.py
[2025-09-15T09:38:24.002+0000] {processor.py:830} INFO - Processing file /opt/airflow/dags/bike_hour_dag.py for tasks to queue
[2025-09-15T09:38:24.003+0000] {logging_mixin.py:188} INFO - [2025-09-15T09:38:24.002+0000] {dagbag.py:540} INFO - Filling up the DagBag from /opt/airflow/dags/bike_hour_dag.py
[2025-09-15T09:38:24.033+0000] {processor.py:840} INFO - DAG(s) 'bike_hour_pipeline' retrieved from /opt/airflow/dags/bike_hour_dag.py
[2025-09-15T09:38:24.068+0000] {logging_mixin.py:188} INFO - [2025-09-15T09:38:24.068+0000] {dag.py:3096} INFO - Sync 1 DAGs
[2025-09-15T09:38:24.099+0000] {logging_mixin.py:188} INFO - [2025-09-15T09:38:24.099+0000] {dag.py:3954} INFO - Setting next_dagrun for bike_hour_pipeline to 2025-09-14 00:00:00+00:00, run_after=2025-09-15 00:00:00+00:00
[2025-09-15T09:38:24.126+0000] {processor.py:183} INFO - Processing /opt/airflow/dags/bike_hour_dag.py took 0.137 seconds
[2025-09-15T09:38:55.161+0000] {processor.py:161} INFO - Started process (PID=1770) to work on /opt/airflow/dags/bike_hour_dag.py
[2025-09-15T09:38:55.162+0000] {processor.py:830} INFO - Processing file /opt/airflow/dags/bike_hour_dag.py for tasks to queue
[2025-09-15T09:38:55.163+0000] {logging_mixin.py:188} INFO - [2025-09-15T09:38:55.163+0000] {dagbag.py:540} INFO - Filling up the DagBag from /opt/airflow/dags/bike_hour_dag.py
[2025-09-15T09:38:55.202+0000] {processor.py:840} INFO - DAG(s) 'bike_hour_pipeline' retrieved from /opt/airflow/dags/bike_hour_dag.py
[2025-09-15T09:38:55.233+0000] {logging_mixin.py:188} INFO - [2025-09-15T09:38:55.232+0000] {dag.py:3096} INFO - Sync 1 DAGs
[2025-09-15T09:38:55.261+0000] {logging_mixin.py:188} INFO - [2025-09-15T09:38:55.260+0000] {dag.py:3954} INFO - Setting next_dagrun for bike_hour_pipeline to 2025-09-14 00:00:00+00:00, run_after=2025-09-15 00:00:00+00:00
[2025-09-15T09:38:55.291+0000] {processor.py:183} INFO - Processing /opt/airflow/dags/bike_hour_dag.py took 0.137 seconds
[2025-09-15T09:39:25.991+0000] {processor.py:161} INFO - Started process (PID=1807) to work on /opt/airflow/dags/bike_hour_dag.py
[2025-09-15T09:39:25.992+0000] {processor.py:830} INFO - Processing file /opt/airflow/dags/bike_hour_dag.py for tasks to queue
[2025-09-15T09:39:25.993+0000] {logging_mixin.py:188} INFO - [2025-09-15T09:39:25.993+0000] {dagbag.py:540} INFO - Filling up the DagBag from /opt/airflow/dags/bike_hour_dag.py
[2025-09-15T09:39:26.018+0000] {processor.py:840} INFO - DAG(s) 'bike_hour_pipeline' retrieved from /opt/airflow/dags/bike_hour_dag.py
[2025-09-15T09:39:26.048+0000] {logging_mixin.py:188} INFO - [2025-09-15T09:39:26.048+0000] {dag.py:3096} INFO - Sync 1 DAGs
[2025-09-15T09:39:26.077+0000] {logging_mixin.py:188} INFO - [2025-09-15T09:39:26.077+0000] {dag.py:3954} INFO - Setting next_dagrun for bike_hour_pipeline to 2025-09-14 00:00:00+00:00, run_after=2025-09-15 00:00:00+00:00
[2025-09-15T09:39:26.098+0000] {processor.py:183} INFO - Processing /opt/airflow/dags/bike_hour_dag.py took 0.113 seconds
[2025-09-15T09:39:56.514+0000] {processor.py:161} INFO - Started process (PID=1842) to work on /opt/airflow/dags/bike_hour_dag.py
[2025-09-15T09:39:56.515+0000] {processor.py:830} INFO - Processing file /opt/airflow/dags/bike_hour_dag.py for tasks to queue
[2025-09-15T09:39:56.516+0000] {logging_mixin.py:188} INFO - [2025-09-15T09:39:56.516+0000] {dagbag.py:540} INFO - Filling up the DagBag from /opt/airflow/dags/bike_hour_dag.py
[2025-09-15T09:39:56.536+0000] {processor.py:840} INFO - DAG(s) 'bike_hour_pipeline' retrieved from /opt/airflow/dags/bike_hour_dag.py
[2025-09-15T09:39:56.562+0000] {logging_mixin.py:188} INFO - [2025-09-15T09:39:56.562+0000] {dag.py:3096} INFO - Sync 1 DAGs
[2025-09-15T09:39:56.580+0000] {logging_mixin.py:188} INFO - [2025-09-15T09:39:56.580+0000] {dag.py:3954} INFO - Setting next_dagrun for bike_hour_pipeline to 2025-09-14 00:00:00+00:00, run_after=2025-09-15 00:00:00+00:00
[2025-09-15T09:39:56.601+0000] {processor.py:183} INFO - Processing /opt/airflow/dags/bike_hour_dag.py took 0.092 seconds
[2025-09-15T09:40:27.236+0000] {processor.py:161} INFO - Started process (PID=1877) to work on /opt/airflow/dags/bike_hour_dag.py
[2025-09-15T09:40:27.237+0000] {processor.py:830} INFO - Processing file /opt/airflow/dags/bike_hour_dag.py for tasks to queue
[2025-09-15T09:40:27.238+0000] {logging_mixin.py:188} INFO - [2025-09-15T09:40:27.237+0000] {dagbag.py:540} INFO - Filling up the DagBag from /opt/airflow/dags/bike_hour_dag.py
[2025-09-15T09:40:27.257+0000] {processor.py:840} INFO - DAG(s) 'bike_hour_pipeline' retrieved from /opt/airflow/dags/bike_hour_dag.py
[2025-09-15T09:40:27.281+0000] {logging_mixin.py:188} INFO - [2025-09-15T09:40:27.281+0000] {dag.py:3096} INFO - Sync 1 DAGs
[2025-09-15T09:40:27.301+0000] {logging_mixin.py:188} INFO - [2025-09-15T09:40:27.301+0000] {dag.py:3954} INFO - Setting next_dagrun for bike_hour_pipeline to 2025-09-14 00:00:00+00:00, run_after=2025-09-15 00:00:00+00:00
[2025-09-15T09:40:27.322+0000] {processor.py:183} INFO - Processing /opt/airflow/dags/bike_hour_dag.py took 0.092 seconds
[2025-09-15T09:40:57.900+0000] {processor.py:161} INFO - Started process (PID=1912) to work on /opt/airflow/dags/bike_hour_dag.py
[2025-09-15T09:40:57.901+0000] {processor.py:830} INFO - Processing file /opt/airflow/dags/bike_hour_dag.py for tasks to queue
[2025-09-15T09:40:57.903+0000] {logging_mixin.py:188} INFO - [2025-09-15T09:40:57.902+0000] {dagbag.py:540} INFO - Filling up the DagBag from /opt/airflow/dags/bike_hour_dag.py
[2025-09-15T09:40:57.922+0000] {processor.py:840} INFO - DAG(s) 'bike_hour_pipeline' retrieved from /opt/airflow/dags/bike_hour_dag.py
[2025-09-15T09:40:57.948+0000] {logging_mixin.py:188} INFO - [2025-09-15T09:40:57.948+0000] {dag.py:3096} INFO - Sync 1 DAGs
[2025-09-15T09:40:57.969+0000] {logging_mixin.py:188} INFO - [2025-09-15T09:40:57.968+0000] {dag.py:3954} INFO - Setting next_dagrun for bike_hour_pipeline to 2025-09-14 00:00:00+00:00, run_after=2025-09-15 00:00:00+00:00
[2025-09-15T09:40:57.988+0000] {processor.py:183} INFO - Processing /opt/airflow/dags/bike_hour_dag.py took 0.096 seconds
[2025-09-15T09:41:28.395+0000] {processor.py:161} INFO - Started process (PID=1947) to work on /opt/airflow/dags/bike_hour_dag.py
[2025-09-15T09:41:28.396+0000] {processor.py:830} INFO - Processing file /opt/airflow/dags/bike_hour_dag.py for tasks to queue
[2025-09-15T09:41:28.397+0000] {logging_mixin.py:188} INFO - [2025-09-15T09:41:28.397+0000] {dagbag.py:540} INFO - Filling up the DagBag from /opt/airflow/dags/bike_hour_dag.py
[2025-09-15T09:41:28.417+0000] {processor.py:840} INFO - DAG(s) 'bike_hour_pipeline' retrieved from /opt/airflow/dags/bike_hour_dag.py
[2025-09-15T09:41:28.444+0000] {logging_mixin.py:188} INFO - [2025-09-15T09:41:28.443+0000] {dag.py:3096} INFO - Sync 1 DAGs
[2025-09-15T09:41:28.463+0000] {logging_mixin.py:188} INFO - [2025-09-15T09:41:28.463+0000] {dag.py:3954} INFO - Setting next_dagrun for bike_hour_pipeline to 2025-09-14 00:00:00+00:00, run_after=2025-09-15 00:00:00+00:00
[2025-09-15T09:41:28.483+0000] {processor.py:183} INFO - Processing /opt/airflow/dags/bike_hour_dag.py took 0.093 seconds
[2025-09-15T09:41:59.271+0000] {processor.py:161} INFO - Started process (PID=1982) to work on /opt/airflow/dags/bike_hour_dag.py
[2025-09-15T09:41:59.272+0000] {processor.py:830} INFO - Processing file /opt/airflow/dags/bike_hour_dag.py for tasks to queue
[2025-09-15T09:41:59.273+0000] {logging_mixin.py:188} INFO - [2025-09-15T09:41:59.273+0000] {dagbag.py:540} INFO - Filling up the DagBag from /opt/airflow/dags/bike_hour_dag.py
[2025-09-15T09:41:59.294+0000] {processor.py:840} INFO - DAG(s) 'bike_hour_pipeline' retrieved from /opt/airflow/dags/bike_hour_dag.py
[2025-09-15T09:41:59.318+0000] {logging_mixin.py:188} INFO - [2025-09-15T09:41:59.318+0000] {dag.py:3096} INFO - Sync 1 DAGs
[2025-09-15T09:41:59.336+0000] {logging_mixin.py:188} INFO - [2025-09-15T09:41:59.336+0000] {dag.py:3954} INFO - Setting next_dagrun for bike_hour_pipeline to 2025-09-14 00:00:00+00:00, run_after=2025-09-15 00:00:00+00:00
[2025-09-15T09:41:59.355+0000] {processor.py:183} INFO - Processing /opt/airflow/dags/bike_hour_dag.py took 0.090 seconds
[2025-09-15T09:42:29.768+0000] {processor.py:161} INFO - Started process (PID=2017) to work on /opt/airflow/dags/bike_hour_dag.py
[2025-09-15T09:42:29.769+0000] {processor.py:830} INFO - Processing file /opt/airflow/dags/bike_hour_dag.py for tasks to queue
[2025-09-15T09:42:29.770+0000] {logging_mixin.py:188} INFO - [2025-09-15T09:42:29.770+0000] {dagbag.py:540} INFO - Filling up the DagBag from /opt/airflow/dags/bike_hour_dag.py
[2025-09-15T09:42:29.792+0000] {processor.py:840} INFO - DAG(s) 'bike_hour_pipeline' retrieved from /opt/airflow/dags/bike_hour_dag.py
[2025-09-15T09:42:29.818+0000] {logging_mixin.py:188} INFO - [2025-09-15T09:42:29.818+0000] {dag.py:3096} INFO - Sync 1 DAGs
[2025-09-15T09:42:29.838+0000] {logging_mixin.py:188} INFO - [2025-09-15T09:42:29.838+0000] {dag.py:3954} INFO - Setting next_dagrun for bike_hour_pipeline to 2025-09-14 00:00:00+00:00, run_after=2025-09-15 00:00:00+00:00
[2025-09-15T09:42:29.860+0000] {processor.py:183} INFO - Processing /opt/airflow/dags/bike_hour_dag.py took 0.098 seconds
[2025-09-15T09:42:58.661+0000] {processor.py:161} INFO - Started process (PID=2052) to work on /opt/airflow/dags/bike_hour_dag.py
[2025-09-15T09:42:58.663+0000] {processor.py:830} INFO - Processing file /opt/airflow/dags/bike_hour_dag.py for tasks to queue
[2025-09-15T09:42:58.664+0000] {logging_mixin.py:188} INFO - [2025-09-15T09:42:58.663+0000] {dagbag.py:540} INFO - Filling up the DagBag from /opt/airflow/dags/bike_hour_dag.py
[2025-09-15T09:42:58.686+0000] {processor.py:840} INFO - DAG(s) 'bike_hour_pipeline' retrieved from /opt/airflow/dags/bike_hour_dag.py
[2025-09-15T09:42:58.715+0000] {logging_mixin.py:188} INFO - [2025-09-15T09:42:58.714+0000] {dag.py:3096} INFO - Sync 1 DAGs
[2025-09-15T09:42:58.735+0000] {logging_mixin.py:188} INFO - [2025-09-15T09:42:58.734+0000] {dag.py:3954} INFO - Setting next_dagrun for bike_hour_pipeline to 2025-09-14 00:00:00+00:00, run_after=2025-09-15 00:00:00+00:00
[2025-09-15T09:42:58.753+0000] {processor.py:183} INFO - Processing /opt/airflow/dags/bike_hour_dag.py took 0.098 seconds
[2025-09-15T09:43:28.875+0000] {processor.py:161} INFO - Started process (PID=2079) to work on /opt/airflow/dags/bike_hour_dag.py
[2025-09-15T09:43:28.876+0000] {processor.py:830} INFO - Processing file /opt/airflow/dags/bike_hour_dag.py for tasks to queue
[2025-09-15T09:43:28.877+0000] {logging_mixin.py:188} INFO - [2025-09-15T09:43:28.877+0000] {dagbag.py:540} INFO - Filling up the DagBag from /opt/airflow/dags/bike_hour_dag.py
[2025-09-15T09:43:28.897+0000] {processor.py:840} INFO - DAG(s) 'bike_hour_pipeline' retrieved from /opt/airflow/dags/bike_hour_dag.py
[2025-09-15T09:43:28.923+0000] {logging_mixin.py:188} INFO - [2025-09-15T09:43:28.923+0000] {dag.py:3096} INFO - Sync 1 DAGs
[2025-09-15T09:43:28.943+0000] {logging_mixin.py:188} INFO - [2025-09-15T09:43:28.942+0000] {dag.py:3954} INFO - Setting next_dagrun for bike_hour_pipeline to 2025-09-14 00:00:00+00:00, run_after=2025-09-15 00:00:00+00:00
[2025-09-15T09:43:28.962+0000] {processor.py:183} INFO - Processing /opt/airflow/dags/bike_hour_dag.py took 0.092 seconds
[2025-09-15T09:43:59.574+0000] {processor.py:161} INFO - Started process (PID=2116) to work on /opt/airflow/dags/bike_hour_dag.py
[2025-09-15T09:43:59.575+0000] {processor.py:830} INFO - Processing file /opt/airflow/dags/bike_hour_dag.py for tasks to queue
[2025-09-15T09:43:59.576+0000] {logging_mixin.py:188} INFO - [2025-09-15T09:43:59.576+0000] {dagbag.py:540} INFO - Filling up the DagBag from /opt/airflow/dags/bike_hour_dag.py
[2025-09-15T09:43:59.600+0000] {processor.py:840} INFO - DAG(s) 'bike_hour_pipeline' retrieved from /opt/airflow/dags/bike_hour_dag.py
[2025-09-15T09:43:59.632+0000] {logging_mixin.py:188} INFO - [2025-09-15T09:43:59.632+0000] {dag.py:3096} INFO - Sync 1 DAGs
[2025-09-15T09:43:59.656+0000] {logging_mixin.py:188} INFO - [2025-09-15T09:43:59.655+0000] {dag.py:3954} INFO - Setting next_dagrun for bike_hour_pipeline to 2025-09-14 00:00:00+00:00, run_after=2025-09-15 00:00:00+00:00
[2025-09-15T09:43:59.676+0000] {processor.py:183} INFO - Processing /opt/airflow/dags/bike_hour_dag.py took 0.109 seconds
[2025-09-15T09:44:30.061+0000] {processor.py:161} INFO - Started process (PID=2153) to work on /opt/airflow/dags/bike_hour_dag.py
[2025-09-15T09:44:30.062+0000] {processor.py:830} INFO - Processing file /opt/airflow/dags/bike_hour_dag.py for tasks to queue
[2025-09-15T09:44:30.065+0000] {logging_mixin.py:188} INFO - [2025-09-15T09:44:30.064+0000] {dagbag.py:540} INFO - Filling up the DagBag from /opt/airflow/dags/bike_hour_dag.py
[2025-09-15T09:44:30.095+0000] {processor.py:840} INFO - DAG(s) 'bike_hour_pipeline' retrieved from /opt/airflow/dags/bike_hour_dag.py
[2025-09-15T09:44:30.121+0000] {logging_mixin.py:188} INFO - [2025-09-15T09:44:30.121+0000] {dag.py:3096} INFO - Sync 1 DAGs
[2025-09-15T09:44:30.144+0000] {logging_mixin.py:188} INFO - [2025-09-15T09:44:30.143+0000] {dag.py:3954} INFO - Setting next_dagrun for bike_hour_pipeline to 2025-09-14 00:00:00+00:00, run_after=2025-09-15 00:00:00+00:00
[2025-09-15T09:44:30.163+0000] {processor.py:183} INFO - Processing /opt/airflow/dags/bike_hour_dag.py took 0.113 seconds
[2025-09-15T09:45:00.594+0000] {processor.py:161} INFO - Started process (PID=2188) to work on /opt/airflow/dags/bike_hour_dag.py
[2025-09-15T09:45:00.595+0000] {processor.py:830} INFO - Processing file /opt/airflow/dags/bike_hour_dag.py for tasks to queue
[2025-09-15T09:45:00.596+0000] {logging_mixin.py:188} INFO - [2025-09-15T09:45:00.596+0000] {dagbag.py:540} INFO - Filling up the DagBag from /opt/airflow/dags/bike_hour_dag.py
[2025-09-15T09:45:00.618+0000] {processor.py:840} INFO - DAG(s) 'bike_hour_pipeline' retrieved from /opt/airflow/dags/bike_hour_dag.py
[2025-09-15T09:45:00.646+0000] {logging_mixin.py:188} INFO - [2025-09-15T09:45:00.645+0000] {dag.py:3096} INFO - Sync 1 DAGs
[2025-09-15T09:45:00.672+0000] {logging_mixin.py:188} INFO - [2025-09-15T09:45:00.671+0000] {dag.py:3954} INFO - Setting next_dagrun for bike_hour_pipeline to 2025-09-14 00:00:00+00:00, run_after=2025-09-15 00:00:00+00:00
[2025-09-15T09:45:00.697+0000] {processor.py:183} INFO - Processing /opt/airflow/dags/bike_hour_dag.py took 0.109 seconds
[2025-09-15T09:45:30.997+0000] {processor.py:161} INFO - Started process (PID=2223) to work on /opt/airflow/dags/bike_hour_dag.py
[2025-09-15T09:45:30.998+0000] {processor.py:830} INFO - Processing file /opt/airflow/dags/bike_hour_dag.py for tasks to queue
[2025-09-15T09:45:30.999+0000] {logging_mixin.py:188} INFO - [2025-09-15T09:45:30.999+0000] {dagbag.py:540} INFO - Filling up the DagBag from /opt/airflow/dags/bike_hour_dag.py
[2025-09-15T09:45:31.021+0000] {processor.py:840} INFO - DAG(s) 'bike_hour_pipeline' retrieved from /opt/airflow/dags/bike_hour_dag.py
[2025-09-15T09:45:31.053+0000] {logging_mixin.py:188} INFO - [2025-09-15T09:45:31.052+0000] {dag.py:3096} INFO - Sync 1 DAGs
[2025-09-15T09:45:31.076+0000] {logging_mixin.py:188} INFO - [2025-09-15T09:45:31.075+0000] {dag.py:3954} INFO - Setting next_dagrun for bike_hour_pipeline to 2025-09-14 00:00:00+00:00, run_after=2025-09-15 00:00:00+00:00
[2025-09-15T09:45:31.098+0000] {processor.py:183} INFO - Processing /opt/airflow/dags/bike_hour_dag.py took 0.107 seconds
[2025-09-15T09:46:01.660+0000] {processor.py:161} INFO - Started process (PID=2260) to work on /opt/airflow/dags/bike_hour_dag.py
[2025-09-15T09:46:01.662+0000] {processor.py:830} INFO - Processing file /opt/airflow/dags/bike_hour_dag.py for tasks to queue
[2025-09-15T09:46:01.663+0000] {logging_mixin.py:188} INFO - [2025-09-15T09:46:01.663+0000] {dagbag.py:540} INFO - Filling up the DagBag from /opt/airflow/dags/bike_hour_dag.py
[2025-09-15T09:46:01.689+0000] {processor.py:840} INFO - DAG(s) 'bike_hour_pipeline' retrieved from /opt/airflow/dags/bike_hour_dag.py
[2025-09-15T09:46:01.723+0000] {logging_mixin.py:188} INFO - [2025-09-15T09:46:01.722+0000] {dag.py:3096} INFO - Sync 1 DAGs
[2025-09-15T09:46:01.750+0000] {logging_mixin.py:188} INFO - [2025-09-15T09:46:01.749+0000] {dag.py:3954} INFO - Setting next_dagrun for bike_hour_pipeline to 2025-09-14 00:00:00+00:00, run_after=2025-09-15 00:00:00+00:00
[2025-09-15T09:46:01.773+0000] {processor.py:183} INFO - Processing /opt/airflow/dags/bike_hour_dag.py took 0.119 seconds
[2025-09-15T09:46:32.081+0000] {processor.py:161} INFO - Started process (PID=2297) to work on /opt/airflow/dags/bike_hour_dag.py
[2025-09-15T09:46:32.082+0000] {processor.py:830} INFO - Processing file /opt/airflow/dags/bike_hour_dag.py for tasks to queue
[2025-09-15T09:46:32.083+0000] {logging_mixin.py:188} INFO - [2025-09-15T09:46:32.083+0000] {dagbag.py:540} INFO - Filling up the DagBag from /opt/airflow/dags/bike_hour_dag.py
[2025-09-15T09:46:32.103+0000] {processor.py:840} INFO - DAG(s) 'bike_hour_pipeline' retrieved from /opt/airflow/dags/bike_hour_dag.py
[2025-09-15T09:46:32.129+0000] {logging_mixin.py:188} INFO - [2025-09-15T09:46:32.129+0000] {dag.py:3096} INFO - Sync 1 DAGs
[2025-09-15T09:46:32.153+0000] {logging_mixin.py:188} INFO - [2025-09-15T09:46:32.153+0000] {dag.py:3954} INFO - Setting next_dagrun for bike_hour_pipeline to 2025-09-14 00:00:00+00:00, run_after=2025-09-15 00:00:00+00:00
[2025-09-15T09:46:32.170+0000] {processor.py:183} INFO - Processing /opt/airflow/dags/bike_hour_dag.py took 0.096 seconds
[2025-09-15T09:47:02.985+0000] {processor.py:161} INFO - Started process (PID=2332) to work on /opt/airflow/dags/bike_hour_dag.py
[2025-09-15T09:47:02.986+0000] {processor.py:830} INFO - Processing file /opt/airflow/dags/bike_hour_dag.py for tasks to queue
[2025-09-15T09:47:02.987+0000] {logging_mixin.py:188} INFO - [2025-09-15T09:47:02.987+0000] {dagbag.py:540} INFO - Filling up the DagBag from /opt/airflow/dags/bike_hour_dag.py
[2025-09-15T09:47:03.008+0000] {processor.py:840} INFO - DAG(s) 'bike_hour_pipeline' retrieved from /opt/airflow/dags/bike_hour_dag.py
[2025-09-15T09:47:03.034+0000] {logging_mixin.py:188} INFO - [2025-09-15T09:47:03.034+0000] {dag.py:3096} INFO - Sync 1 DAGs
[2025-09-15T09:47:03.053+0000] {logging_mixin.py:188} INFO - [2025-09-15T09:47:03.052+0000] {dag.py:3954} INFO - Setting next_dagrun for bike_hour_pipeline to 2025-09-14 00:00:00+00:00, run_after=2025-09-15 00:00:00+00:00
[2025-09-15T09:47:03.070+0000] {processor.py:183} INFO - Processing /opt/airflow/dags/bike_hour_dag.py took 0.091 seconds
[2025-09-15T09:47:33.135+0000] {processor.py:161} INFO - Started process (PID=2365) to work on /opt/airflow/dags/bike_hour_dag.py
[2025-09-15T09:47:33.136+0000] {processor.py:830} INFO - Processing file /opt/airflow/dags/bike_hour_dag.py for tasks to queue
[2025-09-15T09:47:33.137+0000] {logging_mixin.py:188} INFO - [2025-09-15T09:47:33.136+0000] {dagbag.py:540} INFO - Filling up the DagBag from /opt/airflow/dags/bike_hour_dag.py
[2025-09-15T09:47:33.158+0000] {processor.py:840} INFO - DAG(s) 'bike_hour_pipeline' retrieved from /opt/airflow/dags/bike_hour_dag.py
[2025-09-15T09:47:33.185+0000] {logging_mixin.py:188} INFO - [2025-09-15T09:47:33.184+0000] {dag.py:3096} INFO - Sync 1 DAGs
[2025-09-15T09:47:33.202+0000] {logging_mixin.py:188} INFO - [2025-09-15T09:47:33.202+0000] {dag.py:3954} INFO - Setting next_dagrun for bike_hour_pipeline to 2025-09-14 00:00:00+00:00, run_after=2025-09-15 00:00:00+00:00
[2025-09-15T09:47:33.221+0000] {processor.py:183} INFO - Processing /opt/airflow/dags/bike_hour_dag.py took 0.093 seconds
[2025-09-15T09:48:03.676+0000] {processor.py:161} INFO - Started process (PID=2402) to work on /opt/airflow/dags/bike_hour_dag.py
[2025-09-15T09:48:03.677+0000] {processor.py:830} INFO - Processing file /opt/airflow/dags/bike_hour_dag.py for tasks to queue
[2025-09-15T09:48:03.678+0000] {logging_mixin.py:188} INFO - [2025-09-15T09:48:03.678+0000] {dagbag.py:540} INFO - Filling up the DagBag from /opt/airflow/dags/bike_hour_dag.py
[2025-09-15T09:48:03.697+0000] {processor.py:840} INFO - DAG(s) 'bike_hour_pipeline' retrieved from /opt/airflow/dags/bike_hour_dag.py
[2025-09-15T09:48:03.721+0000] {logging_mixin.py:188} INFO - [2025-09-15T09:48:03.721+0000] {dag.py:3096} INFO - Sync 1 DAGs
[2025-09-15T09:48:03.739+0000] {logging_mixin.py:188} INFO - [2025-09-15T09:48:03.739+0000] {dag.py:3954} INFO - Setting next_dagrun for bike_hour_pipeline to 2025-09-14 00:00:00+00:00, run_after=2025-09-15 00:00:00+00:00
[2025-09-15T09:48:03.758+0000] {processor.py:183} INFO - Processing /opt/airflow/dags/bike_hour_dag.py took 0.088 seconds
[2025-09-15T09:48:34.221+0000] {processor.py:161} INFO - Started process (PID=2437) to work on /opt/airflow/dags/bike_hour_dag.py
[2025-09-15T09:48:34.222+0000] {processor.py:830} INFO - Processing file /opt/airflow/dags/bike_hour_dag.py for tasks to queue
[2025-09-15T09:48:34.223+0000] {logging_mixin.py:188} INFO - [2025-09-15T09:48:34.223+0000] {dagbag.py:540} INFO - Filling up the DagBag from /opt/airflow/dags/bike_hour_dag.py
[2025-09-15T09:48:34.244+0000] {processor.py:840} INFO - DAG(s) 'bike_hour_pipeline' retrieved from /opt/airflow/dags/bike_hour_dag.py
[2025-09-15T09:48:34.270+0000] {logging_mixin.py:188} INFO - [2025-09-15T09:48:34.269+0000] {dag.py:3096} INFO - Sync 1 DAGs
[2025-09-15T09:48:34.290+0000] {logging_mixin.py:188} INFO - [2025-09-15T09:48:34.290+0000] {dag.py:3954} INFO - Setting next_dagrun for bike_hour_pipeline to 2025-09-14 00:00:00+00:00, run_after=2025-09-15 00:00:00+00:00
[2025-09-15T09:48:34.309+0000] {processor.py:183} INFO - Processing /opt/airflow/dags/bike_hour_dag.py took 0.095 seconds
[2025-09-15T09:49:04.509+0000] {processor.py:161} INFO - Started process (PID=2470) to work on /opt/airflow/dags/bike_hour_dag.py
[2025-09-15T09:49:04.510+0000] {processor.py:830} INFO - Processing file /opt/airflow/dags/bike_hour_dag.py for tasks to queue
[2025-09-15T09:49:04.511+0000] {logging_mixin.py:188} INFO - [2025-09-15T09:49:04.511+0000] {dagbag.py:540} INFO - Filling up the DagBag from /opt/airflow/dags/bike_hour_dag.py
[2025-09-15T09:49:04.540+0000] {processor.py:840} INFO - DAG(s) 'bike_hour_pipeline' retrieved from /opt/airflow/dags/bike_hour_dag.py
[2025-09-15T09:49:04.570+0000] {logging_mixin.py:188} INFO - [2025-09-15T09:49:04.569+0000] {dag.py:3096} INFO - Sync 1 DAGs
[2025-09-15T09:49:04.592+0000] {logging_mixin.py:188} INFO - [2025-09-15T09:49:04.592+0000] {dag.py:3954} INFO - Setting next_dagrun for bike_hour_pipeline to 2025-09-14 00:00:00+00:00, run_after=2025-09-15 00:00:00+00:00
[2025-09-15T09:49:04.614+0000] {processor.py:183} INFO - Processing /opt/airflow/dags/bike_hour_dag.py took 0.112 seconds
[2025-09-15T09:49:35.242+0000] {processor.py:161} INFO - Started process (PID=2507) to work on /opt/airflow/dags/bike_hour_dag.py
[2025-09-15T09:49:35.243+0000] {processor.py:830} INFO - Processing file /opt/airflow/dags/bike_hour_dag.py for tasks to queue
[2025-09-15T09:49:35.243+0000] {logging_mixin.py:188} INFO - [2025-09-15T09:49:35.243+0000] {dagbag.py:540} INFO - Filling up the DagBag from /opt/airflow/dags/bike_hour_dag.py
[2025-09-15T09:49:35.261+0000] {processor.py:840} INFO - DAG(s) 'bike_hour_pipeline' retrieved from /opt/airflow/dags/bike_hour_dag.py
[2025-09-15T09:49:35.289+0000] {logging_mixin.py:188} INFO - [2025-09-15T09:49:35.289+0000] {dag.py:3096} INFO - Sync 1 DAGs
[2025-09-15T09:49:35.307+0000] {logging_mixin.py:188} INFO - [2025-09-15T09:49:35.307+0000] {dag.py:3954} INFO - Setting next_dagrun for bike_hour_pipeline to 2025-09-14 00:00:00+00:00, run_after=2025-09-15 00:00:00+00:00
[2025-09-15T09:49:35.326+0000] {processor.py:183} INFO - Processing /opt/airflow/dags/bike_hour_dag.py took 0.090 seconds
[2025-09-15T09:50:06.117+0000] {processor.py:161} INFO - Started process (PID=2542) to work on /opt/airflow/dags/bike_hour_dag.py
[2025-09-15T09:50:06.118+0000] {processor.py:830} INFO - Processing file /opt/airflow/dags/bike_hour_dag.py for tasks to queue
[2025-09-15T09:50:06.119+0000] {logging_mixin.py:188} INFO - [2025-09-15T09:50:06.119+0000] {dagbag.py:540} INFO - Filling up the DagBag from /opt/airflow/dags/bike_hour_dag.py
[2025-09-15T09:50:06.139+0000] {processor.py:840} INFO - DAG(s) 'bike_hour_pipeline' retrieved from /opt/airflow/dags/bike_hour_dag.py
[2025-09-15T09:50:06.165+0000] {logging_mixin.py:188} INFO - [2025-09-15T09:50:06.165+0000] {dag.py:3096} INFO - Sync 1 DAGs
[2025-09-15T09:50:06.186+0000] {logging_mixin.py:188} INFO - [2025-09-15T09:50:06.185+0000] {dag.py:3954} INFO - Setting next_dagrun for bike_hour_pipeline to 2025-09-14 00:00:00+00:00, run_after=2025-09-15 00:00:00+00:00
[2025-09-15T09:50:06.205+0000] {processor.py:183} INFO - Processing /opt/airflow/dags/bike_hour_dag.py took 0.094 seconds
[2025-09-15T09:50:36.540+0000] {processor.py:161} INFO - Started process (PID=2577) to work on /opt/airflow/dags/bike_hour_dag.py
[2025-09-15T09:50:36.541+0000] {processor.py:830} INFO - Processing file /opt/airflow/dags/bike_hour_dag.py for tasks to queue
[2025-09-15T09:50:36.542+0000] {logging_mixin.py:188} INFO - [2025-09-15T09:50:36.542+0000] {dagbag.py:540} INFO - Filling up the DagBag from /opt/airflow/dags/bike_hour_dag.py
[2025-09-15T09:50:36.565+0000] {processor.py:840} INFO - DAG(s) 'bike_hour_pipeline' retrieved from /opt/airflow/dags/bike_hour_dag.py
[2025-09-15T09:50:36.592+0000] {logging_mixin.py:188} INFO - [2025-09-15T09:50:36.591+0000] {dag.py:3096} INFO - Sync 1 DAGs
[2025-09-15T09:50:36.614+0000] {logging_mixin.py:188} INFO - [2025-09-15T09:50:36.614+0000] {dag.py:3954} INFO - Setting next_dagrun for bike_hour_pipeline to 2025-09-14 00:00:00+00:00, run_after=2025-09-15 00:00:00+00:00
[2025-09-15T09:50:36.636+0000] {processor.py:183} INFO - Processing /opt/airflow/dags/bike_hour_dag.py took 0.101 seconds
[2025-09-15T09:51:07.097+0000] {processor.py:161} INFO - Started process (PID=2612) to work on /opt/airflow/dags/bike_hour_dag.py
[2025-09-15T09:51:07.099+0000] {processor.py:830} INFO - Processing file /opt/airflow/dags/bike_hour_dag.py for tasks to queue
[2025-09-15T09:51:07.100+0000] {logging_mixin.py:188} INFO - [2025-09-15T09:51:07.099+0000] {dagbag.py:540} INFO - Filling up the DagBag from /opt/airflow/dags/bike_hour_dag.py
[2025-09-15T09:51:07.118+0000] {processor.py:840} INFO - DAG(s) 'bike_hour_pipeline' retrieved from /opt/airflow/dags/bike_hour_dag.py
[2025-09-15T09:51:07.146+0000] {logging_mixin.py:188} INFO - [2025-09-15T09:51:07.146+0000] {dag.py:3096} INFO - Sync 1 DAGs
[2025-09-15T09:51:07.170+0000] {logging_mixin.py:188} INFO - [2025-09-15T09:51:07.169+0000] {dag.py:3954} INFO - Setting next_dagrun for bike_hour_pipeline to 2025-09-14 00:00:00+00:00, run_after=2025-09-15 00:00:00+00:00
[2025-09-15T09:51:07.192+0000] {processor.py:183} INFO - Processing /opt/airflow/dags/bike_hour_dag.py took 0.101 seconds
[2025-09-15T09:51:37.750+0000] {processor.py:161} INFO - Started process (PID=2647) to work on /opt/airflow/dags/bike_hour_dag.py
[2025-09-15T09:51:37.752+0000] {processor.py:830} INFO - Processing file /opt/airflow/dags/bike_hour_dag.py for tasks to queue
[2025-09-15T09:51:37.754+0000] {logging_mixin.py:188} INFO - [2025-09-15T09:51:37.753+0000] {dagbag.py:540} INFO - Filling up the DagBag from /opt/airflow/dags/bike_hour_dag.py
[2025-09-15T09:51:37.775+0000] {processor.py:840} INFO - DAG(s) 'bike_hour_pipeline' retrieved from /opt/airflow/dags/bike_hour_dag.py
[2025-09-15T09:51:37.806+0000] {logging_mixin.py:188} INFO - [2025-09-15T09:51:37.806+0000] {dag.py:3096} INFO - Sync 1 DAGs
[2025-09-15T09:51:37.826+0000] {logging_mixin.py:188} INFO - [2025-09-15T09:51:37.826+0000] {dag.py:3954} INFO - Setting next_dagrun for bike_hour_pipeline to 2025-09-14 00:00:00+00:00, run_after=2025-09-15 00:00:00+00:00
[2025-09-15T09:51:37.845+0000] {processor.py:183} INFO - Processing /opt/airflow/dags/bike_hour_dag.py took 0.102 seconds
[2025-09-15T09:52:08.597+0000] {processor.py:161} INFO - Started process (PID=2682) to work on /opt/airflow/dags/bike_hour_dag.py
[2025-09-15T09:52:08.601+0000] {processor.py:830} INFO - Processing file /opt/airflow/dags/bike_hour_dag.py for tasks to queue
[2025-09-15T09:52:08.610+0000] {logging_mixin.py:188} INFO - [2025-09-15T09:52:08.603+0000] {dagbag.py:540} INFO - Filling up the DagBag from /opt/airflow/dags/bike_hour_dag.py
[2025-09-15T09:52:08.723+0000] {processor.py:840} INFO - DAG(s) 'bike_hour_pipeline' retrieved from /opt/airflow/dags/bike_hour_dag.py
[2025-09-15T09:52:08.780+0000] {logging_mixin.py:188} INFO - [2025-09-15T09:52:08.780+0000] {dag.py:3096} INFO - Sync 1 DAGs
[2025-09-15T09:52:08.820+0000] {logging_mixin.py:188} INFO - [2025-09-15T09:52:08.819+0000] {dag.py:3954} INFO - Setting next_dagrun for bike_hour_pipeline to 2025-09-14 00:00:00+00:00, run_after=2025-09-15 00:00:00+00:00
[2025-09-15T09:52:08.935+0000] {processor.py:183} INFO - Processing /opt/airflow/dags/bike_hour_dag.py took 0.360 seconds
[2025-09-15T09:52:40.499+0000] {processor.py:161} INFO - Started process (PID=2725) to work on /opt/airflow/dags/bike_hour_dag.py
[2025-09-15T09:52:40.500+0000] {processor.py:830} INFO - Processing file /opt/airflow/dags/bike_hour_dag.py for tasks to queue
[2025-09-15T09:52:40.506+0000] {logging_mixin.py:188} INFO - [2025-09-15T09:52:40.502+0000] {dagbag.py:540} INFO - Filling up the DagBag from /opt/airflow/dags/bike_hour_dag.py
[2025-09-15T09:52:40.583+0000] {processor.py:840} INFO - DAG(s) 'bike_hour_pipeline' retrieved from /opt/airflow/dags/bike_hour_dag.py
[2025-09-15T09:52:40.645+0000] {logging_mixin.py:188} INFO - [2025-09-15T09:52:40.645+0000] {dag.py:3096} INFO - Sync 1 DAGs
[2025-09-15T09:52:40.682+0000] {logging_mixin.py:188} INFO - [2025-09-15T09:52:40.682+0000] {dag.py:3954} INFO - Setting next_dagrun for bike_hour_pipeline to 2025-09-14 00:00:00+00:00, run_after=2025-09-15 00:00:00+00:00
[2025-09-15T09:52:40.708+0000] {processor.py:183} INFO - Processing /opt/airflow/dags/bike_hour_dag.py took 0.229 seconds
[2025-09-15T09:53:11.266+0000] {processor.py:161} INFO - Started process (PID=2762) to work on /opt/airflow/dags/bike_hour_dag.py
[2025-09-15T09:53:11.268+0000] {processor.py:830} INFO - Processing file /opt/airflow/dags/bike_hour_dag.py for tasks to queue
[2025-09-15T09:53:11.268+0000] {logging_mixin.py:188} INFO - [2025-09-15T09:53:11.268+0000] {dagbag.py:540} INFO - Filling up the DagBag from /opt/airflow/dags/bike_hour_dag.py
[2025-09-15T09:53:11.288+0000] {processor.py:840} INFO - DAG(s) 'bike_hour_pipeline' retrieved from /opt/airflow/dags/bike_hour_dag.py
[2025-09-15T09:53:11.312+0000] {logging_mixin.py:188} INFO - [2025-09-15T09:53:11.312+0000] {dag.py:3096} INFO - Sync 1 DAGs
[2025-09-15T09:53:11.330+0000] {logging_mixin.py:188} INFO - [2025-09-15T09:53:11.330+0000] {dag.py:3954} INFO - Setting next_dagrun for bike_hour_pipeline to 2025-09-14 00:00:00+00:00, run_after=2025-09-15 00:00:00+00:00
[2025-09-15T09:53:11.351+0000] {processor.py:183} INFO - Processing /opt/airflow/dags/bike_hour_dag.py took 0.090 seconds
[2025-09-15T09:53:41.955+0000] {processor.py:161} INFO - Started process (PID=2797) to work on /opt/airflow/dags/bike_hour_dag.py
[2025-09-15T09:53:41.956+0000] {processor.py:830} INFO - Processing file /opt/airflow/dags/bike_hour_dag.py for tasks to queue
[2025-09-15T09:53:41.957+0000] {logging_mixin.py:188} INFO - [2025-09-15T09:53:41.957+0000] {dagbag.py:540} INFO - Filling up the DagBag from /opt/airflow/dags/bike_hour_dag.py
[2025-09-15T09:53:41.979+0000] {processor.py:840} INFO - DAG(s) 'bike_hour_pipeline' retrieved from /opt/airflow/dags/bike_hour_dag.py
[2025-09-15T09:53:42.010+0000] {logging_mixin.py:188} INFO - [2025-09-15T09:53:42.010+0000] {dag.py:3096} INFO - Sync 1 DAGs
[2025-09-15T09:53:42.034+0000] {logging_mixin.py:188} INFO - [2025-09-15T09:53:42.034+0000] {dag.py:3954} INFO - Setting next_dagrun for bike_hour_pipeline to 2025-09-14 00:00:00+00:00, run_after=2025-09-15 00:00:00+00:00
[2025-09-15T09:53:42.053+0000] {processor.py:183} INFO - Processing /opt/airflow/dags/bike_hour_dag.py took 0.104 seconds
[2025-09-15T09:54:12.569+0000] {processor.py:161} INFO - Started process (PID=2832) to work on /opt/airflow/dags/bike_hour_dag.py
[2025-09-15T09:54:12.570+0000] {processor.py:830} INFO - Processing file /opt/airflow/dags/bike_hour_dag.py for tasks to queue
[2025-09-15T09:54:12.572+0000] {logging_mixin.py:188} INFO - [2025-09-15T09:54:12.571+0000] {dagbag.py:540} INFO - Filling up the DagBag from /opt/airflow/dags/bike_hour_dag.py
[2025-09-15T09:54:12.593+0000] {processor.py:840} INFO - DAG(s) 'bike_hour_pipeline' retrieved from /opt/airflow/dags/bike_hour_dag.py
[2025-09-15T09:54:12.618+0000] {logging_mixin.py:188} INFO - [2025-09-15T09:54:12.618+0000] {dag.py:3096} INFO - Sync 1 DAGs
[2025-09-15T09:54:12.639+0000] {logging_mixin.py:188} INFO - [2025-09-15T09:54:12.639+0000] {dag.py:3954} INFO - Setting next_dagrun for bike_hour_pipeline to 2025-09-14 00:00:00+00:00, run_after=2025-09-15 00:00:00+00:00
[2025-09-15T09:54:12.657+0000] {processor.py:183} INFO - Processing /opt/airflow/dags/bike_hour_dag.py took 0.095 seconds
[2025-09-15T09:54:42.791+0000] {processor.py:161} INFO - Started process (PID=2867) to work on /opt/airflow/dags/bike_hour_dag.py
[2025-09-15T09:54:42.792+0000] {processor.py:830} INFO - Processing file /opt/airflow/dags/bike_hour_dag.py for tasks to queue
[2025-09-15T09:54:42.793+0000] {logging_mixin.py:188} INFO - [2025-09-15T09:54:42.793+0000] {dagbag.py:540} INFO - Filling up the DagBag from /opt/airflow/dags/bike_hour_dag.py
[2025-09-15T09:54:42.812+0000] {processor.py:840} INFO - DAG(s) 'bike_hour_pipeline' retrieved from /opt/airflow/dags/bike_hour_dag.py
[2025-09-15T09:54:42.836+0000] {logging_mixin.py:188} INFO - [2025-09-15T09:54:42.836+0000] {dag.py:3096} INFO - Sync 1 DAGs
[2025-09-15T09:54:42.854+0000] {logging_mixin.py:188} INFO - [2025-09-15T09:54:42.854+0000] {dag.py:3954} INFO - Setting next_dagrun for bike_hour_pipeline to 2025-09-14 00:00:00+00:00, run_after=2025-09-15 00:00:00+00:00
[2025-09-15T09:54:42.874+0000] {processor.py:183} INFO - Processing /opt/airflow/dags/bike_hour_dag.py took 0.090 seconds
[2025-09-15T09:55:13.612+0000] {processor.py:161} INFO - Started process (PID=2902) to work on /opt/airflow/dags/bike_hour_dag.py
[2025-09-15T09:55:13.615+0000] {processor.py:830} INFO - Processing file /opt/airflow/dags/bike_hour_dag.py for tasks to queue
[2025-09-15T09:55:13.616+0000] {logging_mixin.py:188} INFO - [2025-09-15T09:55:13.616+0000] {dagbag.py:540} INFO - Filling up the DagBag from /opt/airflow/dags/bike_hour_dag.py
[2025-09-15T09:55:13.643+0000] {processor.py:840} INFO - DAG(s) 'bike_hour_pipeline' retrieved from /opt/airflow/dags/bike_hour_dag.py
[2025-09-15T09:55:13.668+0000] {logging_mixin.py:188} INFO - [2025-09-15T09:55:13.668+0000] {dag.py:3096} INFO - Sync 1 DAGs
[2025-09-15T09:55:13.689+0000] {logging_mixin.py:188} INFO - [2025-09-15T09:55:13.689+0000] {dag.py:3954} INFO - Setting next_dagrun for bike_hour_pipeline to 2025-09-14 00:00:00+00:00, run_after=2025-09-15 00:00:00+00:00
[2025-09-15T09:55:13.710+0000] {processor.py:183} INFO - Processing /opt/airflow/dags/bike_hour_dag.py took 0.110 seconds
[2025-09-15T09:55:44.397+0000] {processor.py:161} INFO - Started process (PID=2937) to work on /opt/airflow/dags/bike_hour_dag.py
[2025-09-15T09:55:44.399+0000] {processor.py:830} INFO - Processing file /opt/airflow/dags/bike_hour_dag.py for tasks to queue
[2025-09-15T09:55:44.400+0000] {logging_mixin.py:188} INFO - [2025-09-15T09:55:44.399+0000] {dagbag.py:540} INFO - Filling up the DagBag from /opt/airflow/dags/bike_hour_dag.py
[2025-09-15T09:55:44.420+0000] {processor.py:840} INFO - DAG(s) 'bike_hour_pipeline' retrieved from /opt/airflow/dags/bike_hour_dag.py
[2025-09-15T09:55:44.447+0000] {logging_mixin.py:188} INFO - [2025-09-15T09:55:44.446+0000] {dag.py:3096} INFO - Sync 1 DAGs
[2025-09-15T09:55:44.466+0000] {logging_mixin.py:188} INFO - [2025-09-15T09:55:44.466+0000] {dag.py:3954} INFO - Setting next_dagrun for bike_hour_pipeline to 2025-09-14 00:00:00+00:00, run_after=2025-09-15 00:00:00+00:00
[2025-09-15T09:55:44.489+0000] {processor.py:183} INFO - Processing /opt/airflow/dags/bike_hour_dag.py took 0.098 seconds
[2025-09-15T09:56:15.350+0000] {processor.py:161} INFO - Started process (PID=2972) to work on /opt/airflow/dags/bike_hour_dag.py
[2025-09-15T09:56:15.351+0000] {processor.py:830} INFO - Processing file /opt/airflow/dags/bike_hour_dag.py for tasks to queue
[2025-09-15T09:56:15.352+0000] {logging_mixin.py:188} INFO - [2025-09-15T09:56:15.352+0000] {dagbag.py:540} INFO - Filling up the DagBag from /opt/airflow/dags/bike_hour_dag.py
[2025-09-15T09:56:15.372+0000] {processor.py:840} INFO - DAG(s) 'bike_hour_pipeline' retrieved from /opt/airflow/dags/bike_hour_dag.py
[2025-09-15T09:56:15.398+0000] {logging_mixin.py:188} INFO - [2025-09-15T09:56:15.398+0000] {dag.py:3096} INFO - Sync 1 DAGs
[2025-09-15T09:56:15.419+0000] {logging_mixin.py:188} INFO - [2025-09-15T09:56:15.419+0000] {dag.py:3954} INFO - Setting next_dagrun for bike_hour_pipeline to 2025-09-14 00:00:00+00:00, run_after=2025-09-15 00:00:00+00:00
[2025-09-15T09:56:15.445+0000] {processor.py:183} INFO - Processing /opt/airflow/dags/bike_hour_dag.py took 0.101 seconds
[2025-09-15T09:56:46.384+0000] {processor.py:161} INFO - Started process (PID=3011) to work on /opt/airflow/dags/bike_hour_dag.py
[2025-09-15T09:56:46.385+0000] {processor.py:830} INFO - Processing file /opt/airflow/dags/bike_hour_dag.py for tasks to queue
[2025-09-15T09:56:46.386+0000] {logging_mixin.py:188} INFO - [2025-09-15T09:56:46.386+0000] {dagbag.py:540} INFO - Filling up the DagBag from /opt/airflow/dags/bike_hour_dag.py
[2025-09-15T09:56:46.410+0000] {processor.py:840} INFO - DAG(s) 'bike_hour_pipeline' retrieved from /opt/airflow/dags/bike_hour_dag.py
[2025-09-15T09:56:46.439+0000] {logging_mixin.py:188} INFO - [2025-09-15T09:56:46.439+0000] {dag.py:3096} INFO - Sync 1 DAGs
[2025-09-15T09:56:46.462+0000] {logging_mixin.py:188} INFO - [2025-09-15T09:56:46.462+0000] {dag.py:3954} INFO - Setting next_dagrun for bike_hour_pipeline to 2025-09-14 00:00:00+00:00, run_after=2025-09-15 00:00:00+00:00
[2025-09-15T09:56:46.483+0000] {processor.py:183} INFO - Processing /opt/airflow/dags/bike_hour_dag.py took 0.107 seconds
[2025-09-15T09:57:17.136+0000] {processor.py:161} INFO - Started process (PID=3046) to work on /opt/airflow/dags/bike_hour_dag.py
[2025-09-15T09:57:17.138+0000] {processor.py:830} INFO - Processing file /opt/airflow/dags/bike_hour_dag.py for tasks to queue
[2025-09-15T09:57:17.138+0000] {logging_mixin.py:188} INFO - [2025-09-15T09:57:17.138+0000] {dagbag.py:540} INFO - Filling up the DagBag from /opt/airflow/dags/bike_hour_dag.py
[2025-09-15T09:57:17.158+0000] {processor.py:840} INFO - DAG(s) 'bike_hour_pipeline' retrieved from /opt/airflow/dags/bike_hour_dag.py
[2025-09-15T09:57:17.185+0000] {logging_mixin.py:188} INFO - [2025-09-15T09:57:17.185+0000] {dag.py:3096} INFO - Sync 1 DAGs
[2025-09-15T09:57:17.205+0000] {logging_mixin.py:188} INFO - [2025-09-15T09:57:17.204+0000] {dag.py:3954} INFO - Setting next_dagrun for bike_hour_pipeline to 2025-09-14 00:00:00+00:00, run_after=2025-09-15 00:00:00+00:00
[2025-09-15T09:57:17.223+0000] {processor.py:183} INFO - Processing /opt/airflow/dags/bike_hour_dag.py took 0.092 seconds
[2025-09-15T09:57:47.992+0000] {processor.py:161} INFO - Started process (PID=3081) to work on /opt/airflow/dags/bike_hour_dag.py
[2025-09-15T09:57:47.993+0000] {processor.py:830} INFO - Processing file /opt/airflow/dags/bike_hour_dag.py for tasks to queue
[2025-09-15T09:57:47.994+0000] {logging_mixin.py:188} INFO - [2025-09-15T09:57:47.993+0000] {dagbag.py:540} INFO - Filling up the DagBag from /opt/airflow/dags/bike_hour_dag.py
[2025-09-15T09:57:48.012+0000] {processor.py:840} INFO - DAG(s) 'bike_hour_pipeline' retrieved from /opt/airflow/dags/bike_hour_dag.py
[2025-09-15T09:57:48.037+0000] {logging_mixin.py:188} INFO - [2025-09-15T09:57:48.037+0000] {dag.py:3096} INFO - Sync 1 DAGs
[2025-09-15T09:57:48.058+0000] {logging_mixin.py:188} INFO - [2025-09-15T09:57:48.058+0000] {dag.py:3954} INFO - Setting next_dagrun for bike_hour_pipeline to 2025-09-14 00:00:00+00:00, run_after=2025-09-15 00:00:00+00:00
[2025-09-15T09:57:48.079+0000] {processor.py:183} INFO - Processing /opt/airflow/dags/bike_hour_dag.py took 0.095 seconds
[2025-09-15T09:58:18.561+0000] {processor.py:161} INFO - Started process (PID=3114) to work on /opt/airflow/dags/bike_hour_dag.py
[2025-09-15T09:58:18.562+0000] {processor.py:830} INFO - Processing file /opt/airflow/dags/bike_hour_dag.py for tasks to queue
[2025-09-15T09:58:18.563+0000] {logging_mixin.py:188} INFO - [2025-09-15T09:58:18.563+0000] {dagbag.py:540} INFO - Filling up the DagBag from /opt/airflow/dags/bike_hour_dag.py
[2025-09-15T09:58:18.585+0000] {processor.py:840} INFO - DAG(s) 'bike_hour_pipeline' retrieved from /opt/airflow/dags/bike_hour_dag.py
[2025-09-15T09:58:18.612+0000] {logging_mixin.py:188} INFO - [2025-09-15T09:58:18.612+0000] {dag.py:3096} INFO - Sync 1 DAGs
[2025-09-15T09:58:18.637+0000] {logging_mixin.py:188} INFO - [2025-09-15T09:58:18.637+0000] {dag.py:3954} INFO - Setting next_dagrun for bike_hour_pipeline to 2025-09-14 00:00:00+00:00, run_after=2025-09-15 00:00:00+00:00
[2025-09-15T09:58:18.660+0000] {processor.py:183} INFO - Processing /opt/airflow/dags/bike_hour_dag.py took 0.104 seconds
[2025-09-15T09:58:49.023+0000] {processor.py:161} INFO - Started process (PID=3155) to work on /opt/airflow/dags/bike_hour_dag.py
[2025-09-15T09:58:49.033+0000] {processor.py:830} INFO - Processing file /opt/airflow/dags/bike_hour_dag.py for tasks to queue
[2025-09-15T09:58:49.037+0000] {logging_mixin.py:188} INFO - [2025-09-15T09:58:49.036+0000] {dagbag.py:540} INFO - Filling up the DagBag from /opt/airflow/dags/bike_hour_dag.py
[2025-09-15T09:58:49.064+0000] {processor.py:840} INFO - DAG(s) 'bike_hour_pipeline' retrieved from /opt/airflow/dags/bike_hour_dag.py
[2025-09-15T09:58:49.107+0000] {logging_mixin.py:188} INFO - [2025-09-15T09:58:49.106+0000] {dag.py:3096} INFO - Sync 1 DAGs
[2025-09-15T09:58:49.146+0000] {logging_mixin.py:188} INFO - [2025-09-15T09:58:49.146+0000] {dag.py:3954} INFO - Setting next_dagrun for bike_hour_pipeline to 2025-09-14 00:00:00+00:00, run_after=2025-09-15 00:00:00+00:00
[2025-09-15T09:58:49.220+0000] {processor.py:183} INFO - Processing /opt/airflow/dags/bike_hour_dag.py took 0.209 seconds
[2025-09-15T09:59:19.328+0000] {processor.py:161} INFO - Started process (PID=3194) to work on /opt/airflow/dags/bike_hour_dag.py
[2025-09-15T09:59:19.329+0000] {processor.py:830} INFO - Processing file /opt/airflow/dags/bike_hour_dag.py for tasks to queue
[2025-09-15T09:59:19.330+0000] {logging_mixin.py:188} INFO - [2025-09-15T09:59:19.329+0000] {dagbag.py:540} INFO - Filling up the DagBag from /opt/airflow/dags/bike_hour_dag.py
[2025-09-15T09:59:19.349+0000] {processor.py:840} INFO - DAG(s) 'bike_hour_pipeline' retrieved from /opt/airflow/dags/bike_hour_dag.py
[2025-09-15T09:59:19.377+0000] {logging_mixin.py:188} INFO - [2025-09-15T09:59:19.376+0000] {dag.py:3096} INFO - Sync 1 DAGs
[2025-09-15T09:59:19.398+0000] {logging_mixin.py:188} INFO - [2025-09-15T09:59:19.398+0000] {dag.py:3954} INFO - Setting next_dagrun for bike_hour_pipeline to 2025-09-14 00:00:00+00:00, run_after=2025-09-15 00:00:00+00:00
[2025-09-15T09:59:19.418+0000] {processor.py:183} INFO - Processing /opt/airflow/dags/bike_hour_dag.py took 0.096 seconds
[2025-09-15T09:59:50.063+0000] {processor.py:161} INFO - Started process (PID=3229) to work on /opt/airflow/dags/bike_hour_dag.py
[2025-09-15T09:59:50.064+0000] {processor.py:830} INFO - Processing file /opt/airflow/dags/bike_hour_dag.py for tasks to queue
[2025-09-15T09:59:50.065+0000] {logging_mixin.py:188} INFO - [2025-09-15T09:59:50.065+0000] {dagbag.py:540} INFO - Filling up the DagBag from /opt/airflow/dags/bike_hour_dag.py
[2025-09-15T09:59:50.091+0000] {processor.py:840} INFO - DAG(s) 'bike_hour_pipeline' retrieved from /opt/airflow/dags/bike_hour_dag.py
[2025-09-15T09:59:50.118+0000] {logging_mixin.py:188} INFO - [2025-09-15T09:59:50.118+0000] {dag.py:3096} INFO - Sync 1 DAGs
[2025-09-15T09:59:50.138+0000] {logging_mixin.py:188} INFO - [2025-09-15T09:59:50.138+0000] {dag.py:3954} INFO - Setting next_dagrun for bike_hour_pipeline to 2025-09-14 00:00:00+00:00, run_after=2025-09-15 00:00:00+00:00
[2025-09-15T09:59:50.158+0000] {processor.py:183} INFO - Processing /opt/airflow/dags/bike_hour_dag.py took 0.102 seconds
[2025-09-15T10:00:21.171+0000] {processor.py:161} INFO - Started process (PID=3268) to work on /opt/airflow/dags/bike_hour_dag.py
[2025-09-15T10:00:21.172+0000] {processor.py:830} INFO - Processing file /opt/airflow/dags/bike_hour_dag.py for tasks to queue
[2025-09-15T10:00:21.173+0000] {logging_mixin.py:188} INFO - [2025-09-15T10:00:21.173+0000] {dagbag.py:540} INFO - Filling up the DagBag from /opt/airflow/dags/bike_hour_dag.py
[2025-09-15T10:00:21.195+0000] {processor.py:840} INFO - DAG(s) 'bike_hour_pipeline' retrieved from /opt/airflow/dags/bike_hour_dag.py
[2025-09-15T10:00:21.224+0000] {logging_mixin.py:188} INFO - [2025-09-15T10:00:21.224+0000] {dag.py:3096} INFO - Sync 1 DAGs
[2025-09-15T10:00:21.254+0000] {logging_mixin.py:188} INFO - [2025-09-15T10:00:21.254+0000] {dag.py:3954} INFO - Setting next_dagrun for bike_hour_pipeline to 2025-09-14 00:00:00+00:00, run_after=2025-09-15 00:00:00+00:00
[2025-09-15T10:00:21.282+0000] {processor.py:183} INFO - Processing /opt/airflow/dags/bike_hour_dag.py took 0.117 seconds
[2025-09-15T10:00:51.952+0000] {processor.py:161} INFO - Started process (PID=3303) to work on /opt/airflow/dags/bike_hour_dag.py
[2025-09-15T10:00:51.953+0000] {processor.py:830} INFO - Processing file /opt/airflow/dags/bike_hour_dag.py for tasks to queue
[2025-09-15T10:00:51.954+0000] {logging_mixin.py:188} INFO - [2025-09-15T10:00:51.954+0000] {dagbag.py:540} INFO - Filling up the DagBag from /opt/airflow/dags/bike_hour_dag.py
[2025-09-15T10:00:51.973+0000] {processor.py:840} INFO - DAG(s) 'bike_hour_pipeline' retrieved from /opt/airflow/dags/bike_hour_dag.py
[2025-09-15T10:00:51.997+0000] {logging_mixin.py:188} INFO - [2025-09-15T10:00:51.997+0000] {dag.py:3096} INFO - Sync 1 DAGs
[2025-09-15T10:00:52.024+0000] {logging_mixin.py:188} INFO - [2025-09-15T10:00:52.023+0000] {dag.py:3954} INFO - Setting next_dagrun for bike_hour_pipeline to 2025-09-14 00:00:00+00:00, run_after=2025-09-15 00:00:00+00:00
[2025-09-15T10:00:52.042+0000] {processor.py:183} INFO - Processing /opt/airflow/dags/bike_hour_dag.py took 0.097 seconds
[2025-09-15T10:01:22.480+0000] {processor.py:161} INFO - Started process (PID=3336) to work on /opt/airflow/dags/bike_hour_dag.py
[2025-09-15T10:01:22.481+0000] {processor.py:830} INFO - Processing file /opt/airflow/dags/bike_hour_dag.py for tasks to queue
[2025-09-15T10:01:22.482+0000] {logging_mixin.py:188} INFO - [2025-09-15T10:01:22.482+0000] {dagbag.py:540} INFO - Filling up the DagBag from /opt/airflow/dags/bike_hour_dag.py
[2025-09-15T10:01:22.501+0000] {processor.py:840} INFO - DAG(s) 'bike_hour_pipeline' retrieved from /opt/airflow/dags/bike_hour_dag.py
[2025-09-15T10:01:22.527+0000] {logging_mixin.py:188} INFO - [2025-09-15T10:01:22.526+0000] {dag.py:3096} INFO - Sync 1 DAGs
[2025-09-15T10:01:22.549+0000] {logging_mixin.py:188} INFO - [2025-09-15T10:01:22.549+0000] {dag.py:3954} INFO - Setting next_dagrun for bike_hour_pipeline to 2025-09-14 00:00:00+00:00, run_after=2025-09-15 00:00:00+00:00
[2025-09-15T10:01:22.570+0000] {processor.py:183} INFO - Processing /opt/airflow/dags/bike_hour_dag.py took 0.096 seconds
[2025-09-15T10:01:52.791+0000] {processor.py:161} INFO - Started process (PID=3373) to work on /opt/airflow/dags/bike_hour_dag.py
[2025-09-15T10:01:52.792+0000] {processor.py:830} INFO - Processing file /opt/airflow/dags/bike_hour_dag.py for tasks to queue
[2025-09-15T10:01:52.793+0000] {logging_mixin.py:188} INFO - [2025-09-15T10:01:52.793+0000] {dagbag.py:540} INFO - Filling up the DagBag from /opt/airflow/dags/bike_hour_dag.py
[2025-09-15T10:01:52.814+0000] {processor.py:840} INFO - DAG(s) 'bike_hour_pipeline' retrieved from /opt/airflow/dags/bike_hour_dag.py
[2025-09-15T10:01:52.839+0000] {logging_mixin.py:188} INFO - [2025-09-15T10:01:52.839+0000] {dag.py:3096} INFO - Sync 1 DAGs
[2025-09-15T10:01:52.857+0000] {logging_mixin.py:188} INFO - [2025-09-15T10:01:52.856+0000] {dag.py:3954} INFO - Setting next_dagrun for bike_hour_pipeline to 2025-09-14 00:00:00+00:00, run_after=2025-09-15 00:00:00+00:00
[2025-09-15T10:01:52.878+0000] {processor.py:183} INFO - Processing /opt/airflow/dags/bike_hour_dag.py took 0.092 seconds
[2025-09-15T10:02:23.553+0000] {processor.py:161} INFO - Started process (PID=3408) to work on /opt/airflow/dags/bike_hour_dag.py
[2025-09-15T10:02:23.554+0000] {processor.py:830} INFO - Processing file /opt/airflow/dags/bike_hour_dag.py for tasks to queue
[2025-09-15T10:02:23.555+0000] {logging_mixin.py:188} INFO - [2025-09-15T10:02:23.555+0000] {dagbag.py:540} INFO - Filling up the DagBag from /opt/airflow/dags/bike_hour_dag.py
[2025-09-15T10:02:23.579+0000] {processor.py:840} INFO - DAG(s) 'bike_hour_pipeline' retrieved from /opt/airflow/dags/bike_hour_dag.py
[2025-09-15T10:02:23.604+0000] {logging_mixin.py:188} INFO - [2025-09-15T10:02:23.603+0000] {dag.py:3096} INFO - Sync 1 DAGs
[2025-09-15T10:02:23.625+0000] {logging_mixin.py:188} INFO - [2025-09-15T10:02:23.625+0000] {dag.py:3954} INFO - Setting next_dagrun for bike_hour_pipeline to 2025-09-14 00:00:00+00:00, run_after=2025-09-15 00:00:00+00:00
[2025-09-15T10:02:23.650+0000] {processor.py:183} INFO - Processing /opt/airflow/dags/bike_hour_dag.py took 0.104 seconds
[2025-09-15T10:02:54.084+0000] {processor.py:161} INFO - Started process (PID=3443) to work on /opt/airflow/dags/bike_hour_dag.py
[2025-09-15T10:02:54.085+0000] {processor.py:830} INFO - Processing file /opt/airflow/dags/bike_hour_dag.py for tasks to queue
[2025-09-15T10:02:54.086+0000] {logging_mixin.py:188} INFO - [2025-09-15T10:02:54.086+0000] {dagbag.py:540} INFO - Filling up the DagBag from /opt/airflow/dags/bike_hour_dag.py
[2025-09-15T10:02:54.104+0000] {processor.py:840} INFO - DAG(s) 'bike_hour_pipeline' retrieved from /opt/airflow/dags/bike_hour_dag.py
[2025-09-15T10:02:54.129+0000] {logging_mixin.py:188} INFO - [2025-09-15T10:02:54.128+0000] {dag.py:3096} INFO - Sync 1 DAGs
[2025-09-15T10:02:54.147+0000] {logging_mixin.py:188} INFO - [2025-09-15T10:02:54.147+0000] {dag.py:3954} INFO - Setting next_dagrun for bike_hour_pipeline to 2025-09-14 00:00:00+00:00, run_after=2025-09-15 00:00:00+00:00
[2025-09-15T10:02:54.172+0000] {processor.py:183} INFO - Processing /opt/airflow/dags/bike_hour_dag.py took 0.094 seconds
[2025-09-15T10:03:24.684+0000] {processor.py:161} INFO - Started process (PID=3478) to work on /opt/airflow/dags/bike_hour_dag.py
[2025-09-15T10:03:24.686+0000] {processor.py:830} INFO - Processing file /opt/airflow/dags/bike_hour_dag.py for tasks to queue
[2025-09-15T10:03:24.687+0000] {logging_mixin.py:188} INFO - [2025-09-15T10:03:24.686+0000] {dagbag.py:540} INFO - Filling up the DagBag from /opt/airflow/dags/bike_hour_dag.py
[2025-09-15T10:03:24.706+0000] {processor.py:840} INFO - DAG(s) 'bike_hour_pipeline' retrieved from /opt/airflow/dags/bike_hour_dag.py
[2025-09-15T10:03:24.730+0000] {logging_mixin.py:188} INFO - [2025-09-15T10:03:24.730+0000] {dag.py:3096} INFO - Sync 1 DAGs
[2025-09-15T10:03:24.748+0000] {logging_mixin.py:188} INFO - [2025-09-15T10:03:24.748+0000] {dag.py:3954} INFO - Setting next_dagrun for bike_hour_pipeline to 2025-09-14 00:00:00+00:00, run_after=2025-09-15 00:00:00+00:00
[2025-09-15T10:03:24.766+0000] {processor.py:183} INFO - Processing /opt/airflow/dags/bike_hour_dag.py took 0.087 seconds
[2025-09-15T10:03:55.253+0000] {processor.py:161} INFO - Started process (PID=3513) to work on /opt/airflow/dags/bike_hour_dag.py
[2025-09-15T10:03:55.254+0000] {processor.py:830} INFO - Processing file /opt/airflow/dags/bike_hour_dag.py for tasks to queue
[2025-09-15T10:03:55.255+0000] {logging_mixin.py:188} INFO - [2025-09-15T10:03:55.255+0000] {dagbag.py:540} INFO - Filling up the DagBag from /opt/airflow/dags/bike_hour_dag.py
[2025-09-15T10:03:55.276+0000] {processor.py:840} INFO - DAG(s) 'bike_hour_pipeline' retrieved from /opt/airflow/dags/bike_hour_dag.py
[2025-09-15T10:03:55.302+0000] {logging_mixin.py:188} INFO - [2025-09-15T10:03:55.302+0000] {dag.py:3096} INFO - Sync 1 DAGs
[2025-09-15T10:03:55.320+0000] {logging_mixin.py:188} INFO - [2025-09-15T10:03:55.319+0000] {dag.py:3954} INFO - Setting next_dagrun for bike_hour_pipeline to 2025-09-14 00:00:00+00:00, run_after=2025-09-15 00:00:00+00:00
[2025-09-15T10:03:55.340+0000] {processor.py:183} INFO - Processing /opt/airflow/dags/bike_hour_dag.py took 0.093 seconds
[2025-09-15T10:04:25.868+0000] {processor.py:161} INFO - Started process (PID=3548) to work on /opt/airflow/dags/bike_hour_dag.py
[2025-09-15T10:04:25.869+0000] {processor.py:830} INFO - Processing file /opt/airflow/dags/bike_hour_dag.py for tasks to queue
[2025-09-15T10:04:25.870+0000] {logging_mixin.py:188} INFO - [2025-09-15T10:04:25.869+0000] {dagbag.py:540} INFO - Filling up the DagBag from /opt/airflow/dags/bike_hour_dag.py
[2025-09-15T10:04:25.888+0000] {processor.py:840} INFO - DAG(s) 'bike_hour_pipeline' retrieved from /opt/airflow/dags/bike_hour_dag.py
[2025-09-15T10:04:25.913+0000] {logging_mixin.py:188} INFO - [2025-09-15T10:04:25.913+0000] {dag.py:3096} INFO - Sync 1 DAGs
[2025-09-15T10:04:25.931+0000] {logging_mixin.py:188} INFO - [2025-09-15T10:04:25.931+0000] {dag.py:3954} INFO - Setting next_dagrun for bike_hour_pipeline to 2025-09-14 00:00:00+00:00, run_after=2025-09-15 00:00:00+00:00
[2025-09-15T10:04:25.952+0000] {processor.py:183} INFO - Processing /opt/airflow/dags/bike_hour_dag.py took 0.090 seconds
[2025-09-15T10:04:56.498+0000] {processor.py:161} INFO - Started process (PID=3583) to work on /opt/airflow/dags/bike_hour_dag.py
[2025-09-15T10:04:56.500+0000] {processor.py:830} INFO - Processing file /opt/airflow/dags/bike_hour_dag.py for tasks to queue
[2025-09-15T10:04:56.501+0000] {logging_mixin.py:188} INFO - [2025-09-15T10:04:56.500+0000] {dagbag.py:540} INFO - Filling up the DagBag from /opt/airflow/dags/bike_hour_dag.py
[2025-09-15T10:04:56.520+0000] {processor.py:840} INFO - DAG(s) 'bike_hour_pipeline' retrieved from /opt/airflow/dags/bike_hour_dag.py
[2025-09-15T10:04:56.544+0000] {logging_mixin.py:188} INFO - [2025-09-15T10:04:56.544+0000] {dag.py:3096} INFO - Sync 1 DAGs
[2025-09-15T10:04:56.563+0000] {logging_mixin.py:188} INFO - [2025-09-15T10:04:56.562+0000] {dag.py:3954} INFO - Setting next_dagrun for bike_hour_pipeline to 2025-09-14 00:00:00+00:00, run_after=2025-09-15 00:00:00+00:00
[2025-09-15T10:04:56.582+0000] {processor.py:183} INFO - Processing /opt/airflow/dags/bike_hour_dag.py took 0.089 seconds
[2025-09-15T10:05:27.063+0000] {processor.py:161} INFO - Started process (PID=3618) to work on /opt/airflow/dags/bike_hour_dag.py
[2025-09-15T10:05:27.064+0000] {processor.py:830} INFO - Processing file /opt/airflow/dags/bike_hour_dag.py for tasks to queue
[2025-09-15T10:05:27.065+0000] {logging_mixin.py:188} INFO - [2025-09-15T10:05:27.064+0000] {dagbag.py:540} INFO - Filling up the DagBag from /opt/airflow/dags/bike_hour_dag.py
[2025-09-15T10:05:27.085+0000] {processor.py:840} INFO - DAG(s) 'bike_hour_pipeline' retrieved from /opt/airflow/dags/bike_hour_dag.py
[2025-09-15T10:05:27.109+0000] {logging_mixin.py:188} INFO - [2025-09-15T10:05:27.109+0000] {dag.py:3096} INFO - Sync 1 DAGs
[2025-09-15T10:05:27.128+0000] {logging_mixin.py:188} INFO - [2025-09-15T10:05:27.127+0000] {dag.py:3954} INFO - Setting next_dagrun for bike_hour_pipeline to 2025-09-14 00:00:00+00:00, run_after=2025-09-15 00:00:00+00:00
[2025-09-15T10:05:27.147+0000] {processor.py:183} INFO - Processing /opt/airflow/dags/bike_hour_dag.py took 0.090 seconds
[2025-09-15T10:05:57.503+0000] {processor.py:161} INFO - Started process (PID=3653) to work on /opt/airflow/dags/bike_hour_dag.py
[2025-09-15T10:05:57.504+0000] {processor.py:830} INFO - Processing file /opt/airflow/dags/bike_hour_dag.py for tasks to queue
[2025-09-15T10:05:57.505+0000] {logging_mixin.py:188} INFO - [2025-09-15T10:05:57.505+0000] {dagbag.py:540} INFO - Filling up the DagBag from /opt/airflow/dags/bike_hour_dag.py
[2025-09-15T10:05:57.528+0000] {processor.py:840} INFO - DAG(s) 'bike_hour_pipeline' retrieved from /opt/airflow/dags/bike_hour_dag.py
[2025-09-15T10:05:57.552+0000] {logging_mixin.py:188} INFO - [2025-09-15T10:05:57.552+0000] {dag.py:3096} INFO - Sync 1 DAGs
[2025-09-15T10:05:57.571+0000] {logging_mixin.py:188} INFO - [2025-09-15T10:05:57.571+0000] {dag.py:3954} INFO - Setting next_dagrun for bike_hour_pipeline to 2025-09-14 00:00:00+00:00, run_after=2025-09-15 00:00:00+00:00
[2025-09-15T10:05:57.591+0000] {processor.py:183} INFO - Processing /opt/airflow/dags/bike_hour_dag.py took 0.094 seconds
[2025-09-15T10:06:28.468+0000] {processor.py:161} INFO - Started process (PID=3688) to work on /opt/airflow/dags/bike_hour_dag.py
[2025-09-15T10:06:28.469+0000] {processor.py:830} INFO - Processing file /opt/airflow/dags/bike_hour_dag.py for tasks to queue
[2025-09-15T10:06:28.470+0000] {logging_mixin.py:188} INFO - [2025-09-15T10:06:28.470+0000] {dagbag.py:540} INFO - Filling up the DagBag from /opt/airflow/dags/bike_hour_dag.py
[2025-09-15T10:06:28.488+0000] {processor.py:840} INFO - DAG(s) 'bike_hour_pipeline' retrieved from /opt/airflow/dags/bike_hour_dag.py
[2025-09-15T10:06:28.512+0000] {logging_mixin.py:188} INFO - [2025-09-15T10:06:28.512+0000] {dag.py:3096} INFO - Sync 1 DAGs
[2025-09-15T10:06:28.530+0000] {logging_mixin.py:188} INFO - [2025-09-15T10:06:28.530+0000] {dag.py:3954} INFO - Setting next_dagrun for bike_hour_pipeline to 2025-09-14 00:00:00+00:00, run_after=2025-09-15 00:00:00+00:00
[2025-09-15T10:06:28.549+0000] {processor.py:183} INFO - Processing /opt/airflow/dags/bike_hour_dag.py took 0.086 seconds
[2025-09-15T10:06:59.321+0000] {processor.py:161} INFO - Started process (PID=3723) to work on /opt/airflow/dags/bike_hour_dag.py
[2025-09-15T10:06:59.322+0000] {processor.py:830} INFO - Processing file /opt/airflow/dags/bike_hour_dag.py for tasks to queue
[2025-09-15T10:06:59.323+0000] {logging_mixin.py:188} INFO - [2025-09-15T10:06:59.323+0000] {dagbag.py:540} INFO - Filling up the DagBag from /opt/airflow/dags/bike_hour_dag.py
[2025-09-15T10:06:59.351+0000] {processor.py:840} INFO - DAG(s) 'bike_hour_pipeline' retrieved from /opt/airflow/dags/bike_hour_dag.py
[2025-09-15T10:06:59.386+0000] {logging_mixin.py:188} INFO - [2025-09-15T10:06:59.386+0000] {dag.py:3096} INFO - Sync 1 DAGs
[2025-09-15T10:06:59.410+0000] {logging_mixin.py:188} INFO - [2025-09-15T10:06:59.410+0000] {dag.py:3954} INFO - Setting next_dagrun for bike_hour_pipeline to 2025-09-14 00:00:00+00:00, run_after=2025-09-15 00:00:00+00:00
[2025-09-15T10:06:59.433+0000] {processor.py:183} INFO - Processing /opt/airflow/dags/bike_hour_dag.py took 0.121 seconds
[2025-09-15T10:07:29.866+0000] {processor.py:161} INFO - Started process (PID=3758) to work on /opt/airflow/dags/bike_hour_dag.py
[2025-09-15T10:07:29.868+0000] {processor.py:830} INFO - Processing file /opt/airflow/dags/bike_hour_dag.py for tasks to queue
[2025-09-15T10:07:29.869+0000] {logging_mixin.py:188} INFO - [2025-09-15T10:07:29.869+0000] {dagbag.py:540} INFO - Filling up the DagBag from /opt/airflow/dags/bike_hour_dag.py
[2025-09-15T10:07:29.889+0000] {processor.py:840} INFO - DAG(s) 'bike_hour_pipeline' retrieved from /opt/airflow/dags/bike_hour_dag.py
[2025-09-15T10:07:29.922+0000] {logging_mixin.py:188} INFO - [2025-09-15T10:07:29.921+0000] {dag.py:3096} INFO - Sync 1 DAGs
[2025-09-15T10:07:29.949+0000] {logging_mixin.py:188} INFO - [2025-09-15T10:07:29.949+0000] {dag.py:3954} INFO - Setting next_dagrun for bike_hour_pipeline to 2025-09-14 00:00:00+00:00, run_after=2025-09-15 00:00:00+00:00
[2025-09-15T10:07:29.979+0000] {processor.py:183} INFO - Processing /opt/airflow/dags/bike_hour_dag.py took 0.119 seconds
[2025-09-15T10:08:00.960+0000] {processor.py:161} INFO - Started process (PID=3793) to work on /opt/airflow/dags/bike_hour_dag.py
[2025-09-15T10:08:00.961+0000] {processor.py:830} INFO - Processing file /opt/airflow/dags/bike_hour_dag.py for tasks to queue
[2025-09-15T10:08:00.963+0000] {logging_mixin.py:188} INFO - [2025-09-15T10:08:00.963+0000] {dagbag.py:540} INFO - Filling up the DagBag from /opt/airflow/dags/bike_hour_dag.py
[2025-09-15T10:08:00.984+0000] {processor.py:840} INFO - DAG(s) 'bike_hour_pipeline' retrieved from /opt/airflow/dags/bike_hour_dag.py
[2025-09-15T10:08:01.012+0000] {logging_mixin.py:188} INFO - [2025-09-15T10:08:01.012+0000] {dag.py:3096} INFO - Sync 1 DAGs
[2025-09-15T10:08:01.034+0000] {logging_mixin.py:188} INFO - [2025-09-15T10:08:01.034+0000] {dag.py:3954} INFO - Setting next_dagrun for bike_hour_pipeline to 2025-09-14 00:00:00+00:00, run_after=2025-09-15 00:00:00+00:00
[2025-09-15T10:08:01.054+0000] {processor.py:183} INFO - Processing /opt/airflow/dags/bike_hour_dag.py took 0.101 seconds
[2025-09-15T10:08:31.800+0000] {processor.py:161} INFO - Started process (PID=3828) to work on /opt/airflow/dags/bike_hour_dag.py
[2025-09-15T10:08:31.802+0000] {processor.py:830} INFO - Processing file /opt/airflow/dags/bike_hour_dag.py for tasks to queue
[2025-09-15T10:08:31.803+0000] {logging_mixin.py:188} INFO - [2025-09-15T10:08:31.802+0000] {dagbag.py:540} INFO - Filling up the DagBag from /opt/airflow/dags/bike_hour_dag.py
[2025-09-15T10:08:31.830+0000] {processor.py:840} INFO - DAG(s) 'bike_hour_pipeline' retrieved from /opt/airflow/dags/bike_hour_dag.py
[2025-09-15T10:08:31.864+0000] {logging_mixin.py:188} INFO - [2025-09-15T10:08:31.863+0000] {dag.py:3096} INFO - Sync 1 DAGs
[2025-09-15T10:08:31.885+0000] {logging_mixin.py:188} INFO - [2025-09-15T10:08:31.885+0000] {dag.py:3954} INFO - Setting next_dagrun for bike_hour_pipeline to 2025-09-14 00:00:00+00:00, run_after=2025-09-15 00:00:00+00:00
[2025-09-15T10:08:31.906+0000] {processor.py:183} INFO - Processing /opt/airflow/dags/bike_hour_dag.py took 0.114 seconds
[2025-09-15T10:09:02.678+0000] {processor.py:161} INFO - Started process (PID=3863) to work on /opt/airflow/dags/bike_hour_dag.py
[2025-09-15T10:09:02.679+0000] {processor.py:830} INFO - Processing file /opt/airflow/dags/bike_hour_dag.py for tasks to queue
[2025-09-15T10:09:02.680+0000] {logging_mixin.py:188} INFO - [2025-09-15T10:09:02.680+0000] {dagbag.py:540} INFO - Filling up the DagBag from /opt/airflow/dags/bike_hour_dag.py
[2025-09-15T10:09:02.705+0000] {processor.py:840} INFO - DAG(s) 'bike_hour_pipeline' retrieved from /opt/airflow/dags/bike_hour_dag.py
[2025-09-15T10:09:02.734+0000] {logging_mixin.py:188} INFO - [2025-09-15T10:09:02.734+0000] {dag.py:3096} INFO - Sync 1 DAGs
[2025-09-15T10:09:02.757+0000] {logging_mixin.py:188} INFO - [2025-09-15T10:09:02.756+0000] {dag.py:3954} INFO - Setting next_dagrun for bike_hour_pipeline to 2025-09-14 00:00:00+00:00, run_after=2025-09-15 00:00:00+00:00
[2025-09-15T10:09:02.778+0000] {processor.py:183} INFO - Processing /opt/airflow/dags/bike_hour_dag.py took 0.106 seconds
[2025-09-15T10:09:32.999+0000] {processor.py:161} INFO - Started process (PID=3898) to work on /opt/airflow/dags/bike_hour_dag.py
[2025-09-15T10:09:33.001+0000] {processor.py:830} INFO - Processing file /opt/airflow/dags/bike_hour_dag.py for tasks to queue
[2025-09-15T10:09:33.002+0000] {logging_mixin.py:188} INFO - [2025-09-15T10:09:33.001+0000] {dagbag.py:540} INFO - Filling up the DagBag from /opt/airflow/dags/bike_hour_dag.py
[2025-09-15T10:09:33.021+0000] {processor.py:840} INFO - DAG(s) 'bike_hour_pipeline' retrieved from /opt/airflow/dags/bike_hour_dag.py
[2025-09-15T10:09:33.048+0000] {logging_mixin.py:188} INFO - [2025-09-15T10:09:33.048+0000] {dag.py:3096} INFO - Sync 1 DAGs
[2025-09-15T10:09:33.072+0000] {logging_mixin.py:188} INFO - [2025-09-15T10:09:33.071+0000] {dag.py:3954} INFO - Setting next_dagrun for bike_hour_pipeline to 2025-09-14 00:00:00+00:00, run_after=2025-09-15 00:00:00+00:00
[2025-09-15T10:09:33.095+0000] {processor.py:183} INFO - Processing /opt/airflow/dags/bike_hour_dag.py took 0.102 seconds
[2025-09-15T10:10:03.682+0000] {processor.py:161} INFO - Started process (PID=3933) to work on /opt/airflow/dags/bike_hour_dag.py
[2025-09-15T10:10:03.683+0000] {processor.py:830} INFO - Processing file /opt/airflow/dags/bike_hour_dag.py for tasks to queue
[2025-09-15T10:10:03.684+0000] {logging_mixin.py:188} INFO - [2025-09-15T10:10:03.684+0000] {dagbag.py:540} INFO - Filling up the DagBag from /opt/airflow/dags/bike_hour_dag.py
[2025-09-15T10:10:03.707+0000] {processor.py:840} INFO - DAG(s) 'bike_hour_pipeline' retrieved from /opt/airflow/dags/bike_hour_dag.py
[2025-09-15T10:10:03.739+0000] {logging_mixin.py:188} INFO - [2025-09-15T10:10:03.739+0000] {dag.py:3096} INFO - Sync 1 DAGs
[2025-09-15T10:10:03.764+0000] {logging_mixin.py:188} INFO - [2025-09-15T10:10:03.764+0000] {dag.py:3954} INFO - Setting next_dagrun for bike_hour_pipeline to 2025-09-14 00:00:00+00:00, run_after=2025-09-15 00:00:00+00:00
[2025-09-15T10:10:03.793+0000] {processor.py:183} INFO - Processing /opt/airflow/dags/bike_hour_dag.py took 0.118 seconds
[2025-09-15T10:10:34.104+0000] {processor.py:161} INFO - Started process (PID=3966) to work on /opt/airflow/dags/bike_hour_dag.py
[2025-09-15T10:10:34.105+0000] {processor.py:830} INFO - Processing file /opt/airflow/dags/bike_hour_dag.py for tasks to queue
[2025-09-15T10:10:34.106+0000] {logging_mixin.py:188} INFO - [2025-09-15T10:10:34.106+0000] {dagbag.py:540} INFO - Filling up the DagBag from /opt/airflow/dags/bike_hour_dag.py
[2025-09-15T10:10:34.131+0000] {processor.py:840} INFO - DAG(s) 'bike_hour_pipeline' retrieved from /opt/airflow/dags/bike_hour_dag.py
[2025-09-15T10:10:34.164+0000] {logging_mixin.py:188} INFO - [2025-09-15T10:10:34.164+0000] {dag.py:3096} INFO - Sync 1 DAGs
[2025-09-15T10:10:34.194+0000] {logging_mixin.py:188} INFO - [2025-09-15T10:10:34.194+0000] {dag.py:3954} INFO - Setting next_dagrun for bike_hour_pipeline to 2025-09-14 00:00:00+00:00, run_after=2025-09-15 00:00:00+00:00
[2025-09-15T10:10:34.219+0000] {processor.py:183} INFO - Processing /opt/airflow/dags/bike_hour_dag.py took 0.120 seconds
[2025-09-15T10:11:04.896+0000] {processor.py:161} INFO - Started process (PID=4003) to work on /opt/airflow/dags/bike_hour_dag.py
[2025-09-15T10:11:04.898+0000] {processor.py:830} INFO - Processing file /opt/airflow/dags/bike_hour_dag.py for tasks to queue
[2025-09-15T10:11:04.899+0000] {logging_mixin.py:188} INFO - [2025-09-15T10:11:04.898+0000] {dagbag.py:540} INFO - Filling up the DagBag from /opt/airflow/dags/bike_hour_dag.py
[2025-09-15T10:11:04.921+0000] {processor.py:840} INFO - DAG(s) 'bike_hour_pipeline' retrieved from /opt/airflow/dags/bike_hour_dag.py
[2025-09-15T10:11:04.955+0000] {logging_mixin.py:188} INFO - [2025-09-15T10:11:04.955+0000] {dag.py:3096} INFO - Sync 1 DAGs
[2025-09-15T10:11:04.980+0000] {logging_mixin.py:188} INFO - [2025-09-15T10:11:04.980+0000] {dag.py:3954} INFO - Setting next_dagrun for bike_hour_pipeline to 2025-09-14 00:00:00+00:00, run_after=2025-09-15 00:00:00+00:00
[2025-09-15T10:11:05.006+0000] {processor.py:183} INFO - Processing /opt/airflow/dags/bike_hour_dag.py took 0.117 seconds
[2025-09-15T10:11:35.589+0000] {processor.py:161} INFO - Started process (PID=4038) to work on /opt/airflow/dags/bike_hour_dag.py
[2025-09-15T10:11:35.590+0000] {processor.py:830} INFO - Processing file /opt/airflow/dags/bike_hour_dag.py for tasks to queue
[2025-09-15T10:11:35.592+0000] {logging_mixin.py:188} INFO - [2025-09-15T10:11:35.591+0000] {dagbag.py:540} INFO - Filling up the DagBag from /opt/airflow/dags/bike_hour_dag.py
[2025-09-15T10:11:35.614+0000] {processor.py:840} INFO - DAG(s) 'bike_hour_pipeline' retrieved from /opt/airflow/dags/bike_hour_dag.py
[2025-09-15T10:11:35.642+0000] {logging_mixin.py:188} INFO - [2025-09-15T10:11:35.642+0000] {dag.py:3096} INFO - Sync 1 DAGs
[2025-09-15T10:11:35.663+0000] {logging_mixin.py:188} INFO - [2025-09-15T10:11:35.663+0000] {dag.py:3954} INFO - Setting next_dagrun for bike_hour_pipeline to 2025-09-14 00:00:00+00:00, run_after=2025-09-15 00:00:00+00:00
[2025-09-15T10:11:35.685+0000] {processor.py:183} INFO - Processing /opt/airflow/dags/bike_hour_dag.py took 0.103 seconds
[2025-09-15T10:12:06.298+0000] {processor.py:161} INFO - Started process (PID=4073) to work on /opt/airflow/dags/bike_hour_dag.py
[2025-09-15T10:12:06.299+0000] {processor.py:830} INFO - Processing file /opt/airflow/dags/bike_hour_dag.py for tasks to queue
[2025-09-15T10:12:06.300+0000] {logging_mixin.py:188} INFO - [2025-09-15T10:12:06.300+0000] {dagbag.py:540} INFO - Filling up the DagBag from /opt/airflow/dags/bike_hour_dag.py
[2025-09-15T10:12:06.320+0000] {processor.py:840} INFO - DAG(s) 'bike_hour_pipeline' retrieved from /opt/airflow/dags/bike_hour_dag.py
[2025-09-15T10:12:06.349+0000] {logging_mixin.py:188} INFO - [2025-09-15T10:12:06.348+0000] {dag.py:3096} INFO - Sync 1 DAGs
[2025-09-15T10:12:06.369+0000] {logging_mixin.py:188} INFO - [2025-09-15T10:12:06.369+0000] {dag.py:3954} INFO - Setting next_dagrun for bike_hour_pipeline to 2025-09-14 00:00:00+00:00, run_after=2025-09-15 00:00:00+00:00
[2025-09-15T10:12:06.393+0000] {processor.py:183} INFO - Processing /opt/airflow/dags/bike_hour_dag.py took 0.101 seconds
[2025-09-15T10:12:37.158+0000] {processor.py:161} INFO - Started process (PID=4108) to work on /opt/airflow/dags/bike_hour_dag.py
[2025-09-15T10:12:37.159+0000] {processor.py:830} INFO - Processing file /opt/airflow/dags/bike_hour_dag.py for tasks to queue
[2025-09-15T10:12:37.160+0000] {logging_mixin.py:188} INFO - [2025-09-15T10:12:37.160+0000] {dagbag.py:540} INFO - Filling up the DagBag from /opt/airflow/dags/bike_hour_dag.py
[2025-09-15T10:12:37.180+0000] {processor.py:840} INFO - DAG(s) 'bike_hour_pipeline' retrieved from /opt/airflow/dags/bike_hour_dag.py
[2025-09-15T10:12:37.208+0000] {logging_mixin.py:188} INFO - [2025-09-15T10:12:37.208+0000] {dag.py:3096} INFO - Sync 1 DAGs
[2025-09-15T10:12:37.229+0000] {logging_mixin.py:188} INFO - [2025-09-15T10:12:37.229+0000] {dag.py:3954} INFO - Setting next_dagrun for bike_hour_pipeline to 2025-09-14 00:00:00+00:00, run_after=2025-09-15 00:00:00+00:00
[2025-09-15T10:12:37.258+0000] {processor.py:183} INFO - Processing /opt/airflow/dags/bike_hour_dag.py took 0.106 seconds
[2025-09-15T10:13:07.791+0000] {processor.py:161} INFO - Started process (PID=4143) to work on /opt/airflow/dags/bike_hour_dag.py
[2025-09-15T10:13:07.793+0000] {processor.py:830} INFO - Processing file /opt/airflow/dags/bike_hour_dag.py for tasks to queue
[2025-09-15T10:13:07.795+0000] {logging_mixin.py:188} INFO - [2025-09-15T10:13:07.794+0000] {dagbag.py:540} INFO - Filling up the DagBag from /opt/airflow/dags/bike_hour_dag.py
[2025-09-15T10:13:07.827+0000] {processor.py:840} INFO - DAG(s) 'bike_hour_pipeline' retrieved from /opt/airflow/dags/bike_hour_dag.py
[2025-09-15T10:13:07.863+0000] {logging_mixin.py:188} INFO - [2025-09-15T10:13:07.863+0000] {dag.py:3096} INFO - Sync 1 DAGs
[2025-09-15T10:13:07.891+0000] {logging_mixin.py:188} INFO - [2025-09-15T10:13:07.891+0000] {dag.py:3954} INFO - Setting next_dagrun for bike_hour_pipeline to 2025-09-14 00:00:00+00:00, run_after=2025-09-15 00:00:00+00:00
[2025-09-15T10:13:07.916+0000] {processor.py:183} INFO - Processing /opt/airflow/dags/bike_hour_dag.py took 0.136 seconds
[2025-09-15T10:13:38.224+0000] {processor.py:161} INFO - Started process (PID=4176) to work on /opt/airflow/dags/bike_hour_dag.py
[2025-09-15T10:13:38.225+0000] {processor.py:830} INFO - Processing file /opt/airflow/dags/bike_hour_dag.py for tasks to queue
[2025-09-15T10:13:38.226+0000] {logging_mixin.py:188} INFO - [2025-09-15T10:13:38.225+0000] {dagbag.py:540} INFO - Filling up the DagBag from /opt/airflow/dags/bike_hour_dag.py
[2025-09-15T10:13:38.246+0000] {processor.py:840} INFO - DAG(s) 'bike_hour_pipeline' retrieved from /opt/airflow/dags/bike_hour_dag.py
[2025-09-15T10:13:38.276+0000] {logging_mixin.py:188} INFO - [2025-09-15T10:13:38.276+0000] {dag.py:3096} INFO - Sync 1 DAGs
[2025-09-15T10:13:38.301+0000] {logging_mixin.py:188} INFO - [2025-09-15T10:13:38.300+0000] {dag.py:3954} INFO - Setting next_dagrun for bike_hour_pipeline to 2025-09-14 00:00:00+00:00, run_after=2025-09-15 00:00:00+00:00
[2025-09-15T10:13:38.322+0000] {processor.py:183} INFO - Processing /opt/airflow/dags/bike_hour_dag.py took 0.105 seconds
[2025-09-15T10:14:08.918+0000] {processor.py:161} INFO - Started process (PID=4213) to work on /opt/airflow/dags/bike_hour_dag.py
[2025-09-15T10:14:08.920+0000] {processor.py:830} INFO - Processing file /opt/airflow/dags/bike_hour_dag.py for tasks to queue
[2025-09-15T10:14:08.921+0000] {logging_mixin.py:188} INFO - [2025-09-15T10:14:08.920+0000] {dagbag.py:540} INFO - Filling up the DagBag from /opt/airflow/dags/bike_hour_dag.py
[2025-09-15T10:14:08.947+0000] {processor.py:840} INFO - DAG(s) 'bike_hour_pipeline' retrieved from /opt/airflow/dags/bike_hour_dag.py
[2025-09-15T10:14:08.978+0000] {logging_mixin.py:188} INFO - [2025-09-15T10:14:08.978+0000] {dag.py:3096} INFO - Sync 1 DAGs
[2025-09-15T10:14:09.000+0000] {logging_mixin.py:188} INFO - [2025-09-15T10:14:08.999+0000] {dag.py:3954} INFO - Setting next_dagrun for bike_hour_pipeline to 2025-09-14 00:00:00+00:00, run_after=2025-09-15 00:00:00+00:00
[2025-09-15T10:14:09.023+0000] {processor.py:183} INFO - Processing /opt/airflow/dags/bike_hour_dag.py took 0.113 seconds
[2025-09-15T10:14:39.460+0000] {processor.py:161} INFO - Started process (PID=4246) to work on /opt/airflow/dags/bike_hour_dag.py
[2025-09-15T10:14:39.461+0000] {processor.py:830} INFO - Processing file /opt/airflow/dags/bike_hour_dag.py for tasks to queue
[2025-09-15T10:14:39.463+0000] {logging_mixin.py:188} INFO - [2025-09-15T10:14:39.462+0000] {dagbag.py:540} INFO - Filling up the DagBag from /opt/airflow/dags/bike_hour_dag.py
[2025-09-15T10:14:39.488+0000] {processor.py:840} INFO - DAG(s) 'bike_hour_pipeline' retrieved from /opt/airflow/dags/bike_hour_dag.py
[2025-09-15T10:14:39.523+0000] {logging_mixin.py:188} INFO - [2025-09-15T10:14:39.523+0000] {dag.py:3096} INFO - Sync 1 DAGs
[2025-09-15T10:14:39.562+0000] {logging_mixin.py:188} INFO - [2025-09-15T10:14:39.561+0000] {dag.py:3954} INFO - Setting next_dagrun for bike_hour_pipeline to 2025-09-14 00:00:00+00:00, run_after=2025-09-15 00:00:00+00:00
[2025-09-15T10:14:39.640+0000] {processor.py:183} INFO - Processing /opt/airflow/dags/bike_hour_dag.py took 0.186 seconds
[2025-09-15T10:15:10.150+0000] {processor.py:161} INFO - Started process (PID=4283) to work on /opt/airflow/dags/bike_hour_dag.py
[2025-09-15T10:15:10.151+0000] {processor.py:830} INFO - Processing file /opt/airflow/dags/bike_hour_dag.py for tasks to queue
[2025-09-15T10:15:10.152+0000] {logging_mixin.py:188} INFO - [2025-09-15T10:15:10.152+0000] {dagbag.py:540} INFO - Filling up the DagBag from /opt/airflow/dags/bike_hour_dag.py
[2025-09-15T10:15:10.171+0000] {processor.py:840} INFO - DAG(s) 'bike_hour_pipeline' retrieved from /opt/airflow/dags/bike_hour_dag.py
[2025-09-15T10:15:10.197+0000] {logging_mixin.py:188} INFO - [2025-09-15T10:15:10.197+0000] {dag.py:3096} INFO - Sync 1 DAGs
[2025-09-15T10:15:10.218+0000] {logging_mixin.py:188} INFO - [2025-09-15T10:15:10.218+0000] {dag.py:3954} INFO - Setting next_dagrun for bike_hour_pipeline to 2025-09-14 00:00:00+00:00, run_after=2025-09-15 00:00:00+00:00
[2025-09-15T10:15:10.240+0000] {processor.py:183} INFO - Processing /opt/airflow/dags/bike_hour_dag.py took 0.097 seconds
[2025-09-15T10:15:40.620+0000] {processor.py:161} INFO - Started process (PID=4316) to work on /opt/airflow/dags/bike_hour_dag.py
[2025-09-15T10:15:40.621+0000] {processor.py:830} INFO - Processing file /opt/airflow/dags/bike_hour_dag.py for tasks to queue
[2025-09-15T10:15:40.623+0000] {logging_mixin.py:188} INFO - [2025-09-15T10:15:40.622+0000] {dagbag.py:540} INFO - Filling up the DagBag from /opt/airflow/dags/bike_hour_dag.py
[2025-09-15T10:15:40.658+0000] {processor.py:840} INFO - DAG(s) 'bike_hour_pipeline' retrieved from /opt/airflow/dags/bike_hour_dag.py
[2025-09-15T10:15:40.724+0000] {logging_mixin.py:188} INFO - [2025-09-15T10:15:40.724+0000] {dag.py:3096} INFO - Sync 1 DAGs
[2025-09-15T10:15:40.770+0000] {logging_mixin.py:188} INFO - [2025-09-15T10:15:40.770+0000] {dag.py:3954} INFO - Setting next_dagrun for bike_hour_pipeline to 2025-09-14 00:00:00+00:00, run_after=2025-09-15 00:00:00+00:00
[2025-09-15T10:15:40.836+0000] {processor.py:183} INFO - Processing /opt/airflow/dags/bike_hour_dag.py took 0.223 seconds
[2025-09-15T10:16:11.613+0000] {processor.py:161} INFO - Started process (PID=4353) to work on /opt/airflow/dags/bike_hour_dag.py
[2025-09-15T10:16:11.615+0000] {processor.py:830} INFO - Processing file /opt/airflow/dags/bike_hour_dag.py for tasks to queue
[2025-09-15T10:16:11.616+0000] {logging_mixin.py:188} INFO - [2025-09-15T10:16:11.615+0000] {dagbag.py:540} INFO - Filling up the DagBag from /opt/airflow/dags/bike_hour_dag.py
[2025-09-15T10:16:11.635+0000] {processor.py:840} INFO - DAG(s) 'bike_hour_pipeline' retrieved from /opt/airflow/dags/bike_hour_dag.py
[2025-09-15T10:16:11.665+0000] {logging_mixin.py:188} INFO - [2025-09-15T10:16:11.665+0000] {dag.py:3096} INFO - Sync 1 DAGs
[2025-09-15T10:16:11.686+0000] {logging_mixin.py:188} INFO - [2025-09-15T10:16:11.686+0000] {dag.py:3954} INFO - Setting next_dagrun for bike_hour_pipeline to 2025-09-14 00:00:00+00:00, run_after=2025-09-15 00:00:00+00:00
[2025-09-15T10:16:11.712+0000] {processor.py:183} INFO - Processing /opt/airflow/dags/bike_hour_dag.py took 0.104 seconds
[2025-09-15T10:16:41.926+0000] {processor.py:161} INFO - Started process (PID=4388) to work on /opt/airflow/dags/bike_hour_dag.py
[2025-09-15T10:16:41.928+0000] {processor.py:830} INFO - Processing file /opt/airflow/dags/bike_hour_dag.py for tasks to queue
[2025-09-15T10:16:41.930+0000] {logging_mixin.py:188} INFO - [2025-09-15T10:16:41.929+0000] {dagbag.py:540} INFO - Filling up the DagBag from /opt/airflow/dags/bike_hour_dag.py
[2025-09-15T10:16:41.955+0000] {processor.py:840} INFO - DAG(s) 'bike_hour_pipeline' retrieved from /opt/airflow/dags/bike_hour_dag.py
[2025-09-15T10:16:41.990+0000] {logging_mixin.py:188} INFO - [2025-09-15T10:16:41.990+0000] {dag.py:3096} INFO - Sync 1 DAGs
[2025-09-15T10:16:42.028+0000] {logging_mixin.py:188} INFO - [2025-09-15T10:16:42.027+0000] {dag.py:3954} INFO - Setting next_dagrun for bike_hour_pipeline to 2025-09-14 00:00:00+00:00, run_after=2025-09-15 00:00:00+00:00
[2025-09-15T10:16:42.066+0000] {processor.py:183} INFO - Processing /opt/airflow/dags/bike_hour_dag.py took 0.147 seconds
[2025-09-15T10:17:12.626+0000] {processor.py:161} INFO - Started process (PID=4423) to work on /opt/airflow/dags/bike_hour_dag.py
[2025-09-15T10:17:12.627+0000] {processor.py:830} INFO - Processing file /opt/airflow/dags/bike_hour_dag.py for tasks to queue
[2025-09-15T10:17:12.628+0000] {logging_mixin.py:188} INFO - [2025-09-15T10:17:12.628+0000] {dagbag.py:540} INFO - Filling up the DagBag from /opt/airflow/dags/bike_hour_dag.py
[2025-09-15T10:17:12.648+0000] {processor.py:840} INFO - DAG(s) 'bike_hour_pipeline' retrieved from /opt/airflow/dags/bike_hour_dag.py
[2025-09-15T10:17:12.675+0000] {logging_mixin.py:188} INFO - [2025-09-15T10:17:12.675+0000] {dag.py:3096} INFO - Sync 1 DAGs
[2025-09-15T10:17:12.697+0000] {logging_mixin.py:188} INFO - [2025-09-15T10:17:12.696+0000] {dag.py:3954} INFO - Setting next_dagrun for bike_hour_pipeline to 2025-09-14 00:00:00+00:00, run_after=2025-09-15 00:00:00+00:00
[2025-09-15T10:17:12.719+0000] {processor.py:183} INFO - Processing /opt/airflow/dags/bike_hour_dag.py took 0.099 seconds
[2025-09-15T10:17:43.534+0000] {processor.py:161} INFO - Started process (PID=4458) to work on /opt/airflow/dags/bike_hour_dag.py
[2025-09-15T10:17:43.535+0000] {processor.py:830} INFO - Processing file /opt/airflow/dags/bike_hour_dag.py for tasks to queue
[2025-09-15T10:17:43.536+0000] {logging_mixin.py:188} INFO - [2025-09-15T10:17:43.536+0000] {dagbag.py:540} INFO - Filling up the DagBag from /opt/airflow/dags/bike_hour_dag.py
[2025-09-15T10:17:43.561+0000] {processor.py:840} INFO - DAG(s) 'bike_hour_pipeline' retrieved from /opt/airflow/dags/bike_hour_dag.py
[2025-09-15T10:17:43.592+0000] {logging_mixin.py:188} INFO - [2025-09-15T10:17:43.592+0000] {dag.py:3096} INFO - Sync 1 DAGs
[2025-09-15T10:17:43.617+0000] {logging_mixin.py:188} INFO - [2025-09-15T10:17:43.616+0000] {dag.py:3954} INFO - Setting next_dagrun for bike_hour_pipeline to 2025-09-14 00:00:00+00:00, run_after=2025-09-15 00:00:00+00:00
[2025-09-15T10:17:43.639+0000] {processor.py:183} INFO - Processing /opt/airflow/dags/bike_hour_dag.py took 0.119 seconds
[2025-09-15T10:18:14.031+0000] {processor.py:161} INFO - Started process (PID=4493) to work on /opt/airflow/dags/bike_hour_dag.py
[2025-09-15T10:18:14.033+0000] {processor.py:830} INFO - Processing file /opt/airflow/dags/bike_hour_dag.py for tasks to queue
[2025-09-15T10:18:14.035+0000] {logging_mixin.py:188} INFO - [2025-09-15T10:18:14.034+0000] {dagbag.py:540} INFO - Filling up the DagBag from /opt/airflow/dags/bike_hour_dag.py
[2025-09-15T10:18:14.054+0000] {processor.py:840} INFO - DAG(s) 'bike_hour_pipeline' retrieved from /opt/airflow/dags/bike_hour_dag.py
[2025-09-15T10:18:14.083+0000] {logging_mixin.py:188} INFO - [2025-09-15T10:18:14.083+0000] {dag.py:3096} INFO - Sync 1 DAGs
[2025-09-15T10:18:14.104+0000] {logging_mixin.py:188} INFO - [2025-09-15T10:18:14.104+0000] {dag.py:3954} INFO - Setting next_dagrun for bike_hour_pipeline to 2025-09-14 00:00:00+00:00, run_after=2025-09-15 00:00:00+00:00
[2025-09-15T10:18:14.129+0000] {processor.py:183} INFO - Processing /opt/airflow/dags/bike_hour_dag.py took 0.104 seconds
[2025-09-15T10:18:44.580+0000] {processor.py:161} INFO - Started process (PID=4526) to work on /opt/airflow/dags/bike_hour_dag.py
[2025-09-15T10:18:44.582+0000] {processor.py:830} INFO - Processing file /opt/airflow/dags/bike_hour_dag.py for tasks to queue
[2025-09-15T10:18:44.583+0000] {logging_mixin.py:188} INFO - [2025-09-15T10:18:44.582+0000] {dagbag.py:540} INFO - Filling up the DagBag from /opt/airflow/dags/bike_hour_dag.py
[2025-09-15T10:18:44.603+0000] {processor.py:840} INFO - DAG(s) 'bike_hour_pipeline' retrieved from /opt/airflow/dags/bike_hour_dag.py
[2025-09-15T10:18:44.634+0000] {logging_mixin.py:188} INFO - [2025-09-15T10:18:44.634+0000] {dag.py:3096} INFO - Sync 1 DAGs
[2025-09-15T10:18:44.659+0000] {logging_mixin.py:188} INFO - [2025-09-15T10:18:44.658+0000] {dag.py:3954} INFO - Setting next_dagrun for bike_hour_pipeline to 2025-09-14 00:00:00+00:00, run_after=2025-09-15 00:00:00+00:00
[2025-09-15T10:18:44.685+0000] {processor.py:183} INFO - Processing /opt/airflow/dags/bike_hour_dag.py took 0.110 seconds
[2025-09-15T10:19:15.320+0000] {processor.py:161} INFO - Started process (PID=4563) to work on /opt/airflow/dags/bike_hour_dag.py
[2025-09-15T10:19:15.321+0000] {processor.py:830} INFO - Processing file /opt/airflow/dags/bike_hour_dag.py for tasks to queue
[2025-09-15T10:19:15.322+0000] {logging_mixin.py:188} INFO - [2025-09-15T10:19:15.322+0000] {dagbag.py:540} INFO - Filling up the DagBag from /opt/airflow/dags/bike_hour_dag.py
[2025-09-15T10:19:15.345+0000] {processor.py:840} INFO - DAG(s) 'bike_hour_pipeline' retrieved from /opt/airflow/dags/bike_hour_dag.py
[2025-09-15T10:19:15.374+0000] {logging_mixin.py:188} INFO - [2025-09-15T10:19:15.374+0000] {dag.py:3096} INFO - Sync 1 DAGs
[2025-09-15T10:19:15.395+0000] {logging_mixin.py:188} INFO - [2025-09-15T10:19:15.395+0000] {dag.py:3954} INFO - Setting next_dagrun for bike_hour_pipeline to 2025-09-14 00:00:00+00:00, run_after=2025-09-15 00:00:00+00:00
[2025-09-15T10:19:15.418+0000] {processor.py:183} INFO - Processing /opt/airflow/dags/bike_hour_dag.py took 0.105 seconds
[2025-09-15T10:19:46.487+0000] {processor.py:161} INFO - Started process (PID=4598) to work on /opt/airflow/dags/bike_hour_dag.py
[2025-09-15T10:19:46.488+0000] {processor.py:830} INFO - Processing file /opt/airflow/dags/bike_hour_dag.py for tasks to queue
[2025-09-15T10:19:46.490+0000] {logging_mixin.py:188} INFO - [2025-09-15T10:19:46.489+0000] {dagbag.py:540} INFO - Filling up the DagBag from /opt/airflow/dags/bike_hour_dag.py
[2025-09-15T10:19:46.517+0000] {processor.py:840} INFO - DAG(s) 'bike_hour_pipeline' retrieved from /opt/airflow/dags/bike_hour_dag.py
[2025-09-15T10:19:46.550+0000] {logging_mixin.py:188} INFO - [2025-09-15T10:19:46.549+0000] {dag.py:3096} INFO - Sync 1 DAGs
[2025-09-15T10:19:46.580+0000] {logging_mixin.py:188} INFO - [2025-09-15T10:19:46.580+0000] {dag.py:3954} INFO - Setting next_dagrun for bike_hour_pipeline to 2025-09-14 00:00:00+00:00, run_after=2025-09-15 00:00:00+00:00
[2025-09-15T10:19:46.659+0000] {processor.py:183} INFO - Processing /opt/airflow/dags/bike_hour_dag.py took 0.178 seconds
[2025-09-15T10:20:17.193+0000] {processor.py:161} INFO - Started process (PID=4633) to work on /opt/airflow/dags/bike_hour_dag.py
[2025-09-15T10:20:17.194+0000] {processor.py:830} INFO - Processing file /opt/airflow/dags/bike_hour_dag.py for tasks to queue
[2025-09-15T10:20:17.195+0000] {logging_mixin.py:188} INFO - [2025-09-15T10:20:17.195+0000] {dagbag.py:540} INFO - Filling up the DagBag from /opt/airflow/dags/bike_hour_dag.py
[2025-09-15T10:20:17.218+0000] {processor.py:840} INFO - DAG(s) 'bike_hour_pipeline' retrieved from /opt/airflow/dags/bike_hour_dag.py
[2025-09-15T10:20:17.249+0000] {logging_mixin.py:188} INFO - [2025-09-15T10:20:17.249+0000] {dag.py:3096} INFO - Sync 1 DAGs
[2025-09-15T10:20:17.273+0000] {logging_mixin.py:188} INFO - [2025-09-15T10:20:17.272+0000] {dag.py:3954} INFO - Setting next_dagrun for bike_hour_pipeline to 2025-09-14 00:00:00+00:00, run_after=2025-09-15 00:00:00+00:00
[2025-09-15T10:20:17.293+0000] {processor.py:183} INFO - Processing /opt/airflow/dags/bike_hour_dag.py took 0.106 seconds
[2025-09-15T10:20:47.943+0000] {processor.py:161} INFO - Started process (PID=4668) to work on /opt/airflow/dags/bike_hour_dag.py
[2025-09-15T10:20:47.944+0000] {processor.py:830} INFO - Processing file /opt/airflow/dags/bike_hour_dag.py for tasks to queue
[2025-09-15T10:20:47.945+0000] {logging_mixin.py:188} INFO - [2025-09-15T10:20:47.945+0000] {dagbag.py:540} INFO - Filling up the DagBag from /opt/airflow/dags/bike_hour_dag.py
[2025-09-15T10:20:47.966+0000] {processor.py:840} INFO - DAG(s) 'bike_hour_pipeline' retrieved from /opt/airflow/dags/bike_hour_dag.py
[2025-09-15T10:20:47.996+0000] {logging_mixin.py:188} INFO - [2025-09-15T10:20:47.995+0000] {dag.py:3096} INFO - Sync 1 DAGs
[2025-09-15T10:20:48.017+0000] {logging_mixin.py:188} INFO - [2025-09-15T10:20:48.017+0000] {dag.py:3954} INFO - Setting next_dagrun for bike_hour_pipeline to 2025-09-14 00:00:00+00:00, run_after=2025-09-15 00:00:00+00:00
[2025-09-15T10:20:48.038+0000] {processor.py:183} INFO - Processing /opt/airflow/dags/bike_hour_dag.py took 0.102 seconds
[2025-09-15T10:21:18.690+0000] {processor.py:161} INFO - Started process (PID=4703) to work on /opt/airflow/dags/bike_hour_dag.py
[2025-09-15T10:21:18.692+0000] {processor.py:830} INFO - Processing file /opt/airflow/dags/bike_hour_dag.py for tasks to queue
[2025-09-15T10:21:18.693+0000] {logging_mixin.py:188} INFO - [2025-09-15T10:21:18.692+0000] {dagbag.py:540} INFO - Filling up the DagBag from /opt/airflow/dags/bike_hour_dag.py
[2025-09-15T10:21:18.711+0000] {processor.py:840} INFO - DAG(s) 'bike_hour_pipeline' retrieved from /opt/airflow/dags/bike_hour_dag.py
[2025-09-15T10:21:18.738+0000] {logging_mixin.py:188} INFO - [2025-09-15T10:21:18.738+0000] {dag.py:3096} INFO - Sync 1 DAGs
[2025-09-15T10:21:18.757+0000] {logging_mixin.py:188} INFO - [2025-09-15T10:21:18.757+0000] {dag.py:3954} INFO - Setting next_dagrun for bike_hour_pipeline to 2025-09-14 00:00:00+00:00, run_after=2025-09-15 00:00:00+00:00
[2025-09-15T10:21:18.776+0000] {processor.py:183} INFO - Processing /opt/airflow/dags/bike_hour_dag.py took 0.091 seconds
[2025-09-15T10:21:49.330+0000] {processor.py:161} INFO - Started process (PID=4738) to work on /opt/airflow/dags/bike_hour_dag.py
[2025-09-15T10:21:49.331+0000] {processor.py:830} INFO - Processing file /opt/airflow/dags/bike_hour_dag.py for tasks to queue
[2025-09-15T10:21:49.332+0000] {logging_mixin.py:188} INFO - [2025-09-15T10:21:49.332+0000] {dagbag.py:540} INFO - Filling up the DagBag from /opt/airflow/dags/bike_hour_dag.py
[2025-09-15T10:21:49.352+0000] {processor.py:840} INFO - DAG(s) 'bike_hour_pipeline' retrieved from /opt/airflow/dags/bike_hour_dag.py
[2025-09-15T10:21:49.377+0000] {logging_mixin.py:188} INFO - [2025-09-15T10:21:49.377+0000] {dag.py:3096} INFO - Sync 1 DAGs
[2025-09-15T10:21:49.397+0000] {logging_mixin.py:188} INFO - [2025-09-15T10:21:49.396+0000] {dag.py:3954} INFO - Setting next_dagrun for bike_hour_pipeline to 2025-09-14 00:00:00+00:00, run_after=2025-09-15 00:00:00+00:00
[2025-09-15T10:21:49.417+0000] {processor.py:183} INFO - Processing /opt/airflow/dags/bike_hour_dag.py took 0.093 seconds
[2025-09-15T10:22:20.480+0000] {processor.py:161} INFO - Started process (PID=4773) to work on /opt/airflow/dags/bike_hour_dag.py
[2025-09-15T10:22:20.481+0000] {processor.py:830} INFO - Processing file /opt/airflow/dags/bike_hour_dag.py for tasks to queue
[2025-09-15T10:22:20.482+0000] {logging_mixin.py:188} INFO - [2025-09-15T10:22:20.482+0000] {dagbag.py:540} INFO - Filling up the DagBag from /opt/airflow/dags/bike_hour_dag.py
[2025-09-15T10:22:20.501+0000] {processor.py:840} INFO - DAG(s) 'bike_hour_pipeline' retrieved from /opt/airflow/dags/bike_hour_dag.py
[2025-09-15T10:22:20.526+0000] {logging_mixin.py:188} INFO - [2025-09-15T10:22:20.526+0000] {dag.py:3096} INFO - Sync 1 DAGs
[2025-09-15T10:22:20.544+0000] {logging_mixin.py:188} INFO - [2025-09-15T10:22:20.544+0000] {dag.py:3954} INFO - Setting next_dagrun for bike_hour_pipeline to 2025-09-14 00:00:00+00:00, run_after=2025-09-15 00:00:00+00:00
[2025-09-15T10:22:20.564+0000] {processor.py:183} INFO - Processing /opt/airflow/dags/bike_hour_dag.py took 0.089 seconds
[2025-09-15T10:22:50.886+0000] {processor.py:161} INFO - Started process (PID=4808) to work on /opt/airflow/dags/bike_hour_dag.py
[2025-09-15T10:22:50.887+0000] {processor.py:830} INFO - Processing file /opt/airflow/dags/bike_hour_dag.py for tasks to queue
[2025-09-15T10:22:50.888+0000] {logging_mixin.py:188} INFO - [2025-09-15T10:22:50.888+0000] {dagbag.py:540} INFO - Filling up the DagBag from /opt/airflow/dags/bike_hour_dag.py
[2025-09-15T10:22:50.912+0000] {processor.py:840} INFO - DAG(s) 'bike_hour_pipeline' retrieved from /opt/airflow/dags/bike_hour_dag.py
[2025-09-15T10:22:50.937+0000] {logging_mixin.py:188} INFO - [2025-09-15T10:22:50.937+0000] {dag.py:3096} INFO - Sync 1 DAGs
[2025-09-15T10:22:50.956+0000] {logging_mixin.py:188} INFO - [2025-09-15T10:22:50.956+0000] {dag.py:3954} INFO - Setting next_dagrun for bike_hour_pipeline to 2025-09-14 00:00:00+00:00, run_after=2025-09-15 00:00:00+00:00
[2025-09-15T10:22:50.973+0000] {processor.py:183} INFO - Processing /opt/airflow/dags/bike_hour_dag.py took 0.093 seconds
[2025-09-15T10:23:21.494+0000] {processor.py:161} INFO - Started process (PID=4843) to work on /opt/airflow/dags/bike_hour_dag.py
[2025-09-15T10:23:21.495+0000] {processor.py:830} INFO - Processing file /opt/airflow/dags/bike_hour_dag.py for tasks to queue
[2025-09-15T10:23:21.496+0000] {logging_mixin.py:188} INFO - [2025-09-15T10:23:21.496+0000] {dagbag.py:540} INFO - Filling up the DagBag from /opt/airflow/dags/bike_hour_dag.py
[2025-09-15T10:23:21.513+0000] {processor.py:840} INFO - DAG(s) 'bike_hour_pipeline' retrieved from /opt/airflow/dags/bike_hour_dag.py
[2025-09-15T10:23:21.539+0000] {logging_mixin.py:188} INFO - [2025-09-15T10:23:21.539+0000] {dag.py:3096} INFO - Sync 1 DAGs
[2025-09-15T10:23:21.561+0000] {logging_mixin.py:188} INFO - [2025-09-15T10:23:21.560+0000] {dag.py:3954} INFO - Setting next_dagrun for bike_hour_pipeline to 2025-09-14 00:00:00+00:00, run_after=2025-09-15 00:00:00+00:00
[2025-09-15T10:23:21.582+0000] {processor.py:183} INFO - Processing /opt/airflow/dags/bike_hour_dag.py took 0.094 seconds
[2025-09-15T10:23:51.474+0000] {processor.py:161} INFO - Started process (PID=4878) to work on /opt/airflow/dags/bike_hour_dag.py
[2025-09-15T10:23:51.475+0000] {processor.py:830} INFO - Processing file /opt/airflow/dags/bike_hour_dag.py for tasks to queue
[2025-09-15T10:23:51.476+0000] {logging_mixin.py:188} INFO - [2025-09-15T10:23:51.476+0000] {dagbag.py:540} INFO - Filling up the DagBag from /opt/airflow/dags/bike_hour_dag.py
[2025-09-15T10:23:51.495+0000] {processor.py:840} INFO - DAG(s) 'bike_hour_pipeline' retrieved from /opt/airflow/dags/bike_hour_dag.py
[2025-09-15T10:23:50.768+0000] {logging_mixin.py:188} INFO - [2025-09-15T10:23:50.768+0000] {dag.py:3096} INFO - Sync 1 DAGs
[2025-09-15T10:23:50.789+0000] {logging_mixin.py:188} INFO - [2025-09-15T10:23:50.789+0000] {dag.py:3954} INFO - Setting next_dagrun for bike_hour_pipeline to 2025-09-14 00:00:00+00:00, run_after=2025-09-15 00:00:00+00:00
[2025-09-15T10:23:50.806+0000] {processor.py:183} INFO - Processing /opt/airflow/dags/bike_hour_dag.py took 0.090 seconds
[2025-09-15T10:24:21.041+0000] {processor.py:161} INFO - Started process (PID=4898) to work on /opt/airflow/dags/bike_hour_dag.py
[2025-09-15T10:24:21.042+0000] {processor.py:830} INFO - Processing file /opt/airflow/dags/bike_hour_dag.py for tasks to queue
[2025-09-15T10:24:21.043+0000] {logging_mixin.py:188} INFO - [2025-09-15T10:24:21.043+0000] {dagbag.py:540} INFO - Filling up the DagBag from /opt/airflow/dags/bike_hour_dag.py
[2025-09-15T10:24:21.064+0000] {processor.py:840} INFO - DAG(s) 'bike_hour_pipeline' retrieved from /opt/airflow/dags/bike_hour_dag.py
[2025-09-15T10:24:21.088+0000] {logging_mixin.py:188} INFO - [2025-09-15T10:24:21.088+0000] {dag.py:3096} INFO - Sync 1 DAGs
[2025-09-15T10:24:21.111+0000] {logging_mixin.py:188} INFO - [2025-09-15T10:24:21.111+0000] {dag.py:3954} INFO - Setting next_dagrun for bike_hour_pipeline to 2025-09-14 00:00:00+00:00, run_after=2025-09-15 00:00:00+00:00
[2025-09-15T10:24:21.131+0000] {processor.py:183} INFO - Processing /opt/airflow/dags/bike_hour_dag.py took 0.095 seconds
[2025-09-15T10:24:51.489+0000] {processor.py:161} INFO - Started process (PID=4933) to work on /opt/airflow/dags/bike_hour_dag.py
[2025-09-15T10:24:51.490+0000] {processor.py:830} INFO - Processing file /opt/airflow/dags/bike_hour_dag.py for tasks to queue
[2025-09-15T10:24:51.491+0000] {logging_mixin.py:188} INFO - [2025-09-15T10:24:51.490+0000] {dagbag.py:540} INFO - Filling up the DagBag from /opt/airflow/dags/bike_hour_dag.py
[2025-09-15T10:24:51.511+0000] {processor.py:840} INFO - DAG(s) 'bike_hour_pipeline' retrieved from /opt/airflow/dags/bike_hour_dag.py
[2025-09-15T10:24:51.536+0000] {logging_mixin.py:188} INFO - [2025-09-15T10:24:51.536+0000] {dag.py:3096} INFO - Sync 1 DAGs
[2025-09-15T10:24:51.556+0000] {logging_mixin.py:188} INFO - [2025-09-15T10:24:51.556+0000] {dag.py:3954} INFO - Setting next_dagrun for bike_hour_pipeline to 2025-09-14 00:00:00+00:00, run_after=2025-09-15 00:00:00+00:00
[2025-09-15T10:24:51.578+0000] {processor.py:183} INFO - Processing /opt/airflow/dags/bike_hour_dag.py took 0.095 seconds
[2025-09-15T10:25:21.966+0000] {processor.py:161} INFO - Started process (PID=4968) to work on /opt/airflow/dags/bike_hour_dag.py
[2025-09-15T10:25:21.968+0000] {processor.py:830} INFO - Processing file /opt/airflow/dags/bike_hour_dag.py for tasks to queue
[2025-09-15T10:25:21.969+0000] {logging_mixin.py:188} INFO - [2025-09-15T10:25:21.969+0000] {dagbag.py:540} INFO - Filling up the DagBag from /opt/airflow/dags/bike_hour_dag.py
[2025-09-15T10:25:21.992+0000] {processor.py:840} INFO - DAG(s) 'bike_hour_pipeline' retrieved from /opt/airflow/dags/bike_hour_dag.py
[2025-09-15T10:25:22.021+0000] {logging_mixin.py:188} INFO - [2025-09-15T10:25:22.020+0000] {dag.py:3096} INFO - Sync 1 DAGs
[2025-09-15T10:25:22.048+0000] {logging_mixin.py:188} INFO - [2025-09-15T10:25:22.047+0000] {dag.py:3954} INFO - Setting next_dagrun for bike_hour_pipeline to 2025-09-14 00:00:00+00:00, run_after=2025-09-15 00:00:00+00:00
[2025-09-15T10:25:22.072+0000] {processor.py:183} INFO - Processing /opt/airflow/dags/bike_hour_dag.py took 0.112 seconds
[2025-09-15T10:25:52.511+0000] {processor.py:161} INFO - Started process (PID=5003) to work on /opt/airflow/dags/bike_hour_dag.py
[2025-09-15T10:25:52.512+0000] {processor.py:830} INFO - Processing file /opt/airflow/dags/bike_hour_dag.py for tasks to queue
[2025-09-15T10:25:52.515+0000] {logging_mixin.py:188} INFO - [2025-09-15T10:25:52.514+0000] {dagbag.py:540} INFO - Filling up the DagBag from /opt/airflow/dags/bike_hour_dag.py
[2025-09-15T10:25:52.536+0000] {processor.py:840} INFO - DAG(s) 'bike_hour_pipeline' retrieved from /opt/airflow/dags/bike_hour_dag.py
[2025-09-15T10:25:52.566+0000] {logging_mixin.py:188} INFO - [2025-09-15T10:25:52.565+0000] {dag.py:3096} INFO - Sync 1 DAGs
[2025-09-15T10:25:52.589+0000] {logging_mixin.py:188} INFO - [2025-09-15T10:25:52.588+0000] {dag.py:3954} INFO - Setting next_dagrun for bike_hour_pipeline to 2025-09-14 00:00:00+00:00, run_after=2025-09-15 00:00:00+00:00
[2025-09-15T10:25:52.609+0000] {processor.py:183} INFO - Processing /opt/airflow/dags/bike_hour_dag.py took 0.104 seconds
[2025-09-15T10:26:22.944+0000] {processor.py:161} INFO - Started process (PID=5038) to work on /opt/airflow/dags/bike_hour_dag.py
[2025-09-15T10:26:22.945+0000] {processor.py:830} INFO - Processing file /opt/airflow/dags/bike_hour_dag.py for tasks to queue
[2025-09-15T10:26:22.946+0000] {logging_mixin.py:188} INFO - [2025-09-15T10:26:22.945+0000] {dagbag.py:540} INFO - Filling up the DagBag from /opt/airflow/dags/bike_hour_dag.py
[2025-09-15T10:26:22.965+0000] {processor.py:840} INFO - DAG(s) 'bike_hour_pipeline' retrieved from /opt/airflow/dags/bike_hour_dag.py
[2025-09-15T10:26:22.994+0000] {logging_mixin.py:188} INFO - [2025-09-15T10:26:22.994+0000] {dag.py:3096} INFO - Sync 1 DAGs
[2025-09-15T10:26:23.016+0000] {logging_mixin.py:188} INFO - [2025-09-15T10:26:23.016+0000] {dag.py:3954} INFO - Setting next_dagrun for bike_hour_pipeline to 2025-09-14 00:00:00+00:00, run_after=2025-09-15 00:00:00+00:00
[2025-09-15T10:26:23.039+0000] {processor.py:183} INFO - Processing /opt/airflow/dags/bike_hour_dag.py took 0.103 seconds
[2025-09-15T10:26:53.502+0000] {processor.py:161} INFO - Started process (PID=5073) to work on /opt/airflow/dags/bike_hour_dag.py
[2025-09-15T10:26:53.504+0000] {processor.py:830} INFO - Processing file /opt/airflow/dags/bike_hour_dag.py for tasks to queue
[2025-09-15T10:26:53.505+0000] {logging_mixin.py:188} INFO - [2025-09-15T10:26:53.504+0000] {dagbag.py:540} INFO - Filling up the DagBag from /opt/airflow/dags/bike_hour_dag.py
[2025-09-15T10:26:53.523+0000] {processor.py:840} INFO - DAG(s) 'bike_hour_pipeline' retrieved from /opt/airflow/dags/bike_hour_dag.py
[2025-09-15T10:26:53.553+0000] {logging_mixin.py:188} INFO - [2025-09-15T10:26:53.552+0000] {dag.py:3096} INFO - Sync 1 DAGs
[2025-09-15T10:26:53.586+0000] {logging_mixin.py:188} INFO - [2025-09-15T10:26:53.585+0000] {dag.py:3954} INFO - Setting next_dagrun for bike_hour_pipeline to 2025-09-14 00:00:00+00:00, run_after=2025-09-15 00:00:00+00:00
[2025-09-15T10:26:53.608+0000] {processor.py:183} INFO - Processing /opt/airflow/dags/bike_hour_dag.py took 0.112 seconds
[2025-09-15T10:27:24.217+0000] {processor.py:161} INFO - Started process (PID=5108) to work on /opt/airflow/dags/bike_hour_dag.py
[2025-09-15T10:27:24.219+0000] {processor.py:830} INFO - Processing file /opt/airflow/dags/bike_hour_dag.py for tasks to queue
[2025-09-15T10:27:24.220+0000] {logging_mixin.py:188} INFO - [2025-09-15T10:27:24.220+0000] {dagbag.py:540} INFO - Filling up the DagBag from /opt/airflow/dags/bike_hour_dag.py
[2025-09-15T10:27:24.242+0000] {processor.py:840} INFO - DAG(s) 'bike_hour_pipeline' retrieved from /opt/airflow/dags/bike_hour_dag.py
[2025-09-15T10:27:24.270+0000] {logging_mixin.py:188} INFO - [2025-09-15T10:27:24.270+0000] {dag.py:3096} INFO - Sync 1 DAGs
[2025-09-15T10:27:24.290+0000] {logging_mixin.py:188} INFO - [2025-09-15T10:27:24.289+0000] {dag.py:3954} INFO - Setting next_dagrun for bike_hour_pipeline to 2025-09-14 00:00:00+00:00, run_after=2025-09-15 00:00:00+00:00
[2025-09-15T10:27:24.311+0000] {processor.py:183} INFO - Processing /opt/airflow/dags/bike_hour_dag.py took 0.101 seconds
[2025-09-15T10:27:54.881+0000] {processor.py:161} INFO - Started process (PID=5143) to work on /opt/airflow/dags/bike_hour_dag.py
[2025-09-15T10:27:54.882+0000] {processor.py:830} INFO - Processing file /opt/airflow/dags/bike_hour_dag.py for tasks to queue
[2025-09-15T10:27:54.883+0000] {logging_mixin.py:188} INFO - [2025-09-15T10:27:54.883+0000] {dagbag.py:540} INFO - Filling up the DagBag from /opt/airflow/dags/bike_hour_dag.py
[2025-09-15T10:27:54.905+0000] {processor.py:840} INFO - DAG(s) 'bike_hour_pipeline' retrieved from /opt/airflow/dags/bike_hour_dag.py
[2025-09-15T10:27:54.933+0000] {logging_mixin.py:188} INFO - [2025-09-15T10:27:54.932+0000] {dag.py:3096} INFO - Sync 1 DAGs
[2025-09-15T10:27:54.953+0000] {logging_mixin.py:188} INFO - [2025-09-15T10:27:54.953+0000] {dag.py:3954} INFO - Setting next_dagrun for bike_hour_pipeline to 2025-09-14 00:00:00+00:00, run_after=2025-09-15 00:00:00+00:00
[2025-09-15T10:27:54.973+0000] {processor.py:183} INFO - Processing /opt/airflow/dags/bike_hour_dag.py took 0.099 seconds
[2025-09-15T10:28:25.738+0000] {processor.py:161} INFO - Started process (PID=5178) to work on /opt/airflow/dags/bike_hour_dag.py
[2025-09-15T10:28:25.739+0000] {processor.py:830} INFO - Processing file /opt/airflow/dags/bike_hour_dag.py for tasks to queue
[2025-09-15T10:28:25.740+0000] {logging_mixin.py:188} INFO - [2025-09-15T10:28:25.740+0000] {dagbag.py:540} INFO - Filling up the DagBag from /opt/airflow/dags/bike_hour_dag.py
[2025-09-15T10:28:25.760+0000] {processor.py:840} INFO - DAG(s) 'bike_hour_pipeline' retrieved from /opt/airflow/dags/bike_hour_dag.py
[2025-09-15T10:28:25.787+0000] {logging_mixin.py:188} INFO - [2025-09-15T10:28:25.787+0000] {dag.py:3096} INFO - Sync 1 DAGs
[2025-09-15T10:28:25.809+0000] {logging_mixin.py:188} INFO - [2025-09-15T10:28:25.808+0000] {dag.py:3954} INFO - Setting next_dagrun for bike_hour_pipeline to 2025-09-14 00:00:00+00:00, run_after=2025-09-15 00:00:00+00:00
[2025-09-15T10:28:25.833+0000] {processor.py:183} INFO - Processing /opt/airflow/dags/bike_hour_dag.py took 0.100 seconds
[2025-09-15T10:28:56.849+0000] {processor.py:161} INFO - Started process (PID=5213) to work on /opt/airflow/dags/bike_hour_dag.py
[2025-09-15T10:28:56.851+0000] {processor.py:830} INFO - Processing file /opt/airflow/dags/bike_hour_dag.py for tasks to queue
[2025-09-15T10:28:56.852+0000] {logging_mixin.py:188} INFO - [2025-09-15T10:28:56.852+0000] {dagbag.py:540} INFO - Filling up the DagBag from /opt/airflow/dags/bike_hour_dag.py
[2025-09-15T10:28:56.874+0000] {processor.py:840} INFO - DAG(s) 'bike_hour_pipeline' retrieved from /opt/airflow/dags/bike_hour_dag.py
[2025-09-15T10:28:56.911+0000] {logging_mixin.py:188} INFO - [2025-09-15T10:28:56.910+0000] {dag.py:3096} INFO - Sync 1 DAGs
[2025-09-15T10:28:56.938+0000] {logging_mixin.py:188} INFO - [2025-09-15T10:28:56.938+0000] {dag.py:3954} INFO - Setting next_dagrun for bike_hour_pipeline to 2025-09-14 00:00:00+00:00, run_after=2025-09-15 00:00:00+00:00
[2025-09-15T10:28:56.964+0000] {processor.py:183} INFO - Processing /opt/airflow/dags/bike_hour_dag.py took 0.120 seconds
[2025-09-15T10:29:27.853+0000] {processor.py:161} INFO - Started process (PID=5263) to work on /opt/airflow/dags/bike_hour_dag.py
[2025-09-15T10:29:27.855+0000] {processor.py:830} INFO - Processing file /opt/airflow/dags/bike_hour_dag.py for tasks to queue
[2025-09-15T10:29:27.856+0000] {logging_mixin.py:188} INFO - [2025-09-15T10:29:27.855+0000] {dagbag.py:540} INFO - Filling up the DagBag from /opt/airflow/dags/bike_hour_dag.py
[2025-09-15T10:29:27.877+0000] {processor.py:840} INFO - DAG(s) 'bike_hour_pipeline' retrieved from /opt/airflow/dags/bike_hour_dag.py
[2025-09-15T10:29:27.908+0000] {logging_mixin.py:188} INFO - [2025-09-15T10:29:27.907+0000] {dag.py:3096} INFO - Sync 1 DAGs
[2025-09-15T10:29:27.930+0000] {logging_mixin.py:188} INFO - [2025-09-15T10:29:27.930+0000] {dag.py:3954} INFO - Setting next_dagrun for bike_hour_pipeline to 2025-09-14 00:00:00+00:00, run_after=2025-09-15 00:00:00+00:00
[2025-09-15T10:29:27.951+0000] {processor.py:183} INFO - Processing /opt/airflow/dags/bike_hour_dag.py took 0.104 seconds
[2025-09-15T10:29:58.474+0000] {processor.py:161} INFO - Started process (PID=5298) to work on /opt/airflow/dags/bike_hour_dag.py
[2025-09-15T10:29:58.475+0000] {processor.py:830} INFO - Processing file /opt/airflow/dags/bike_hour_dag.py for tasks to queue
[2025-09-15T10:29:58.476+0000] {logging_mixin.py:188} INFO - [2025-09-15T10:29:58.475+0000] {dagbag.py:540} INFO - Filling up the DagBag from /opt/airflow/dags/bike_hour_dag.py
[2025-09-15T10:29:58.495+0000] {processor.py:840} INFO - DAG(s) 'bike_hour_pipeline' retrieved from /opt/airflow/dags/bike_hour_dag.py
[2025-09-15T10:29:58.524+0000] {logging_mixin.py:188} INFO - [2025-09-15T10:29:58.524+0000] {dag.py:3096} INFO - Sync 1 DAGs
[2025-09-15T10:29:58.545+0000] {logging_mixin.py:188} INFO - [2025-09-15T10:29:58.545+0000] {dag.py:3954} INFO - Setting next_dagrun for bike_hour_pipeline to 2025-09-14 00:00:00+00:00, run_after=2025-09-15 00:00:00+00:00
[2025-09-15T10:29:58.564+0000] {processor.py:183} INFO - Processing /opt/airflow/dags/bike_hour_dag.py took 0.097 seconds
[2025-09-15T10:30:29.012+0000] {processor.py:161} INFO - Started process (PID=5333) to work on /opt/airflow/dags/bike_hour_dag.py
[2025-09-15T10:30:29.013+0000] {processor.py:830} INFO - Processing file /opt/airflow/dags/bike_hour_dag.py for tasks to queue
[2025-09-15T10:30:29.015+0000] {logging_mixin.py:188} INFO - [2025-09-15T10:30:29.014+0000] {dagbag.py:540} INFO - Filling up the DagBag from /opt/airflow/dags/bike_hour_dag.py
[2025-09-15T10:30:29.040+0000] {processor.py:840} INFO - DAG(s) 'bike_hour_pipeline' retrieved from /opt/airflow/dags/bike_hour_dag.py
[2025-09-15T10:30:29.075+0000] {logging_mixin.py:188} INFO - [2025-09-15T10:30:29.074+0000] {dag.py:3096} INFO - Sync 1 DAGs
[2025-09-15T10:30:29.102+0000] {logging_mixin.py:188} INFO - [2025-09-15T10:30:29.102+0000] {dag.py:3954} INFO - Setting next_dagrun for bike_hour_pipeline to 2025-09-14 00:00:00+00:00, run_after=2025-09-15 00:00:00+00:00
[2025-09-15T10:30:29.130+0000] {processor.py:183} INFO - Processing /opt/airflow/dags/bike_hour_dag.py took 0.127 seconds
[2025-09-15T10:30:59.703+0000] {processor.py:161} INFO - Started process (PID=5368) to work on /opt/airflow/dags/bike_hour_dag.py
[2025-09-15T10:30:59.704+0000] {processor.py:830} INFO - Processing file /opt/airflow/dags/bike_hour_dag.py for tasks to queue
[2025-09-15T10:30:59.705+0000] {logging_mixin.py:188} INFO - [2025-09-15T10:30:59.705+0000] {dagbag.py:540} INFO - Filling up the DagBag from /opt/airflow/dags/bike_hour_dag.py
[2025-09-15T10:30:59.728+0000] {processor.py:840} INFO - DAG(s) 'bike_hour_pipeline' retrieved from /opt/airflow/dags/bike_hour_dag.py
[2025-09-15T10:30:59.756+0000] {logging_mixin.py:188} INFO - [2025-09-15T10:30:59.756+0000] {dag.py:3096} INFO - Sync 1 DAGs
[2025-09-15T10:30:59.777+0000] {logging_mixin.py:188} INFO - [2025-09-15T10:30:59.776+0000] {dag.py:3954} INFO - Setting next_dagrun for bike_hour_pipeline to 2025-09-14 00:00:00+00:00, run_after=2025-09-15 00:00:00+00:00
[2025-09-15T10:30:59.802+0000] {processor.py:183} INFO - Processing /opt/airflow/dags/bike_hour_dag.py took 0.107 seconds
[2025-09-15T10:31:29.911+0000] {processor.py:161} INFO - Started process (PID=5401) to work on /opt/airflow/dags/bike_hour_dag.py
[2025-09-15T10:31:29.912+0000] {processor.py:830} INFO - Processing file /opt/airflow/dags/bike_hour_dag.py for tasks to queue
[2025-09-15T10:31:29.917+0000] {logging_mixin.py:188} INFO - [2025-09-15T10:31:29.914+0000] {dagbag.py:540} INFO - Filling up the DagBag from /opt/airflow/dags/bike_hour_dag.py
[2025-09-15T10:31:29.975+0000] {processor.py:840} INFO - DAG(s) 'bike_hour_pipeline' retrieved from /opt/airflow/dags/bike_hour_dag.py
[2025-09-15T10:31:29.273+0000] {logging_mixin.py:188} INFO - [2025-09-15T10:31:29.273+0000] {dag.py:3096} INFO - Sync 1 DAGs
[2025-09-15T10:31:29.320+0000] {logging_mixin.py:188} INFO - [2025-09-15T10:31:29.320+0000] {dag.py:3954} INFO - Setting next_dagrun for bike_hour_pipeline to 2025-09-14 00:00:00+00:00, run_after=2025-09-15 00:00:00+00:00
[2025-09-15T10:31:29.366+0000] {processor.py:183} INFO - Processing /opt/airflow/dags/bike_hour_dag.py took 0.245 seconds
[2025-09-15T10:31:59.763+0000] {processor.py:161} INFO - Started process (PID=5426) to work on /opt/airflow/dags/bike_hour_dag.py
[2025-09-15T10:31:59.764+0000] {processor.py:830} INFO - Processing file /opt/airflow/dags/bike_hour_dag.py for tasks to queue
[2025-09-15T10:31:59.765+0000] {logging_mixin.py:188} INFO - [2025-09-15T10:31:59.765+0000] {dagbag.py:540} INFO - Filling up the DagBag from /opt/airflow/dags/bike_hour_dag.py
[2025-09-15T10:31:59.796+0000] {processor.py:840} INFO - DAG(s) 'bike_hour_pipeline' retrieved from /opt/airflow/dags/bike_hour_dag.py
[2025-09-15T10:31:59.827+0000] {logging_mixin.py:188} INFO - [2025-09-15T10:31:59.826+0000] {dag.py:3096} INFO - Sync 1 DAGs
[2025-09-15T10:31:59.857+0000] {logging_mixin.py:188} INFO - [2025-09-15T10:31:59.857+0000] {dag.py:3954} INFO - Setting next_dagrun for bike_hour_pipeline to 2025-09-14 00:00:00+00:00, run_after=2025-09-15 00:00:00+00:00
[2025-09-15T10:31:59.891+0000] {processor.py:183} INFO - Processing /opt/airflow/dags/bike_hour_dag.py took 0.136 seconds
[2025-09-15T10:32:30.810+0000] {processor.py:161} INFO - Started process (PID=5473) to work on /opt/airflow/dags/bike_hour_dag.py
[2025-09-15T10:32:30.812+0000] {processor.py:830} INFO - Processing file /opt/airflow/dags/bike_hour_dag.py for tasks to queue
[2025-09-15T10:32:30.813+0000] {logging_mixin.py:188} INFO - [2025-09-15T10:32:30.812+0000] {dagbag.py:540} INFO - Filling up the DagBag from /opt/airflow/dags/bike_hour_dag.py
[2025-09-15T10:32:30.834+0000] {processor.py:840} INFO - DAG(s) 'bike_hour_pipeline' retrieved from /opt/airflow/dags/bike_hour_dag.py
[2025-09-15T10:32:30.868+0000] {logging_mixin.py:188} INFO - [2025-09-15T10:32:30.868+0000] {dag.py:3096} INFO - Sync 1 DAGs
[2025-09-15T10:32:30.892+0000] {logging_mixin.py:188} INFO - [2025-09-15T10:32:30.892+0000] {dag.py:3954} INFO - Setting next_dagrun for bike_hour_pipeline to 2025-09-14 00:00:00+00:00, run_after=2025-09-15 00:00:00+00:00
[2025-09-15T10:32:30.918+0000] {processor.py:183} INFO - Processing /opt/airflow/dags/bike_hour_dag.py took 0.114 seconds
[2025-09-15T10:33:01.826+0000] {processor.py:161} INFO - Started process (PID=5506) to work on /opt/airflow/dags/bike_hour_dag.py
[2025-09-15T10:33:01.829+0000] {processor.py:830} INFO - Processing file /opt/airflow/dags/bike_hour_dag.py for tasks to queue
[2025-09-15T10:33:01.831+0000] {logging_mixin.py:188} INFO - [2025-09-15T10:33:01.831+0000] {dagbag.py:540} INFO - Filling up the DagBag from /opt/airflow/dags/bike_hour_dag.py
[2025-09-15T10:33:01.878+0000] {processor.py:840} INFO - DAG(s) 'bike_hour_pipeline' retrieved from /opt/airflow/dags/bike_hour_dag.py
[2025-09-15T10:33:01.917+0000] {logging_mixin.py:188} INFO - [2025-09-15T10:33:01.916+0000] {dag.py:3096} INFO - Sync 1 DAGs
[2025-09-15T10:33:01.943+0000] {logging_mixin.py:188} INFO - [2025-09-15T10:33:01.942+0000] {dag.py:3954} INFO - Setting next_dagrun for bike_hour_pipeline to 2025-09-14 00:00:00+00:00, run_after=2025-09-15 00:00:00+00:00
[2025-09-15T10:33:01.967+0000] {processor.py:183} INFO - Processing /opt/airflow/dags/bike_hour_dag.py took 0.172 seconds
[2025-09-15T10:33:32.523+0000] {processor.py:161} INFO - Started process (PID=5543) to work on /opt/airflow/dags/bike_hour_dag.py
[2025-09-15T10:33:32.524+0000] {processor.py:830} INFO - Processing file /opt/airflow/dags/bike_hour_dag.py for tasks to queue
[2025-09-15T10:33:32.525+0000] {logging_mixin.py:188} INFO - [2025-09-15T10:33:32.524+0000] {dagbag.py:540} INFO - Filling up the DagBag from /opt/airflow/dags/bike_hour_dag.py
[2025-09-15T10:33:32.544+0000] {processor.py:840} INFO - DAG(s) 'bike_hour_pipeline' retrieved from /opt/airflow/dags/bike_hour_dag.py
[2025-09-15T10:33:32.573+0000] {logging_mixin.py:188} INFO - [2025-09-15T10:33:32.573+0000] {dag.py:3096} INFO - Sync 1 DAGs
[2025-09-15T10:33:32.596+0000] {logging_mixin.py:188} INFO - [2025-09-15T10:33:32.596+0000] {dag.py:3954} INFO - Setting next_dagrun for bike_hour_pipeline to 2025-09-14 00:00:00+00:00, run_after=2025-09-15 00:00:00+00:00
[2025-09-15T10:33:32.617+0000] {processor.py:183} INFO - Processing /opt/airflow/dags/bike_hour_dag.py took 0.102 seconds
[2025-09-15T10:34:03.636+0000] {processor.py:161} INFO - Started process (PID=5578) to work on /opt/airflow/dags/bike_hour_dag.py
[2025-09-15T10:34:03.638+0000] {processor.py:830} INFO - Processing file /opt/airflow/dags/bike_hour_dag.py for tasks to queue
[2025-09-15T10:34:03.639+0000] {logging_mixin.py:188} INFO - [2025-09-15T10:34:03.638+0000] {dagbag.py:540} INFO - Filling up the DagBag from /opt/airflow/dags/bike_hour_dag.py
[2025-09-15T10:34:03.663+0000] {processor.py:840} INFO - DAG(s) 'bike_hour_pipeline' retrieved from /opt/airflow/dags/bike_hour_dag.py
[2025-09-15T10:34:03.693+0000] {logging_mixin.py:188} INFO - [2025-09-15T10:34:03.692+0000] {dag.py:3096} INFO - Sync 1 DAGs
[2025-09-15T10:34:03.739+0000] {logging_mixin.py:188} INFO - [2025-09-15T10:34:03.739+0000] {dag.py:3954} INFO - Setting next_dagrun for bike_hour_pipeline to 2025-09-14 00:00:00+00:00, run_after=2025-09-15 00:00:00+00:00
[2025-09-15T10:34:03.773+0000] {processor.py:183} INFO - Processing /opt/airflow/dags/bike_hour_dag.py took 0.145 seconds
[2025-09-15T10:34:34.257+0000] {processor.py:161} INFO - Started process (PID=5613) to work on /opt/airflow/dags/bike_hour_dag.py
[2025-09-15T10:34:34.258+0000] {processor.py:830} INFO - Processing file /opt/airflow/dags/bike_hour_dag.py for tasks to queue
[2025-09-15T10:34:34.259+0000] {logging_mixin.py:188} INFO - [2025-09-15T10:34:34.259+0000] {dagbag.py:540} INFO - Filling up the DagBag from /opt/airflow/dags/bike_hour_dag.py
[2025-09-15T10:34:34.277+0000] {processor.py:840} INFO - DAG(s) 'bike_hour_pipeline' retrieved from /opt/airflow/dags/bike_hour_dag.py
[2025-09-15T10:34:34.304+0000] {logging_mixin.py:188} INFO - [2025-09-15T10:34:34.304+0000] {dag.py:3096} INFO - Sync 1 DAGs
[2025-09-15T10:34:34.328+0000] {logging_mixin.py:188} INFO - [2025-09-15T10:34:34.328+0000] {dag.py:3954} INFO - Setting next_dagrun for bike_hour_pipeline to 2025-09-14 00:00:00+00:00, run_after=2025-09-15 00:00:00+00:00
[2025-09-15T10:34:34.352+0000] {processor.py:183} INFO - Processing /opt/airflow/dags/bike_hour_dag.py took 0.102 seconds
[2025-09-15T10:35:04.995+0000] {processor.py:161} INFO - Started process (PID=5648) to work on /opt/airflow/dags/bike_hour_dag.py
[2025-09-15T10:35:04.996+0000] {processor.py:830} INFO - Processing file /opt/airflow/dags/bike_hour_dag.py for tasks to queue
[2025-09-15T10:35:04.997+0000] {logging_mixin.py:188} INFO - [2025-09-15T10:35:04.997+0000] {dagbag.py:540} INFO - Filling up the DagBag from /opt/airflow/dags/bike_hour_dag.py
[2025-09-15T10:35:05.018+0000] {processor.py:840} INFO - DAG(s) 'bike_hour_pipeline' retrieved from /opt/airflow/dags/bike_hour_dag.py
[2025-09-15T10:35:05.044+0000] {logging_mixin.py:188} INFO - [2025-09-15T10:35:05.044+0000] {dag.py:3096} INFO - Sync 1 DAGs
[2025-09-15T10:35:05.066+0000] {logging_mixin.py:188} INFO - [2025-09-15T10:35:05.065+0000] {dag.py:3954} INFO - Setting next_dagrun for bike_hour_pipeline to 2025-09-14 00:00:00+00:00, run_after=2025-09-15 00:00:00+00:00
[2025-09-15T10:35:05.086+0000] {processor.py:183} INFO - Processing /opt/airflow/dags/bike_hour_dag.py took 0.097 seconds
[2025-09-15T10:35:35.804+0000] {processor.py:161} INFO - Started process (PID=5681) to work on /opt/airflow/dags/bike_hour_dag.py
[2025-09-15T10:35:35.805+0000] {processor.py:830} INFO - Processing file /opt/airflow/dags/bike_hour_dag.py for tasks to queue
[2025-09-15T10:35:35.807+0000] {logging_mixin.py:188} INFO - [2025-09-15T10:35:35.807+0000] {dagbag.py:540} INFO - Filling up the DagBag from /opt/airflow/dags/bike_hour_dag.py
[2025-09-15T10:35:35.842+0000] {processor.py:840} INFO - DAG(s) 'bike_hour_pipeline' retrieved from /opt/airflow/dags/bike_hour_dag.py
[2025-09-15T10:35:35.877+0000] {logging_mixin.py:188} INFO - [2025-09-15T10:35:35.877+0000] {dag.py:3096} INFO - Sync 1 DAGs
[2025-09-15T10:35:35.909+0000] {logging_mixin.py:188} INFO - [2025-09-15T10:35:35.908+0000] {dag.py:3954} INFO - Setting next_dagrun for bike_hour_pipeline to 2025-09-14 00:00:00+00:00, run_after=2025-09-15 00:00:00+00:00
[2025-09-15T10:35:35.931+0000] {processor.py:183} INFO - Processing /opt/airflow/dags/bike_hour_dag.py took 0.142 seconds
[2025-09-15T10:36:06.371+0000] {processor.py:161} INFO - Started process (PID=5716) to work on /opt/airflow/dags/bike_hour_dag.py
[2025-09-15T10:36:06.372+0000] {processor.py:830} INFO - Processing file /opt/airflow/dags/bike_hour_dag.py for tasks to queue
[2025-09-15T10:36:06.373+0000] {logging_mixin.py:188} INFO - [2025-09-15T10:36:06.373+0000] {dagbag.py:540} INFO - Filling up the DagBag from /opt/airflow/dags/bike_hour_dag.py
[2025-09-15T10:36:06.394+0000] {processor.py:840} INFO - DAG(s) 'bike_hour_pipeline' retrieved from /opt/airflow/dags/bike_hour_dag.py
[2025-09-15T10:36:06.418+0000] {logging_mixin.py:188} INFO - [2025-09-15T10:36:06.418+0000] {dag.py:3096} INFO - Sync 1 DAGs
[2025-09-15T10:36:06.439+0000] {logging_mixin.py:188} INFO - [2025-09-15T10:36:06.439+0000] {dag.py:3954} INFO - Setting next_dagrun for bike_hour_pipeline to 2025-09-14 00:00:00+00:00, run_after=2025-09-15 00:00:00+00:00
[2025-09-15T10:36:06.465+0000] {processor.py:183} INFO - Processing /opt/airflow/dags/bike_hour_dag.py took 0.099 seconds
[2025-09-15T10:36:37.431+0000] {processor.py:161} INFO - Started process (PID=5753) to work on /opt/airflow/dags/bike_hour_dag.py
[2025-09-15T10:36:37.432+0000] {processor.py:830} INFO - Processing file /opt/airflow/dags/bike_hour_dag.py for tasks to queue
[2025-09-15T10:36:37.433+0000] {logging_mixin.py:188} INFO - [2025-09-15T10:36:37.433+0000] {dagbag.py:540} INFO - Filling up the DagBag from /opt/airflow/dags/bike_hour_dag.py
[2025-09-15T10:36:37.455+0000] {processor.py:840} INFO - DAG(s) 'bike_hour_pipeline' retrieved from /opt/airflow/dags/bike_hour_dag.py
[2025-09-15T10:36:37.485+0000] {logging_mixin.py:188} INFO - [2025-09-15T10:36:37.485+0000] {dag.py:3096} INFO - Sync 1 DAGs
[2025-09-15T10:36:37.520+0000] {logging_mixin.py:188} INFO - [2025-09-15T10:36:37.520+0000] {dag.py:3954} INFO - Setting next_dagrun for bike_hour_pipeline to 2025-09-14 00:00:00+00:00, run_after=2025-09-15 00:00:00+00:00
[2025-09-15T10:36:37.550+0000] {processor.py:183} INFO - Processing /opt/airflow/dags/bike_hour_dag.py took 0.124 seconds
[2025-09-15T10:37:08.211+0000] {processor.py:161} INFO - Started process (PID=5788) to work on /opt/airflow/dags/bike_hour_dag.py
[2025-09-15T10:37:08.212+0000] {processor.py:830} INFO - Processing file /opt/airflow/dags/bike_hour_dag.py for tasks to queue
[2025-09-15T10:37:08.213+0000] {logging_mixin.py:188} INFO - [2025-09-15T10:37:08.213+0000] {dagbag.py:540} INFO - Filling up the DagBag from /opt/airflow/dags/bike_hour_dag.py
[2025-09-15T10:37:08.237+0000] {processor.py:840} INFO - DAG(s) 'bike_hour_pipeline' retrieved from /opt/airflow/dags/bike_hour_dag.py
[2025-09-15T10:37:08.269+0000] {logging_mixin.py:188} INFO - [2025-09-15T10:37:08.269+0000] {dag.py:3096} INFO - Sync 1 DAGs
[2025-09-15T10:37:08.296+0000] {logging_mixin.py:188} INFO - [2025-09-15T10:37:08.296+0000] {dag.py:3954} INFO - Setting next_dagrun for bike_hour_pipeline to 2025-09-14 00:00:00+00:00, run_after=2025-09-15 00:00:00+00:00
[2025-09-15T10:37:08.320+0000] {processor.py:183} INFO - Processing /opt/airflow/dags/bike_hour_dag.py took 0.115 seconds
[2025-09-15T10:37:38.715+0000] {processor.py:161} INFO - Started process (PID=5823) to work on /opt/airflow/dags/bike_hour_dag.py
[2025-09-15T10:37:38.716+0000] {processor.py:830} INFO - Processing file /opt/airflow/dags/bike_hour_dag.py for tasks to queue
[2025-09-15T10:37:38.717+0000] {logging_mixin.py:188} INFO - [2025-09-15T10:37:38.717+0000] {dagbag.py:540} INFO - Filling up the DagBag from /opt/airflow/dags/bike_hour_dag.py
[2025-09-15T10:37:38.737+0000] {processor.py:840} INFO - DAG(s) 'bike_hour_pipeline' retrieved from /opt/airflow/dags/bike_hour_dag.py
[2025-09-15T10:37:38.765+0000] {logging_mixin.py:188} INFO - [2025-09-15T10:37:38.765+0000] {dag.py:3096} INFO - Sync 1 DAGs
[2025-09-15T10:37:38.786+0000] {logging_mixin.py:188} INFO - [2025-09-15T10:37:38.786+0000] {dag.py:3954} INFO - Setting next_dagrun for bike_hour_pipeline to 2025-09-14 00:00:00+00:00, run_after=2025-09-15 00:00:00+00:00
[2025-09-15T10:37:38.806+0000] {processor.py:183} INFO - Processing /opt/airflow/dags/bike_hour_dag.py took 0.098 seconds
[2025-09-15T10:38:09.327+0000] {processor.py:161} INFO - Started process (PID=5858) to work on /opt/airflow/dags/bike_hour_dag.py
[2025-09-15T10:38:09.329+0000] {processor.py:830} INFO - Processing file /opt/airflow/dags/bike_hour_dag.py for tasks to queue
[2025-09-15T10:38:09.330+0000] {logging_mixin.py:188} INFO - [2025-09-15T10:38:09.329+0000] {dagbag.py:540} INFO - Filling up the DagBag from /opt/airflow/dags/bike_hour_dag.py
[2025-09-15T10:38:09.360+0000] {processor.py:840} INFO - DAG(s) 'bike_hour_pipeline' retrieved from /opt/airflow/dags/bike_hour_dag.py
[2025-09-15T10:38:09.395+0000] {logging_mixin.py:188} INFO - [2025-09-15T10:38:09.395+0000] {dag.py:3096} INFO - Sync 1 DAGs
[2025-09-15T10:38:09.418+0000] {logging_mixin.py:188} INFO - [2025-09-15T10:38:09.418+0000] {dag.py:3954} INFO - Setting next_dagrun for bike_hour_pipeline to 2025-09-14 00:00:00+00:00, run_after=2025-09-15 00:00:00+00:00
[2025-09-15T10:38:09.440+0000] {processor.py:183} INFO - Processing /opt/airflow/dags/bike_hour_dag.py took 0.123 seconds
[2025-09-15T10:38:39.981+0000] {processor.py:161} INFO - Started process (PID=5893) to work on /opt/airflow/dags/bike_hour_dag.py
[2025-09-15T10:38:39.982+0000] {processor.py:830} INFO - Processing file /opt/airflow/dags/bike_hour_dag.py for tasks to queue
[2025-09-15T10:38:39.983+0000] {logging_mixin.py:188} INFO - [2025-09-15T10:38:39.982+0000] {dagbag.py:540} INFO - Filling up the DagBag from /opt/airflow/dags/bike_hour_dag.py
[2025-09-15T10:38:40.005+0000] {processor.py:840} INFO - DAG(s) 'bike_hour_pipeline' retrieved from /opt/airflow/dags/bike_hour_dag.py
[2025-09-15T10:38:40.036+0000] {logging_mixin.py:188} INFO - [2025-09-15T10:38:40.036+0000] {dag.py:3096} INFO - Sync 1 DAGs
[2025-09-15T10:38:40.058+0000] {logging_mixin.py:188} INFO - [2025-09-15T10:38:40.058+0000] {dag.py:3954} INFO - Setting next_dagrun for bike_hour_pipeline to 2025-09-14 00:00:00+00:00, run_after=2025-09-15 00:00:00+00:00
[2025-09-15T10:38:40.085+0000] {processor.py:183} INFO - Processing /opt/airflow/dags/bike_hour_dag.py took 0.110 seconds
[2025-09-15T10:39:10.574+0000] {processor.py:161} INFO - Started process (PID=5928) to work on /opt/airflow/dags/bike_hour_dag.py
[2025-09-15T10:39:10.576+0000] {processor.py:830} INFO - Processing file /opt/airflow/dags/bike_hour_dag.py for tasks to queue
[2025-09-15T10:39:10.577+0000] {logging_mixin.py:188} INFO - [2025-09-15T10:39:10.576+0000] {dagbag.py:540} INFO - Filling up the DagBag from /opt/airflow/dags/bike_hour_dag.py
[2025-09-15T10:39:10.603+0000] {processor.py:840} INFO - DAG(s) 'bike_hour_pipeline' retrieved from /opt/airflow/dags/bike_hour_dag.py
[2025-09-15T10:39:10.638+0000] {logging_mixin.py:188} INFO - [2025-09-15T10:39:10.638+0000] {dag.py:3096} INFO - Sync 1 DAGs
[2025-09-15T10:39:10.691+0000] {logging_mixin.py:188} INFO - [2025-09-15T10:39:10.691+0000] {dag.py:3954} INFO - Setting next_dagrun for bike_hour_pipeline to 2025-09-14 00:00:00+00:00, run_after=2025-09-15 00:00:00+00:00
[2025-09-15T10:39:10.719+0000] {processor.py:183} INFO - Processing /opt/airflow/dags/bike_hour_dag.py took 0.152 seconds
[2025-09-15T10:39:41.259+0000] {processor.py:161} INFO - Started process (PID=5963) to work on /opt/airflow/dags/bike_hour_dag.py
[2025-09-15T10:39:41.260+0000] {processor.py:830} INFO - Processing file /opt/airflow/dags/bike_hour_dag.py for tasks to queue
[2025-09-15T10:39:41.261+0000] {logging_mixin.py:188} INFO - [2025-09-15T10:39:41.261+0000] {dagbag.py:540} INFO - Filling up the DagBag from /opt/airflow/dags/bike_hour_dag.py
[2025-09-15T10:39:41.298+0000] {processor.py:840} INFO - DAG(s) 'bike_hour_pipeline' retrieved from /opt/airflow/dags/bike_hour_dag.py
[2025-09-15T10:39:41.334+0000] {logging_mixin.py:188} INFO - [2025-09-15T10:39:41.333+0000] {dag.py:3096} INFO - Sync 1 DAGs
[2025-09-15T10:39:41.361+0000] {logging_mixin.py:188} INFO - [2025-09-15T10:39:41.360+0000] {dag.py:3954} INFO - Setting next_dagrun for bike_hour_pipeline to 2025-09-14 00:00:00+00:00, run_after=2025-09-15 00:00:00+00:00
[2025-09-15T10:39:41.390+0000] {processor.py:183} INFO - Processing /opt/airflow/dags/bike_hour_dag.py took 0.137 seconds
[2025-09-15T10:40:12.099+0000] {processor.py:161} INFO - Started process (PID=5996) to work on /opt/airflow/dags/bike_hour_dag.py
[2025-09-15T10:40:12.101+0000] {processor.py:830} INFO - Processing file /opt/airflow/dags/bike_hour_dag.py for tasks to queue
[2025-09-15T10:40:12.102+0000] {logging_mixin.py:188} INFO - [2025-09-15T10:40:12.101+0000] {dagbag.py:540} INFO - Filling up the DagBag from /opt/airflow/dags/bike_hour_dag.py
[2025-09-15T10:40:12.129+0000] {processor.py:840} INFO - DAG(s) 'bike_hour_pipeline' retrieved from /opt/airflow/dags/bike_hour_dag.py
[2025-09-15T10:40:12.164+0000] {logging_mixin.py:188} INFO - [2025-09-15T10:40:12.163+0000] {dag.py:3096} INFO - Sync 1 DAGs
[2025-09-15T10:40:12.196+0000] {logging_mixin.py:188} INFO - [2025-09-15T10:40:12.196+0000] {dag.py:3954} INFO - Setting next_dagrun for bike_hour_pipeline to 2025-09-14 00:00:00+00:00, run_after=2025-09-15 00:00:00+00:00
[2025-09-15T10:40:12.231+0000] {processor.py:183} INFO - Processing /opt/airflow/dags/bike_hour_dag.py took 0.143 seconds
[2025-09-15T10:40:43.045+0000] {processor.py:161} INFO - Started process (PID=6033) to work on /opt/airflow/dags/bike_hour_dag.py
[2025-09-15T10:40:43.046+0000] {processor.py:830} INFO - Processing file /opt/airflow/dags/bike_hour_dag.py for tasks to queue
[2025-09-15T10:40:43.046+0000] {logging_mixin.py:188} INFO - [2025-09-15T10:40:43.046+0000] {dagbag.py:540} INFO - Filling up the DagBag from /opt/airflow/dags/bike_hour_dag.py
[2025-09-15T10:40:43.069+0000] {processor.py:840} INFO - DAG(s) 'bike_hour_pipeline' retrieved from /opt/airflow/dags/bike_hour_dag.py
[2025-09-15T10:40:43.097+0000] {logging_mixin.py:188} INFO - [2025-09-15T10:40:43.097+0000] {dag.py:3096} INFO - Sync 1 DAGs
[2025-09-15T10:40:43.118+0000] {logging_mixin.py:188} INFO - [2025-09-15T10:40:43.118+0000] {dag.py:3954} INFO - Setting next_dagrun for bike_hour_pipeline to 2025-09-14 00:00:00+00:00, run_after=2025-09-15 00:00:00+00:00
[2025-09-15T10:40:43.139+0000] {processor.py:183} INFO - Processing /opt/airflow/dags/bike_hour_dag.py took 0.100 seconds
[2025-09-15T10:41:13.564+0000] {processor.py:161} INFO - Started process (PID=6066) to work on /opt/airflow/dags/bike_hour_dag.py
[2025-09-15T10:41:13.565+0000] {processor.py:830} INFO - Processing file /opt/airflow/dags/bike_hour_dag.py for tasks to queue
[2025-09-15T10:41:13.566+0000] {logging_mixin.py:188} INFO - [2025-09-15T10:41:13.565+0000] {dagbag.py:540} INFO - Filling up the DagBag from /opt/airflow/dags/bike_hour_dag.py
[2025-09-15T10:41:13.590+0000] {processor.py:840} INFO - DAG(s) 'bike_hour_pipeline' retrieved from /opt/airflow/dags/bike_hour_dag.py
[2025-09-15T10:41:13.622+0000] {logging_mixin.py:188} INFO - [2025-09-15T10:41:13.622+0000] {dag.py:3096} INFO - Sync 1 DAGs
[2025-09-15T10:41:13.646+0000] {logging_mixin.py:188} INFO - [2025-09-15T10:41:13.646+0000] {dag.py:3954} INFO - Setting next_dagrun for bike_hour_pipeline to 2025-09-14 00:00:00+00:00, run_after=2025-09-15 00:00:00+00:00
[2025-09-15T10:41:13.672+0000] {processor.py:183} INFO - Processing /opt/airflow/dags/bike_hour_dag.py took 0.116 seconds
[2025-09-15T10:41:44.285+0000] {processor.py:161} INFO - Started process (PID=6103) to work on /opt/airflow/dags/bike_hour_dag.py
[2025-09-15T10:41:44.286+0000] {processor.py:830} INFO - Processing file /opt/airflow/dags/bike_hour_dag.py for tasks to queue
[2025-09-15T10:41:44.287+0000] {logging_mixin.py:188} INFO - [2025-09-15T10:41:44.287+0000] {dagbag.py:540} INFO - Filling up the DagBag from /opt/airflow/dags/bike_hour_dag.py
[2025-09-15T10:41:44.306+0000] {processor.py:840} INFO - DAG(s) 'bike_hour_pipeline' retrieved from /opt/airflow/dags/bike_hour_dag.py
[2025-09-15T10:41:44.333+0000] {logging_mixin.py:188} INFO - [2025-09-15T10:41:44.332+0000] {dag.py:3096} INFO - Sync 1 DAGs
[2025-09-15T10:41:44.353+0000] {logging_mixin.py:188} INFO - [2025-09-15T10:41:44.352+0000] {dag.py:3954} INFO - Setting next_dagrun for bike_hour_pipeline to 2025-09-14 00:00:00+00:00, run_after=2025-09-15 00:00:00+00:00
[2025-09-15T10:41:44.372+0000] {processor.py:183} INFO - Processing /opt/airflow/dags/bike_hour_dag.py took 0.093 seconds
[2025-09-15T10:42:15.036+0000] {processor.py:161} INFO - Started process (PID=6138) to work on /opt/airflow/dags/bike_hour_dag.py
[2025-09-15T10:42:15.037+0000] {processor.py:830} INFO - Processing file /opt/airflow/dags/bike_hour_dag.py for tasks to queue
[2025-09-15T10:42:15.038+0000] {logging_mixin.py:188} INFO - [2025-09-15T10:42:15.038+0000] {dagbag.py:540} INFO - Filling up the DagBag from /opt/airflow/dags/bike_hour_dag.py
[2025-09-15T10:42:15.057+0000] {processor.py:840} INFO - DAG(s) 'bike_hour_pipeline' retrieved from /opt/airflow/dags/bike_hour_dag.py
[2025-09-15T10:42:15.083+0000] {logging_mixin.py:188} INFO - [2025-09-15T10:42:15.083+0000] {dag.py:3096} INFO - Sync 1 DAGs
[2025-09-15T10:42:15.105+0000] {logging_mixin.py:188} INFO - [2025-09-15T10:42:15.105+0000] {dag.py:3954} INFO - Setting next_dagrun for bike_hour_pipeline to 2025-09-14 00:00:00+00:00, run_after=2025-09-15 00:00:00+00:00
[2025-09-15T10:42:15.123+0000] {processor.py:183} INFO - Processing /opt/airflow/dags/bike_hour_dag.py took 0.094 seconds
[2025-09-15T10:42:45.950+0000] {processor.py:161} INFO - Started process (PID=6173) to work on /opt/airflow/dags/bike_hour_dag.py
[2025-09-15T10:42:45.952+0000] {processor.py:830} INFO - Processing file /opt/airflow/dags/bike_hour_dag.py for tasks to queue
[2025-09-15T10:42:45.953+0000] {logging_mixin.py:188} INFO - [2025-09-15T10:42:45.952+0000] {dagbag.py:540} INFO - Filling up the DagBag from /opt/airflow/dags/bike_hour_dag.py
[2025-09-15T10:42:45.974+0000] {processor.py:840} INFO - DAG(s) 'bike_hour_pipeline' retrieved from /opt/airflow/dags/bike_hour_dag.py
[2025-09-15T10:42:46.001+0000] {logging_mixin.py:188} INFO - [2025-09-15T10:42:46.001+0000] {dag.py:3096} INFO - Sync 1 DAGs
[2025-09-15T10:42:46.021+0000] {logging_mixin.py:188} INFO - [2025-09-15T10:42:46.021+0000] {dag.py:3954} INFO - Setting next_dagrun for bike_hour_pipeline to 2025-09-14 00:00:00+00:00, run_after=2025-09-15 00:00:00+00:00
[2025-09-15T10:42:46.043+0000] {processor.py:183} INFO - Processing /opt/airflow/dags/bike_hour_dag.py took 0.099 seconds
[2025-09-15T10:43:16.468+0000] {processor.py:161} INFO - Started process (PID=6206) to work on /opt/airflow/dags/bike_hour_dag.py
[2025-09-15T10:43:16.469+0000] {processor.py:830} INFO - Processing file /opt/airflow/dags/bike_hour_dag.py for tasks to queue
[2025-09-15T10:43:16.471+0000] {logging_mixin.py:188} INFO - [2025-09-15T10:43:16.471+0000] {dagbag.py:540} INFO - Filling up the DagBag from /opt/airflow/dags/bike_hour_dag.py
[2025-09-15T10:43:16.492+0000] {processor.py:840} INFO - DAG(s) 'bike_hour_pipeline' retrieved from /opt/airflow/dags/bike_hour_dag.py
[2025-09-15T10:43:16.521+0000] {logging_mixin.py:188} INFO - [2025-09-15T10:43:16.520+0000] {dag.py:3096} INFO - Sync 1 DAGs
[2025-09-15T10:43:16.544+0000] {logging_mixin.py:188} INFO - [2025-09-15T10:43:16.543+0000] {dag.py:3954} INFO - Setting next_dagrun for bike_hour_pipeline to 2025-09-14 00:00:00+00:00, run_after=2025-09-15 00:00:00+00:00
[2025-09-15T10:43:16.569+0000] {processor.py:183} INFO - Processing /opt/airflow/dags/bike_hour_dag.py took 0.106 seconds
[2025-09-15T10:43:47.040+0000] {processor.py:161} INFO - Started process (PID=6241) to work on /opt/airflow/dags/bike_hour_dag.py
[2025-09-15T10:43:47.041+0000] {processor.py:830} INFO - Processing file /opt/airflow/dags/bike_hour_dag.py for tasks to queue
[2025-09-15T10:43:47.042+0000] {logging_mixin.py:188} INFO - [2025-09-15T10:43:47.042+0000] {dagbag.py:540} INFO - Filling up the DagBag from /opt/airflow/dags/bike_hour_dag.py
[2025-09-15T10:43:47.066+0000] {processor.py:840} INFO - DAG(s) 'bike_hour_pipeline' retrieved from /opt/airflow/dags/bike_hour_dag.py
[2025-09-15T10:43:47.095+0000] {logging_mixin.py:188} INFO - [2025-09-15T10:43:47.095+0000] {dag.py:3096} INFO - Sync 1 DAGs
[2025-09-15T10:43:47.117+0000] {logging_mixin.py:188} INFO - [2025-09-15T10:43:47.117+0000] {dag.py:3954} INFO - Setting next_dagrun for bike_hour_pipeline to 2025-09-14 00:00:00+00:00, run_after=2025-09-15 00:00:00+00:00
[2025-09-15T10:43:47.139+0000] {processor.py:183} INFO - Processing /opt/airflow/dags/bike_hour_dag.py took 0.108 seconds
[2025-09-15T10:44:17.871+0000] {processor.py:161} INFO - Started process (PID=6278) to work on /opt/airflow/dags/bike_hour_dag.py
[2025-09-15T10:44:17.872+0000] {processor.py:830} INFO - Processing file /opt/airflow/dags/bike_hour_dag.py for tasks to queue
[2025-09-15T10:44:17.873+0000] {logging_mixin.py:188} INFO - [2025-09-15T10:44:17.872+0000] {dagbag.py:540} INFO - Filling up the DagBag from /opt/airflow/dags/bike_hour_dag.py
[2025-09-15T10:44:17.893+0000] {processor.py:840} INFO - DAG(s) 'bike_hour_pipeline' retrieved from /opt/airflow/dags/bike_hour_dag.py
[2025-09-15T10:44:17.923+0000] {logging_mixin.py:188} INFO - [2025-09-15T10:44:17.922+0000] {dag.py:3096} INFO - Sync 1 DAGs
[2025-09-15T10:44:17.954+0000] {logging_mixin.py:188} INFO - [2025-09-15T10:44:17.953+0000] {dag.py:3954} INFO - Setting next_dagrun for bike_hour_pipeline to 2025-09-14 00:00:00+00:00, run_after=2025-09-15 00:00:00+00:00
[2025-09-15T10:44:17.980+0000] {processor.py:183} INFO - Processing /opt/airflow/dags/bike_hour_dag.py took 0.115 seconds
[2025-09-15T10:44:48.633+0000] {processor.py:161} INFO - Started process (PID=6311) to work on /opt/airflow/dags/bike_hour_dag.py
[2025-09-15T10:44:48.634+0000] {processor.py:830} INFO - Processing file /opt/airflow/dags/bike_hour_dag.py for tasks to queue
[2025-09-15T10:44:48.634+0000] {logging_mixin.py:188} INFO - [2025-09-15T10:44:48.634+0000] {dagbag.py:540} INFO - Filling up the DagBag from /opt/airflow/dags/bike_hour_dag.py
[2025-09-15T10:44:48.656+0000] {processor.py:840} INFO - DAG(s) 'bike_hour_pipeline' retrieved from /opt/airflow/dags/bike_hour_dag.py
[2025-09-15T10:44:48.685+0000] {logging_mixin.py:188} INFO - [2025-09-15T10:44:48.685+0000] {dag.py:3096} INFO - Sync 1 DAGs
[2025-09-15T10:44:48.709+0000] {logging_mixin.py:188} INFO - [2025-09-15T10:44:48.708+0000] {dag.py:3954} INFO - Setting next_dagrun for bike_hour_pipeline to 2025-09-14 00:00:00+00:00, run_after=2025-09-15 00:00:00+00:00
[2025-09-15T10:44:48.731+0000] {processor.py:183} INFO - Processing /opt/airflow/dags/bike_hour_dag.py took 0.105 seconds
[2025-09-15T10:45:19.304+0000] {processor.py:161} INFO - Started process (PID=6348) to work on /opt/airflow/dags/bike_hour_dag.py
[2025-09-15T10:45:19.305+0000] {processor.py:830} INFO - Processing file /opt/airflow/dags/bike_hour_dag.py for tasks to queue
[2025-09-15T10:45:19.307+0000] {logging_mixin.py:188} INFO - [2025-09-15T10:45:19.306+0000] {dagbag.py:540} INFO - Filling up the DagBag from /opt/airflow/dags/bike_hour_dag.py
[2025-09-15T10:45:19.332+0000] {processor.py:840} INFO - DAG(s) 'bike_hour_pipeline' retrieved from /opt/airflow/dags/bike_hour_dag.py
[2025-09-15T10:45:19.363+0000] {logging_mixin.py:188} INFO - [2025-09-15T10:45:19.363+0000] {dag.py:3096} INFO - Sync 1 DAGs
[2025-09-15T10:45:19.386+0000] {logging_mixin.py:188} INFO - [2025-09-15T10:45:19.386+0000] {dag.py:3954} INFO - Setting next_dagrun for bike_hour_pipeline to 2025-09-14 00:00:00+00:00, run_after=2025-09-15 00:00:00+00:00
[2025-09-15T10:45:19.411+0000] {processor.py:183} INFO - Processing /opt/airflow/dags/bike_hour_dag.py took 0.113 seconds
[2025-09-15T10:45:49.379+0000] {processor.py:161} INFO - Started process (PID=6383) to work on /opt/airflow/dags/bike_hour_dag.py
[2025-09-15T10:45:49.380+0000] {processor.py:830} INFO - Processing file /opt/airflow/dags/bike_hour_dag.py for tasks to queue
[2025-09-15T10:45:49.381+0000] {logging_mixin.py:188} INFO - [2025-09-15T10:45:49.381+0000] {dagbag.py:540} INFO - Filling up the DagBag from /opt/airflow/dags/bike_hour_dag.py
[2025-09-15T10:45:49.403+0000] {processor.py:840} INFO - DAG(s) 'bike_hour_pipeline' retrieved from /opt/airflow/dags/bike_hour_dag.py
[2025-09-15T10:45:49.430+0000] {logging_mixin.py:188} INFO - [2025-09-15T10:45:49.429+0000] {dag.py:3096} INFO - Sync 1 DAGs
[2025-09-15T10:45:49.452+0000] {logging_mixin.py:188} INFO - [2025-09-15T10:45:49.452+0000] {dag.py:3954} INFO - Setting next_dagrun for bike_hour_pipeline to 2025-09-14 00:00:00+00:00, run_after=2025-09-15 00:00:00+00:00
[2025-09-15T10:45:49.470+0000] {processor.py:183} INFO - Processing /opt/airflow/dags/bike_hour_dag.py took 0.097 seconds
[2025-09-15T10:46:20.192+0000] {processor.py:161} INFO - Started process (PID=6416) to work on /opt/airflow/dags/bike_hour_dag.py
[2025-09-15T10:46:20.193+0000] {processor.py:830} INFO - Processing file /opt/airflow/dags/bike_hour_dag.py for tasks to queue
[2025-09-15T10:46:20.194+0000] {logging_mixin.py:188} INFO - [2025-09-15T10:46:20.193+0000] {dagbag.py:540} INFO - Filling up the DagBag from /opt/airflow/dags/bike_hour_dag.py
[2025-09-15T10:46:20.215+0000] {processor.py:840} INFO - DAG(s) 'bike_hour_pipeline' retrieved from /opt/airflow/dags/bike_hour_dag.py
[2025-09-15T10:46:20.245+0000] {logging_mixin.py:188} INFO - [2025-09-15T10:46:20.245+0000] {dag.py:3096} INFO - Sync 1 DAGs
[2025-09-15T10:46:20.269+0000] {logging_mixin.py:188} INFO - [2025-09-15T10:46:20.269+0000] {dag.py:3954} INFO - Setting next_dagrun for bike_hour_pipeline to 2025-09-14 00:00:00+00:00, run_after=2025-09-15 00:00:00+00:00
[2025-09-15T10:46:20.301+0000] {processor.py:183} INFO - Processing /opt/airflow/dags/bike_hour_dag.py took 0.117 seconds
[2025-09-15T10:46:50.895+0000] {processor.py:161} INFO - Started process (PID=6453) to work on /opt/airflow/dags/bike_hour_dag.py
[2025-09-15T10:46:50.896+0000] {processor.py:830} INFO - Processing file /opt/airflow/dags/bike_hour_dag.py for tasks to queue
[2025-09-15T10:46:50.897+0000] {logging_mixin.py:188} INFO - [2025-09-15T10:46:50.897+0000] {dagbag.py:540} INFO - Filling up the DagBag from /opt/airflow/dags/bike_hour_dag.py
[2025-09-15T10:46:50.920+0000] {processor.py:840} INFO - DAG(s) 'bike_hour_pipeline' retrieved from /opt/airflow/dags/bike_hour_dag.py
[2025-09-15T10:46:50.947+0000] {logging_mixin.py:188} INFO - [2025-09-15T10:46:50.947+0000] {dag.py:3096} INFO - Sync 1 DAGs
[2025-09-15T10:46:50.967+0000] {logging_mixin.py:188} INFO - [2025-09-15T10:46:50.967+0000] {dag.py:3954} INFO - Setting next_dagrun for bike_hour_pipeline to 2025-09-14 00:00:00+00:00, run_after=2025-09-15 00:00:00+00:00
[2025-09-15T10:46:50.992+0000] {processor.py:183} INFO - Processing /opt/airflow/dags/bike_hour_dag.py took 0.103 seconds
[2025-09-15T10:47:21.681+0000] {processor.py:161} INFO - Started process (PID=6486) to work on /opt/airflow/dags/bike_hour_dag.py
[2025-09-15T10:47:21.682+0000] {processor.py:830} INFO - Processing file /opt/airflow/dags/bike_hour_dag.py for tasks to queue
[2025-09-15T10:47:21.683+0000] {logging_mixin.py:188} INFO - [2025-09-15T10:47:21.683+0000] {dagbag.py:540} INFO - Filling up the DagBag from /opt/airflow/dags/bike_hour_dag.py
[2025-09-15T10:47:21.703+0000] {processor.py:840} INFO - DAG(s) 'bike_hour_pipeline' retrieved from /opt/airflow/dags/bike_hour_dag.py
[2025-09-15T10:47:21.739+0000] {logging_mixin.py:188} INFO - [2025-09-15T10:47:21.738+0000] {dag.py:3096} INFO - Sync 1 DAGs
[2025-09-15T10:47:21.763+0000] {logging_mixin.py:188} INFO - [2025-09-15T10:47:21.763+0000] {dag.py:3954} INFO - Setting next_dagrun for bike_hour_pipeline to 2025-09-14 00:00:00+00:00, run_after=2025-09-15 00:00:00+00:00
[2025-09-15T10:47:21.794+0000] {processor.py:183} INFO - Processing /opt/airflow/dags/bike_hour_dag.py took 0.118 seconds
[2025-09-15T10:47:52.412+0000] {processor.py:161} INFO - Started process (PID=6523) to work on /opt/airflow/dags/bike_hour_dag.py
[2025-09-15T10:47:52.413+0000] {processor.py:830} INFO - Processing file /opt/airflow/dags/bike_hour_dag.py for tasks to queue
[2025-09-15T10:47:52.414+0000] {logging_mixin.py:188} INFO - [2025-09-15T10:47:52.414+0000] {dagbag.py:540} INFO - Filling up the DagBag from /opt/airflow/dags/bike_hour_dag.py
[2025-09-15T10:47:52.433+0000] {processor.py:840} INFO - DAG(s) 'bike_hour_pipeline' retrieved from /opt/airflow/dags/bike_hour_dag.py
[2025-09-15T10:47:52.460+0000] {logging_mixin.py:188} INFO - [2025-09-15T10:47:52.460+0000] {dag.py:3096} INFO - Sync 1 DAGs
[2025-09-15T10:47:52.481+0000] {logging_mixin.py:188} INFO - [2025-09-15T10:47:52.481+0000] {dag.py:3954} INFO - Setting next_dagrun for bike_hour_pipeline to 2025-09-14 00:00:00+00:00, run_after=2025-09-15 00:00:00+00:00
[2025-09-15T10:47:52.501+0000] {processor.py:183} INFO - Processing /opt/airflow/dags/bike_hour_dag.py took 0.095 seconds
[2025-09-15T10:48:22.916+0000] {processor.py:161} INFO - Started process (PID=6558) to work on /opt/airflow/dags/bike_hour_dag.py
[2025-09-15T10:48:22.917+0000] {processor.py:830} INFO - Processing file /opt/airflow/dags/bike_hour_dag.py for tasks to queue
[2025-09-15T10:48:22.918+0000] {logging_mixin.py:188} INFO - [2025-09-15T10:48:22.917+0000] {dagbag.py:540} INFO - Filling up the DagBag from /opt/airflow/dags/bike_hour_dag.py
[2025-09-15T10:48:22.939+0000] {processor.py:840} INFO - DAG(s) 'bike_hour_pipeline' retrieved from /opt/airflow/dags/bike_hour_dag.py
[2025-09-15T10:48:22.968+0000] {logging_mixin.py:188} INFO - [2025-09-15T10:48:22.968+0000] {dag.py:3096} INFO - Sync 1 DAGs
[2025-09-15T10:48:22.989+0000] {logging_mixin.py:188} INFO - [2025-09-15T10:48:22.989+0000] {dag.py:3954} INFO - Setting next_dagrun for bike_hour_pipeline to 2025-09-14 00:00:00+00:00, run_after=2025-09-15 00:00:00+00:00
[2025-09-15T10:48:23.009+0000] {processor.py:183} INFO - Processing /opt/airflow/dags/bike_hour_dag.py took 0.100 seconds
[2025-09-15T10:48:53.638+0000] {processor.py:161} INFO - Started process (PID=6593) to work on /opt/airflow/dags/bike_hour_dag.py
[2025-09-15T10:48:53.639+0000] {processor.py:830} INFO - Processing file /opt/airflow/dags/bike_hour_dag.py for tasks to queue
[2025-09-15T10:48:53.640+0000] {logging_mixin.py:188} INFO - [2025-09-15T10:48:53.640+0000] {dagbag.py:540} INFO - Filling up the DagBag from /opt/airflow/dags/bike_hour_dag.py
[2025-09-15T10:48:53.659+0000] {processor.py:840} INFO - DAG(s) 'bike_hour_pipeline' retrieved from /opt/airflow/dags/bike_hour_dag.py
[2025-09-15T10:48:53.685+0000] {logging_mixin.py:188} INFO - [2025-09-15T10:48:53.685+0000] {dag.py:3096} INFO - Sync 1 DAGs
[2025-09-15T10:48:53.706+0000] {logging_mixin.py:188} INFO - [2025-09-15T10:48:53.706+0000] {dag.py:3954} INFO - Setting next_dagrun for bike_hour_pipeline to 2025-09-14 00:00:00+00:00, run_after=2025-09-15 00:00:00+00:00
[2025-09-15T10:48:53.728+0000] {processor.py:183} INFO - Processing /opt/airflow/dags/bike_hour_dag.py took 0.096 seconds
[2025-09-15T10:49:24.322+0000] {processor.py:161} INFO - Started process (PID=6628) to work on /opt/airflow/dags/bike_hour_dag.py
[2025-09-15T10:49:24.323+0000] {processor.py:830} INFO - Processing file /opt/airflow/dags/bike_hour_dag.py for tasks to queue
[2025-09-15T10:49:24.324+0000] {logging_mixin.py:188} INFO - [2025-09-15T10:49:24.323+0000] {dagbag.py:540} INFO - Filling up the DagBag from /opt/airflow/dags/bike_hour_dag.py
[2025-09-15T10:49:24.344+0000] {processor.py:840} INFO - DAG(s) 'bike_hour_pipeline' retrieved from /opt/airflow/dags/bike_hour_dag.py
[2025-09-15T10:49:24.373+0000] {logging_mixin.py:188} INFO - [2025-09-15T10:49:24.373+0000] {dag.py:3096} INFO - Sync 1 DAGs
[2025-09-15T10:49:24.394+0000] {logging_mixin.py:188} INFO - [2025-09-15T10:49:24.394+0000] {dag.py:3954} INFO - Setting next_dagrun for bike_hour_pipeline to 2025-09-14 00:00:00+00:00, run_after=2025-09-15 00:00:00+00:00
[2025-09-15T10:49:24.412+0000] {processor.py:183} INFO - Processing /opt/airflow/dags/bike_hour_dag.py took 0.097 seconds
[2025-09-15T10:49:54.717+0000] {processor.py:161} INFO - Started process (PID=6663) to work on /opt/airflow/dags/bike_hour_dag.py
[2025-09-15T10:49:54.718+0000] {processor.py:830} INFO - Processing file /opt/airflow/dags/bike_hour_dag.py for tasks to queue
[2025-09-15T10:49:54.719+0000] {logging_mixin.py:188} INFO - [2025-09-15T10:49:54.719+0000] {dagbag.py:540} INFO - Filling up the DagBag from /opt/airflow/dags/bike_hour_dag.py
[2025-09-15T10:49:54.742+0000] {processor.py:840} INFO - DAG(s) 'bike_hour_pipeline' retrieved from /opt/airflow/dags/bike_hour_dag.py
[2025-09-15T10:49:54.774+0000] {logging_mixin.py:188} INFO - [2025-09-15T10:49:54.773+0000] {dag.py:3096} INFO - Sync 1 DAGs
[2025-09-15T10:49:54.794+0000] {logging_mixin.py:188} INFO - [2025-09-15T10:49:54.794+0000] {dag.py:3954} INFO - Setting next_dagrun for bike_hour_pipeline to 2025-09-14 00:00:00+00:00, run_after=2025-09-15 00:00:00+00:00
[2025-09-15T10:49:54.812+0000] {processor.py:183} INFO - Processing /opt/airflow/dags/bike_hour_dag.py took 0.103 seconds
[2025-09-15T10:50:25.483+0000] {processor.py:161} INFO - Started process (PID=6698) to work on /opt/airflow/dags/bike_hour_dag.py
[2025-09-15T10:50:25.485+0000] {processor.py:830} INFO - Processing file /opt/airflow/dags/bike_hour_dag.py for tasks to queue
[2025-09-15T10:50:25.485+0000] {logging_mixin.py:188} INFO - [2025-09-15T10:50:25.485+0000] {dagbag.py:540} INFO - Filling up the DagBag from /opt/airflow/dags/bike_hour_dag.py
[2025-09-15T10:50:25.510+0000] {processor.py:840} INFO - DAG(s) 'bike_hour_pipeline' retrieved from /opt/airflow/dags/bike_hour_dag.py
[2025-09-15T10:50:25.538+0000] {logging_mixin.py:188} INFO - [2025-09-15T10:50:25.537+0000] {dag.py:3096} INFO - Sync 1 DAGs
[2025-09-15T10:50:25.558+0000] {logging_mixin.py:188} INFO - [2025-09-15T10:50:25.558+0000] {dag.py:3954} INFO - Setting next_dagrun for bike_hour_pipeline to 2025-09-14 00:00:00+00:00, run_after=2025-09-15 00:00:00+00:00
[2025-09-15T10:50:25.576+0000] {processor.py:183} INFO - Processing /opt/airflow/dags/bike_hour_dag.py took 0.099 seconds
[2025-09-15T10:50:56.183+0000] {processor.py:161} INFO - Started process (PID=6733) to work on /opt/airflow/dags/bike_hour_dag.py
[2025-09-15T10:50:56.184+0000] {processor.py:830} INFO - Processing file /opt/airflow/dags/bike_hour_dag.py for tasks to queue
[2025-09-15T10:50:56.186+0000] {logging_mixin.py:188} INFO - [2025-09-15T10:50:56.186+0000] {dagbag.py:540} INFO - Filling up the DagBag from /opt/airflow/dags/bike_hour_dag.py
[2025-09-15T10:50:56.223+0000] {processor.py:840} INFO - DAG(s) 'bike_hour_pipeline' retrieved from /opt/airflow/dags/bike_hour_dag.py
[2025-09-15T10:50:56.255+0000] {logging_mixin.py:188} INFO - [2025-09-15T10:50:56.255+0000] {dag.py:3096} INFO - Sync 1 DAGs
[2025-09-15T10:50:56.279+0000] {logging_mixin.py:188} INFO - [2025-09-15T10:50:56.278+0000] {dag.py:3954} INFO - Setting next_dagrun for bike_hour_pipeline to 2025-09-14 00:00:00+00:00, run_after=2025-09-15 00:00:00+00:00
[2025-09-15T10:50:56.299+0000] {processor.py:183} INFO - Processing /opt/airflow/dags/bike_hour_dag.py took 0.123 seconds
[2025-09-15T10:51:26.886+0000] {processor.py:161} INFO - Started process (PID=6768) to work on /opt/airflow/dags/bike_hour_dag.py
[2025-09-15T10:51:26.887+0000] {processor.py:830} INFO - Processing file /opt/airflow/dags/bike_hour_dag.py for tasks to queue
[2025-09-15T10:51:26.888+0000] {logging_mixin.py:188} INFO - [2025-09-15T10:51:26.888+0000] {dagbag.py:540} INFO - Filling up the DagBag from /opt/airflow/dags/bike_hour_dag.py
[2025-09-15T10:51:26.909+0000] {processor.py:840} INFO - DAG(s) 'bike_hour_pipeline' retrieved from /opt/airflow/dags/bike_hour_dag.py
[2025-09-15T10:51:26.935+0000] {logging_mixin.py:188} INFO - [2025-09-15T10:51:26.935+0000] {dag.py:3096} INFO - Sync 1 DAGs
[2025-09-15T10:51:26.961+0000] {logging_mixin.py:188} INFO - [2025-09-15T10:51:26.961+0000] {dag.py:3954} INFO - Setting next_dagrun for bike_hour_pipeline to 2025-09-14 00:00:00+00:00, run_after=2025-09-15 00:00:00+00:00
[2025-09-15T10:51:26.980+0000] {processor.py:183} INFO - Processing /opt/airflow/dags/bike_hour_dag.py took 0.101 seconds
[2025-09-15T10:51:57.335+0000] {processor.py:161} INFO - Started process (PID=6803) to work on /opt/airflow/dags/bike_hour_dag.py
[2025-09-15T10:51:57.336+0000] {processor.py:830} INFO - Processing file /opt/airflow/dags/bike_hour_dag.py for tasks to queue
[2025-09-15T10:51:57.337+0000] {logging_mixin.py:188} INFO - [2025-09-15T10:51:57.337+0000] {dagbag.py:540} INFO - Filling up the DagBag from /opt/airflow/dags/bike_hour_dag.py
[2025-09-15T10:51:57.358+0000] {processor.py:840} INFO - DAG(s) 'bike_hour_pipeline' retrieved from /opt/airflow/dags/bike_hour_dag.py
[2025-09-15T10:51:57.385+0000] {logging_mixin.py:188} INFO - [2025-09-15T10:51:57.385+0000] {dag.py:3096} INFO - Sync 1 DAGs
[2025-09-15T10:51:57.406+0000] {logging_mixin.py:188} INFO - [2025-09-15T10:51:57.406+0000] {dag.py:3954} INFO - Setting next_dagrun for bike_hour_pipeline to 2025-09-14 00:00:00+00:00, run_after=2025-09-15 00:00:00+00:00
[2025-09-15T10:51:57.425+0000] {processor.py:183} INFO - Processing /opt/airflow/dags/bike_hour_dag.py took 0.095 seconds
[2025-09-15T10:52:28.092+0000] {processor.py:161} INFO - Started process (PID=6838) to work on /opt/airflow/dags/bike_hour_dag.py
[2025-09-15T10:52:28.093+0000] {processor.py:830} INFO - Processing file /opt/airflow/dags/bike_hour_dag.py for tasks to queue
[2025-09-15T10:52:28.094+0000] {logging_mixin.py:188} INFO - [2025-09-15T10:52:28.094+0000] {dagbag.py:540} INFO - Filling up the DagBag from /opt/airflow/dags/bike_hour_dag.py
[2025-09-15T10:52:28.114+0000] {processor.py:840} INFO - DAG(s) 'bike_hour_pipeline' retrieved from /opt/airflow/dags/bike_hour_dag.py
[2025-09-15T10:52:28.142+0000] {logging_mixin.py:188} INFO - [2025-09-15T10:52:28.141+0000] {dag.py:3096} INFO - Sync 1 DAGs
[2025-09-15T10:52:28.162+0000] {logging_mixin.py:188} INFO - [2025-09-15T10:52:28.162+0000] {dag.py:3954} INFO - Setting next_dagrun for bike_hour_pipeline to 2025-09-14 00:00:00+00:00, run_after=2025-09-15 00:00:00+00:00
[2025-09-15T10:52:28.187+0000] {processor.py:183} INFO - Processing /opt/airflow/dags/bike_hour_dag.py took 0.101 seconds
[2025-09-15T10:52:58.983+0000] {processor.py:161} INFO - Started process (PID=6873) to work on /opt/airflow/dags/bike_hour_dag.py
[2025-09-15T10:52:58.985+0000] {processor.py:830} INFO - Processing file /opt/airflow/dags/bike_hour_dag.py for tasks to queue
[2025-09-15T10:52:58.985+0000] {logging_mixin.py:188} INFO - [2025-09-15T10:52:58.985+0000] {dagbag.py:540} INFO - Filling up the DagBag from /opt/airflow/dags/bike_hour_dag.py
[2025-09-15T10:52:59.005+0000] {processor.py:840} INFO - DAG(s) 'bike_hour_pipeline' retrieved from /opt/airflow/dags/bike_hour_dag.py
[2025-09-15T10:52:59.034+0000] {logging_mixin.py:188} INFO - [2025-09-15T10:52:59.034+0000] {dag.py:3096} INFO - Sync 1 DAGs
[2025-09-15T10:52:59.054+0000] {logging_mixin.py:188} INFO - [2025-09-15T10:52:59.054+0000] {dag.py:3954} INFO - Setting next_dagrun for bike_hour_pipeline to 2025-09-14 00:00:00+00:00, run_after=2025-09-15 00:00:00+00:00
[2025-09-15T10:52:59.073+0000] {processor.py:183} INFO - Processing /opt/airflow/dags/bike_hour_dag.py took 0.095 seconds
[2025-09-15T10:53:29.306+0000] {processor.py:161} INFO - Started process (PID=6908) to work on /opt/airflow/dags/bike_hour_dag.py
[2025-09-15T10:53:29.307+0000] {processor.py:830} INFO - Processing file /opt/airflow/dags/bike_hour_dag.py for tasks to queue
[2025-09-15T10:53:29.310+0000] {logging_mixin.py:188} INFO - [2025-09-15T10:53:29.309+0000] {dagbag.py:540} INFO - Filling up the DagBag from /opt/airflow/dags/bike_hour_dag.py
[2025-09-15T10:53:29.333+0000] {processor.py:840} INFO - DAG(s) 'bike_hour_pipeline' retrieved from /opt/airflow/dags/bike_hour_dag.py
[2025-09-15T10:53:29.360+0000] {logging_mixin.py:188} INFO - [2025-09-15T10:53:29.359+0000] {dag.py:3096} INFO - Sync 1 DAGs
[2025-09-15T10:53:29.382+0000] {logging_mixin.py:188} INFO - [2025-09-15T10:53:29.380+0000] {dag.py:3954} INFO - Setting next_dagrun for bike_hour_pipeline to 2025-09-14 00:00:00+00:00, run_after=2025-09-15 00:00:00+00:00
[2025-09-15T10:53:29.403+0000] {processor.py:183} INFO - Processing /opt/airflow/dags/bike_hour_dag.py took 0.103 seconds
[2025-09-15T10:53:59.697+0000] {processor.py:161} INFO - Started process (PID=6943) to work on /opt/airflow/dags/bike_hour_dag.py
[2025-09-15T10:53:59.699+0000] {processor.py:830} INFO - Processing file /opt/airflow/dags/bike_hour_dag.py for tasks to queue
[2025-09-15T10:53:59.700+0000] {logging_mixin.py:188} INFO - [2025-09-15T10:53:59.700+0000] {dagbag.py:540} INFO - Filling up the DagBag from /opt/airflow/dags/bike_hour_dag.py
[2025-09-15T10:53:59.721+0000] {processor.py:840} INFO - DAG(s) 'bike_hour_pipeline' retrieved from /opt/airflow/dags/bike_hour_dag.py
[2025-09-15T10:53:59.750+0000] {logging_mixin.py:188} INFO - [2025-09-15T10:53:59.749+0000] {dag.py:3096} INFO - Sync 1 DAGs
[2025-09-15T10:53:59.769+0000] {logging_mixin.py:188} INFO - [2025-09-15T10:53:59.769+0000] {dag.py:3954} INFO - Setting next_dagrun for bike_hour_pipeline to 2025-09-14 00:00:00+00:00, run_after=2025-09-15 00:00:00+00:00
[2025-09-15T10:53:59.789+0000] {processor.py:183} INFO - Processing /opt/airflow/dags/bike_hour_dag.py took 0.100 seconds
[2025-09-15T10:54:30.713+0000] {processor.py:161} INFO - Started process (PID=6976) to work on /opt/airflow/dags/bike_hour_dag.py
[2025-09-15T10:54:30.714+0000] {processor.py:830} INFO - Processing file /opt/airflow/dags/bike_hour_dag.py for tasks to queue
[2025-09-15T10:54:30.715+0000] {logging_mixin.py:188} INFO - [2025-09-15T10:54:30.714+0000] {dagbag.py:540} INFO - Filling up the DagBag from /opt/airflow/dags/bike_hour_dag.py
[2025-09-15T10:54:30.737+0000] {processor.py:840} INFO - DAG(s) 'bike_hour_pipeline' retrieved from /opt/airflow/dags/bike_hour_dag.py
[2025-09-15T10:54:30.769+0000] {logging_mixin.py:188} INFO - [2025-09-15T10:54:30.768+0000] {dag.py:3096} INFO - Sync 1 DAGs
[2025-09-15T10:54:30.792+0000] {logging_mixin.py:188} INFO - [2025-09-15T10:54:30.792+0000] {dag.py:3954} INFO - Setting next_dagrun for bike_hour_pipeline to 2025-09-14 00:00:00+00:00, run_after=2025-09-15 00:00:00+00:00
[2025-09-15T10:54:30.818+0000] {processor.py:183} INFO - Processing /opt/airflow/dags/bike_hour_dag.py took 0.114 seconds
[2025-09-15T10:55:01.489+0000] {processor.py:161} INFO - Started process (PID=7013) to work on /opt/airflow/dags/bike_hour_dag.py
[2025-09-15T10:55:01.490+0000] {processor.py:830} INFO - Processing file /opt/airflow/dags/bike_hour_dag.py for tasks to queue
[2025-09-15T10:55:01.492+0000] {logging_mixin.py:188} INFO - [2025-09-15T10:55:01.491+0000] {dagbag.py:540} INFO - Filling up the DagBag from /opt/airflow/dags/bike_hour_dag.py
[2025-09-15T10:55:01.516+0000] {processor.py:840} INFO - DAG(s) 'bike_hour_pipeline' retrieved from /opt/airflow/dags/bike_hour_dag.py
[2025-09-15T10:55:01.547+0000] {logging_mixin.py:188} INFO - [2025-09-15T10:55:01.547+0000] {dag.py:3096} INFO - Sync 1 DAGs
[2025-09-15T10:55:01.577+0000] {logging_mixin.py:188} INFO - [2025-09-15T10:55:01.576+0000] {dag.py:3954} INFO - Setting next_dagrun for bike_hour_pipeline to 2025-09-14 00:00:00+00:00, run_after=2025-09-15 00:00:00+00:00
[2025-09-15T10:55:01.608+0000] {processor.py:183} INFO - Processing /opt/airflow/dags/bike_hour_dag.py took 0.126 seconds
[2025-09-15T10:55:32.518+0000] {processor.py:161} INFO - Started process (PID=7048) to work on /opt/airflow/dags/bike_hour_dag.py
[2025-09-15T10:55:32.519+0000] {processor.py:830} INFO - Processing file /opt/airflow/dags/bike_hour_dag.py for tasks to queue
[2025-09-15T10:55:32.520+0000] {logging_mixin.py:188} INFO - [2025-09-15T10:55:32.520+0000] {dagbag.py:540} INFO - Filling up the DagBag from /opt/airflow/dags/bike_hour_dag.py
[2025-09-15T10:55:32.550+0000] {processor.py:840} INFO - DAG(s) 'bike_hour_pipeline' retrieved from /opt/airflow/dags/bike_hour_dag.py
[2025-09-15T10:55:32.585+0000] {logging_mixin.py:188} INFO - [2025-09-15T10:55:32.585+0000] {dag.py:3096} INFO - Sync 1 DAGs
[2025-09-15T10:55:32.612+0000] {logging_mixin.py:188} INFO - [2025-09-15T10:55:32.611+0000] {dag.py:3954} INFO - Setting next_dagrun for bike_hour_pipeline to 2025-09-14 00:00:00+00:00, run_after=2025-09-15 00:00:00+00:00
[2025-09-15T10:55:32.642+0000] {processor.py:183} INFO - Processing /opt/airflow/dags/bike_hour_dag.py took 0.132 seconds
[2025-09-15T10:56:03.223+0000] {processor.py:161} INFO - Started process (PID=7083) to work on /opt/airflow/dags/bike_hour_dag.py
[2025-09-15T10:56:03.225+0000] {processor.py:830} INFO - Processing file /opt/airflow/dags/bike_hour_dag.py for tasks to queue
[2025-09-15T10:56:03.226+0000] {logging_mixin.py:188} INFO - [2025-09-15T10:56:03.226+0000] {dagbag.py:540} INFO - Filling up the DagBag from /opt/airflow/dags/bike_hour_dag.py
[2025-09-15T10:56:03.249+0000] {processor.py:840} INFO - DAG(s) 'bike_hour_pipeline' retrieved from /opt/airflow/dags/bike_hour_dag.py
[2025-09-15T10:56:03.282+0000] {logging_mixin.py:188} INFO - [2025-09-15T10:56:03.282+0000] {dag.py:3096} INFO - Sync 1 DAGs
[2025-09-15T10:56:03.310+0000] {logging_mixin.py:188} INFO - [2025-09-15T10:56:03.310+0000] {dag.py:3954} INFO - Setting next_dagrun for bike_hour_pipeline to 2025-09-14 00:00:00+00:00, run_after=2025-09-15 00:00:00+00:00
[2025-09-15T10:56:03.332+0000] {processor.py:183} INFO - Processing /opt/airflow/dags/bike_hour_dag.py took 0.115 seconds
[2025-09-15T10:56:33.802+0000] {processor.py:161} INFO - Started process (PID=7118) to work on /opt/airflow/dags/bike_hour_dag.py
[2025-09-15T10:56:33.803+0000] {processor.py:830} INFO - Processing file /opt/airflow/dags/bike_hour_dag.py for tasks to queue
[2025-09-15T10:56:33.805+0000] {logging_mixin.py:188} INFO - [2025-09-15T10:56:33.804+0000] {dagbag.py:540} INFO - Filling up the DagBag from /opt/airflow/dags/bike_hour_dag.py
[2025-09-15T10:56:33.824+0000] {processor.py:840} INFO - DAG(s) 'bike_hour_pipeline' retrieved from /opt/airflow/dags/bike_hour_dag.py
[2025-09-15T10:56:33.851+0000] {logging_mixin.py:188} INFO - [2025-09-15T10:56:33.851+0000] {dag.py:3096} INFO - Sync 1 DAGs
[2025-09-15T10:56:33.874+0000] {logging_mixin.py:188} INFO - [2025-09-15T10:56:33.874+0000] {dag.py:3954} INFO - Setting next_dagrun for bike_hour_pipeline to 2025-09-14 00:00:00+00:00, run_after=2025-09-15 00:00:00+00:00
[2025-09-15T10:56:33.893+0000] {processor.py:183} INFO - Processing /opt/airflow/dags/bike_hour_dag.py took 0.098 seconds
[2025-09-15T10:57:04.577+0000] {processor.py:161} INFO - Started process (PID=7153) to work on /opt/airflow/dags/bike_hour_dag.py
[2025-09-15T10:57:04.579+0000] {processor.py:830} INFO - Processing file /opt/airflow/dags/bike_hour_dag.py for tasks to queue
[2025-09-15T10:57:04.580+0000] {logging_mixin.py:188} INFO - [2025-09-15T10:57:04.579+0000] {dagbag.py:540} INFO - Filling up the DagBag from /opt/airflow/dags/bike_hour_dag.py
[2025-09-15T10:57:04.599+0000] {processor.py:840} INFO - DAG(s) 'bike_hour_pipeline' retrieved from /opt/airflow/dags/bike_hour_dag.py
[2025-09-15T10:57:04.628+0000] {logging_mixin.py:188} INFO - [2025-09-15T10:57:04.628+0000] {dag.py:3096} INFO - Sync 1 DAGs
[2025-09-15T10:57:04.662+0000] {logging_mixin.py:188} INFO - [2025-09-15T10:57:04.662+0000] {dag.py:3954} INFO - Setting next_dagrun for bike_hour_pipeline to 2025-09-14 00:00:00+00:00, run_after=2025-09-15 00:00:00+00:00
[2025-09-15T10:57:04.686+0000] {processor.py:183} INFO - Processing /opt/airflow/dags/bike_hour_dag.py took 0.115 seconds
[2025-09-15T10:57:35.157+0000] {processor.py:161} INFO - Started process (PID=7188) to work on /opt/airflow/dags/bike_hour_dag.py
[2025-09-15T10:57:35.159+0000] {processor.py:830} INFO - Processing file /opt/airflow/dags/bike_hour_dag.py for tasks to queue
[2025-09-15T10:57:35.160+0000] {logging_mixin.py:188} INFO - [2025-09-15T10:57:35.159+0000] {dagbag.py:540} INFO - Filling up the DagBag from /opt/airflow/dags/bike_hour_dag.py
[2025-09-15T10:57:35.181+0000] {processor.py:840} INFO - DAG(s) 'bike_hour_pipeline' retrieved from /opt/airflow/dags/bike_hour_dag.py
[2025-09-15T10:57:35.211+0000] {logging_mixin.py:188} INFO - [2025-09-15T10:57:35.211+0000] {dag.py:3096} INFO - Sync 1 DAGs
[2025-09-15T10:57:35.233+0000] {logging_mixin.py:188} INFO - [2025-09-15T10:57:35.233+0000] {dag.py:3954} INFO - Setting next_dagrun for bike_hour_pipeline to 2025-09-14 00:00:00+00:00, run_after=2025-09-15 00:00:00+00:00
[2025-09-15T10:57:35.252+0000] {processor.py:183} INFO - Processing /opt/airflow/dags/bike_hour_dag.py took 0.101 seconds
[2025-09-15T10:58:05.578+0000] {processor.py:161} INFO - Started process (PID=7223) to work on /opt/airflow/dags/bike_hour_dag.py
[2025-09-15T10:58:05.580+0000] {processor.py:830} INFO - Processing file /opt/airflow/dags/bike_hour_dag.py for tasks to queue
[2025-09-15T10:58:05.581+0000] {logging_mixin.py:188} INFO - [2025-09-15T10:58:05.581+0000] {dagbag.py:540} INFO - Filling up the DagBag from /opt/airflow/dags/bike_hour_dag.py
[2025-09-15T10:58:05.603+0000] {processor.py:840} INFO - DAG(s) 'bike_hour_pipeline' retrieved from /opt/airflow/dags/bike_hour_dag.py
[2025-09-15T10:58:05.634+0000] {logging_mixin.py:188} INFO - [2025-09-15T10:58:05.634+0000] {dag.py:3096} INFO - Sync 1 DAGs
[2025-09-15T10:58:05.655+0000] {logging_mixin.py:188} INFO - [2025-09-15T10:58:05.655+0000] {dag.py:3954} INFO - Setting next_dagrun for bike_hour_pipeline to 2025-09-14 00:00:00+00:00, run_after=2025-09-15 00:00:00+00:00
[2025-09-15T10:58:05.674+0000] {processor.py:183} INFO - Processing /opt/airflow/dags/bike_hour_dag.py took 0.105 seconds
[2025-09-15T10:58:36.166+0000] {processor.py:161} INFO - Started process (PID=7258) to work on /opt/airflow/dags/bike_hour_dag.py
[2025-09-15T10:58:36.167+0000] {processor.py:830} INFO - Processing file /opt/airflow/dags/bike_hour_dag.py for tasks to queue
[2025-09-15T10:58:36.168+0000] {logging_mixin.py:188} INFO - [2025-09-15T10:58:36.168+0000] {dagbag.py:540} INFO - Filling up the DagBag from /opt/airflow/dags/bike_hour_dag.py
[2025-09-15T10:58:36.194+0000] {processor.py:840} INFO - DAG(s) 'bike_hour_pipeline' retrieved from /opt/airflow/dags/bike_hour_dag.py
[2025-09-15T10:58:36.225+0000] {logging_mixin.py:188} INFO - [2025-09-15T10:58:36.225+0000] {dag.py:3096} INFO - Sync 1 DAGs
[2025-09-15T10:58:36.251+0000] {logging_mixin.py:188} INFO - [2025-09-15T10:58:36.251+0000] {dag.py:3954} INFO - Setting next_dagrun for bike_hour_pipeline to 2025-09-14 00:00:00+00:00, run_after=2025-09-15 00:00:00+00:00
[2025-09-15T10:58:36.272+0000] {processor.py:183} INFO - Processing /opt/airflow/dags/bike_hour_dag.py took 0.113 seconds
[2025-09-15T10:59:06.737+0000] {processor.py:161} INFO - Started process (PID=7291) to work on /opt/airflow/dags/bike_hour_dag.py
[2025-09-15T10:59:06.738+0000] {processor.py:830} INFO - Processing file /opt/airflow/dags/bike_hour_dag.py for tasks to queue
[2025-09-15T10:59:06.740+0000] {logging_mixin.py:188} INFO - [2025-09-15T10:59:06.740+0000] {dagbag.py:540} INFO - Filling up the DagBag from /opt/airflow/dags/bike_hour_dag.py
[2025-09-15T10:59:06.769+0000] {processor.py:840} INFO - DAG(s) 'bike_hour_pipeline' retrieved from /opt/airflow/dags/bike_hour_dag.py
[2025-09-15T10:59:06.804+0000] {logging_mixin.py:188} INFO - [2025-09-15T10:59:06.803+0000] {dag.py:3096} INFO - Sync 1 DAGs
[2025-09-15T10:59:06.829+0000] {logging_mixin.py:188} INFO - [2025-09-15T10:59:06.828+0000] {dag.py:3954} INFO - Setting next_dagrun for bike_hour_pipeline to 2025-09-14 00:00:00+00:00, run_after=2025-09-15 00:00:00+00:00
[2025-09-15T10:59:06.883+0000] {processor.py:183} INFO - Processing /opt/airflow/dags/bike_hour_dag.py took 0.154 seconds
[2025-09-15T10:59:37.905+0000] {processor.py:161} INFO - Started process (PID=7328) to work on /opt/airflow/dags/bike_hour_dag.py
[2025-09-15T10:59:37.915+0000] {processor.py:830} INFO - Processing file /opt/airflow/dags/bike_hour_dag.py for tasks to queue
[2025-09-15T10:59:37.916+0000] {logging_mixin.py:188} INFO - [2025-09-15T10:59:37.916+0000] {dagbag.py:540} INFO - Filling up the DagBag from /opt/airflow/dags/bike_hour_dag.py
[2025-09-15T10:59:37.951+0000] {processor.py:840} INFO - DAG(s) 'bike_hour_pipeline' retrieved from /opt/airflow/dags/bike_hour_dag.py
[2025-09-15T10:59:37.987+0000] {logging_mixin.py:188} INFO - [2025-09-15T10:59:37.987+0000] {dag.py:3096} INFO - Sync 1 DAGs
[2025-09-15T10:59:38.014+0000] {logging_mixin.py:188} INFO - [2025-09-15T10:59:38.014+0000] {dag.py:3954} INFO - Setting next_dagrun for bike_hour_pipeline to 2025-09-14 00:00:00+00:00, run_after=2025-09-15 00:00:00+00:00
[2025-09-15T10:59:38.060+0000] {processor.py:183} INFO - Processing /opt/airflow/dags/bike_hour_dag.py took 0.163 seconds
[2025-09-15T11:00:08.759+0000] {processor.py:161} INFO - Started process (PID=7363) to work on /opt/airflow/dags/bike_hour_dag.py
[2025-09-15T11:00:08.760+0000] {processor.py:830} INFO - Processing file /opt/airflow/dags/bike_hour_dag.py for tasks to queue
[2025-09-15T11:00:08.761+0000] {logging_mixin.py:188} INFO - [2025-09-15T11:00:08.761+0000] {dagbag.py:540} INFO - Filling up the DagBag from /opt/airflow/dags/bike_hour_dag.py
[2025-09-15T11:00:08.781+0000] {processor.py:840} INFO - DAG(s) 'bike_hour_pipeline' retrieved from /opt/airflow/dags/bike_hour_dag.py
[2025-09-15T11:00:08.807+0000] {logging_mixin.py:188} INFO - [2025-09-15T11:00:08.807+0000] {dag.py:3096} INFO - Sync 1 DAGs
[2025-09-15T11:00:08.828+0000] {logging_mixin.py:188} INFO - [2025-09-15T11:00:08.828+0000] {dag.py:3954} INFO - Setting next_dagrun for bike_hour_pipeline to 2025-09-14 00:00:00+00:00, run_after=2025-09-15 00:00:00+00:00
[2025-09-15T11:00:08.846+0000] {processor.py:183} INFO - Processing /opt/airflow/dags/bike_hour_dag.py took 0.093 seconds
[2025-09-15T11:00:39.224+0000] {processor.py:161} INFO - Started process (PID=7398) to work on /opt/airflow/dags/bike_hour_dag.py
[2025-09-15T11:00:39.225+0000] {processor.py:830} INFO - Processing file /opt/airflow/dags/bike_hour_dag.py for tasks to queue
[2025-09-15T11:00:39.227+0000] {logging_mixin.py:188} INFO - [2025-09-15T11:00:39.226+0000] {dagbag.py:540} INFO - Filling up the DagBag from /opt/airflow/dags/bike_hour_dag.py
[2025-09-15T11:00:39.251+0000] {processor.py:840} INFO - DAG(s) 'bike_hour_pipeline' retrieved from /opt/airflow/dags/bike_hour_dag.py
[2025-09-15T11:00:39.281+0000] {logging_mixin.py:188} INFO - [2025-09-15T11:00:39.280+0000] {dag.py:3096} INFO - Sync 1 DAGs
[2025-09-15T11:00:39.304+0000] {logging_mixin.py:188} INFO - [2025-09-15T11:00:39.303+0000] {dag.py:3954} INFO - Setting next_dagrun for bike_hour_pipeline to 2025-09-14 00:00:00+00:00, run_after=2025-09-15 00:00:00+00:00
[2025-09-15T11:00:39.325+0000] {processor.py:183} INFO - Processing /opt/airflow/dags/bike_hour_dag.py took 0.109 seconds
[2025-09-15T11:01:10.507+0000] {processor.py:161} INFO - Started process (PID=7433) to work on /opt/airflow/dags/bike_hour_dag.py
[2025-09-15T11:01:10.512+0000] {processor.py:830} INFO - Processing file /opt/airflow/dags/bike_hour_dag.py for tasks to queue
[2025-09-15T11:01:10.519+0000] {logging_mixin.py:188} INFO - [2025-09-15T11:01:10.518+0000] {dagbag.py:540} INFO - Filling up the DagBag from /opt/airflow/dags/bike_hour_dag.py
[2025-09-15T11:01:10.607+0000] {processor.py:840} INFO - DAG(s) 'bike_hour_pipeline' retrieved from /opt/airflow/dags/bike_hour_dag.py
[2025-09-15T11:01:10.724+0000] {logging_mixin.py:188} INFO - [2025-09-15T11:01:10.723+0000] {dag.py:3096} INFO - Sync 1 DAGs
[2025-09-15T11:01:10.801+0000] {logging_mixin.py:188} INFO - [2025-09-15T11:01:10.798+0000] {dag.py:3954} INFO - Setting next_dagrun for bike_hour_pipeline to 2025-09-14 00:00:00+00:00, run_after=2025-09-15 00:00:00+00:00
[2025-09-15T11:01:10.906+0000] {processor.py:183} INFO - Processing /opt/airflow/dags/bike_hour_dag.py took 0.423 seconds
[2025-09-15T11:01:41.772+0000] {processor.py:161} INFO - Started process (PID=7468) to work on /opt/airflow/dags/bike_hour_dag.py
[2025-09-15T11:01:41.773+0000] {processor.py:830} INFO - Processing file /opt/airflow/dags/bike_hour_dag.py for tasks to queue
[2025-09-15T11:01:41.774+0000] {logging_mixin.py:188} INFO - [2025-09-15T11:01:41.774+0000] {dagbag.py:540} INFO - Filling up the DagBag from /opt/airflow/dags/bike_hour_dag.py
[2025-09-15T11:01:41.803+0000] {processor.py:840} INFO - DAG(s) 'bike_hour_pipeline' retrieved from /opt/airflow/dags/bike_hour_dag.py
[2025-09-15T11:01:41.845+0000] {logging_mixin.py:188} INFO - [2025-09-15T11:01:41.844+0000] {dag.py:3096} INFO - Sync 1 DAGs
[2025-09-15T11:01:41.884+0000] {logging_mixin.py:188} INFO - [2025-09-15T11:01:41.884+0000] {dag.py:3954} INFO - Setting next_dagrun for bike_hour_pipeline to 2025-09-14 00:00:00+00:00, run_after=2025-09-15 00:00:00+00:00
[2025-09-15T11:01:41.948+0000] {processor.py:183} INFO - Processing /opt/airflow/dags/bike_hour_dag.py took 0.185 seconds
[2025-09-15T11:02:12.720+0000] {processor.py:161} INFO - Started process (PID=7503) to work on /opt/airflow/dags/bike_hour_dag.py
[2025-09-15T11:02:12.721+0000] {processor.py:830} INFO - Processing file /opt/airflow/dags/bike_hour_dag.py for tasks to queue
[2025-09-15T11:02:12.722+0000] {logging_mixin.py:188} INFO - [2025-09-15T11:02:12.722+0000] {dagbag.py:540} INFO - Filling up the DagBag from /opt/airflow/dags/bike_hour_dag.py
[2025-09-15T11:02:12.744+0000] {processor.py:840} INFO - DAG(s) 'bike_hour_pipeline' retrieved from /opt/airflow/dags/bike_hour_dag.py
[2025-09-15T11:02:12.775+0000] {logging_mixin.py:188} INFO - [2025-09-15T11:02:12.775+0000] {dag.py:3096} INFO - Sync 1 DAGs
[2025-09-15T11:02:12.798+0000] {logging_mixin.py:188} INFO - [2025-09-15T11:02:12.798+0000] {dag.py:3954} INFO - Setting next_dagrun for bike_hour_pipeline to 2025-09-14 00:00:00+00:00, run_after=2025-09-15 00:00:00+00:00
[2025-09-15T11:02:12.818+0000] {processor.py:183} INFO - Processing /opt/airflow/dags/bike_hour_dag.py took 0.105 seconds
[2025-09-15T11:02:43.316+0000] {processor.py:161} INFO - Started process (PID=7538) to work on /opt/airflow/dags/bike_hour_dag.py
[2025-09-15T11:02:43.317+0000] {processor.py:830} INFO - Processing file /opt/airflow/dags/bike_hour_dag.py for tasks to queue
[2025-09-15T11:02:43.318+0000] {logging_mixin.py:188} INFO - [2025-09-15T11:02:43.317+0000] {dagbag.py:540} INFO - Filling up the DagBag from /opt/airflow/dags/bike_hour_dag.py
[2025-09-15T11:02:43.339+0000] {processor.py:840} INFO - DAG(s) 'bike_hour_pipeline' retrieved from /opt/airflow/dags/bike_hour_dag.py
[2025-09-15T11:02:43.366+0000] {logging_mixin.py:188} INFO - [2025-09-15T11:02:43.365+0000] {dag.py:3096} INFO - Sync 1 DAGs
[2025-09-15T11:02:43.391+0000] {logging_mixin.py:188} INFO - [2025-09-15T11:02:43.391+0000] {dag.py:3954} INFO - Setting next_dagrun for bike_hour_pipeline to 2025-09-14 00:00:00+00:00, run_after=2025-09-15 00:00:00+00:00
[2025-09-15T11:02:43.412+0000] {processor.py:183} INFO - Processing /opt/airflow/dags/bike_hour_dag.py took 0.102 seconds
[2025-09-15T11:03:13.957+0000] {processor.py:161} INFO - Started process (PID=7573) to work on /opt/airflow/dags/bike_hour_dag.py
[2025-09-15T11:03:13.959+0000] {processor.py:830} INFO - Processing file /opt/airflow/dags/bike_hour_dag.py for tasks to queue
[2025-09-15T11:03:13.959+0000] {logging_mixin.py:188} INFO - [2025-09-15T11:03:13.959+0000] {dagbag.py:540} INFO - Filling up the DagBag from /opt/airflow/dags/bike_hour_dag.py
[2025-09-15T11:03:13.980+0000] {processor.py:840} INFO - DAG(s) 'bike_hour_pipeline' retrieved from /opt/airflow/dags/bike_hour_dag.py
[2025-09-15T11:03:14.005+0000] {logging_mixin.py:188} INFO - [2025-09-15T11:03:14.005+0000] {dag.py:3096} INFO - Sync 1 DAGs
[2025-09-15T11:03:14.024+0000] {logging_mixin.py:188} INFO - [2025-09-15T11:03:14.024+0000] {dag.py:3954} INFO - Setting next_dagrun for bike_hour_pipeline to 2025-09-14 00:00:00+00:00, run_after=2025-09-15 00:00:00+00:00
[2025-09-15T11:03:14.040+0000] {processor.py:183} INFO - Processing /opt/airflow/dags/bike_hour_dag.py took 0.089 seconds
[2025-09-15T11:03:44.427+0000] {processor.py:161} INFO - Started process (PID=7608) to work on /opt/airflow/dags/bike_hour_dag.py
[2025-09-15T11:03:44.428+0000] {processor.py:830} INFO - Processing file /opt/airflow/dags/bike_hour_dag.py for tasks to queue
[2025-09-15T11:03:44.429+0000] {logging_mixin.py:188} INFO - [2025-09-15T11:03:44.429+0000] {dagbag.py:540} INFO - Filling up the DagBag from /opt/airflow/dags/bike_hour_dag.py
[2025-09-15T11:03:44.450+0000] {processor.py:840} INFO - DAG(s) 'bike_hour_pipeline' retrieved from /opt/airflow/dags/bike_hour_dag.py
[2025-09-15T11:03:44.475+0000] {logging_mixin.py:188} INFO - [2025-09-15T11:03:44.475+0000] {dag.py:3096} INFO - Sync 1 DAGs
[2025-09-15T11:03:44.499+0000] {logging_mixin.py:188} INFO - [2025-09-15T11:03:44.499+0000] {dag.py:3954} INFO - Setting next_dagrun for bike_hour_pipeline to 2025-09-14 00:00:00+00:00, run_after=2025-09-15 00:00:00+00:00
[2025-09-15T11:03:44.517+0000] {processor.py:183} INFO - Processing /opt/airflow/dags/bike_hour_dag.py took 0.096 seconds
[2025-09-15T11:04:14.998+0000] {processor.py:161} INFO - Started process (PID=7643) to work on /opt/airflow/dags/bike_hour_dag.py
[2025-09-15T11:04:15.000+0000] {processor.py:830} INFO - Processing file /opt/airflow/dags/bike_hour_dag.py for tasks to queue
[2025-09-15T11:04:15.001+0000] {logging_mixin.py:188} INFO - [2025-09-15T11:04:15.001+0000] {dagbag.py:540} INFO - Filling up the DagBag from /opt/airflow/dags/bike_hour_dag.py
[2025-09-15T11:04:15.025+0000] {processor.py:840} INFO - DAG(s) 'bike_hour_pipeline' retrieved from /opt/airflow/dags/bike_hour_dag.py
[2025-09-15T11:04:15.053+0000] {logging_mixin.py:188} INFO - [2025-09-15T11:04:15.053+0000] {dag.py:3096} INFO - Sync 1 DAGs
[2025-09-15T11:04:15.079+0000] {logging_mixin.py:188} INFO - [2025-09-15T11:04:15.079+0000] {dag.py:3954} INFO - Setting next_dagrun for bike_hour_pipeline to 2025-09-14 00:00:00+00:00, run_after=2025-09-15 00:00:00+00:00
[2025-09-15T11:04:15.100+0000] {processor.py:183} INFO - Processing /opt/airflow/dags/bike_hour_dag.py took 0.113 seconds
[2025-09-15T11:04:45.473+0000] {processor.py:161} INFO - Started process (PID=7678) to work on /opt/airflow/dags/bike_hour_dag.py
[2025-09-15T11:04:45.474+0000] {processor.py:830} INFO - Processing file /opt/airflow/dags/bike_hour_dag.py for tasks to queue
[2025-09-15T11:04:45.475+0000] {logging_mixin.py:188} INFO - [2025-09-15T11:04:45.475+0000] {dagbag.py:540} INFO - Filling up the DagBag from /opt/airflow/dags/bike_hour_dag.py
[2025-09-15T11:04:45.496+0000] {processor.py:840} INFO - DAG(s) 'bike_hour_pipeline' retrieved from /opt/airflow/dags/bike_hour_dag.py
[2025-09-15T11:04:45.522+0000] {logging_mixin.py:188} INFO - [2025-09-15T11:04:45.521+0000] {dag.py:3096} INFO - Sync 1 DAGs
[2025-09-15T11:04:45.547+0000] {logging_mixin.py:188} INFO - [2025-09-15T11:04:45.547+0000] {dag.py:3954} INFO - Setting next_dagrun for bike_hour_pipeline to 2025-09-14 00:00:00+00:00, run_after=2025-09-15 00:00:00+00:00
[2025-09-15T11:04:45.566+0000] {processor.py:183} INFO - Processing /opt/airflow/dags/bike_hour_dag.py took 0.099 seconds
[2025-09-15T11:05:15.960+0000] {processor.py:161} INFO - Started process (PID=7713) to work on /opt/airflow/dags/bike_hour_dag.py
[2025-09-15T11:05:15.961+0000] {processor.py:830} INFO - Processing file /opt/airflow/dags/bike_hour_dag.py for tasks to queue
[2025-09-15T11:05:15.962+0000] {logging_mixin.py:188} INFO - [2025-09-15T11:05:15.961+0000] {dagbag.py:540} INFO - Filling up the DagBag from /opt/airflow/dags/bike_hour_dag.py
[2025-09-15T11:05:15.987+0000] {processor.py:840} INFO - DAG(s) 'bike_hour_pipeline' retrieved from /opt/airflow/dags/bike_hour_dag.py
[2025-09-15T11:05:16.016+0000] {logging_mixin.py:188} INFO - [2025-09-15T11:05:16.016+0000] {dag.py:3096} INFO - Sync 1 DAGs
[2025-09-15T11:05:16.044+0000] {logging_mixin.py:188} INFO - [2025-09-15T11:05:16.044+0000] {dag.py:3954} INFO - Setting next_dagrun for bike_hour_pipeline to 2025-09-14 00:00:00+00:00, run_after=2025-09-15 00:00:00+00:00
[2025-09-15T11:05:16.065+0000] {processor.py:183} INFO - Processing /opt/airflow/dags/bike_hour_dag.py took 0.112 seconds
[2025-09-15T11:05:46.500+0000] {processor.py:161} INFO - Started process (PID=7748) to work on /opt/airflow/dags/bike_hour_dag.py
[2025-09-15T11:05:46.502+0000] {processor.py:830} INFO - Processing file /opt/airflow/dags/bike_hour_dag.py for tasks to queue
[2025-09-15T11:05:46.503+0000] {logging_mixin.py:188} INFO - [2025-09-15T11:05:46.502+0000] {dagbag.py:540} INFO - Filling up the DagBag from /opt/airflow/dags/bike_hour_dag.py
[2025-09-15T11:05:46.523+0000] {processor.py:840} INFO - DAG(s) 'bike_hour_pipeline' retrieved from /opt/airflow/dags/bike_hour_dag.py
[2025-09-15T11:05:46.550+0000] {logging_mixin.py:188} INFO - [2025-09-15T11:05:46.549+0000] {dag.py:3096} INFO - Sync 1 DAGs
[2025-09-15T11:05:46.579+0000] {logging_mixin.py:188} INFO - [2025-09-15T11:05:46.579+0000] {dag.py:3954} INFO - Setting next_dagrun for bike_hour_pipeline to 2025-09-14 00:00:00+00:00, run_after=2025-09-15 00:00:00+00:00
[2025-09-15T11:05:46.598+0000] {processor.py:183} INFO - Processing /opt/airflow/dags/bike_hour_dag.py took 0.103 seconds
[2025-09-15T11:06:17.033+0000] {processor.py:161} INFO - Started process (PID=7783) to work on /opt/airflow/dags/bike_hour_dag.py
[2025-09-15T11:06:17.036+0000] {processor.py:830} INFO - Processing file /opt/airflow/dags/bike_hour_dag.py for tasks to queue
[2025-09-15T11:06:17.038+0000] {logging_mixin.py:188} INFO - [2025-09-15T11:06:17.037+0000] {dagbag.py:540} INFO - Filling up the DagBag from /opt/airflow/dags/bike_hour_dag.py
[2025-09-15T11:06:17.082+0000] {processor.py:840} INFO - DAG(s) 'bike_hour_pipeline' retrieved from /opt/airflow/dags/bike_hour_dag.py
[2025-09-15T11:06:17.151+0000] {logging_mixin.py:188} INFO - [2025-09-15T11:06:17.151+0000] {dag.py:3096} INFO - Sync 1 DAGs
[2025-09-15T11:06:17.194+0000] {logging_mixin.py:188} INFO - [2025-09-15T11:06:17.193+0000] {dag.py:3954} INFO - Setting next_dagrun for bike_hour_pipeline to 2025-09-14 00:00:00+00:00, run_after=2025-09-15 00:00:00+00:00
[2025-09-15T11:06:17.244+0000] {processor.py:183} INFO - Processing /opt/airflow/dags/bike_hour_dag.py took 0.228 seconds
[2025-09-15T11:06:47.749+0000] {processor.py:161} INFO - Started process (PID=7818) to work on /opt/airflow/dags/bike_hour_dag.py
[2025-09-15T11:06:47.751+0000] {processor.py:830} INFO - Processing file /opt/airflow/dags/bike_hour_dag.py for tasks to queue
[2025-09-15T11:06:47.751+0000] {logging_mixin.py:188} INFO - [2025-09-15T11:06:47.751+0000] {dagbag.py:540} INFO - Filling up the DagBag from /opt/airflow/dags/bike_hour_dag.py
[2025-09-15T11:06:47.770+0000] {processor.py:840} INFO - DAG(s) 'bike_hour_pipeline' retrieved from /opt/airflow/dags/bike_hour_dag.py
[2025-09-15T11:06:47.794+0000] {logging_mixin.py:188} INFO - [2025-09-15T11:06:47.794+0000] {dag.py:3096} INFO - Sync 1 DAGs
[2025-09-15T11:06:47.817+0000] {logging_mixin.py:188} INFO - [2025-09-15T11:06:47.816+0000] {dag.py:3954} INFO - Setting next_dagrun for bike_hour_pipeline to 2025-09-14 00:00:00+00:00, run_after=2025-09-15 00:00:00+00:00
[2025-09-15T11:06:47.836+0000] {processor.py:183} INFO - Processing /opt/airflow/dags/bike_hour_dag.py took 0.093 seconds
[2025-09-15T11:07:17.989+0000] {processor.py:161} INFO - Started process (PID=7868) to work on /opt/airflow/dags/bike_hour_dag.py
[2025-09-15T11:07:17.991+0000] {processor.py:830} INFO - Processing file /opt/airflow/dags/bike_hour_dag.py for tasks to queue
[2025-09-15T11:07:17.993+0000] {logging_mixin.py:188} INFO - [2025-09-15T11:07:17.992+0000] {dagbag.py:540} INFO - Filling up the DagBag from /opt/airflow/dags/bike_hour_dag.py
[2025-09-15T11:07:18.020+0000] {processor.py:840} INFO - DAG(s) 'bike_hour_pipeline' retrieved from /opt/airflow/dags/bike_hour_dag.py
[2025-09-15T11:07:18.047+0000] {logging_mixin.py:188} INFO - [2025-09-15T11:07:18.046+0000] {dag.py:3096} INFO - Sync 1 DAGs
[2025-09-15T11:07:18.079+0000] {logging_mixin.py:188} INFO - [2025-09-15T11:07:18.078+0000] {dag.py:3954} INFO - Setting next_dagrun for bike_hour_pipeline to 2025-09-14 00:00:00+00:00, run_after=2025-09-15 00:00:00+00:00
[2025-09-15T11:07:18.098+0000] {processor.py:183} INFO - Processing /opt/airflow/dags/bike_hour_dag.py took 0.116 seconds
[2025-09-15T11:07:48.524+0000] {processor.py:161} INFO - Started process (PID=7903) to work on /opt/airflow/dags/bike_hour_dag.py
[2025-09-15T11:07:48.525+0000] {processor.py:830} INFO - Processing file /opt/airflow/dags/bike_hour_dag.py for tasks to queue
[2025-09-15T11:07:48.526+0000] {logging_mixin.py:188} INFO - [2025-09-15T11:07:48.526+0000] {dagbag.py:540} INFO - Filling up the DagBag from /opt/airflow/dags/bike_hour_dag.py
[2025-09-15T11:07:48.560+0000] {processor.py:840} INFO - DAG(s) 'bike_hour_pipeline' retrieved from /opt/airflow/dags/bike_hour_dag.py
[2025-09-15T11:07:48.620+0000] {logging_mixin.py:188} INFO - [2025-09-15T11:07:48.619+0000] {dag.py:3096} INFO - Sync 1 DAGs
[2025-09-15T11:07:48.664+0000] {logging_mixin.py:188} INFO - [2025-09-15T11:07:48.664+0000] {dag.py:3954} INFO - Setting next_dagrun for bike_hour_pipeline to 2025-09-14 00:00:00+00:00, run_after=2025-09-15 00:00:00+00:00
[2025-09-15T11:07:48.697+0000] {processor.py:183} INFO - Processing /opt/airflow/dags/bike_hour_dag.py took 0.186 seconds
[2025-09-15T11:08:19.425+0000] {processor.py:161} INFO - Started process (PID=7938) to work on /opt/airflow/dags/bike_hour_dag.py
[2025-09-15T11:08:19.430+0000] {processor.py:830} INFO - Processing file /opt/airflow/dags/bike_hour_dag.py for tasks to queue
[2025-09-15T11:08:19.434+0000] {logging_mixin.py:188} INFO - [2025-09-15T11:08:19.432+0000] {dagbag.py:540} INFO - Filling up the DagBag from /opt/airflow/dags/bike_hour_dag.py
[2025-09-15T11:08:19.535+0000] {processor.py:840} INFO - DAG(s) 'bike_hour_pipeline' retrieved from /opt/airflow/dags/bike_hour_dag.py
[2025-09-15T11:08:19.677+0000] {logging_mixin.py:188} INFO - [2025-09-15T11:08:19.675+0000] {dag.py:3096} INFO - Sync 1 DAGs
[2025-09-15T11:08:19.749+0000] {logging_mixin.py:188} INFO - [2025-09-15T11:08:19.747+0000] {dag.py:3954} INFO - Setting next_dagrun for bike_hour_pipeline to 2025-09-14 00:00:00+00:00, run_after=2025-09-15 00:00:00+00:00
[2025-09-15T11:08:19.819+0000] {processor.py:183} INFO - Processing /opt/airflow/dags/bike_hour_dag.py took 0.417 seconds
[2025-09-15T11:08:50.439+0000] {processor.py:161} INFO - Started process (PID=7983) to work on /opt/airflow/dags/bike_hour_dag.py
[2025-09-15T11:08:50.441+0000] {processor.py:830} INFO - Processing file /opt/airflow/dags/bike_hour_dag.py for tasks to queue
[2025-09-15T11:08:50.443+0000] {logging_mixin.py:188} INFO - [2025-09-15T11:08:50.442+0000] {dagbag.py:540} INFO - Filling up the DagBag from /opt/airflow/dags/bike_hour_dag.py
[2025-09-15T11:08:50.478+0000] {processor.py:840} INFO - DAG(s) 'bike_hour_pipeline' retrieved from /opt/airflow/dags/bike_hour_dag.py
[2025-09-15T11:08:50.524+0000] {logging_mixin.py:188} INFO - [2025-09-15T11:08:50.522+0000] {dag.py:3096} INFO - Sync 1 DAGs
[2025-09-15T11:08:50.562+0000] {logging_mixin.py:188} INFO - [2025-09-15T11:08:50.562+0000] {dag.py:3954} INFO - Setting next_dagrun for bike_hour_pipeline to 2025-09-14 00:00:00+00:00, run_after=2025-09-15 00:00:00+00:00
[2025-09-15T11:08:50.603+0000] {processor.py:183} INFO - Processing /opt/airflow/dags/bike_hour_dag.py took 0.173 seconds
[2025-09-15T11:09:21.108+0000] {processor.py:161} INFO - Started process (PID=8018) to work on /opt/airflow/dags/bike_hour_dag.py
[2025-09-15T11:09:21.109+0000] {processor.py:830} INFO - Processing file /opt/airflow/dags/bike_hour_dag.py for tasks to queue
[2025-09-15T11:09:21.110+0000] {logging_mixin.py:188} INFO - [2025-09-15T11:09:21.110+0000] {dagbag.py:540} INFO - Filling up the DagBag from /opt/airflow/dags/bike_hour_dag.py
[2025-09-15T11:09:21.131+0000] {processor.py:840} INFO - DAG(s) 'bike_hour_pipeline' retrieved from /opt/airflow/dags/bike_hour_dag.py
[2025-09-15T11:09:21.159+0000] {logging_mixin.py:188} INFO - [2025-09-15T11:09:21.159+0000] {dag.py:3096} INFO - Sync 1 DAGs
[2025-09-15T11:09:21.180+0000] {logging_mixin.py:188} INFO - [2025-09-15T11:09:21.179+0000] {dag.py:3954} INFO - Setting next_dagrun for bike_hour_pipeline to 2025-09-14 00:00:00+00:00, run_after=2025-09-15 00:00:00+00:00
[2025-09-15T11:09:21.201+0000] {processor.py:183} INFO - Processing /opt/airflow/dags/bike_hour_dag.py took 0.099 seconds
[2025-09-15T11:09:51.639+0000] {processor.py:161} INFO - Started process (PID=8054) to work on /opt/airflow/dags/bike_hour_dag.py
[2025-09-15T11:09:51.641+0000] {processor.py:830} INFO - Processing file /opt/airflow/dags/bike_hour_dag.py for tasks to queue
[2025-09-15T11:09:51.644+0000] {logging_mixin.py:188} INFO - [2025-09-15T11:09:51.643+0000] {dagbag.py:540} INFO - Filling up the DagBag from /opt/airflow/dags/bike_hour_dag.py
[2025-09-15T11:09:51.711+0000] {processor.py:840} INFO - DAG(s) 'bike_hour_pipeline' retrieved from /opt/airflow/dags/bike_hour_dag.py
[2025-09-15T11:09:51.784+0000] {logging_mixin.py:188} INFO - [2025-09-15T11:09:51.783+0000] {dag.py:3096} INFO - Sync 1 DAGs
[2025-09-15T11:09:51.881+0000] {logging_mixin.py:188} INFO - [2025-09-15T11:09:51.881+0000] {dag.py:3954} INFO - Setting next_dagrun for bike_hour_pipeline to 2025-09-14 00:00:00+00:00, run_after=2025-09-15 00:00:00+00:00
[2025-09-15T11:09:51.991+0000] {processor.py:183} INFO - Processing /opt/airflow/dags/bike_hour_dag.py took 0.369 seconds
[2025-09-15T11:10:22.521+0000] {processor.py:161} INFO - Started process (PID=8103) to work on /opt/airflow/dags/bike_hour_dag.py
[2025-09-15T11:10:22.523+0000] {processor.py:830} INFO - Processing file /opt/airflow/dags/bike_hour_dag.py for tasks to queue
[2025-09-15T11:10:22.524+0000] {logging_mixin.py:188} INFO - [2025-09-15T11:10:22.523+0000] {dagbag.py:540} INFO - Filling up the DagBag from /opt/airflow/dags/bike_hour_dag.py
[2025-09-15T11:10:22.545+0000] {processor.py:840} INFO - DAG(s) 'bike_hour_pipeline' retrieved from /opt/airflow/dags/bike_hour_dag.py
[2025-09-15T11:10:22.573+0000] {logging_mixin.py:188} INFO - [2025-09-15T11:10:22.573+0000] {dag.py:3096} INFO - Sync 1 DAGs
[2025-09-15T11:10:22.602+0000] {logging_mixin.py:188} INFO - [2025-09-15T11:10:22.602+0000] {dag.py:3954} INFO - Setting next_dagrun for bike_hour_pipeline to 2025-09-14 00:00:00+00:00, run_after=2025-09-15 00:00:00+00:00
[2025-09-15T11:10:22.623+0000] {processor.py:183} INFO - Processing /opt/airflow/dags/bike_hour_dag.py took 0.109 seconds
[2025-09-15T11:10:52.864+0000] {processor.py:161} INFO - Started process (PID=8138) to work on /opt/airflow/dags/bike_hour_dag.py
[2025-09-15T11:10:52.865+0000] {processor.py:830} INFO - Processing file /opt/airflow/dags/bike_hour_dag.py for tasks to queue
[2025-09-15T11:10:52.866+0000] {logging_mixin.py:188} INFO - [2025-09-15T11:10:52.866+0000] {dagbag.py:540} INFO - Filling up the DagBag from /opt/airflow/dags/bike_hour_dag.py
[2025-09-15T11:10:52.886+0000] {processor.py:840} INFO - DAG(s) 'bike_hour_pipeline' retrieved from /opt/airflow/dags/bike_hour_dag.py
[2025-09-15T11:10:52.912+0000] {logging_mixin.py:188} INFO - [2025-09-15T11:10:52.912+0000] {dag.py:3096} INFO - Sync 1 DAGs
[2025-09-15T11:10:52.932+0000] {logging_mixin.py:188} INFO - [2025-09-15T11:10:52.932+0000] {dag.py:3954} INFO - Setting next_dagrun for bike_hour_pipeline to 2025-09-14 00:00:00+00:00, run_after=2025-09-15 00:00:00+00:00
[2025-09-15T11:10:52.950+0000] {processor.py:183} INFO - Processing /opt/airflow/dags/bike_hour_dag.py took 0.091 seconds
[2025-09-15T11:11:23.403+0000] {processor.py:161} INFO - Started process (PID=8173) to work on /opt/airflow/dags/bike_hour_dag.py
[2025-09-15T11:11:23.405+0000] {processor.py:830} INFO - Processing file /opt/airflow/dags/bike_hour_dag.py for tasks to queue
[2025-09-15T11:11:23.406+0000] {logging_mixin.py:188} INFO - [2025-09-15T11:11:23.406+0000] {dagbag.py:540} INFO - Filling up the DagBag from /opt/airflow/dags/bike_hour_dag.py
[2025-09-15T11:11:23.433+0000] {processor.py:840} INFO - DAG(s) 'bike_hour_pipeline' retrieved from /opt/airflow/dags/bike_hour_dag.py
[2025-09-15T11:11:23.461+0000] {logging_mixin.py:188} INFO - [2025-09-15T11:11:23.460+0000] {dag.py:3096} INFO - Sync 1 DAGs
[2025-09-15T11:11:23.484+0000] {logging_mixin.py:188} INFO - [2025-09-15T11:11:23.484+0000] {dag.py:3954} INFO - Setting next_dagrun for bike_hour_pipeline to 2025-09-14 00:00:00+00:00, run_after=2025-09-15 00:00:00+00:00
[2025-09-15T11:11:23.503+0000] {processor.py:183} INFO - Processing /opt/airflow/dags/bike_hour_dag.py took 0.117 seconds
[2025-09-15T11:11:53.995+0000] {processor.py:161} INFO - Started process (PID=8208) to work on /opt/airflow/dags/bike_hour_dag.py
[2025-09-15T11:11:53.996+0000] {processor.py:830} INFO - Processing file /opt/airflow/dags/bike_hour_dag.py for tasks to queue
[2025-09-15T11:11:53.997+0000] {logging_mixin.py:188} INFO - [2025-09-15T11:11:53.997+0000] {dagbag.py:540} INFO - Filling up the DagBag from /opt/airflow/dags/bike_hour_dag.py
[2025-09-15T11:11:54.016+0000] {processor.py:840} INFO - DAG(s) 'bike_hour_pipeline' retrieved from /opt/airflow/dags/bike_hour_dag.py
[2025-09-15T11:11:54.041+0000] {logging_mixin.py:188} INFO - [2025-09-15T11:11:54.041+0000] {dag.py:3096} INFO - Sync 1 DAGs
[2025-09-15T11:11:54.059+0000] {logging_mixin.py:188} INFO - [2025-09-15T11:11:54.059+0000] {dag.py:3954} INFO - Setting next_dagrun for bike_hour_pipeline to 2025-09-14 00:00:00+00:00, run_after=2025-09-15 00:00:00+00:00
[2025-09-15T11:11:54.086+0000] {processor.py:183} INFO - Processing /opt/airflow/dags/bike_hour_dag.py took 0.096 seconds
[2025-09-15T11:12:24.660+0000] {processor.py:161} INFO - Started process (PID=8243) to work on /opt/airflow/dags/bike_hour_dag.py
[2025-09-15T11:12:24.661+0000] {processor.py:830} INFO - Processing file /opt/airflow/dags/bike_hour_dag.py for tasks to queue
[2025-09-15T11:12:24.662+0000] {logging_mixin.py:188} INFO - [2025-09-15T11:12:24.662+0000] {dagbag.py:540} INFO - Filling up the DagBag from /opt/airflow/dags/bike_hour_dag.py
[2025-09-15T11:12:24.680+0000] {processor.py:840} INFO - DAG(s) 'bike_hour_pipeline' retrieved from /opt/airflow/dags/bike_hour_dag.py
[2025-09-15T11:12:24.704+0000] {logging_mixin.py:188} INFO - [2025-09-15T11:12:24.704+0000] {dag.py:3096} INFO - Sync 1 DAGs
[2025-09-15T11:12:24.723+0000] {logging_mixin.py:188} INFO - [2025-09-15T11:12:24.723+0000] {dag.py:3954} INFO - Setting next_dagrun for bike_hour_pipeline to 2025-09-14 00:00:00+00:00, run_after=2025-09-15 00:00:00+00:00
[2025-09-15T11:12:24.741+0000] {processor.py:183} INFO - Processing /opt/airflow/dags/bike_hour_dag.py took 0.087 seconds
[2025-09-15T11:12:55.120+0000] {processor.py:161} INFO - Started process (PID=8278) to work on /opt/airflow/dags/bike_hour_dag.py
[2025-09-15T11:12:55.121+0000] {processor.py:830} INFO - Processing file /opt/airflow/dags/bike_hour_dag.py for tasks to queue
[2025-09-15T11:12:55.122+0000] {logging_mixin.py:188} INFO - [2025-09-15T11:12:55.122+0000] {dagbag.py:540} INFO - Filling up the DagBag from /opt/airflow/dags/bike_hour_dag.py
[2025-09-15T11:12:55.142+0000] {processor.py:840} INFO - DAG(s) 'bike_hour_pipeline' retrieved from /opt/airflow/dags/bike_hour_dag.py
[2025-09-15T11:12:55.168+0000] {logging_mixin.py:188} INFO - [2025-09-15T11:12:55.168+0000] {dag.py:3096} INFO - Sync 1 DAGs
[2025-09-15T11:12:55.190+0000] {logging_mixin.py:188} INFO - [2025-09-15T11:12:55.190+0000] {dag.py:3954} INFO - Setting next_dagrun for bike_hour_pipeline to 2025-09-14 00:00:00+00:00, run_after=2025-09-15 00:00:00+00:00
[2025-09-15T11:12:55.212+0000] {processor.py:183} INFO - Processing /opt/airflow/dags/bike_hour_dag.py took 0.097 seconds
[2025-09-15T11:13:25.671+0000] {processor.py:161} INFO - Started process (PID=8313) to work on /opt/airflow/dags/bike_hour_dag.py
[2025-09-15T11:13:25.672+0000] {processor.py:830} INFO - Processing file /opt/airflow/dags/bike_hour_dag.py for tasks to queue
[2025-09-15T11:13:25.673+0000] {logging_mixin.py:188} INFO - [2025-09-15T11:13:25.673+0000] {dagbag.py:540} INFO - Filling up the DagBag from /opt/airflow/dags/bike_hour_dag.py
[2025-09-15T11:13:25.695+0000] {processor.py:840} INFO - DAG(s) 'bike_hour_pipeline' retrieved from /opt/airflow/dags/bike_hour_dag.py
[2025-09-15T11:13:25.724+0000] {logging_mixin.py:188} INFO - [2025-09-15T11:13:25.724+0000] {dag.py:3096} INFO - Sync 1 DAGs
[2025-09-15T11:13:25.744+0000] {logging_mixin.py:188} INFO - [2025-09-15T11:13:25.744+0000] {dag.py:3954} INFO - Setting next_dagrun for bike_hour_pipeline to 2025-09-14 00:00:00+00:00, run_after=2025-09-15 00:00:00+00:00
[2025-09-15T11:13:25.765+0000] {processor.py:183} INFO - Processing /opt/airflow/dags/bike_hour_dag.py took 0.101 seconds
[2025-09-15T11:13:56.518+0000] {processor.py:161} INFO - Started process (PID=8348) to work on /opt/airflow/dags/bike_hour_dag.py
[2025-09-15T11:13:56.519+0000] {processor.py:830} INFO - Processing file /opt/airflow/dags/bike_hour_dag.py for tasks to queue
[2025-09-15T11:13:56.521+0000] {logging_mixin.py:188} INFO - [2025-09-15T11:13:56.520+0000] {dagbag.py:540} INFO - Filling up the DagBag from /opt/airflow/dags/bike_hour_dag.py
[2025-09-15T11:13:56.550+0000] {processor.py:840} INFO - DAG(s) 'bike_hour_pipeline' retrieved from /opt/airflow/dags/bike_hour_dag.py
[2025-09-15T11:13:56.593+0000] {logging_mixin.py:188} INFO - [2025-09-15T11:13:56.593+0000] {dag.py:3096} INFO - Sync 1 DAGs
[2025-09-15T11:13:56.664+0000] {logging_mixin.py:188} INFO - [2025-09-15T11:13:56.664+0000] {dag.py:3954} INFO - Setting next_dagrun for bike_hour_pipeline to 2025-09-14 00:00:00+00:00, run_after=2025-09-15 00:00:00+00:00
[2025-09-15T11:13:56.726+0000] {processor.py:183} INFO - Processing /opt/airflow/dags/bike_hour_dag.py took 0.216 seconds
[2025-09-15T11:14:26.865+0000] {processor.py:161} INFO - Started process (PID=8383) to work on /opt/airflow/dags/bike_hour_dag.py
[2025-09-15T11:14:26.866+0000] {processor.py:830} INFO - Processing file /opt/airflow/dags/bike_hour_dag.py for tasks to queue
[2025-09-15T11:14:26.867+0000] {logging_mixin.py:188} INFO - [2025-09-15T11:14:26.867+0000] {dagbag.py:540} INFO - Filling up the DagBag from /opt/airflow/dags/bike_hour_dag.py
[2025-09-15T11:14:26.901+0000] {processor.py:840} INFO - DAG(s) 'bike_hour_pipeline' retrieved from /opt/airflow/dags/bike_hour_dag.py
[2025-09-15T11:14:26.938+0000] {logging_mixin.py:188} INFO - [2025-09-15T11:14:26.938+0000] {dag.py:3096} INFO - Sync 1 DAGs
[2025-09-15T11:14:26.962+0000] {logging_mixin.py:188} INFO - [2025-09-15T11:14:26.962+0000] {dag.py:3954} INFO - Setting next_dagrun for bike_hour_pipeline to 2025-09-14 00:00:00+00:00, run_after=2025-09-15 00:00:00+00:00
[2025-09-15T11:14:26.987+0000] {processor.py:183} INFO - Processing /opt/airflow/dags/bike_hour_dag.py took 0.130 seconds
[2025-09-15T11:14:57.227+0000] {processor.py:161} INFO - Started process (PID=8418) to work on /opt/airflow/dags/bike_hour_dag.py
[2025-09-15T11:14:57.229+0000] {processor.py:830} INFO - Processing file /opt/airflow/dags/bike_hour_dag.py for tasks to queue
[2025-09-15T11:14:57.230+0000] {logging_mixin.py:188} INFO - [2025-09-15T11:14:57.230+0000] {dagbag.py:540} INFO - Filling up the DagBag from /opt/airflow/dags/bike_hour_dag.py
[2025-09-15T11:14:57.256+0000] {processor.py:840} INFO - DAG(s) 'bike_hour_pipeline' retrieved from /opt/airflow/dags/bike_hour_dag.py
[2025-09-15T11:14:57.294+0000] {logging_mixin.py:188} INFO - [2025-09-15T11:14:57.293+0000] {dag.py:3096} INFO - Sync 1 DAGs
[2025-09-15T11:14:57.319+0000] {logging_mixin.py:188} INFO - [2025-09-15T11:14:57.318+0000] {dag.py:3954} INFO - Setting next_dagrun for bike_hour_pipeline to 2025-09-14 00:00:00+00:00, run_after=2025-09-15 00:00:00+00:00
[2025-09-15T11:14:57.345+0000] {processor.py:183} INFO - Processing /opt/airflow/dags/bike_hour_dag.py took 0.137 seconds
[2025-09-15T11:15:28.009+0000] {processor.py:161} INFO - Started process (PID=8453) to work on /opt/airflow/dags/bike_hour_dag.py
[2025-09-15T11:15:28.010+0000] {processor.py:830} INFO - Processing file /opt/airflow/dags/bike_hour_dag.py for tasks to queue
[2025-09-15T11:15:28.011+0000] {logging_mixin.py:188} INFO - [2025-09-15T11:15:28.011+0000] {dagbag.py:540} INFO - Filling up the DagBag from /opt/airflow/dags/bike_hour_dag.py
[2025-09-15T11:15:28.033+0000] {processor.py:840} INFO - DAG(s) 'bike_hour_pipeline' retrieved from /opt/airflow/dags/bike_hour_dag.py
[2025-09-15T11:15:28.066+0000] {logging_mixin.py:188} INFO - [2025-09-15T11:15:28.065+0000] {dag.py:3096} INFO - Sync 1 DAGs
[2025-09-15T11:15:28.101+0000] {logging_mixin.py:188} INFO - [2025-09-15T11:15:28.101+0000] {dag.py:3954} INFO - Setting next_dagrun for bike_hour_pipeline to 2025-09-14 00:00:00+00:00, run_after=2025-09-15 00:00:00+00:00
[2025-09-15T11:15:28.122+0000] {processor.py:183} INFO - Processing /opt/airflow/dags/bike_hour_dag.py took 0.120 seconds
[2025-09-15T11:15:58.619+0000] {processor.py:161} INFO - Started process (PID=8488) to work on /opt/airflow/dags/bike_hour_dag.py
[2025-09-15T11:15:58.620+0000] {processor.py:830} INFO - Processing file /opt/airflow/dags/bike_hour_dag.py for tasks to queue
[2025-09-15T11:15:58.621+0000] {logging_mixin.py:188} INFO - [2025-09-15T11:15:58.621+0000] {dagbag.py:540} INFO - Filling up the DagBag from /opt/airflow/dags/bike_hour_dag.py
[2025-09-15T11:15:58.654+0000] {processor.py:840} INFO - DAG(s) 'bike_hour_pipeline' retrieved from /opt/airflow/dags/bike_hour_dag.py
[2025-09-15T11:15:58.684+0000] {logging_mixin.py:188} INFO - [2025-09-15T11:15:58.684+0000] {dag.py:3096} INFO - Sync 1 DAGs
[2025-09-15T11:15:58.706+0000] {logging_mixin.py:188} INFO - [2025-09-15T11:15:58.705+0000] {dag.py:3954} INFO - Setting next_dagrun for bike_hour_pipeline to 2025-09-14 00:00:00+00:00, run_after=2025-09-15 00:00:00+00:00
[2025-09-15T11:15:58.726+0000] {processor.py:183} INFO - Processing /opt/airflow/dags/bike_hour_dag.py took 0.113 seconds
[2025-09-15T11:16:29.357+0000] {processor.py:161} INFO - Started process (PID=8523) to work on /opt/airflow/dags/bike_hour_dag.py
[2025-09-15T11:16:29.359+0000] {processor.py:830} INFO - Processing file /opt/airflow/dags/bike_hour_dag.py for tasks to queue
[2025-09-15T11:16:29.359+0000] {logging_mixin.py:188} INFO - [2025-09-15T11:16:29.359+0000] {dagbag.py:540} INFO - Filling up the DagBag from /opt/airflow/dags/bike_hour_dag.py
[2025-09-15T11:16:29.377+0000] {processor.py:840} INFO - DAG(s) 'bike_hour_pipeline' retrieved from /opt/airflow/dags/bike_hour_dag.py
[2025-09-15T11:16:29.403+0000] {logging_mixin.py:188} INFO - [2025-09-15T11:16:29.403+0000] {dag.py:3096} INFO - Sync 1 DAGs
[2025-09-15T11:16:29.430+0000] {logging_mixin.py:188} INFO - [2025-09-15T11:16:29.429+0000] {dag.py:3954} INFO - Setting next_dagrun for bike_hour_pipeline to 2025-09-14 00:00:00+00:00, run_after=2025-09-15 00:00:00+00:00
[2025-09-15T11:16:29.450+0000] {processor.py:183} INFO - Processing /opt/airflow/dags/bike_hour_dag.py took 0.098 seconds
[2025-09-15T11:17:00.133+0000] {processor.py:161} INFO - Started process (PID=8558) to work on /opt/airflow/dags/bike_hour_dag.py
[2025-09-15T11:17:00.134+0000] {processor.py:830} INFO - Processing file /opt/airflow/dags/bike_hour_dag.py for tasks to queue
[2025-09-15T11:17:00.135+0000] {logging_mixin.py:188} INFO - [2025-09-15T11:17:00.135+0000] {dagbag.py:540} INFO - Filling up the DagBag from /opt/airflow/dags/bike_hour_dag.py
[2025-09-15T11:17:00.154+0000] {processor.py:840} INFO - DAG(s) 'bike_hour_pipeline' retrieved from /opt/airflow/dags/bike_hour_dag.py
[2025-09-15T11:17:00.181+0000] {logging_mixin.py:188} INFO - [2025-09-15T11:17:00.181+0000] {dag.py:3096} INFO - Sync 1 DAGs
[2025-09-15T11:17:00.206+0000] {logging_mixin.py:188} INFO - [2025-09-15T11:17:00.205+0000] {dag.py:3954} INFO - Setting next_dagrun for bike_hour_pipeline to 2025-09-14 00:00:00+00:00, run_after=2025-09-15 00:00:00+00:00
[2025-09-15T11:17:00.227+0000] {processor.py:183} INFO - Processing /opt/airflow/dags/bike_hour_dag.py took 0.100 seconds
[2025-09-15T11:17:30.799+0000] {processor.py:161} INFO - Started process (PID=8593) to work on /opt/airflow/dags/bike_hour_dag.py
[2025-09-15T11:17:30.800+0000] {processor.py:830} INFO - Processing file /opt/airflow/dags/bike_hour_dag.py for tasks to queue
[2025-09-15T11:17:30.801+0000] {logging_mixin.py:188} INFO - [2025-09-15T11:17:30.801+0000] {dagbag.py:540} INFO - Filling up the DagBag from /opt/airflow/dags/bike_hour_dag.py
[2025-09-15T11:17:30.823+0000] {processor.py:840} INFO - DAG(s) 'bike_hour_pipeline' retrieved from /opt/airflow/dags/bike_hour_dag.py
[2025-09-15T11:17:30.853+0000] {logging_mixin.py:188} INFO - [2025-09-15T11:17:30.852+0000] {dag.py:3096} INFO - Sync 1 DAGs
[2025-09-15T11:17:30.873+0000] {logging_mixin.py:188} INFO - [2025-09-15T11:17:30.873+0000] {dag.py:3954} INFO - Setting next_dagrun for bike_hour_pipeline to 2025-09-14 00:00:00+00:00, run_after=2025-09-15 00:00:00+00:00
[2025-09-15T11:17:30.895+0000] {processor.py:183} INFO - Processing /opt/airflow/dags/bike_hour_dag.py took 0.102 seconds
[2025-09-15T11:18:01.336+0000] {processor.py:161} INFO - Started process (PID=8628) to work on /opt/airflow/dags/bike_hour_dag.py
[2025-09-15T11:18:01.337+0000] {processor.py:830} INFO - Processing file /opt/airflow/dags/bike_hour_dag.py for tasks to queue
[2025-09-15T11:18:01.338+0000] {logging_mixin.py:188} INFO - [2025-09-15T11:18:01.338+0000] {dagbag.py:540} INFO - Filling up the DagBag from /opt/airflow/dags/bike_hour_dag.py
[2025-09-15T11:18:01.362+0000] {processor.py:840} INFO - DAG(s) 'bike_hour_pipeline' retrieved from /opt/airflow/dags/bike_hour_dag.py
[2025-09-15T11:18:01.398+0000] {logging_mixin.py:188} INFO - [2025-09-15T11:18:01.398+0000] {dag.py:3096} INFO - Sync 1 DAGs
[2025-09-15T11:18:01.423+0000] {logging_mixin.py:188} INFO - [2025-09-15T11:18:01.422+0000] {dag.py:3954} INFO - Setting next_dagrun for bike_hour_pipeline to 2025-09-14 00:00:00+00:00, run_after=2025-09-15 00:00:00+00:00
[2025-09-15T11:18:01.443+0000] {processor.py:183} INFO - Processing /opt/airflow/dags/bike_hour_dag.py took 0.114 seconds
[2025-09-15T11:18:31.865+0000] {processor.py:161} INFO - Started process (PID=8663) to work on /opt/airflow/dags/bike_hour_dag.py
[2025-09-15T11:18:31.866+0000] {processor.py:830} INFO - Processing file /opt/airflow/dags/bike_hour_dag.py for tasks to queue
[2025-09-15T11:18:31.867+0000] {logging_mixin.py:188} INFO - [2025-09-15T11:18:31.867+0000] {dagbag.py:540} INFO - Filling up the DagBag from /opt/airflow/dags/bike_hour_dag.py
[2025-09-15T11:18:31.889+0000] {processor.py:840} INFO - DAG(s) 'bike_hour_pipeline' retrieved from /opt/airflow/dags/bike_hour_dag.py
[2025-09-15T11:18:31.916+0000] {logging_mixin.py:188} INFO - [2025-09-15T11:18:31.916+0000] {dag.py:3096} INFO - Sync 1 DAGs
[2025-09-15T11:18:31.939+0000] {logging_mixin.py:188} INFO - [2025-09-15T11:18:31.939+0000] {dag.py:3954} INFO - Setting next_dagrun for bike_hour_pipeline to 2025-09-14 00:00:00+00:00, run_after=2025-09-15 00:00:00+00:00
[2025-09-15T11:18:31.958+0000] {processor.py:183} INFO - Processing /opt/airflow/dags/bike_hour_dag.py took 0.098 seconds
[2025-09-15T11:19:02.438+0000] {processor.py:161} INFO - Started process (PID=8698) to work on /opt/airflow/dags/bike_hour_dag.py
[2025-09-15T11:19:02.439+0000] {processor.py:830} INFO - Processing file /opt/airflow/dags/bike_hour_dag.py for tasks to queue
[2025-09-15T11:19:02.440+0000] {logging_mixin.py:188} INFO - [2025-09-15T11:19:02.439+0000] {dagbag.py:540} INFO - Filling up the DagBag from /opt/airflow/dags/bike_hour_dag.py
[2025-09-15T11:19:02.460+0000] {processor.py:840} INFO - DAG(s) 'bike_hour_pipeline' retrieved from /opt/airflow/dags/bike_hour_dag.py
[2025-09-15T11:19:02.492+0000] {logging_mixin.py:188} INFO - [2025-09-15T11:19:02.492+0000] {dag.py:3096} INFO - Sync 1 DAGs
[2025-09-15T11:19:02.511+0000] {logging_mixin.py:188} INFO - [2025-09-15T11:19:02.511+0000] {dag.py:3954} INFO - Setting next_dagrun for bike_hour_pipeline to 2025-09-14 00:00:00+00:00, run_after=2025-09-15 00:00:00+00:00
[2025-09-15T11:19:02.530+0000] {processor.py:183} INFO - Processing /opt/airflow/dags/bike_hour_dag.py took 0.098 seconds
[2025-09-15T11:19:32.873+0000] {processor.py:161} INFO - Started process (PID=8733) to work on /opt/airflow/dags/bike_hour_dag.py
[2025-09-15T11:19:32.874+0000] {processor.py:830} INFO - Processing file /opt/airflow/dags/bike_hour_dag.py for tasks to queue
[2025-09-15T11:19:32.875+0000] {logging_mixin.py:188} INFO - [2025-09-15T11:19:32.874+0000] {dagbag.py:540} INFO - Filling up the DagBag from /opt/airflow/dags/bike_hour_dag.py
[2025-09-15T11:19:32.897+0000] {processor.py:840} INFO - DAG(s) 'bike_hour_pipeline' retrieved from /opt/airflow/dags/bike_hour_dag.py
[2025-09-15T11:19:32.931+0000] {logging_mixin.py:188} INFO - [2025-09-15T11:19:32.931+0000] {dag.py:3096} INFO - Sync 1 DAGs
[2025-09-15T11:19:32.961+0000] {logging_mixin.py:188} INFO - [2025-09-15T11:19:32.961+0000] {dag.py:3954} INFO - Setting next_dagrun for bike_hour_pipeline to 2025-09-14 00:00:00+00:00, run_after=2025-09-15 00:00:00+00:00
[2025-09-15T11:19:32.985+0000] {processor.py:183} INFO - Processing /opt/airflow/dags/bike_hour_dag.py took 0.118 seconds
[2025-09-15T11:20:03.513+0000] {processor.py:161} INFO - Started process (PID=8768) to work on /opt/airflow/dags/bike_hour_dag.py
[2025-09-15T11:20:03.514+0000] {processor.py:830} INFO - Processing file /opt/airflow/dags/bike_hour_dag.py for tasks to queue
[2025-09-15T11:20:03.515+0000] {logging_mixin.py:188} INFO - [2025-09-15T11:20:03.515+0000] {dagbag.py:540} INFO - Filling up the DagBag from /opt/airflow/dags/bike_hour_dag.py
[2025-09-15T11:20:03.540+0000] {processor.py:840} INFO - DAG(s) 'bike_hour_pipeline' retrieved from /opt/airflow/dags/bike_hour_dag.py
[2025-09-15T11:20:03.566+0000] {logging_mixin.py:188} INFO - [2025-09-15T11:20:03.566+0000] {dag.py:3096} INFO - Sync 1 DAGs
[2025-09-15T11:20:03.585+0000] {logging_mixin.py:188} INFO - [2025-09-15T11:20:03.585+0000] {dag.py:3954} INFO - Setting next_dagrun for bike_hour_pipeline to 2025-09-14 00:00:00+00:00, run_after=2025-09-15 00:00:00+00:00
[2025-09-15T11:20:03.605+0000] {processor.py:183} INFO - Processing /opt/airflow/dags/bike_hour_dag.py took 0.098 seconds
[2025-09-15T11:20:34.187+0000] {processor.py:161} INFO - Started process (PID=8803) to work on /opt/airflow/dags/bike_hour_dag.py
[2025-09-15T11:20:34.190+0000] {processor.py:830} INFO - Processing file /opt/airflow/dags/bike_hour_dag.py for tasks to queue
[2025-09-15T11:20:34.191+0000] {logging_mixin.py:188} INFO - [2025-09-15T11:20:34.191+0000] {dagbag.py:540} INFO - Filling up the DagBag from /opt/airflow/dags/bike_hour_dag.py
[2025-09-15T11:20:34.229+0000] {processor.py:840} INFO - DAG(s) 'bike_hour_pipeline' retrieved from /opt/airflow/dags/bike_hour_dag.py
[2025-09-15T11:20:34.279+0000] {logging_mixin.py:188} INFO - [2025-09-15T11:20:34.278+0000] {dag.py:3096} INFO - Sync 1 DAGs
[2025-09-15T11:20:34.314+0000] {logging_mixin.py:188} INFO - [2025-09-15T11:20:34.314+0000] {dag.py:3954} INFO - Setting next_dagrun for bike_hour_pipeline to 2025-09-14 00:00:00+00:00, run_after=2025-09-15 00:00:00+00:00
[2025-09-15T11:20:34.347+0000] {processor.py:183} INFO - Processing /opt/airflow/dags/bike_hour_dag.py took 0.171 seconds
[2025-09-15T11:21:04.584+0000] {processor.py:161} INFO - Started process (PID=8838) to work on /opt/airflow/dags/bike_hour_dag.py
[2025-09-15T11:21:04.585+0000] {processor.py:830} INFO - Processing file /opt/airflow/dags/bike_hour_dag.py for tasks to queue
[2025-09-15T11:21:04.586+0000] {logging_mixin.py:188} INFO - [2025-09-15T11:21:04.586+0000] {dagbag.py:540} INFO - Filling up the DagBag from /opt/airflow/dags/bike_hour_dag.py
[2025-09-15T11:21:04.604+0000] {processor.py:840} INFO - DAG(s) 'bike_hour_pipeline' retrieved from /opt/airflow/dags/bike_hour_dag.py
[2025-09-15T11:21:04.628+0000] {logging_mixin.py:188} INFO - [2025-09-15T11:21:04.628+0000] {dag.py:3096} INFO - Sync 1 DAGs
[2025-09-15T11:21:04.653+0000] {logging_mixin.py:188} INFO - [2025-09-15T11:21:04.653+0000] {dag.py:3954} INFO - Setting next_dagrun for bike_hour_pipeline to 2025-09-14 00:00:00+00:00, run_after=2025-09-15 00:00:00+00:00
[2025-09-15T11:21:04.674+0000] {processor.py:183} INFO - Processing /opt/airflow/dags/bike_hour_dag.py took 0.096 seconds
[2025-09-15T11:21:35.109+0000] {processor.py:161} INFO - Started process (PID=8873) to work on /opt/airflow/dags/bike_hour_dag.py
[2025-09-15T11:21:35.110+0000] {processor.py:830} INFO - Processing file /opt/airflow/dags/bike_hour_dag.py for tasks to queue
[2025-09-15T11:21:35.111+0000] {logging_mixin.py:188} INFO - [2025-09-15T11:21:35.111+0000] {dagbag.py:540} INFO - Filling up the DagBag from /opt/airflow/dags/bike_hour_dag.py
[2025-09-15T11:21:35.141+0000] {processor.py:840} INFO - DAG(s) 'bike_hour_pipeline' retrieved from /opt/airflow/dags/bike_hour_dag.py
[2025-09-15T11:21:35.169+0000] {logging_mixin.py:188} INFO - [2025-09-15T11:21:35.169+0000] {dag.py:3096} INFO - Sync 1 DAGs
[2025-09-15T11:21:35.191+0000] {logging_mixin.py:188} INFO - [2025-09-15T11:21:35.191+0000] {dag.py:3954} INFO - Setting next_dagrun for bike_hour_pipeline to 2025-09-14 00:00:00+00:00, run_after=2025-09-15 00:00:00+00:00
[2025-09-15T11:21:35.210+0000] {processor.py:183} INFO - Processing /opt/airflow/dags/bike_hour_dag.py took 0.108 seconds
[2025-09-15T11:22:05.371+0000] {processor.py:161} INFO - Started process (PID=8908) to work on /opt/airflow/dags/bike_hour_dag.py
[2025-09-15T11:22:05.372+0000] {processor.py:830} INFO - Processing file /opt/airflow/dags/bike_hour_dag.py for tasks to queue
[2025-09-15T11:22:05.373+0000] {logging_mixin.py:188} INFO - [2025-09-15T11:22:05.372+0000] {dagbag.py:540} INFO - Filling up the DagBag from /opt/airflow/dags/bike_hour_dag.py
[2025-09-15T11:22:05.392+0000] {processor.py:840} INFO - DAG(s) 'bike_hour_pipeline' retrieved from /opt/airflow/dags/bike_hour_dag.py
[2025-09-15T11:22:05.417+0000] {logging_mixin.py:188} INFO - [2025-09-15T11:22:05.417+0000] {dag.py:3096} INFO - Sync 1 DAGs
[2025-09-15T11:22:05.436+0000] {logging_mixin.py:188} INFO - [2025-09-15T11:22:05.435+0000] {dag.py:3954} INFO - Setting next_dagrun for bike_hour_pipeline to 2025-09-14 00:00:00+00:00, run_after=2025-09-15 00:00:00+00:00
[2025-09-15T11:22:05.457+0000] {processor.py:183} INFO - Processing /opt/airflow/dags/bike_hour_dag.py took 0.093 seconds
[2025-09-15T11:22:36.330+0000] {processor.py:161} INFO - Started process (PID=8943) to work on /opt/airflow/dags/bike_hour_dag.py
[2025-09-15T11:22:36.332+0000] {processor.py:830} INFO - Processing file /opt/airflow/dags/bike_hour_dag.py for tasks to queue
[2025-09-15T11:22:36.333+0000] {logging_mixin.py:188} INFO - [2025-09-15T11:22:36.332+0000] {dagbag.py:540} INFO - Filling up the DagBag from /opt/airflow/dags/bike_hour_dag.py
[2025-09-15T11:22:36.353+0000] {processor.py:840} INFO - DAG(s) 'bike_hour_pipeline' retrieved from /opt/airflow/dags/bike_hour_dag.py
[2025-09-15T11:22:36.378+0000] {logging_mixin.py:188} INFO - [2025-09-15T11:22:36.378+0000] {dag.py:3096} INFO - Sync 1 DAGs
[2025-09-15T11:22:36.397+0000] {logging_mixin.py:188} INFO - [2025-09-15T11:22:36.397+0000] {dag.py:3954} INFO - Setting next_dagrun for bike_hour_pipeline to 2025-09-14 00:00:00+00:00, run_after=2025-09-15 00:00:00+00:00
[2025-09-15T11:22:36.420+0000] {processor.py:183} INFO - Processing /opt/airflow/dags/bike_hour_dag.py took 0.100 seconds
[2025-09-15T11:23:06.838+0000] {processor.py:161} INFO - Started process (PID=8978) to work on /opt/airflow/dags/bike_hour_dag.py
[2025-09-15T11:23:06.839+0000] {processor.py:830} INFO - Processing file /opt/airflow/dags/bike_hour_dag.py for tasks to queue
[2025-09-15T11:23:06.840+0000] {logging_mixin.py:188} INFO - [2025-09-15T11:23:06.840+0000] {dagbag.py:540} INFO - Filling up the DagBag from /opt/airflow/dags/bike_hour_dag.py
[2025-09-15T11:23:06.859+0000] {processor.py:840} INFO - DAG(s) 'bike_hour_pipeline' retrieved from /opt/airflow/dags/bike_hour_dag.py
[2025-09-15T11:23:06.885+0000] {logging_mixin.py:188} INFO - [2025-09-15T11:23:06.885+0000] {dag.py:3096} INFO - Sync 1 DAGs
[2025-09-15T11:23:06.904+0000] {logging_mixin.py:188} INFO - [2025-09-15T11:23:06.903+0000] {dag.py:3954} INFO - Setting next_dagrun for bike_hour_pipeline to 2025-09-14 00:00:00+00:00, run_after=2025-09-15 00:00:00+00:00
[2025-09-15T11:23:06.927+0000] {processor.py:183} INFO - Processing /opt/airflow/dags/bike_hour_dag.py took 0.095 seconds
[2025-09-15T11:23:37.349+0000] {processor.py:161} INFO - Started process (PID=9013) to work on /opt/airflow/dags/bike_hour_dag.py
[2025-09-15T11:23:37.351+0000] {processor.py:830} INFO - Processing file /opt/airflow/dags/bike_hour_dag.py for tasks to queue
[2025-09-15T11:23:37.352+0000] {logging_mixin.py:188} INFO - [2025-09-15T11:23:37.351+0000] {dagbag.py:540} INFO - Filling up the DagBag from /opt/airflow/dags/bike_hour_dag.py
[2025-09-15T11:23:37.370+0000] {processor.py:840} INFO - DAG(s) 'bike_hour_pipeline' retrieved from /opt/airflow/dags/bike_hour_dag.py
[2025-09-15T11:23:37.396+0000] {logging_mixin.py:188} INFO - [2025-09-15T11:23:37.396+0000] {dag.py:3096} INFO - Sync 1 DAGs
[2025-09-15T11:23:37.417+0000] {logging_mixin.py:188} INFO - [2025-09-15T11:23:37.417+0000] {dag.py:3954} INFO - Setting next_dagrun for bike_hour_pipeline to 2025-09-14 00:00:00+00:00, run_after=2025-09-15 00:00:00+00:00
[2025-09-15T11:23:37.436+0000] {processor.py:183} INFO - Processing /opt/airflow/dags/bike_hour_dag.py took 0.092 seconds
[2025-09-15T11:24:07.857+0000] {processor.py:161} INFO - Started process (PID=9048) to work on /opt/airflow/dags/bike_hour_dag.py
[2025-09-15T11:24:07.858+0000] {processor.py:830} INFO - Processing file /opt/airflow/dags/bike_hour_dag.py for tasks to queue
[2025-09-15T11:24:07.860+0000] {logging_mixin.py:188} INFO - [2025-09-15T11:24:07.859+0000] {dagbag.py:540} INFO - Filling up the DagBag from /opt/airflow/dags/bike_hour_dag.py
[2025-09-15T11:24:07.901+0000] {processor.py:840} INFO - DAG(s) 'bike_hour_pipeline' retrieved from /opt/airflow/dags/bike_hour_dag.py
[2025-09-15T11:24:07.946+0000] {logging_mixin.py:188} INFO - [2025-09-15T11:24:07.945+0000] {dag.py:3096} INFO - Sync 1 DAGs
[2025-09-15T11:24:07.984+0000] {logging_mixin.py:188} INFO - [2025-09-15T11:24:07.984+0000] {dag.py:3954} INFO - Setting next_dagrun for bike_hour_pipeline to 2025-09-14 00:00:00+00:00, run_after=2025-09-15 00:00:00+00:00
[2025-09-15T11:24:08.019+0000] {processor.py:183} INFO - Processing /opt/airflow/dags/bike_hour_dag.py took 0.173 seconds
[2025-09-15T11:24:38.335+0000] {processor.py:161} INFO - Started process (PID=9083) to work on /opt/airflow/dags/bike_hour_dag.py
[2025-09-15T11:24:38.337+0000] {processor.py:830} INFO - Processing file /opt/airflow/dags/bike_hour_dag.py for tasks to queue
[2025-09-15T11:24:38.338+0000] {logging_mixin.py:188} INFO - [2025-09-15T11:24:38.337+0000] {dagbag.py:540} INFO - Filling up the DagBag from /opt/airflow/dags/bike_hour_dag.py
[2025-09-15T11:24:38.358+0000] {processor.py:840} INFO - DAG(s) 'bike_hour_pipeline' retrieved from /opt/airflow/dags/bike_hour_dag.py
[2025-09-15T11:24:38.382+0000] {logging_mixin.py:188} INFO - [2025-09-15T11:24:38.382+0000] {dag.py:3096} INFO - Sync 1 DAGs
[2025-09-15T11:24:38.400+0000] {logging_mixin.py:188} INFO - [2025-09-15T11:24:38.400+0000] {dag.py:3954} INFO - Setting next_dagrun for bike_hour_pipeline to 2025-09-14 00:00:00+00:00, run_after=2025-09-15 00:00:00+00:00
[2025-09-15T11:24:38.423+0000] {processor.py:183} INFO - Processing /opt/airflow/dags/bike_hour_dag.py took 0.093 seconds
[2025-09-15T11:25:08.875+0000] {processor.py:161} INFO - Started process (PID=9118) to work on /opt/airflow/dags/bike_hour_dag.py
[2025-09-15T11:25:08.876+0000] {processor.py:830} INFO - Processing file /opt/airflow/dags/bike_hour_dag.py for tasks to queue
[2025-09-15T11:25:08.877+0000] {logging_mixin.py:188} INFO - [2025-09-15T11:25:08.877+0000] {dagbag.py:540} INFO - Filling up the DagBag from /opt/airflow/dags/bike_hour_dag.py
[2025-09-15T11:25:08.903+0000] {processor.py:840} INFO - DAG(s) 'bike_hour_pipeline' retrieved from /opt/airflow/dags/bike_hour_dag.py
[2025-09-15T11:25:08.938+0000] {logging_mixin.py:188} INFO - [2025-09-15T11:25:08.938+0000] {dag.py:3096} INFO - Sync 1 DAGs
[2025-09-15T11:25:08.960+0000] {logging_mixin.py:188} INFO - [2025-09-15T11:25:08.960+0000] {dag.py:3954} INFO - Setting next_dagrun for bike_hour_pipeline to 2025-09-14 00:00:00+00:00, run_after=2025-09-15 00:00:00+00:00
[2025-09-15T11:25:08.979+0000] {processor.py:183} INFO - Processing /opt/airflow/dags/bike_hour_dag.py took 0.111 seconds
[2025-09-15T11:25:39.535+0000] {processor.py:161} INFO - Started process (PID=9153) to work on /opt/airflow/dags/bike_hour_dag.py
[2025-09-15T11:25:39.536+0000] {processor.py:830} INFO - Processing file /opt/airflow/dags/bike_hour_dag.py for tasks to queue
[2025-09-15T11:25:39.537+0000] {logging_mixin.py:188} INFO - [2025-09-15T11:25:39.537+0000] {dagbag.py:540} INFO - Filling up the DagBag from /opt/airflow/dags/bike_hour_dag.py
[2025-09-15T11:25:39.558+0000] {processor.py:840} INFO - DAG(s) 'bike_hour_pipeline' retrieved from /opt/airflow/dags/bike_hour_dag.py
[2025-09-15T11:25:39.588+0000] {logging_mixin.py:188} INFO - [2025-09-15T11:25:39.588+0000] {dag.py:3096} INFO - Sync 1 DAGs
[2025-09-15T11:25:39.607+0000] {logging_mixin.py:188} INFO - [2025-09-15T11:25:39.607+0000] {dag.py:3954} INFO - Setting next_dagrun for bike_hour_pipeline to 2025-09-14 00:00:00+00:00, run_after=2025-09-15 00:00:00+00:00
[2025-09-15T11:25:39.627+0000] {processor.py:183} INFO - Processing /opt/airflow/dags/bike_hour_dag.py took 0.106 seconds
[2025-09-15T11:26:09.909+0000] {processor.py:161} INFO - Started process (PID=9188) to work on /opt/airflow/dags/bike_hour_dag.py
[2025-09-15T11:26:09.910+0000] {processor.py:830} INFO - Processing file /opt/airflow/dags/bike_hour_dag.py for tasks to queue
[2025-09-15T11:26:09.911+0000] {logging_mixin.py:188} INFO - [2025-09-15T11:26:09.911+0000] {dagbag.py:540} INFO - Filling up the DagBag from /opt/airflow/dags/bike_hour_dag.py
[2025-09-15T11:26:09.937+0000] {processor.py:840} INFO - DAG(s) 'bike_hour_pipeline' retrieved from /opt/airflow/dags/bike_hour_dag.py
[2025-09-15T11:26:09.975+0000] {logging_mixin.py:188} INFO - [2025-09-15T11:26:09.974+0000] {dag.py:3096} INFO - Sync 1 DAGs
[2025-09-15T11:26:09.996+0000] {logging_mixin.py:188} INFO - [2025-09-15T11:26:09.996+0000] {dag.py:3954} INFO - Setting next_dagrun for bike_hour_pipeline to 2025-09-14 00:00:00+00:00, run_after=2025-09-15 00:00:00+00:00
[2025-09-15T11:26:10.014+0000] {processor.py:183} INFO - Processing /opt/airflow/dags/bike_hour_dag.py took 0.112 seconds
[2025-09-15T11:26:40.469+0000] {processor.py:161} INFO - Started process (PID=9223) to work on /opt/airflow/dags/bike_hour_dag.py
[2025-09-15T11:26:40.470+0000] {processor.py:830} INFO - Processing file /opt/airflow/dags/bike_hour_dag.py for tasks to queue
[2025-09-15T11:26:40.470+0000] {logging_mixin.py:188} INFO - [2025-09-15T11:26:40.470+0000] {dagbag.py:540} INFO - Filling up the DagBag from /opt/airflow/dags/bike_hour_dag.py
[2025-09-15T11:26:40.492+0000] {processor.py:840} INFO - DAG(s) 'bike_hour_pipeline' retrieved from /opt/airflow/dags/bike_hour_dag.py
[2025-09-15T11:26:40.520+0000] {logging_mixin.py:188} INFO - [2025-09-15T11:26:40.519+0000] {dag.py:3096} INFO - Sync 1 DAGs
[2025-09-15T11:26:40.550+0000] {logging_mixin.py:188} INFO - [2025-09-15T11:26:40.550+0000] {dag.py:3954} INFO - Setting next_dagrun for bike_hour_pipeline to 2025-09-14 00:00:00+00:00, run_after=2025-09-15 00:00:00+00:00
[2025-09-15T11:26:40.573+0000] {processor.py:183} INFO - Processing /opt/airflow/dags/bike_hour_dag.py took 0.110 seconds
[2025-09-15T11:27:11.260+0000] {processor.py:161} INFO - Started process (PID=9258) to work on /opt/airflow/dags/bike_hour_dag.py
[2025-09-15T11:27:11.261+0000] {processor.py:830} INFO - Processing file /opt/airflow/dags/bike_hour_dag.py for tasks to queue
[2025-09-15T11:27:11.262+0000] {logging_mixin.py:188} INFO - [2025-09-15T11:27:11.262+0000] {dagbag.py:540} INFO - Filling up the DagBag from /opt/airflow/dags/bike_hour_dag.py
[2025-09-15T11:27:11.281+0000] {processor.py:840} INFO - DAG(s) 'bike_hour_pipeline' retrieved from /opt/airflow/dags/bike_hour_dag.py
[2025-09-15T11:27:11.307+0000] {logging_mixin.py:188} INFO - [2025-09-15T11:27:11.306+0000] {dag.py:3096} INFO - Sync 1 DAGs
[2025-09-15T11:27:11.326+0000] {logging_mixin.py:188} INFO - [2025-09-15T11:27:11.326+0000] {dag.py:3954} INFO - Setting next_dagrun for bike_hour_pipeline to 2025-09-14 00:00:00+00:00, run_after=2025-09-15 00:00:00+00:00
[2025-09-15T11:27:11.349+0000] {processor.py:183} INFO - Processing /opt/airflow/dags/bike_hour_dag.py took 0.095 seconds
[2025-09-15T11:27:41.772+0000] {processor.py:161} INFO - Started process (PID=9291) to work on /opt/airflow/dags/bike_hour_dag.py
[2025-09-15T11:27:41.773+0000] {processor.py:830} INFO - Processing file /opt/airflow/dags/bike_hour_dag.py for tasks to queue
[2025-09-15T11:27:41.774+0000] {logging_mixin.py:188} INFO - [2025-09-15T11:27:41.774+0000] {dagbag.py:540} INFO - Filling up the DagBag from /opt/airflow/dags/bike_hour_dag.py
[2025-09-15T11:27:41.799+0000] {processor.py:840} INFO - DAG(s) 'bike_hour_pipeline' retrieved from /opt/airflow/dags/bike_hour_dag.py
[2025-09-15T11:27:41.828+0000] {logging_mixin.py:188} INFO - [2025-09-15T11:27:41.827+0000] {dag.py:3096} INFO - Sync 1 DAGs
[2025-09-15T11:27:41.848+0000] {logging_mixin.py:188} INFO - [2025-09-15T11:27:41.848+0000] {dag.py:3954} INFO - Setting next_dagrun for bike_hour_pipeline to 2025-09-14 00:00:00+00:00, run_after=2025-09-15 00:00:00+00:00
[2025-09-15T11:27:41.870+0000] {processor.py:183} INFO - Processing /opt/airflow/dags/bike_hour_dag.py took 0.104 seconds
[2025-09-15T11:28:12.424+0000] {processor.py:161} INFO - Started process (PID=9328) to work on /opt/airflow/dags/bike_hour_dag.py
[2025-09-15T11:28:12.426+0000] {processor.py:830} INFO - Processing file /opt/airflow/dags/bike_hour_dag.py for tasks to queue
[2025-09-15T11:28:12.427+0000] {logging_mixin.py:188} INFO - [2025-09-15T11:28:12.427+0000] {dagbag.py:540} INFO - Filling up the DagBag from /opt/airflow/dags/bike_hour_dag.py
[2025-09-15T11:28:12.451+0000] {processor.py:840} INFO - DAG(s) 'bike_hour_pipeline' retrieved from /opt/airflow/dags/bike_hour_dag.py
[2025-09-15T11:28:12.483+0000] {logging_mixin.py:188} INFO - [2025-09-15T11:28:12.483+0000] {dag.py:3096} INFO - Sync 1 DAGs
[2025-09-15T11:28:12.505+0000] {logging_mixin.py:188} INFO - [2025-09-15T11:28:12.504+0000] {dag.py:3954} INFO - Setting next_dagrun for bike_hour_pipeline to 2025-09-14 00:00:00+00:00, run_after=2025-09-15 00:00:00+00:00
[2025-09-15T11:28:12.526+0000] {processor.py:183} INFO - Processing /opt/airflow/dags/bike_hour_dag.py took 0.108 seconds
[2025-09-15T11:28:42.913+0000] {processor.py:161} INFO - Started process (PID=9363) to work on /opt/airflow/dags/bike_hour_dag.py
[2025-09-15T11:28:42.914+0000] {processor.py:830} INFO - Processing file /opt/airflow/dags/bike_hour_dag.py for tasks to queue
[2025-09-15T11:28:42.915+0000] {logging_mixin.py:188} INFO - [2025-09-15T11:28:42.915+0000] {dagbag.py:540} INFO - Filling up the DagBag from /opt/airflow/dags/bike_hour_dag.py
[2025-09-15T11:28:42.934+0000] {processor.py:840} INFO - DAG(s) 'bike_hour_pipeline' retrieved from /opt/airflow/dags/bike_hour_dag.py
[2025-09-15T11:28:42.967+0000] {logging_mixin.py:188} INFO - [2025-09-15T11:28:42.967+0000] {dag.py:3096} INFO - Sync 1 DAGs
[2025-09-15T11:28:42.986+0000] {logging_mixin.py:188} INFO - [2025-09-15T11:28:42.985+0000] {dag.py:3954} INFO - Setting next_dagrun for bike_hour_pipeline to 2025-09-14 00:00:00+00:00, run_after=2025-09-15 00:00:00+00:00
[2025-09-15T11:28:43.012+0000] {processor.py:183} INFO - Processing /opt/airflow/dags/bike_hour_dag.py took 0.105 seconds
[2025-09-15T11:29:13.389+0000] {processor.py:161} INFO - Started process (PID=9398) to work on /opt/airflow/dags/bike_hour_dag.py
[2025-09-15T11:29:13.390+0000] {processor.py:830} INFO - Processing file /opt/airflow/dags/bike_hour_dag.py for tasks to queue
[2025-09-15T11:29:13.392+0000] {logging_mixin.py:188} INFO - [2025-09-15T11:29:13.392+0000] {dagbag.py:540} INFO - Filling up the DagBag from /opt/airflow/dags/bike_hour_dag.py
[2025-09-15T11:29:13.413+0000] {processor.py:840} INFO - DAG(s) 'bike_hour_pipeline' retrieved from /opt/airflow/dags/bike_hour_dag.py
[2025-09-15T11:29:13.464+0000] {logging_mixin.py:188} INFO - [2025-09-15T11:29:13.463+0000] {dag.py:3096} INFO - Sync 1 DAGs
[2025-09-15T11:29:13.486+0000] {logging_mixin.py:188} INFO - [2025-09-15T11:29:13.486+0000] {dag.py:3954} INFO - Setting next_dagrun for bike_hour_pipeline to 2025-09-14 00:00:00+00:00, run_after=2025-09-15 00:00:00+00:00
[2025-09-15T11:29:13.537+0000] {processor.py:183} INFO - Processing /opt/airflow/dags/bike_hour_dag.py took 0.158 seconds
[2025-09-15T11:29:44.359+0000] {processor.py:161} INFO - Started process (PID=9433) to work on /opt/airflow/dags/bike_hour_dag.py
[2025-09-15T11:29:44.360+0000] {processor.py:830} INFO - Processing file /opt/airflow/dags/bike_hour_dag.py for tasks to queue
[2025-09-15T11:29:44.361+0000] {logging_mixin.py:188} INFO - [2025-09-15T11:29:44.361+0000] {dagbag.py:540} INFO - Filling up the DagBag from /opt/airflow/dags/bike_hour_dag.py
[2025-09-15T11:29:44.380+0000] {processor.py:840} INFO - DAG(s) 'bike_hour_pipeline' retrieved from /opt/airflow/dags/bike_hour_dag.py
[2025-09-15T11:29:44.405+0000] {logging_mixin.py:188} INFO - [2025-09-15T11:29:44.405+0000] {dag.py:3096} INFO - Sync 1 DAGs
[2025-09-15T11:29:44.427+0000] {logging_mixin.py:188} INFO - [2025-09-15T11:29:44.427+0000] {dag.py:3954} INFO - Setting next_dagrun for bike_hour_pipeline to 2025-09-14 00:00:00+00:00, run_after=2025-09-15 00:00:00+00:00
[2025-09-15T11:29:44.450+0000] {processor.py:183} INFO - Processing /opt/airflow/dags/bike_hour_dag.py took 0.097 seconds
[2025-09-15T11:30:14.900+0000] {processor.py:161} INFO - Started process (PID=9468) to work on /opt/airflow/dags/bike_hour_dag.py
[2025-09-15T11:30:14.901+0000] {processor.py:830} INFO - Processing file /opt/airflow/dags/bike_hour_dag.py for tasks to queue
[2025-09-15T11:30:14.902+0000] {logging_mixin.py:188} INFO - [2025-09-15T11:30:14.901+0000] {dagbag.py:540} INFO - Filling up the DagBag from /opt/airflow/dags/bike_hour_dag.py
[2025-09-15T11:30:14.923+0000] {processor.py:840} INFO - DAG(s) 'bike_hour_pipeline' retrieved from /opt/airflow/dags/bike_hour_dag.py
[2025-09-15T11:30:14.951+0000] {logging_mixin.py:188} INFO - [2025-09-15T11:30:14.951+0000] {dag.py:3096} INFO - Sync 1 DAGs
[2025-09-15T11:30:14.972+0000] {logging_mixin.py:188} INFO - [2025-09-15T11:30:14.972+0000] {dag.py:3954} INFO - Setting next_dagrun for bike_hour_pipeline to 2025-09-14 00:00:00+00:00, run_after=2025-09-15 00:00:00+00:00
[2025-09-15T11:30:14.993+0000] {processor.py:183} INFO - Processing /opt/airflow/dags/bike_hour_dag.py took 0.099 seconds
[2025-09-15T11:30:45.264+0000] {processor.py:161} INFO - Started process (PID=9503) to work on /opt/airflow/dags/bike_hour_dag.py
[2025-09-15T11:30:45.265+0000] {processor.py:830} INFO - Processing file /opt/airflow/dags/bike_hour_dag.py for tasks to queue
[2025-09-15T11:30:45.266+0000] {logging_mixin.py:188} INFO - [2025-09-15T11:30:45.266+0000] {dagbag.py:540} INFO - Filling up the DagBag from /opt/airflow/dags/bike_hour_dag.py
[2025-09-15T11:30:45.284+0000] {processor.py:840} INFO - DAG(s) 'bike_hour_pipeline' retrieved from /opt/airflow/dags/bike_hour_dag.py
[2025-09-15T11:30:45.307+0000] {logging_mixin.py:188} INFO - [2025-09-15T11:30:45.307+0000] {dag.py:3096} INFO - Sync 1 DAGs
[2025-09-15T11:30:45.326+0000] {logging_mixin.py:188} INFO - [2025-09-15T11:30:45.326+0000] {dag.py:3954} INFO - Setting next_dagrun for bike_hour_pipeline to 2025-09-14 00:00:00+00:00, run_after=2025-09-15 00:00:00+00:00
[2025-09-15T11:30:45.347+0000] {processor.py:183} INFO - Processing /opt/airflow/dags/bike_hour_dag.py took 0.088 seconds
[2025-09-15T11:31:15.894+0000] {processor.py:161} INFO - Started process (PID=9538) to work on /opt/airflow/dags/bike_hour_dag.py
[2025-09-15T11:31:15.895+0000] {processor.py:830} INFO - Processing file /opt/airflow/dags/bike_hour_dag.py for tasks to queue
[2025-09-15T11:31:15.896+0000] {logging_mixin.py:188} INFO - [2025-09-15T11:31:15.896+0000] {dagbag.py:540} INFO - Filling up the DagBag from /opt/airflow/dags/bike_hour_dag.py
[2025-09-15T11:31:15.925+0000] {processor.py:840} INFO - DAG(s) 'bike_hour_pipeline' retrieved from /opt/airflow/dags/bike_hour_dag.py
[2025-09-15T11:31:15.961+0000] {logging_mixin.py:188} INFO - [2025-09-15T11:31:15.961+0000] {dag.py:3096} INFO - Sync 1 DAGs
[2025-09-15T11:31:15.982+0000] {logging_mixin.py:188} INFO - [2025-09-15T11:31:15.982+0000] {dag.py:3954} INFO - Setting next_dagrun for bike_hour_pipeline to 2025-09-14 00:00:00+00:00, run_after=2025-09-15 00:00:00+00:00
[2025-09-15T11:31:15.999+0000] {processor.py:183} INFO - Processing /opt/airflow/dags/bike_hour_dag.py took 0.111 seconds
[2025-09-15T11:31:46.397+0000] {processor.py:161} INFO - Started process (PID=9573) to work on /opt/airflow/dags/bike_hour_dag.py
[2025-09-15T11:31:46.399+0000] {processor.py:830} INFO - Processing file /opt/airflow/dags/bike_hour_dag.py for tasks to queue
[2025-09-15T11:31:46.400+0000] {logging_mixin.py:188} INFO - [2025-09-15T11:31:46.400+0000] {dagbag.py:540} INFO - Filling up the DagBag from /opt/airflow/dags/bike_hour_dag.py
[2025-09-15T11:31:46.419+0000] {processor.py:840} INFO - DAG(s) 'bike_hour_pipeline' retrieved from /opt/airflow/dags/bike_hour_dag.py
[2025-09-15T11:31:46.445+0000] {logging_mixin.py:188} INFO - [2025-09-15T11:31:46.445+0000] {dag.py:3096} INFO - Sync 1 DAGs
[2025-09-15T11:31:46.464+0000] {logging_mixin.py:188} INFO - [2025-09-15T11:31:46.464+0000] {dag.py:3954} INFO - Setting next_dagrun for bike_hour_pipeline to 2025-09-14 00:00:00+00:00, run_after=2025-09-15 00:00:00+00:00
[2025-09-15T11:31:46.482+0000] {processor.py:183} INFO - Processing /opt/airflow/dags/bike_hour_dag.py took 0.098 seconds
[2025-09-15T11:32:16.881+0000] {processor.py:161} INFO - Started process (PID=9608) to work on /opt/airflow/dags/bike_hour_dag.py
[2025-09-15T11:32:16.882+0000] {processor.py:830} INFO - Processing file /opt/airflow/dags/bike_hour_dag.py for tasks to queue
[2025-09-15T11:32:16.883+0000] {logging_mixin.py:188} INFO - [2025-09-15T11:32:16.883+0000] {dagbag.py:540} INFO - Filling up the DagBag from /opt/airflow/dags/bike_hour_dag.py
[2025-09-15T11:32:16.905+0000] {processor.py:840} INFO - DAG(s) 'bike_hour_pipeline' retrieved from /opt/airflow/dags/bike_hour_dag.py
[2025-09-15T11:32:16.930+0000] {logging_mixin.py:188} INFO - [2025-09-15T11:32:16.930+0000] {dag.py:3096} INFO - Sync 1 DAGs
[2025-09-15T11:32:16.950+0000] {logging_mixin.py:188} INFO - [2025-09-15T11:32:16.949+0000] {dag.py:3954} INFO - Setting next_dagrun for bike_hour_pipeline to 2025-09-14 00:00:00+00:00, run_after=2025-09-15 00:00:00+00:00
[2025-09-15T11:32:16.969+0000] {processor.py:183} INFO - Processing /opt/airflow/dags/bike_hour_dag.py took 0.094 seconds
[2025-09-15T11:32:47.315+0000] {processor.py:161} INFO - Started process (PID=9643) to work on /opt/airflow/dags/bike_hour_dag.py
[2025-09-15T11:32:47.316+0000] {processor.py:830} INFO - Processing file /opt/airflow/dags/bike_hour_dag.py for tasks to queue
[2025-09-15T11:32:47.317+0000] {logging_mixin.py:188} INFO - [2025-09-15T11:32:47.317+0000] {dagbag.py:540} INFO - Filling up the DagBag from /opt/airflow/dags/bike_hour_dag.py
[2025-09-15T11:32:47.338+0000] {processor.py:840} INFO - DAG(s) 'bike_hour_pipeline' retrieved from /opt/airflow/dags/bike_hour_dag.py
[2025-09-15T11:32:47.366+0000] {logging_mixin.py:188} INFO - [2025-09-15T11:32:47.366+0000] {dag.py:3096} INFO - Sync 1 DAGs
[2025-09-15T11:32:47.390+0000] {logging_mixin.py:188} INFO - [2025-09-15T11:32:47.389+0000] {dag.py:3954} INFO - Setting next_dagrun for bike_hour_pipeline to 2025-09-14 00:00:00+00:00, run_after=2025-09-15 00:00:00+00:00
[2025-09-15T11:32:47.416+0000] {processor.py:183} INFO - Processing /opt/airflow/dags/bike_hour_dag.py took 0.107 seconds
[2025-09-15T11:33:17.827+0000] {processor.py:161} INFO - Started process (PID=9678) to work on /opt/airflow/dags/bike_hour_dag.py
[2025-09-15T11:33:17.828+0000] {processor.py:830} INFO - Processing file /opt/airflow/dags/bike_hour_dag.py for tasks to queue
[2025-09-15T11:33:17.829+0000] {logging_mixin.py:188} INFO - [2025-09-15T11:33:17.828+0000] {dagbag.py:540} INFO - Filling up the DagBag from /opt/airflow/dags/bike_hour_dag.py
[2025-09-15T11:33:17.851+0000] {processor.py:840} INFO - DAG(s) 'bike_hour_pipeline' retrieved from /opt/airflow/dags/bike_hour_dag.py
[2025-09-15T11:33:17.885+0000] {logging_mixin.py:188} INFO - [2025-09-15T11:33:17.885+0000] {dag.py:3096} INFO - Sync 1 DAGs
[2025-09-15T11:33:17.921+0000] {logging_mixin.py:188} INFO - [2025-09-15T11:33:17.920+0000] {dag.py:3954} INFO - Setting next_dagrun for bike_hour_pipeline to 2025-09-14 00:00:00+00:00, run_after=2025-09-15 00:00:00+00:00
[2025-09-15T11:33:17.948+0000] {processor.py:183} INFO - Processing /opt/airflow/dags/bike_hour_dag.py took 0.128 seconds
[2025-09-15T11:33:48.533+0000] {processor.py:161} INFO - Started process (PID=9713) to work on /opt/airflow/dags/bike_hour_dag.py
[2025-09-15T11:33:48.535+0000] {processor.py:830} INFO - Processing file /opt/airflow/dags/bike_hour_dag.py for tasks to queue
[2025-09-15T11:33:48.536+0000] {logging_mixin.py:188} INFO - [2025-09-15T11:33:48.536+0000] {dagbag.py:540} INFO - Filling up the DagBag from /opt/airflow/dags/bike_hour_dag.py
[2025-09-15T11:33:48.572+0000] {processor.py:840} INFO - DAG(s) 'bike_hour_pipeline' retrieved from /opt/airflow/dags/bike_hour_dag.py
[2025-09-15T11:33:48.611+0000] {logging_mixin.py:188} INFO - [2025-09-15T11:33:48.611+0000] {dag.py:3096} INFO - Sync 1 DAGs
[2025-09-15T11:33:48.637+0000] {logging_mixin.py:188} INFO - [2025-09-15T11:33:48.637+0000] {dag.py:3954} INFO - Setting next_dagrun for bike_hour_pipeline to 2025-09-14 00:00:00+00:00, run_after=2025-09-15 00:00:00+00:00
[2025-09-15T11:33:48.667+0000] {processor.py:183} INFO - Processing /opt/airflow/dags/bike_hour_dag.py took 0.141 seconds
[2025-09-15T11:34:19.280+0000] {processor.py:161} INFO - Started process (PID=9748) to work on /opt/airflow/dags/bike_hour_dag.py
[2025-09-15T11:34:19.282+0000] {processor.py:830} INFO - Processing file /opt/airflow/dags/bike_hour_dag.py for tasks to queue
[2025-09-15T11:34:19.286+0000] {logging_mixin.py:188} INFO - [2025-09-15T11:34:19.285+0000] {dagbag.py:540} INFO - Filling up the DagBag from /opt/airflow/dags/bike_hour_dag.py
[2025-09-15T11:34:19.309+0000] {processor.py:840} INFO - DAG(s) 'bike_hour_pipeline' retrieved from /opt/airflow/dags/bike_hour_dag.py
[2025-09-15T11:34:19.347+0000] {logging_mixin.py:188} INFO - [2025-09-15T11:34:19.347+0000] {dag.py:3096} INFO - Sync 1 DAGs
[2025-09-15T11:34:19.370+0000] {logging_mixin.py:188} INFO - [2025-09-15T11:34:19.370+0000] {dag.py:3954} INFO - Setting next_dagrun for bike_hour_pipeline to 2025-09-14 00:00:00+00:00, run_after=2025-09-15 00:00:00+00:00
[2025-09-15T11:34:19.394+0000] {processor.py:183} INFO - Processing /opt/airflow/dags/bike_hour_dag.py took 0.121 seconds
[2025-09-15T11:34:50.027+0000] {processor.py:161} INFO - Started process (PID=9783) to work on /opt/airflow/dags/bike_hour_dag.py
[2025-09-15T11:34:50.029+0000] {processor.py:830} INFO - Processing file /opt/airflow/dags/bike_hour_dag.py for tasks to queue
[2025-09-15T11:34:50.030+0000] {logging_mixin.py:188} INFO - [2025-09-15T11:34:50.030+0000] {dagbag.py:540} INFO - Filling up the DagBag from /opt/airflow/dags/bike_hour_dag.py
[2025-09-15T11:34:50.056+0000] {processor.py:840} INFO - DAG(s) 'bike_hour_pipeline' retrieved from /opt/airflow/dags/bike_hour_dag.py
[2025-09-15T11:34:50.087+0000] {logging_mixin.py:188} INFO - [2025-09-15T11:34:50.086+0000] {dag.py:3096} INFO - Sync 1 DAGs
[2025-09-15T11:34:50.113+0000] {logging_mixin.py:188} INFO - [2025-09-15T11:34:50.112+0000] {dag.py:3954} INFO - Setting next_dagrun for bike_hour_pipeline to 2025-09-14 00:00:00+00:00, run_after=2025-09-15 00:00:00+00:00
[2025-09-15T11:34:50.137+0000] {processor.py:183} INFO - Processing /opt/airflow/dags/bike_hour_dag.py took 0.117 seconds
[2025-09-15T11:35:20.575+0000] {processor.py:161} INFO - Started process (PID=9818) to work on /opt/airflow/dags/bike_hour_dag.py
[2025-09-15T11:35:20.579+0000] {processor.py:830} INFO - Processing file /opt/airflow/dags/bike_hour_dag.py for tasks to queue
[2025-09-15T11:35:20.581+0000] {logging_mixin.py:188} INFO - [2025-09-15T11:35:20.580+0000] {dagbag.py:540} INFO - Filling up the DagBag from /opt/airflow/dags/bike_hour_dag.py
[2025-09-15T11:35:20.618+0000] {processor.py:840} INFO - DAG(s) 'bike_hour_pipeline' retrieved from /opt/airflow/dags/bike_hour_dag.py
[2025-09-15T11:35:20.662+0000] {logging_mixin.py:188} INFO - [2025-09-15T11:35:20.661+0000] {dag.py:3096} INFO - Sync 1 DAGs
[2025-09-15T11:35:20.696+0000] {logging_mixin.py:188} INFO - [2025-09-15T11:35:20.696+0000] {dag.py:3954} INFO - Setting next_dagrun for bike_hour_pipeline to 2025-09-14 00:00:00+00:00, run_after=2025-09-15 00:00:00+00:00
[2025-09-15T11:35:20.758+0000] {processor.py:183} INFO - Processing /opt/airflow/dags/bike_hour_dag.py took 0.194 seconds
[2025-09-15T11:35:51.284+0000] {processor.py:161} INFO - Started process (PID=9853) to work on /opt/airflow/dags/bike_hour_dag.py
[2025-09-15T11:35:51.285+0000] {processor.py:830} INFO - Processing file /opt/airflow/dags/bike_hour_dag.py for tasks to queue
[2025-09-15T11:35:51.286+0000] {logging_mixin.py:188} INFO - [2025-09-15T11:35:51.286+0000] {dagbag.py:540} INFO - Filling up the DagBag from /opt/airflow/dags/bike_hour_dag.py
[2025-09-15T11:35:51.310+0000] {processor.py:840} INFO - DAG(s) 'bike_hour_pipeline' retrieved from /opt/airflow/dags/bike_hour_dag.py
[2025-09-15T11:35:51.339+0000] {logging_mixin.py:188} INFO - [2025-09-15T11:35:51.339+0000] {dag.py:3096} INFO - Sync 1 DAGs
[2025-09-15T11:35:51.362+0000] {logging_mixin.py:188} INFO - [2025-09-15T11:35:51.362+0000] {dag.py:3954} INFO - Setting next_dagrun for bike_hour_pipeline to 2025-09-14 00:00:00+00:00, run_after=2025-09-15 00:00:00+00:00
[2025-09-15T11:35:51.383+0000] {processor.py:183} INFO - Processing /opt/airflow/dags/bike_hour_dag.py took 0.106 seconds
[2025-09-15T11:36:21.538+0000] {processor.py:161} INFO - Started process (PID=9888) to work on /opt/airflow/dags/bike_hour_dag.py
[2025-09-15T11:36:21.545+0000] {processor.py:830} INFO - Processing file /opt/airflow/dags/bike_hour_dag.py for tasks to queue
[2025-09-15T11:36:21.547+0000] {logging_mixin.py:188} INFO - [2025-09-15T11:36:21.546+0000] {dagbag.py:540} INFO - Filling up the DagBag from /opt/airflow/dags/bike_hour_dag.py
[2025-09-15T11:36:21.622+0000] {processor.py:840} INFO - DAG(s) 'bike_hour_pipeline' retrieved from /opt/airflow/dags/bike_hour_dag.py
[2025-09-15T11:36:21.717+0000] {logging_mixin.py:188} INFO - [2025-09-15T11:36:21.716+0000] {dag.py:3096} INFO - Sync 1 DAGs
[2025-09-15T11:36:21.788+0000] {logging_mixin.py:188} INFO - [2025-09-15T11:36:21.786+0000] {dag.py:3954} INFO - Setting next_dagrun for bike_hour_pipeline to 2025-09-14 00:00:00+00:00, run_after=2025-09-15 00:00:00+00:00
[2025-09-15T11:36:21.873+0000] {processor.py:183} INFO - Processing /opt/airflow/dags/bike_hour_dag.py took 0.359 seconds
[2025-09-15T11:36:52.093+0000] {processor.py:161} INFO - Started process (PID=9923) to work on /opt/airflow/dags/bike_hour_dag.py
[2025-09-15T11:36:52.095+0000] {processor.py:830} INFO - Processing file /opt/airflow/dags/bike_hour_dag.py for tasks to queue
[2025-09-15T11:36:52.096+0000] {logging_mixin.py:188} INFO - [2025-09-15T11:36:52.096+0000] {dagbag.py:540} INFO - Filling up the DagBag from /opt/airflow/dags/bike_hour_dag.py
[2025-09-15T11:36:52.134+0000] {processor.py:840} INFO - DAG(s) 'bike_hour_pipeline' retrieved from /opt/airflow/dags/bike_hour_dag.py
[2025-09-15T11:36:52.231+0000] {logging_mixin.py:188} INFO - [2025-09-15T11:36:52.231+0000] {dag.py:3096} INFO - Sync 1 DAGs
[2025-09-15T11:36:52.268+0000] {logging_mixin.py:188} INFO - [2025-09-15T11:36:52.267+0000] {dag.py:3954} INFO - Setting next_dagrun for bike_hour_pipeline to 2025-09-14 00:00:00+00:00, run_after=2025-09-15 00:00:00+00:00
[2025-09-15T11:36:52.301+0000] {processor.py:183} INFO - Processing /opt/airflow/dags/bike_hour_dag.py took 0.217 seconds
[2025-09-15T11:37:22.921+0000] {processor.py:161} INFO - Started process (PID=9958) to work on /opt/airflow/dags/bike_hour_dag.py
[2025-09-15T11:37:22.922+0000] {processor.py:830} INFO - Processing file /opt/airflow/dags/bike_hour_dag.py for tasks to queue
[2025-09-15T11:37:22.923+0000] {logging_mixin.py:188} INFO - [2025-09-15T11:37:22.923+0000] {dagbag.py:540} INFO - Filling up the DagBag from /opt/airflow/dags/bike_hour_dag.py
[2025-09-15T11:37:22.943+0000] {processor.py:840} INFO - DAG(s) 'bike_hour_pipeline' retrieved from /opt/airflow/dags/bike_hour_dag.py
[2025-09-15T11:37:22.970+0000] {logging_mixin.py:188} INFO - [2025-09-15T11:37:22.969+0000] {dag.py:3096} INFO - Sync 1 DAGs
[2025-09-15T11:37:22.992+0000] {logging_mixin.py:188} INFO - [2025-09-15T11:37:22.991+0000] {dag.py:3954} INFO - Setting next_dagrun for bike_hour_pipeline to 2025-09-14 00:00:00+00:00, run_after=2025-09-15 00:00:00+00:00
[2025-09-15T11:37:23.012+0000] {processor.py:183} INFO - Processing /opt/airflow/dags/bike_hour_dag.py took 0.097 seconds
[2025-09-15T11:37:53.307+0000] {processor.py:161} INFO - Started process (PID=9991) to work on /opt/airflow/dags/bike_hour_dag.py
[2025-09-15T11:37:53.308+0000] {processor.py:830} INFO - Processing file /opt/airflow/dags/bike_hour_dag.py for tasks to queue
[2025-09-15T11:37:53.308+0000] {logging_mixin.py:188} INFO - [2025-09-15T11:37:53.308+0000] {dagbag.py:540} INFO - Filling up the DagBag from /opt/airflow/dags/bike_hour_dag.py
[2025-09-15T11:37:53.330+0000] {processor.py:840} INFO - DAG(s) 'bike_hour_pipeline' retrieved from /opt/airflow/dags/bike_hour_dag.py
[2025-09-15T11:37:53.359+0000] {logging_mixin.py:188} INFO - [2025-09-15T11:37:53.359+0000] {dag.py:3096} INFO - Sync 1 DAGs
[2025-09-15T11:37:53.381+0000] {logging_mixin.py:188} INFO - [2025-09-15T11:37:53.381+0000] {dag.py:3954} INFO - Setting next_dagrun for bike_hour_pipeline to 2025-09-14 00:00:00+00:00, run_after=2025-09-15 00:00:00+00:00
[2025-09-15T11:37:53.403+0000] {processor.py:183} INFO - Processing /opt/airflow/dags/bike_hour_dag.py took 0.101 seconds
[2025-09-15T11:38:23.862+0000] {processor.py:161} INFO - Started process (PID=10026) to work on /opt/airflow/dags/bike_hour_dag.py
[2025-09-15T11:38:23.863+0000] {processor.py:830} INFO - Processing file /opt/airflow/dags/bike_hour_dag.py for tasks to queue
[2025-09-15T11:38:23.864+0000] {logging_mixin.py:188} INFO - [2025-09-15T11:38:23.864+0000] {dagbag.py:540} INFO - Filling up the DagBag from /opt/airflow/dags/bike_hour_dag.py
[2025-09-15T11:38:23.886+0000] {processor.py:840} INFO - DAG(s) 'bike_hour_pipeline' retrieved from /opt/airflow/dags/bike_hour_dag.py
[2025-09-15T11:38:23.918+0000] {logging_mixin.py:188} INFO - [2025-09-15T11:38:23.917+0000] {dag.py:3096} INFO - Sync 1 DAGs
[2025-09-15T11:38:23.942+0000] {logging_mixin.py:188} INFO - [2025-09-15T11:38:23.941+0000] {dag.py:3954} INFO - Setting next_dagrun for bike_hour_pipeline to 2025-09-14 00:00:00+00:00, run_after=2025-09-15 00:00:00+00:00
[2025-09-15T11:38:23.973+0000] {processor.py:183} INFO - Processing /opt/airflow/dags/bike_hour_dag.py took 0.117 seconds
[2025-09-15T11:38:54.595+0000] {processor.py:161} INFO - Started process (PID=10063) to work on /opt/airflow/dags/bike_hour_dag.py
[2025-09-15T11:38:54.596+0000] {processor.py:830} INFO - Processing file /opt/airflow/dags/bike_hour_dag.py for tasks to queue
[2025-09-15T11:38:54.597+0000] {logging_mixin.py:188} INFO - [2025-09-15T11:38:54.597+0000] {dagbag.py:540} INFO - Filling up the DagBag from /opt/airflow/dags/bike_hour_dag.py
[2025-09-15T11:38:54.621+0000] {processor.py:840} INFO - DAG(s) 'bike_hour_pipeline' retrieved from /opt/airflow/dags/bike_hour_dag.py
[2025-09-15T11:38:54.648+0000] {logging_mixin.py:188} INFO - [2025-09-15T11:38:54.647+0000] {dag.py:3096} INFO - Sync 1 DAGs
[2025-09-15T11:38:54.675+0000] {logging_mixin.py:188} INFO - [2025-09-15T11:38:54.674+0000] {dag.py:3954} INFO - Setting next_dagrun for bike_hour_pipeline to 2025-09-14 00:00:00+00:00, run_after=2025-09-15 00:00:00+00:00
[2025-09-15T11:38:54.701+0000] {processor.py:183} INFO - Processing /opt/airflow/dags/bike_hour_dag.py took 0.112 seconds
[2025-09-15T11:39:25.037+0000] {processor.py:161} INFO - Started process (PID=10098) to work on /opt/airflow/dags/bike_hour_dag.py
[2025-09-15T11:39:25.038+0000] {processor.py:830} INFO - Processing file /opt/airflow/dags/bike_hour_dag.py for tasks to queue
[2025-09-15T11:39:25.039+0000] {logging_mixin.py:188} INFO - [2025-09-15T11:39:25.039+0000] {dagbag.py:540} INFO - Filling up the DagBag from /opt/airflow/dags/bike_hour_dag.py
[2025-09-15T11:39:25.060+0000] {processor.py:840} INFO - DAG(s) 'bike_hour_pipeline' retrieved from /opt/airflow/dags/bike_hour_dag.py
[2025-09-15T11:39:25.091+0000] {logging_mixin.py:188} INFO - [2025-09-15T11:39:25.091+0000] {dag.py:3096} INFO - Sync 1 DAGs
[2025-09-15T11:39:25.121+0000] {logging_mixin.py:188} INFO - [2025-09-15T11:39:25.121+0000] {dag.py:3954} INFO - Setting next_dagrun for bike_hour_pipeline to 2025-09-14 00:00:00+00:00, run_after=2025-09-15 00:00:00+00:00
[2025-09-15T11:39:25.142+0000] {processor.py:183} INFO - Processing /opt/airflow/dags/bike_hour_dag.py took 0.113 seconds
[2025-09-15T11:39:55.656+0000] {processor.py:161} INFO - Started process (PID=10133) to work on /opt/airflow/dags/bike_hour_dag.py
[2025-09-15T11:39:55.657+0000] {processor.py:830} INFO - Processing file /opt/airflow/dags/bike_hour_dag.py for tasks to queue
[2025-09-15T11:39:55.658+0000] {logging_mixin.py:188} INFO - [2025-09-15T11:39:55.658+0000] {dagbag.py:540} INFO - Filling up the DagBag from /opt/airflow/dags/bike_hour_dag.py
[2025-09-15T11:39:55.678+0000] {processor.py:840} INFO - DAG(s) 'bike_hour_pipeline' retrieved from /opt/airflow/dags/bike_hour_dag.py
[2025-09-15T11:39:55.705+0000] {logging_mixin.py:188} INFO - [2025-09-15T11:39:55.705+0000] {dag.py:3096} INFO - Sync 1 DAGs
[2025-09-15T11:39:55.726+0000] {logging_mixin.py:188} INFO - [2025-09-15T11:39:55.726+0000] {dag.py:3954} INFO - Setting next_dagrun for bike_hour_pipeline to 2025-09-14 00:00:00+00:00, run_after=2025-09-15 00:00:00+00:00
[2025-09-15T11:39:55.745+0000] {processor.py:183} INFO - Processing /opt/airflow/dags/bike_hour_dag.py took 0.095 seconds
[2025-09-15T11:40:26.333+0000] {processor.py:161} INFO - Started process (PID=10168) to work on /opt/airflow/dags/bike_hour_dag.py
[2025-09-15T11:40:26.334+0000] {processor.py:830} INFO - Processing file /opt/airflow/dags/bike_hour_dag.py for tasks to queue
[2025-09-15T11:40:26.335+0000] {logging_mixin.py:188} INFO - [2025-09-15T11:40:26.335+0000] {dagbag.py:540} INFO - Filling up the DagBag from /opt/airflow/dags/bike_hour_dag.py
[2025-09-15T11:40:26.358+0000] {processor.py:840} INFO - DAG(s) 'bike_hour_pipeline' retrieved from /opt/airflow/dags/bike_hour_dag.py
[2025-09-15T11:40:26.386+0000] {logging_mixin.py:188} INFO - [2025-09-15T11:40:26.386+0000] {dag.py:3096} INFO - Sync 1 DAGs
[2025-09-15T11:40:26.407+0000] {logging_mixin.py:188} INFO - [2025-09-15T11:40:26.406+0000] {dag.py:3954} INFO - Setting next_dagrun for bike_hour_pipeline to 2025-09-14 00:00:00+00:00, run_after=2025-09-15 00:00:00+00:00
[2025-09-15T11:40:26.429+0000] {processor.py:183} INFO - Processing /opt/airflow/dags/bike_hour_dag.py took 0.103 seconds
[2025-09-15T11:40:56.727+0000] {processor.py:161} INFO - Started process (PID=10201) to work on /opt/airflow/dags/bike_hour_dag.py
[2025-09-15T11:40:56.729+0000] {processor.py:830} INFO - Processing file /opt/airflow/dags/bike_hour_dag.py for tasks to queue
[2025-09-15T11:40:56.730+0000] {logging_mixin.py:188} INFO - [2025-09-15T11:40:56.730+0000] {dagbag.py:540} INFO - Filling up the DagBag from /opt/airflow/dags/bike_hour_dag.py
[2025-09-15T11:40:56.761+0000] {processor.py:840} INFO - DAG(s) 'bike_hour_pipeline' retrieved from /opt/airflow/dags/bike_hour_dag.py
[2025-09-15T11:40:56.798+0000] {logging_mixin.py:188} INFO - [2025-09-15T11:40:56.798+0000] {dag.py:3096} INFO - Sync 1 DAGs
[2025-09-15T11:40:56.833+0000] {logging_mixin.py:188} INFO - [2025-09-15T11:40:56.832+0000] {dag.py:3954} INFO - Setting next_dagrun for bike_hour_pipeline to 2025-09-14 00:00:00+00:00, run_after=2025-09-15 00:00:00+00:00
[2025-09-15T11:40:56.879+0000] {processor.py:183} INFO - Processing /opt/airflow/dags/bike_hour_dag.py took 0.159 seconds
[2025-09-15T11:41:27.505+0000] {processor.py:161} INFO - Started process (PID=10238) to work on /opt/airflow/dags/bike_hour_dag.py
[2025-09-15T11:41:27.506+0000] {processor.py:830} INFO - Processing file /opt/airflow/dags/bike_hour_dag.py for tasks to queue
[2025-09-15T11:41:27.507+0000] {logging_mixin.py:188} INFO - [2025-09-15T11:41:27.507+0000] {dagbag.py:540} INFO - Filling up the DagBag from /opt/airflow/dags/bike_hour_dag.py
[2025-09-15T11:41:27.530+0000] {processor.py:840} INFO - DAG(s) 'bike_hour_pipeline' retrieved from /opt/airflow/dags/bike_hour_dag.py
[2025-09-15T11:41:27.560+0000] {logging_mixin.py:188} INFO - [2025-09-15T11:41:27.560+0000] {dag.py:3096} INFO - Sync 1 DAGs
[2025-09-15T11:41:27.583+0000] {logging_mixin.py:188} INFO - [2025-09-15T11:41:27.583+0000] {dag.py:3954} INFO - Setting next_dagrun for bike_hour_pipeline to 2025-09-14 00:00:00+00:00, run_after=2025-09-15 00:00:00+00:00
[2025-09-15T11:41:27.604+0000] {processor.py:183} INFO - Processing /opt/airflow/dags/bike_hour_dag.py took 0.106 seconds
[2025-09-15T11:41:58.028+0000] {processor.py:161} INFO - Started process (PID=10273) to work on /opt/airflow/dags/bike_hour_dag.py
[2025-09-15T11:41:58.029+0000] {processor.py:830} INFO - Processing file /opt/airflow/dags/bike_hour_dag.py for tasks to queue
[2025-09-15T11:41:58.030+0000] {logging_mixin.py:188} INFO - [2025-09-15T11:41:58.030+0000] {dagbag.py:540} INFO - Filling up the DagBag from /opt/airflow/dags/bike_hour_dag.py
[2025-09-15T11:41:58.051+0000] {processor.py:840} INFO - DAG(s) 'bike_hour_pipeline' retrieved from /opt/airflow/dags/bike_hour_dag.py
[2025-09-15T11:41:58.077+0000] {logging_mixin.py:188} INFO - [2025-09-15T11:41:58.077+0000] {dag.py:3096} INFO - Sync 1 DAGs
[2025-09-15T11:41:58.097+0000] {logging_mixin.py:188} INFO - [2025-09-15T11:41:58.096+0000] {dag.py:3954} INFO - Setting next_dagrun for bike_hour_pipeline to 2025-09-14 00:00:00+00:00, run_after=2025-09-15 00:00:00+00:00
[2025-09-15T11:41:58.115+0000] {processor.py:183} INFO - Processing /opt/airflow/dags/bike_hour_dag.py took 0.093 seconds
[2025-09-15T11:42:28.634+0000] {processor.py:161} INFO - Started process (PID=10308) to work on /opt/airflow/dags/bike_hour_dag.py
[2025-09-15T11:42:28.635+0000] {processor.py:830} INFO - Processing file /opt/airflow/dags/bike_hour_dag.py for tasks to queue
[2025-09-15T11:42:28.636+0000] {logging_mixin.py:188} INFO - [2025-09-15T11:42:28.636+0000] {dagbag.py:540} INFO - Filling up the DagBag from /opt/airflow/dags/bike_hour_dag.py
[2025-09-15T11:42:28.658+0000] {processor.py:840} INFO - DAG(s) 'bike_hour_pipeline' retrieved from /opt/airflow/dags/bike_hour_dag.py
[2025-09-15T11:42:28.684+0000] {logging_mixin.py:188} INFO - [2025-09-15T11:42:28.684+0000] {dag.py:3096} INFO - Sync 1 DAGs
[2025-09-15T11:42:28.703+0000] {logging_mixin.py:188} INFO - [2025-09-15T11:42:28.703+0000] {dag.py:3954} INFO - Setting next_dagrun for bike_hour_pipeline to 2025-09-14 00:00:00+00:00, run_after=2025-09-15 00:00:00+00:00
[2025-09-15T11:42:28.722+0000] {processor.py:183} INFO - Processing /opt/airflow/dags/bike_hour_dag.py took 0.094 seconds
[2025-09-15T11:42:59.096+0000] {processor.py:161} INFO - Started process (PID=10343) to work on /opt/airflow/dags/bike_hour_dag.py
[2025-09-15T11:42:59.097+0000] {processor.py:830} INFO - Processing file /opt/airflow/dags/bike_hour_dag.py for tasks to queue
[2025-09-15T11:42:59.098+0000] {logging_mixin.py:188} INFO - [2025-09-15T11:42:59.097+0000] {dagbag.py:540} INFO - Filling up the DagBag from /opt/airflow/dags/bike_hour_dag.py
[2025-09-15T11:42:59.117+0000] {processor.py:840} INFO - DAG(s) 'bike_hour_pipeline' retrieved from /opt/airflow/dags/bike_hour_dag.py
[2025-09-15T11:42:59.142+0000] {logging_mixin.py:188} INFO - [2025-09-15T11:42:59.142+0000] {dag.py:3096} INFO - Sync 1 DAGs
[2025-09-15T11:42:59.164+0000] {logging_mixin.py:188} INFO - [2025-09-15T11:42:59.164+0000] {dag.py:3954} INFO - Setting next_dagrun for bike_hour_pipeline to 2025-09-14 00:00:00+00:00, run_after=2025-09-15 00:00:00+00:00
[2025-09-15T11:42:59.183+0000] {processor.py:183} INFO - Processing /opt/airflow/dags/bike_hour_dag.py took 0.093 seconds
[2025-09-15T11:43:29.661+0000] {processor.py:161} INFO - Started process (PID=10378) to work on /opt/airflow/dags/bike_hour_dag.py
[2025-09-15T11:43:29.662+0000] {processor.py:830} INFO - Processing file /opt/airflow/dags/bike_hour_dag.py for tasks to queue
[2025-09-15T11:43:29.663+0000] {logging_mixin.py:188} INFO - [2025-09-15T11:43:29.663+0000] {dagbag.py:540} INFO - Filling up the DagBag from /opt/airflow/dags/bike_hour_dag.py
[2025-09-15T11:43:29.684+0000] {processor.py:840} INFO - DAG(s) 'bike_hour_pipeline' retrieved from /opt/airflow/dags/bike_hour_dag.py
[2025-09-15T11:43:29.722+0000] {logging_mixin.py:188} INFO - [2025-09-15T11:43:29.721+0000] {dag.py:3096} INFO - Sync 1 DAGs
[2025-09-15T11:43:29.740+0000] {logging_mixin.py:188} INFO - [2025-09-15T11:43:29.740+0000] {dag.py:3954} INFO - Setting next_dagrun for bike_hour_pipeline to 2025-09-14 00:00:00+00:00, run_after=2025-09-15 00:00:00+00:00
[2025-09-15T11:43:29.760+0000] {processor.py:183} INFO - Processing /opt/airflow/dags/bike_hour_dag.py took 0.105 seconds
[2025-09-15T11:44:00.196+0000] {processor.py:161} INFO - Started process (PID=10413) to work on /opt/airflow/dags/bike_hour_dag.py
[2025-09-15T11:44:00.197+0000] {processor.py:830} INFO - Processing file /opt/airflow/dags/bike_hour_dag.py for tasks to queue
[2025-09-15T11:44:00.198+0000] {logging_mixin.py:188} INFO - [2025-09-15T11:44:00.198+0000] {dagbag.py:540} INFO - Filling up the DagBag from /opt/airflow/dags/bike_hour_dag.py
[2025-09-15T11:44:00.217+0000] {processor.py:840} INFO - DAG(s) 'bike_hour_pipeline' retrieved from /opt/airflow/dags/bike_hour_dag.py
[2025-09-15T11:44:00.243+0000] {logging_mixin.py:188} INFO - [2025-09-15T11:44:00.243+0000] {dag.py:3096} INFO - Sync 1 DAGs
[2025-09-15T11:44:00.265+0000] {logging_mixin.py:188} INFO - [2025-09-15T11:44:00.264+0000] {dag.py:3954} INFO - Setting next_dagrun for bike_hour_pipeline to 2025-09-14 00:00:00+00:00, run_after=2025-09-15 00:00:00+00:00
[2025-09-15T11:44:00.283+0000] {processor.py:183} INFO - Processing /opt/airflow/dags/bike_hour_dag.py took 0.093 seconds
[2025-09-15T11:44:30.164+0000] {processor.py:161} INFO - Started process (PID=10448) to work on /opt/airflow/dags/bike_hour_dag.py
[2025-09-15T11:44:30.165+0000] {processor.py:830} INFO - Processing file /opt/airflow/dags/bike_hour_dag.py for tasks to queue
[2025-09-15T11:44:30.166+0000] {logging_mixin.py:188} INFO - [2025-09-15T11:44:30.166+0000] {dagbag.py:540} INFO - Filling up the DagBag from /opt/airflow/dags/bike_hour_dag.py
[2025-09-15T11:44:30.185+0000] {processor.py:840} INFO - DAG(s) 'bike_hour_pipeline' retrieved from /opt/airflow/dags/bike_hour_dag.py
[2025-09-15T11:44:30.211+0000] {logging_mixin.py:188} INFO - [2025-09-15T11:44:30.211+0000] {dag.py:3096} INFO - Sync 1 DAGs
[2025-09-15T11:44:30.230+0000] {logging_mixin.py:188} INFO - [2025-09-15T11:44:30.230+0000] {dag.py:3954} INFO - Setting next_dagrun for bike_hour_pipeline to 2025-09-14 00:00:00+00:00, run_after=2025-09-15 00:00:00+00:00
[2025-09-15T11:44:29.490+0000] {processor.py:183} INFO - Processing /opt/airflow/dags/bike_hour_dag.py took 0.100 seconds
[2025-09-15T11:44:59.616+0000] {processor.py:161} INFO - Started process (PID=10468) to work on /opt/airflow/dags/bike_hour_dag.py
[2025-09-15T11:44:59.617+0000] {processor.py:830} INFO - Processing file /opt/airflow/dags/bike_hour_dag.py for tasks to queue
[2025-09-15T11:44:59.618+0000] {logging_mixin.py:188} INFO - [2025-09-15T11:44:59.618+0000] {dagbag.py:540} INFO - Filling up the DagBag from /opt/airflow/dags/bike_hour_dag.py
[2025-09-15T11:44:59.636+0000] {processor.py:840} INFO - DAG(s) 'bike_hour_pipeline' retrieved from /opt/airflow/dags/bike_hour_dag.py
[2025-09-15T11:44:59.669+0000] {logging_mixin.py:188} INFO - [2025-09-15T11:44:59.669+0000] {dag.py:3096} INFO - Sync 1 DAGs
[2025-09-15T11:44:59.690+0000] {logging_mixin.py:188} INFO - [2025-09-15T11:44:59.690+0000] {dag.py:3954} INFO - Setting next_dagrun for bike_hour_pipeline to 2025-09-14 00:00:00+00:00, run_after=2025-09-15 00:00:00+00:00
[2025-09-15T11:44:59.711+0000] {processor.py:183} INFO - Processing /opt/airflow/dags/bike_hour_dag.py took 0.100 seconds
[2025-09-15T11:45:30.128+0000] {processor.py:161} INFO - Started process (PID=10503) to work on /opt/airflow/dags/bike_hour_dag.py
[2025-09-15T11:45:30.129+0000] {processor.py:830} INFO - Processing file /opt/airflow/dags/bike_hour_dag.py for tasks to queue
[2025-09-15T11:45:30.130+0000] {logging_mixin.py:188} INFO - [2025-09-15T11:45:30.130+0000] {dagbag.py:540} INFO - Filling up the DagBag from /opt/airflow/dags/bike_hour_dag.py
[2025-09-15T11:45:30.158+0000] {processor.py:840} INFO - DAG(s) 'bike_hour_pipeline' retrieved from /opt/airflow/dags/bike_hour_dag.py
[2025-09-15T11:45:30.191+0000] {logging_mixin.py:188} INFO - [2025-09-15T11:45:30.190+0000] {dag.py:3096} INFO - Sync 1 DAGs
[2025-09-15T11:45:30.215+0000] {logging_mixin.py:188} INFO - [2025-09-15T11:45:30.215+0000] {dag.py:3954} INFO - Setting next_dagrun for bike_hour_pipeline to 2025-09-14 00:00:00+00:00, run_after=2025-09-15 00:00:00+00:00
[2025-09-15T11:45:30.235+0000] {processor.py:183} INFO - Processing /opt/airflow/dags/bike_hour_dag.py took 0.117 seconds
[2025-09-15T11:46:01.249+0000] {processor.py:161} INFO - Started process (PID=10538) to work on /opt/airflow/dags/bike_hour_dag.py
[2025-09-15T11:46:01.251+0000] {processor.py:830} INFO - Processing file /opt/airflow/dags/bike_hour_dag.py for tasks to queue
[2025-09-15T11:46:01.251+0000] {logging_mixin.py:188} INFO - [2025-09-15T11:46:01.251+0000] {dagbag.py:540} INFO - Filling up the DagBag from /opt/airflow/dags/bike_hour_dag.py
[2025-09-15T11:46:01.271+0000] {processor.py:840} INFO - DAG(s) 'bike_hour_pipeline' retrieved from /opt/airflow/dags/bike_hour_dag.py
[2025-09-15T11:46:01.298+0000] {logging_mixin.py:188} INFO - [2025-09-15T11:46:01.298+0000] {dag.py:3096} INFO - Sync 1 DAGs
[2025-09-15T11:46:01.319+0000] {logging_mixin.py:188} INFO - [2025-09-15T11:46:01.318+0000] {dag.py:3954} INFO - Setting next_dagrun for bike_hour_pipeline to 2025-09-14 00:00:00+00:00, run_after=2025-09-15 00:00:00+00:00
[2025-09-15T11:46:01.342+0000] {processor.py:183} INFO - Processing /opt/airflow/dags/bike_hour_dag.py took 0.098 seconds
[2025-09-15T11:46:31.975+0000] {processor.py:161} INFO - Started process (PID=10573) to work on /opt/airflow/dags/bike_hour_dag.py
[2025-09-15T11:46:31.977+0000] {processor.py:830} INFO - Processing file /opt/airflow/dags/bike_hour_dag.py for tasks to queue
[2025-09-15T11:46:31.978+0000] {logging_mixin.py:188} INFO - [2025-09-15T11:46:31.978+0000] {dagbag.py:540} INFO - Filling up the DagBag from /opt/airflow/dags/bike_hour_dag.py
[2025-09-15T11:46:32.004+0000] {processor.py:840} INFO - DAG(s) 'bike_hour_pipeline' retrieved from /opt/airflow/dags/bike_hour_dag.py
[2025-09-15T11:46:32.060+0000] {logging_mixin.py:188} INFO - [2025-09-15T11:46:32.059+0000] {dag.py:3096} INFO - Sync 1 DAGs
[2025-09-15T11:46:32.105+0000] {logging_mixin.py:188} INFO - [2025-09-15T11:46:32.104+0000] {dag.py:3954} INFO - Setting next_dagrun for bike_hour_pipeline to 2025-09-14 00:00:00+00:00, run_after=2025-09-15 00:00:00+00:00
[2025-09-15T11:46:32.148+0000] {processor.py:183} INFO - Processing /opt/airflow/dags/bike_hour_dag.py took 0.179 seconds
[2025-09-15T11:47:02.734+0000] {processor.py:161} INFO - Started process (PID=10608) to work on /opt/airflow/dags/bike_hour_dag.py
[2025-09-15T11:47:02.735+0000] {processor.py:830} INFO - Processing file /opt/airflow/dags/bike_hour_dag.py for tasks to queue
[2025-09-15T11:47:02.736+0000] {logging_mixin.py:188} INFO - [2025-09-15T11:47:02.735+0000] {dagbag.py:540} INFO - Filling up the DagBag from /opt/airflow/dags/bike_hour_dag.py
[2025-09-15T11:47:02.756+0000] {processor.py:840} INFO - DAG(s) 'bike_hour_pipeline' retrieved from /opt/airflow/dags/bike_hour_dag.py
[2025-09-15T11:47:02.788+0000] {logging_mixin.py:188} INFO - [2025-09-15T11:47:02.788+0000] {dag.py:3096} INFO - Sync 1 DAGs
[2025-09-15T11:47:02.819+0000] {logging_mixin.py:188} INFO - [2025-09-15T11:47:02.819+0000] {dag.py:3954} INFO - Setting next_dagrun for bike_hour_pipeline to 2025-09-14 00:00:00+00:00, run_after=2025-09-15 00:00:00+00:00
[2025-09-15T11:47:02.840+0000] {processor.py:183} INFO - Processing /opt/airflow/dags/bike_hour_dag.py took 0.112 seconds
[2025-09-15T11:47:33.435+0000] {processor.py:161} INFO - Started process (PID=10643) to work on /opt/airflow/dags/bike_hour_dag.py
[2025-09-15T11:47:33.437+0000] {processor.py:830} INFO - Processing file /opt/airflow/dags/bike_hour_dag.py for tasks to queue
[2025-09-15T11:47:33.439+0000] {logging_mixin.py:188} INFO - [2025-09-15T11:47:33.438+0000] {dagbag.py:540} INFO - Filling up the DagBag from /opt/airflow/dags/bike_hour_dag.py
[2025-09-15T11:47:33.474+0000] {processor.py:840} INFO - DAG(s) 'bike_hour_pipeline' retrieved from /opt/airflow/dags/bike_hour_dag.py
[2025-09-15T11:47:33.516+0000] {logging_mixin.py:188} INFO - [2025-09-15T11:47:33.515+0000] {dag.py:3096} INFO - Sync 1 DAGs
[2025-09-15T11:47:33.542+0000] {logging_mixin.py:188} INFO - [2025-09-15T11:47:33.542+0000] {dag.py:3954} INFO - Setting next_dagrun for bike_hour_pipeline to 2025-09-14 00:00:00+00:00, run_after=2025-09-15 00:00:00+00:00
[2025-09-15T11:47:33.578+0000] {processor.py:183} INFO - Processing /opt/airflow/dags/bike_hour_dag.py took 0.153 seconds
[2025-09-15T11:48:03.996+0000] {processor.py:161} INFO - Started process (PID=10678) to work on /opt/airflow/dags/bike_hour_dag.py
[2025-09-15T11:48:03.997+0000] {processor.py:830} INFO - Processing file /opt/airflow/dags/bike_hour_dag.py for tasks to queue
[2025-09-15T11:48:03.998+0000] {logging_mixin.py:188} INFO - [2025-09-15T11:48:03.997+0000] {dagbag.py:540} INFO - Filling up the DagBag from /opt/airflow/dags/bike_hour_dag.py
[2025-09-15T11:48:04.027+0000] {processor.py:840} INFO - DAG(s) 'bike_hour_pipeline' retrieved from /opt/airflow/dags/bike_hour_dag.py
[2025-09-15T11:48:04.057+0000] {logging_mixin.py:188} INFO - [2025-09-15T11:48:04.057+0000] {dag.py:3096} INFO - Sync 1 DAGs
[2025-09-15T11:48:04.079+0000] {logging_mixin.py:188} INFO - [2025-09-15T11:48:04.079+0000] {dag.py:3954} INFO - Setting next_dagrun for bike_hour_pipeline to 2025-09-14 00:00:00+00:00, run_after=2025-09-15 00:00:00+00:00
[2025-09-15T11:48:04.103+0000] {processor.py:183} INFO - Processing /opt/airflow/dags/bike_hour_dag.py took 0.113 seconds
[2025-09-15T11:48:34.534+0000] {processor.py:161} INFO - Started process (PID=10713) to work on /opt/airflow/dags/bike_hour_dag.py
[2025-09-15T11:48:34.536+0000] {processor.py:830} INFO - Processing file /opt/airflow/dags/bike_hour_dag.py for tasks to queue
[2025-09-15T11:48:34.537+0000] {logging_mixin.py:188} INFO - [2025-09-15T11:48:34.536+0000] {dagbag.py:540} INFO - Filling up the DagBag from /opt/airflow/dags/bike_hour_dag.py
[2025-09-15T11:48:34.568+0000] {processor.py:840} INFO - DAG(s) 'bike_hour_pipeline' retrieved from /opt/airflow/dags/bike_hour_dag.py
[2025-09-15T11:48:34.597+0000] {logging_mixin.py:188} INFO - [2025-09-15T11:48:34.597+0000] {dag.py:3096} INFO - Sync 1 DAGs
[2025-09-15T11:48:34.622+0000] {logging_mixin.py:188} INFO - [2025-09-15T11:48:34.622+0000] {dag.py:3954} INFO - Setting next_dagrun for bike_hour_pipeline to 2025-09-14 00:00:00+00:00, run_after=2025-09-15 00:00:00+00:00
[2025-09-15T11:48:34.659+0000] {processor.py:183} INFO - Processing /opt/airflow/dags/bike_hour_dag.py took 0.133 seconds
[2025-09-15T11:49:05.130+0000] {processor.py:161} INFO - Started process (PID=10748) to work on /opt/airflow/dags/bike_hour_dag.py
[2025-09-15T11:49:05.131+0000] {processor.py:830} INFO - Processing file /opt/airflow/dags/bike_hour_dag.py for tasks to queue
[2025-09-15T11:49:05.132+0000] {logging_mixin.py:188} INFO - [2025-09-15T11:49:05.132+0000] {dagbag.py:540} INFO - Filling up the DagBag from /opt/airflow/dags/bike_hour_dag.py
[2025-09-15T11:49:05.152+0000] {processor.py:840} INFO - DAG(s) 'bike_hour_pipeline' retrieved from /opt/airflow/dags/bike_hour_dag.py
[2025-09-15T11:49:05.178+0000] {logging_mixin.py:188} INFO - [2025-09-15T11:49:05.178+0000] {dag.py:3096} INFO - Sync 1 DAGs
[2025-09-15T11:49:05.199+0000] {logging_mixin.py:188} INFO - [2025-09-15T11:49:05.198+0000] {dag.py:3954} INFO - Setting next_dagrun for bike_hour_pipeline to 2025-09-14 00:00:00+00:00, run_after=2025-09-15 00:00:00+00:00
[2025-09-15T11:49:05.225+0000] {processor.py:183} INFO - Processing /opt/airflow/dags/bike_hour_dag.py took 0.100 seconds
[2025-09-15T11:49:35.612+0000] {processor.py:161} INFO - Started process (PID=10783) to work on /opt/airflow/dags/bike_hour_dag.py
[2025-09-15T11:49:35.614+0000] {processor.py:830} INFO - Processing file /opt/airflow/dags/bike_hour_dag.py for tasks to queue
[2025-09-15T11:49:35.615+0000] {logging_mixin.py:188} INFO - [2025-09-15T11:49:35.614+0000] {dagbag.py:540} INFO - Filling up the DagBag from /opt/airflow/dags/bike_hour_dag.py
[2025-09-15T11:49:35.639+0000] {processor.py:840} INFO - DAG(s) 'bike_hour_pipeline' retrieved from /opt/airflow/dags/bike_hour_dag.py
[2025-09-15T11:49:35.670+0000] {logging_mixin.py:188} INFO - [2025-09-15T11:49:35.670+0000] {dag.py:3096} INFO - Sync 1 DAGs
[2025-09-15T11:49:35.693+0000] {logging_mixin.py:188} INFO - [2025-09-15T11:49:35.692+0000] {dag.py:3954} INFO - Setting next_dagrun for bike_hour_pipeline to 2025-09-14 00:00:00+00:00, run_after=2025-09-15 00:00:00+00:00
[2025-09-15T11:49:35.714+0000] {processor.py:183} INFO - Processing /opt/airflow/dags/bike_hour_dag.py took 0.108 seconds
[2025-09-15T11:50:06.165+0000] {processor.py:161} INFO - Started process (PID=10818) to work on /opt/airflow/dags/bike_hour_dag.py
[2025-09-15T11:50:06.166+0000] {processor.py:830} INFO - Processing file /opt/airflow/dags/bike_hour_dag.py for tasks to queue
[2025-09-15T11:50:06.167+0000] {logging_mixin.py:188} INFO - [2025-09-15T11:50:06.166+0000] {dagbag.py:540} INFO - Filling up the DagBag from /opt/airflow/dags/bike_hour_dag.py
[2025-09-15T11:50:06.190+0000] {processor.py:840} INFO - DAG(s) 'bike_hour_pipeline' retrieved from /opt/airflow/dags/bike_hour_dag.py
[2025-09-15T11:50:06.220+0000] {logging_mixin.py:188} INFO - [2025-09-15T11:50:06.220+0000] {dag.py:3096} INFO - Sync 1 DAGs
[2025-09-15T11:50:06.241+0000] {logging_mixin.py:188} INFO - [2025-09-15T11:50:06.240+0000] {dag.py:3954} INFO - Setting next_dagrun for bike_hour_pipeline to 2025-09-14 00:00:00+00:00, run_after=2025-09-15 00:00:00+00:00
[2025-09-15T11:50:06.261+0000] {processor.py:183} INFO - Processing /opt/airflow/dags/bike_hour_dag.py took 0.101 seconds
[2025-09-15T11:50:36.647+0000] {processor.py:161} INFO - Started process (PID=10853) to work on /opt/airflow/dags/bike_hour_dag.py
[2025-09-15T11:50:36.648+0000] {processor.py:830} INFO - Processing file /opt/airflow/dags/bike_hour_dag.py for tasks to queue
[2025-09-15T11:50:36.649+0000] {logging_mixin.py:188} INFO - [2025-09-15T11:50:36.649+0000] {dagbag.py:540} INFO - Filling up the DagBag from /opt/airflow/dags/bike_hour_dag.py
[2025-09-15T11:50:36.673+0000] {processor.py:840} INFO - DAG(s) 'bike_hour_pipeline' retrieved from /opt/airflow/dags/bike_hour_dag.py
[2025-09-15T11:50:36.707+0000] {logging_mixin.py:188} INFO - [2025-09-15T11:50:36.706+0000] {dag.py:3096} INFO - Sync 1 DAGs
[2025-09-15T11:50:36.734+0000] {logging_mixin.py:188} INFO - [2025-09-15T11:50:36.733+0000] {dag.py:3954} INFO - Setting next_dagrun for bike_hour_pipeline to 2025-09-14 00:00:00+00:00, run_after=2025-09-15 00:00:00+00:00
[2025-09-15T11:50:36.767+0000] {processor.py:183} INFO - Processing /opt/airflow/dags/bike_hour_dag.py took 0.126 seconds
[2025-09-15T11:51:07.602+0000] {processor.py:161} INFO - Started process (PID=10888) to work on /opt/airflow/dags/bike_hour_dag.py
[2025-09-15T11:51:07.603+0000] {processor.py:830} INFO - Processing file /opt/airflow/dags/bike_hour_dag.py for tasks to queue
[2025-09-15T11:51:07.604+0000] {logging_mixin.py:188} INFO - [2025-09-15T11:51:07.604+0000] {dagbag.py:540} INFO - Filling up the DagBag from /opt/airflow/dags/bike_hour_dag.py
[2025-09-15T11:51:07.625+0000] {processor.py:840} INFO - DAG(s) 'bike_hour_pipeline' retrieved from /opt/airflow/dags/bike_hour_dag.py
[2025-09-15T11:51:07.653+0000] {logging_mixin.py:188} INFO - [2025-09-15T11:51:07.652+0000] {dag.py:3096} INFO - Sync 1 DAGs
[2025-09-15T11:51:07.672+0000] {logging_mixin.py:188} INFO - [2025-09-15T11:51:07.672+0000] {dag.py:3954} INFO - Setting next_dagrun for bike_hour_pipeline to 2025-09-14 00:00:00+00:00, run_after=2025-09-15 00:00:00+00:00
[2025-09-15T11:51:07.697+0000] {processor.py:183} INFO - Processing /opt/airflow/dags/bike_hour_dag.py took 0.100 seconds
