[2025-09-15T06:01:12.580+0000] {processor.py:161} INFO - Started process (PID=202) to work on /opt/airflow/dags/clean_hour_data.py
[2025-09-15T06:01:12.581+0000] {processor.py:830} INFO - Processing file /opt/airflow/dags/clean_hour_data.py for tasks to queue
[2025-09-15T06:01:12.584+0000] {logging_mixin.py:188} INFO - [2025-09-15T06:01:12.584+0000] {dagbag.py:540} INFO - Filling up the DagBag from /opt/airflow/dags/clean_hour_data.py
[2025-09-15T06:01:12.607+0000] {processor.py:840} INFO - DAG(s) 'clean_hour_data' retrieved from /opt/airflow/dags/clean_hour_data.py
[2025-09-15T06:01:12.631+0000] {logging_mixin.py:188} INFO - [2025-09-15T06:01:12.631+0000] {dag.py:3096} INFO - Sync 1 DAGs
[2025-09-15T06:01:12.691+0000] {logging_mixin.py:188} INFO - [2025-09-15T06:01:12.691+0000] {dag.py:3954} INFO - Setting next_dagrun for clean_hour_data to None, run_after=None
[2025-09-15T06:01:12.735+0000] {processor.py:183} INFO - Processing /opt/airflow/dags/clean_hour_data.py took 0.162 seconds
[2025-09-15T06:01:42.884+0000] {processor.py:161} INFO - Started process (PID=237) to work on /opt/airflow/dags/clean_hour_data.py
[2025-09-15T06:01:42.891+0000] {processor.py:830} INFO - Processing file /opt/airflow/dags/clean_hour_data.py for tasks to queue
[2025-09-15T06:01:42.903+0000] {logging_mixin.py:188} INFO - [2025-09-15T06:01:42.901+0000] {dagbag.py:540} INFO - Filling up the DagBag from /opt/airflow/dags/clean_hour_data.py
[2025-09-15T06:01:42.991+0000] {processor.py:840} INFO - DAG(s) 'clean_hour_data' retrieved from /opt/airflow/dags/clean_hour_data.py
[2025-09-15T06:01:43.645+0000] {logging_mixin.py:188} INFO - [2025-09-15T06:01:43.635+0000] {dag.py:3096} INFO - Sync 1 DAGs
[2025-09-15T06:01:43.739+0000] {logging_mixin.py:188} INFO - [2025-09-15T06:01:43.738+0000] {dag.py:3954} INFO - Setting next_dagrun for clean_hour_data to None, run_after=None
[2025-09-15T06:01:44.000+0000] {processor.py:183} INFO - Processing /opt/airflow/dags/clean_hour_data.py took 1.139 seconds
[2025-09-15T06:02:15.214+0000] {processor.py:161} INFO - Started process (PID=272) to work on /opt/airflow/dags/clean_hour_data.py
[2025-09-15T06:02:15.220+0000] {processor.py:830} INFO - Processing file /opt/airflow/dags/clean_hour_data.py for tasks to queue
[2025-09-15T06:02:15.232+0000] {logging_mixin.py:188} INFO - [2025-09-15T06:02:15.230+0000] {dagbag.py:540} INFO - Filling up the DagBag from /opt/airflow/dags/clean_hour_data.py
[2025-09-15T06:02:15.347+0000] {processor.py:840} INFO - DAG(s) 'clean_hour_data' retrieved from /opt/airflow/dags/clean_hour_data.py
[2025-09-15T06:02:15.689+0000] {logging_mixin.py:188} INFO - [2025-09-15T06:02:15.679+0000] {dag.py:3096} INFO - Sync 1 DAGs
[2025-09-15T06:02:15.931+0000] {logging_mixin.py:188} INFO - [2025-09-15T06:02:15.929+0000] {dag.py:3954} INFO - Setting next_dagrun for clean_hour_data to None, run_after=None
[2025-09-15T06:02:16.269+0000] {processor.py:183} INFO - Processing /opt/airflow/dags/clean_hour_data.py took 1.087 seconds
[2025-09-15T06:02:46.990+0000] {processor.py:161} INFO - Started process (PID=307) to work on /opt/airflow/dags/clean_hour_data.py
[2025-09-15T06:02:46.991+0000] {processor.py:830} INFO - Processing file /opt/airflow/dags/clean_hour_data.py for tasks to queue
[2025-09-15T06:02:46.994+0000] {logging_mixin.py:188} INFO - [2025-09-15T06:02:46.994+0000] {dagbag.py:540} INFO - Filling up the DagBag from /opt/airflow/dags/clean_hour_data.py
[2025-09-15T06:02:47.011+0000] {processor.py:840} INFO - DAG(s) 'clean_hour_data' retrieved from /opt/airflow/dags/clean_hour_data.py
[2025-09-15T06:02:47.047+0000] {logging_mixin.py:188} INFO - [2025-09-15T06:02:47.046+0000] {dag.py:3096} INFO - Sync 1 DAGs
[2025-09-15T06:02:47.062+0000] {logging_mixin.py:188} INFO - [2025-09-15T06:02:47.061+0000] {dag.py:3954} INFO - Setting next_dagrun for clean_hour_data to None, run_after=None
[2025-09-15T06:02:47.085+0000] {processor.py:183} INFO - Processing /opt/airflow/dags/clean_hour_data.py took 0.101 seconds
[2025-09-15T06:03:17.169+0000] {processor.py:161} INFO - Started process (PID=346) to work on /opt/airflow/dags/clean_hour_data.py
[2025-09-15T06:03:17.171+0000] {processor.py:830} INFO - Processing file /opt/airflow/dags/clean_hour_data.py for tasks to queue
[2025-09-15T06:03:17.177+0000] {logging_mixin.py:188} INFO - [2025-09-15T06:03:17.175+0000] {dagbag.py:540} INFO - Filling up the DagBag from /opt/airflow/dags/clean_hour_data.py
[2025-09-15T06:03:17.206+0000] {processor.py:840} INFO - DAG(s) 'clean_hour_data' retrieved from /opt/airflow/dags/clean_hour_data.py
[2025-09-15T06:03:17.252+0000] {logging_mixin.py:188} INFO - [2025-09-15T06:03:17.251+0000] {dag.py:3096} INFO - Sync 1 DAGs
[2025-09-15T06:03:17.277+0000] {logging_mixin.py:188} INFO - [2025-09-15T06:03:17.277+0000] {dag.py:3954} INFO - Setting next_dagrun for clean_hour_data to None, run_after=None
[2025-09-15T06:03:17.313+0000] {processor.py:183} INFO - Processing /opt/airflow/dags/clean_hour_data.py took 0.154 seconds
[2025-09-15T06:03:47.507+0000] {processor.py:161} INFO - Started process (PID=381) to work on /opt/airflow/dags/clean_hour_data.py
[2025-09-15T06:03:47.508+0000] {processor.py:830} INFO - Processing file /opt/airflow/dags/clean_hour_data.py for tasks to queue
[2025-09-15T06:03:47.511+0000] {logging_mixin.py:188} INFO - [2025-09-15T06:03:47.510+0000] {dagbag.py:540} INFO - Filling up the DagBag from /opt/airflow/dags/clean_hour_data.py
[2025-09-15T06:03:47.544+0000] {processor.py:840} INFO - DAG(s) 'clean_hour_data' retrieved from /opt/airflow/dags/clean_hour_data.py
[2025-09-15T06:03:47.597+0000] {logging_mixin.py:188} INFO - [2025-09-15T06:03:47.596+0000] {dag.py:3096} INFO - Sync 1 DAGs
[2025-09-15T06:03:47.613+0000] {logging_mixin.py:188} INFO - [2025-09-15T06:03:47.613+0000] {dag.py:3954} INFO - Setting next_dagrun for clean_hour_data to None, run_after=None
[2025-09-15T06:03:47.647+0000] {processor.py:183} INFO - Processing /opt/airflow/dags/clean_hour_data.py took 0.147 seconds
[2025-09-15T06:04:17.741+0000] {processor.py:161} INFO - Started process (PID=416) to work on /opt/airflow/dags/clean_hour_data.py
[2025-09-15T06:04:17.742+0000] {processor.py:830} INFO - Processing file /opt/airflow/dags/clean_hour_data.py for tasks to queue
[2025-09-15T06:04:17.744+0000] {logging_mixin.py:188} INFO - [2025-09-15T06:04:17.744+0000] {dagbag.py:540} INFO - Filling up the DagBag from /opt/airflow/dags/clean_hour_data.py
[2025-09-15T06:04:17.770+0000] {processor.py:840} INFO - DAG(s) 'clean_hour_data' retrieved from /opt/airflow/dags/clean_hour_data.py
[2025-09-15T06:04:17.799+0000] {logging_mixin.py:188} INFO - [2025-09-15T06:04:17.799+0000] {dag.py:3096} INFO - Sync 1 DAGs
[2025-09-15T06:04:17.812+0000] {logging_mixin.py:188} INFO - [2025-09-15T06:04:17.812+0000] {dag.py:3954} INFO - Setting next_dagrun for clean_hour_data to None, run_after=None
[2025-09-15T06:04:17.833+0000] {processor.py:183} INFO - Processing /opt/airflow/dags/clean_hour_data.py took 0.098 seconds
[2025-09-15T06:04:48.196+0000] {processor.py:161} INFO - Started process (PID=451) to work on /opt/airflow/dags/clean_hour_data.py
[2025-09-15T06:04:48.200+0000] {processor.py:830} INFO - Processing file /opt/airflow/dags/clean_hour_data.py for tasks to queue
[2025-09-15T06:04:48.205+0000] {logging_mixin.py:188} INFO - [2025-09-15T06:04:48.204+0000] {dagbag.py:540} INFO - Filling up the DagBag from /opt/airflow/dags/clean_hour_data.py
[2025-09-15T06:04:48.238+0000] {processor.py:840} INFO - DAG(s) 'clean_hour_data' retrieved from /opt/airflow/dags/clean_hour_data.py
[2025-09-15T06:04:48.304+0000] {logging_mixin.py:188} INFO - [2025-09-15T06:04:48.303+0000] {dag.py:3096} INFO - Sync 1 DAGs
[2025-09-15T06:04:48.339+0000] {logging_mixin.py:188} INFO - [2025-09-15T06:04:48.337+0000] {dag.py:3954} INFO - Setting next_dagrun for clean_hour_data to None, run_after=None
[2025-09-15T06:04:48.402+0000] {processor.py:183} INFO - Processing /opt/airflow/dags/clean_hour_data.py took 0.215 seconds
[2025-09-15T06:05:18.684+0000] {processor.py:161} INFO - Started process (PID=486) to work on /opt/airflow/dags/clean_hour_data.py
[2025-09-15T06:05:18.685+0000] {processor.py:830} INFO - Processing file /opt/airflow/dags/clean_hour_data.py for tasks to queue
[2025-09-15T06:05:18.688+0000] {logging_mixin.py:188} INFO - [2025-09-15T06:05:18.688+0000] {dagbag.py:540} INFO - Filling up the DagBag from /opt/airflow/dags/clean_hour_data.py
[2025-09-15T06:05:18.705+0000] {processor.py:840} INFO - DAG(s) 'clean_hour_data' retrieved from /opt/airflow/dags/clean_hour_data.py
[2025-09-15T06:05:18.734+0000] {logging_mixin.py:188} INFO - [2025-09-15T06:05:18.733+0000] {dag.py:3096} INFO - Sync 1 DAGs
[2025-09-15T06:05:18.749+0000] {logging_mixin.py:188} INFO - [2025-09-15T06:05:18.749+0000] {dag.py:3954} INFO - Setting next_dagrun for clean_hour_data to None, run_after=None
[2025-09-15T06:05:18.769+0000] {processor.py:183} INFO - Processing /opt/airflow/dags/clean_hour_data.py took 0.090 seconds
[2025-09-15T06:05:49.339+0000] {processor.py:161} INFO - Started process (PID=521) to work on /opt/airflow/dags/clean_hour_data.py
[2025-09-15T06:05:49.341+0000] {processor.py:830} INFO - Processing file /opt/airflow/dags/clean_hour_data.py for tasks to queue
[2025-09-15T06:05:49.343+0000] {logging_mixin.py:188} INFO - [2025-09-15T06:05:49.343+0000] {dagbag.py:540} INFO - Filling up the DagBag from /opt/airflow/dags/clean_hour_data.py
[2025-09-15T06:05:49.360+0000] {processor.py:840} INFO - DAG(s) 'clean_hour_data' retrieved from /opt/airflow/dags/clean_hour_data.py
[2025-09-15T06:05:49.387+0000] {logging_mixin.py:188} INFO - [2025-09-15T06:05:49.387+0000] {dag.py:3096} INFO - Sync 1 DAGs
[2025-09-15T06:05:49.398+0000] {logging_mixin.py:188} INFO - [2025-09-15T06:05:49.398+0000] {dag.py:3954} INFO - Setting next_dagrun for clean_hour_data to None, run_after=None
[2025-09-15T06:05:49.421+0000] {processor.py:183} INFO - Processing /opt/airflow/dags/clean_hour_data.py took 0.087 seconds
[2025-09-15T06:06:20.348+0000] {processor.py:161} INFO - Started process (PID=556) to work on /opt/airflow/dags/clean_hour_data.py
[2025-09-15T06:06:20.349+0000] {processor.py:830} INFO - Processing file /opt/airflow/dags/clean_hour_data.py for tasks to queue
[2025-09-15T06:06:20.351+0000] {logging_mixin.py:188} INFO - [2025-09-15T06:06:20.351+0000] {dagbag.py:540} INFO - Filling up the DagBag from /opt/airflow/dags/clean_hour_data.py
[2025-09-15T06:06:20.369+0000] {processor.py:840} INFO - DAG(s) 'clean_hour_data' retrieved from /opt/airflow/dags/clean_hour_data.py
[2025-09-15T06:06:20.403+0000] {logging_mixin.py:188} INFO - [2025-09-15T06:06:20.402+0000] {dag.py:3096} INFO - Sync 1 DAGs
[2025-09-15T06:06:20.419+0000] {logging_mixin.py:188} INFO - [2025-09-15T06:06:20.419+0000] {dag.py:3954} INFO - Setting next_dagrun for clean_hour_data to None, run_after=None
[2025-09-15T06:06:20.441+0000] {processor.py:183} INFO - Processing /opt/airflow/dags/clean_hour_data.py took 0.099 seconds
[2025-09-15T06:06:51.060+0000] {processor.py:161} INFO - Started process (PID=591) to work on /opt/airflow/dags/clean_hour_data.py
[2025-09-15T06:06:51.061+0000] {processor.py:830} INFO - Processing file /opt/airflow/dags/clean_hour_data.py for tasks to queue
[2025-09-15T06:06:51.064+0000] {logging_mixin.py:188} INFO - [2025-09-15T06:06:51.064+0000] {dagbag.py:540} INFO - Filling up the DagBag from /opt/airflow/dags/clean_hour_data.py
[2025-09-15T06:06:51.080+0000] {processor.py:840} INFO - DAG(s) 'clean_hour_data' retrieved from /opt/airflow/dags/clean_hour_data.py
[2025-09-15T06:06:51.109+0000] {logging_mixin.py:188} INFO - [2025-09-15T06:06:51.108+0000] {dag.py:3096} INFO - Sync 1 DAGs
[2025-09-15T06:06:51.120+0000] {logging_mixin.py:188} INFO - [2025-09-15T06:06:51.120+0000] {dag.py:3954} INFO - Setting next_dagrun for clean_hour_data to None, run_after=None
[2025-09-15T06:06:51.143+0000] {processor.py:183} INFO - Processing /opt/airflow/dags/clean_hour_data.py took 0.089 seconds
[2025-09-15T06:07:21.529+0000] {processor.py:161} INFO - Started process (PID=626) to work on /opt/airflow/dags/clean_hour_data.py
[2025-09-15T06:07:21.530+0000] {processor.py:830} INFO - Processing file /opt/airflow/dags/clean_hour_data.py for tasks to queue
[2025-09-15T06:07:21.532+0000] {logging_mixin.py:188} INFO - [2025-09-15T06:07:21.532+0000] {dagbag.py:540} INFO - Filling up the DagBag from /opt/airflow/dags/clean_hour_data.py
[2025-09-15T06:07:21.547+0000] {processor.py:840} INFO - DAG(s) 'clean_hour_data' retrieved from /opt/airflow/dags/clean_hour_data.py
[2025-09-15T06:07:21.572+0000] {logging_mixin.py:188} INFO - [2025-09-15T06:07:21.572+0000] {dag.py:3096} INFO - Sync 1 DAGs
[2025-09-15T06:07:21.585+0000] {logging_mixin.py:188} INFO - [2025-09-15T06:07:21.585+0000] {dag.py:3954} INFO - Setting next_dagrun for clean_hour_data to None, run_after=None
[2025-09-15T06:07:21.604+0000] {processor.py:183} INFO - Processing /opt/airflow/dags/clean_hour_data.py took 0.081 seconds
[2025-09-15T06:07:52.230+0000] {processor.py:161} INFO - Started process (PID=661) to work on /opt/airflow/dags/clean_hour_data.py
[2025-09-15T06:07:52.231+0000] {processor.py:830} INFO - Processing file /opt/airflow/dags/clean_hour_data.py for tasks to queue
[2025-09-15T06:07:52.233+0000] {logging_mixin.py:188} INFO - [2025-09-15T06:07:52.233+0000] {dagbag.py:540} INFO - Filling up the DagBag from /opt/airflow/dags/clean_hour_data.py
[2025-09-15T06:07:52.247+0000] {processor.py:840} INFO - DAG(s) 'clean_hour_data' retrieved from /opt/airflow/dags/clean_hour_data.py
[2025-09-15T06:07:52.270+0000] {logging_mixin.py:188} INFO - [2025-09-15T06:07:52.270+0000] {dag.py:3096} INFO - Sync 1 DAGs
[2025-09-15T06:07:52.280+0000] {logging_mixin.py:188} INFO - [2025-09-15T06:07:52.280+0000] {dag.py:3954} INFO - Setting next_dagrun for clean_hour_data to None, run_after=None
[2025-09-15T06:07:52.297+0000] {processor.py:183} INFO - Processing /opt/airflow/dags/clean_hour_data.py took 0.072 seconds
[2025-09-15T06:08:22.923+0000] {processor.py:161} INFO - Started process (PID=696) to work on /opt/airflow/dags/clean_hour_data.py
[2025-09-15T06:08:22.924+0000] {processor.py:830} INFO - Processing file /opt/airflow/dags/clean_hour_data.py for tasks to queue
[2025-09-15T06:08:22.926+0000] {logging_mixin.py:188} INFO - [2025-09-15T06:08:22.925+0000] {dagbag.py:540} INFO - Filling up the DagBag from /opt/airflow/dags/clean_hour_data.py
[2025-09-15T06:08:22.943+0000] {processor.py:840} INFO - DAG(s) 'clean_hour_data' retrieved from /opt/airflow/dags/clean_hour_data.py
[2025-09-15T06:08:22.967+0000] {logging_mixin.py:188} INFO - [2025-09-15T06:08:22.967+0000] {dag.py:3096} INFO - Sync 1 DAGs
[2025-09-15T06:08:22.978+0000] {logging_mixin.py:188} INFO - [2025-09-15T06:08:22.978+0000] {dag.py:3954} INFO - Setting next_dagrun for clean_hour_data to None, run_after=None
[2025-09-15T06:08:22.997+0000] {processor.py:183} INFO - Processing /opt/airflow/dags/clean_hour_data.py took 0.081 seconds
[2025-09-15T06:08:53.576+0000] {processor.py:161} INFO - Started process (PID=731) to work on /opt/airflow/dags/clean_hour_data.py
[2025-09-15T06:08:53.578+0000] {processor.py:830} INFO - Processing file /opt/airflow/dags/clean_hour_data.py for tasks to queue
[2025-09-15T06:08:53.581+0000] {logging_mixin.py:188} INFO - [2025-09-15T06:08:53.581+0000] {dagbag.py:540} INFO - Filling up the DagBag from /opt/airflow/dags/clean_hour_data.py
[2025-09-15T06:08:53.602+0000] {processor.py:840} INFO - DAG(s) 'clean_hour_data' retrieved from /opt/airflow/dags/clean_hour_data.py
[2025-09-15T06:08:53.633+0000] {logging_mixin.py:188} INFO - [2025-09-15T06:08:53.632+0000] {dag.py:3096} INFO - Sync 1 DAGs
[2025-09-15T06:08:53.651+0000] {logging_mixin.py:188} INFO - [2025-09-15T06:08:53.650+0000] {dag.py:3954} INFO - Setting next_dagrun for clean_hour_data to None, run_after=None
[2025-09-15T06:08:53.676+0000] {processor.py:183} INFO - Processing /opt/airflow/dags/clean_hour_data.py took 0.108 seconds
[2025-09-15T06:09:24.136+0000] {processor.py:161} INFO - Started process (PID=766) to work on /opt/airflow/dags/clean_hour_data.py
[2025-09-15T06:09:24.138+0000] {processor.py:830} INFO - Processing file /opt/airflow/dags/clean_hour_data.py for tasks to queue
[2025-09-15T06:09:24.141+0000] {logging_mixin.py:188} INFO - [2025-09-15T06:09:24.140+0000] {dagbag.py:540} INFO - Filling up the DagBag from /opt/airflow/dags/clean_hour_data.py
[2025-09-15T06:09:24.160+0000] {processor.py:840} INFO - DAG(s) 'clean_hour_data' retrieved from /opt/airflow/dags/clean_hour_data.py
[2025-09-15T06:09:24.195+0000] {logging_mixin.py:188} INFO - [2025-09-15T06:09:24.194+0000] {dag.py:3096} INFO - Sync 1 DAGs
[2025-09-15T06:09:24.209+0000] {logging_mixin.py:188} INFO - [2025-09-15T06:09:24.209+0000] {dag.py:3954} INFO - Setting next_dagrun for clean_hour_data to None, run_after=None
[2025-09-15T06:09:24.229+0000] {processor.py:183} INFO - Processing /opt/airflow/dags/clean_hour_data.py took 0.101 seconds
[2025-09-15T06:09:55.021+0000] {processor.py:161} INFO - Started process (PID=801) to work on /opt/airflow/dags/clean_hour_data.py
[2025-09-15T06:09:55.024+0000] {processor.py:830} INFO - Processing file /opt/airflow/dags/clean_hour_data.py for tasks to queue
[2025-09-15T06:09:55.030+0000] {logging_mixin.py:188} INFO - [2025-09-15T06:09:55.029+0000] {dagbag.py:540} INFO - Filling up the DagBag from /opt/airflow/dags/clean_hour_data.py
[2025-09-15T06:09:55.060+0000] {processor.py:840} INFO - DAG(s) 'clean_hour_data' retrieved from /opt/airflow/dags/clean_hour_data.py
[2025-09-15T06:09:55.117+0000] {logging_mixin.py:188} INFO - [2025-09-15T06:09:55.114+0000] {dag.py:3096} INFO - Sync 1 DAGs
[2025-09-15T06:09:55.144+0000] {logging_mixin.py:188} INFO - [2025-09-15T06:09:55.143+0000] {dag.py:3954} INFO - Setting next_dagrun for clean_hour_data to None, run_after=None
[2025-09-15T06:09:55.187+0000] {processor.py:183} INFO - Processing /opt/airflow/dags/clean_hour_data.py took 0.179 seconds
[2025-09-15T06:10:25.806+0000] {processor.py:161} INFO - Started process (PID=836) to work on /opt/airflow/dags/clean_hour_data.py
[2025-09-15T06:10:25.810+0000] {processor.py:830} INFO - Processing file /opt/airflow/dags/clean_hour_data.py for tasks to queue
[2025-09-15T06:10:25.815+0000] {logging_mixin.py:188} INFO - [2025-09-15T06:10:25.814+0000] {dagbag.py:540} INFO - Filling up the DagBag from /opt/airflow/dags/clean_hour_data.py
[2025-09-15T06:10:25.874+0000] {processor.py:840} INFO - DAG(s) 'clean_hour_data' retrieved from /opt/airflow/dags/clean_hour_data.py
[2025-09-15T06:10:25.943+0000] {logging_mixin.py:188} INFO - [2025-09-15T06:10:25.942+0000] {dag.py:3096} INFO - Sync 1 DAGs
[2025-09-15T06:10:25.966+0000] {logging_mixin.py:188} INFO - [2025-09-15T06:10:25.966+0000] {dag.py:3954} INFO - Setting next_dagrun for clean_hour_data to None, run_after=None
[2025-09-15T06:10:26.008+0000] {processor.py:183} INFO - Processing /opt/airflow/dags/clean_hour_data.py took 0.211 seconds
[2025-09-15T06:10:56.355+0000] {processor.py:161} INFO - Started process (PID=871) to work on /opt/airflow/dags/clean_hour_data.py
[2025-09-15T06:10:56.359+0000] {processor.py:830} INFO - Processing file /opt/airflow/dags/clean_hour_data.py for tasks to queue
[2025-09-15T06:10:56.362+0000] {logging_mixin.py:188} INFO - [2025-09-15T06:10:56.361+0000] {dagbag.py:540} INFO - Filling up the DagBag from /opt/airflow/dags/clean_hour_data.py
[2025-09-15T06:10:56.392+0000] {processor.py:840} INFO - DAG(s) 'clean_hour_data' retrieved from /opt/airflow/dags/clean_hour_data.py
[2025-09-15T06:10:56.424+0000] {logging_mixin.py:188} INFO - [2025-09-15T06:10:56.424+0000] {dag.py:3096} INFO - Sync 1 DAGs
[2025-09-15T06:10:56.437+0000] {logging_mixin.py:188} INFO - [2025-09-15T06:10:56.436+0000] {dag.py:3954} INFO - Setting next_dagrun for clean_hour_data to None, run_after=None
[2025-09-15T06:10:56.457+0000] {processor.py:183} INFO - Processing /opt/airflow/dags/clean_hour_data.py took 0.114 seconds
[2025-09-15T06:11:26.834+0000] {processor.py:161} INFO - Started process (PID=906) to work on /opt/airflow/dags/clean_hour_data.py
[2025-09-15T06:11:26.836+0000] {processor.py:830} INFO - Processing file /opt/airflow/dags/clean_hour_data.py for tasks to queue
[2025-09-15T06:11:26.839+0000] {logging_mixin.py:188} INFO - [2025-09-15T06:11:26.838+0000] {dagbag.py:540} INFO - Filling up the DagBag from /opt/airflow/dags/clean_hour_data.py
[2025-09-15T06:11:26.877+0000] {processor.py:840} INFO - DAG(s) 'clean_hour_data' retrieved from /opt/airflow/dags/clean_hour_data.py
[2025-09-15T06:11:26.926+0000] {logging_mixin.py:188} INFO - [2025-09-15T06:11:26.925+0000] {dag.py:3096} INFO - Sync 1 DAGs
[2025-09-15T06:11:26.942+0000] {logging_mixin.py:188} INFO - [2025-09-15T06:11:26.942+0000] {dag.py:3954} INFO - Setting next_dagrun for clean_hour_data to None, run_after=None
[2025-09-15T06:11:26.972+0000] {processor.py:183} INFO - Processing /opt/airflow/dags/clean_hour_data.py took 0.146 seconds
[2025-09-15T06:11:57.624+0000] {processor.py:161} INFO - Started process (PID=941) to work on /opt/airflow/dags/clean_hour_data.py
[2025-09-15T06:11:57.625+0000] {processor.py:830} INFO - Processing file /opt/airflow/dags/clean_hour_data.py for tasks to queue
[2025-09-15T06:11:57.626+0000] {logging_mixin.py:188} INFO - [2025-09-15T06:11:57.626+0000] {dagbag.py:540} INFO - Filling up the DagBag from /opt/airflow/dags/clean_hour_data.py
[2025-09-15T06:11:57.641+0000] {processor.py:840} INFO - DAG(s) 'clean_hour_data' retrieved from /opt/airflow/dags/clean_hour_data.py
[2025-09-15T06:11:57.669+0000] {logging_mixin.py:188} INFO - [2025-09-15T06:11:57.669+0000] {dag.py:3096} INFO - Sync 1 DAGs
[2025-09-15T06:11:57.681+0000] {logging_mixin.py:188} INFO - [2025-09-15T06:11:57.680+0000] {dag.py:3954} INFO - Setting next_dagrun for clean_hour_data to None, run_after=None
[2025-09-15T06:11:57.702+0000] {processor.py:183} INFO - Processing /opt/airflow/dags/clean_hour_data.py took 0.083 seconds
[2025-09-15T06:12:28.209+0000] {processor.py:161} INFO - Started process (PID=976) to work on /opt/airflow/dags/clean_hour_data.py
[2025-09-15T06:12:28.210+0000] {processor.py:830} INFO - Processing file /opt/airflow/dags/clean_hour_data.py for tasks to queue
[2025-09-15T06:12:28.212+0000] {logging_mixin.py:188} INFO - [2025-09-15T06:12:28.212+0000] {dagbag.py:540} INFO - Filling up the DagBag from /opt/airflow/dags/clean_hour_data.py
[2025-09-15T06:12:28.228+0000] {processor.py:840} INFO - DAG(s) 'clean_hour_data' retrieved from /opt/airflow/dags/clean_hour_data.py
[2025-09-15T06:12:28.258+0000] {logging_mixin.py:188} INFO - [2025-09-15T06:12:28.257+0000] {dag.py:3096} INFO - Sync 1 DAGs
[2025-09-15T06:12:28.269+0000] {logging_mixin.py:188} INFO - [2025-09-15T06:12:28.269+0000] {dag.py:3954} INFO - Setting next_dagrun for clean_hour_data to None, run_after=None
[2025-09-15T06:12:28.290+0000] {processor.py:183} INFO - Processing /opt/airflow/dags/clean_hour_data.py took 0.087 seconds
[2025-09-15T06:12:58.667+0000] {processor.py:161} INFO - Started process (PID=1011) to work on /opt/airflow/dags/clean_hour_data.py
[2025-09-15T06:12:58.668+0000] {processor.py:830} INFO - Processing file /opt/airflow/dags/clean_hour_data.py for tasks to queue
[2025-09-15T06:12:58.670+0000] {logging_mixin.py:188} INFO - [2025-09-15T06:12:58.669+0000] {dagbag.py:540} INFO - Filling up the DagBag from /opt/airflow/dags/clean_hour_data.py
[2025-09-15T06:12:58.686+0000] {processor.py:840} INFO - DAG(s) 'clean_hour_data' retrieved from /opt/airflow/dags/clean_hour_data.py
[2025-09-15T06:12:58.713+0000] {logging_mixin.py:188} INFO - [2025-09-15T06:12:58.712+0000] {dag.py:3096} INFO - Sync 1 DAGs
[2025-09-15T06:12:58.724+0000] {logging_mixin.py:188} INFO - [2025-09-15T06:12:58.723+0000] {dag.py:3954} INFO - Setting next_dagrun for clean_hour_data to None, run_after=None
[2025-09-15T06:12:58.742+0000] {processor.py:183} INFO - Processing /opt/airflow/dags/clean_hour_data.py took 0.080 seconds
[2025-09-15T06:13:29.400+0000] {processor.py:161} INFO - Started process (PID=1046) to work on /opt/airflow/dags/clean_hour_data.py
[2025-09-15T06:13:29.401+0000] {processor.py:830} INFO - Processing file /opt/airflow/dags/clean_hour_data.py for tasks to queue
[2025-09-15T06:13:29.404+0000] {logging_mixin.py:188} INFO - [2025-09-15T06:13:29.403+0000] {dagbag.py:540} INFO - Filling up the DagBag from /opt/airflow/dags/clean_hour_data.py
[2025-09-15T06:13:29.422+0000] {processor.py:840} INFO - DAG(s) 'clean_hour_data' retrieved from /opt/airflow/dags/clean_hour_data.py
[2025-09-15T06:13:29.450+0000] {logging_mixin.py:188} INFO - [2025-09-15T06:13:29.449+0000] {dag.py:3096} INFO - Sync 1 DAGs
[2025-09-15T06:13:29.469+0000] {logging_mixin.py:188} INFO - [2025-09-15T06:13:29.469+0000] {dag.py:3954} INFO - Setting next_dagrun for clean_hour_data to None, run_after=None
[2025-09-15T06:13:29.495+0000] {processor.py:183} INFO - Processing /opt/airflow/dags/clean_hour_data.py took 0.102 seconds
[2025-09-15T06:13:59.633+0000] {processor.py:161} INFO - Started process (PID=1081) to work on /opt/airflow/dags/clean_hour_data.py
[2025-09-15T06:13:59.634+0000] {processor.py:830} INFO - Processing file /opt/airflow/dags/clean_hour_data.py for tasks to queue
[2025-09-15T06:13:59.637+0000] {logging_mixin.py:188} INFO - [2025-09-15T06:13:59.637+0000] {dagbag.py:540} INFO - Filling up the DagBag from /opt/airflow/dags/clean_hour_data.py
[2025-09-15T06:13:59.662+0000] {processor.py:840} INFO - DAG(s) 'clean_hour_data' retrieved from /opt/airflow/dags/clean_hour_data.py
[2025-09-15T06:13:59.702+0000] {logging_mixin.py:188} INFO - [2025-09-15T06:13:59.701+0000] {dag.py:3096} INFO - Sync 1 DAGs
[2025-09-15T06:13:59.718+0000] {logging_mixin.py:188} INFO - [2025-09-15T06:13:59.717+0000] {dag.py:3954} INFO - Setting next_dagrun for clean_hour_data to None, run_after=None
[2025-09-15T06:13:59.744+0000] {processor.py:183} INFO - Processing /opt/airflow/dags/clean_hour_data.py took 0.120 seconds
[2025-09-15T06:14:30.352+0000] {processor.py:161} INFO - Started process (PID=1116) to work on /opt/airflow/dags/clean_hour_data.py
[2025-09-15T06:14:30.353+0000] {processor.py:830} INFO - Processing file /opt/airflow/dags/clean_hour_data.py for tasks to queue
[2025-09-15T06:14:30.355+0000] {logging_mixin.py:188} INFO - [2025-09-15T06:14:30.354+0000] {dagbag.py:540} INFO - Filling up the DagBag from /opt/airflow/dags/clean_hour_data.py
[2025-09-15T06:14:30.373+0000] {processor.py:840} INFO - DAG(s) 'clean_hour_data' retrieved from /opt/airflow/dags/clean_hour_data.py
[2025-09-15T06:14:30.401+0000] {logging_mixin.py:188} INFO - [2025-09-15T06:14:30.400+0000] {dag.py:3096} INFO - Sync 1 DAGs
[2025-09-15T06:14:30.414+0000] {logging_mixin.py:188} INFO - [2025-09-15T06:14:30.414+0000] {dag.py:3954} INFO - Setting next_dagrun for clean_hour_data to None, run_after=None
[2025-09-15T06:14:30.438+0000] {processor.py:183} INFO - Processing /opt/airflow/dags/clean_hour_data.py took 0.093 seconds
[2025-09-15T06:15:00.662+0000] {processor.py:161} INFO - Started process (PID=1155) to work on /opt/airflow/dags/clean_hour_data.py
[2025-09-15T06:15:00.664+0000] {processor.py:830} INFO - Processing file /opt/airflow/dags/clean_hour_data.py for tasks to queue
[2025-09-15T06:15:00.665+0000] {logging_mixin.py:188} INFO - [2025-09-15T06:15:00.665+0000] {dagbag.py:540} INFO - Filling up the DagBag from /opt/airflow/dags/clean_hour_data.py
[2025-09-15T06:15:00.683+0000] {processor.py:840} INFO - DAG(s) 'clean_hour_data' retrieved from /opt/airflow/dags/clean_hour_data.py
[2025-09-15T06:15:00.712+0000] {logging_mixin.py:188} INFO - [2025-09-15T06:15:00.711+0000] {dag.py:3096} INFO - Sync 1 DAGs
[2025-09-15T06:15:00.725+0000] {logging_mixin.py:188} INFO - [2025-09-15T06:15:00.725+0000] {dag.py:3954} INFO - Setting next_dagrun for clean_hour_data to None, run_after=None
[2025-09-15T06:15:00.744+0000] {processor.py:183} INFO - Processing /opt/airflow/dags/clean_hour_data.py took 0.087 seconds
[2025-09-15T06:15:31.271+0000] {processor.py:161} INFO - Started process (PID=1190) to work on /opt/airflow/dags/clean_hour_data.py
[2025-09-15T06:15:31.272+0000] {processor.py:830} INFO - Processing file /opt/airflow/dags/clean_hour_data.py for tasks to queue
[2025-09-15T06:15:31.274+0000] {logging_mixin.py:188} INFO - [2025-09-15T06:15:31.273+0000] {dagbag.py:540} INFO - Filling up the DagBag from /opt/airflow/dags/clean_hour_data.py
[2025-09-15T06:15:31.290+0000] {processor.py:840} INFO - DAG(s) 'clean_hour_data' retrieved from /opt/airflow/dags/clean_hour_data.py
[2025-09-15T06:15:31.314+0000] {logging_mixin.py:188} INFO - [2025-09-15T06:15:31.314+0000] {dag.py:3096} INFO - Sync 1 DAGs
[2025-09-15T06:15:31.325+0000] {logging_mixin.py:188} INFO - [2025-09-15T06:15:31.324+0000] {dag.py:3954} INFO - Setting next_dagrun for clean_hour_data to None, run_after=None
[2025-09-15T06:15:31.346+0000] {processor.py:183} INFO - Processing /opt/airflow/dags/clean_hour_data.py took 0.081 seconds
[2025-09-15T06:16:01.599+0000] {processor.py:161} INFO - Started process (PID=1225) to work on /opt/airflow/dags/clean_hour_data.py
[2025-09-15T06:16:01.600+0000] {processor.py:830} INFO - Processing file /opt/airflow/dags/clean_hour_data.py for tasks to queue
[2025-09-15T06:16:01.603+0000] {logging_mixin.py:188} INFO - [2025-09-15T06:16:01.603+0000] {dagbag.py:540} INFO - Filling up the DagBag from /opt/airflow/dags/clean_hour_data.py
[2025-09-15T06:16:01.619+0000] {processor.py:840} INFO - DAG(s) 'clean_hour_data' retrieved from /opt/airflow/dags/clean_hour_data.py
[2025-09-15T06:16:01.644+0000] {logging_mixin.py:188} INFO - [2025-09-15T06:16:01.644+0000] {dag.py:3096} INFO - Sync 1 DAGs
[2025-09-15T06:16:01.656+0000] {logging_mixin.py:188} INFO - [2025-09-15T06:16:01.656+0000] {dag.py:3954} INFO - Setting next_dagrun for clean_hour_data to None, run_after=None
[2025-09-15T06:16:01.675+0000] {processor.py:183} INFO - Processing /opt/airflow/dags/clean_hour_data.py took 0.083 seconds
[2025-09-15T06:16:32.567+0000] {processor.py:161} INFO - Started process (PID=1260) to work on /opt/airflow/dags/clean_hour_data.py
[2025-09-15T06:16:32.568+0000] {processor.py:830} INFO - Processing file /opt/airflow/dags/clean_hour_data.py for tasks to queue
[2025-09-15T06:16:32.570+0000] {logging_mixin.py:188} INFO - [2025-09-15T06:16:32.570+0000] {dagbag.py:540} INFO - Filling up the DagBag from /opt/airflow/dags/clean_hour_data.py
[2025-09-15T06:16:32.585+0000] {processor.py:840} INFO - DAG(s) 'clean_hour_data' retrieved from /opt/airflow/dags/clean_hour_data.py
[2025-09-15T06:16:32.609+0000] {logging_mixin.py:188} INFO - [2025-09-15T06:16:32.608+0000] {dag.py:3096} INFO - Sync 1 DAGs
[2025-09-15T06:16:32.618+0000] {logging_mixin.py:188} INFO - [2025-09-15T06:16:32.618+0000] {dag.py:3954} INFO - Setting next_dagrun for clean_hour_data to None, run_after=None
[2025-09-15T06:16:32.640+0000] {processor.py:183} INFO - Processing /opt/airflow/dags/clean_hour_data.py took 0.078 seconds
[2025-09-15T06:17:02.946+0000] {processor.py:161} INFO - Started process (PID=1295) to work on /opt/airflow/dags/clean_hour_data.py
[2025-09-15T06:17:02.947+0000] {processor.py:830} INFO - Processing file /opt/airflow/dags/clean_hour_data.py for tasks to queue
[2025-09-15T06:17:02.949+0000] {logging_mixin.py:188} INFO - [2025-09-15T06:17:02.948+0000] {dagbag.py:540} INFO - Filling up the DagBag from /opt/airflow/dags/clean_hour_data.py
[2025-09-15T06:17:02.965+0000] {processor.py:840} INFO - DAG(s) 'clean_hour_data' retrieved from /opt/airflow/dags/clean_hour_data.py
[2025-09-15T06:17:02.993+0000] {logging_mixin.py:188} INFO - [2025-09-15T06:17:02.992+0000] {dag.py:3096} INFO - Sync 1 DAGs
[2025-09-15T06:17:03.005+0000] {logging_mixin.py:188} INFO - [2025-09-15T06:17:03.005+0000] {dag.py:3954} INFO - Setting next_dagrun for clean_hour_data to None, run_after=None
[2025-09-15T06:17:03.025+0000] {processor.py:183} INFO - Processing /opt/airflow/dags/clean_hour_data.py took 0.085 seconds
[2025-09-15T06:17:33.395+0000] {processor.py:161} INFO - Started process (PID=1330) to work on /opt/airflow/dags/clean_hour_data.py
[2025-09-15T06:17:33.396+0000] {processor.py:830} INFO - Processing file /opt/airflow/dags/clean_hour_data.py for tasks to queue
[2025-09-15T06:17:33.399+0000] {logging_mixin.py:188} INFO - [2025-09-15T06:17:33.399+0000] {dagbag.py:540} INFO - Filling up the DagBag from /opt/airflow/dags/clean_hour_data.py
[2025-09-15T06:17:33.416+0000] {processor.py:840} INFO - DAG(s) 'clean_hour_data' retrieved from /opt/airflow/dags/clean_hour_data.py
[2025-09-15T06:17:33.442+0000] {logging_mixin.py:188} INFO - [2025-09-15T06:17:33.441+0000] {dag.py:3096} INFO - Sync 1 DAGs
[2025-09-15T06:17:33.452+0000] {logging_mixin.py:188} INFO - [2025-09-15T06:17:33.452+0000] {dag.py:3954} INFO - Setting next_dagrun for clean_hour_data to None, run_after=None
[2025-09-15T06:17:33.471+0000] {processor.py:183} INFO - Processing /opt/airflow/dags/clean_hour_data.py took 0.081 seconds
[2025-09-15T06:18:03.789+0000] {processor.py:161} INFO - Started process (PID=1365) to work on /opt/airflow/dags/clean_hour_data.py
[2025-09-15T06:18:03.790+0000] {processor.py:830} INFO - Processing file /opt/airflow/dags/clean_hour_data.py for tasks to queue
[2025-09-15T06:18:03.792+0000] {logging_mixin.py:188} INFO - [2025-09-15T06:18:03.792+0000] {dagbag.py:540} INFO - Filling up the DagBag from /opt/airflow/dags/clean_hour_data.py
[2025-09-15T06:18:03.809+0000] {processor.py:840} INFO - DAG(s) 'clean_hour_data' retrieved from /opt/airflow/dags/clean_hour_data.py
[2025-09-15T06:18:03.833+0000] {logging_mixin.py:188} INFO - [2025-09-15T06:18:03.833+0000] {dag.py:3096} INFO - Sync 1 DAGs
[2025-09-15T06:18:03.844+0000] {logging_mixin.py:188} INFO - [2025-09-15T06:18:03.844+0000] {dag.py:3954} INFO - Setting next_dagrun for clean_hour_data to None, run_after=None
[2025-09-15T06:18:03.863+0000] {processor.py:183} INFO - Processing /opt/airflow/dags/clean_hour_data.py took 0.081 seconds
[2025-09-15T06:18:34.084+0000] {processor.py:161} INFO - Started process (PID=1400) to work on /opt/airflow/dags/clean_hour_data.py
[2025-09-15T06:18:34.085+0000] {processor.py:830} INFO - Processing file /opt/airflow/dags/clean_hour_data.py for tasks to queue
[2025-09-15T06:18:34.087+0000] {logging_mixin.py:188} INFO - [2025-09-15T06:18:34.087+0000] {dagbag.py:540} INFO - Filling up the DagBag from /opt/airflow/dags/clean_hour_data.py
[2025-09-15T06:18:34.103+0000] {processor.py:840} INFO - DAG(s) 'clean_hour_data' retrieved from /opt/airflow/dags/clean_hour_data.py
[2025-09-15T06:18:34.127+0000] {logging_mixin.py:188} INFO - [2025-09-15T06:18:34.127+0000] {dag.py:3096} INFO - Sync 1 DAGs
[2025-09-15T06:18:34.138+0000] {logging_mixin.py:188} INFO - [2025-09-15T06:18:34.137+0000] {dag.py:3954} INFO - Setting next_dagrun for clean_hour_data to None, run_after=None
[2025-09-15T06:18:34.157+0000] {processor.py:183} INFO - Processing /opt/airflow/dags/clean_hour_data.py took 0.079 seconds
[2025-09-15T06:19:04.610+0000] {processor.py:161} INFO - Started process (PID=1435) to work on /opt/airflow/dags/clean_hour_data.py
[2025-09-15T06:19:04.614+0000] {processor.py:830} INFO - Processing file /opt/airflow/dags/clean_hour_data.py for tasks to queue
[2025-09-15T06:19:04.625+0000] {logging_mixin.py:188} INFO - [2025-09-15T06:19:04.624+0000] {dagbag.py:540} INFO - Filling up the DagBag from /opt/airflow/dags/clean_hour_data.py
[2025-09-15T06:19:04.692+0000] {processor.py:840} INFO - DAG(s) 'clean_hour_data' retrieved from /opt/airflow/dags/clean_hour_data.py
[2025-09-15T06:19:04.763+0000] {logging_mixin.py:188} INFO - [2025-09-15T06:19:04.762+0000] {dag.py:3096} INFO - Sync 1 DAGs
[2025-09-15T06:19:04.845+0000] {logging_mixin.py:188} INFO - [2025-09-15T06:19:04.845+0000] {dag.py:3954} INFO - Setting next_dagrun for clean_hour_data to None, run_after=None
[2025-09-15T06:19:04.914+0000] {processor.py:183} INFO - Processing /opt/airflow/dags/clean_hour_data.py took 0.348 seconds
[2025-09-15T06:19:35.133+0000] {processor.py:161} INFO - Started process (PID=1470) to work on /opt/airflow/dags/clean_hour_data.py
[2025-09-15T06:19:35.134+0000] {processor.py:830} INFO - Processing file /opt/airflow/dags/clean_hour_data.py for tasks to queue
[2025-09-15T06:19:35.136+0000] {logging_mixin.py:188} INFO - [2025-09-15T06:19:35.135+0000] {dagbag.py:540} INFO - Filling up the DagBag from /opt/airflow/dags/clean_hour_data.py
[2025-09-15T06:19:35.154+0000] {processor.py:840} INFO - DAG(s) 'clean_hour_data' retrieved from /opt/airflow/dags/clean_hour_data.py
[2025-09-15T06:19:35.180+0000] {logging_mixin.py:188} INFO - [2025-09-15T06:19:35.180+0000] {dag.py:3096} INFO - Sync 1 DAGs
[2025-09-15T06:19:35.198+0000] {logging_mixin.py:188} INFO - [2025-09-15T06:19:35.198+0000] {dag.py:3954} INFO - Setting next_dagrun for clean_hour_data to None, run_after=None
[2025-09-15T06:19:35.224+0000] {processor.py:183} INFO - Processing /opt/airflow/dags/clean_hour_data.py took 0.097 seconds
[2025-09-15T06:20:05.466+0000] {processor.py:161} INFO - Started process (PID=1505) to work on /opt/airflow/dags/clean_hour_data.py
[2025-09-15T06:20:05.467+0000] {processor.py:830} INFO - Processing file /opt/airflow/dags/clean_hour_data.py for tasks to queue
[2025-09-15T06:20:05.469+0000] {logging_mixin.py:188} INFO - [2025-09-15T06:20:05.469+0000] {dagbag.py:540} INFO - Filling up the DagBag from /opt/airflow/dags/clean_hour_data.py
[2025-09-15T06:20:05.487+0000] {processor.py:840} INFO - DAG(s) 'clean_hour_data' retrieved from /opt/airflow/dags/clean_hour_data.py
[2025-09-15T06:20:05.513+0000] {logging_mixin.py:188} INFO - [2025-09-15T06:20:05.512+0000] {dag.py:3096} INFO - Sync 1 DAGs
[2025-09-15T06:20:05.524+0000] {logging_mixin.py:188} INFO - [2025-09-15T06:20:05.524+0000] {dag.py:3954} INFO - Setting next_dagrun for clean_hour_data to None, run_after=None
[2025-09-15T06:20:05.544+0000] {processor.py:183} INFO - Processing /opt/airflow/dags/clean_hour_data.py took 0.084 seconds
[2025-09-15T06:20:35.871+0000] {processor.py:161} INFO - Started process (PID=1540) to work on /opt/airflow/dags/clean_hour_data.py
[2025-09-15T06:20:35.872+0000] {processor.py:830} INFO - Processing file /opt/airflow/dags/clean_hour_data.py for tasks to queue
[2025-09-15T06:20:35.875+0000] {logging_mixin.py:188} INFO - [2025-09-15T06:20:35.875+0000] {dagbag.py:540} INFO - Filling up the DagBag from /opt/airflow/dags/clean_hour_data.py
[2025-09-15T06:20:35.890+0000] {processor.py:840} INFO - DAG(s) 'clean_hour_data' retrieved from /opt/airflow/dags/clean_hour_data.py
[2025-09-15T06:20:35.914+0000] {logging_mixin.py:188} INFO - [2025-09-15T06:20:35.914+0000] {dag.py:3096} INFO - Sync 1 DAGs
[2025-09-15T06:20:35.924+0000] {logging_mixin.py:188} INFO - [2025-09-15T06:20:35.924+0000] {dag.py:3954} INFO - Setting next_dagrun for clean_hour_data to None, run_after=None
[2025-09-15T06:20:35.945+0000] {processor.py:183} INFO - Processing /opt/airflow/dags/clean_hour_data.py took 0.079 seconds
[2025-09-15T06:21:06.290+0000] {processor.py:161} INFO - Started process (PID=1575) to work on /opt/airflow/dags/clean_hour_data.py
[2025-09-15T06:21:06.292+0000] {processor.py:830} INFO - Processing file /opt/airflow/dags/clean_hour_data.py for tasks to queue
[2025-09-15T06:21:06.295+0000] {logging_mixin.py:188} INFO - [2025-09-15T06:21:06.294+0000] {dagbag.py:540} INFO - Filling up the DagBag from /opt/airflow/dags/clean_hour_data.py
[2025-09-15T06:21:06.316+0000] {processor.py:840} INFO - DAG(s) 'clean_hour_data' retrieved from /opt/airflow/dags/clean_hour_data.py
[2025-09-15T06:21:06.345+0000] {logging_mixin.py:188} INFO - [2025-09-15T06:21:06.344+0000] {dag.py:3096} INFO - Sync 1 DAGs
[2025-09-15T06:21:06.357+0000] {logging_mixin.py:188} INFO - [2025-09-15T06:21:06.357+0000] {dag.py:3954} INFO - Setting next_dagrun for clean_hour_data to None, run_after=None
[2025-09-15T06:21:06.381+0000] {processor.py:183} INFO - Processing /opt/airflow/dags/clean_hour_data.py took 0.097 seconds
[2025-09-15T06:21:36.673+0000] {processor.py:161} INFO - Started process (PID=1610) to work on /opt/airflow/dags/clean_hour_data.py
[2025-09-15T06:21:36.674+0000] {processor.py:830} INFO - Processing file /opt/airflow/dags/clean_hour_data.py for tasks to queue
[2025-09-15T06:21:36.676+0000] {logging_mixin.py:188} INFO - [2025-09-15T06:21:36.676+0000] {dagbag.py:540} INFO - Filling up the DagBag from /opt/airflow/dags/clean_hour_data.py
[2025-09-15T06:21:36.691+0000] {processor.py:840} INFO - DAG(s) 'clean_hour_data' retrieved from /opt/airflow/dags/clean_hour_data.py
[2025-09-15T06:21:36.715+0000] {logging_mixin.py:188} INFO - [2025-09-15T06:21:36.715+0000] {dag.py:3096} INFO - Sync 1 DAGs
[2025-09-15T06:21:36.726+0000] {logging_mixin.py:188} INFO - [2025-09-15T06:21:36.725+0000] {dag.py:3954} INFO - Setting next_dagrun for clean_hour_data to None, run_after=None
[2025-09-15T06:21:36.746+0000] {processor.py:183} INFO - Processing /opt/airflow/dags/clean_hour_data.py took 0.077 seconds
[2025-09-15T06:22:07.002+0000] {processor.py:161} INFO - Started process (PID=1645) to work on /opt/airflow/dags/clean_hour_data.py
[2025-09-15T06:22:07.004+0000] {processor.py:830} INFO - Processing file /opt/airflow/dags/clean_hour_data.py for tasks to queue
[2025-09-15T06:22:07.006+0000] {logging_mixin.py:188} INFO - [2025-09-15T06:22:07.006+0000] {dagbag.py:540} INFO - Filling up the DagBag from /opt/airflow/dags/clean_hour_data.py
[2025-09-15T06:22:07.024+0000] {processor.py:840} INFO - DAG(s) 'clean_hour_data' retrieved from /opt/airflow/dags/clean_hour_data.py
[2025-09-15T06:22:07.048+0000] {logging_mixin.py:188} INFO - [2025-09-15T06:22:07.048+0000] {dag.py:3096} INFO - Sync 1 DAGs
[2025-09-15T06:22:07.059+0000] {logging_mixin.py:188} INFO - [2025-09-15T06:22:07.059+0000] {dag.py:3954} INFO - Setting next_dagrun for clean_hour_data to None, run_after=None
[2025-09-15T06:22:07.080+0000] {processor.py:183} INFO - Processing /opt/airflow/dags/clean_hour_data.py took 0.083 seconds
[2025-09-15T06:22:37.390+0000] {processor.py:161} INFO - Started process (PID=1680) to work on /opt/airflow/dags/clean_hour_data.py
[2025-09-15T06:22:37.391+0000] {processor.py:830} INFO - Processing file /opt/airflow/dags/clean_hour_data.py for tasks to queue
[2025-09-15T06:22:37.394+0000] {logging_mixin.py:188} INFO - [2025-09-15T06:22:37.394+0000] {dagbag.py:540} INFO - Filling up the DagBag from /opt/airflow/dags/clean_hour_data.py
[2025-09-15T06:22:37.412+0000] {processor.py:840} INFO - DAG(s) 'clean_hour_data' retrieved from /opt/airflow/dags/clean_hour_data.py
[2025-09-15T06:22:37.437+0000] {logging_mixin.py:188} INFO - [2025-09-15T06:22:37.436+0000] {dag.py:3096} INFO - Sync 1 DAGs
[2025-09-15T06:22:37.447+0000] {logging_mixin.py:188} INFO - [2025-09-15T06:22:37.447+0000] {dag.py:3954} INFO - Setting next_dagrun for clean_hour_data to None, run_after=None
[2025-09-15T06:22:37.469+0000] {processor.py:183} INFO - Processing /opt/airflow/dags/clean_hour_data.py took 0.085 seconds
[2025-09-15T06:23:07.833+0000] {processor.py:161} INFO - Started process (PID=1715) to work on /opt/airflow/dags/clean_hour_data.py
[2025-09-15T06:23:07.834+0000] {processor.py:830} INFO - Processing file /opt/airflow/dags/clean_hour_data.py for tasks to queue
[2025-09-15T06:23:07.836+0000] {logging_mixin.py:188} INFO - [2025-09-15T06:23:07.836+0000] {dagbag.py:540} INFO - Filling up the DagBag from /opt/airflow/dags/clean_hour_data.py
[2025-09-15T06:23:07.851+0000] {processor.py:840} INFO - DAG(s) 'clean_hour_data' retrieved from /opt/airflow/dags/clean_hour_data.py
[2025-09-15T06:23:07.876+0000] {logging_mixin.py:188} INFO - [2025-09-15T06:23:07.875+0000] {dag.py:3096} INFO - Sync 1 DAGs
[2025-09-15T06:23:07.886+0000] {logging_mixin.py:188} INFO - [2025-09-15T06:23:07.886+0000] {dag.py:3954} INFO - Setting next_dagrun for clean_hour_data to None, run_after=None
[2025-09-15T06:23:07.908+0000] {processor.py:183} INFO - Processing /opt/airflow/dags/clean_hour_data.py took 0.082 seconds
[2025-09-15T06:23:38.661+0000] {processor.py:161} INFO - Started process (PID=1750) to work on /opt/airflow/dags/clean_hour_data.py
[2025-09-15T06:23:38.662+0000] {processor.py:830} INFO - Processing file /opt/airflow/dags/clean_hour_data.py for tasks to queue
[2025-09-15T06:23:38.664+0000] {logging_mixin.py:188} INFO - [2025-09-15T06:23:38.664+0000] {dagbag.py:540} INFO - Filling up the DagBag from /opt/airflow/dags/clean_hour_data.py
[2025-09-15T06:23:38.682+0000] {processor.py:840} INFO - DAG(s) 'clean_hour_data' retrieved from /opt/airflow/dags/clean_hour_data.py
[2025-09-15T06:23:38.708+0000] {logging_mixin.py:188} INFO - [2025-09-15T06:23:38.707+0000] {dag.py:3096} INFO - Sync 1 DAGs
[2025-09-15T06:23:38.723+0000] {logging_mixin.py:188} INFO - [2025-09-15T06:23:38.722+0000] {dag.py:3954} INFO - Setting next_dagrun for clean_hour_data to None, run_after=None
[2025-09-15T06:23:38.741+0000] {processor.py:183} INFO - Processing /opt/airflow/dags/clean_hour_data.py took 0.086 seconds
[2025-09-15T06:24:09.239+0000] {processor.py:161} INFO - Started process (PID=1785) to work on /opt/airflow/dags/clean_hour_data.py
[2025-09-15T06:24:09.241+0000] {processor.py:830} INFO - Processing file /opt/airflow/dags/clean_hour_data.py for tasks to queue
[2025-09-15T06:24:09.243+0000] {logging_mixin.py:188} INFO - [2025-09-15T06:24:09.243+0000] {dagbag.py:540} INFO - Filling up the DagBag from /opt/airflow/dags/clean_hour_data.py
[2025-09-15T06:24:09.265+0000] {processor.py:840} INFO - DAG(s) 'clean_hour_data' retrieved from /opt/airflow/dags/clean_hour_data.py
[2025-09-15T06:24:09.296+0000] {logging_mixin.py:188} INFO - [2025-09-15T06:24:09.295+0000] {dag.py:3096} INFO - Sync 1 DAGs
[2025-09-15T06:24:09.309+0000] {logging_mixin.py:188} INFO - [2025-09-15T06:24:09.309+0000] {dag.py:3954} INFO - Setting next_dagrun for clean_hour_data to None, run_after=None
[2025-09-15T06:24:09.330+0000] {processor.py:183} INFO - Processing /opt/airflow/dags/clean_hour_data.py took 0.097 seconds
[2025-09-15T06:24:39.519+0000] {processor.py:161} INFO - Started process (PID=1820) to work on /opt/airflow/dags/clean_hour_data.py
[2025-09-15T06:24:39.520+0000] {processor.py:830} INFO - Processing file /opt/airflow/dags/clean_hour_data.py for tasks to queue
[2025-09-15T06:24:39.522+0000] {logging_mixin.py:188} INFO - [2025-09-15T06:24:39.522+0000] {dagbag.py:540} INFO - Filling up the DagBag from /opt/airflow/dags/clean_hour_data.py
[2025-09-15T06:24:39.538+0000] {processor.py:840} INFO - DAG(s) 'clean_hour_data' retrieved from /opt/airflow/dags/clean_hour_data.py
[2025-09-15T06:24:39.562+0000] {logging_mixin.py:188} INFO - [2025-09-15T06:24:39.562+0000] {dag.py:3096} INFO - Sync 1 DAGs
[2025-09-15T06:24:39.573+0000] {logging_mixin.py:188} INFO - [2025-09-15T06:24:39.573+0000] {dag.py:3954} INFO - Setting next_dagrun for clean_hour_data to None, run_after=None
[2025-09-15T06:24:39.592+0000] {processor.py:183} INFO - Processing /opt/airflow/dags/clean_hour_data.py took 0.079 seconds
[2025-09-15T06:25:10.087+0000] {processor.py:161} INFO - Started process (PID=1855) to work on /opt/airflow/dags/clean_hour_data.py
[2025-09-15T06:25:10.088+0000] {processor.py:830} INFO - Processing file /opt/airflow/dags/clean_hour_data.py for tasks to queue
[2025-09-15T06:25:10.091+0000] {logging_mixin.py:188} INFO - [2025-09-15T06:25:10.090+0000] {dagbag.py:540} INFO - Filling up the DagBag from /opt/airflow/dags/clean_hour_data.py
[2025-09-15T06:25:10.108+0000] {processor.py:840} INFO - DAG(s) 'clean_hour_data' retrieved from /opt/airflow/dags/clean_hour_data.py
[2025-09-15T06:25:10.138+0000] {logging_mixin.py:188} INFO - [2025-09-15T06:25:10.137+0000] {dag.py:3096} INFO - Sync 1 DAGs
[2025-09-15T06:25:10.150+0000] {logging_mixin.py:188} INFO - [2025-09-15T06:25:10.150+0000] {dag.py:3954} INFO - Setting next_dagrun for clean_hour_data to None, run_after=None
[2025-09-15T06:25:10.167+0000] {processor.py:183} INFO - Processing /opt/airflow/dags/clean_hour_data.py took 0.086 seconds
[2025-09-15T06:25:40.661+0000] {processor.py:161} INFO - Started process (PID=1890) to work on /opt/airflow/dags/clean_hour_data.py
[2025-09-15T06:25:40.662+0000] {processor.py:830} INFO - Processing file /opt/airflow/dags/clean_hour_data.py for tasks to queue
[2025-09-15T06:25:40.664+0000] {logging_mixin.py:188} INFO - [2025-09-15T06:25:40.664+0000] {dagbag.py:540} INFO - Filling up the DagBag from /opt/airflow/dags/clean_hour_data.py
[2025-09-15T06:25:40.679+0000] {processor.py:840} INFO - DAG(s) 'clean_hour_data' retrieved from /opt/airflow/dags/clean_hour_data.py
[2025-09-15T06:25:40.705+0000] {logging_mixin.py:188} INFO - [2025-09-15T06:25:40.705+0000] {dag.py:3096} INFO - Sync 1 DAGs
[2025-09-15T06:25:40.715+0000] {logging_mixin.py:188} INFO - [2025-09-15T06:25:40.715+0000] {dag.py:3954} INFO - Setting next_dagrun for clean_hour_data to None, run_after=None
[2025-09-15T06:25:40.733+0000] {processor.py:183} INFO - Processing /opt/airflow/dags/clean_hour_data.py took 0.077 seconds
[2025-09-15T06:26:10.810+0000] {processor.py:161} INFO - Started process (PID=1925) to work on /opt/airflow/dags/clean_hour_data.py
[2025-09-15T06:26:10.811+0000] {processor.py:830} INFO - Processing file /opt/airflow/dags/clean_hour_data.py for tasks to queue
[2025-09-15T06:26:10.814+0000] {logging_mixin.py:188} INFO - [2025-09-15T06:26:10.813+0000] {dagbag.py:540} INFO - Filling up the DagBag from /opt/airflow/dags/clean_hour_data.py
[2025-09-15T06:26:10.829+0000] {processor.py:840} INFO - DAG(s) 'clean_hour_data' retrieved from /opt/airflow/dags/clean_hour_data.py
[2025-09-15T06:26:10.864+0000] {logging_mixin.py:188} INFO - [2025-09-15T06:26:10.863+0000] {dag.py:3096} INFO - Sync 1 DAGs
[2025-09-15T06:26:10.885+0000] {logging_mixin.py:188} INFO - [2025-09-15T06:26:10.885+0000] {dag.py:3954} INFO - Setting next_dagrun for clean_hour_data to None, run_after=None
[2025-09-15T06:26:10.908+0000] {processor.py:183} INFO - Processing /opt/airflow/dags/clean_hour_data.py took 0.104 seconds
[2025-09-15T06:26:41.176+0000] {processor.py:161} INFO - Started process (PID=1960) to work on /opt/airflow/dags/clean_hour_data.py
[2025-09-15T06:26:41.177+0000] {processor.py:830} INFO - Processing file /opt/airflow/dags/clean_hour_data.py for tasks to queue
[2025-09-15T06:26:41.179+0000] {logging_mixin.py:188} INFO - [2025-09-15T06:26:41.178+0000] {dagbag.py:540} INFO - Filling up the DagBag from /opt/airflow/dags/clean_hour_data.py
[2025-09-15T06:26:41.194+0000] {processor.py:840} INFO - DAG(s) 'clean_hour_data' retrieved from /opt/airflow/dags/clean_hour_data.py
[2025-09-15T06:26:41.218+0000] {logging_mixin.py:188} INFO - [2025-09-15T06:26:41.218+0000] {dag.py:3096} INFO - Sync 1 DAGs
[2025-09-15T06:26:41.228+0000] {logging_mixin.py:188} INFO - [2025-09-15T06:26:41.228+0000] {dag.py:3954} INFO - Setting next_dagrun for clean_hour_data to None, run_after=None
[2025-09-15T06:26:41.248+0000] {processor.py:183} INFO - Processing /opt/airflow/dags/clean_hour_data.py took 0.078 seconds
[2025-09-15T06:27:11.482+0000] {processor.py:161} INFO - Started process (PID=1995) to work on /opt/airflow/dags/clean_hour_data.py
[2025-09-15T06:27:11.483+0000] {processor.py:830} INFO - Processing file /opt/airflow/dags/clean_hour_data.py for tasks to queue
[2025-09-15T06:27:11.485+0000] {logging_mixin.py:188} INFO - [2025-09-15T06:27:11.485+0000] {dagbag.py:540} INFO - Filling up the DagBag from /opt/airflow/dags/clean_hour_data.py
[2025-09-15T06:27:11.501+0000] {processor.py:840} INFO - DAG(s) 'clean_hour_data' retrieved from /opt/airflow/dags/clean_hour_data.py
[2025-09-15T06:27:11.525+0000] {logging_mixin.py:188} INFO - [2025-09-15T06:27:11.525+0000] {dag.py:3096} INFO - Sync 1 DAGs
[2025-09-15T06:27:11.535+0000] {logging_mixin.py:188} INFO - [2025-09-15T06:27:11.535+0000] {dag.py:3954} INFO - Setting next_dagrun for clean_hour_data to None, run_after=None
[2025-09-15T06:27:11.563+0000] {processor.py:183} INFO - Processing /opt/airflow/dags/clean_hour_data.py took 0.086 seconds
[2025-09-15T06:27:42.131+0000] {processor.py:161} INFO - Started process (PID=2030) to work on /opt/airflow/dags/clean_hour_data.py
[2025-09-15T06:27:42.132+0000] {processor.py:830} INFO - Processing file /opt/airflow/dags/clean_hour_data.py for tasks to queue
[2025-09-15T06:27:42.134+0000] {logging_mixin.py:188} INFO - [2025-09-15T06:27:42.134+0000] {dagbag.py:540} INFO - Filling up the DagBag from /opt/airflow/dags/clean_hour_data.py
[2025-09-15T06:27:42.150+0000] {processor.py:840} INFO - DAG(s) 'clean_hour_data' retrieved from /opt/airflow/dags/clean_hour_data.py
[2025-09-15T06:27:42.176+0000] {logging_mixin.py:188} INFO - [2025-09-15T06:27:42.175+0000] {dag.py:3096} INFO - Sync 1 DAGs
[2025-09-15T06:27:42.187+0000] {logging_mixin.py:188} INFO - [2025-09-15T06:27:42.186+0000] {dag.py:3954} INFO - Setting next_dagrun for clean_hour_data to None, run_after=None
[2025-09-15T06:27:42.209+0000] {processor.py:183} INFO - Processing /opt/airflow/dags/clean_hour_data.py took 0.083 seconds
[2025-09-15T06:28:12.847+0000] {processor.py:161} INFO - Started process (PID=2065) to work on /opt/airflow/dags/clean_hour_data.py
[2025-09-15T06:28:12.848+0000] {processor.py:830} INFO - Processing file /opt/airflow/dags/clean_hour_data.py for tasks to queue
[2025-09-15T06:28:12.850+0000] {logging_mixin.py:188} INFO - [2025-09-15T06:28:12.850+0000] {dagbag.py:540} INFO - Filling up the DagBag from /opt/airflow/dags/clean_hour_data.py
[2025-09-15T06:28:12.866+0000] {processor.py:840} INFO - DAG(s) 'clean_hour_data' retrieved from /opt/airflow/dags/clean_hour_data.py
[2025-09-15T06:28:12.889+0000] {logging_mixin.py:188} INFO - [2025-09-15T06:28:12.888+0000] {dag.py:3096} INFO - Sync 1 DAGs
[2025-09-15T06:28:12.899+0000] {logging_mixin.py:188} INFO - [2025-09-15T06:28:12.899+0000] {dag.py:3954} INFO - Setting next_dagrun for clean_hour_data to None, run_after=None
[2025-09-15T06:28:12.922+0000] {processor.py:183} INFO - Processing /opt/airflow/dags/clean_hour_data.py took 0.080 seconds
[2025-09-15T06:28:43.416+0000] {processor.py:161} INFO - Started process (PID=2100) to work on /opt/airflow/dags/clean_hour_data.py
[2025-09-15T06:28:43.417+0000] {processor.py:830} INFO - Processing file /opt/airflow/dags/clean_hour_data.py for tasks to queue
[2025-09-15T06:28:43.419+0000] {logging_mixin.py:188} INFO - [2025-09-15T06:28:43.419+0000] {dagbag.py:540} INFO - Filling up the DagBag from /opt/airflow/dags/clean_hour_data.py
[2025-09-15T06:28:43.435+0000] {processor.py:840} INFO - DAG(s) 'clean_hour_data' retrieved from /opt/airflow/dags/clean_hour_data.py
[2025-09-15T06:28:43.460+0000] {logging_mixin.py:188} INFO - [2025-09-15T06:28:43.459+0000] {dag.py:3096} INFO - Sync 1 DAGs
[2025-09-15T06:28:43.470+0000] {logging_mixin.py:188} INFO - [2025-09-15T06:28:43.470+0000] {dag.py:3954} INFO - Setting next_dagrun for clean_hour_data to None, run_after=None
[2025-09-15T06:28:43.490+0000] {processor.py:183} INFO - Processing /opt/airflow/dags/clean_hour_data.py took 0.079 seconds
[2025-09-15T06:29:14.102+0000] {processor.py:161} INFO - Started process (PID=2135) to work on /opt/airflow/dags/clean_hour_data.py
[2025-09-15T06:29:14.103+0000] {processor.py:830} INFO - Processing file /opt/airflow/dags/clean_hour_data.py for tasks to queue
[2025-09-15T06:29:14.105+0000] {logging_mixin.py:188} INFO - [2025-09-15T06:29:14.105+0000] {dagbag.py:540} INFO - Filling up the DagBag from /opt/airflow/dags/clean_hour_data.py
[2025-09-15T06:29:14.120+0000] {processor.py:840} INFO - DAG(s) 'clean_hour_data' retrieved from /opt/airflow/dags/clean_hour_data.py
[2025-09-15T06:29:14.144+0000] {logging_mixin.py:188} INFO - [2025-09-15T06:29:14.143+0000] {dag.py:3096} INFO - Sync 1 DAGs
[2025-09-15T06:29:14.154+0000] {logging_mixin.py:188} INFO - [2025-09-15T06:29:14.154+0000] {dag.py:3954} INFO - Setting next_dagrun for clean_hour_data to None, run_after=None
[2025-09-15T06:29:14.172+0000] {processor.py:183} INFO - Processing /opt/airflow/dags/clean_hour_data.py took 0.076 seconds
[2025-09-15T06:29:44.951+0000] {processor.py:161} INFO - Started process (PID=2170) to work on /opt/airflow/dags/clean_hour_data.py
[2025-09-15T06:29:44.952+0000] {processor.py:830} INFO - Processing file /opt/airflow/dags/clean_hour_data.py for tasks to queue
[2025-09-15T06:29:44.955+0000] {logging_mixin.py:188} INFO - [2025-09-15T06:29:44.954+0000] {dagbag.py:540} INFO - Filling up the DagBag from /opt/airflow/dags/clean_hour_data.py
[2025-09-15T06:29:44.973+0000] {processor.py:840} INFO - DAG(s) 'clean_hour_data' retrieved from /opt/airflow/dags/clean_hour_data.py
[2025-09-15T06:29:44.999+0000] {logging_mixin.py:188} INFO - [2025-09-15T06:29:44.999+0000] {dag.py:3096} INFO - Sync 1 DAGs
[2025-09-15T06:29:45.010+0000] {logging_mixin.py:188} INFO - [2025-09-15T06:29:45.010+0000] {dag.py:3954} INFO - Setting next_dagrun for clean_hour_data to None, run_after=None
[2025-09-15T06:29:45.032+0000] {processor.py:183} INFO - Processing /opt/airflow/dags/clean_hour_data.py took 0.087 seconds
[2025-09-15T06:34:19.364+0000] {processor.py:161} INFO - Started process (PID=2205) to work on /opt/airflow/dags/clean_hour_data.py
[2025-09-15T06:34:19.369+0000] {processor.py:830} INFO - Processing file /opt/airflow/dags/clean_hour_data.py for tasks to queue
[2025-09-15T06:34:19.373+0000] {logging_mixin.py:188} INFO - [2025-09-15T06:34:19.372+0000] {dagbag.py:540} INFO - Filling up the DagBag from /opt/airflow/dags/clean_hour_data.py
[2025-09-15T06:34:19.440+0000] {processor.py:840} INFO - DAG(s) 'clean_hour_data' retrieved from /opt/airflow/dags/clean_hour_data.py
[2025-09-15T06:34:19.674+0000] {logging_mixin.py:188} INFO - [2025-09-15T06:34:19.671+0000] {dag.py:3096} INFO - Sync 1 DAGs
[2025-09-15T06:34:19.828+0000] {logging_mixin.py:188} INFO - [2025-09-15T06:34:19.827+0000] {dag.py:3954} INFO - Setting next_dagrun for clean_hour_data to None, run_after=None
[2025-09-15T06:34:19.963+0000] {processor.py:183} INFO - Processing /opt/airflow/dags/clean_hour_data.py took 0.622 seconds
[2025-09-15T06:34:50.442+0000] {processor.py:161} INFO - Started process (PID=2240) to work on /opt/airflow/dags/clean_hour_data.py
[2025-09-15T06:34:50.443+0000] {processor.py:830} INFO - Processing file /opt/airflow/dags/clean_hour_data.py for tasks to queue
[2025-09-15T06:34:50.446+0000] {logging_mixin.py:188} INFO - [2025-09-15T06:34:50.445+0000] {dagbag.py:540} INFO - Filling up the DagBag from /opt/airflow/dags/clean_hour_data.py
[2025-09-15T06:34:50.464+0000] {processor.py:840} INFO - DAG(s) 'clean_hour_data' retrieved from /opt/airflow/dags/clean_hour_data.py
[2025-09-15T06:34:50.489+0000] {logging_mixin.py:188} INFO - [2025-09-15T06:34:50.488+0000] {dag.py:3096} INFO - Sync 1 DAGs
[2025-09-15T06:34:50.499+0000] {logging_mixin.py:188} INFO - [2025-09-15T06:34:50.499+0000] {dag.py:3954} INFO - Setting next_dagrun for clean_hour_data to None, run_after=None
[2025-09-15T06:34:50.516+0000] {processor.py:183} INFO - Processing /opt/airflow/dags/clean_hour_data.py took 0.080 seconds
[2025-09-15T06:35:20.717+0000] {processor.py:161} INFO - Started process (PID=2275) to work on /opt/airflow/dags/clean_hour_data.py
[2025-09-15T06:35:20.718+0000] {processor.py:830} INFO - Processing file /opt/airflow/dags/clean_hour_data.py for tasks to queue
[2025-09-15T06:35:20.720+0000] {logging_mixin.py:188} INFO - [2025-09-15T06:35:20.720+0000] {dagbag.py:540} INFO - Filling up the DagBag from /opt/airflow/dags/clean_hour_data.py
[2025-09-15T06:35:20.737+0000] {processor.py:840} INFO - DAG(s) 'clean_hour_data' retrieved from /opt/airflow/dags/clean_hour_data.py
[2025-09-15T06:35:20.762+0000] {logging_mixin.py:188} INFO - [2025-09-15T06:35:20.762+0000] {dag.py:3096} INFO - Sync 1 DAGs
[2025-09-15T06:35:20.773+0000] {logging_mixin.py:188} INFO - [2025-09-15T06:35:20.773+0000] {dag.py:3954} INFO - Setting next_dagrun for clean_hour_data to None, run_after=None
[2025-09-15T06:35:20.788+0000] {processor.py:183} INFO - Processing /opt/airflow/dags/clean_hour_data.py took 0.076 seconds
[2025-09-15T06:35:51.052+0000] {processor.py:161} INFO - Started process (PID=2310) to work on /opt/airflow/dags/clean_hour_data.py
[2025-09-15T06:35:51.053+0000] {processor.py:830} INFO - Processing file /opt/airflow/dags/clean_hour_data.py for tasks to queue
[2025-09-15T06:35:51.055+0000] {logging_mixin.py:188} INFO - [2025-09-15T06:35:51.055+0000] {dagbag.py:540} INFO - Filling up the DagBag from /opt/airflow/dags/clean_hour_data.py
[2025-09-15T06:35:51.075+0000] {processor.py:840} INFO - DAG(s) 'clean_hour_data' retrieved from /opt/airflow/dags/clean_hour_data.py
[2025-09-15T06:35:51.112+0000] {logging_mixin.py:188} INFO - [2025-09-15T06:35:51.112+0000] {dag.py:3096} INFO - Sync 1 DAGs
[2025-09-15T06:35:51.128+0000] {logging_mixin.py:188} INFO - [2025-09-15T06:35:51.128+0000] {dag.py:3954} INFO - Setting next_dagrun for clean_hour_data to None, run_after=None
[2025-09-15T06:35:51.155+0000] {processor.py:183} INFO - Processing /opt/airflow/dags/clean_hour_data.py took 0.109 seconds
[2025-09-15T06:36:21.245+0000] {processor.py:161} INFO - Started process (PID=2345) to work on /opt/airflow/dags/clean_hour_data.py
[2025-09-15T06:36:21.246+0000] {processor.py:830} INFO - Processing file /opt/airflow/dags/clean_hour_data.py for tasks to queue
[2025-09-15T06:36:21.248+0000] {logging_mixin.py:188} INFO - [2025-09-15T06:36:21.248+0000] {dagbag.py:540} INFO - Filling up the DagBag from /opt/airflow/dags/clean_hour_data.py
[2025-09-15T06:36:21.264+0000] {processor.py:840} INFO - DAG(s) 'clean_hour_data' retrieved from /opt/airflow/dags/clean_hour_data.py
[2025-09-15T06:36:21.289+0000] {logging_mixin.py:188} INFO - [2025-09-15T06:36:21.289+0000] {dag.py:3096} INFO - Sync 1 DAGs
[2025-09-15T06:36:21.301+0000] {logging_mixin.py:188} INFO - [2025-09-15T06:36:21.301+0000] {dag.py:3954} INFO - Setting next_dagrun for clean_hour_data to None, run_after=None
[2025-09-15T06:36:21.320+0000] {processor.py:183} INFO - Processing /opt/airflow/dags/clean_hour_data.py took 0.080 seconds
[2025-09-15T06:36:51.620+0000] {processor.py:161} INFO - Started process (PID=2380) to work on /opt/airflow/dags/clean_hour_data.py
[2025-09-15T06:36:51.621+0000] {processor.py:830} INFO - Processing file /opt/airflow/dags/clean_hour_data.py for tasks to queue
[2025-09-15T06:36:51.623+0000] {logging_mixin.py:188} INFO - [2025-09-15T06:36:51.623+0000] {dagbag.py:540} INFO - Filling up the DagBag from /opt/airflow/dags/clean_hour_data.py
[2025-09-15T06:36:51.637+0000] {processor.py:840} INFO - DAG(s) 'clean_hour_data' retrieved from /opt/airflow/dags/clean_hour_data.py
[2025-09-15T06:36:51.660+0000] {logging_mixin.py:188} INFO - [2025-09-15T06:36:51.659+0000] {dag.py:3096} INFO - Sync 1 DAGs
[2025-09-15T06:36:51.670+0000] {logging_mixin.py:188} INFO - [2025-09-15T06:36:51.670+0000] {dag.py:3954} INFO - Setting next_dagrun for clean_hour_data to None, run_after=None
[2025-09-15T06:36:51.689+0000] {processor.py:183} INFO - Processing /opt/airflow/dags/clean_hour_data.py took 0.074 seconds
[2025-09-15T06:37:22.074+0000] {processor.py:161} INFO - Started process (PID=2415) to work on /opt/airflow/dags/clean_hour_data.py
[2025-09-15T06:37:22.075+0000] {processor.py:830} INFO - Processing file /opt/airflow/dags/clean_hour_data.py for tasks to queue
[2025-09-15T06:37:22.077+0000] {logging_mixin.py:188} INFO - [2025-09-15T06:37:22.077+0000] {dagbag.py:540} INFO - Filling up the DagBag from /opt/airflow/dags/clean_hour_data.py
[2025-09-15T06:37:22.093+0000] {processor.py:840} INFO - DAG(s) 'clean_hour_data' retrieved from /opt/airflow/dags/clean_hour_data.py
[2025-09-15T06:37:22.118+0000] {logging_mixin.py:188} INFO - [2025-09-15T06:37:22.117+0000] {dag.py:3096} INFO - Sync 1 DAGs
[2025-09-15T06:37:22.128+0000] {logging_mixin.py:188} INFO - [2025-09-15T06:37:22.128+0000] {dag.py:3954} INFO - Setting next_dagrun for clean_hour_data to None, run_after=None
[2025-09-15T06:37:22.147+0000] {processor.py:183} INFO - Processing /opt/airflow/dags/clean_hour_data.py took 0.079 seconds
[2025-09-15T06:37:52.468+0000] {processor.py:161} INFO - Started process (PID=2450) to work on /opt/airflow/dags/clean_hour_data.py
[2025-09-15T06:37:52.469+0000] {processor.py:830} INFO - Processing file /opt/airflow/dags/clean_hour_data.py for tasks to queue
[2025-09-15T06:37:52.471+0000] {logging_mixin.py:188} INFO - [2025-09-15T06:37:52.471+0000] {dagbag.py:540} INFO - Filling up the DagBag from /opt/airflow/dags/clean_hour_data.py
[2025-09-15T06:37:52.492+0000] {processor.py:840} INFO - DAG(s) 'clean_hour_data' retrieved from /opt/airflow/dags/clean_hour_data.py
[2025-09-15T06:37:52.519+0000] {logging_mixin.py:188} INFO - [2025-09-15T06:37:52.519+0000] {dag.py:3096} INFO - Sync 1 DAGs
[2025-09-15T06:37:52.531+0000] {logging_mixin.py:188} INFO - [2025-09-15T06:37:52.530+0000] {dag.py:3954} INFO - Setting next_dagrun for clean_hour_data to None, run_after=None
[2025-09-15T06:37:52.550+0000] {processor.py:183} INFO - Processing /opt/airflow/dags/clean_hour_data.py took 0.088 seconds
[2025-09-15T06:38:22.992+0000] {processor.py:161} INFO - Started process (PID=2485) to work on /opt/airflow/dags/clean_hour_data.py
[2025-09-15T06:38:22.993+0000] {processor.py:830} INFO - Processing file /opt/airflow/dags/clean_hour_data.py for tasks to queue
[2025-09-15T06:38:22.996+0000] {logging_mixin.py:188} INFO - [2025-09-15T06:38:22.995+0000] {dagbag.py:540} INFO - Filling up the DagBag from /opt/airflow/dags/clean_hour_data.py
[2025-09-15T06:38:23.026+0000] {processor.py:840} INFO - DAG(s) 'clean_hour_data' retrieved from /opt/airflow/dags/clean_hour_data.py
[2025-09-15T06:38:23.055+0000] {logging_mixin.py:188} INFO - [2025-09-15T06:38:23.055+0000] {dag.py:3096} INFO - Sync 1 DAGs
[2025-09-15T06:38:23.068+0000] {logging_mixin.py:188} INFO - [2025-09-15T06:38:23.067+0000] {dag.py:3954} INFO - Setting next_dagrun for clean_hour_data to None, run_after=None
[2025-09-15T06:38:23.085+0000] {processor.py:183} INFO - Processing /opt/airflow/dags/clean_hour_data.py took 0.102 seconds
[2025-09-15T06:38:53.267+0000] {processor.py:161} INFO - Started process (PID=2520) to work on /opt/airflow/dags/clean_hour_data.py
[2025-09-15T06:38:53.268+0000] {processor.py:830} INFO - Processing file /opt/airflow/dags/clean_hour_data.py for tasks to queue
[2025-09-15T06:38:53.271+0000] {logging_mixin.py:188} INFO - [2025-09-15T06:38:53.270+0000] {dagbag.py:540} INFO - Filling up the DagBag from /opt/airflow/dags/clean_hour_data.py
[2025-09-15T06:38:53.285+0000] {processor.py:840} INFO - DAG(s) 'clean_hour_data' retrieved from /opt/airflow/dags/clean_hour_data.py
[2025-09-15T06:38:53.308+0000] {logging_mixin.py:188} INFO - [2025-09-15T06:38:53.308+0000] {dag.py:3096} INFO - Sync 1 DAGs
[2025-09-15T06:38:53.319+0000] {logging_mixin.py:188} INFO - [2025-09-15T06:38:53.319+0000] {dag.py:3954} INFO - Setting next_dagrun for clean_hour_data to None, run_after=None
[2025-09-15T06:38:53.337+0000] {processor.py:183} INFO - Processing /opt/airflow/dags/clean_hour_data.py took 0.075 seconds
[2025-09-15T06:39:23.800+0000] {processor.py:161} INFO - Started process (PID=2555) to work on /opt/airflow/dags/clean_hour_data.py
[2025-09-15T06:39:23.801+0000] {processor.py:830} INFO - Processing file /opt/airflow/dags/clean_hour_data.py for tasks to queue
[2025-09-15T06:39:23.803+0000] {logging_mixin.py:188} INFO - [2025-09-15T06:39:23.803+0000] {dagbag.py:540} INFO - Filling up the DagBag from /opt/airflow/dags/clean_hour_data.py
[2025-09-15T06:39:23.818+0000] {processor.py:840} INFO - DAG(s) 'clean_hour_data' retrieved from /opt/airflow/dags/clean_hour_data.py
[2025-09-15T06:39:23.842+0000] {logging_mixin.py:188} INFO - [2025-09-15T06:39:23.841+0000] {dag.py:3096} INFO - Sync 1 DAGs
[2025-09-15T06:39:23.851+0000] {logging_mixin.py:188} INFO - [2025-09-15T06:39:23.851+0000] {dag.py:3954} INFO - Setting next_dagrun for clean_hour_data to None, run_after=None
[2025-09-15T06:39:23.868+0000] {processor.py:183} INFO - Processing /opt/airflow/dags/clean_hour_data.py took 0.073 seconds
[2025-09-15T06:39:54.336+0000] {processor.py:161} INFO - Started process (PID=2590) to work on /opt/airflow/dags/clean_hour_data.py
[2025-09-15T06:39:54.337+0000] {processor.py:830} INFO - Processing file /opt/airflow/dags/clean_hour_data.py for tasks to queue
[2025-09-15T06:39:54.338+0000] {logging_mixin.py:188} INFO - [2025-09-15T06:39:54.338+0000] {dagbag.py:540} INFO - Filling up the DagBag from /opt/airflow/dags/clean_hour_data.py
[2025-09-15T06:39:54.355+0000] {processor.py:840} INFO - DAG(s) 'clean_hour_data' retrieved from /opt/airflow/dags/clean_hour_data.py
[2025-09-15T06:39:54.381+0000] {logging_mixin.py:188} INFO - [2025-09-15T06:39:54.381+0000] {dag.py:3096} INFO - Sync 1 DAGs
[2025-09-15T06:39:54.392+0000] {logging_mixin.py:188} INFO - [2025-09-15T06:39:54.392+0000] {dag.py:3954} INFO - Setting next_dagrun for clean_hour_data to None, run_after=None
[2025-09-15T06:39:54.410+0000] {processor.py:183} INFO - Processing /opt/airflow/dags/clean_hour_data.py took 0.080 seconds
[2025-09-15T06:40:24.687+0000] {processor.py:161} INFO - Started process (PID=2625) to work on /opt/airflow/dags/clean_hour_data.py
[2025-09-15T06:40:24.688+0000] {processor.py:830} INFO - Processing file /opt/airflow/dags/clean_hour_data.py for tasks to queue
[2025-09-15T06:40:24.689+0000] {logging_mixin.py:188} INFO - [2025-09-15T06:40:24.689+0000] {dagbag.py:540} INFO - Filling up the DagBag from /opt/airflow/dags/clean_hour_data.py
[2025-09-15T06:40:24.705+0000] {processor.py:840} INFO - DAG(s) 'clean_hour_data' retrieved from /opt/airflow/dags/clean_hour_data.py
[2025-09-15T06:40:24.730+0000] {logging_mixin.py:188} INFO - [2025-09-15T06:40:24.729+0000] {dag.py:3096} INFO - Sync 1 DAGs
[2025-09-15T06:40:24.741+0000] {logging_mixin.py:188} INFO - [2025-09-15T06:40:24.741+0000] {dag.py:3954} INFO - Setting next_dagrun for clean_hour_data to None, run_after=None
[2025-09-15T06:40:24.759+0000] {processor.py:183} INFO - Processing /opt/airflow/dags/clean_hour_data.py took 0.077 seconds
[2025-09-15T06:40:55.209+0000] {processor.py:161} INFO - Started process (PID=2660) to work on /opt/airflow/dags/clean_hour_data.py
[2025-09-15T06:40:55.211+0000] {processor.py:830} INFO - Processing file /opt/airflow/dags/clean_hour_data.py for tasks to queue
[2025-09-15T06:40:55.212+0000] {logging_mixin.py:188} INFO - [2025-09-15T06:40:55.212+0000] {dagbag.py:540} INFO - Filling up the DagBag from /opt/airflow/dags/clean_hour_data.py
[2025-09-15T06:40:55.236+0000] {processor.py:840} INFO - DAG(s) 'clean_hour_data' retrieved from /opt/airflow/dags/clean_hour_data.py
[2025-09-15T06:40:55.260+0000] {logging_mixin.py:188} INFO - [2025-09-15T06:40:55.260+0000] {dag.py:3096} INFO - Sync 1 DAGs
[2025-09-15T06:40:55.271+0000] {logging_mixin.py:188} INFO - [2025-09-15T06:40:55.270+0000] {dag.py:3954} INFO - Setting next_dagrun for clean_hour_data to None, run_after=None
[2025-09-15T06:40:55.290+0000] {processor.py:183} INFO - Processing /opt/airflow/dags/clean_hour_data.py took 0.085 seconds
[2025-09-15T06:41:25.730+0000] {processor.py:161} INFO - Started process (PID=2695) to work on /opt/airflow/dags/clean_hour_data.py
[2025-09-15T06:41:25.732+0000] {processor.py:830} INFO - Processing file /opt/airflow/dags/clean_hour_data.py for tasks to queue
[2025-09-15T06:41:25.735+0000] {logging_mixin.py:188} INFO - [2025-09-15T06:41:25.735+0000] {dagbag.py:540} INFO - Filling up the DagBag from /opt/airflow/dags/clean_hour_data.py
[2025-09-15T06:41:25.757+0000] {processor.py:840} INFO - DAG(s) 'clean_hour_data' retrieved from /opt/airflow/dags/clean_hour_data.py
[2025-09-15T06:41:25.783+0000] {logging_mixin.py:188} INFO - [2025-09-15T06:41:25.782+0000] {dag.py:3096} INFO - Sync 1 DAGs
[2025-09-15T06:41:25.794+0000] {logging_mixin.py:188} INFO - [2025-09-15T06:41:25.794+0000] {dag.py:3954} INFO - Setting next_dagrun for clean_hour_data to None, run_after=None
[2025-09-15T06:41:25.818+0000] {processor.py:183} INFO - Processing /opt/airflow/dags/clean_hour_data.py took 0.095 seconds
[2025-09-15T06:41:56.241+0000] {processor.py:161} INFO - Started process (PID=2730) to work on /opt/airflow/dags/clean_hour_data.py
[2025-09-15T06:41:56.243+0000] {processor.py:830} INFO - Processing file /opt/airflow/dags/clean_hour_data.py for tasks to queue
[2025-09-15T06:41:56.244+0000] {logging_mixin.py:188} INFO - [2025-09-15T06:41:56.244+0000] {dagbag.py:540} INFO - Filling up the DagBag from /opt/airflow/dags/clean_hour_data.py
[2025-09-15T06:41:56.260+0000] {processor.py:840} INFO - DAG(s) 'clean_hour_data' retrieved from /opt/airflow/dags/clean_hour_data.py
[2025-09-15T06:41:56.285+0000] {logging_mixin.py:188} INFO - [2025-09-15T06:41:56.284+0000] {dag.py:3096} INFO - Sync 1 DAGs
[2025-09-15T06:41:56.295+0000] {logging_mixin.py:188} INFO - [2025-09-15T06:41:56.295+0000] {dag.py:3954} INFO - Setting next_dagrun for clean_hour_data to None, run_after=None
[2025-09-15T06:41:56.312+0000] {processor.py:183} INFO - Processing /opt/airflow/dags/clean_hour_data.py took 0.076 seconds
[2025-09-15T06:42:26.917+0000] {processor.py:161} INFO - Started process (PID=2765) to work on /opt/airflow/dags/clean_hour_data.py
[2025-09-15T06:42:26.918+0000] {processor.py:830} INFO - Processing file /opt/airflow/dags/clean_hour_data.py for tasks to queue
[2025-09-15T06:42:26.919+0000] {logging_mixin.py:188} INFO - [2025-09-15T06:42:26.919+0000] {dagbag.py:540} INFO - Filling up the DagBag from /opt/airflow/dags/clean_hour_data.py
[2025-09-15T06:42:26.934+0000] {processor.py:840} INFO - DAG(s) 'clean_hour_data' retrieved from /opt/airflow/dags/clean_hour_data.py
[2025-09-15T06:42:26.958+0000] {logging_mixin.py:188} INFO - [2025-09-15T06:42:26.958+0000] {dag.py:3096} INFO - Sync 1 DAGs
[2025-09-15T06:42:26.968+0000] {logging_mixin.py:188} INFO - [2025-09-15T06:42:26.968+0000] {dag.py:3954} INFO - Setting next_dagrun for clean_hour_data to None, run_after=None
[2025-09-15T06:42:26.985+0000] {processor.py:183} INFO - Processing /opt/airflow/dags/clean_hour_data.py took 0.075 seconds
[2025-09-15T06:42:57.391+0000] {processor.py:161} INFO - Started process (PID=2800) to work on /opt/airflow/dags/clean_hour_data.py
[2025-09-15T06:42:57.392+0000] {processor.py:830} INFO - Processing file /opt/airflow/dags/clean_hour_data.py for tasks to queue
[2025-09-15T06:42:57.394+0000] {logging_mixin.py:188} INFO - [2025-09-15T06:42:57.394+0000] {dagbag.py:540} INFO - Filling up the DagBag from /opt/airflow/dags/clean_hour_data.py
[2025-09-15T06:42:57.411+0000] {processor.py:840} INFO - DAG(s) 'clean_hour_data' retrieved from /opt/airflow/dags/clean_hour_data.py
[2025-09-15T06:42:57.437+0000] {logging_mixin.py:188} INFO - [2025-09-15T06:42:57.437+0000] {dag.py:3096} INFO - Sync 1 DAGs
[2025-09-15T06:42:57.448+0000] {logging_mixin.py:188} INFO - [2025-09-15T06:42:57.447+0000] {dag.py:3954} INFO - Setting next_dagrun for clean_hour_data to None, run_after=None
[2025-09-15T06:42:57.471+0000] {processor.py:183} INFO - Processing /opt/airflow/dags/clean_hour_data.py took 0.085 seconds
[2025-09-15T06:43:27.894+0000] {processor.py:161} INFO - Started process (PID=2835) to work on /opt/airflow/dags/clean_hour_data.py
[2025-09-15T06:43:27.895+0000] {processor.py:830} INFO - Processing file /opt/airflow/dags/clean_hour_data.py for tasks to queue
[2025-09-15T06:43:27.897+0000] {logging_mixin.py:188} INFO - [2025-09-15T06:43:27.897+0000] {dagbag.py:540} INFO - Filling up the DagBag from /opt/airflow/dags/clean_hour_data.py
[2025-09-15T06:43:27.913+0000] {processor.py:840} INFO - DAG(s) 'clean_hour_data' retrieved from /opt/airflow/dags/clean_hour_data.py
[2025-09-15T06:43:27.938+0000] {logging_mixin.py:188} INFO - [2025-09-15T06:43:27.937+0000] {dag.py:3096} INFO - Sync 1 DAGs
[2025-09-15T06:43:27.948+0000] {logging_mixin.py:188} INFO - [2025-09-15T06:43:27.948+0000] {dag.py:3954} INFO - Setting next_dagrun for clean_hour_data to None, run_after=None
[2025-09-15T06:43:27.967+0000] {processor.py:183} INFO - Processing /opt/airflow/dags/clean_hour_data.py took 0.077 seconds
[2025-09-15T06:43:58.343+0000] {processor.py:161} INFO - Started process (PID=2870) to work on /opt/airflow/dags/clean_hour_data.py
[2025-09-15T06:43:58.344+0000] {processor.py:830} INFO - Processing file /opt/airflow/dags/clean_hour_data.py for tasks to queue
[2025-09-15T06:43:58.346+0000] {logging_mixin.py:188} INFO - [2025-09-15T06:43:58.346+0000] {dagbag.py:540} INFO - Filling up the DagBag from /opt/airflow/dags/clean_hour_data.py
[2025-09-15T06:43:58.363+0000] {processor.py:840} INFO - DAG(s) 'clean_hour_data' retrieved from /opt/airflow/dags/clean_hour_data.py
[2025-09-15T06:43:58.389+0000] {logging_mixin.py:188} INFO - [2025-09-15T06:43:58.388+0000] {dag.py:3096} INFO - Sync 1 DAGs
[2025-09-15T06:43:58.399+0000] {logging_mixin.py:188} INFO - [2025-09-15T06:43:58.399+0000] {dag.py:3954} INFO - Setting next_dagrun for clean_hour_data to None, run_after=None
[2025-09-15T06:43:58.416+0000] {processor.py:183} INFO - Processing /opt/airflow/dags/clean_hour_data.py took 0.078 seconds
[2025-09-15T06:44:28.954+0000] {processor.py:161} INFO - Started process (PID=2905) to work on /opt/airflow/dags/clean_hour_data.py
[2025-09-15T06:44:28.955+0000] {processor.py:830} INFO - Processing file /opt/airflow/dags/clean_hour_data.py for tasks to queue
[2025-09-15T06:44:28.958+0000] {logging_mixin.py:188} INFO - [2025-09-15T06:44:28.958+0000] {dagbag.py:540} INFO - Filling up the DagBag from /opt/airflow/dags/clean_hour_data.py
[2025-09-15T06:44:28.973+0000] {processor.py:840} INFO - DAG(s) 'clean_hour_data' retrieved from /opt/airflow/dags/clean_hour_data.py
[2025-09-15T06:44:28.998+0000] {logging_mixin.py:188} INFO - [2025-09-15T06:44:28.997+0000] {dag.py:3096} INFO - Sync 1 DAGs
[2025-09-15T06:44:29.008+0000] {logging_mixin.py:188} INFO - [2025-09-15T06:44:29.008+0000] {dag.py:3954} INFO - Setting next_dagrun for clean_hour_data to None, run_after=None
[2025-09-15T06:44:29.026+0000] {processor.py:183} INFO - Processing /opt/airflow/dags/clean_hour_data.py took 0.077 seconds
[2025-09-15T06:44:59.568+0000] {processor.py:161} INFO - Started process (PID=2940) to work on /opt/airflow/dags/clean_hour_data.py
[2025-09-15T06:44:59.569+0000] {processor.py:830} INFO - Processing file /opt/airflow/dags/clean_hour_data.py for tasks to queue
[2025-09-15T06:44:59.571+0000] {logging_mixin.py:188} INFO - [2025-09-15T06:44:59.571+0000] {dagbag.py:540} INFO - Filling up the DagBag from /opt/airflow/dags/clean_hour_data.py
[2025-09-15T06:44:59.588+0000] {processor.py:840} INFO - DAG(s) 'clean_hour_data' retrieved from /opt/airflow/dags/clean_hour_data.py
[2025-09-15T06:44:59.615+0000] {logging_mixin.py:188} INFO - [2025-09-15T06:44:59.615+0000] {dag.py:3096} INFO - Sync 1 DAGs
[2025-09-15T06:44:59.626+0000] {logging_mixin.py:188} INFO - [2025-09-15T06:44:59.626+0000] {dag.py:3954} INFO - Setting next_dagrun for clean_hour_data to None, run_after=None
[2025-09-15T06:44:59.645+0000] {processor.py:183} INFO - Processing /opt/airflow/dags/clean_hour_data.py took 0.083 seconds
[2025-09-15T06:45:30.094+0000] {processor.py:161} INFO - Started process (PID=2975) to work on /opt/airflow/dags/clean_hour_data.py
[2025-09-15T06:45:30.095+0000] {processor.py:830} INFO - Processing file /opt/airflow/dags/clean_hour_data.py for tasks to queue
[2025-09-15T06:45:30.097+0000] {logging_mixin.py:188} INFO - [2025-09-15T06:45:30.097+0000] {dagbag.py:540} INFO - Filling up the DagBag from /opt/airflow/dags/clean_hour_data.py
[2025-09-15T06:45:30.114+0000] {processor.py:840} INFO - DAG(s) 'clean_hour_data' retrieved from /opt/airflow/dags/clean_hour_data.py
[2025-09-15T06:45:30.145+0000] {logging_mixin.py:188} INFO - [2025-09-15T06:45:30.144+0000] {dag.py:3096} INFO - Sync 1 DAGs
[2025-09-15T06:45:30.155+0000] {logging_mixin.py:188} INFO - [2025-09-15T06:45:30.155+0000] {dag.py:3954} INFO - Setting next_dagrun for clean_hour_data to None, run_after=None
[2025-09-15T06:45:30.174+0000] {processor.py:183} INFO - Processing /opt/airflow/dags/clean_hour_data.py took 0.086 seconds
[2025-09-15T06:46:00.688+0000] {processor.py:161} INFO - Started process (PID=3010) to work on /opt/airflow/dags/clean_hour_data.py
[2025-09-15T06:46:00.689+0000] {processor.py:830} INFO - Processing file /opt/airflow/dags/clean_hour_data.py for tasks to queue
[2025-09-15T06:46:00.691+0000] {logging_mixin.py:188} INFO - [2025-09-15T06:46:00.690+0000] {dagbag.py:540} INFO - Filling up the DagBag from /opt/airflow/dags/clean_hour_data.py
[2025-09-15T06:46:00.708+0000] {processor.py:840} INFO - DAG(s) 'clean_hour_data' retrieved from /opt/airflow/dags/clean_hour_data.py
[2025-09-15T06:46:00.735+0000] {logging_mixin.py:188} INFO - [2025-09-15T06:46:00.735+0000] {dag.py:3096} INFO - Sync 1 DAGs
[2025-09-15T06:46:00.747+0000] {logging_mixin.py:188} INFO - [2025-09-15T06:46:00.746+0000] {dag.py:3954} INFO - Setting next_dagrun for clean_hour_data to None, run_after=None
[2025-09-15T06:46:00.765+0000] {processor.py:183} INFO - Processing /opt/airflow/dags/clean_hour_data.py took 0.082 seconds
[2025-09-15T06:46:31.269+0000] {processor.py:161} INFO - Started process (PID=3045) to work on /opt/airflow/dags/clean_hour_data.py
[2025-09-15T06:46:31.270+0000] {processor.py:830} INFO - Processing file /opt/airflow/dags/clean_hour_data.py for tasks to queue
[2025-09-15T06:46:31.272+0000] {logging_mixin.py:188} INFO - [2025-09-15T06:46:31.272+0000] {dagbag.py:540} INFO - Filling up the DagBag from /opt/airflow/dags/clean_hour_data.py
[2025-09-15T06:46:31.290+0000] {processor.py:840} INFO - DAG(s) 'clean_hour_data' retrieved from /opt/airflow/dags/clean_hour_data.py
[2025-09-15T06:46:31.318+0000] {logging_mixin.py:188} INFO - [2025-09-15T06:46:31.318+0000] {dag.py:3096} INFO - Sync 1 DAGs
[2025-09-15T06:46:31.330+0000] {logging_mixin.py:188} INFO - [2025-09-15T06:46:31.330+0000] {dag.py:3954} INFO - Setting next_dagrun for clean_hour_data to None, run_after=None
[2025-09-15T06:46:31.350+0000] {processor.py:183} INFO - Processing /opt/airflow/dags/clean_hour_data.py took 0.086 seconds
[2025-09-15T06:47:02.018+0000] {processor.py:161} INFO - Started process (PID=3080) to work on /opt/airflow/dags/clean_hour_data.py
[2025-09-15T06:47:02.019+0000] {processor.py:830} INFO - Processing file /opt/airflow/dags/clean_hour_data.py for tasks to queue
[2025-09-15T06:47:02.022+0000] {logging_mixin.py:188} INFO - [2025-09-15T06:47:02.021+0000] {dagbag.py:540} INFO - Filling up the DagBag from /opt/airflow/dags/clean_hour_data.py
[2025-09-15T06:47:02.038+0000] {processor.py:840} INFO - DAG(s) 'clean_hour_data' retrieved from /opt/airflow/dags/clean_hour_data.py
[2025-09-15T06:47:02.060+0000] {logging_mixin.py:188} INFO - [2025-09-15T06:47:02.060+0000] {dag.py:3096} INFO - Sync 1 DAGs
[2025-09-15T06:47:02.070+0000] {logging_mixin.py:188} INFO - [2025-09-15T06:47:02.070+0000] {dag.py:3954} INFO - Setting next_dagrun for clean_hour_data to None, run_after=None
[2025-09-15T06:47:02.089+0000] {processor.py:183} INFO - Processing /opt/airflow/dags/clean_hour_data.py took 0.076 seconds
[2025-09-15T06:53:37.994+0000] {processor.py:161} INFO - Started process (PID=3122) to work on /opt/airflow/dags/clean_hour_data.py
[2025-09-15T06:53:38.009+0000] {processor.py:830} INFO - Processing file /opt/airflow/dags/clean_hour_data.py for tasks to queue
[2025-09-15T06:53:38.013+0000] {logging_mixin.py:188} INFO - [2025-09-15T06:53:38.012+0000] {dagbag.py:540} INFO - Filling up the DagBag from /opt/airflow/dags/clean_hour_data.py
[2025-09-15T06:53:38.095+0000] {processor.py:840} INFO - DAG(s) 'clean_hour_data' retrieved from /opt/airflow/dags/clean_hour_data.py
[2025-09-15T06:53:38.273+0000] {logging_mixin.py:188} INFO - [2025-09-15T06:53:38.272+0000] {dag.py:3096} INFO - Sync 1 DAGs
[2025-09-15T06:53:38.368+0000] {logging_mixin.py:188} INFO - [2025-09-15T06:53:38.367+0000] {dag.py:3954} INFO - Setting next_dagrun for clean_hour_data to None, run_after=None
[2025-09-15T06:53:38.555+0000] {processor.py:183} INFO - Processing /opt/airflow/dags/clean_hour_data.py took 0.581 seconds
[2025-09-15T06:54:09.539+0000] {processor.py:161} INFO - Started process (PID=3159) to work on /opt/airflow/dags/clean_hour_data.py
[2025-09-15T06:54:09.540+0000] {processor.py:830} INFO - Processing file /opt/airflow/dags/clean_hour_data.py for tasks to queue
[2025-09-15T06:54:09.541+0000] {logging_mixin.py:188} INFO - [2025-09-15T06:54:09.541+0000] {dagbag.py:540} INFO - Filling up the DagBag from /opt/airflow/dags/clean_hour_data.py
[2025-09-15T06:54:09.563+0000] {processor.py:840} INFO - DAG(s) 'clean_hour_data' retrieved from /opt/airflow/dags/clean_hour_data.py
[2025-09-15T06:54:09.591+0000] {logging_mixin.py:188} INFO - [2025-09-15T06:54:09.590+0000] {dag.py:3096} INFO - Sync 1 DAGs
[2025-09-15T06:54:09.603+0000] {logging_mixin.py:188} INFO - [2025-09-15T06:54:09.603+0000] {dag.py:3954} INFO - Setting next_dagrun for clean_hour_data to None, run_after=None
[2025-09-15T06:54:09.580+0000] {processor.py:183} INFO - Processing /opt/airflow/dags/clean_hour_data.py took 0.090 seconds
[2025-09-15T06:54:40.177+0000] {processor.py:161} INFO - Started process (PID=3194) to work on /opt/airflow/dags/clean_hour_data.py
[2025-09-15T06:54:40.178+0000] {processor.py:830} INFO - Processing file /opt/airflow/dags/clean_hour_data.py for tasks to queue
[2025-09-15T06:54:40.179+0000] {logging_mixin.py:188} INFO - [2025-09-15T06:54:40.178+0000] {dagbag.py:540} INFO - Filling up the DagBag from /opt/airflow/dags/clean_hour_data.py
[2025-09-15T06:54:40.194+0000] {processor.py:840} INFO - DAG(s) 'clean_hour_data' retrieved from /opt/airflow/dags/clean_hour_data.py
[2025-09-15T06:54:40.218+0000] {logging_mixin.py:188} INFO - [2025-09-15T06:54:40.218+0000] {dag.py:3096} INFO - Sync 1 DAGs
[2025-09-15T06:54:40.230+0000] {logging_mixin.py:188} INFO - [2025-09-15T06:54:40.230+0000] {dag.py:3954} INFO - Setting next_dagrun for clean_hour_data to None, run_after=None
[2025-09-15T06:54:40.251+0000] {processor.py:183} INFO - Processing /opt/airflow/dags/clean_hour_data.py took 0.080 seconds
[2025-09-15T06:55:11.028+0000] {processor.py:161} INFO - Started process (PID=3229) to work on /opt/airflow/dags/clean_hour_data.py
[2025-09-15T06:55:11.029+0000] {processor.py:830} INFO - Processing file /opt/airflow/dags/clean_hour_data.py for tasks to queue
[2025-09-15T06:55:11.030+0000] {logging_mixin.py:188} INFO - [2025-09-15T06:55:11.029+0000] {dagbag.py:540} INFO - Filling up the DagBag from /opt/airflow/dags/clean_hour_data.py
[2025-09-15T06:55:11.045+0000] {processor.py:840} INFO - DAG(s) 'clean_hour_data' retrieved from /opt/airflow/dags/clean_hour_data.py
[2025-09-15T06:55:11.069+0000] {logging_mixin.py:188} INFO - [2025-09-15T06:55:11.069+0000] {dag.py:3096} INFO - Sync 1 DAGs
[2025-09-15T06:55:11.080+0000] {logging_mixin.py:188} INFO - [2025-09-15T06:55:11.080+0000] {dag.py:3954} INFO - Setting next_dagrun for clean_hour_data to None, run_after=None
[2025-09-15T06:55:11.100+0000] {processor.py:183} INFO - Processing /opt/airflow/dags/clean_hour_data.py took 0.078 seconds
[2025-09-15T06:55:41.989+0000] {processor.py:161} INFO - Started process (PID=3264) to work on /opt/airflow/dags/clean_hour_data.py
[2025-09-15T06:55:41.990+0000] {processor.py:830} INFO - Processing file /opt/airflow/dags/clean_hour_data.py for tasks to queue
[2025-09-15T06:55:41.990+0000] {logging_mixin.py:188} INFO - [2025-09-15T06:55:41.990+0000] {dagbag.py:540} INFO - Filling up the DagBag from /opt/airflow/dags/clean_hour_data.py
[2025-09-15T06:55:42.007+0000] {processor.py:840} INFO - DAG(s) 'clean_hour_data' retrieved from /opt/airflow/dags/clean_hour_data.py
[2025-09-15T06:55:42.032+0000] {logging_mixin.py:188} INFO - [2025-09-15T06:55:42.032+0000] {dag.py:3096} INFO - Sync 1 DAGs
[2025-09-15T06:55:42.043+0000] {logging_mixin.py:188} INFO - [2025-09-15T06:55:42.043+0000] {dag.py:3954} INFO - Setting next_dagrun for clean_hour_data to None, run_after=None
[2025-09-15T06:55:42.064+0000] {processor.py:183} INFO - Processing /opt/airflow/dags/clean_hour_data.py took 0.080 seconds
[2025-09-15T06:56:12.744+0000] {processor.py:161} INFO - Started process (PID=3299) to work on /opt/airflow/dags/clean_hour_data.py
[2025-09-15T06:56:12.745+0000] {processor.py:830} INFO - Processing file /opt/airflow/dags/clean_hour_data.py for tasks to queue
[2025-09-15T06:56:12.746+0000] {logging_mixin.py:188} INFO - [2025-09-15T06:56:12.746+0000] {dagbag.py:540} INFO - Filling up the DagBag from /opt/airflow/dags/clean_hour_data.py
[2025-09-15T06:56:12.762+0000] {processor.py:840} INFO - DAG(s) 'clean_hour_data' retrieved from /opt/airflow/dags/clean_hour_data.py
[2025-09-15T06:56:12.785+0000] {logging_mixin.py:188} INFO - [2025-09-15T06:56:12.785+0000] {dag.py:3096} INFO - Sync 1 DAGs
[2025-09-15T06:56:12.796+0000] {logging_mixin.py:188} INFO - [2025-09-15T06:56:12.796+0000] {dag.py:3954} INFO - Setting next_dagrun for clean_hour_data to None, run_after=None
[2025-09-15T06:56:12.814+0000] {processor.py:183} INFO - Processing /opt/airflow/dags/clean_hour_data.py took 0.075 seconds
[2025-09-15T06:56:43.769+0000] {processor.py:161} INFO - Started process (PID=3334) to work on /opt/airflow/dags/clean_hour_data.py
[2025-09-15T06:56:43.772+0000] {processor.py:830} INFO - Processing file /opt/airflow/dags/clean_hour_data.py for tasks to queue
[2025-09-15T06:56:43.773+0000] {logging_mixin.py:188} INFO - [2025-09-15T06:56:43.773+0000] {dagbag.py:540} INFO - Filling up the DagBag from /opt/airflow/dags/clean_hour_data.py
[2025-09-15T06:56:43.789+0000] {processor.py:840} INFO - DAG(s) 'clean_hour_data' retrieved from /opt/airflow/dags/clean_hour_data.py
[2025-09-15T06:56:43.815+0000] {logging_mixin.py:188} INFO - [2025-09-15T06:56:43.814+0000] {dag.py:3096} INFO - Sync 1 DAGs
[2025-09-15T06:56:43.827+0000] {logging_mixin.py:188} INFO - [2025-09-15T06:56:43.826+0000] {dag.py:3954} INFO - Setting next_dagrun for clean_hour_data to None, run_after=None
[2025-09-15T06:56:43.846+0000] {processor.py:183} INFO - Processing /opt/airflow/dags/clean_hour_data.py took 0.083 seconds
[2025-09-15T06:57:14.488+0000] {processor.py:161} INFO - Started process (PID=3369) to work on /opt/airflow/dags/clean_hour_data.py
[2025-09-15T06:57:14.489+0000] {processor.py:830} INFO - Processing file /opt/airflow/dags/clean_hour_data.py for tasks to queue
[2025-09-15T06:57:14.490+0000] {logging_mixin.py:188} INFO - [2025-09-15T06:57:14.490+0000] {dagbag.py:540} INFO - Filling up the DagBag from /opt/airflow/dags/clean_hour_data.py
[2025-09-15T06:57:14.508+0000] {processor.py:840} INFO - DAG(s) 'clean_hour_data' retrieved from /opt/airflow/dags/clean_hour_data.py
[2025-09-15T06:57:14.534+0000] {logging_mixin.py:188} INFO - [2025-09-15T06:57:14.534+0000] {dag.py:3096} INFO - Sync 1 DAGs
[2025-09-15T06:57:14.546+0000] {logging_mixin.py:188} INFO - [2025-09-15T06:57:14.545+0000] {dag.py:3954} INFO - Setting next_dagrun for clean_hour_data to None, run_after=None
[2025-09-15T06:57:14.568+0000] {processor.py:183} INFO - Processing /opt/airflow/dags/clean_hour_data.py took 0.086 seconds
[2025-09-15T06:57:45.590+0000] {processor.py:161} INFO - Started process (PID=3404) to work on /opt/airflow/dags/clean_hour_data.py
[2025-09-15T06:57:45.591+0000] {processor.py:830} INFO - Processing file /opt/airflow/dags/clean_hour_data.py for tasks to queue
[2025-09-15T06:57:45.592+0000] {logging_mixin.py:188} INFO - [2025-09-15T06:57:45.592+0000] {dagbag.py:540} INFO - Filling up the DagBag from /opt/airflow/dags/clean_hour_data.py
[2025-09-15T06:57:45.615+0000] {processor.py:840} INFO - DAG(s) 'clean_hour_data' retrieved from /opt/airflow/dags/clean_hour_data.py
[2025-09-15T06:57:45.655+0000] {logging_mixin.py:188} INFO - [2025-09-15T06:57:45.655+0000] {dag.py:3096} INFO - Sync 1 DAGs
[2025-09-15T06:57:45.669+0000] {logging_mixin.py:188} INFO - [2025-09-15T06:57:45.668+0000] {dag.py:3954} INFO - Setting next_dagrun for clean_hour_data to None, run_after=None
[2025-09-15T06:57:45.691+0000] {processor.py:183} INFO - Processing /opt/airflow/dags/clean_hour_data.py took 0.106 seconds
[2025-09-15T06:58:16.589+0000] {processor.py:161} INFO - Started process (PID=3439) to work on /opt/airflow/dags/clean_hour_data.py
[2025-09-15T06:58:16.590+0000] {processor.py:830} INFO - Processing file /opt/airflow/dags/clean_hour_data.py for tasks to queue
[2025-09-15T06:58:16.590+0000] {logging_mixin.py:188} INFO - [2025-09-15T06:58:16.590+0000] {dagbag.py:540} INFO - Filling up the DagBag from /opt/airflow/dags/clean_hour_data.py
[2025-09-15T06:58:16.606+0000] {processor.py:840} INFO - DAG(s) 'clean_hour_data' retrieved from /opt/airflow/dags/clean_hour_data.py
[2025-09-15T06:58:16.631+0000] {logging_mixin.py:188} INFO - [2025-09-15T06:58:16.631+0000] {dag.py:3096} INFO - Sync 1 DAGs
[2025-09-15T06:58:16.642+0000] {logging_mixin.py:188} INFO - [2025-09-15T06:58:16.641+0000] {dag.py:3954} INFO - Setting next_dagrun for clean_hour_data to None, run_after=None
[2025-09-15T06:58:16.661+0000] {processor.py:183} INFO - Processing /opt/airflow/dags/clean_hour_data.py took 0.077 seconds
[2025-09-15T06:58:47.315+0000] {processor.py:161} INFO - Started process (PID=3474) to work on /opt/airflow/dags/clean_hour_data.py
[2025-09-15T06:58:47.316+0000] {processor.py:830} INFO - Processing file /opt/airflow/dags/clean_hour_data.py for tasks to queue
[2025-09-15T06:58:47.317+0000] {logging_mixin.py:188} INFO - [2025-09-15T06:58:47.317+0000] {dagbag.py:540} INFO - Filling up the DagBag from /opt/airflow/dags/clean_hour_data.py
[2025-09-15T06:58:47.340+0000] {processor.py:840} INFO - DAG(s) 'clean_hour_data' retrieved from /opt/airflow/dags/clean_hour_data.py
[2025-09-15T06:58:47.370+0000] {logging_mixin.py:188} INFO - [2025-09-15T06:58:47.370+0000] {dag.py:3096} INFO - Sync 1 DAGs
[2025-09-15T06:58:47.383+0000] {logging_mixin.py:188} INFO - [2025-09-15T06:58:47.382+0000] {dag.py:3954} INFO - Setting next_dagrun for clean_hour_data to None, run_after=None
[2025-09-15T06:58:47.405+0000] {processor.py:183} INFO - Processing /opt/airflow/dags/clean_hour_data.py took 0.097 seconds
[2025-09-15T06:59:17.880+0000] {processor.py:161} INFO - Started process (PID=3509) to work on /opt/airflow/dags/clean_hour_data.py
[2025-09-15T06:59:17.881+0000] {processor.py:830} INFO - Processing file /opt/airflow/dags/clean_hour_data.py for tasks to queue
[2025-09-15T06:59:17.882+0000] {logging_mixin.py:188} INFO - [2025-09-15T06:59:17.882+0000] {dagbag.py:540} INFO - Filling up the DagBag from /opt/airflow/dags/clean_hour_data.py
[2025-09-15T06:59:17.900+0000] {processor.py:840} INFO - DAG(s) 'clean_hour_data' retrieved from /opt/airflow/dags/clean_hour_data.py
[2025-09-15T06:59:17.925+0000] {logging_mixin.py:188} INFO - [2025-09-15T06:59:17.925+0000] {dag.py:3096} INFO - Sync 1 DAGs
[2025-09-15T06:59:17.938+0000] {logging_mixin.py:188} INFO - [2025-09-15T06:59:17.938+0000] {dag.py:3954} INFO - Setting next_dagrun for clean_hour_data to None, run_after=None
[2025-09-15T06:59:17.956+0000] {processor.py:183} INFO - Processing /opt/airflow/dags/clean_hour_data.py took 0.082 seconds
[2025-09-15T06:59:48.905+0000] {processor.py:161} INFO - Started process (PID=3544) to work on /opt/airflow/dags/clean_hour_data.py
[2025-09-15T06:59:48.907+0000] {processor.py:830} INFO - Processing file /opt/airflow/dags/clean_hour_data.py for tasks to queue
[2025-09-15T06:59:48.908+0000] {logging_mixin.py:188} INFO - [2025-09-15T06:59:48.907+0000] {dagbag.py:540} INFO - Filling up the DagBag from /opt/airflow/dags/clean_hour_data.py
[2025-09-15T06:59:48.924+0000] {processor.py:840} INFO - DAG(s) 'clean_hour_data' retrieved from /opt/airflow/dags/clean_hour_data.py
[2025-09-15T06:59:48.950+0000] {logging_mixin.py:188} INFO - [2025-09-15T06:59:48.950+0000] {dag.py:3096} INFO - Sync 1 DAGs
[2025-09-15T06:59:48.960+0000] {logging_mixin.py:188} INFO - [2025-09-15T06:59:48.960+0000] {dag.py:3954} INFO - Setting next_dagrun for clean_hour_data to None, run_after=None
[2025-09-15T06:59:48.980+0000] {processor.py:183} INFO - Processing /opt/airflow/dags/clean_hour_data.py took 0.080 seconds
[2025-09-15T07:00:19.481+0000] {processor.py:161} INFO - Started process (PID=3579) to work on /opt/airflow/dags/clean_hour_data.py
[2025-09-15T07:00:19.482+0000] {processor.py:830} INFO - Processing file /opt/airflow/dags/clean_hour_data.py for tasks to queue
[2025-09-15T07:00:19.482+0000] {logging_mixin.py:188} INFO - [2025-09-15T07:00:19.482+0000] {dagbag.py:540} INFO - Filling up the DagBag from /opt/airflow/dags/clean_hour_data.py
[2025-09-15T07:00:19.501+0000] {processor.py:840} INFO - DAG(s) 'clean_hour_data' retrieved from /opt/airflow/dags/clean_hour_data.py
[2025-09-15T07:00:19.527+0000] {logging_mixin.py:188} INFO - [2025-09-15T07:00:19.526+0000] {dag.py:3096} INFO - Sync 1 DAGs
[2025-09-15T07:00:19.539+0000] {logging_mixin.py:188} INFO - [2025-09-15T07:00:19.539+0000] {dag.py:3954} INFO - Setting next_dagrun for clean_hour_data to None, run_after=None
[2025-09-15T07:00:19.558+0000] {processor.py:183} INFO - Processing /opt/airflow/dags/clean_hour_data.py took 0.083 seconds
[2025-09-15T07:00:50.316+0000] {processor.py:161} INFO - Started process (PID=3614) to work on /opt/airflow/dags/clean_hour_data.py
[2025-09-15T07:00:50.317+0000] {processor.py:830} INFO - Processing file /opt/airflow/dags/clean_hour_data.py for tasks to queue
[2025-09-15T07:00:50.318+0000] {logging_mixin.py:188} INFO - [2025-09-15T07:00:50.317+0000] {dagbag.py:540} INFO - Filling up the DagBag from /opt/airflow/dags/clean_hour_data.py
[2025-09-15T07:00:50.334+0000] {processor.py:840} INFO - DAG(s) 'clean_hour_data' retrieved from /opt/airflow/dags/clean_hour_data.py
[2025-09-15T07:00:50.360+0000] {logging_mixin.py:188} INFO - [2025-09-15T07:00:50.359+0000] {dag.py:3096} INFO - Sync 1 DAGs
[2025-09-15T07:00:50.371+0000] {logging_mixin.py:188} INFO - [2025-09-15T07:00:50.371+0000] {dag.py:3954} INFO - Setting next_dagrun for clean_hour_data to None, run_after=None
[2025-09-15T07:00:50.391+0000] {processor.py:183} INFO - Processing /opt/airflow/dags/clean_hour_data.py took 0.081 seconds
[2025-09-15T07:01:21.202+0000] {processor.py:161} INFO - Started process (PID=3649) to work on /opt/airflow/dags/clean_hour_data.py
[2025-09-15T07:01:21.203+0000] {processor.py:830} INFO - Processing file /opt/airflow/dags/clean_hour_data.py for tasks to queue
[2025-09-15T07:01:21.204+0000] {logging_mixin.py:188} INFO - [2025-09-15T07:01:21.204+0000] {dagbag.py:540} INFO - Filling up the DagBag from /opt/airflow/dags/clean_hour_data.py
[2025-09-15T07:01:21.226+0000] {processor.py:840} INFO - DAG(s) 'clean_hour_data' retrieved from /opt/airflow/dags/clean_hour_data.py
[2025-09-15T07:01:21.257+0000] {logging_mixin.py:188} INFO - [2025-09-15T07:01:21.256+0000] {dag.py:3096} INFO - Sync 1 DAGs
[2025-09-15T07:01:21.269+0000] {logging_mixin.py:188} INFO - [2025-09-15T07:01:21.269+0000] {dag.py:3954} INFO - Setting next_dagrun for clean_hour_data to None, run_after=None
[2025-09-15T07:01:21.288+0000] {processor.py:183} INFO - Processing /opt/airflow/dags/clean_hour_data.py took 0.094 seconds
[2025-09-15T07:01:52.045+0000] {processor.py:161} INFO - Started process (PID=3684) to work on /opt/airflow/dags/clean_hour_data.py
[2025-09-15T07:01:52.046+0000] {processor.py:830} INFO - Processing file /opt/airflow/dags/clean_hour_data.py for tasks to queue
[2025-09-15T07:01:52.047+0000] {logging_mixin.py:188} INFO - [2025-09-15T07:01:52.046+0000] {dagbag.py:540} INFO - Filling up the DagBag from /opt/airflow/dags/clean_hour_data.py
[2025-09-15T07:01:52.063+0000] {processor.py:840} INFO - DAG(s) 'clean_hour_data' retrieved from /opt/airflow/dags/clean_hour_data.py
[2025-09-15T07:01:52.087+0000] {logging_mixin.py:188} INFO - [2025-09-15T07:01:52.087+0000] {dag.py:3096} INFO - Sync 1 DAGs
[2025-09-15T07:01:52.098+0000] {logging_mixin.py:188} INFO - [2025-09-15T07:01:52.097+0000] {dag.py:3954} INFO - Setting next_dagrun for clean_hour_data to None, run_after=None
[2025-09-15T07:01:52.116+0000] {processor.py:183} INFO - Processing /opt/airflow/dags/clean_hour_data.py took 0.078 seconds
[2025-09-15T07:02:22.580+0000] {processor.py:161} INFO - Started process (PID=3719) to work on /opt/airflow/dags/clean_hour_data.py
[2025-09-15T07:02:22.581+0000] {processor.py:830} INFO - Processing file /opt/airflow/dags/clean_hour_data.py for tasks to queue
[2025-09-15T07:02:22.582+0000] {logging_mixin.py:188} INFO - [2025-09-15T07:02:22.582+0000] {dagbag.py:540} INFO - Filling up the DagBag from /opt/airflow/dags/clean_hour_data.py
[2025-09-15T07:02:22.598+0000] {processor.py:840} INFO - DAG(s) 'clean_hour_data' retrieved from /opt/airflow/dags/clean_hour_data.py
[2025-09-15T07:02:22.621+0000] {logging_mixin.py:188} INFO - [2025-09-15T07:02:22.621+0000] {dag.py:3096} INFO - Sync 1 DAGs
[2025-09-15T07:02:22.631+0000] {logging_mixin.py:188} INFO - [2025-09-15T07:02:22.631+0000] {dag.py:3954} INFO - Setting next_dagrun for clean_hour_data to None, run_after=None
[2025-09-15T07:02:22.652+0000] {processor.py:183} INFO - Processing /opt/airflow/dags/clean_hour_data.py took 0.076 seconds
[2025-09-15T07:02:53.532+0000] {processor.py:161} INFO - Started process (PID=3754) to work on /opt/airflow/dags/clean_hour_data.py
[2025-09-15T07:02:53.533+0000] {processor.py:830} INFO - Processing file /opt/airflow/dags/clean_hour_data.py for tasks to queue
[2025-09-15T07:02:53.534+0000] {logging_mixin.py:188} INFO - [2025-09-15T07:02:53.533+0000] {dagbag.py:540} INFO - Filling up the DagBag from /opt/airflow/dags/clean_hour_data.py
[2025-09-15T07:02:53.549+0000] {processor.py:840} INFO - DAG(s) 'clean_hour_data' retrieved from /opt/airflow/dags/clean_hour_data.py
[2025-09-15T07:02:53.574+0000] {logging_mixin.py:188} INFO - [2025-09-15T07:02:53.574+0000] {dag.py:3096} INFO - Sync 1 DAGs
[2025-09-15T07:02:53.586+0000] {logging_mixin.py:188} INFO - [2025-09-15T07:02:53.586+0000] {dag.py:3954} INFO - Setting next_dagrun for clean_hour_data to None, run_after=None
[2025-09-15T07:02:53.605+0000] {processor.py:183} INFO - Processing /opt/airflow/dags/clean_hour_data.py took 0.079 seconds
[2025-09-15T07:03:23.946+0000] {processor.py:161} INFO - Started process (PID=3789) to work on /opt/airflow/dags/clean_hour_data.py
[2025-09-15T07:03:23.947+0000] {processor.py:830} INFO - Processing file /opt/airflow/dags/clean_hour_data.py for tasks to queue
[2025-09-15T07:03:23.949+0000] {logging_mixin.py:188} INFO - [2025-09-15T07:03:23.949+0000] {dagbag.py:540} INFO - Filling up the DagBag from /opt/airflow/dags/clean_hour_data.py
[2025-09-15T07:03:23.967+0000] {processor.py:840} INFO - DAG(s) 'clean_hour_data' retrieved from /opt/airflow/dags/clean_hour_data.py
[2025-09-15T07:03:23.991+0000] {logging_mixin.py:188} INFO - [2025-09-15T07:03:23.990+0000] {dag.py:3096} INFO - Sync 1 DAGs
[2025-09-15T07:03:24.001+0000] {logging_mixin.py:188} INFO - [2025-09-15T07:03:24.001+0000] {dag.py:3954} INFO - Setting next_dagrun for clean_hour_data to None, run_after=None
[2025-09-15T07:03:24.021+0000] {processor.py:183} INFO - Processing /opt/airflow/dags/clean_hour_data.py took 0.081 seconds
[2025-09-15T07:03:54.811+0000] {processor.py:161} INFO - Started process (PID=3824) to work on /opt/airflow/dags/clean_hour_data.py
[2025-09-15T07:03:54.812+0000] {processor.py:830} INFO - Processing file /opt/airflow/dags/clean_hour_data.py for tasks to queue
[2025-09-15T07:03:54.813+0000] {logging_mixin.py:188} INFO - [2025-09-15T07:03:54.813+0000] {dagbag.py:540} INFO - Filling up the DagBag from /opt/airflow/dags/clean_hour_data.py
[2025-09-15T07:03:54.831+0000] {processor.py:840} INFO - DAG(s) 'clean_hour_data' retrieved from /opt/airflow/dags/clean_hour_data.py
[2025-09-15T07:03:54.856+0000] {logging_mixin.py:188} INFO - [2025-09-15T07:03:54.856+0000] {dag.py:3096} INFO - Sync 1 DAGs
[2025-09-15T07:03:54.868+0000] {logging_mixin.py:188} INFO - [2025-09-15T07:03:54.867+0000] {dag.py:3954} INFO - Setting next_dagrun for clean_hour_data to None, run_after=None
[2025-09-15T07:03:54.887+0000] {processor.py:183} INFO - Processing /opt/airflow/dags/clean_hour_data.py took 0.081 seconds
[2025-09-15T07:04:25.722+0000] {processor.py:161} INFO - Started process (PID=3859) to work on /opt/airflow/dags/clean_hour_data.py
[2025-09-15T07:04:25.723+0000] {processor.py:830} INFO - Processing file /opt/airflow/dags/clean_hour_data.py for tasks to queue
[2025-09-15T07:04:25.723+0000] {logging_mixin.py:188} INFO - [2025-09-15T07:04:25.723+0000] {dagbag.py:540} INFO - Filling up the DagBag from /opt/airflow/dags/clean_hour_data.py
[2025-09-15T07:04:25.739+0000] {processor.py:840} INFO - DAG(s) 'clean_hour_data' retrieved from /opt/airflow/dags/clean_hour_data.py
[2025-09-15T07:04:25.764+0000] {logging_mixin.py:188} INFO - [2025-09-15T07:04:25.763+0000] {dag.py:3096} INFO - Sync 1 DAGs
[2025-09-15T07:04:25.774+0000] {logging_mixin.py:188} INFO - [2025-09-15T07:04:25.774+0000] {dag.py:3954} INFO - Setting next_dagrun for clean_hour_data to None, run_after=None
[2025-09-15T07:04:25.795+0000] {processor.py:183} INFO - Processing /opt/airflow/dags/clean_hour_data.py took 0.080 seconds
[2025-09-15T07:04:56.335+0000] {processor.py:161} INFO - Started process (PID=3894) to work on /opt/airflow/dags/clean_hour_data.py
[2025-09-15T07:04:56.336+0000] {processor.py:830} INFO - Processing file /opt/airflow/dags/clean_hour_data.py for tasks to queue
[2025-09-15T07:04:56.337+0000] {logging_mixin.py:188} INFO - [2025-09-15T07:04:56.337+0000] {dagbag.py:540} INFO - Filling up the DagBag from /opt/airflow/dags/clean_hour_data.py
[2025-09-15T07:04:56.357+0000] {processor.py:840} INFO - DAG(s) 'clean_hour_data' retrieved from /opt/airflow/dags/clean_hour_data.py
[2025-09-15T07:04:56.388+0000] {logging_mixin.py:188} INFO - [2025-09-15T07:04:56.388+0000] {dag.py:3096} INFO - Sync 1 DAGs
[2025-09-15T07:04:56.400+0000] {logging_mixin.py:188} INFO - [2025-09-15T07:04:56.399+0000] {dag.py:3954} INFO - Setting next_dagrun for clean_hour_data to None, run_after=None
[2025-09-15T07:04:56.421+0000] {processor.py:183} INFO - Processing /opt/airflow/dags/clean_hour_data.py took 0.095 seconds
[2025-09-15T07:05:26.904+0000] {processor.py:161} INFO - Started process (PID=3929) to work on /opt/airflow/dags/clean_hour_data.py
[2025-09-15T07:05:26.905+0000] {processor.py:830} INFO - Processing file /opt/airflow/dags/clean_hour_data.py for tasks to queue
[2025-09-15T07:05:26.906+0000] {logging_mixin.py:188} INFO - [2025-09-15T07:05:26.906+0000] {dagbag.py:540} INFO - Filling up the DagBag from /opt/airflow/dags/clean_hour_data.py
[2025-09-15T07:05:26.922+0000] {processor.py:840} INFO - DAG(s) 'clean_hour_data' retrieved from /opt/airflow/dags/clean_hour_data.py
[2025-09-15T07:05:26.948+0000] {logging_mixin.py:188} INFO - [2025-09-15T07:05:26.948+0000] {dag.py:3096} INFO - Sync 1 DAGs
[2025-09-15T07:05:26.958+0000] {logging_mixin.py:188} INFO - [2025-09-15T07:05:26.958+0000] {dag.py:3954} INFO - Setting next_dagrun for clean_hour_data to None, run_after=None
[2025-09-15T07:05:26.979+0000] {processor.py:183} INFO - Processing /opt/airflow/dags/clean_hour_data.py took 0.082 seconds
[2025-09-15T07:05:57.643+0000] {processor.py:161} INFO - Started process (PID=3964) to work on /opt/airflow/dags/clean_hour_data.py
[2025-09-15T07:05:57.646+0000] {processor.py:830} INFO - Processing file /opt/airflow/dags/clean_hour_data.py for tasks to queue
[2025-09-15T07:05:57.652+0000] {logging_mixin.py:188} INFO - [2025-09-15T07:05:57.647+0000] {dagbag.py:540} INFO - Filling up the DagBag from /opt/airflow/dags/clean_hour_data.py
[2025-09-15T07:05:57.696+0000] {processor.py:840} INFO - DAG(s) 'clean_hour_data' retrieved from /opt/airflow/dags/clean_hour_data.py
[2025-09-15T07:05:57.736+0000] {logging_mixin.py:188} INFO - [2025-09-15T07:05:57.736+0000] {dag.py:3096} INFO - Sync 1 DAGs
[2025-09-15T07:05:57.750+0000] {logging_mixin.py:188} INFO - [2025-09-15T07:05:57.750+0000] {dag.py:3954} INFO - Setting next_dagrun for clean_hour_data to None, run_after=None
[2025-09-15T07:05:57.777+0000] {processor.py:183} INFO - Processing /opt/airflow/dags/clean_hour_data.py took 0.144 seconds
[2025-09-15T07:06:28.058+0000] {processor.py:161} INFO - Started process (PID=3999) to work on /opt/airflow/dags/clean_hour_data.py
[2025-09-15T07:06:28.059+0000] {processor.py:830} INFO - Processing file /opt/airflow/dags/clean_hour_data.py for tasks to queue
[2025-09-15T07:06:28.060+0000] {logging_mixin.py:188} INFO - [2025-09-15T07:06:28.060+0000] {dagbag.py:540} INFO - Filling up the DagBag from /opt/airflow/dags/clean_hour_data.py
[2025-09-15T07:06:28.080+0000] {processor.py:840} INFO - DAG(s) 'clean_hour_data' retrieved from /opt/airflow/dags/clean_hour_data.py
[2025-09-15T07:06:28.108+0000] {logging_mixin.py:188} INFO - [2025-09-15T07:06:28.108+0000] {dag.py:3096} INFO - Sync 1 DAGs
[2025-09-15T07:06:28.120+0000] {logging_mixin.py:188} INFO - [2025-09-15T07:06:28.120+0000] {dag.py:3954} INFO - Setting next_dagrun for clean_hour_data to None, run_after=None
[2025-09-15T07:06:28.142+0000] {processor.py:183} INFO - Processing /opt/airflow/dags/clean_hour_data.py took 0.090 seconds
[2025-09-15T07:06:58.360+0000] {processor.py:161} INFO - Started process (PID=4034) to work on /opt/airflow/dags/clean_hour_data.py
[2025-09-15T07:06:58.361+0000] {processor.py:830} INFO - Processing file /opt/airflow/dags/clean_hour_data.py for tasks to queue
[2025-09-15T07:06:58.363+0000] {logging_mixin.py:188} INFO - [2025-09-15T07:06:58.362+0000] {dagbag.py:540} INFO - Filling up the DagBag from /opt/airflow/dags/clean_hour_data.py
[2025-09-15T07:06:58.386+0000] {processor.py:840} INFO - DAG(s) 'clean_hour_data' retrieved from /opt/airflow/dags/clean_hour_data.py
[2025-09-15T07:06:58.420+0000] {logging_mixin.py:188} INFO - [2025-09-15T07:06:58.419+0000] {dag.py:3096} INFO - Sync 1 DAGs
[2025-09-15T07:06:58.432+0000] {logging_mixin.py:188} INFO - [2025-09-15T07:06:58.431+0000] {dag.py:3954} INFO - Setting next_dagrun for clean_hour_data to None, run_after=None
[2025-09-15T07:06:58.458+0000] {processor.py:183} INFO - Processing /opt/airflow/dags/clean_hour_data.py took 0.105 seconds
[2025-09-15T07:07:28.965+0000] {processor.py:161} INFO - Started process (PID=4069) to work on /opt/airflow/dags/clean_hour_data.py
[2025-09-15T07:07:28.973+0000] {processor.py:830} INFO - Processing file /opt/airflow/dags/clean_hour_data.py for tasks to queue
[2025-09-15T07:07:28.974+0000] {logging_mixin.py:188} INFO - [2025-09-15T07:07:28.974+0000] {dagbag.py:540} INFO - Filling up the DagBag from /opt/airflow/dags/clean_hour_data.py
[2025-09-15T07:07:29.007+0000] {processor.py:840} INFO - DAG(s) 'clean_hour_data' retrieved from /opt/airflow/dags/clean_hour_data.py
[2025-09-15T07:07:29.065+0000] {logging_mixin.py:188} INFO - [2025-09-15T07:07:29.064+0000] {dag.py:3096} INFO - Sync 1 DAGs
[2025-09-15T07:07:29.080+0000] {logging_mixin.py:188} INFO - [2025-09-15T07:07:29.080+0000] {dag.py:3954} INFO - Setting next_dagrun for clean_hour_data to None, run_after=None
[2025-09-15T07:07:29.108+0000] {processor.py:183} INFO - Processing /opt/airflow/dags/clean_hour_data.py took 0.164 seconds
[2025-09-15T07:07:59.697+0000] {processor.py:161} INFO - Started process (PID=4104) to work on /opt/airflow/dags/clean_hour_data.py
[2025-09-15T07:07:59.699+0000] {processor.py:830} INFO - Processing file /opt/airflow/dags/clean_hour_data.py for tasks to queue
[2025-09-15T07:07:59.701+0000] {logging_mixin.py:188} INFO - [2025-09-15T07:07:59.700+0000] {dagbag.py:540} INFO - Filling up the DagBag from /opt/airflow/dags/clean_hour_data.py
[2025-09-15T07:07:59.726+0000] {processor.py:840} INFO - DAG(s) 'clean_hour_data' retrieved from /opt/airflow/dags/clean_hour_data.py
[2025-09-15T07:07:59.764+0000] {logging_mixin.py:188} INFO - [2025-09-15T07:07:59.764+0000] {dag.py:3096} INFO - Sync 1 DAGs
[2025-09-15T07:07:59.778+0000] {logging_mixin.py:188} INFO - [2025-09-15T07:07:59.778+0000] {dag.py:3954} INFO - Setting next_dagrun for clean_hour_data to None, run_after=None
[2025-09-15T07:07:59.802+0000] {processor.py:183} INFO - Processing /opt/airflow/dags/clean_hour_data.py took 0.114 seconds
[2025-09-15T07:38:50.991+0000] {processor.py:161} INFO - Started process (PID=4138) to work on /opt/airflow/dags/clean_hour_data.py
[2025-09-15T07:38:50.996+0000] {processor.py:830} INFO - Processing file /opt/airflow/dags/clean_hour_data.py for tasks to queue
[2025-09-15T07:38:51.000+0000] {logging_mixin.py:188} INFO - [2025-09-15T07:38:50.999+0000] {dagbag.py:540} INFO - Filling up the DagBag from /opt/airflow/dags/clean_hour_data.py
[2025-09-15T07:38:51.065+0000] {processor.py:840} INFO - DAG(s) 'clean_hour_data' retrieved from /opt/airflow/dags/clean_hour_data.py
[2025-09-15T07:38:51.244+0000] {logging_mixin.py:188} INFO - [2025-09-15T07:38:51.232+0000] {dag.py:3096} INFO - Sync 1 DAGs
[2025-09-15T07:38:51.350+0000] {logging_mixin.py:188} INFO - [2025-09-15T07:38:51.349+0000] {dag.py:3954} INFO - Setting next_dagrun for clean_hour_data to None, run_after=None
[2025-09-15T07:38:51.567+0000] {processor.py:183} INFO - Processing /opt/airflow/dags/clean_hour_data.py took 0.600 seconds
[2025-09-15T07:39:21.933+0000] {processor.py:161} INFO - Started process (PID=4173) to work on /opt/airflow/dags/clean_hour_data.py
[2025-09-15T07:39:21.934+0000] {processor.py:830} INFO - Processing file /opt/airflow/dags/clean_hour_data.py for tasks to queue
[2025-09-15T07:39:21.935+0000] {logging_mixin.py:188} INFO - [2025-09-15T07:39:21.934+0000] {dagbag.py:540} INFO - Filling up the DagBag from /opt/airflow/dags/clean_hour_data.py
[2025-09-15T07:39:21.952+0000] {processor.py:840} INFO - DAG(s) 'clean_hour_data' retrieved from /opt/airflow/dags/clean_hour_data.py
[2025-09-15T07:39:21.978+0000] {logging_mixin.py:188} INFO - [2025-09-15T07:39:21.978+0000] {dag.py:3096} INFO - Sync 1 DAGs
[2025-09-15T07:39:21.990+0000] {logging_mixin.py:188} INFO - [2025-09-15T07:39:21.989+0000] {dag.py:3954} INFO - Setting next_dagrun for clean_hour_data to None, run_after=None
[2025-09-15T07:39:22.013+0000] {processor.py:183} INFO - Processing /opt/airflow/dags/clean_hour_data.py took 0.086 seconds
[2025-09-15T07:39:52.470+0000] {processor.py:161} INFO - Started process (PID=4208) to work on /opt/airflow/dags/clean_hour_data.py
[2025-09-15T07:39:52.471+0000] {processor.py:830} INFO - Processing file /opt/airflow/dags/clean_hour_data.py for tasks to queue
[2025-09-15T07:39:52.472+0000] {logging_mixin.py:188} INFO - [2025-09-15T07:39:52.471+0000] {dagbag.py:540} INFO - Filling up the DagBag from /opt/airflow/dags/clean_hour_data.py
[2025-09-15T07:39:52.491+0000] {processor.py:840} INFO - DAG(s) 'clean_hour_data' retrieved from /opt/airflow/dags/clean_hour_data.py
[2025-09-15T07:39:52.522+0000] {logging_mixin.py:188} INFO - [2025-09-15T07:39:52.522+0000] {dag.py:3096} INFO - Sync 1 DAGs
[2025-09-15T07:39:52.535+0000] {logging_mixin.py:188} INFO - [2025-09-15T07:39:52.534+0000] {dag.py:3954} INFO - Setting next_dagrun for clean_hour_data to None, run_after=None
[2025-09-15T07:39:52.555+0000] {processor.py:183} INFO - Processing /opt/airflow/dags/clean_hour_data.py took 0.091 seconds
[2025-09-15T07:40:23.181+0000] {processor.py:161} INFO - Started process (PID=4243) to work on /opt/airflow/dags/clean_hour_data.py
[2025-09-15T07:40:23.182+0000] {processor.py:830} INFO - Processing file /opt/airflow/dags/clean_hour_data.py for tasks to queue
[2025-09-15T07:40:23.183+0000] {logging_mixin.py:188} INFO - [2025-09-15T07:40:23.183+0000] {dagbag.py:540} INFO - Filling up the DagBag from /opt/airflow/dags/clean_hour_data.py
[2025-09-15T07:40:23.198+0000] {processor.py:840} INFO - DAG(s) 'clean_hour_data' retrieved from /opt/airflow/dags/clean_hour_data.py
[2025-09-15T07:40:23.222+0000] {logging_mixin.py:188} INFO - [2025-09-15T07:40:23.221+0000] {dag.py:3096} INFO - Sync 1 DAGs
[2025-09-15T07:40:23.233+0000] {logging_mixin.py:188} INFO - [2025-09-15T07:40:23.233+0000] {dag.py:3954} INFO - Setting next_dagrun for clean_hour_data to None, run_after=None
[2025-09-15T07:40:23.266+0000] {processor.py:183} INFO - Processing /opt/airflow/dags/clean_hour_data.py took 0.091 seconds
[2025-09-15T07:40:53.741+0000] {processor.py:161} INFO - Started process (PID=4278) to work on /opt/airflow/dags/clean_hour_data.py
[2025-09-15T07:40:53.742+0000] {processor.py:830} INFO - Processing file /opt/airflow/dags/clean_hour_data.py for tasks to queue
[2025-09-15T07:40:53.743+0000] {logging_mixin.py:188} INFO - [2025-09-15T07:40:53.743+0000] {dagbag.py:540} INFO - Filling up the DagBag from /opt/airflow/dags/clean_hour_data.py
[2025-09-15T07:40:53.758+0000] {processor.py:840} INFO - DAG(s) 'clean_hour_data' retrieved from /opt/airflow/dags/clean_hour_data.py
[2025-09-15T07:40:53.781+0000] {logging_mixin.py:188} INFO - [2025-09-15T07:40:53.781+0000] {dag.py:3096} INFO - Sync 1 DAGs
[2025-09-15T07:40:53.791+0000] {logging_mixin.py:188} INFO - [2025-09-15T07:40:53.791+0000] {dag.py:3954} INFO - Setting next_dagrun for clean_hour_data to None, run_after=None
[2025-09-15T07:40:53.811+0000] {processor.py:183} INFO - Processing /opt/airflow/dags/clean_hour_data.py took 0.076 seconds
[2025-09-15T07:41:24.407+0000] {processor.py:161} INFO - Started process (PID=4313) to work on /opt/airflow/dags/clean_hour_data.py
[2025-09-15T07:41:24.408+0000] {processor.py:830} INFO - Processing file /opt/airflow/dags/clean_hour_data.py for tasks to queue
[2025-09-15T07:41:24.409+0000] {logging_mixin.py:188} INFO - [2025-09-15T07:41:24.409+0000] {dagbag.py:540} INFO - Filling up the DagBag from /opt/airflow/dags/clean_hour_data.py
[2025-09-15T07:41:24.433+0000] {processor.py:840} INFO - DAG(s) 'clean_hour_data' retrieved from /opt/airflow/dags/clean_hour_data.py
[2025-09-15T07:41:24.458+0000] {logging_mixin.py:188} INFO - [2025-09-15T07:41:24.458+0000] {dag.py:3096} INFO - Sync 1 DAGs
[2025-09-15T07:41:24.471+0000] {logging_mixin.py:188} INFO - [2025-09-15T07:41:24.471+0000] {dag.py:3954} INFO - Setting next_dagrun for clean_hour_data to None, run_after=None
[2025-09-15T07:41:24.490+0000] {processor.py:183} INFO - Processing /opt/airflow/dags/clean_hour_data.py took 0.089 seconds
[2025-09-15T07:41:55.132+0000] {processor.py:161} INFO - Started process (PID=4348) to work on /opt/airflow/dags/clean_hour_data.py
[2025-09-15T07:41:55.133+0000] {processor.py:830} INFO - Processing file /opt/airflow/dags/clean_hour_data.py for tasks to queue
[2025-09-15T07:41:55.134+0000] {logging_mixin.py:188} INFO - [2025-09-15T07:41:55.133+0000] {dagbag.py:540} INFO - Filling up the DagBag from /opt/airflow/dags/clean_hour_data.py
[2025-09-15T07:41:55.154+0000] {processor.py:840} INFO - DAG(s) 'clean_hour_data' retrieved from /opt/airflow/dags/clean_hour_data.py
[2025-09-15T07:41:55.186+0000] {logging_mixin.py:188} INFO - [2025-09-15T07:41:55.186+0000] {dag.py:3096} INFO - Sync 1 DAGs
[2025-09-15T07:41:55.197+0000] {logging_mixin.py:188} INFO - [2025-09-15T07:41:55.197+0000] {dag.py:3954} INFO - Setting next_dagrun for clean_hour_data to None, run_after=None
[2025-09-15T07:41:55.217+0000] {processor.py:183} INFO - Processing /opt/airflow/dags/clean_hour_data.py took 0.092 seconds
[2025-09-15T07:42:25.744+0000] {processor.py:161} INFO - Started process (PID=4383) to work on /opt/airflow/dags/clean_hour_data.py
[2025-09-15T07:42:25.745+0000] {processor.py:830} INFO - Processing file /opt/airflow/dags/clean_hour_data.py for tasks to queue
[2025-09-15T07:42:25.746+0000] {logging_mixin.py:188} INFO - [2025-09-15T07:42:25.746+0000] {dagbag.py:540} INFO - Filling up the DagBag from /opt/airflow/dags/clean_hour_data.py
[2025-09-15T07:42:25.762+0000] {processor.py:840} INFO - DAG(s) 'clean_hour_data' retrieved from /opt/airflow/dags/clean_hour_data.py
[2025-09-15T07:42:25.786+0000] {logging_mixin.py:188} INFO - [2025-09-15T07:42:25.785+0000] {dag.py:3096} INFO - Sync 1 DAGs
[2025-09-15T07:42:25.796+0000] {logging_mixin.py:188} INFO - [2025-09-15T07:42:25.796+0000] {dag.py:3954} INFO - Setting next_dagrun for clean_hour_data to None, run_after=None
[2025-09-15T07:42:25.814+0000] {processor.py:183} INFO - Processing /opt/airflow/dags/clean_hour_data.py took 0.075 seconds
[2025-09-15T07:42:56.388+0000] {processor.py:161} INFO - Started process (PID=4418) to work on /opt/airflow/dags/clean_hour_data.py
[2025-09-15T07:42:56.389+0000] {processor.py:830} INFO - Processing file /opt/airflow/dags/clean_hour_data.py for tasks to queue
[2025-09-15T07:42:56.390+0000] {logging_mixin.py:188} INFO - [2025-09-15T07:42:56.390+0000] {dagbag.py:540} INFO - Filling up the DagBag from /opt/airflow/dags/clean_hour_data.py
[2025-09-15T07:42:56.406+0000] {processor.py:840} INFO - DAG(s) 'clean_hour_data' retrieved from /opt/airflow/dags/clean_hour_data.py
[2025-09-15T07:42:56.429+0000] {logging_mixin.py:188} INFO - [2025-09-15T07:42:56.428+0000] {dag.py:3096} INFO - Sync 1 DAGs
[2025-09-15T07:42:56.439+0000] {logging_mixin.py:188} INFO - [2025-09-15T07:42:56.439+0000] {dag.py:3954} INFO - Setting next_dagrun for clean_hour_data to None, run_after=None
[2025-09-15T07:42:56.459+0000] {processor.py:183} INFO - Processing /opt/airflow/dags/clean_hour_data.py took 0.076 seconds
[2025-09-15T07:43:27.129+0000] {processor.py:161} INFO - Started process (PID=4453) to work on /opt/airflow/dags/clean_hour_data.py
[2025-09-15T07:43:27.130+0000] {processor.py:830} INFO - Processing file /opt/airflow/dags/clean_hour_data.py for tasks to queue
[2025-09-15T07:43:27.132+0000] {logging_mixin.py:188} INFO - [2025-09-15T07:43:27.131+0000] {dagbag.py:540} INFO - Filling up the DagBag from /opt/airflow/dags/clean_hour_data.py
[2025-09-15T07:43:27.150+0000] {processor.py:840} INFO - DAG(s) 'clean_hour_data' retrieved from /opt/airflow/dags/clean_hour_data.py
[2025-09-15T07:43:27.186+0000] {logging_mixin.py:188} INFO - [2025-09-15T07:43:27.186+0000] {dag.py:3096} INFO - Sync 1 DAGs
[2025-09-15T07:43:27.205+0000] {logging_mixin.py:188} INFO - [2025-09-15T07:43:27.205+0000] {dag.py:3954} INFO - Setting next_dagrun for clean_hour_data to None, run_after=None
[2025-09-15T07:43:27.235+0000] {processor.py:183} INFO - Processing /opt/airflow/dags/clean_hour_data.py took 0.113 seconds
[2025-09-15T07:43:57.885+0000] {processor.py:161} INFO - Started process (PID=4488) to work on /opt/airflow/dags/clean_hour_data.py
[2025-09-15T07:43:57.887+0000] {processor.py:830} INFO - Processing file /opt/airflow/dags/clean_hour_data.py for tasks to queue
[2025-09-15T07:43:57.889+0000] {logging_mixin.py:188} INFO - [2025-09-15T07:43:57.888+0000] {dagbag.py:540} INFO - Filling up the DagBag from /opt/airflow/dags/clean_hour_data.py
[2025-09-15T07:43:57.924+0000] {processor.py:840} INFO - DAG(s) 'clean_hour_data' retrieved from /opt/airflow/dags/clean_hour_data.py
[2025-09-15T07:43:57.962+0000] {logging_mixin.py:188} INFO - [2025-09-15T07:43:57.961+0000] {dag.py:3096} INFO - Sync 1 DAGs
[2025-09-15T07:43:57.981+0000] {logging_mixin.py:188} INFO - [2025-09-15T07:43:57.980+0000] {dag.py:3954} INFO - Setting next_dagrun for clean_hour_data to None, run_after=None
[2025-09-15T07:43:58.009+0000] {processor.py:183} INFO - Processing /opt/airflow/dags/clean_hour_data.py took 0.138 seconds
[2025-09-15T07:44:28.725+0000] {processor.py:161} INFO - Started process (PID=4523) to work on /opt/airflow/dags/clean_hour_data.py
[2025-09-15T07:44:28.726+0000] {processor.py:830} INFO - Processing file /opt/airflow/dags/clean_hour_data.py for tasks to queue
[2025-09-15T07:44:28.727+0000] {logging_mixin.py:188} INFO - [2025-09-15T07:44:28.726+0000] {dagbag.py:540} INFO - Filling up the DagBag from /opt/airflow/dags/clean_hour_data.py
[2025-09-15T07:44:28.742+0000] {processor.py:840} INFO - DAG(s) 'clean_hour_data' retrieved from /opt/airflow/dags/clean_hour_data.py
[2025-09-15T07:44:28.768+0000] {logging_mixin.py:188} INFO - [2025-09-15T07:44:28.768+0000] {dag.py:3096} INFO - Sync 1 DAGs
[2025-09-15T07:44:28.781+0000] {logging_mixin.py:188} INFO - [2025-09-15T07:44:28.781+0000] {dag.py:3954} INFO - Setting next_dagrun for clean_hour_data to None, run_after=None
[2025-09-15T07:44:28.802+0000] {processor.py:183} INFO - Processing /opt/airflow/dags/clean_hour_data.py took 0.082 seconds
[2025-09-15T07:44:59.206+0000] {processor.py:161} INFO - Started process (PID=4558) to work on /opt/airflow/dags/clean_hour_data.py
[2025-09-15T07:44:59.207+0000] {processor.py:830} INFO - Processing file /opt/airflow/dags/clean_hour_data.py for tasks to queue
[2025-09-15T07:44:59.208+0000] {logging_mixin.py:188} INFO - [2025-09-15T07:44:59.208+0000] {dagbag.py:540} INFO - Filling up the DagBag from /opt/airflow/dags/clean_hour_data.py
[2025-09-15T07:44:59.225+0000] {processor.py:840} INFO - DAG(s) 'clean_hour_data' retrieved from /opt/airflow/dags/clean_hour_data.py
[2025-09-15T07:44:59.275+0000] {logging_mixin.py:188} INFO - [2025-09-15T07:44:59.275+0000] {dag.py:3096} INFO - Sync 1 DAGs
[2025-09-15T07:44:59.303+0000] {logging_mixin.py:188} INFO - [2025-09-15T07:44:59.301+0000] {dag.py:3954} INFO - Setting next_dagrun for clean_hour_data to None, run_after=None
[2025-09-15T07:44:59.356+0000] {processor.py:183} INFO - Processing /opt/airflow/dags/clean_hour_data.py took 0.156 seconds
[2025-09-15T07:45:30.143+0000] {processor.py:161} INFO - Started process (PID=4593) to work on /opt/airflow/dags/clean_hour_data.py
[2025-09-15T07:45:30.149+0000] {processor.py:830} INFO - Processing file /opt/airflow/dags/clean_hour_data.py for tasks to queue
[2025-09-15T07:45:30.155+0000] {logging_mixin.py:188} INFO - [2025-09-15T07:45:30.151+0000] {dagbag.py:540} INFO - Filling up the DagBag from /opt/airflow/dags/clean_hour_data.py
[2025-09-15T07:45:30.230+0000] {processor.py:840} INFO - DAG(s) 'clean_hour_data' retrieved from /opt/airflow/dags/clean_hour_data.py
[2025-09-15T07:45:30.293+0000] {logging_mixin.py:188} INFO - [2025-09-15T07:45:30.293+0000] {dag.py:3096} INFO - Sync 1 DAGs
[2025-09-15T07:45:30.304+0000] {logging_mixin.py:188} INFO - [2025-09-15T07:45:30.304+0000] {dag.py:3954} INFO - Setting next_dagrun for clean_hour_data to None, run_after=None
[2025-09-15T07:45:30.325+0000] {processor.py:183} INFO - Processing /opt/airflow/dags/clean_hour_data.py took 0.198 seconds
[2025-09-15T07:46:01.044+0000] {processor.py:161} INFO - Started process (PID=4628) to work on /opt/airflow/dags/clean_hour_data.py
[2025-09-15T07:46:01.045+0000] {processor.py:830} INFO - Processing file /opt/airflow/dags/clean_hour_data.py for tasks to queue
[2025-09-15T07:46:01.046+0000] {logging_mixin.py:188} INFO - [2025-09-15T07:46:01.046+0000] {dagbag.py:540} INFO - Filling up the DagBag from /opt/airflow/dags/clean_hour_data.py
[2025-09-15T07:46:01.065+0000] {processor.py:840} INFO - DAG(s) 'clean_hour_data' retrieved from /opt/airflow/dags/clean_hour_data.py
[2025-09-15T07:46:01.091+0000] {logging_mixin.py:188} INFO - [2025-09-15T07:46:01.091+0000] {dag.py:3096} INFO - Sync 1 DAGs
[2025-09-15T07:46:01.103+0000] {logging_mixin.py:188} INFO - [2025-09-15T07:46:01.103+0000] {dag.py:3954} INFO - Setting next_dagrun for clean_hour_data to None, run_after=None
[2025-09-15T07:46:01.123+0000] {processor.py:183} INFO - Processing /opt/airflow/dags/clean_hour_data.py took 0.084 seconds
[2025-09-15T07:46:31.833+0000] {processor.py:161} INFO - Started process (PID=4663) to work on /opt/airflow/dags/clean_hour_data.py
[2025-09-15T07:46:31.834+0000] {processor.py:830} INFO - Processing file /opt/airflow/dags/clean_hour_data.py for tasks to queue
[2025-09-15T07:46:31.835+0000] {logging_mixin.py:188} INFO - [2025-09-15T07:46:31.834+0000] {dagbag.py:540} INFO - Filling up the DagBag from /opt/airflow/dags/clean_hour_data.py
[2025-09-15T07:46:31.851+0000] {processor.py:840} INFO - DAG(s) 'clean_hour_data' retrieved from /opt/airflow/dags/clean_hour_data.py
[2025-09-15T07:46:31.874+0000] {logging_mixin.py:188} INFO - [2025-09-15T07:46:31.873+0000] {dag.py:3096} INFO - Sync 1 DAGs
[2025-09-15T07:46:31.885+0000] {logging_mixin.py:188} INFO - [2025-09-15T07:46:31.885+0000] {dag.py:3954} INFO - Setting next_dagrun for clean_hour_data to None, run_after=None
[2025-09-15T07:46:31.904+0000] {processor.py:183} INFO - Processing /opt/airflow/dags/clean_hour_data.py took 0.076 seconds
[2025-09-15T07:47:03.013+0000] {processor.py:161} INFO - Started process (PID=4698) to work on /opt/airflow/dags/clean_hour_data.py
[2025-09-15T07:47:03.014+0000] {processor.py:830} INFO - Processing file /opt/airflow/dags/clean_hour_data.py for tasks to queue
[2025-09-15T07:47:03.015+0000] {logging_mixin.py:188} INFO - [2025-09-15T07:47:03.014+0000] {dagbag.py:540} INFO - Filling up the DagBag from /opt/airflow/dags/clean_hour_data.py
[2025-09-15T07:47:03.045+0000] {processor.py:840} INFO - DAG(s) 'clean_hour_data' retrieved from /opt/airflow/dags/clean_hour_data.py
[2025-09-15T07:47:03.149+0000] {logging_mixin.py:188} INFO - [2025-09-15T07:47:03.148+0000] {dag.py:3096} INFO - Sync 1 DAGs
[2025-09-15T07:47:03.168+0000] {logging_mixin.py:188} INFO - [2025-09-15T07:47:03.167+0000] {dag.py:3954} INFO - Setting next_dagrun for clean_hour_data to None, run_after=None
[2025-09-15T07:47:03.236+0000] {processor.py:183} INFO - Processing /opt/airflow/dags/clean_hour_data.py took 0.228 seconds
[2025-09-15T07:47:34.015+0000] {processor.py:161} INFO - Started process (PID=4733) to work on /opt/airflow/dags/clean_hour_data.py
[2025-09-15T07:47:34.016+0000] {processor.py:830} INFO - Processing file /opt/airflow/dags/clean_hour_data.py for tasks to queue
[2025-09-15T07:47:34.017+0000] {logging_mixin.py:188} INFO - [2025-09-15T07:47:34.017+0000] {dagbag.py:540} INFO - Filling up the DagBag from /opt/airflow/dags/clean_hour_data.py
[2025-09-15T07:47:34.035+0000] {processor.py:840} INFO - DAG(s) 'clean_hour_data' retrieved from /opt/airflow/dags/clean_hour_data.py
[2025-09-15T07:47:34.064+0000] {logging_mixin.py:188} INFO - [2025-09-15T07:47:34.064+0000] {dag.py:3096} INFO - Sync 1 DAGs
[2025-09-15T07:47:34.076+0000] {logging_mixin.py:188} INFO - [2025-09-15T07:47:34.076+0000] {dag.py:3954} INFO - Setting next_dagrun for clean_hour_data to None, run_after=None
[2025-09-15T07:47:34.097+0000] {processor.py:183} INFO - Processing /opt/airflow/dags/clean_hour_data.py took 0.088 seconds
[2025-09-15T07:48:04.922+0000] {processor.py:161} INFO - Started process (PID=4768) to work on /opt/airflow/dags/clean_hour_data.py
[2025-09-15T07:48:04.923+0000] {processor.py:830} INFO - Processing file /opt/airflow/dags/clean_hour_data.py for tasks to queue
[2025-09-15T07:48:04.923+0000] {logging_mixin.py:188} INFO - [2025-09-15T07:48:04.923+0000] {dagbag.py:540} INFO - Filling up the DagBag from /opt/airflow/dags/clean_hour_data.py
[2025-09-15T07:48:04.939+0000] {processor.py:840} INFO - DAG(s) 'clean_hour_data' retrieved from /opt/airflow/dags/clean_hour_data.py
[2025-09-15T07:48:04.965+0000] {logging_mixin.py:188} INFO - [2025-09-15T07:48:04.965+0000] {dag.py:3096} INFO - Sync 1 DAGs
[2025-09-15T07:48:04.976+0000] {logging_mixin.py:188} INFO - [2025-09-15T07:48:04.976+0000] {dag.py:3954} INFO - Setting next_dagrun for clean_hour_data to None, run_after=None
[2025-09-15T07:48:04.995+0000] {processor.py:183} INFO - Processing /opt/airflow/dags/clean_hour_data.py took 0.078 seconds
[2025-09-15T07:48:35.983+0000] {processor.py:161} INFO - Started process (PID=4803) to work on /opt/airflow/dags/clean_hour_data.py
[2025-09-15T07:48:35.984+0000] {processor.py:830} INFO - Processing file /opt/airflow/dags/clean_hour_data.py for tasks to queue
[2025-09-15T07:48:35.986+0000] {logging_mixin.py:188} INFO - [2025-09-15T07:48:35.985+0000] {dagbag.py:540} INFO - Filling up the DagBag from /opt/airflow/dags/clean_hour_data.py
[2025-09-15T07:48:36.028+0000] {processor.py:840} INFO - DAG(s) 'clean_hour_data' retrieved from /opt/airflow/dags/clean_hour_data.py
[2025-09-15T07:48:36.066+0000] {logging_mixin.py:188} INFO - [2025-09-15T07:48:36.065+0000] {dag.py:3096} INFO - Sync 1 DAGs
[2025-09-15T07:48:36.081+0000] {logging_mixin.py:188} INFO - [2025-09-15T07:48:36.081+0000] {dag.py:3954} INFO - Setting next_dagrun for clean_hour_data to None, run_after=None
[2025-09-15T07:48:36.106+0000] {processor.py:183} INFO - Processing /opt/airflow/dags/clean_hour_data.py took 0.128 seconds
[2025-09-15T07:49:06.848+0000] {processor.py:161} INFO - Started process (PID=4838) to work on /opt/airflow/dags/clean_hour_data.py
[2025-09-15T07:49:06.849+0000] {processor.py:830} INFO - Processing file /opt/airflow/dags/clean_hour_data.py for tasks to queue
[2025-09-15T07:49:06.850+0000] {logging_mixin.py:188} INFO - [2025-09-15T07:49:06.849+0000] {dagbag.py:540} INFO - Filling up the DagBag from /opt/airflow/dags/clean_hour_data.py
[2025-09-15T07:49:06.866+0000] {processor.py:840} INFO - DAG(s) 'clean_hour_data' retrieved from /opt/airflow/dags/clean_hour_data.py
[2025-09-15T07:49:06.890+0000] {logging_mixin.py:188} INFO - [2025-09-15T07:49:06.890+0000] {dag.py:3096} INFO - Sync 1 DAGs
[2025-09-15T07:49:06.900+0000] {logging_mixin.py:188} INFO - [2025-09-15T07:49:06.900+0000] {dag.py:3954} INFO - Setting next_dagrun for clean_hour_data to None, run_after=None
[2025-09-15T07:49:06.919+0000] {processor.py:183} INFO - Processing /opt/airflow/dags/clean_hour_data.py took 0.077 seconds
[2025-09-15T07:49:37.596+0000] {processor.py:161} INFO - Started process (PID=4873) to work on /opt/airflow/dags/clean_hour_data.py
[2025-09-15T07:49:37.597+0000] {processor.py:830} INFO - Processing file /opt/airflow/dags/clean_hour_data.py for tasks to queue
[2025-09-15T07:49:37.597+0000] {logging_mixin.py:188} INFO - [2025-09-15T07:49:37.597+0000] {dagbag.py:540} INFO - Filling up the DagBag from /opt/airflow/dags/clean_hour_data.py
[2025-09-15T07:49:37.613+0000] {processor.py:840} INFO - DAG(s) 'clean_hour_data' retrieved from /opt/airflow/dags/clean_hour_data.py
[2025-09-15T07:49:37.636+0000] {logging_mixin.py:188} INFO - [2025-09-15T07:49:37.636+0000] {dag.py:3096} INFO - Sync 1 DAGs
[2025-09-15T07:49:37.647+0000] {logging_mixin.py:188} INFO - [2025-09-15T07:49:37.647+0000] {dag.py:3954} INFO - Setting next_dagrun for clean_hour_data to None, run_after=None
[2025-09-15T07:49:37.667+0000] {processor.py:183} INFO - Processing /opt/airflow/dags/clean_hour_data.py took 0.077 seconds
[2025-09-15T07:50:08.474+0000] {processor.py:161} INFO - Started process (PID=4908) to work on /opt/airflow/dags/clean_hour_data.py
[2025-09-15T07:50:08.475+0000] {processor.py:830} INFO - Processing file /opt/airflow/dags/clean_hour_data.py for tasks to queue
[2025-09-15T07:50:08.476+0000] {logging_mixin.py:188} INFO - [2025-09-15T07:50:08.476+0000] {dagbag.py:540} INFO - Filling up the DagBag from /opt/airflow/dags/clean_hour_data.py
[2025-09-15T07:50:08.502+0000] {processor.py:840} INFO - DAG(s) 'clean_hour_data' retrieved from /opt/airflow/dags/clean_hour_data.py
[2025-09-15T07:50:08.537+0000] {logging_mixin.py:188} INFO - [2025-09-15T07:50:08.537+0000] {dag.py:3096} INFO - Sync 1 DAGs
[2025-09-15T07:50:08.560+0000] {logging_mixin.py:188} INFO - [2025-09-15T07:50:08.560+0000] {dag.py:3954} INFO - Setting next_dagrun for clean_hour_data to None, run_after=None
[2025-09-15T07:50:08.603+0000] {processor.py:183} INFO - Processing /opt/airflow/dags/clean_hour_data.py took 0.135 seconds
[2025-09-15T07:50:39.462+0000] {processor.py:161} INFO - Started process (PID=4943) to work on /opt/airflow/dags/clean_hour_data.py
[2025-09-15T07:50:39.464+0000] {processor.py:830} INFO - Processing file /opt/airflow/dags/clean_hour_data.py for tasks to queue
[2025-09-15T07:50:39.466+0000] {logging_mixin.py:188} INFO - [2025-09-15T07:50:39.465+0000] {dagbag.py:540} INFO - Filling up the DagBag from /opt/airflow/dags/clean_hour_data.py
[2025-09-15T07:50:39.489+0000] {processor.py:840} INFO - DAG(s) 'clean_hour_data' retrieved from /opt/airflow/dags/clean_hour_data.py
[2025-09-15T07:50:39.517+0000] {logging_mixin.py:188} INFO - [2025-09-15T07:50:39.517+0000] {dag.py:3096} INFO - Sync 1 DAGs
[2025-09-15T07:50:39.529+0000] {logging_mixin.py:188} INFO - [2025-09-15T07:50:39.529+0000] {dag.py:3954} INFO - Setting next_dagrun for clean_hour_data to None, run_after=None
[2025-09-15T07:50:39.557+0000] {processor.py:183} INFO - Processing /opt/airflow/dags/clean_hour_data.py took 0.105 seconds
[2025-09-15T07:51:10.182+0000] {processor.py:161} INFO - Started process (PID=4978) to work on /opt/airflow/dags/clean_hour_data.py
[2025-09-15T07:51:10.183+0000] {processor.py:830} INFO - Processing file /opt/airflow/dags/clean_hour_data.py for tasks to queue
[2025-09-15T07:51:10.184+0000] {logging_mixin.py:188} INFO - [2025-09-15T07:51:10.184+0000] {dagbag.py:540} INFO - Filling up the DagBag from /opt/airflow/dags/clean_hour_data.py
[2025-09-15T07:51:10.201+0000] {processor.py:840} INFO - DAG(s) 'clean_hour_data' retrieved from /opt/airflow/dags/clean_hour_data.py
[2025-09-15T07:51:10.225+0000] {logging_mixin.py:188} INFO - [2025-09-15T07:51:10.224+0000] {dag.py:3096} INFO - Sync 1 DAGs
[2025-09-15T07:51:10.235+0000] {logging_mixin.py:188} INFO - [2025-09-15T07:51:10.235+0000] {dag.py:3954} INFO - Setting next_dagrun for clean_hour_data to None, run_after=None
[2025-09-15T07:51:10.254+0000] {processor.py:183} INFO - Processing /opt/airflow/dags/clean_hour_data.py took 0.076 seconds
[2025-09-15T07:51:40.812+0000] {processor.py:161} INFO - Started process (PID=5013) to work on /opt/airflow/dags/clean_hour_data.py
[2025-09-15T07:51:40.813+0000] {processor.py:830} INFO - Processing file /opt/airflow/dags/clean_hour_data.py for tasks to queue
[2025-09-15T07:51:40.814+0000] {logging_mixin.py:188} INFO - [2025-09-15T07:51:40.814+0000] {dagbag.py:540} INFO - Filling up the DagBag from /opt/airflow/dags/clean_hour_data.py
[2025-09-15T07:51:40.830+0000] {processor.py:840} INFO - DAG(s) 'clean_hour_data' retrieved from /opt/airflow/dags/clean_hour_data.py
[2025-09-15T07:51:40.857+0000] {logging_mixin.py:188} INFO - [2025-09-15T07:51:40.856+0000] {dag.py:3096} INFO - Sync 1 DAGs
[2025-09-15T07:51:40.868+0000] {logging_mixin.py:188} INFO - [2025-09-15T07:51:40.867+0000] {dag.py:3954} INFO - Setting next_dagrun for clean_hour_data to None, run_after=None
[2025-09-15T07:51:40.886+0000] {processor.py:183} INFO - Processing /opt/airflow/dags/clean_hour_data.py took 0.080 seconds
[2025-09-15T07:52:11.787+0000] {processor.py:161} INFO - Started process (PID=5048) to work on /opt/airflow/dags/clean_hour_data.py
[2025-09-15T07:52:11.788+0000] {processor.py:830} INFO - Processing file /opt/airflow/dags/clean_hour_data.py for tasks to queue
[2025-09-15T07:52:11.790+0000] {logging_mixin.py:188} INFO - [2025-09-15T07:52:11.789+0000] {dagbag.py:540} INFO - Filling up the DagBag from /opt/airflow/dags/clean_hour_data.py
[2025-09-15T07:52:11.825+0000] {processor.py:840} INFO - DAG(s) 'clean_hour_data' retrieved from /opt/airflow/dags/clean_hour_data.py
[2025-09-15T07:52:11.860+0000] {logging_mixin.py:188} INFO - [2025-09-15T07:52:11.859+0000] {dag.py:3096} INFO - Sync 1 DAGs
[2025-09-15T07:52:11.871+0000] {logging_mixin.py:188} INFO - [2025-09-15T07:52:11.870+0000] {dag.py:3954} INFO - Setting next_dagrun for clean_hour_data to None, run_after=None
[2025-09-15T07:52:11.890+0000] {processor.py:183} INFO - Processing /opt/airflow/dags/clean_hour_data.py took 0.129 seconds
[2025-09-15T07:52:42.686+0000] {processor.py:161} INFO - Started process (PID=5083) to work on /opt/airflow/dags/clean_hour_data.py
[2025-09-15T07:52:42.687+0000] {processor.py:830} INFO - Processing file /opt/airflow/dags/clean_hour_data.py for tasks to queue
[2025-09-15T07:52:42.688+0000] {logging_mixin.py:188} INFO - [2025-09-15T07:52:42.688+0000] {dagbag.py:540} INFO - Filling up the DagBag from /opt/airflow/dags/clean_hour_data.py
[2025-09-15T07:52:42.709+0000] {processor.py:840} INFO - DAG(s) 'clean_hour_data' retrieved from /opt/airflow/dags/clean_hour_data.py
[2025-09-15T07:52:42.739+0000] {logging_mixin.py:188} INFO - [2025-09-15T07:52:42.739+0000] {dag.py:3096} INFO - Sync 1 DAGs
[2025-09-15T07:52:42.753+0000] {logging_mixin.py:188} INFO - [2025-09-15T07:52:42.752+0000] {dag.py:3954} INFO - Setting next_dagrun for clean_hour_data to None, run_after=None
[2025-09-15T07:52:42.780+0000] {processor.py:183} INFO - Processing /opt/airflow/dags/clean_hour_data.py took 0.099 seconds
[2025-09-15T07:53:13.503+0000] {processor.py:161} INFO - Started process (PID=5118) to work on /opt/airflow/dags/clean_hour_data.py
[2025-09-15T07:53:13.504+0000] {processor.py:830} INFO - Processing file /opt/airflow/dags/clean_hour_data.py for tasks to queue
[2025-09-15T07:53:13.505+0000] {logging_mixin.py:188} INFO - [2025-09-15T07:53:13.505+0000] {dagbag.py:540} INFO - Filling up the DagBag from /opt/airflow/dags/clean_hour_data.py
[2025-09-15T07:53:13.525+0000] {processor.py:840} INFO - DAG(s) 'clean_hour_data' retrieved from /opt/airflow/dags/clean_hour_data.py
[2025-09-15T07:53:13.561+0000] {logging_mixin.py:188} INFO - [2025-09-15T07:53:13.560+0000] {dag.py:3096} INFO - Sync 1 DAGs
[2025-09-15T07:53:13.576+0000] {logging_mixin.py:188} INFO - [2025-09-15T07:53:13.576+0000] {dag.py:3954} INFO - Setting next_dagrun for clean_hour_data to None, run_after=None
[2025-09-15T07:53:13.601+0000] {processor.py:183} INFO - Processing /opt/airflow/dags/clean_hour_data.py took 0.106 seconds
[2025-09-15T07:53:44.491+0000] {processor.py:161} INFO - Started process (PID=5153) to work on /opt/airflow/dags/clean_hour_data.py
[2025-09-15T07:53:44.492+0000] {processor.py:830} INFO - Processing file /opt/airflow/dags/clean_hour_data.py for tasks to queue
[2025-09-15T07:53:44.493+0000] {logging_mixin.py:188} INFO - [2025-09-15T07:53:44.493+0000] {dagbag.py:540} INFO - Filling up the DagBag from /opt/airflow/dags/clean_hour_data.py
[2025-09-15T07:53:44.517+0000] {processor.py:840} INFO - DAG(s) 'clean_hour_data' retrieved from /opt/airflow/dags/clean_hour_data.py
[2025-09-15T07:53:44.561+0000] {logging_mixin.py:188} INFO - [2025-09-15T07:53:44.560+0000] {dag.py:3096} INFO - Sync 1 DAGs
[2025-09-15T07:53:44.579+0000] {logging_mixin.py:188} INFO - [2025-09-15T07:53:44.579+0000] {dag.py:3954} INFO - Setting next_dagrun for clean_hour_data to None, run_after=None
[2025-09-15T07:53:44.608+0000] {processor.py:183} INFO - Processing /opt/airflow/dags/clean_hour_data.py took 0.144 seconds
[2025-09-15T07:54:15.224+0000] {processor.py:161} INFO - Started process (PID=5188) to work on /opt/airflow/dags/clean_hour_data.py
[2025-09-15T07:54:15.225+0000] {processor.py:830} INFO - Processing file /opt/airflow/dags/clean_hour_data.py for tasks to queue
[2025-09-15T07:54:15.227+0000] {logging_mixin.py:188} INFO - [2025-09-15T07:54:15.226+0000] {dagbag.py:540} INFO - Filling up the DagBag from /opt/airflow/dags/clean_hour_data.py
[2025-09-15T07:54:15.257+0000] {processor.py:840} INFO - DAG(s) 'clean_hour_data' retrieved from /opt/airflow/dags/clean_hour_data.py
[2025-09-15T07:54:15.294+0000] {logging_mixin.py:188} INFO - [2025-09-15T07:54:15.294+0000] {dag.py:3096} INFO - Sync 1 DAGs
[2025-09-15T07:54:15.307+0000] {logging_mixin.py:188} INFO - [2025-09-15T07:54:15.306+0000] {dag.py:3954} INFO - Setting next_dagrun for clean_hour_data to None, run_after=None
[2025-09-15T07:54:15.329+0000] {processor.py:183} INFO - Processing /opt/airflow/dags/clean_hour_data.py took 0.113 seconds
[2025-09-15T07:54:45.914+0000] {processor.py:161} INFO - Started process (PID=5223) to work on /opt/airflow/dags/clean_hour_data.py
[2025-09-15T07:54:45.917+0000] {processor.py:830} INFO - Processing file /opt/airflow/dags/clean_hour_data.py for tasks to queue
[2025-09-15T07:54:45.919+0000] {logging_mixin.py:188} INFO - [2025-09-15T07:54:45.918+0000] {dagbag.py:540} INFO - Filling up the DagBag from /opt/airflow/dags/clean_hour_data.py
[2025-09-15T07:54:45.936+0000] {processor.py:840} INFO - DAG(s) 'clean_hour_data' retrieved from /opt/airflow/dags/clean_hour_data.py
[2025-09-15T07:54:45.961+0000] {logging_mixin.py:188} INFO - [2025-09-15T07:54:45.961+0000] {dag.py:3096} INFO - Sync 1 DAGs
[2025-09-15T07:54:45.973+0000] {logging_mixin.py:188} INFO - [2025-09-15T07:54:45.972+0000] {dag.py:3954} INFO - Setting next_dagrun for clean_hour_data to None, run_after=None
[2025-09-15T07:54:45.993+0000] {processor.py:183} INFO - Processing /opt/airflow/dags/clean_hour_data.py took 0.085 seconds
[2025-09-15T07:55:16.668+0000] {processor.py:161} INFO - Started process (PID=5258) to work on /opt/airflow/dags/clean_hour_data.py
[2025-09-15T07:55:16.669+0000] {processor.py:830} INFO - Processing file /opt/airflow/dags/clean_hour_data.py for tasks to queue
[2025-09-15T07:55:16.670+0000] {logging_mixin.py:188} INFO - [2025-09-15T07:55:16.670+0000] {dagbag.py:540} INFO - Filling up the DagBag from /opt/airflow/dags/clean_hour_data.py
[2025-09-15T07:55:16.686+0000] {processor.py:840} INFO - DAG(s) 'clean_hour_data' retrieved from /opt/airflow/dags/clean_hour_data.py
[2025-09-15T07:55:16.711+0000] {logging_mixin.py:188} INFO - [2025-09-15T07:55:16.711+0000] {dag.py:3096} INFO - Sync 1 DAGs
[2025-09-15T07:55:16.722+0000] {logging_mixin.py:188} INFO - [2025-09-15T07:55:16.722+0000] {dag.py:3954} INFO - Setting next_dagrun for clean_hour_data to None, run_after=None
[2025-09-15T07:55:16.743+0000] {processor.py:183} INFO - Processing /opt/airflow/dags/clean_hour_data.py took 0.081 seconds
[2025-09-15T07:55:47.402+0000] {processor.py:161} INFO - Started process (PID=5293) to work on /opt/airflow/dags/clean_hour_data.py
[2025-09-15T07:55:47.403+0000] {processor.py:830} INFO - Processing file /opt/airflow/dags/clean_hour_data.py for tasks to queue
[2025-09-15T07:55:47.403+0000] {logging_mixin.py:188} INFO - [2025-09-15T07:55:47.403+0000] {dagbag.py:540} INFO - Filling up the DagBag from /opt/airflow/dags/clean_hour_data.py
[2025-09-15T07:55:47.419+0000] {processor.py:840} INFO - DAG(s) 'clean_hour_data' retrieved from /opt/airflow/dags/clean_hour_data.py
[2025-09-15T07:55:47.444+0000] {logging_mixin.py:188} INFO - [2025-09-15T07:55:47.444+0000] {dag.py:3096} INFO - Sync 1 DAGs
[2025-09-15T07:55:47.456+0000] {logging_mixin.py:188} INFO - [2025-09-15T07:55:47.455+0000] {dag.py:3954} INFO - Setting next_dagrun for clean_hour_data to None, run_after=None
[2025-09-15T07:55:47.477+0000] {processor.py:183} INFO - Processing /opt/airflow/dags/clean_hour_data.py took 0.080 seconds
[2025-09-15T07:56:18.076+0000] {processor.py:161} INFO - Started process (PID=5328) to work on /opt/airflow/dags/clean_hour_data.py
[2025-09-15T07:56:18.077+0000] {processor.py:830} INFO - Processing file /opt/airflow/dags/clean_hour_data.py for tasks to queue
[2025-09-15T07:56:18.078+0000] {logging_mixin.py:188} INFO - [2025-09-15T07:56:18.078+0000] {dagbag.py:540} INFO - Filling up the DagBag from /opt/airflow/dags/clean_hour_data.py
[2025-09-15T07:56:18.102+0000] {processor.py:840} INFO - DAG(s) 'clean_hour_data' retrieved from /opt/airflow/dags/clean_hour_data.py
[2025-09-15T07:56:18.132+0000] {logging_mixin.py:188} INFO - [2025-09-15T07:56:18.131+0000] {dag.py:3096} INFO - Sync 1 DAGs
[2025-09-15T07:56:18.143+0000] {logging_mixin.py:188} INFO - [2025-09-15T07:56:18.143+0000] {dag.py:3954} INFO - Setting next_dagrun for clean_hour_data to None, run_after=None
[2025-09-15T07:56:18.163+0000] {processor.py:183} INFO - Processing /opt/airflow/dags/clean_hour_data.py took 0.095 seconds
[2025-09-15T07:56:48.899+0000] {processor.py:161} INFO - Started process (PID=5363) to work on /opt/airflow/dags/clean_hour_data.py
[2025-09-15T07:56:48.901+0000] {processor.py:830} INFO - Processing file /opt/airflow/dags/clean_hour_data.py for tasks to queue
[2025-09-15T07:56:48.902+0000] {logging_mixin.py:188} INFO - [2025-09-15T07:56:48.902+0000] {dagbag.py:540} INFO - Filling up the DagBag from /opt/airflow/dags/clean_hour_data.py
[2025-09-15T07:56:48.940+0000] {processor.py:840} INFO - DAG(s) 'clean_hour_data' retrieved from /opt/airflow/dags/clean_hour_data.py
[2025-09-15T07:56:48.979+0000] {logging_mixin.py:188} INFO - [2025-09-15T07:56:48.979+0000] {dag.py:3096} INFO - Sync 1 DAGs
[2025-09-15T07:56:48.991+0000] {logging_mixin.py:188} INFO - [2025-09-15T07:56:48.991+0000] {dag.py:3954} INFO - Setting next_dagrun for clean_hour_data to None, run_after=None
[2025-09-15T07:56:49.013+0000] {processor.py:183} INFO - Processing /opt/airflow/dags/clean_hour_data.py took 0.126 seconds
[2025-09-15T07:57:19.600+0000] {processor.py:161} INFO - Started process (PID=5398) to work on /opt/airflow/dags/clean_hour_data.py
[2025-09-15T07:57:19.601+0000] {processor.py:830} INFO - Processing file /opt/airflow/dags/clean_hour_data.py for tasks to queue
[2025-09-15T07:57:19.601+0000] {logging_mixin.py:188} INFO - [2025-09-15T07:57:19.601+0000] {dagbag.py:540} INFO - Filling up the DagBag from /opt/airflow/dags/clean_hour_data.py
[2025-09-15T07:57:19.617+0000] {processor.py:840} INFO - DAG(s) 'clean_hour_data' retrieved from /opt/airflow/dags/clean_hour_data.py
[2025-09-15T07:57:19.640+0000] {logging_mixin.py:188} INFO - [2025-09-15T07:57:19.640+0000] {dag.py:3096} INFO - Sync 1 DAGs
[2025-09-15T07:57:19.650+0000] {logging_mixin.py:188} INFO - [2025-09-15T07:57:19.650+0000] {dag.py:3954} INFO - Setting next_dagrun for clean_hour_data to None, run_after=None
[2025-09-15T07:57:19.669+0000] {processor.py:183} INFO - Processing /opt/airflow/dags/clean_hour_data.py took 0.075 seconds
[2025-09-15T07:57:50.259+0000] {processor.py:161} INFO - Started process (PID=5433) to work on /opt/airflow/dags/clean_hour_data.py
[2025-09-15T07:57:50.260+0000] {processor.py:830} INFO - Processing file /opt/airflow/dags/clean_hour_data.py for tasks to queue
[2025-09-15T07:57:50.261+0000] {logging_mixin.py:188} INFO - [2025-09-15T07:57:50.261+0000] {dagbag.py:540} INFO - Filling up the DagBag from /opt/airflow/dags/clean_hour_data.py
[2025-09-15T07:57:50.277+0000] {processor.py:840} INFO - DAG(s) 'clean_hour_data' retrieved from /opt/airflow/dags/clean_hour_data.py
[2025-09-15T07:57:50.300+0000] {logging_mixin.py:188} INFO - [2025-09-15T07:57:50.300+0000] {dag.py:3096} INFO - Sync 1 DAGs
[2025-09-15T07:57:50.313+0000] {logging_mixin.py:188} INFO - [2025-09-15T07:57:50.312+0000] {dag.py:3954} INFO - Setting next_dagrun for clean_hour_data to None, run_after=None
[2025-09-15T07:57:50.331+0000] {processor.py:183} INFO - Processing /opt/airflow/dags/clean_hour_data.py took 0.077 seconds
[2025-09-15T07:58:20.900+0000] {processor.py:161} INFO - Started process (PID=5468) to work on /opt/airflow/dags/clean_hour_data.py
[2025-09-15T07:58:20.901+0000] {processor.py:830} INFO - Processing file /opt/airflow/dags/clean_hour_data.py for tasks to queue
[2025-09-15T07:58:20.902+0000] {logging_mixin.py:188} INFO - [2025-09-15T07:58:20.902+0000] {dagbag.py:540} INFO - Filling up the DagBag from /opt/airflow/dags/clean_hour_data.py
[2025-09-15T07:58:20.917+0000] {processor.py:840} INFO - DAG(s) 'clean_hour_data' retrieved from /opt/airflow/dags/clean_hour_data.py
[2025-09-15T07:58:20.940+0000] {logging_mixin.py:188} INFO - [2025-09-15T07:58:20.940+0000] {dag.py:3096} INFO - Sync 1 DAGs
[2025-09-15T07:58:20.950+0000] {logging_mixin.py:188} INFO - [2025-09-15T07:58:20.950+0000] {dag.py:3954} INFO - Setting next_dagrun for clean_hour_data to None, run_after=None
[2025-09-15T07:58:20.969+0000] {processor.py:183} INFO - Processing /opt/airflow/dags/clean_hour_data.py took 0.074 seconds
[2025-09-15T07:58:51.557+0000] {processor.py:161} INFO - Started process (PID=5503) to work on /opt/airflow/dags/clean_hour_data.py
[2025-09-15T07:58:51.558+0000] {processor.py:830} INFO - Processing file /opt/airflow/dags/clean_hour_data.py for tasks to queue
[2025-09-15T07:58:51.559+0000] {logging_mixin.py:188} INFO - [2025-09-15T07:58:51.559+0000] {dagbag.py:540} INFO - Filling up the DagBag from /opt/airflow/dags/clean_hour_data.py
[2025-09-15T07:58:51.576+0000] {processor.py:840} INFO - DAG(s) 'clean_hour_data' retrieved from /opt/airflow/dags/clean_hour_data.py
[2025-09-15T07:58:51.601+0000] {logging_mixin.py:188} INFO - [2025-09-15T07:58:51.600+0000] {dag.py:3096} INFO - Sync 1 DAGs
[2025-09-15T07:58:51.613+0000] {logging_mixin.py:188} INFO - [2025-09-15T07:58:51.613+0000] {dag.py:3954} INFO - Setting next_dagrun for clean_hour_data to None, run_after=None
[2025-09-15T07:58:51.632+0000] {processor.py:183} INFO - Processing /opt/airflow/dags/clean_hour_data.py took 0.080 seconds
[2025-09-15T07:59:22.248+0000] {processor.py:161} INFO - Started process (PID=5538) to work on /opt/airflow/dags/clean_hour_data.py
[2025-09-15T07:59:22.250+0000] {processor.py:830} INFO - Processing file /opt/airflow/dags/clean_hour_data.py for tasks to queue
[2025-09-15T07:59:22.253+0000] {logging_mixin.py:188} INFO - [2025-09-15T07:59:22.251+0000] {dagbag.py:540} INFO - Filling up the DagBag from /opt/airflow/dags/clean_hour_data.py
[2025-09-15T07:59:22.277+0000] {processor.py:840} INFO - DAG(s) 'clean_hour_data' retrieved from /opt/airflow/dags/clean_hour_data.py
[2025-09-15T07:59:22.304+0000] {logging_mixin.py:188} INFO - [2025-09-15T07:59:22.304+0000] {dag.py:3096} INFO - Sync 1 DAGs
[2025-09-15T07:59:22.316+0000] {logging_mixin.py:188} INFO - [2025-09-15T07:59:22.316+0000] {dag.py:3954} INFO - Setting next_dagrun for clean_hour_data to None, run_after=None
[2025-09-15T07:59:22.338+0000] {processor.py:183} INFO - Processing /opt/airflow/dags/clean_hour_data.py took 0.095 seconds
[2025-09-15T07:59:52.933+0000] {processor.py:161} INFO - Started process (PID=5573) to work on /opt/airflow/dags/clean_hour_data.py
[2025-09-15T07:59:52.934+0000] {processor.py:830} INFO - Processing file /opt/airflow/dags/clean_hour_data.py for tasks to queue
[2025-09-15T07:59:52.935+0000] {logging_mixin.py:188} INFO - [2025-09-15T07:59:52.935+0000] {dagbag.py:540} INFO - Filling up the DagBag from /opt/airflow/dags/clean_hour_data.py
[2025-09-15T07:59:52.951+0000] {processor.py:840} INFO - DAG(s) 'clean_hour_data' retrieved from /opt/airflow/dags/clean_hour_data.py
[2025-09-15T07:59:52.974+0000] {logging_mixin.py:188} INFO - [2025-09-15T07:59:52.974+0000] {dag.py:3096} INFO - Sync 1 DAGs
[2025-09-15T07:59:52.985+0000] {logging_mixin.py:188} INFO - [2025-09-15T07:59:52.985+0000] {dag.py:3954} INFO - Setting next_dagrun for clean_hour_data to None, run_after=None
[2025-09-15T07:59:53.004+0000] {processor.py:183} INFO - Processing /opt/airflow/dags/clean_hour_data.py took 0.077 seconds
[2025-09-15T08:00:23.562+0000] {processor.py:161} INFO - Started process (PID=5608) to work on /opt/airflow/dags/clean_hour_data.py
[2025-09-15T08:00:23.563+0000] {processor.py:830} INFO - Processing file /opt/airflow/dags/clean_hour_data.py for tasks to queue
[2025-09-15T08:00:23.564+0000] {logging_mixin.py:188} INFO - [2025-09-15T08:00:23.564+0000] {dagbag.py:540} INFO - Filling up the DagBag from /opt/airflow/dags/clean_hour_data.py
[2025-09-15T08:00:23.582+0000] {processor.py:840} INFO - DAG(s) 'clean_hour_data' retrieved from /opt/airflow/dags/clean_hour_data.py
[2025-09-15T08:00:23.606+0000] {logging_mixin.py:188} INFO - [2025-09-15T08:00:23.606+0000] {dag.py:3096} INFO - Sync 1 DAGs
[2025-09-15T08:00:23.617+0000] {logging_mixin.py:188} INFO - [2025-09-15T08:00:23.616+0000] {dag.py:3954} INFO - Setting next_dagrun for clean_hour_data to None, run_after=None
[2025-09-15T08:00:23.636+0000] {processor.py:183} INFO - Processing /opt/airflow/dags/clean_hour_data.py took 0.080 seconds
[2025-09-15T08:00:54.177+0000] {processor.py:161} INFO - Started process (PID=5643) to work on /opt/airflow/dags/clean_hour_data.py
[2025-09-15T08:00:54.178+0000] {processor.py:830} INFO - Processing file /opt/airflow/dags/clean_hour_data.py for tasks to queue
[2025-09-15T08:00:54.179+0000] {logging_mixin.py:188} INFO - [2025-09-15T08:00:54.179+0000] {dagbag.py:540} INFO - Filling up the DagBag from /opt/airflow/dags/clean_hour_data.py
[2025-09-15T08:00:54.198+0000] {processor.py:840} INFO - DAG(s) 'clean_hour_data' retrieved from /opt/airflow/dags/clean_hour_data.py
[2025-09-15T08:00:54.225+0000] {logging_mixin.py:188} INFO - [2025-09-15T08:00:54.224+0000] {dag.py:3096} INFO - Sync 1 DAGs
[2025-09-15T08:00:54.237+0000] {logging_mixin.py:188} INFO - [2025-09-15T08:00:54.237+0000] {dag.py:3954} INFO - Setting next_dagrun for clean_hour_data to None, run_after=None
[2025-09-15T08:00:54.258+0000] {processor.py:183} INFO - Processing /opt/airflow/dags/clean_hour_data.py took 0.088 seconds
[2025-09-15T08:01:24.789+0000] {processor.py:161} INFO - Started process (PID=5678) to work on /opt/airflow/dags/clean_hour_data.py
[2025-09-15T08:01:24.790+0000] {processor.py:830} INFO - Processing file /opt/airflow/dags/clean_hour_data.py for tasks to queue
[2025-09-15T08:01:24.791+0000] {logging_mixin.py:188} INFO - [2025-09-15T08:01:24.791+0000] {dagbag.py:540} INFO - Filling up the DagBag from /opt/airflow/dags/clean_hour_data.py
[2025-09-15T08:01:24.808+0000] {processor.py:840} INFO - DAG(s) 'clean_hour_data' retrieved from /opt/airflow/dags/clean_hour_data.py
[2025-09-15T08:01:24.835+0000] {logging_mixin.py:188} INFO - [2025-09-15T08:01:24.834+0000] {dag.py:3096} INFO - Sync 1 DAGs
[2025-09-15T08:01:24.846+0000] {logging_mixin.py:188} INFO - [2025-09-15T08:01:24.846+0000] {dag.py:3954} INFO - Setting next_dagrun for clean_hour_data to None, run_after=None
[2025-09-15T08:01:24.864+0000] {processor.py:183} INFO - Processing /opt/airflow/dags/clean_hour_data.py took 0.080 seconds
[2025-09-15T08:01:55.466+0000] {processor.py:161} INFO - Started process (PID=5713) to work on /opt/airflow/dags/clean_hour_data.py
[2025-09-15T08:01:55.467+0000] {processor.py:830} INFO - Processing file /opt/airflow/dags/clean_hour_data.py for tasks to queue
[2025-09-15T08:01:55.468+0000] {logging_mixin.py:188} INFO - [2025-09-15T08:01:55.467+0000] {dagbag.py:540} INFO - Filling up the DagBag from /opt/airflow/dags/clean_hour_data.py
[2025-09-15T08:01:55.487+0000] {processor.py:840} INFO - DAG(s) 'clean_hour_data' retrieved from /opt/airflow/dags/clean_hour_data.py
[2025-09-15T08:01:55.516+0000] {logging_mixin.py:188} INFO - [2025-09-15T08:01:55.516+0000] {dag.py:3096} INFO - Sync 1 DAGs
[2025-09-15T08:01:55.527+0000] {logging_mixin.py:188} INFO - [2025-09-15T08:01:55.527+0000] {dag.py:3954} INFO - Setting next_dagrun for clean_hour_data to None, run_after=None
[2025-09-15T08:01:55.546+0000] {processor.py:183} INFO - Processing /opt/airflow/dags/clean_hour_data.py took 0.087 seconds
[2025-09-15T08:02:26.279+0000] {processor.py:161} INFO - Started process (PID=5748) to work on /opt/airflow/dags/clean_hour_data.py
[2025-09-15T08:02:26.280+0000] {processor.py:830} INFO - Processing file /opt/airflow/dags/clean_hour_data.py for tasks to queue
[2025-09-15T08:02:26.281+0000] {logging_mixin.py:188} INFO - [2025-09-15T08:02:26.281+0000] {dagbag.py:540} INFO - Filling up the DagBag from /opt/airflow/dags/clean_hour_data.py
[2025-09-15T08:02:26.302+0000] {processor.py:840} INFO - DAG(s) 'clean_hour_data' retrieved from /opt/airflow/dags/clean_hour_data.py
[2025-09-15T08:02:26.330+0000] {logging_mixin.py:188} INFO - [2025-09-15T08:02:26.330+0000] {dag.py:3096} INFO - Sync 1 DAGs
[2025-09-15T08:02:26.344+0000] {logging_mixin.py:188} INFO - [2025-09-15T08:02:26.344+0000] {dag.py:3954} INFO - Setting next_dagrun for clean_hour_data to None, run_after=None
[2025-09-15T08:02:26.366+0000] {processor.py:183} INFO - Processing /opt/airflow/dags/clean_hour_data.py took 0.097 seconds
[2025-09-15T08:02:56.854+0000] {processor.py:161} INFO - Started process (PID=5783) to work on /opt/airflow/dags/clean_hour_data.py
[2025-09-15T08:02:56.855+0000] {processor.py:830} INFO - Processing file /opt/airflow/dags/clean_hour_data.py for tasks to queue
[2025-09-15T08:02:56.856+0000] {logging_mixin.py:188} INFO - [2025-09-15T08:02:56.855+0000] {dagbag.py:540} INFO - Filling up the DagBag from /opt/airflow/dags/clean_hour_data.py
[2025-09-15T08:02:56.873+0000] {processor.py:840} INFO - DAG(s) 'clean_hour_data' retrieved from /opt/airflow/dags/clean_hour_data.py
[2025-09-15T08:02:56.898+0000] {logging_mixin.py:188} INFO - [2025-09-15T08:02:56.898+0000] {dag.py:3096} INFO - Sync 1 DAGs
[2025-09-15T08:02:56.909+0000] {logging_mixin.py:188} INFO - [2025-09-15T08:02:56.909+0000] {dag.py:3954} INFO - Setting next_dagrun for clean_hour_data to None, run_after=None
[2025-09-15T08:02:56.928+0000] {processor.py:183} INFO - Processing /opt/airflow/dags/clean_hour_data.py took 0.079 seconds
[2025-09-15T08:03:27.521+0000] {processor.py:161} INFO - Started process (PID=5818) to work on /opt/airflow/dags/clean_hour_data.py
[2025-09-15T08:03:27.522+0000] {processor.py:830} INFO - Processing file /opt/airflow/dags/clean_hour_data.py for tasks to queue
[2025-09-15T08:03:27.523+0000] {logging_mixin.py:188} INFO - [2025-09-15T08:03:27.523+0000] {dagbag.py:540} INFO - Filling up the DagBag from /opt/airflow/dags/clean_hour_data.py
[2025-09-15T08:03:27.557+0000] {processor.py:840} INFO - DAG(s) 'clean_hour_data' retrieved from /opt/airflow/dags/clean_hour_data.py
[2025-09-15T08:03:27.590+0000] {logging_mixin.py:188} INFO - [2025-09-15T08:03:27.590+0000] {dag.py:3096} INFO - Sync 1 DAGs
[2025-09-15T08:03:27.608+0000] {logging_mixin.py:188} INFO - [2025-09-15T08:03:27.607+0000] {dag.py:3954} INFO - Setting next_dagrun for clean_hour_data to None, run_after=None
[2025-09-15T08:03:27.631+0000] {processor.py:183} INFO - Processing /opt/airflow/dags/clean_hour_data.py took 0.122 seconds
[2025-09-15T08:03:58.576+0000] {processor.py:161} INFO - Started process (PID=5853) to work on /opt/airflow/dags/clean_hour_data.py
[2025-09-15T08:03:58.577+0000] {processor.py:830} INFO - Processing file /opt/airflow/dags/clean_hour_data.py for tasks to queue
[2025-09-15T08:03:58.577+0000] {logging_mixin.py:188} INFO - [2025-09-15T08:03:58.577+0000] {dagbag.py:540} INFO - Filling up the DagBag from /opt/airflow/dags/clean_hour_data.py
[2025-09-15T08:03:58.596+0000] {processor.py:840} INFO - DAG(s) 'clean_hour_data' retrieved from /opt/airflow/dags/clean_hour_data.py
[2025-09-15T08:03:58.623+0000] {logging_mixin.py:188} INFO - [2025-09-15T08:03:58.622+0000] {dag.py:3096} INFO - Sync 1 DAGs
[2025-09-15T08:03:58.636+0000] {logging_mixin.py:188} INFO - [2025-09-15T08:03:58.635+0000] {dag.py:3954} INFO - Setting next_dagrun for clean_hour_data to None, run_after=None
[2025-09-15T08:03:58.656+0000] {processor.py:183} INFO - Processing /opt/airflow/dags/clean_hour_data.py took 0.086 seconds
[2025-09-15T08:04:29.447+0000] {processor.py:161} INFO - Started process (PID=5888) to work on /opt/airflow/dags/clean_hour_data.py
[2025-09-15T08:04:29.448+0000] {processor.py:830} INFO - Processing file /opt/airflow/dags/clean_hour_data.py for tasks to queue
[2025-09-15T08:04:29.449+0000] {logging_mixin.py:188} INFO - [2025-09-15T08:04:29.449+0000] {dagbag.py:540} INFO - Filling up the DagBag from /opt/airflow/dags/clean_hour_data.py
[2025-09-15T08:04:29.473+0000] {processor.py:840} INFO - DAG(s) 'clean_hour_data' retrieved from /opt/airflow/dags/clean_hour_data.py
[2025-09-15T08:04:29.556+0000] {logging_mixin.py:188} INFO - [2025-09-15T08:04:29.554+0000] {dag.py:3096} INFO - Sync 1 DAGs
[2025-09-15T08:04:29.597+0000] {logging_mixin.py:188} INFO - [2025-09-15T08:04:29.597+0000] {dag.py:3954} INFO - Setting next_dagrun for clean_hour_data to None, run_after=None
[2025-09-15T08:04:29.695+0000] {processor.py:183} INFO - Processing /opt/airflow/dags/clean_hour_data.py took 0.254 seconds
[2025-09-15T08:05:00.293+0000] {processor.py:161} INFO - Started process (PID=5923) to work on /opt/airflow/dags/clean_hour_data.py
[2025-09-15T08:05:00.294+0000] {processor.py:830} INFO - Processing file /opt/airflow/dags/clean_hour_data.py for tasks to queue
[2025-09-15T08:05:00.295+0000] {logging_mixin.py:188} INFO - [2025-09-15T08:05:00.295+0000] {dagbag.py:540} INFO - Filling up the DagBag from /opt/airflow/dags/clean_hour_data.py
[2025-09-15T08:05:00.315+0000] {processor.py:840} INFO - DAG(s) 'clean_hour_data' retrieved from /opt/airflow/dags/clean_hour_data.py
[2025-09-15T08:05:00.341+0000] {logging_mixin.py:188} INFO - [2025-09-15T08:05:00.340+0000] {dag.py:3096} INFO - Sync 1 DAGs
[2025-09-15T08:05:00.356+0000] {logging_mixin.py:188} INFO - [2025-09-15T08:05:00.356+0000] {dag.py:3954} INFO - Setting next_dagrun for clean_hour_data to None, run_after=None
[2025-09-15T08:05:00.378+0000] {processor.py:183} INFO - Processing /opt/airflow/dags/clean_hour_data.py took 0.091 seconds
[2025-09-15T08:05:30.888+0000] {processor.py:161} INFO - Started process (PID=5958) to work on /opt/airflow/dags/clean_hour_data.py
[2025-09-15T08:05:30.889+0000] {processor.py:830} INFO - Processing file /opt/airflow/dags/clean_hour_data.py for tasks to queue
[2025-09-15T08:05:30.890+0000] {logging_mixin.py:188} INFO - [2025-09-15T08:05:30.890+0000] {dagbag.py:540} INFO - Filling up the DagBag from /opt/airflow/dags/clean_hour_data.py
[2025-09-15T08:05:30.905+0000] {processor.py:840} INFO - DAG(s) 'clean_hour_data' retrieved from /opt/airflow/dags/clean_hour_data.py
[2025-09-15T08:05:30.929+0000] {logging_mixin.py:188} INFO - [2025-09-15T08:05:30.929+0000] {dag.py:3096} INFO - Sync 1 DAGs
[2025-09-15T08:05:30.941+0000] {logging_mixin.py:188} INFO - [2025-09-15T08:05:30.941+0000] {dag.py:3954} INFO - Setting next_dagrun for clean_hour_data to None, run_after=None
[2025-09-15T08:05:30.960+0000] {processor.py:183} INFO - Processing /opt/airflow/dags/clean_hour_data.py took 0.077 seconds
[2025-09-15T08:06:01.712+0000] {processor.py:161} INFO - Started process (PID=5993) to work on /opt/airflow/dags/clean_hour_data.py
[2025-09-15T08:06:01.713+0000] {processor.py:830} INFO - Processing file /opt/airflow/dags/clean_hour_data.py for tasks to queue
[2025-09-15T08:06:01.714+0000] {logging_mixin.py:188} INFO - [2025-09-15T08:06:01.714+0000] {dagbag.py:540} INFO - Filling up the DagBag from /opt/airflow/dags/clean_hour_data.py
[2025-09-15T08:06:01.740+0000] {processor.py:840} INFO - DAG(s) 'clean_hour_data' retrieved from /opt/airflow/dags/clean_hour_data.py
[2025-09-15T08:06:01.775+0000] {logging_mixin.py:188} INFO - [2025-09-15T08:06:01.774+0000] {dag.py:3096} INFO - Sync 1 DAGs
[2025-09-15T08:06:01.790+0000] {logging_mixin.py:188} INFO - [2025-09-15T08:06:01.790+0000] {dag.py:3954} INFO - Setting next_dagrun for clean_hour_data to None, run_after=None
[2025-09-15T08:06:01.826+0000] {processor.py:183} INFO - Processing /opt/airflow/dags/clean_hour_data.py took 0.120 seconds
[2025-09-15T08:06:32.234+0000] {processor.py:161} INFO - Started process (PID=6028) to work on /opt/airflow/dags/clean_hour_data.py
[2025-09-15T08:06:32.236+0000] {processor.py:830} INFO - Processing file /opt/airflow/dags/clean_hour_data.py for tasks to queue
[2025-09-15T08:06:32.237+0000] {logging_mixin.py:188} INFO - [2025-09-15T08:06:32.237+0000] {dagbag.py:540} INFO - Filling up the DagBag from /opt/airflow/dags/clean_hour_data.py
[2025-09-15T08:06:32.266+0000] {processor.py:840} INFO - DAG(s) 'clean_hour_data' retrieved from /opt/airflow/dags/clean_hour_data.py
[2025-09-15T08:06:32.298+0000] {logging_mixin.py:188} INFO - [2025-09-15T08:06:32.298+0000] {dag.py:3096} INFO - Sync 1 DAGs
[2025-09-15T08:06:32.321+0000] {logging_mixin.py:188} INFO - [2025-09-15T08:06:32.321+0000] {dag.py:3954} INFO - Setting next_dagrun for clean_hour_data to None, run_after=None
[2025-09-15T08:06:32.350+0000] {processor.py:183} INFO - Processing /opt/airflow/dags/clean_hour_data.py took 0.123 seconds
[2025-09-15T08:07:02.914+0000] {processor.py:161} INFO - Started process (PID=6063) to work on /opt/airflow/dags/clean_hour_data.py
[2025-09-15T08:07:02.915+0000] {processor.py:830} INFO - Processing file /opt/airflow/dags/clean_hour_data.py for tasks to queue
[2025-09-15T08:07:02.916+0000] {logging_mixin.py:188} INFO - [2025-09-15T08:07:02.916+0000] {dagbag.py:540} INFO - Filling up the DagBag from /opt/airflow/dags/clean_hour_data.py
[2025-09-15T08:07:02.937+0000] {processor.py:840} INFO - DAG(s) 'clean_hour_data' retrieved from /opt/airflow/dags/clean_hour_data.py
[2025-09-15T08:07:02.963+0000] {logging_mixin.py:188} INFO - [2025-09-15T08:07:02.963+0000] {dag.py:3096} INFO - Sync 1 DAGs
[2025-09-15T08:07:02.978+0000] {logging_mixin.py:188} INFO - [2025-09-15T08:07:02.978+0000] {dag.py:3954} INFO - Setting next_dagrun for clean_hour_data to None, run_after=None
[2025-09-15T08:07:03.018+0000] {processor.py:183} INFO - Processing /opt/airflow/dags/clean_hour_data.py took 0.113 seconds
[2025-09-15T08:07:33.591+0000] {processor.py:161} INFO - Started process (PID=6098) to work on /opt/airflow/dags/clean_hour_data.py
[2025-09-15T08:07:33.592+0000] {processor.py:830} INFO - Processing file /opt/airflow/dags/clean_hour_data.py for tasks to queue
[2025-09-15T08:07:33.592+0000] {logging_mixin.py:188} INFO - [2025-09-15T08:07:33.592+0000] {dagbag.py:540} INFO - Filling up the DagBag from /opt/airflow/dags/clean_hour_data.py
[2025-09-15T08:07:33.609+0000] {processor.py:840} INFO - DAG(s) 'clean_hour_data' retrieved from /opt/airflow/dags/clean_hour_data.py
[2025-09-15T08:07:33.635+0000] {logging_mixin.py:188} INFO - [2025-09-15T08:07:33.634+0000] {dag.py:3096} INFO - Sync 1 DAGs
[2025-09-15T08:07:33.647+0000] {logging_mixin.py:188} INFO - [2025-09-15T08:07:33.647+0000] {dag.py:3954} INFO - Setting next_dagrun for clean_hour_data to None, run_after=None
[2025-09-15T08:07:33.668+0000] {processor.py:183} INFO - Processing /opt/airflow/dags/clean_hour_data.py took 0.082 seconds
[2025-09-15T08:08:04.342+0000] {processor.py:161} INFO - Started process (PID=6133) to work on /opt/airflow/dags/clean_hour_data.py
[2025-09-15T08:08:04.343+0000] {processor.py:830} INFO - Processing file /opt/airflow/dags/clean_hour_data.py for tasks to queue
[2025-09-15T08:08:04.344+0000] {logging_mixin.py:188} INFO - [2025-09-15T08:08:04.343+0000] {dagbag.py:540} INFO - Filling up the DagBag from /opt/airflow/dags/clean_hour_data.py
[2025-09-15T08:08:04.363+0000] {processor.py:840} INFO - DAG(s) 'clean_hour_data' retrieved from /opt/airflow/dags/clean_hour_data.py
[2025-09-15T08:08:04.391+0000] {logging_mixin.py:188} INFO - [2025-09-15T08:08:04.391+0000] {dag.py:3096} INFO - Sync 1 DAGs
[2025-09-15T08:08:04.404+0000] {logging_mixin.py:188} INFO - [2025-09-15T08:08:04.403+0000] {dag.py:3954} INFO - Setting next_dagrun for clean_hour_data to None, run_after=None
[2025-09-15T08:08:04.427+0000] {processor.py:183} INFO - Processing /opt/airflow/dags/clean_hour_data.py took 0.092 seconds
[2025-09-15T08:08:35.922+0000] {processor.py:161} INFO - Started process (PID=6168) to work on /opt/airflow/dags/clean_hour_data.py
[2025-09-15T08:08:35.924+0000] {processor.py:830} INFO - Processing file /opt/airflow/dags/clean_hour_data.py for tasks to queue
[2025-09-15T08:08:35.926+0000] {logging_mixin.py:188} INFO - [2025-09-15T08:08:35.925+0000] {dagbag.py:540} INFO - Filling up the DagBag from /opt/airflow/dags/clean_hour_data.py
[2025-09-15T08:08:35.955+0000] {processor.py:840} INFO - DAG(s) 'clean_hour_data' retrieved from /opt/airflow/dags/clean_hour_data.py
[2025-09-15T08:08:35.985+0000] {logging_mixin.py:188} INFO - [2025-09-15T08:08:35.985+0000] {dag.py:3096} INFO - Sync 1 DAGs
[2025-09-15T08:08:35.997+0000] {logging_mixin.py:188} INFO - [2025-09-15T08:08:35.996+0000] {dag.py:3954} INFO - Setting next_dagrun for clean_hour_data to None, run_after=None
[2025-09-15T08:08:36.017+0000] {processor.py:183} INFO - Processing /opt/airflow/dags/clean_hour_data.py took 0.102 seconds
[2025-09-15T08:09:06.613+0000] {processor.py:161} INFO - Started process (PID=6203) to work on /opt/airflow/dags/clean_hour_data.py
[2025-09-15T08:09:06.615+0000] {processor.py:830} INFO - Processing file /opt/airflow/dags/clean_hour_data.py for tasks to queue
[2025-09-15T08:09:06.617+0000] {logging_mixin.py:188} INFO - [2025-09-15T08:09:06.616+0000] {dagbag.py:540} INFO - Filling up the DagBag from /opt/airflow/dags/clean_hour_data.py
[2025-09-15T08:09:06.647+0000] {processor.py:840} INFO - DAG(s) 'clean_hour_data' retrieved from /opt/airflow/dags/clean_hour_data.py
[2025-09-15T08:09:06.692+0000] {logging_mixin.py:188} INFO - [2025-09-15T08:09:06.690+0000] {dag.py:3096} INFO - Sync 1 DAGs
[2025-09-15T08:09:06.712+0000] {logging_mixin.py:188} INFO - [2025-09-15T08:09:06.710+0000] {dag.py:3954} INFO - Setting next_dagrun for clean_hour_data to None, run_after=None
[2025-09-15T08:09:06.746+0000] {processor.py:183} INFO - Processing /opt/airflow/dags/clean_hour_data.py took 0.148 seconds
[2025-09-15T08:09:37.450+0000] {processor.py:161} INFO - Started process (PID=6243) to work on /opt/airflow/dags/clean_hour_data.py
[2025-09-15T08:09:37.452+0000] {processor.py:830} INFO - Processing file /opt/airflow/dags/clean_hour_data.py for tasks to queue
[2025-09-15T08:09:37.453+0000] {logging_mixin.py:188} INFO - [2025-09-15T08:09:37.453+0000] {dagbag.py:540} INFO - Filling up the DagBag from /opt/airflow/dags/clean_hour_data.py
[2025-09-15T08:09:37.484+0000] {processor.py:840} INFO - DAG(s) 'clean_hour_data' retrieved from /opt/airflow/dags/clean_hour_data.py
[2025-09-15T08:09:37.536+0000] {logging_mixin.py:188} INFO - [2025-09-15T08:09:37.536+0000] {dag.py:3096} INFO - Sync 1 DAGs
[2025-09-15T08:09:37.561+0000] {logging_mixin.py:188} INFO - [2025-09-15T08:09:37.560+0000] {dag.py:3954} INFO - Setting next_dagrun for clean_hour_data to None, run_after=None
[2025-09-15T08:09:37.591+0000] {processor.py:183} INFO - Processing /opt/airflow/dags/clean_hour_data.py took 0.154 seconds
[2025-09-15T08:10:08.046+0000] {processor.py:161} INFO - Started process (PID=6278) to work on /opt/airflow/dags/clean_hour_data.py
[2025-09-15T08:10:08.047+0000] {processor.py:830} INFO - Processing file /opt/airflow/dags/clean_hour_data.py for tasks to queue
[2025-09-15T08:10:08.047+0000] {logging_mixin.py:188} INFO - [2025-09-15T08:10:08.047+0000] {dagbag.py:540} INFO - Filling up the DagBag from /opt/airflow/dags/clean_hour_data.py
[2025-09-15T08:10:08.064+0000] {processor.py:840} INFO - DAG(s) 'clean_hour_data' retrieved from /opt/airflow/dags/clean_hour_data.py
[2025-09-15T08:10:08.089+0000] {logging_mixin.py:188} INFO - [2025-09-15T08:10:08.089+0000] {dag.py:3096} INFO - Sync 1 DAGs
[2025-09-15T08:10:08.100+0000] {logging_mixin.py:188} INFO - [2025-09-15T08:10:08.100+0000] {dag.py:3954} INFO - Setting next_dagrun for clean_hour_data to None, run_after=None
[2025-09-15T08:10:08.121+0000] {processor.py:183} INFO - Processing /opt/airflow/dags/clean_hour_data.py took 0.081 seconds
[2025-09-15T08:10:38.554+0000] {processor.py:161} INFO - Started process (PID=6313) to work on /opt/airflow/dags/clean_hour_data.py
[2025-09-15T08:10:38.555+0000] {processor.py:830} INFO - Processing file /opt/airflow/dags/clean_hour_data.py for tasks to queue
[2025-09-15T08:10:38.555+0000] {logging_mixin.py:188} INFO - [2025-09-15T08:10:38.555+0000] {dagbag.py:540} INFO - Filling up the DagBag from /opt/airflow/dags/clean_hour_data.py
[2025-09-15T08:10:38.573+0000] {processor.py:840} INFO - DAG(s) 'clean_hour_data' retrieved from /opt/airflow/dags/clean_hour_data.py
[2025-09-15T08:10:38.599+0000] {logging_mixin.py:188} INFO - [2025-09-15T08:10:38.599+0000] {dag.py:3096} INFO - Sync 1 DAGs
[2025-09-15T08:10:38.611+0000] {logging_mixin.py:188} INFO - [2025-09-15T08:10:38.611+0000] {dag.py:3954} INFO - Setting next_dagrun for clean_hour_data to None, run_after=None
[2025-09-15T08:10:38.631+0000] {processor.py:183} INFO - Processing /opt/airflow/dags/clean_hour_data.py took 0.085 seconds
[2025-09-15T08:11:09.082+0000] {processor.py:161} INFO - Started process (PID=6348) to work on /opt/airflow/dags/clean_hour_data.py
[2025-09-15T08:11:09.083+0000] {processor.py:830} INFO - Processing file /opt/airflow/dags/clean_hour_data.py for tasks to queue
[2025-09-15T08:11:09.084+0000] {logging_mixin.py:188} INFO - [2025-09-15T08:11:09.083+0000] {dagbag.py:540} INFO - Filling up the DagBag from /opt/airflow/dags/clean_hour_data.py
[2025-09-15T08:11:09.104+0000] {processor.py:840} INFO - DAG(s) 'clean_hour_data' retrieved from /opt/airflow/dags/clean_hour_data.py
[2025-09-15T08:11:09.131+0000] {logging_mixin.py:188} INFO - [2025-09-15T08:11:09.131+0000] {dag.py:3096} INFO - Sync 1 DAGs
[2025-09-15T08:11:09.143+0000] {logging_mixin.py:188} INFO - [2025-09-15T08:11:09.143+0000] {dag.py:3954} INFO - Setting next_dagrun for clean_hour_data to None, run_after=None
[2025-09-15T08:11:09.165+0000] {processor.py:183} INFO - Processing /opt/airflow/dags/clean_hour_data.py took 0.090 seconds
[2025-09-15T08:11:39.691+0000] {processor.py:161} INFO - Started process (PID=6383) to work on /opt/airflow/dags/clean_hour_data.py
[2025-09-15T08:11:39.692+0000] {processor.py:830} INFO - Processing file /opt/airflow/dags/clean_hour_data.py for tasks to queue
[2025-09-15T08:11:39.693+0000] {logging_mixin.py:188} INFO - [2025-09-15T08:11:39.692+0000] {dagbag.py:540} INFO - Filling up the DagBag from /opt/airflow/dags/clean_hour_data.py
[2025-09-15T08:11:39.714+0000] {processor.py:840} INFO - DAG(s) 'clean_hour_data' retrieved from /opt/airflow/dags/clean_hour_data.py
[2025-09-15T08:11:39.747+0000] {logging_mixin.py:188} INFO - [2025-09-15T08:11:39.747+0000] {dag.py:3096} INFO - Sync 1 DAGs
[2025-09-15T08:11:39.764+0000] {logging_mixin.py:188} INFO - [2025-09-15T08:11:39.764+0000] {dag.py:3954} INFO - Setting next_dagrun for clean_hour_data to None, run_after=None
[2025-09-15T08:11:39.787+0000] {processor.py:183} INFO - Processing /opt/airflow/dags/clean_hour_data.py took 0.103 seconds
[2025-09-15T08:12:10.313+0000] {processor.py:161} INFO - Started process (PID=6418) to work on /opt/airflow/dags/clean_hour_data.py
[2025-09-15T08:12:10.314+0000] {processor.py:830} INFO - Processing file /opt/airflow/dags/clean_hour_data.py for tasks to queue
[2025-09-15T08:12:10.315+0000] {logging_mixin.py:188} INFO - [2025-09-15T08:12:10.315+0000] {dagbag.py:540} INFO - Filling up the DagBag from /opt/airflow/dags/clean_hour_data.py
[2025-09-15T08:12:10.331+0000] {processor.py:840} INFO - DAG(s) 'clean_hour_data' retrieved from /opt/airflow/dags/clean_hour_data.py
[2025-09-15T08:12:10.355+0000] {logging_mixin.py:188} INFO - [2025-09-15T08:12:10.355+0000] {dag.py:3096} INFO - Sync 1 DAGs
[2025-09-15T08:12:10.368+0000] {logging_mixin.py:188} INFO - [2025-09-15T08:12:10.367+0000] {dag.py:3954} INFO - Setting next_dagrun for clean_hour_data to None, run_after=None
[2025-09-15T08:12:10.389+0000] {processor.py:183} INFO - Processing /opt/airflow/dags/clean_hour_data.py took 0.082 seconds
[2025-09-15T08:12:41.001+0000] {processor.py:161} INFO - Started process (PID=6453) to work on /opt/airflow/dags/clean_hour_data.py
[2025-09-15T08:12:41.005+0000] {processor.py:830} INFO - Processing file /opt/airflow/dags/clean_hour_data.py for tasks to queue
[2025-09-15T08:12:41.007+0000] {logging_mixin.py:188} INFO - [2025-09-15T08:12:41.007+0000] {dagbag.py:540} INFO - Filling up the DagBag from /opt/airflow/dags/clean_hour_data.py
[2025-09-15T08:12:41.038+0000] {processor.py:840} INFO - DAG(s) 'clean_hour_data' retrieved from /opt/airflow/dags/clean_hour_data.py
[2025-09-15T08:12:41.068+0000] {logging_mixin.py:188} INFO - [2025-09-15T08:12:41.068+0000] {dag.py:3096} INFO - Sync 1 DAGs
[2025-09-15T08:12:41.079+0000] {logging_mixin.py:188} INFO - [2025-09-15T08:12:41.079+0000] {dag.py:3954} INFO - Setting next_dagrun for clean_hour_data to None, run_after=None
[2025-09-15T08:12:41.106+0000] {processor.py:183} INFO - Processing /opt/airflow/dags/clean_hour_data.py took 0.111 seconds
[2025-09-15T08:13:11.959+0000] {processor.py:161} INFO - Started process (PID=6508) to work on /opt/airflow/dags/clean_hour_data.py
[2025-09-15T08:13:11.960+0000] {processor.py:830} INFO - Processing file /opt/airflow/dags/clean_hour_data.py for tasks to queue
[2025-09-15T08:13:11.961+0000] {logging_mixin.py:188} INFO - [2025-09-15T08:13:11.961+0000] {dagbag.py:540} INFO - Filling up the DagBag from /opt/airflow/dags/clean_hour_data.py
[2025-09-15T08:13:11.978+0000] {processor.py:840} INFO - DAG(s) 'clean_hour_data' retrieved from /opt/airflow/dags/clean_hour_data.py
[2025-09-15T08:13:12.001+0000] {logging_mixin.py:188} INFO - [2025-09-15T08:13:12.001+0000] {dag.py:3096} INFO - Sync 1 DAGs
[2025-09-15T08:13:12.012+0000] {logging_mixin.py:188} INFO - [2025-09-15T08:13:12.012+0000] {dag.py:3954} INFO - Setting next_dagrun for clean_hour_data to None, run_after=None
[2025-09-15T08:13:12.034+0000] {processor.py:183} INFO - Processing /opt/airflow/dags/clean_hour_data.py took 0.080 seconds
[2025-09-15T08:13:42.607+0000] {processor.py:161} INFO - Started process (PID=6543) to work on /opt/airflow/dags/clean_hour_data.py
[2025-09-15T08:13:42.613+0000] {processor.py:830} INFO - Processing file /opt/airflow/dags/clean_hour_data.py for tasks to queue
[2025-09-15T08:13:42.615+0000] {logging_mixin.py:188} INFO - [2025-09-15T08:13:42.614+0000] {dagbag.py:540} INFO - Filling up the DagBag from /opt/airflow/dags/clean_hour_data.py
[2025-09-15T08:13:42.119+0000] {processor.py:840} INFO - DAG(s) 'clean_hour_data' retrieved from /opt/airflow/dags/clean_hour_data.py
[2025-09-15T08:13:42.145+0000] {logging_mixin.py:188} INFO - [2025-09-15T08:13:42.144+0000] {dag.py:3096} INFO - Sync 1 DAGs
[2025-09-15T08:13:42.157+0000] {logging_mixin.py:188} INFO - [2025-09-15T08:13:42.156+0000] {dag.py:3954} INFO - Setting next_dagrun for clean_hour_data to None, run_after=None
[2025-09-15T08:13:42.175+0000] {processor.py:183} INFO - Processing /opt/airflow/dags/clean_hour_data.py took 0.103 seconds
[2025-09-15T08:14:12.578+0000] {processor.py:161} INFO - Started process (PID=6578) to work on /opt/airflow/dags/clean_hour_data.py
[2025-09-15T08:14:12.579+0000] {processor.py:830} INFO - Processing file /opt/airflow/dags/clean_hour_data.py for tasks to queue
[2025-09-15T08:14:12.580+0000] {logging_mixin.py:188} INFO - [2025-09-15T08:14:12.580+0000] {dagbag.py:540} INFO - Filling up the DagBag from /opt/airflow/dags/clean_hour_data.py
[2025-09-15T08:14:12.630+0000] {processor.py:840} INFO - DAG(s) 'clean_hour_data' retrieved from /opt/airflow/dags/clean_hour_data.py
[2025-09-15T08:14:12.671+0000] {logging_mixin.py:188} INFO - [2025-09-15T08:14:12.671+0000] {dag.py:3096} INFO - Sync 1 DAGs
[2025-09-15T08:14:12.685+0000] {logging_mixin.py:188} INFO - [2025-09-15T08:14:12.685+0000] {dag.py:3954} INFO - Setting next_dagrun for clean_hour_data to None, run_after=None
[2025-09-15T08:14:12.716+0000] {processor.py:183} INFO - Processing /opt/airflow/dags/clean_hour_data.py took 0.145 seconds
[2025-09-15T08:14:43.440+0000] {processor.py:161} INFO - Started process (PID=6645) to work on /opt/airflow/dags/clean_hour_data.py
[2025-09-15T08:14:43.441+0000] {processor.py:830} INFO - Processing file /opt/airflow/dags/clean_hour_data.py for tasks to queue
[2025-09-15T08:14:43.442+0000] {logging_mixin.py:188} INFO - [2025-09-15T08:14:43.442+0000] {dagbag.py:540} INFO - Filling up the DagBag from /opt/airflow/dags/clean_hour_data.py
[2025-09-15T08:14:43.458+0000] {processor.py:840} INFO - DAG(s) 'clean_hour_data' retrieved from /opt/airflow/dags/clean_hour_data.py
[2025-09-15T08:14:43.484+0000] {logging_mixin.py:188} INFO - [2025-09-15T08:14:43.484+0000] {dag.py:3096} INFO - Sync 1 DAGs
[2025-09-15T08:14:43.496+0000] {logging_mixin.py:188} INFO - [2025-09-15T08:14:43.496+0000] {dag.py:3954} INFO - Setting next_dagrun for clean_hour_data to None, run_after=None
[2025-09-15T08:14:43.521+0000] {processor.py:183} INFO - Processing /opt/airflow/dags/clean_hour_data.py took 0.086 seconds
[2025-09-15T08:15:14.207+0000] {processor.py:161} INFO - Started process (PID=6680) to work on /opt/airflow/dags/clean_hour_data.py
[2025-09-15T08:15:14.208+0000] {processor.py:830} INFO - Processing file /opt/airflow/dags/clean_hour_data.py for tasks to queue
[2025-09-15T08:15:14.209+0000] {logging_mixin.py:188} INFO - [2025-09-15T08:15:14.208+0000] {dagbag.py:540} INFO - Filling up the DagBag from /opt/airflow/dags/clean_hour_data.py
[2025-09-15T08:15:14.228+0000] {processor.py:840} INFO - DAG(s) 'clean_hour_data' retrieved from /opt/airflow/dags/clean_hour_data.py
[2025-09-15T08:15:14.255+0000] {logging_mixin.py:188} INFO - [2025-09-15T08:15:14.254+0000] {dag.py:3096} INFO - Sync 1 DAGs
[2025-09-15T08:15:14.267+0000] {logging_mixin.py:188} INFO - [2025-09-15T08:15:14.267+0000] {dag.py:3954} INFO - Setting next_dagrun for clean_hour_data to None, run_after=None
[2025-09-15T08:15:14.287+0000] {processor.py:183} INFO - Processing /opt/airflow/dags/clean_hour_data.py took 0.086 seconds
[2025-09-15T08:15:44.924+0000] {processor.py:161} INFO - Started process (PID=6715) to work on /opt/airflow/dags/clean_hour_data.py
[2025-09-15T08:15:44.925+0000] {processor.py:830} INFO - Processing file /opt/airflow/dags/clean_hour_data.py for tasks to queue
[2025-09-15T08:15:44.926+0000] {logging_mixin.py:188} INFO - [2025-09-15T08:15:44.926+0000] {dagbag.py:540} INFO - Filling up the DagBag from /opt/airflow/dags/clean_hour_data.py
[2025-09-15T08:15:44.942+0000] {processor.py:840} INFO - DAG(s) 'clean_hour_data' retrieved from /opt/airflow/dags/clean_hour_data.py
[2025-09-15T08:15:44.967+0000] {logging_mixin.py:188} INFO - [2025-09-15T08:15:44.967+0000] {dag.py:3096} INFO - Sync 1 DAGs
[2025-09-15T08:15:44.978+0000] {logging_mixin.py:188} INFO - [2025-09-15T08:15:44.978+0000] {dag.py:3954} INFO - Setting next_dagrun for clean_hour_data to None, run_after=None
[2025-09-15T08:15:45.000+0000] {processor.py:183} INFO - Processing /opt/airflow/dags/clean_hour_data.py took 0.081 seconds
[2025-09-15T08:16:15.724+0000] {processor.py:161} INFO - Started process (PID=6750) to work on /opt/airflow/dags/clean_hour_data.py
[2025-09-15T08:16:15.725+0000] {processor.py:830} INFO - Processing file /opt/airflow/dags/clean_hour_data.py for tasks to queue
[2025-09-15T08:16:15.726+0000] {logging_mixin.py:188} INFO - [2025-09-15T08:16:15.725+0000] {dagbag.py:540} INFO - Filling up the DagBag from /opt/airflow/dags/clean_hour_data.py
[2025-09-15T08:16:15.741+0000] {processor.py:840} INFO - DAG(s) 'clean_hour_data' retrieved from /opt/airflow/dags/clean_hour_data.py
[2025-09-15T08:16:15.765+0000] {logging_mixin.py:188} INFO - [2025-09-15T08:16:15.765+0000] {dag.py:3096} INFO - Sync 1 DAGs
[2025-09-15T08:16:15.778+0000] {logging_mixin.py:188} INFO - [2025-09-15T08:16:15.777+0000] {dag.py:3954} INFO - Setting next_dagrun for clean_hour_data to None, run_after=None
[2025-09-15T08:16:15.803+0000] {processor.py:183} INFO - Processing /opt/airflow/dags/clean_hour_data.py took 0.085 seconds
[2025-09-15T08:16:46.362+0000] {processor.py:161} INFO - Started process (PID=6785) to work on /opt/airflow/dags/clean_hour_data.py
[2025-09-15T08:16:46.363+0000] {processor.py:830} INFO - Processing file /opt/airflow/dags/clean_hour_data.py for tasks to queue
[2025-09-15T08:16:46.365+0000] {logging_mixin.py:188} INFO - [2025-09-15T08:16:46.364+0000] {dagbag.py:540} INFO - Filling up the DagBag from /opt/airflow/dags/clean_hour_data.py
[2025-09-15T08:16:46.389+0000] {processor.py:840} INFO - DAG(s) 'clean_hour_data' retrieved from /opt/airflow/dags/clean_hour_data.py
[2025-09-15T08:16:46.419+0000] {logging_mixin.py:188} INFO - [2025-09-15T08:16:46.419+0000] {dag.py:3096} INFO - Sync 1 DAGs
[2025-09-15T08:16:46.431+0000] {logging_mixin.py:188} INFO - [2025-09-15T08:16:46.431+0000] {dag.py:3954} INFO - Setting next_dagrun for clean_hour_data to None, run_after=None
[2025-09-15T08:16:46.454+0000] {processor.py:183} INFO - Processing /opt/airflow/dags/clean_hour_data.py took 0.100 seconds
[2025-09-15T08:17:17.111+0000] {processor.py:161} INFO - Started process (PID=6820) to work on /opt/airflow/dags/clean_hour_data.py
[2025-09-15T08:17:17.112+0000] {processor.py:830} INFO - Processing file /opt/airflow/dags/clean_hour_data.py for tasks to queue
[2025-09-15T08:17:17.113+0000] {logging_mixin.py:188} INFO - [2025-09-15T08:17:17.113+0000] {dagbag.py:540} INFO - Filling up the DagBag from /opt/airflow/dags/clean_hour_data.py
[2025-09-15T08:17:17.130+0000] {processor.py:840} INFO - DAG(s) 'clean_hour_data' retrieved from /opt/airflow/dags/clean_hour_data.py
[2025-09-15T08:17:17.158+0000] {logging_mixin.py:188} INFO - [2025-09-15T08:17:17.158+0000] {dag.py:3096} INFO - Sync 1 DAGs
[2025-09-15T08:17:17.170+0000] {logging_mixin.py:188} INFO - [2025-09-15T08:17:17.170+0000] {dag.py:3954} INFO - Setting next_dagrun for clean_hour_data to None, run_after=None
[2025-09-15T08:17:17.189+0000] {processor.py:183} INFO - Processing /opt/airflow/dags/clean_hour_data.py took 0.085 seconds
[2025-09-15T08:17:47.898+0000] {processor.py:161} INFO - Started process (PID=6855) to work on /opt/airflow/dags/clean_hour_data.py
[2025-09-15T08:17:47.899+0000] {processor.py:830} INFO - Processing file /opt/airflow/dags/clean_hour_data.py for tasks to queue
[2025-09-15T08:17:47.900+0000] {logging_mixin.py:188} INFO - [2025-09-15T08:17:47.900+0000] {dagbag.py:540} INFO - Filling up the DagBag from /opt/airflow/dags/clean_hour_data.py
[2025-09-15T08:17:47.923+0000] {processor.py:840} INFO - DAG(s) 'clean_hour_data' retrieved from /opt/airflow/dags/clean_hour_data.py
[2025-09-15T08:17:47.956+0000] {logging_mixin.py:188} INFO - [2025-09-15T08:17:47.956+0000] {dag.py:3096} INFO - Sync 1 DAGs
[2025-09-15T08:17:47.971+0000] {logging_mixin.py:188} INFO - [2025-09-15T08:17:47.971+0000] {dag.py:3954} INFO - Setting next_dagrun for clean_hour_data to None, run_after=None
[2025-09-15T08:17:47.996+0000] {processor.py:183} INFO - Processing /opt/airflow/dags/clean_hour_data.py took 0.107 seconds
[2025-09-15T08:18:18.670+0000] {processor.py:161} INFO - Started process (PID=6890) to work on /opt/airflow/dags/clean_hour_data.py
[2025-09-15T08:18:18.671+0000] {processor.py:830} INFO - Processing file /opt/airflow/dags/clean_hour_data.py for tasks to queue
[2025-09-15T08:18:18.672+0000] {logging_mixin.py:188} INFO - [2025-09-15T08:18:18.671+0000] {dagbag.py:540} INFO - Filling up the DagBag from /opt/airflow/dags/clean_hour_data.py
[2025-09-15T08:18:18.690+0000] {processor.py:840} INFO - DAG(s) 'clean_hour_data' retrieved from /opt/airflow/dags/clean_hour_data.py
[2025-09-15T08:18:18.717+0000] {logging_mixin.py:188} INFO - [2025-09-15T08:18:18.716+0000] {dag.py:3096} INFO - Sync 1 DAGs
[2025-09-15T08:18:18.728+0000] {logging_mixin.py:188} INFO - [2025-09-15T08:18:18.728+0000] {dag.py:3954} INFO - Setting next_dagrun for clean_hour_data to None, run_after=None
[2025-09-15T08:18:18.748+0000] {processor.py:183} INFO - Processing /opt/airflow/dags/clean_hour_data.py took 0.085 seconds
[2025-09-15T08:18:49.897+0000] {processor.py:161} INFO - Started process (PID=6925) to work on /opt/airflow/dags/clean_hour_data.py
[2025-09-15T08:18:49.900+0000] {processor.py:830} INFO - Processing file /opt/airflow/dags/clean_hour_data.py for tasks to queue
[2025-09-15T08:18:49.901+0000] {logging_mixin.py:188} INFO - [2025-09-15T08:18:49.901+0000] {dagbag.py:540} INFO - Filling up the DagBag from /opt/airflow/dags/clean_hour_data.py
[2025-09-15T08:18:49.925+0000] {processor.py:840} INFO - DAG(s) 'clean_hour_data' retrieved from /opt/airflow/dags/clean_hour_data.py
[2025-09-15T08:18:49.960+0000] {logging_mixin.py:188} INFO - [2025-09-15T08:18:49.960+0000] {dag.py:3096} INFO - Sync 1 DAGs
[2025-09-15T08:18:49.974+0000] {logging_mixin.py:188} INFO - [2025-09-15T08:18:49.974+0000] {dag.py:3954} INFO - Setting next_dagrun for clean_hour_data to None, run_after=None
[2025-09-15T08:18:49.998+0000] {processor.py:183} INFO - Processing /opt/airflow/dags/clean_hour_data.py took 0.119 seconds
[2025-09-15T08:19:20.618+0000] {processor.py:161} INFO - Started process (PID=6960) to work on /opt/airflow/dags/clean_hour_data.py
[2025-09-15T08:19:20.620+0000] {processor.py:830} INFO - Processing file /opt/airflow/dags/clean_hour_data.py for tasks to queue
[2025-09-15T08:19:20.621+0000] {logging_mixin.py:188} INFO - [2025-09-15T08:19:20.620+0000] {dagbag.py:540} INFO - Filling up the DagBag from /opt/airflow/dags/clean_hour_data.py
[2025-09-15T08:19:20.639+0000] {processor.py:840} INFO - DAG(s) 'clean_hour_data' retrieved from /opt/airflow/dags/clean_hour_data.py
[2025-09-15T08:19:20.668+0000] {logging_mixin.py:188} INFO - [2025-09-15T08:19:20.667+0000] {dag.py:3096} INFO - Sync 1 DAGs
[2025-09-15T08:19:20.681+0000] {logging_mixin.py:188} INFO - [2025-09-15T08:19:20.681+0000] {dag.py:3954} INFO - Setting next_dagrun for clean_hour_data to None, run_after=None
[2025-09-15T08:19:20.701+0000] {processor.py:183} INFO - Processing /opt/airflow/dags/clean_hour_data.py took 0.089 seconds
[2025-09-15T08:19:51.408+0000] {processor.py:161} INFO - Started process (PID=6996) to work on /opt/airflow/dags/clean_hour_data.py
[2025-09-15T08:19:51.409+0000] {processor.py:830} INFO - Processing file /opt/airflow/dags/clean_hour_data.py for tasks to queue
[2025-09-15T08:19:51.410+0000] {logging_mixin.py:188} INFO - [2025-09-15T08:19:51.410+0000] {dagbag.py:540} INFO - Filling up the DagBag from /opt/airflow/dags/clean_hour_data.py
[2025-09-15T08:19:51.427+0000] {processor.py:840} INFO - DAG(s) 'clean_hour_data' retrieved from /opt/airflow/dags/clean_hour_data.py
[2025-09-15T08:19:51.458+0000] {logging_mixin.py:188} INFO - [2025-09-15T08:19:51.457+0000] {dag.py:3096} INFO - Sync 1 DAGs
[2025-09-15T08:19:51.473+0000] {logging_mixin.py:188} INFO - [2025-09-15T08:19:51.473+0000] {dag.py:3954} INFO - Setting next_dagrun for clean_hour_data to None, run_after=None
[2025-09-15T08:19:51.494+0000] {processor.py:183} INFO - Processing /opt/airflow/dags/clean_hour_data.py took 0.092 seconds
[2025-09-15T08:20:22.059+0000] {processor.py:161} INFO - Started process (PID=7045) to work on /opt/airflow/dags/clean_hour_data.py
[2025-09-15T08:20:22.060+0000] {processor.py:830} INFO - Processing file /opt/airflow/dags/clean_hour_data.py for tasks to queue
[2025-09-15T08:20:22.061+0000] {logging_mixin.py:188} INFO - [2025-09-15T08:20:22.061+0000] {dagbag.py:540} INFO - Filling up the DagBag from /opt/airflow/dags/clean_hour_data.py
[2025-09-15T08:20:22.087+0000] {processor.py:840} INFO - DAG(s) 'clean_hour_data' retrieved from /opt/airflow/dags/clean_hour_data.py
[2025-09-15T08:20:22.114+0000] {logging_mixin.py:188} INFO - [2025-09-15T08:20:22.113+0000] {dag.py:3096} INFO - Sync 1 DAGs
[2025-09-15T08:20:22.128+0000] {logging_mixin.py:188} INFO - [2025-09-15T08:20:22.127+0000] {dag.py:3954} INFO - Setting next_dagrun for clean_hour_data to None, run_after=None
[2025-09-15T08:20:22.147+0000] {processor.py:183} INFO - Processing /opt/airflow/dags/clean_hour_data.py took 0.093 seconds
[2025-09-15T08:20:52.738+0000] {processor.py:161} INFO - Started process (PID=7080) to work on /opt/airflow/dags/clean_hour_data.py
[2025-09-15T08:20:52.742+0000] {processor.py:830} INFO - Processing file /opt/airflow/dags/clean_hour_data.py for tasks to queue
[2025-09-15T08:20:52.743+0000] {logging_mixin.py:188} INFO - [2025-09-15T08:20:52.743+0000] {dagbag.py:540} INFO - Filling up the DagBag from /opt/airflow/dags/clean_hour_data.py
[2025-09-15T08:20:52.779+0000] {processor.py:840} INFO - DAG(s) 'clean_hour_data' retrieved from /opt/airflow/dags/clean_hour_data.py
[2025-09-15T08:20:52.838+0000] {logging_mixin.py:188} INFO - [2025-09-15T08:20:52.838+0000] {dag.py:3096} INFO - Sync 1 DAGs
[2025-09-15T08:20:52.859+0000] {logging_mixin.py:188} INFO - [2025-09-15T08:20:52.858+0000] {dag.py:3954} INFO - Setting next_dagrun for clean_hour_data to None, run_after=None
[2025-09-15T08:20:52.895+0000] {processor.py:183} INFO - Processing /opt/airflow/dags/clean_hour_data.py took 0.166 seconds
[2025-09-15T08:21:23.029+0000] {processor.py:161} INFO - Started process (PID=7113) to work on /opt/airflow/dags/clean_hour_data.py
[2025-09-15T08:21:23.030+0000] {processor.py:830} INFO - Processing file /opt/airflow/dags/clean_hour_data.py for tasks to queue
[2025-09-15T08:21:23.031+0000] {logging_mixin.py:188} INFO - [2025-09-15T08:21:23.031+0000] {dagbag.py:540} INFO - Filling up the DagBag from /opt/airflow/dags/clean_hour_data.py
[2025-09-15T08:21:23.048+0000] {processor.py:840} INFO - DAG(s) 'clean_hour_data' retrieved from /opt/airflow/dags/clean_hour_data.py
[2025-09-15T08:21:23.075+0000] {logging_mixin.py:188} INFO - [2025-09-15T08:21:23.075+0000] {dag.py:3096} INFO - Sync 1 DAGs
[2025-09-15T08:21:23.087+0000] {logging_mixin.py:188} INFO - [2025-09-15T08:21:23.087+0000] {dag.py:3954} INFO - Setting next_dagrun for clean_hour_data to None, run_after=None
[2025-09-15T08:21:23.108+0000] {processor.py:183} INFO - Processing /opt/airflow/dags/clean_hour_data.py took 0.084 seconds
[2025-09-15T08:21:53.497+0000] {processor.py:161} INFO - Started process (PID=7148) to work on /opt/airflow/dags/clean_hour_data.py
[2025-09-15T08:21:53.498+0000] {processor.py:830} INFO - Processing file /opt/airflow/dags/clean_hour_data.py for tasks to queue
[2025-09-15T08:21:53.499+0000] {logging_mixin.py:188} INFO - [2025-09-15T08:21:53.499+0000] {dagbag.py:540} INFO - Filling up the DagBag from /opt/airflow/dags/clean_hour_data.py
[2025-09-15T08:21:53.517+0000] {processor.py:840} INFO - DAG(s) 'clean_hour_data' retrieved from /opt/airflow/dags/clean_hour_data.py
[2025-09-15T08:21:53.546+0000] {logging_mixin.py:188} INFO - [2025-09-15T08:21:53.545+0000] {dag.py:3096} INFO - Sync 1 DAGs
[2025-09-15T08:21:53.558+0000] {logging_mixin.py:188} INFO - [2025-09-15T08:21:53.558+0000] {dag.py:3954} INFO - Setting next_dagrun for clean_hour_data to None, run_after=None
[2025-09-15T08:21:53.581+0000] {processor.py:183} INFO - Processing /opt/airflow/dags/clean_hour_data.py took 0.092 seconds
[2025-09-15T08:22:24.227+0000] {processor.py:161} INFO - Started process (PID=7183) to work on /opt/airflow/dags/clean_hour_data.py
[2025-09-15T08:22:24.228+0000] {processor.py:830} INFO - Processing file /opt/airflow/dags/clean_hour_data.py for tasks to queue
[2025-09-15T08:22:24.230+0000] {logging_mixin.py:188} INFO - [2025-09-15T08:22:24.229+0000] {dagbag.py:540} INFO - Filling up the DagBag from /opt/airflow/dags/clean_hour_data.py
[2025-09-15T08:22:24.245+0000] {processor.py:840} INFO - DAG(s) 'clean_hour_data' retrieved from /opt/airflow/dags/clean_hour_data.py
[2025-09-15T08:22:24.268+0000] {logging_mixin.py:188} INFO - [2025-09-15T08:22:24.267+0000] {dag.py:3096} INFO - Sync 1 DAGs
[2025-09-15T08:22:24.278+0000] {logging_mixin.py:188} INFO - [2025-09-15T08:22:24.278+0000] {dag.py:3954} INFO - Setting next_dagrun for clean_hour_data to None, run_after=None
[2025-09-15T08:22:24.297+0000] {processor.py:183} INFO - Processing /opt/airflow/dags/clean_hour_data.py took 0.074 seconds
[2025-09-15T08:22:54.999+0000] {processor.py:161} INFO - Started process (PID=7218) to work on /opt/airflow/dags/clean_hour_data.py
[2025-09-15T08:22:55.000+0000] {processor.py:830} INFO - Processing file /opt/airflow/dags/clean_hour_data.py for tasks to queue
[2025-09-15T08:22:55.001+0000] {logging_mixin.py:188} INFO - [2025-09-15T08:22:55.001+0000] {dagbag.py:540} INFO - Filling up the DagBag from /opt/airflow/dags/clean_hour_data.py
[2025-09-15T08:22:55.017+0000] {processor.py:840} INFO - DAG(s) 'clean_hour_data' retrieved from /opt/airflow/dags/clean_hour_data.py
[2025-09-15T08:22:55.039+0000] {logging_mixin.py:188} INFO - [2025-09-15T08:22:55.039+0000] {dag.py:3096} INFO - Sync 1 DAGs
[2025-09-15T08:22:55.049+0000] {logging_mixin.py:188} INFO - [2025-09-15T08:22:55.049+0000] {dag.py:3954} INFO - Setting next_dagrun for clean_hour_data to None, run_after=None
[2025-09-15T08:22:55.069+0000] {processor.py:183} INFO - Processing /opt/airflow/dags/clean_hour_data.py took 0.074 seconds
[2025-09-15T08:23:25.515+0000] {processor.py:161} INFO - Started process (PID=7253) to work on /opt/airflow/dags/clean_hour_data.py
[2025-09-15T08:23:25.516+0000] {processor.py:830} INFO - Processing file /opt/airflow/dags/clean_hour_data.py for tasks to queue
[2025-09-15T08:23:25.517+0000] {logging_mixin.py:188} INFO - [2025-09-15T08:23:25.516+0000] {dagbag.py:540} INFO - Filling up the DagBag from /opt/airflow/dags/clean_hour_data.py
[2025-09-15T08:23:25.533+0000] {processor.py:840} INFO - DAG(s) 'clean_hour_data' retrieved from /opt/airflow/dags/clean_hour_data.py
[2025-09-15T08:23:25.557+0000] {logging_mixin.py:188} INFO - [2025-09-15T08:23:25.557+0000] {dag.py:3096} INFO - Sync 1 DAGs
[2025-09-15T08:23:25.569+0000] {logging_mixin.py:188} INFO - [2025-09-15T08:23:25.568+0000] {dag.py:3954} INFO - Setting next_dagrun for clean_hour_data to None, run_after=None
[2025-09-15T08:23:25.590+0000] {processor.py:183} INFO - Processing /opt/airflow/dags/clean_hour_data.py took 0.081 seconds
[2025-09-15T08:23:56.293+0000] {processor.py:161} INFO - Started process (PID=7288) to work on /opt/airflow/dags/clean_hour_data.py
[2025-09-15T08:23:56.294+0000] {processor.py:830} INFO - Processing file /opt/airflow/dags/clean_hour_data.py for tasks to queue
[2025-09-15T08:23:56.295+0000] {logging_mixin.py:188} INFO - [2025-09-15T08:23:56.295+0000] {dagbag.py:540} INFO - Filling up the DagBag from /opt/airflow/dags/clean_hour_data.py
[2025-09-15T08:23:56.314+0000] {processor.py:840} INFO - DAG(s) 'clean_hour_data' retrieved from /opt/airflow/dags/clean_hour_data.py
[2025-09-15T08:23:56.339+0000] {logging_mixin.py:188} INFO - [2025-09-15T08:23:56.339+0000] {dag.py:3096} INFO - Sync 1 DAGs
[2025-09-15T08:23:56.351+0000] {logging_mixin.py:188} INFO - [2025-09-15T08:23:56.351+0000] {dag.py:3954} INFO - Setting next_dagrun for clean_hour_data to None, run_after=None
[2025-09-15T08:23:56.371+0000] {processor.py:183} INFO - Processing /opt/airflow/dags/clean_hour_data.py took 0.082 seconds
[2025-09-15T08:24:26.907+0000] {processor.py:161} INFO - Started process (PID=7323) to work on /opt/airflow/dags/clean_hour_data.py
[2025-09-15T08:24:26.908+0000] {processor.py:830} INFO - Processing file /opt/airflow/dags/clean_hour_data.py for tasks to queue
[2025-09-15T08:24:26.909+0000] {logging_mixin.py:188} INFO - [2025-09-15T08:24:26.908+0000] {dagbag.py:540} INFO - Filling up the DagBag from /opt/airflow/dags/clean_hour_data.py
[2025-09-15T08:24:26.938+0000] {processor.py:840} INFO - DAG(s) 'clean_hour_data' retrieved from /opt/airflow/dags/clean_hour_data.py
[2025-09-15T08:24:26.969+0000] {logging_mixin.py:188} INFO - [2025-09-15T08:24:26.968+0000] {dag.py:3096} INFO - Sync 1 DAGs
[2025-09-15T08:24:26.980+0000] {logging_mixin.py:188} INFO - [2025-09-15T08:24:26.980+0000] {dag.py:3954} INFO - Setting next_dagrun for clean_hour_data to None, run_after=None
[2025-09-15T08:24:27.001+0000] {processor.py:183} INFO - Processing /opt/airflow/dags/clean_hour_data.py took 0.101 seconds
[2025-09-15T08:24:57.489+0000] {processor.py:161} INFO - Started process (PID=7358) to work on /opt/airflow/dags/clean_hour_data.py
[2025-09-15T08:24:57.490+0000] {processor.py:830} INFO - Processing file /opt/airflow/dags/clean_hour_data.py for tasks to queue
[2025-09-15T08:24:57.492+0000] {logging_mixin.py:188} INFO - [2025-09-15T08:24:57.491+0000] {dagbag.py:540} INFO - Filling up the DagBag from /opt/airflow/dags/clean_hour_data.py
[2025-09-15T08:24:57.514+0000] {processor.py:840} INFO - DAG(s) 'clean_hour_data' retrieved from /opt/airflow/dags/clean_hour_data.py
[2025-09-15T08:24:57.539+0000] {logging_mixin.py:188} INFO - [2025-09-15T08:24:57.539+0000] {dag.py:3096} INFO - Sync 1 DAGs
[2025-09-15T08:24:57.551+0000] {logging_mixin.py:188} INFO - [2025-09-15T08:24:57.551+0000] {dag.py:3954} INFO - Setting next_dagrun for clean_hour_data to None, run_after=None
[2025-09-15T08:24:57.569+0000] {processor.py:183} INFO - Processing /opt/airflow/dags/clean_hour_data.py took 0.088 seconds
[2025-09-15T08:25:28.060+0000] {processor.py:161} INFO - Started process (PID=7393) to work on /opt/airflow/dags/clean_hour_data.py
[2025-09-15T08:25:28.061+0000] {processor.py:830} INFO - Processing file /opt/airflow/dags/clean_hour_data.py for tasks to queue
[2025-09-15T08:25:28.062+0000] {logging_mixin.py:188} INFO - [2025-09-15T08:25:28.062+0000] {dagbag.py:540} INFO - Filling up the DagBag from /opt/airflow/dags/clean_hour_data.py
[2025-09-15T08:25:28.081+0000] {processor.py:840} INFO - DAG(s) 'clean_hour_data' retrieved from /opt/airflow/dags/clean_hour_data.py
[2025-09-15T08:25:28.109+0000] {logging_mixin.py:188} INFO - [2025-09-15T08:25:28.108+0000] {dag.py:3096} INFO - Sync 1 DAGs
[2025-09-15T08:25:28.122+0000] {logging_mixin.py:188} INFO - [2025-09-15T08:25:28.122+0000] {dag.py:3954} INFO - Setting next_dagrun for clean_hour_data to None, run_after=None
[2025-09-15T08:25:28.143+0000] {processor.py:183} INFO - Processing /opt/airflow/dags/clean_hour_data.py took 0.090 seconds
[2025-09-15T08:25:58.567+0000] {processor.py:161} INFO - Started process (PID=7428) to work on /opt/airflow/dags/clean_hour_data.py
[2025-09-15T08:25:58.568+0000] {processor.py:830} INFO - Processing file /opt/airflow/dags/clean_hour_data.py for tasks to queue
[2025-09-15T08:25:58.569+0000] {logging_mixin.py:188} INFO - [2025-09-15T08:25:58.569+0000] {dagbag.py:540} INFO - Filling up the DagBag from /opt/airflow/dags/clean_hour_data.py
[2025-09-15T08:25:58.587+0000] {processor.py:840} INFO - DAG(s) 'clean_hour_data' retrieved from /opt/airflow/dags/clean_hour_data.py
[2025-09-15T08:25:58.611+0000] {logging_mixin.py:188} INFO - [2025-09-15T08:25:58.611+0000] {dag.py:3096} INFO - Sync 1 DAGs
[2025-09-15T08:25:58.624+0000] {logging_mixin.py:188} INFO - [2025-09-15T08:25:58.624+0000] {dag.py:3954} INFO - Setting next_dagrun for clean_hour_data to None, run_after=None
[2025-09-15T08:25:58.646+0000] {processor.py:183} INFO - Processing /opt/airflow/dags/clean_hour_data.py took 0.084 seconds
[2025-09-15T08:26:29.527+0000] {processor.py:161} INFO - Started process (PID=7463) to work on /opt/airflow/dags/clean_hour_data.py
[2025-09-15T08:26:29.528+0000] {processor.py:830} INFO - Processing file /opt/airflow/dags/clean_hour_data.py for tasks to queue
[2025-09-15T08:26:29.529+0000] {logging_mixin.py:188} INFO - [2025-09-15T08:26:29.529+0000] {dagbag.py:540} INFO - Filling up the DagBag from /opt/airflow/dags/clean_hour_data.py
[2025-09-15T08:26:29.546+0000] {processor.py:840} INFO - DAG(s) 'clean_hour_data' retrieved from /opt/airflow/dags/clean_hour_data.py
[2025-09-15T08:26:29.571+0000] {logging_mixin.py:188} INFO - [2025-09-15T08:26:29.570+0000] {dag.py:3096} INFO - Sync 1 DAGs
[2025-09-15T08:26:29.582+0000] {logging_mixin.py:188} INFO - [2025-09-15T08:26:29.581+0000] {dag.py:3954} INFO - Setting next_dagrun for clean_hour_data to None, run_after=None
[2025-09-15T08:26:29.602+0000] {processor.py:183} INFO - Processing /opt/airflow/dags/clean_hour_data.py took 0.080 seconds
[2025-09-15T08:27:00.115+0000] {processor.py:161} INFO - Started process (PID=7498) to work on /opt/airflow/dags/clean_hour_data.py
[2025-09-15T08:27:00.116+0000] {processor.py:830} INFO - Processing file /opt/airflow/dags/clean_hour_data.py for tasks to queue
[2025-09-15T08:27:00.117+0000] {logging_mixin.py:188} INFO - [2025-09-15T08:27:00.117+0000] {dagbag.py:540} INFO - Filling up the DagBag from /opt/airflow/dags/clean_hour_data.py
[2025-09-15T08:27:00.133+0000] {processor.py:840} INFO - DAG(s) 'clean_hour_data' retrieved from /opt/airflow/dags/clean_hour_data.py
[2025-09-15T08:27:00.156+0000] {logging_mixin.py:188} INFO - [2025-09-15T08:27:00.156+0000] {dag.py:3096} INFO - Sync 1 DAGs
[2025-09-15T08:27:00.167+0000] {logging_mixin.py:188} INFO - [2025-09-15T08:27:00.166+0000] {dag.py:3954} INFO - Setting next_dagrun for clean_hour_data to None, run_after=None
[2025-09-15T08:27:00.186+0000] {processor.py:183} INFO - Processing /opt/airflow/dags/clean_hour_data.py took 0.076 seconds
[2025-09-15T08:27:31.020+0000] {processor.py:161} INFO - Started process (PID=7533) to work on /opt/airflow/dags/clean_hour_data.py
[2025-09-15T08:27:31.021+0000] {processor.py:830} INFO - Processing file /opt/airflow/dags/clean_hour_data.py for tasks to queue
[2025-09-15T08:27:31.023+0000] {logging_mixin.py:188} INFO - [2025-09-15T08:27:31.022+0000] {dagbag.py:540} INFO - Filling up the DagBag from /opt/airflow/dags/clean_hour_data.py
[2025-09-15T08:27:31.042+0000] {processor.py:840} INFO - DAG(s) 'clean_hour_data' retrieved from /opt/airflow/dags/clean_hour_data.py
[2025-09-15T08:27:31.077+0000] {logging_mixin.py:188} INFO - [2025-09-15T08:27:31.077+0000] {dag.py:3096} INFO - Sync 1 DAGs
[2025-09-15T08:27:31.097+0000] {logging_mixin.py:188} INFO - [2025-09-15T08:27:31.097+0000] {dag.py:3954} INFO - Setting next_dagrun for clean_hour_data to None, run_after=None
[2025-09-15T08:27:31.125+0000] {processor.py:183} INFO - Processing /opt/airflow/dags/clean_hour_data.py took 0.113 seconds
[2025-09-15T08:28:01.821+0000] {processor.py:161} INFO - Started process (PID=7568) to work on /opt/airflow/dags/clean_hour_data.py
[2025-09-15T08:28:01.822+0000] {processor.py:830} INFO - Processing file /opt/airflow/dags/clean_hour_data.py for tasks to queue
[2025-09-15T08:28:01.823+0000] {logging_mixin.py:188} INFO - [2025-09-15T08:28:01.823+0000] {dagbag.py:540} INFO - Filling up the DagBag from /opt/airflow/dags/clean_hour_data.py
[2025-09-15T08:28:01.845+0000] {processor.py:840} INFO - DAG(s) 'clean_hour_data' retrieved from /opt/airflow/dags/clean_hour_data.py
[2025-09-15T08:28:01.875+0000] {logging_mixin.py:188} INFO - [2025-09-15T08:28:01.875+0000] {dag.py:3096} INFO - Sync 1 DAGs
[2025-09-15T08:28:01.889+0000] {logging_mixin.py:188} INFO - [2025-09-15T08:28:01.889+0000] {dag.py:3954} INFO - Setting next_dagrun for clean_hour_data to None, run_after=None
[2025-09-15T08:28:01.913+0000] {processor.py:183} INFO - Processing /opt/airflow/dags/clean_hour_data.py took 0.099 seconds
[2025-09-15T08:28:32.448+0000] {processor.py:161} INFO - Started process (PID=7603) to work on /opt/airflow/dags/clean_hour_data.py
[2025-09-15T08:28:32.450+0000] {processor.py:830} INFO - Processing file /opt/airflow/dags/clean_hour_data.py for tasks to queue
[2025-09-15T08:28:32.451+0000] {logging_mixin.py:188} INFO - [2025-09-15T08:28:32.450+0000] {dagbag.py:540} INFO - Filling up the DagBag from /opt/airflow/dags/clean_hour_data.py
[2025-09-15T08:28:32.471+0000] {processor.py:840} INFO - DAG(s) 'clean_hour_data' retrieved from /opt/airflow/dags/clean_hour_data.py
[2025-09-15T08:28:32.499+0000] {logging_mixin.py:188} INFO - [2025-09-15T08:28:32.499+0000] {dag.py:3096} INFO - Sync 1 DAGs
[2025-09-15T08:28:32.513+0000] {logging_mixin.py:188} INFO - [2025-09-15T08:28:32.512+0000] {dag.py:3954} INFO - Setting next_dagrun for clean_hour_data to None, run_after=None
[2025-09-15T08:28:32.538+0000] {processor.py:183} INFO - Processing /opt/airflow/dags/clean_hour_data.py took 0.097 seconds
[2025-09-15T08:29:03.032+0000] {processor.py:161} INFO - Started process (PID=7637) to work on /opt/airflow/dags/clean_hour_data.py
[2025-09-15T08:29:03.034+0000] {processor.py:830} INFO - Processing file /opt/airflow/dags/clean_hour_data.py for tasks to queue
[2025-09-15T08:29:03.035+0000] {logging_mixin.py:188} INFO - [2025-09-15T08:29:03.035+0000] {dagbag.py:540} INFO - Filling up the DagBag from /opt/airflow/dags/clean_hour_data.py
[2025-09-15T08:29:03.052+0000] {processor.py:840} INFO - DAG(s) 'clean_hour_data' retrieved from /opt/airflow/dags/clean_hour_data.py
[2025-09-15T08:29:03.078+0000] {logging_mixin.py:188} INFO - [2025-09-15T08:29:03.078+0000] {dag.py:3096} INFO - Sync 1 DAGs
[2025-09-15T08:29:03.092+0000] {logging_mixin.py:188} INFO - [2025-09-15T08:29:03.092+0000] {dag.py:3954} INFO - Setting next_dagrun for clean_hour_data to None, run_after=None
[2025-09-15T08:29:03.113+0000] {processor.py:183} INFO - Processing /opt/airflow/dags/clean_hour_data.py took 0.087 seconds
[2025-09-15T08:29:33.559+0000] {processor.py:161} INFO - Started process (PID=7673) to work on /opt/airflow/dags/clean_hour_data.py
[2025-09-15T08:29:33.560+0000] {processor.py:830} INFO - Processing file /opt/airflow/dags/clean_hour_data.py for tasks to queue
[2025-09-15T08:29:33.562+0000] {logging_mixin.py:188} INFO - [2025-09-15T08:29:33.561+0000] {dagbag.py:540} INFO - Filling up the DagBag from /opt/airflow/dags/clean_hour_data.py
[2025-09-15T08:29:33.584+0000] {processor.py:840} INFO - DAG(s) 'clean_hour_data' retrieved from /opt/airflow/dags/clean_hour_data.py
[2025-09-15T08:29:33.616+0000] {logging_mixin.py:188} INFO - [2025-09-15T08:29:33.616+0000] {dag.py:3096} INFO - Sync 1 DAGs
[2025-09-15T08:29:33.630+0000] {logging_mixin.py:188} INFO - [2025-09-15T08:29:33.630+0000] {dag.py:3954} INFO - Setting next_dagrun for clean_hour_data to None, run_after=None
[2025-09-15T08:29:33.652+0000] {processor.py:183} INFO - Processing /opt/airflow/dags/clean_hour_data.py took 0.101 seconds
[2025-09-15T08:30:04.161+0000] {processor.py:161} INFO - Started process (PID=7708) to work on /opt/airflow/dags/clean_hour_data.py
[2025-09-15T08:30:04.166+0000] {processor.py:830} INFO - Processing file /opt/airflow/dags/clean_hour_data.py for tasks to queue
[2025-09-15T08:30:04.170+0000] {logging_mixin.py:188} INFO - [2025-09-15T08:30:04.168+0000] {dagbag.py:540} INFO - Filling up the DagBag from /opt/airflow/dags/clean_hour_data.py
[2025-09-15T08:30:04.233+0000] {processor.py:840} INFO - DAG(s) 'clean_hour_data' retrieved from /opt/airflow/dags/clean_hour_data.py
[2025-09-15T08:30:04.267+0000] {logging_mixin.py:188} INFO - [2025-09-15T08:30:04.267+0000] {dag.py:3096} INFO - Sync 1 DAGs
[2025-09-15T08:30:04.283+0000] {logging_mixin.py:188} INFO - [2025-09-15T08:30:04.283+0000] {dag.py:3954} INFO - Setting next_dagrun for clean_hour_data to None, run_after=None
[2025-09-15T08:30:04.309+0000] {processor.py:183} INFO - Processing /opt/airflow/dags/clean_hour_data.py took 0.167 seconds
[2025-09-15T08:30:34.946+0000] {processor.py:161} INFO - Started process (PID=7743) to work on /opt/airflow/dags/clean_hour_data.py
[2025-09-15T08:30:34.948+0000] {processor.py:830} INFO - Processing file /opt/airflow/dags/clean_hour_data.py for tasks to queue
[2025-09-15T08:30:34.949+0000] {logging_mixin.py:188} INFO - [2025-09-15T08:30:34.948+0000] {dagbag.py:540} INFO - Filling up the DagBag from /opt/airflow/dags/clean_hour_data.py
[2025-09-15T08:30:34.968+0000] {processor.py:840} INFO - DAG(s) 'clean_hour_data' retrieved from /opt/airflow/dags/clean_hour_data.py
[2025-09-15T08:30:34.997+0000] {logging_mixin.py:188} INFO - [2025-09-15T08:30:34.997+0000] {dag.py:3096} INFO - Sync 1 DAGs
[2025-09-15T08:30:35.012+0000] {logging_mixin.py:188} INFO - [2025-09-15T08:30:35.011+0000] {dag.py:3954} INFO - Setting next_dagrun for clean_hour_data to None, run_after=None
[2025-09-15T08:30:35.063+0000] {processor.py:183} INFO - Processing /opt/airflow/dags/clean_hour_data.py took 0.122 seconds
[2025-09-15T08:31:05.491+0000] {processor.py:161} INFO - Started process (PID=7778) to work on /opt/airflow/dags/clean_hour_data.py
[2025-09-15T08:31:05.492+0000] {processor.py:830} INFO - Processing file /opt/airflow/dags/clean_hour_data.py for tasks to queue
[2025-09-15T08:31:05.494+0000] {logging_mixin.py:188} INFO - [2025-09-15T08:31:05.493+0000] {dagbag.py:540} INFO - Filling up the DagBag from /opt/airflow/dags/clean_hour_data.py
[2025-09-15T08:31:05.522+0000] {processor.py:840} INFO - DAG(s) 'clean_hour_data' retrieved from /opt/airflow/dags/clean_hour_data.py
[2025-09-15T08:31:05.565+0000] {logging_mixin.py:188} INFO - [2025-09-15T08:31:05.565+0000] {dag.py:3096} INFO - Sync 1 DAGs
[2025-09-15T08:31:05.585+0000] {logging_mixin.py:188} INFO - [2025-09-15T08:31:05.585+0000] {dag.py:3954} INFO - Setting next_dagrun for clean_hour_data to None, run_after=None
[2025-09-15T08:31:05.613+0000] {processor.py:183} INFO - Processing /opt/airflow/dags/clean_hour_data.py took 0.131 seconds
[2025-09-15T08:31:36.024+0000] {processor.py:161} INFO - Started process (PID=7813) to work on /opt/airflow/dags/clean_hour_data.py
[2025-09-15T08:31:36.025+0000] {processor.py:830} INFO - Processing file /opt/airflow/dags/clean_hour_data.py for tasks to queue
[2025-09-15T08:31:36.026+0000] {logging_mixin.py:188} INFO - [2025-09-15T08:31:36.026+0000] {dagbag.py:540} INFO - Filling up the DagBag from /opt/airflow/dags/clean_hour_data.py
[2025-09-15T08:31:36.047+0000] {processor.py:840} INFO - DAG(s) 'clean_hour_data' retrieved from /opt/airflow/dags/clean_hour_data.py
[2025-09-15T08:31:36.075+0000] {logging_mixin.py:188} INFO - [2025-09-15T08:31:36.074+0000] {dag.py:3096} INFO - Sync 1 DAGs
[2025-09-15T08:31:36.090+0000] {logging_mixin.py:188} INFO - [2025-09-15T08:31:36.090+0000] {dag.py:3954} INFO - Setting next_dagrun for clean_hour_data to None, run_after=None
[2025-09-15T08:31:36.117+0000] {processor.py:183} INFO - Processing /opt/airflow/dags/clean_hour_data.py took 0.099 seconds
[2025-09-15T08:32:06.574+0000] {processor.py:161} INFO - Started process (PID=7848) to work on /opt/airflow/dags/clean_hour_data.py
[2025-09-15T08:32:06.575+0000] {processor.py:830} INFO - Processing file /opt/airflow/dags/clean_hour_data.py for tasks to queue
[2025-09-15T08:32:06.576+0000] {logging_mixin.py:188} INFO - [2025-09-15T08:32:06.575+0000] {dagbag.py:540} INFO - Filling up the DagBag from /opt/airflow/dags/clean_hour_data.py
[2025-09-15T08:32:06.595+0000] {processor.py:840} INFO - DAG(s) 'clean_hour_data' retrieved from /opt/airflow/dags/clean_hour_data.py
[2025-09-15T08:32:06.646+0000] {logging_mixin.py:188} INFO - [2025-09-15T08:32:06.646+0000] {dag.py:3096} INFO - Sync 1 DAGs
[2025-09-15T08:32:06.658+0000] {logging_mixin.py:188} INFO - [2025-09-15T08:32:06.657+0000] {dag.py:3954} INFO - Setting next_dagrun for clean_hour_data to None, run_after=None
[2025-09-15T08:32:06.727+0000] {processor.py:183} INFO - Processing /opt/airflow/dags/clean_hour_data.py took 0.159 seconds
[2025-09-15T08:32:37.155+0000] {processor.py:161} INFO - Started process (PID=7883) to work on /opt/airflow/dags/clean_hour_data.py
[2025-09-15T08:32:37.158+0000] {processor.py:830} INFO - Processing file /opt/airflow/dags/clean_hour_data.py for tasks to queue
[2025-09-15T08:32:37.159+0000] {logging_mixin.py:188} INFO - [2025-09-15T08:32:37.159+0000] {dagbag.py:540} INFO - Filling up the DagBag from /opt/airflow/dags/clean_hour_data.py
[2025-09-15T08:32:37.191+0000] {processor.py:840} INFO - DAG(s) 'clean_hour_data' retrieved from /opt/airflow/dags/clean_hour_data.py
[2025-09-15T08:32:37.251+0000] {logging_mixin.py:188} INFO - [2025-09-15T08:32:37.251+0000] {dag.py:3096} INFO - Sync 1 DAGs
[2025-09-15T08:32:37.271+0000] {logging_mixin.py:188} INFO - [2025-09-15T08:32:37.271+0000] {dag.py:3954} INFO - Setting next_dagrun for clean_hour_data to None, run_after=None
[2025-09-15T08:32:37.305+0000] {processor.py:183} INFO - Processing /opt/airflow/dags/clean_hour_data.py took 0.164 seconds
[2025-09-15T08:33:07.839+0000] {processor.py:161} INFO - Started process (PID=7918) to work on /opt/airflow/dags/clean_hour_data.py
[2025-09-15T08:33:07.840+0000] {processor.py:830} INFO - Processing file /opt/airflow/dags/clean_hour_data.py for tasks to queue
[2025-09-15T08:33:07.841+0000] {logging_mixin.py:188} INFO - [2025-09-15T08:33:07.840+0000] {dagbag.py:540} INFO - Filling up the DagBag from /opt/airflow/dags/clean_hour_data.py
[2025-09-15T08:33:07.856+0000] {processor.py:840} INFO - DAG(s) 'clean_hour_data' retrieved from /opt/airflow/dags/clean_hour_data.py
[2025-09-15T08:33:07.886+0000] {logging_mixin.py:188} INFO - [2025-09-15T08:33:07.886+0000] {dag.py:3096} INFO - Sync 1 DAGs
[2025-09-15T08:33:07.900+0000] {logging_mixin.py:188} INFO - [2025-09-15T08:33:07.900+0000] {dag.py:3954} INFO - Setting next_dagrun for clean_hour_data to None, run_after=None
[2025-09-15T08:33:07.920+0000] {processor.py:183} INFO - Processing /opt/airflow/dags/clean_hour_data.py took 0.087 seconds
[2025-09-15T08:33:38.299+0000] {processor.py:161} INFO - Started process (PID=7955) to work on /opt/airflow/dags/clean_hour_data.py
[2025-09-15T08:33:38.301+0000] {processor.py:830} INFO - Processing file /opt/airflow/dags/clean_hour_data.py for tasks to queue
[2025-09-15T08:33:38.304+0000] {logging_mixin.py:188} INFO - [2025-09-15T08:33:38.303+0000] {dagbag.py:540} INFO - Filling up the DagBag from /opt/airflow/dags/clean_hour_data.py
[2025-09-15T08:33:38.332+0000] {processor.py:840} INFO - DAG(s) 'clean_hour_data' retrieved from /opt/airflow/dags/clean_hour_data.py
[2025-09-15T08:33:38.377+0000] {logging_mixin.py:188} INFO - [2025-09-15T08:33:38.377+0000] {dag.py:3096} INFO - Sync 1 DAGs
[2025-09-15T08:33:38.395+0000] {logging_mixin.py:188} INFO - [2025-09-15T08:33:38.394+0000] {dag.py:3954} INFO - Setting next_dagrun for clean_hour_data to None, run_after=None
[2025-09-15T08:33:38.415+0000] {processor.py:183} INFO - Processing /opt/airflow/dags/clean_hour_data.py took 0.129 seconds
[2025-09-15T08:34:08.904+0000] {processor.py:161} INFO - Started process (PID=7990) to work on /opt/airflow/dags/clean_hour_data.py
[2025-09-15T08:34:08.905+0000] {processor.py:830} INFO - Processing file /opt/airflow/dags/clean_hour_data.py for tasks to queue
[2025-09-15T08:34:08.906+0000] {logging_mixin.py:188} INFO - [2025-09-15T08:34:08.906+0000] {dagbag.py:540} INFO - Filling up the DagBag from /opt/airflow/dags/clean_hour_data.py
[2025-09-15T08:34:08.922+0000] {processor.py:840} INFO - DAG(s) 'clean_hour_data' retrieved from /opt/airflow/dags/clean_hour_data.py
[2025-09-15T08:34:08.951+0000] {logging_mixin.py:188} INFO - [2025-09-15T08:34:08.950+0000] {dag.py:3096} INFO - Sync 1 DAGs
[2025-09-15T08:34:08.962+0000] {logging_mixin.py:188} INFO - [2025-09-15T08:34:08.961+0000] {dag.py:3954} INFO - Setting next_dagrun for clean_hour_data to None, run_after=None
[2025-09-15T08:34:08.982+0000] {processor.py:183} INFO - Processing /opt/airflow/dags/clean_hour_data.py took 0.083 seconds
[2025-09-15T08:34:39.468+0000] {processor.py:161} INFO - Started process (PID=8025) to work on /opt/airflow/dags/clean_hour_data.py
[2025-09-15T08:34:39.469+0000] {processor.py:830} INFO - Processing file /opt/airflow/dags/clean_hour_data.py for tasks to queue
[2025-09-15T08:34:39.471+0000] {logging_mixin.py:188} INFO - [2025-09-15T08:34:39.470+0000] {dagbag.py:540} INFO - Filling up the DagBag from /opt/airflow/dags/clean_hour_data.py
[2025-09-15T08:34:39.490+0000] {processor.py:840} INFO - DAG(s) 'clean_hour_data' retrieved from /opt/airflow/dags/clean_hour_data.py
[2025-09-15T08:34:39.516+0000] {logging_mixin.py:188} INFO - [2025-09-15T08:34:39.516+0000] {dag.py:3096} INFO - Sync 1 DAGs
[2025-09-15T08:34:39.528+0000] {logging_mixin.py:188} INFO - [2025-09-15T08:34:39.528+0000] {dag.py:3954} INFO - Setting next_dagrun for clean_hour_data to None, run_after=None
[2025-09-15T08:34:39.550+0000] {processor.py:183} INFO - Processing /opt/airflow/dags/clean_hour_data.py took 0.089 seconds
[2025-09-15T08:35:10.055+0000] {processor.py:161} INFO - Started process (PID=8060) to work on /opt/airflow/dags/clean_hour_data.py
[2025-09-15T08:35:10.056+0000] {processor.py:830} INFO - Processing file /opt/airflow/dags/clean_hour_data.py for tasks to queue
[2025-09-15T08:35:10.057+0000] {logging_mixin.py:188} INFO - [2025-09-15T08:35:10.057+0000] {dagbag.py:540} INFO - Filling up the DagBag from /opt/airflow/dags/clean_hour_data.py
[2025-09-15T08:35:10.078+0000] {processor.py:840} INFO - DAG(s) 'clean_hour_data' retrieved from /opt/airflow/dags/clean_hour_data.py
[2025-09-15T08:35:10.105+0000] {logging_mixin.py:188} INFO - [2025-09-15T08:35:10.105+0000] {dag.py:3096} INFO - Sync 1 DAGs
[2025-09-15T08:35:10.118+0000] {logging_mixin.py:188} INFO - [2025-09-15T08:35:10.118+0000] {dag.py:3954} INFO - Setting next_dagrun for clean_hour_data to None, run_after=None
[2025-09-15T08:35:10.148+0000] {processor.py:183} INFO - Processing /opt/airflow/dags/clean_hour_data.py took 0.100 seconds
[2025-09-15T08:35:40.746+0000] {processor.py:161} INFO - Started process (PID=8093) to work on /opt/airflow/dags/clean_hour_data.py
[2025-09-15T08:35:40.748+0000] {processor.py:830} INFO - Processing file /opt/airflow/dags/clean_hour_data.py for tasks to queue
[2025-09-15T08:35:40.749+0000] {logging_mixin.py:188} INFO - [2025-09-15T08:35:40.748+0000] {dagbag.py:540} INFO - Filling up the DagBag from /opt/airflow/dags/clean_hour_data.py
[2025-09-15T08:35:40.780+0000] {processor.py:840} INFO - DAG(s) 'clean_hour_data' retrieved from /opt/airflow/dags/clean_hour_data.py
[2025-09-15T08:35:40.816+0000] {logging_mixin.py:188} INFO - [2025-09-15T08:35:40.815+0000] {dag.py:3096} INFO - Sync 1 DAGs
[2025-09-15T08:35:40.828+0000] {logging_mixin.py:188} INFO - [2025-09-15T08:35:40.828+0000] {dag.py:3954} INFO - Setting next_dagrun for clean_hour_data to None, run_after=None
[2025-09-15T08:35:40.847+0000] {processor.py:183} INFO - Processing /opt/airflow/dags/clean_hour_data.py took 0.113 seconds
[2025-09-15T08:36:11.323+0000] {processor.py:161} INFO - Started process (PID=8130) to work on /opt/airflow/dags/clean_hour_data.py
[2025-09-15T08:36:11.325+0000] {processor.py:830} INFO - Processing file /opt/airflow/dags/clean_hour_data.py for tasks to queue
[2025-09-15T08:36:11.326+0000] {logging_mixin.py:188} INFO - [2025-09-15T08:36:11.326+0000] {dagbag.py:540} INFO - Filling up the DagBag from /opt/airflow/dags/clean_hour_data.py
[2025-09-15T08:36:11.345+0000] {processor.py:840} INFO - DAG(s) 'clean_hour_data' retrieved from /opt/airflow/dags/clean_hour_data.py
[2025-09-15T08:36:11.372+0000] {logging_mixin.py:188} INFO - [2025-09-15T08:36:11.372+0000] {dag.py:3096} INFO - Sync 1 DAGs
[2025-09-15T08:36:11.384+0000] {logging_mixin.py:188} INFO - [2025-09-15T08:36:11.383+0000] {dag.py:3954} INFO - Setting next_dagrun for clean_hour_data to None, run_after=None
[2025-09-15T08:36:11.405+0000] {processor.py:183} INFO - Processing /opt/airflow/dags/clean_hour_data.py took 0.087 seconds
[2025-09-15T08:36:41.873+0000] {processor.py:161} INFO - Started process (PID=8165) to work on /opt/airflow/dags/clean_hour_data.py
[2025-09-15T08:36:41.874+0000] {processor.py:830} INFO - Processing file /opt/airflow/dags/clean_hour_data.py for tasks to queue
[2025-09-15T08:36:41.875+0000] {logging_mixin.py:188} INFO - [2025-09-15T08:36:41.874+0000] {dagbag.py:540} INFO - Filling up the DagBag from /opt/airflow/dags/clean_hour_data.py
[2025-09-15T08:36:41.892+0000] {processor.py:840} INFO - DAG(s) 'clean_hour_data' retrieved from /opt/airflow/dags/clean_hour_data.py
[2025-09-15T08:36:41.918+0000] {logging_mixin.py:188} INFO - [2025-09-15T08:36:41.917+0000] {dag.py:3096} INFO - Sync 1 DAGs
[2025-09-15T08:36:41.929+0000] {logging_mixin.py:188} INFO - [2025-09-15T08:36:41.929+0000] {dag.py:3954} INFO - Setting next_dagrun for clean_hour_data to None, run_after=None
[2025-09-15T08:36:41.952+0000] {processor.py:183} INFO - Processing /opt/airflow/dags/clean_hour_data.py took 0.085 seconds
[2025-09-15T08:37:12.230+0000] {processor.py:161} INFO - Started process (PID=8200) to work on /opt/airflow/dags/clean_hour_data.py
[2025-09-15T08:37:12.232+0000] {processor.py:830} INFO - Processing file /opt/airflow/dags/clean_hour_data.py for tasks to queue
[2025-09-15T08:37:12.233+0000] {logging_mixin.py:188} INFO - [2025-09-15T08:37:12.232+0000] {dagbag.py:540} INFO - Filling up the DagBag from /opt/airflow/dags/clean_hour_data.py
[2025-09-15T08:37:12.252+0000] {processor.py:840} INFO - DAG(s) 'clean_hour_data' retrieved from /opt/airflow/dags/clean_hour_data.py
[2025-09-15T08:37:12.283+0000] {logging_mixin.py:188} INFO - [2025-09-15T08:37:12.283+0000] {dag.py:3096} INFO - Sync 1 DAGs
[2025-09-15T08:37:12.296+0000] {logging_mixin.py:188} INFO - [2025-09-15T08:37:12.296+0000] {dag.py:3954} INFO - Setting next_dagrun for clean_hour_data to None, run_after=None
[2025-09-15T08:37:12.318+0000] {processor.py:183} INFO - Processing /opt/airflow/dags/clean_hour_data.py took 0.094 seconds
[2025-09-15T08:37:42.769+0000] {processor.py:161} INFO - Started process (PID=8235) to work on /opt/airflow/dags/clean_hour_data.py
[2025-09-15T08:37:42.770+0000] {processor.py:830} INFO - Processing file /opt/airflow/dags/clean_hour_data.py for tasks to queue
[2025-09-15T08:37:42.771+0000] {logging_mixin.py:188} INFO - [2025-09-15T08:37:42.771+0000] {dagbag.py:540} INFO - Filling up the DagBag from /opt/airflow/dags/clean_hour_data.py
[2025-09-15T08:37:42.789+0000] {processor.py:840} INFO - DAG(s) 'clean_hour_data' retrieved from /opt/airflow/dags/clean_hour_data.py
[2025-09-15T08:37:42.813+0000] {logging_mixin.py:188} INFO - [2025-09-15T08:37:42.813+0000] {dag.py:3096} INFO - Sync 1 DAGs
[2025-09-15T08:37:42.823+0000] {logging_mixin.py:188} INFO - [2025-09-15T08:37:42.823+0000] {dag.py:3954} INFO - Setting next_dagrun for clean_hour_data to None, run_after=None
[2025-09-15T08:37:42.844+0000] {processor.py:183} INFO - Processing /opt/airflow/dags/clean_hour_data.py took 0.081 seconds
[2025-09-15T08:38:13.561+0000] {processor.py:161} INFO - Started process (PID=8270) to work on /opt/airflow/dags/clean_hour_data.py
[2025-09-15T08:38:13.562+0000] {processor.py:830} INFO - Processing file /opt/airflow/dags/clean_hour_data.py for tasks to queue
[2025-09-15T08:38:13.563+0000] {logging_mixin.py:188} INFO - [2025-09-15T08:38:13.563+0000] {dagbag.py:540} INFO - Filling up the DagBag from /opt/airflow/dags/clean_hour_data.py
[2025-09-15T08:38:13.584+0000] {processor.py:840} INFO - DAG(s) 'clean_hour_data' retrieved from /opt/airflow/dags/clean_hour_data.py
[2025-09-15T08:38:13.616+0000] {logging_mixin.py:188} INFO - [2025-09-15T08:38:13.616+0000] {dag.py:3096} INFO - Sync 1 DAGs
[2025-09-15T08:38:13.630+0000] {logging_mixin.py:188} INFO - [2025-09-15T08:38:13.630+0000] {dag.py:3954} INFO - Setting next_dagrun for clean_hour_data to None, run_after=None
[2025-09-15T08:38:13.657+0000] {processor.py:183} INFO - Processing /opt/airflow/dags/clean_hour_data.py took 0.104 seconds
[2025-09-15T08:38:44.407+0000] {processor.py:161} INFO - Started process (PID=8305) to work on /opt/airflow/dags/clean_hour_data.py
[2025-09-15T08:38:44.408+0000] {processor.py:830} INFO - Processing file /opt/airflow/dags/clean_hour_data.py for tasks to queue
[2025-09-15T08:38:44.409+0000] {logging_mixin.py:188} INFO - [2025-09-15T08:38:44.409+0000] {dagbag.py:540} INFO - Filling up the DagBag from /opt/airflow/dags/clean_hour_data.py
[2025-09-15T08:38:44.425+0000] {processor.py:840} INFO - DAG(s) 'clean_hour_data' retrieved from /opt/airflow/dags/clean_hour_data.py
[2025-09-15T08:38:44.451+0000] {logging_mixin.py:188} INFO - [2025-09-15T08:38:44.451+0000] {dag.py:3096} INFO - Sync 1 DAGs
[2025-09-15T08:38:44.461+0000] {logging_mixin.py:188} INFO - [2025-09-15T08:38:44.461+0000] {dag.py:3954} INFO - Setting next_dagrun for clean_hour_data to None, run_after=None
[2025-09-15T08:38:44.481+0000] {processor.py:183} INFO - Processing /opt/airflow/dags/clean_hour_data.py took 0.079 seconds
[2025-09-15T08:39:15.102+0000] {processor.py:161} INFO - Started process (PID=8340) to work on /opt/airflow/dags/clean_hour_data.py
[2025-09-15T08:39:15.103+0000] {processor.py:830} INFO - Processing file /opt/airflow/dags/clean_hour_data.py for tasks to queue
[2025-09-15T08:39:15.104+0000] {logging_mixin.py:188} INFO - [2025-09-15T08:39:15.103+0000] {dagbag.py:540} INFO - Filling up the DagBag from /opt/airflow/dags/clean_hour_data.py
[2025-09-15T08:39:15.120+0000] {processor.py:840} INFO - DAG(s) 'clean_hour_data' retrieved from /opt/airflow/dags/clean_hour_data.py
[2025-09-15T08:39:15.145+0000] {logging_mixin.py:188} INFO - [2025-09-15T08:39:15.145+0000] {dag.py:3096} INFO - Sync 1 DAGs
[2025-09-15T08:39:15.156+0000] {logging_mixin.py:188} INFO - [2025-09-15T08:39:15.156+0000] {dag.py:3954} INFO - Setting next_dagrun for clean_hour_data to None, run_after=None
[2025-09-15T08:39:15.176+0000] {processor.py:183} INFO - Processing /opt/airflow/dags/clean_hour_data.py took 0.081 seconds
[2025-09-15T08:39:45.687+0000] {processor.py:161} INFO - Started process (PID=8375) to work on /opt/airflow/dags/clean_hour_data.py
[2025-09-15T08:39:45.689+0000] {processor.py:830} INFO - Processing file /opt/airflow/dags/clean_hour_data.py for tasks to queue
[2025-09-15T08:39:45.689+0000] {logging_mixin.py:188} INFO - [2025-09-15T08:39:45.689+0000] {dagbag.py:540} INFO - Filling up the DagBag from /opt/airflow/dags/clean_hour_data.py
[2025-09-15T08:39:45.706+0000] {processor.py:840} INFO - DAG(s) 'clean_hour_data' retrieved from /opt/airflow/dags/clean_hour_data.py
[2025-09-15T08:39:45.730+0000] {logging_mixin.py:188} INFO - [2025-09-15T08:39:45.730+0000] {dag.py:3096} INFO - Sync 1 DAGs
[2025-09-15T08:39:45.742+0000] {logging_mixin.py:188} INFO - [2025-09-15T08:39:45.742+0000] {dag.py:3954} INFO - Setting next_dagrun for clean_hour_data to None, run_after=None
[2025-09-15T08:39:45.762+0000] {processor.py:183} INFO - Processing /opt/airflow/dags/clean_hour_data.py took 0.080 seconds
[2025-09-15T08:40:16.628+0000] {processor.py:161} INFO - Started process (PID=8410) to work on /opt/airflow/dags/clean_hour_data.py
[2025-09-15T08:40:16.630+0000] {processor.py:830} INFO - Processing file /opt/airflow/dags/clean_hour_data.py for tasks to queue
[2025-09-15T08:40:16.631+0000] {logging_mixin.py:188} INFO - [2025-09-15T08:40:16.631+0000] {dagbag.py:540} INFO - Filling up the DagBag from /opt/airflow/dags/clean_hour_data.py
[2025-09-15T08:40:16.659+0000] {processor.py:840} INFO - DAG(s) 'clean_hour_data' retrieved from /opt/airflow/dags/clean_hour_data.py
[2025-09-15T08:40:16.716+0000] {logging_mixin.py:188} INFO - [2025-09-15T08:40:16.715+0000] {dag.py:3096} INFO - Sync 1 DAGs
[2025-09-15T08:40:16.747+0000] {logging_mixin.py:188} INFO - [2025-09-15T08:40:16.746+0000] {dag.py:3954} INFO - Setting next_dagrun for clean_hour_data to None, run_after=None
[2025-09-15T08:40:16.788+0000] {processor.py:183} INFO - Processing /opt/airflow/dags/clean_hour_data.py took 0.171 seconds
[2025-09-15T08:40:47.445+0000] {processor.py:161} INFO - Started process (PID=8445) to work on /opt/airflow/dags/clean_hour_data.py
[2025-09-15T08:40:47.446+0000] {processor.py:830} INFO - Processing file /opt/airflow/dags/clean_hour_data.py for tasks to queue
[2025-09-15T08:40:47.447+0000] {logging_mixin.py:188} INFO - [2025-09-15T08:40:47.447+0000] {dagbag.py:540} INFO - Filling up the DagBag from /opt/airflow/dags/clean_hour_data.py
[2025-09-15T08:40:47.463+0000] {processor.py:840} INFO - DAG(s) 'clean_hour_data' retrieved from /opt/airflow/dags/clean_hour_data.py
[2025-09-15T08:40:47.488+0000] {logging_mixin.py:188} INFO - [2025-09-15T08:40:47.488+0000] {dag.py:3096} INFO - Sync 1 DAGs
[2025-09-15T08:40:47.501+0000] {logging_mixin.py:188} INFO - [2025-09-15T08:40:47.500+0000] {dag.py:3954} INFO - Setting next_dagrun for clean_hour_data to None, run_after=None
[2025-09-15T08:40:47.522+0000] {processor.py:183} INFO - Processing /opt/airflow/dags/clean_hour_data.py took 0.082 seconds
[2025-09-15T08:41:17.963+0000] {processor.py:161} INFO - Started process (PID=8480) to work on /opt/airflow/dags/clean_hour_data.py
[2025-09-15T08:41:17.965+0000] {processor.py:830} INFO - Processing file /opt/airflow/dags/clean_hour_data.py for tasks to queue
[2025-09-15T08:41:17.966+0000] {logging_mixin.py:188} INFO - [2025-09-15T08:41:17.965+0000] {dagbag.py:540} INFO - Filling up the DagBag from /opt/airflow/dags/clean_hour_data.py
[2025-09-15T08:41:17.983+0000] {processor.py:840} INFO - DAG(s) 'clean_hour_data' retrieved from /opt/airflow/dags/clean_hour_data.py
[2025-09-15T08:41:18.011+0000] {logging_mixin.py:188} INFO - [2025-09-15T08:41:18.011+0000] {dag.py:3096} INFO - Sync 1 DAGs
[2025-09-15T08:41:18.023+0000] {logging_mixin.py:188} INFO - [2025-09-15T08:41:18.023+0000] {dag.py:3954} INFO - Setting next_dagrun for clean_hour_data to None, run_after=None
[2025-09-15T08:41:18.042+0000] {processor.py:183} INFO - Processing /opt/airflow/dags/clean_hour_data.py took 0.085 seconds
[2025-09-15T08:41:48.505+0000] {processor.py:161} INFO - Started process (PID=8515) to work on /opt/airflow/dags/clean_hour_data.py
[2025-09-15T08:41:48.507+0000] {processor.py:830} INFO - Processing file /opt/airflow/dags/clean_hour_data.py for tasks to queue
[2025-09-15T08:41:48.508+0000] {logging_mixin.py:188} INFO - [2025-09-15T08:41:48.507+0000] {dagbag.py:540} INFO - Filling up the DagBag from /opt/airflow/dags/clean_hour_data.py
[2025-09-15T08:41:48.528+0000] {processor.py:840} INFO - DAG(s) 'clean_hour_data' retrieved from /opt/airflow/dags/clean_hour_data.py
[2025-09-15T08:41:48.552+0000] {logging_mixin.py:188} INFO - [2025-09-15T08:41:48.552+0000] {dag.py:3096} INFO - Sync 1 DAGs
[2025-09-15T08:41:48.563+0000] {logging_mixin.py:188} INFO - [2025-09-15T08:41:48.563+0000] {dag.py:3954} INFO - Setting next_dagrun for clean_hour_data to None, run_after=None
[2025-09-15T08:41:48.582+0000] {processor.py:183} INFO - Processing /opt/airflow/dags/clean_hour_data.py took 0.084 seconds
[2025-09-15T08:42:19.142+0000] {processor.py:161} INFO - Started process (PID=8550) to work on /opt/airflow/dags/clean_hour_data.py
[2025-09-15T08:42:19.144+0000] {processor.py:830} INFO - Processing file /opt/airflow/dags/clean_hour_data.py for tasks to queue
[2025-09-15T08:42:19.145+0000] {logging_mixin.py:188} INFO - [2025-09-15T08:42:19.144+0000] {dagbag.py:540} INFO - Filling up the DagBag from /opt/airflow/dags/clean_hour_data.py
[2025-09-15T08:42:19.171+0000] {processor.py:840} INFO - DAG(s) 'clean_hour_data' retrieved from /opt/airflow/dags/clean_hour_data.py
[2025-09-15T08:42:19.222+0000] {logging_mixin.py:188} INFO - [2025-09-15T08:42:19.221+0000] {dag.py:3096} INFO - Sync 1 DAGs
[2025-09-15T08:42:19.241+0000] {logging_mixin.py:188} INFO - [2025-09-15T08:42:19.241+0000] {dag.py:3954} INFO - Setting next_dagrun for clean_hour_data to None, run_after=None
[2025-09-15T08:42:19.270+0000] {processor.py:183} INFO - Processing /opt/airflow/dags/clean_hour_data.py took 0.134 seconds
[2025-09-15T08:42:49.759+0000] {processor.py:161} INFO - Started process (PID=8585) to work on /opt/airflow/dags/clean_hour_data.py
[2025-09-15T08:42:49.760+0000] {processor.py:830} INFO - Processing file /opt/airflow/dags/clean_hour_data.py for tasks to queue
[2025-09-15T08:42:49.762+0000] {logging_mixin.py:188} INFO - [2025-09-15T08:42:49.761+0000] {dagbag.py:540} INFO - Filling up the DagBag from /opt/airflow/dags/clean_hour_data.py
[2025-09-15T08:42:49.779+0000] {processor.py:840} INFO - DAG(s) 'clean_hour_data' retrieved from /opt/airflow/dags/clean_hour_data.py
[2025-09-15T08:42:49.803+0000] {logging_mixin.py:188} INFO - [2025-09-15T08:42:49.803+0000] {dag.py:3096} INFO - Sync 1 DAGs
[2025-09-15T08:42:49.815+0000] {logging_mixin.py:188} INFO - [2025-09-15T08:42:49.814+0000] {dag.py:3954} INFO - Setting next_dagrun for clean_hour_data to None, run_after=None
[2025-09-15T08:42:49.834+0000] {processor.py:183} INFO - Processing /opt/airflow/dags/clean_hour_data.py took 0.081 seconds
[2025-09-15T08:43:20.472+0000] {processor.py:161} INFO - Started process (PID=8620) to work on /opt/airflow/dags/clean_hour_data.py
[2025-09-15T08:43:20.474+0000] {processor.py:830} INFO - Processing file /opt/airflow/dags/clean_hour_data.py for tasks to queue
[2025-09-15T08:43:20.475+0000] {logging_mixin.py:188} INFO - [2025-09-15T08:43:20.475+0000] {dagbag.py:540} INFO - Filling up the DagBag from /opt/airflow/dags/clean_hour_data.py
[2025-09-15T08:43:20.496+0000] {processor.py:840} INFO - DAG(s) 'clean_hour_data' retrieved from /opt/airflow/dags/clean_hour_data.py
[2025-09-15T08:43:20.523+0000] {logging_mixin.py:188} INFO - [2025-09-15T08:43:20.523+0000] {dag.py:3096} INFO - Sync 1 DAGs
[2025-09-15T08:43:20.535+0000] {logging_mixin.py:188} INFO - [2025-09-15T08:43:20.535+0000] {dag.py:3954} INFO - Setting next_dagrun for clean_hour_data to None, run_after=None
[2025-09-15T08:43:20.559+0000] {processor.py:183} INFO - Processing /opt/airflow/dags/clean_hour_data.py took 0.095 seconds
[2025-09-15T08:43:51.230+0000] {processor.py:161} INFO - Started process (PID=8655) to work on /opt/airflow/dags/clean_hour_data.py
[2025-09-15T08:43:51.231+0000] {processor.py:830} INFO - Processing file /opt/airflow/dags/clean_hour_data.py for tasks to queue
[2025-09-15T08:43:51.232+0000] {logging_mixin.py:188} INFO - [2025-09-15T08:43:51.232+0000] {dagbag.py:540} INFO - Filling up the DagBag from /opt/airflow/dags/clean_hour_data.py
[2025-09-15T08:43:51.252+0000] {processor.py:840} INFO - DAG(s) 'clean_hour_data' retrieved from /opt/airflow/dags/clean_hour_data.py
[2025-09-15T08:43:51.278+0000] {logging_mixin.py:188} INFO - [2025-09-15T08:43:51.278+0000] {dag.py:3096} INFO - Sync 1 DAGs
[2025-09-15T08:43:51.289+0000] {logging_mixin.py:188} INFO - [2025-09-15T08:43:51.289+0000] {dag.py:3954} INFO - Setting next_dagrun for clean_hour_data to None, run_after=None
[2025-09-15T08:43:51.306+0000] {processor.py:183} INFO - Processing /opt/airflow/dags/clean_hour_data.py took 0.083 seconds
[2025-09-15T08:44:21.886+0000] {processor.py:161} INFO - Started process (PID=8690) to work on /opt/airflow/dags/clean_hour_data.py
[2025-09-15T08:44:21.887+0000] {processor.py:830} INFO - Processing file /opt/airflow/dags/clean_hour_data.py for tasks to queue
[2025-09-15T08:44:21.888+0000] {logging_mixin.py:188} INFO - [2025-09-15T08:44:21.888+0000] {dagbag.py:540} INFO - Filling up the DagBag from /opt/airflow/dags/clean_hour_data.py
[2025-09-15T08:44:21.906+0000] {processor.py:840} INFO - DAG(s) 'clean_hour_data' retrieved from /opt/airflow/dags/clean_hour_data.py
[2025-09-15T08:44:21.931+0000] {logging_mixin.py:188} INFO - [2025-09-15T08:44:21.930+0000] {dag.py:3096} INFO - Sync 1 DAGs
[2025-09-15T08:44:21.942+0000] {logging_mixin.py:188} INFO - [2025-09-15T08:44:21.942+0000] {dag.py:3954} INFO - Setting next_dagrun for clean_hour_data to None, run_after=None
[2025-09-15T08:44:21.961+0000] {processor.py:183} INFO - Processing /opt/airflow/dags/clean_hour_data.py took 0.082 seconds
[2025-09-15T08:44:52.396+0000] {processor.py:161} INFO - Started process (PID=8725) to work on /opt/airflow/dags/clean_hour_data.py
[2025-09-15T08:44:52.401+0000] {processor.py:830} INFO - Processing file /opt/airflow/dags/clean_hour_data.py for tasks to queue
[2025-09-15T08:44:52.402+0000] {logging_mixin.py:188} INFO - [2025-09-15T08:44:52.402+0000] {dagbag.py:540} INFO - Filling up the DagBag from /opt/airflow/dags/clean_hour_data.py
[2025-09-15T08:44:52.424+0000] {processor.py:840} INFO - DAG(s) 'clean_hour_data' retrieved from /opt/airflow/dags/clean_hour_data.py
[2025-09-15T08:44:52.453+0000] {logging_mixin.py:188} INFO - [2025-09-15T08:44:52.452+0000] {dag.py:3096} INFO - Sync 1 DAGs
[2025-09-15T08:44:52.465+0000] {logging_mixin.py:188} INFO - [2025-09-15T08:44:52.464+0000] {dag.py:3954} INFO - Setting next_dagrun for clean_hour_data to None, run_after=None
[2025-09-15T08:44:52.484+0000] {processor.py:183} INFO - Processing /opt/airflow/dags/clean_hour_data.py took 0.116 seconds
[2025-09-15T08:45:23.077+0000] {processor.py:161} INFO - Started process (PID=8760) to work on /opt/airflow/dags/clean_hour_data.py
[2025-09-15T08:45:23.078+0000] {processor.py:830} INFO - Processing file /opt/airflow/dags/clean_hour_data.py for tasks to queue
[2025-09-15T08:45:23.080+0000] {logging_mixin.py:188} INFO - [2025-09-15T08:45:23.079+0000] {dagbag.py:540} INFO - Filling up the DagBag from /opt/airflow/dags/clean_hour_data.py
[2025-09-15T08:45:23.099+0000] {processor.py:840} INFO - DAG(s) 'clean_hour_data' retrieved from /opt/airflow/dags/clean_hour_data.py
[2025-09-15T08:45:23.128+0000] {logging_mixin.py:188} INFO - [2025-09-15T08:45:23.128+0000] {dag.py:3096} INFO - Sync 1 DAGs
[2025-09-15T08:45:23.140+0000] {logging_mixin.py:188} INFO - [2025-09-15T08:45:23.140+0000] {dag.py:3954} INFO - Setting next_dagrun for clean_hour_data to None, run_after=None
[2025-09-15T08:45:23.161+0000] {processor.py:183} INFO - Processing /opt/airflow/dags/clean_hour_data.py took 0.092 seconds
[2025-09-15T08:45:53.599+0000] {processor.py:161} INFO - Started process (PID=8795) to work on /opt/airflow/dags/clean_hour_data.py
[2025-09-15T08:45:53.600+0000] {processor.py:830} INFO - Processing file /opt/airflow/dags/clean_hour_data.py for tasks to queue
[2025-09-15T08:45:53.601+0000] {logging_mixin.py:188} INFO - [2025-09-15T08:45:53.601+0000] {dagbag.py:540} INFO - Filling up the DagBag from /opt/airflow/dags/clean_hour_data.py
[2025-09-15T08:45:53.618+0000] {processor.py:840} INFO - DAG(s) 'clean_hour_data' retrieved from /opt/airflow/dags/clean_hour_data.py
[2025-09-15T08:45:53.644+0000] {logging_mixin.py:188} INFO - [2025-09-15T08:45:53.644+0000] {dag.py:3096} INFO - Sync 1 DAGs
[2025-09-15T08:45:53.654+0000] {logging_mixin.py:188} INFO - [2025-09-15T08:45:53.654+0000] {dag.py:3954} INFO - Setting next_dagrun for clean_hour_data to None, run_after=None
[2025-09-15T08:45:53.676+0000] {processor.py:183} INFO - Processing /opt/airflow/dags/clean_hour_data.py took 0.083 seconds
[2025-09-15T08:46:24.193+0000] {processor.py:161} INFO - Started process (PID=8830) to work on /opt/airflow/dags/clean_hour_data.py
[2025-09-15T08:46:24.194+0000] {processor.py:830} INFO - Processing file /opt/airflow/dags/clean_hour_data.py for tasks to queue
[2025-09-15T08:46:24.195+0000] {logging_mixin.py:188} INFO - [2025-09-15T08:46:24.195+0000] {dagbag.py:540} INFO - Filling up the DagBag from /opt/airflow/dags/clean_hour_data.py
[2025-09-15T08:46:24.214+0000] {processor.py:840} INFO - DAG(s) 'clean_hour_data' retrieved from /opt/airflow/dags/clean_hour_data.py
[2025-09-15T08:46:24.239+0000] {logging_mixin.py:188} INFO - [2025-09-15T08:46:24.239+0000] {dag.py:3096} INFO - Sync 1 DAGs
[2025-09-15T08:46:24.251+0000] {logging_mixin.py:188} INFO - [2025-09-15T08:46:24.251+0000] {dag.py:3954} INFO - Setting next_dagrun for clean_hour_data to None, run_after=None
[2025-09-15T08:46:24.270+0000] {processor.py:183} INFO - Processing /opt/airflow/dags/clean_hour_data.py took 0.086 seconds
[2025-09-15T08:46:54.385+0000] {processor.py:161} INFO - Started process (PID=8865) to work on /opt/airflow/dags/clean_hour_data.py
[2025-09-15T08:46:54.386+0000] {processor.py:830} INFO - Processing file /opt/airflow/dags/clean_hour_data.py for tasks to queue
[2025-09-15T08:46:54.387+0000] {logging_mixin.py:188} INFO - [2025-09-15T08:46:54.386+0000] {dagbag.py:540} INFO - Filling up the DagBag from /opt/airflow/dags/clean_hour_data.py
[2025-09-15T08:46:54.405+0000] {processor.py:840} INFO - DAG(s) 'clean_hour_data' retrieved from /opt/airflow/dags/clean_hour_data.py
[2025-09-15T08:46:54.430+0000] {logging_mixin.py:188} INFO - [2025-09-15T08:46:54.429+0000] {dag.py:3096} INFO - Sync 1 DAGs
[2025-09-15T08:46:54.441+0000] {logging_mixin.py:188} INFO - [2025-09-15T08:46:54.440+0000] {dag.py:3954} INFO - Setting next_dagrun for clean_hour_data to None, run_after=None
[2025-09-15T08:46:54.458+0000] {processor.py:183} INFO - Processing /opt/airflow/dags/clean_hour_data.py took 0.079 seconds
[2025-09-15T08:47:25.078+0000] {processor.py:161} INFO - Started process (PID=8900) to work on /opt/airflow/dags/clean_hour_data.py
[2025-09-15T08:47:25.079+0000] {processor.py:830} INFO - Processing file /opt/airflow/dags/clean_hour_data.py for tasks to queue
[2025-09-15T08:47:25.080+0000] {logging_mixin.py:188} INFO - [2025-09-15T08:47:25.079+0000] {dagbag.py:540} INFO - Filling up the DagBag from /opt/airflow/dags/clean_hour_data.py
[2025-09-15T08:47:25.095+0000] {processor.py:840} INFO - DAG(s) 'clean_hour_data' retrieved from /opt/airflow/dags/clean_hour_data.py
[2025-09-15T08:47:25.119+0000] {logging_mixin.py:188} INFO - [2025-09-15T08:47:25.119+0000] {dag.py:3096} INFO - Sync 1 DAGs
[2025-09-15T08:47:25.130+0000] {logging_mixin.py:188} INFO - [2025-09-15T08:47:25.130+0000] {dag.py:3954} INFO - Setting next_dagrun for clean_hour_data to None, run_after=None
[2025-09-15T08:47:25.152+0000] {processor.py:183} INFO - Processing /opt/airflow/dags/clean_hour_data.py took 0.079 seconds
[2025-09-15T08:47:55.679+0000] {processor.py:161} INFO - Started process (PID=8935) to work on /opt/airflow/dags/clean_hour_data.py
[2025-09-15T08:47:55.683+0000] {processor.py:830} INFO - Processing file /opt/airflow/dags/clean_hour_data.py for tasks to queue
[2025-09-15T08:47:55.687+0000] {logging_mixin.py:188} INFO - [2025-09-15T08:47:55.686+0000] {dagbag.py:540} INFO - Filling up the DagBag from /opt/airflow/dags/clean_hour_data.py
[2025-09-15T08:47:55.722+0000] {processor.py:840} INFO - DAG(s) 'clean_hour_data' retrieved from /opt/airflow/dags/clean_hour_data.py
[2025-09-15T08:47:55.778+0000] {logging_mixin.py:188} INFO - [2025-09-15T08:47:55.778+0000] {dag.py:3096} INFO - Sync 1 DAGs
[2025-09-15T08:47:55.797+0000] {logging_mixin.py:188} INFO - [2025-09-15T08:47:55.796+0000] {dag.py:3954} INFO - Setting next_dagrun for clean_hour_data to None, run_after=None
[2025-09-15T08:47:55.833+0000] {processor.py:183} INFO - Processing /opt/airflow/dags/clean_hour_data.py took 0.169 seconds
[2025-09-15T08:48:26.466+0000] {processor.py:161} INFO - Started process (PID=8970) to work on /opt/airflow/dags/clean_hour_data.py
[2025-09-15T08:48:26.467+0000] {processor.py:830} INFO - Processing file /opt/airflow/dags/clean_hour_data.py for tasks to queue
[2025-09-15T08:48:26.468+0000] {logging_mixin.py:188} INFO - [2025-09-15T08:48:26.468+0000] {dagbag.py:540} INFO - Filling up the DagBag from /opt/airflow/dags/clean_hour_data.py
[2025-09-15T08:48:26.485+0000] {processor.py:840} INFO - DAG(s) 'clean_hour_data' retrieved from /opt/airflow/dags/clean_hour_data.py
[2025-09-15T08:48:26.509+0000] {logging_mixin.py:188} INFO - [2025-09-15T08:48:26.508+0000] {dag.py:3096} INFO - Sync 1 DAGs
[2025-09-15T08:48:26.520+0000] {logging_mixin.py:188} INFO - [2025-09-15T08:48:26.520+0000] {dag.py:3954} INFO - Setting next_dagrun for clean_hour_data to None, run_after=None
[2025-09-15T08:48:26.541+0000] {processor.py:183} INFO - Processing /opt/airflow/dags/clean_hour_data.py took 0.081 seconds
[2025-09-15T08:48:56.954+0000] {processor.py:161} INFO - Started process (PID=9005) to work on /opt/airflow/dags/clean_hour_data.py
[2025-09-15T08:48:56.956+0000] {processor.py:830} INFO - Processing file /opt/airflow/dags/clean_hour_data.py for tasks to queue
[2025-09-15T08:48:56.957+0000] {logging_mixin.py:188} INFO - [2025-09-15T08:48:56.956+0000] {dagbag.py:540} INFO - Filling up the DagBag from /opt/airflow/dags/clean_hour_data.py
[2025-09-15T08:48:56.976+0000] {processor.py:840} INFO - DAG(s) 'clean_hour_data' retrieved from /opt/airflow/dags/clean_hour_data.py
[2025-09-15T08:48:57.003+0000] {logging_mixin.py:188} INFO - [2025-09-15T08:48:57.003+0000] {dag.py:3096} INFO - Sync 1 DAGs
[2025-09-15T08:48:57.015+0000] {logging_mixin.py:188} INFO - [2025-09-15T08:48:57.015+0000] {dag.py:3954} INFO - Setting next_dagrun for clean_hour_data to None, run_after=None
[2025-09-15T08:48:57.034+0000] {processor.py:183} INFO - Processing /opt/airflow/dags/clean_hour_data.py took 0.085 seconds
[2025-09-15T08:49:27.623+0000] {processor.py:161} INFO - Started process (PID=9040) to work on /opt/airflow/dags/clean_hour_data.py
[2025-09-15T08:49:27.624+0000] {processor.py:830} INFO - Processing file /opt/airflow/dags/clean_hour_data.py for tasks to queue
[2025-09-15T08:49:27.624+0000] {logging_mixin.py:188} INFO - [2025-09-15T08:49:27.624+0000] {dagbag.py:540} INFO - Filling up the DagBag from /opt/airflow/dags/clean_hour_data.py
[2025-09-15T08:49:27.640+0000] {processor.py:840} INFO - DAG(s) 'clean_hour_data' retrieved from /opt/airflow/dags/clean_hour_data.py
[2025-09-15T08:49:27.665+0000] {logging_mixin.py:188} INFO - [2025-09-15T08:49:27.665+0000] {dag.py:3096} INFO - Sync 1 DAGs
[2025-09-15T08:49:27.676+0000] {logging_mixin.py:188} INFO - [2025-09-15T08:49:27.675+0000] {dag.py:3954} INFO - Setting next_dagrun for clean_hour_data to None, run_after=None
[2025-09-15T08:49:27.694+0000] {processor.py:183} INFO - Processing /opt/airflow/dags/clean_hour_data.py took 0.077 seconds
[2025-09-15T08:49:58.212+0000] {processor.py:161} INFO - Started process (PID=9075) to work on /opt/airflow/dags/clean_hour_data.py
[2025-09-15T08:49:58.213+0000] {processor.py:830} INFO - Processing file /opt/airflow/dags/clean_hour_data.py for tasks to queue
[2025-09-15T08:49:58.214+0000] {logging_mixin.py:188} INFO - [2025-09-15T08:49:58.214+0000] {dagbag.py:540} INFO - Filling up the DagBag from /opt/airflow/dags/clean_hour_data.py
[2025-09-15T08:49:58.230+0000] {processor.py:840} INFO - DAG(s) 'clean_hour_data' retrieved from /opt/airflow/dags/clean_hour_data.py
[2025-09-15T08:49:58.254+0000] {logging_mixin.py:188} INFO - [2025-09-15T08:49:58.254+0000] {dag.py:3096} INFO - Sync 1 DAGs
[2025-09-15T08:49:58.264+0000] {logging_mixin.py:188} INFO - [2025-09-15T08:49:58.264+0000] {dag.py:3954} INFO - Setting next_dagrun for clean_hour_data to None, run_after=None
[2025-09-15T08:49:58.283+0000] {processor.py:183} INFO - Processing /opt/airflow/dags/clean_hour_data.py took 0.076 seconds
[2025-09-15T08:50:28.889+0000] {processor.py:161} INFO - Started process (PID=9110) to work on /opt/airflow/dags/clean_hour_data.py
[2025-09-15T08:50:28.890+0000] {processor.py:830} INFO - Processing file /opt/airflow/dags/clean_hour_data.py for tasks to queue
[2025-09-15T08:50:28.892+0000] {logging_mixin.py:188} INFO - [2025-09-15T08:50:28.892+0000] {dagbag.py:540} INFO - Filling up the DagBag from /opt/airflow/dags/clean_hour_data.py
[2025-09-15T08:50:28.909+0000] {processor.py:840} INFO - DAG(s) 'clean_hour_data' retrieved from /opt/airflow/dags/clean_hour_data.py
[2025-09-15T08:50:28.937+0000] {logging_mixin.py:188} INFO - [2025-09-15T08:50:28.936+0000] {dag.py:3096} INFO - Sync 1 DAGs
[2025-09-15T08:50:28.949+0000] {logging_mixin.py:188} INFO - [2025-09-15T08:50:28.949+0000] {dag.py:3954} INFO - Setting next_dagrun for clean_hour_data to None, run_after=None
[2025-09-15T08:50:28.971+0000] {processor.py:183} INFO - Processing /opt/airflow/dags/clean_hour_data.py took 0.087 seconds
[2025-09-15T08:50:59.518+0000] {processor.py:161} INFO - Started process (PID=9145) to work on /opt/airflow/dags/clean_hour_data.py
[2025-09-15T08:50:59.519+0000] {processor.py:830} INFO - Processing file /opt/airflow/dags/clean_hour_data.py for tasks to queue
[2025-09-15T08:50:59.520+0000] {logging_mixin.py:188} INFO - [2025-09-15T08:50:59.520+0000] {dagbag.py:540} INFO - Filling up the DagBag from /opt/airflow/dags/clean_hour_data.py
[2025-09-15T08:50:59.537+0000] {processor.py:840} INFO - DAG(s) 'clean_hour_data' retrieved from /opt/airflow/dags/clean_hour_data.py
[2025-09-15T08:50:59.563+0000] {logging_mixin.py:188} INFO - [2025-09-15T08:50:59.563+0000] {dag.py:3096} INFO - Sync 1 DAGs
[2025-09-15T08:50:59.575+0000] {logging_mixin.py:188} INFO - [2025-09-15T08:50:59.575+0000] {dag.py:3954} INFO - Setting next_dagrun for clean_hour_data to None, run_after=None
[2025-09-15T08:50:59.594+0000] {processor.py:183} INFO - Processing /opt/airflow/dags/clean_hour_data.py took 0.081 seconds
[2025-09-15T08:51:30.078+0000] {processor.py:161} INFO - Started process (PID=9180) to work on /opt/airflow/dags/clean_hour_data.py
[2025-09-15T08:51:30.079+0000] {processor.py:830} INFO - Processing file /opt/airflow/dags/clean_hour_data.py for tasks to queue
[2025-09-15T08:51:30.080+0000] {logging_mixin.py:188} INFO - [2025-09-15T08:51:30.080+0000] {dagbag.py:540} INFO - Filling up the DagBag from /opt/airflow/dags/clean_hour_data.py
[2025-09-15T08:51:30.095+0000] {processor.py:840} INFO - DAG(s) 'clean_hour_data' retrieved from /opt/airflow/dags/clean_hour_data.py
[2025-09-15T08:51:30.120+0000] {logging_mixin.py:188} INFO - [2025-09-15T08:51:30.120+0000] {dag.py:3096} INFO - Sync 1 DAGs
[2025-09-15T08:51:30.131+0000] {logging_mixin.py:188} INFO - [2025-09-15T08:51:30.130+0000] {dag.py:3954} INFO - Setting next_dagrun for clean_hour_data to None, run_after=None
[2025-09-15T08:51:30.150+0000] {processor.py:183} INFO - Processing /opt/airflow/dags/clean_hour_data.py took 0.078 seconds
[2025-09-15T08:52:00.555+0000] {processor.py:161} INFO - Started process (PID=9215) to work on /opt/airflow/dags/clean_hour_data.py
[2025-09-15T08:52:00.557+0000] {processor.py:830} INFO - Processing file /opt/airflow/dags/clean_hour_data.py for tasks to queue
[2025-09-15T08:52:00.557+0000] {logging_mixin.py:188} INFO - [2025-09-15T08:52:00.557+0000] {dagbag.py:540} INFO - Filling up the DagBag from /opt/airflow/dags/clean_hour_data.py
[2025-09-15T08:52:00.573+0000] {processor.py:840} INFO - DAG(s) 'clean_hour_data' retrieved from /opt/airflow/dags/clean_hour_data.py
[2025-09-15T08:52:00.598+0000] {logging_mixin.py:188} INFO - [2025-09-15T08:52:00.597+0000] {dag.py:3096} INFO - Sync 1 DAGs
[2025-09-15T08:52:00.608+0000] {logging_mixin.py:188} INFO - [2025-09-15T08:52:00.608+0000] {dag.py:3954} INFO - Setting next_dagrun for clean_hour_data to None, run_after=None
[2025-09-15T08:52:00.628+0000] {processor.py:183} INFO - Processing /opt/airflow/dags/clean_hour_data.py took 0.078 seconds
[2025-09-15T08:52:30.526+0000] {processor.py:161} INFO - Started process (PID=9250) to work on /opt/airflow/dags/clean_hour_data.py
[2025-09-15T08:52:30.527+0000] {processor.py:830} INFO - Processing file /opt/airflow/dags/clean_hour_data.py for tasks to queue
[2025-09-15T08:52:30.528+0000] {logging_mixin.py:188} INFO - [2025-09-15T08:52:30.528+0000] {dagbag.py:540} INFO - Filling up the DagBag from /opt/airflow/dags/clean_hour_data.py
[2025-09-15T08:52:30.544+0000] {processor.py:840} INFO - DAG(s) 'clean_hour_data' retrieved from /opt/airflow/dags/clean_hour_data.py
[2025-09-15T08:52:30.569+0000] {logging_mixin.py:188} INFO - [2025-09-15T08:52:30.569+0000] {dag.py:3096} INFO - Sync 1 DAGs
[2025-09-15T08:52:30.579+0000] {logging_mixin.py:188} INFO - [2025-09-15T08:52:30.579+0000] {dag.py:3954} INFO - Setting next_dagrun for clean_hour_data to None, run_after=None
[2025-09-15T08:52:30.601+0000] {processor.py:183} INFO - Processing /opt/airflow/dags/clean_hour_data.py took 0.081 seconds
[2025-09-15T08:53:01.268+0000] {processor.py:161} INFO - Started process (PID=9285) to work on /opt/airflow/dags/clean_hour_data.py
[2025-09-15T08:53:01.269+0000] {processor.py:830} INFO - Processing file /opt/airflow/dags/clean_hour_data.py for tasks to queue
[2025-09-15T08:53:01.270+0000] {logging_mixin.py:188} INFO - [2025-09-15T08:53:01.270+0000] {dagbag.py:540} INFO - Filling up the DagBag from /opt/airflow/dags/clean_hour_data.py
[2025-09-15T08:53:01.290+0000] {processor.py:840} INFO - DAG(s) 'clean_hour_data' retrieved from /opt/airflow/dags/clean_hour_data.py
[2025-09-15T08:53:01.315+0000] {logging_mixin.py:188} INFO - [2025-09-15T08:53:01.315+0000] {dag.py:3096} INFO - Sync 1 DAGs
[2025-09-15T08:53:01.326+0000] {logging_mixin.py:188} INFO - [2025-09-15T08:53:01.326+0000] {dag.py:3954} INFO - Setting next_dagrun for clean_hour_data to None, run_after=None
[2025-09-15T08:53:01.346+0000] {processor.py:183} INFO - Processing /opt/airflow/dags/clean_hour_data.py took 0.084 seconds
[2025-09-15T08:53:31.885+0000] {processor.py:161} INFO - Started process (PID=9320) to work on /opt/airflow/dags/clean_hour_data.py
[2025-09-15T08:53:31.886+0000] {processor.py:830} INFO - Processing file /opt/airflow/dags/clean_hour_data.py for tasks to queue
[2025-09-15T08:53:31.887+0000] {logging_mixin.py:188} INFO - [2025-09-15T08:53:31.887+0000] {dagbag.py:540} INFO - Filling up the DagBag from /opt/airflow/dags/clean_hour_data.py
[2025-09-15T08:53:31.909+0000] {processor.py:840} INFO - DAG(s) 'clean_hour_data' retrieved from /opt/airflow/dags/clean_hour_data.py
[2025-09-15T08:53:31.937+0000] {logging_mixin.py:188} INFO - [2025-09-15T08:53:31.937+0000] {dag.py:3096} INFO - Sync 1 DAGs
[2025-09-15T08:53:31.950+0000] {logging_mixin.py:188} INFO - [2025-09-15T08:53:31.949+0000] {dag.py:3954} INFO - Setting next_dagrun for clean_hour_data to None, run_after=None
[2025-09-15T08:53:31.967+0000] {processor.py:183} INFO - Processing /opt/airflow/dags/clean_hour_data.py took 0.090 seconds
[2025-09-15T08:54:02.732+0000] {processor.py:161} INFO - Started process (PID=9355) to work on /opt/airflow/dags/clean_hour_data.py
[2025-09-15T08:54:02.734+0000] {processor.py:830} INFO - Processing file /opt/airflow/dags/clean_hour_data.py for tasks to queue
[2025-09-15T08:54:02.736+0000] {logging_mixin.py:188} INFO - [2025-09-15T08:54:02.735+0000] {dagbag.py:540} INFO - Filling up the DagBag from /opt/airflow/dags/clean_hour_data.py
[2025-09-15T08:54:02.756+0000] {processor.py:840} INFO - DAG(s) 'clean_hour_data' retrieved from /opt/airflow/dags/clean_hour_data.py
[2025-09-15T08:54:02.788+0000] {logging_mixin.py:188} INFO - [2025-09-15T08:54:02.788+0000] {dag.py:3096} INFO - Sync 1 DAGs
[2025-09-15T08:54:02.802+0000] {logging_mixin.py:188} INFO - [2025-09-15T08:54:02.802+0000] {dag.py:3954} INFO - Setting next_dagrun for clean_hour_data to None, run_after=None
[2025-09-15T08:54:02.830+0000] {processor.py:183} INFO - Processing /opt/airflow/dags/clean_hour_data.py took 0.105 seconds
[2025-09-15T08:54:33.507+0000] {processor.py:161} INFO - Started process (PID=9390) to work on /opt/airflow/dags/clean_hour_data.py
[2025-09-15T08:54:33.509+0000] {processor.py:830} INFO - Processing file /opt/airflow/dags/clean_hour_data.py for tasks to queue
[2025-09-15T08:54:33.510+0000] {logging_mixin.py:188} INFO - [2025-09-15T08:54:33.510+0000] {dagbag.py:540} INFO - Filling up the DagBag from /opt/airflow/dags/clean_hour_data.py
[2025-09-15T08:54:33.530+0000] {processor.py:840} INFO - DAG(s) 'clean_hour_data' retrieved from /opt/airflow/dags/clean_hour_data.py
[2025-09-15T08:54:33.558+0000] {logging_mixin.py:188} INFO - [2025-09-15T08:54:33.557+0000] {dag.py:3096} INFO - Sync 1 DAGs
[2025-09-15T08:54:33.572+0000] {logging_mixin.py:188} INFO - [2025-09-15T08:54:33.572+0000] {dag.py:3954} INFO - Setting next_dagrun for clean_hour_data to None, run_after=None
[2025-09-15T08:54:33.596+0000] {processor.py:183} INFO - Processing /opt/airflow/dags/clean_hour_data.py took 0.095 seconds
[2025-09-15T08:55:04.115+0000] {processor.py:161} INFO - Started process (PID=9425) to work on /opt/airflow/dags/clean_hour_data.py
[2025-09-15T08:55:04.117+0000] {processor.py:830} INFO - Processing file /opt/airflow/dags/clean_hour_data.py for tasks to queue
[2025-09-15T08:55:04.118+0000] {logging_mixin.py:188} INFO - [2025-09-15T08:55:04.117+0000] {dagbag.py:540} INFO - Filling up the DagBag from /opt/airflow/dags/clean_hour_data.py
[2025-09-15T08:55:04.136+0000] {processor.py:840} INFO - DAG(s) 'clean_hour_data' retrieved from /opt/airflow/dags/clean_hour_data.py
[2025-09-15T08:55:04.161+0000] {logging_mixin.py:188} INFO - [2025-09-15T08:55:04.161+0000] {dag.py:3096} INFO - Sync 1 DAGs
[2025-09-15T08:55:04.172+0000] {logging_mixin.py:188} INFO - [2025-09-15T08:55:04.172+0000] {dag.py:3954} INFO - Setting next_dagrun for clean_hour_data to None, run_after=None
[2025-09-15T08:55:04.190+0000] {processor.py:183} INFO - Processing /opt/airflow/dags/clean_hour_data.py took 0.082 seconds
[2025-09-15T08:55:34.851+0000] {processor.py:161} INFO - Started process (PID=9464) to work on /opt/airflow/dags/clean_hour_data.py
[2025-09-15T08:55:34.852+0000] {processor.py:830} INFO - Processing file /opt/airflow/dags/clean_hour_data.py for tasks to queue
[2025-09-15T08:55:34.853+0000] {logging_mixin.py:188} INFO - [2025-09-15T08:55:34.852+0000] {dagbag.py:540} INFO - Filling up the DagBag from /opt/airflow/dags/clean_hour_data.py
[2025-09-15T08:55:34.869+0000] {processor.py:840} INFO - DAG(s) 'clean_hour_data' retrieved from /opt/airflow/dags/clean_hour_data.py
[2025-09-15T08:55:34.894+0000] {logging_mixin.py:188} INFO - [2025-09-15T08:55:34.894+0000] {dag.py:3096} INFO - Sync 1 DAGs
[2025-09-15T08:55:34.906+0000] {logging_mixin.py:188} INFO - [2025-09-15T08:55:34.905+0000] {dag.py:3954} INFO - Setting next_dagrun for clean_hour_data to None, run_after=None
[2025-09-15T08:55:34.924+0000] {processor.py:183} INFO - Processing /opt/airflow/dags/clean_hour_data.py took 0.080 seconds
[2025-09-15T08:56:05.729+0000] {processor.py:161} INFO - Started process (PID=9497) to work on /opt/airflow/dags/clean_hour_data.py
[2025-09-15T08:56:05.730+0000] {processor.py:830} INFO - Processing file /opt/airflow/dags/clean_hour_data.py for tasks to queue
[2025-09-15T08:56:05.731+0000] {logging_mixin.py:188} INFO - [2025-09-15T08:56:05.731+0000] {dagbag.py:540} INFO - Filling up the DagBag from /opt/airflow/dags/clean_hour_data.py
[2025-09-15T08:56:05.751+0000] {processor.py:840} INFO - DAG(s) 'clean_hour_data' retrieved from /opt/airflow/dags/clean_hour_data.py
[2025-09-15T08:56:05.776+0000] {logging_mixin.py:188} INFO - [2025-09-15T08:56:05.776+0000] {dag.py:3096} INFO - Sync 1 DAGs
[2025-09-15T08:56:05.812+0000] {logging_mixin.py:188} INFO - [2025-09-15T08:56:05.812+0000] {dag.py:3954} INFO - Setting next_dagrun for clean_hour_data to None, run_after=None
[2025-09-15T08:56:05.834+0000] {processor.py:183} INFO - Processing /opt/airflow/dags/clean_hour_data.py took 0.111 seconds
[2025-09-15T08:56:36.449+0000] {processor.py:161} INFO - Started process (PID=9534) to work on /opt/airflow/dags/clean_hour_data.py
[2025-09-15T08:56:36.450+0000] {processor.py:830} INFO - Processing file /opt/airflow/dags/clean_hour_data.py for tasks to queue
[2025-09-15T08:56:36.452+0000] {logging_mixin.py:188} INFO - [2025-09-15T08:56:36.451+0000] {dagbag.py:540} INFO - Filling up the DagBag from /opt/airflow/dags/clean_hour_data.py
[2025-09-15T08:56:36.470+0000] {processor.py:840} INFO - DAG(s) 'clean_hour_data' retrieved from /opt/airflow/dags/clean_hour_data.py
[2025-09-15T08:56:36.523+0000] {logging_mixin.py:188} INFO - [2025-09-15T08:56:36.523+0000] {dag.py:3096} INFO - Sync 1 DAGs
[2025-09-15T08:56:36.538+0000] {logging_mixin.py:188} INFO - [2025-09-15T08:56:36.537+0000] {dag.py:3954} INFO - Setting next_dagrun for clean_hour_data to None, run_after=None
[2025-09-15T08:56:36.573+0000] {processor.py:183} INFO - Processing /opt/airflow/dags/clean_hour_data.py took 0.130 seconds
[2025-09-15T08:57:07.280+0000] {processor.py:161} INFO - Started process (PID=9573) to work on /opt/airflow/dags/clean_hour_data.py
[2025-09-15T08:57:07.282+0000] {processor.py:830} INFO - Processing file /opt/airflow/dags/clean_hour_data.py for tasks to queue
[2025-09-15T08:57:07.283+0000] {logging_mixin.py:188} INFO - [2025-09-15T08:57:07.283+0000] {dagbag.py:540} INFO - Filling up the DagBag from /opt/airflow/dags/clean_hour_data.py
[2025-09-15T08:57:07.301+0000] {processor.py:840} INFO - DAG(s) 'clean_hour_data' retrieved from /opt/airflow/dags/clean_hour_data.py
[2025-09-15T08:57:07.326+0000] {logging_mixin.py:188} INFO - [2025-09-15T08:57:07.326+0000] {dag.py:3096} INFO - Sync 1 DAGs
[2025-09-15T08:57:07.337+0000] {logging_mixin.py:188} INFO - [2025-09-15T08:57:07.337+0000] {dag.py:3954} INFO - Setting next_dagrun for clean_hour_data to None, run_after=None
[2025-09-15T08:57:07.357+0000] {processor.py:183} INFO - Processing /opt/airflow/dags/clean_hour_data.py took 0.084 seconds
[2025-09-15T08:57:37.686+0000] {processor.py:161} INFO - Started process (PID=9614) to work on /opt/airflow/dags/clean_hour_data.py
[2025-09-15T08:57:37.691+0000] {processor.py:830} INFO - Processing file /opt/airflow/dags/clean_hour_data.py for tasks to queue
[2025-09-15T08:57:37.693+0000] {logging_mixin.py:188} INFO - [2025-09-15T08:57:37.692+0000] {dagbag.py:540} INFO - Filling up the DagBag from /opt/airflow/dags/clean_hour_data.py
[2025-09-15T08:57:37.731+0000] {processor.py:840} INFO - DAG(s) 'clean_hour_data' retrieved from /opt/airflow/dags/clean_hour_data.py
[2025-09-15T08:57:37.776+0000] {logging_mixin.py:188} INFO - [2025-09-15T08:57:37.775+0000] {dag.py:3096} INFO - Sync 1 DAGs
[2025-09-15T08:57:37.793+0000] {logging_mixin.py:188} INFO - [2025-09-15T08:57:37.793+0000] {dag.py:3954} INFO - Setting next_dagrun for clean_hour_data to None, run_after=None
[2025-09-15T08:57:37.826+0000] {processor.py:183} INFO - Processing /opt/airflow/dags/clean_hour_data.py took 0.149 seconds
[2025-09-15T08:58:08.655+0000] {processor.py:161} INFO - Started process (PID=9649) to work on /opt/airflow/dags/clean_hour_data.py
[2025-09-15T08:58:08.656+0000] {processor.py:830} INFO - Processing file /opt/airflow/dags/clean_hour_data.py for tasks to queue
[2025-09-15T08:58:08.657+0000] {logging_mixin.py:188} INFO - [2025-09-15T08:58:08.657+0000] {dagbag.py:540} INFO - Filling up the DagBag from /opt/airflow/dags/clean_hour_data.py
[2025-09-15T08:58:08.678+0000] {processor.py:840} INFO - DAG(s) 'clean_hour_data' retrieved from /opt/airflow/dags/clean_hour_data.py
[2025-09-15T08:58:08.712+0000] {logging_mixin.py:188} INFO - [2025-09-15T08:58:08.711+0000] {dag.py:3096} INFO - Sync 1 DAGs
[2025-09-15T08:58:08.724+0000] {logging_mixin.py:188} INFO - [2025-09-15T08:58:08.724+0000] {dag.py:3954} INFO - Setting next_dagrun for clean_hour_data to None, run_after=None
[2025-09-15T08:58:08.747+0000] {processor.py:183} INFO - Processing /opt/airflow/dags/clean_hour_data.py took 0.099 seconds
[2025-09-15T08:58:38.833+0000] {processor.py:161} INFO - Started process (PID=9688) to work on /opt/airflow/dags/clean_hour_data.py
[2025-09-15T08:58:38.834+0000] {processor.py:830} INFO - Processing file /opt/airflow/dags/clean_hour_data.py for tasks to queue
[2025-09-15T08:58:38.835+0000] {logging_mixin.py:188} INFO - [2025-09-15T08:58:38.835+0000] {dagbag.py:540} INFO - Filling up the DagBag from /opt/airflow/dags/clean_hour_data.py
[2025-09-15T08:58:38.855+0000] {processor.py:840} INFO - DAG(s) 'clean_hour_data' retrieved from /opt/airflow/dags/clean_hour_data.py
[2025-09-15T08:58:38.890+0000] {logging_mixin.py:188} INFO - [2025-09-15T08:58:38.890+0000] {dag.py:3096} INFO - Sync 1 DAGs
[2025-09-15T08:58:38.906+0000] {logging_mixin.py:188} INFO - [2025-09-15T08:58:38.906+0000] {dag.py:3954} INFO - Setting next_dagrun for clean_hour_data to None, run_after=None
[2025-09-15T08:58:38.929+0000] {processor.py:183} INFO - Processing /opt/airflow/dags/clean_hour_data.py took 0.102 seconds
[2025-09-15T08:59:09.642+0000] {processor.py:161} INFO - Started process (PID=9723) to work on /opt/airflow/dags/clean_hour_data.py
[2025-09-15T08:59:09.643+0000] {processor.py:830} INFO - Processing file /opt/airflow/dags/clean_hour_data.py for tasks to queue
[2025-09-15T08:59:09.644+0000] {logging_mixin.py:188} INFO - [2025-09-15T08:59:09.644+0000] {dagbag.py:540} INFO - Filling up the DagBag from /opt/airflow/dags/clean_hour_data.py
[2025-09-15T08:59:09.663+0000] {processor.py:840} INFO - DAG(s) 'clean_hour_data' retrieved from /opt/airflow/dags/clean_hour_data.py
[2025-09-15T08:59:09.689+0000] {logging_mixin.py:188} INFO - [2025-09-15T08:59:09.689+0000] {dag.py:3096} INFO - Sync 1 DAGs
[2025-09-15T08:59:09.701+0000] {logging_mixin.py:188} INFO - [2025-09-15T08:59:09.701+0000] {dag.py:3954} INFO - Setting next_dagrun for clean_hour_data to None, run_after=None
[2025-09-15T08:59:09.721+0000] {processor.py:183} INFO - Processing /opt/airflow/dags/clean_hour_data.py took 0.085 seconds
[2025-09-15T08:59:40.435+0000] {processor.py:161} INFO - Started process (PID=9758) to work on /opt/airflow/dags/clean_hour_data.py
[2025-09-15T08:59:40.437+0000] {processor.py:830} INFO - Processing file /opt/airflow/dags/clean_hour_data.py for tasks to queue
[2025-09-15T08:59:40.438+0000] {logging_mixin.py:188} INFO - [2025-09-15T08:59:40.438+0000] {dagbag.py:540} INFO - Filling up the DagBag from /opt/airflow/dags/clean_hour_data.py
[2025-09-15T08:59:40.462+0000] {processor.py:840} INFO - DAG(s) 'clean_hour_data' retrieved from /opt/airflow/dags/clean_hour_data.py
[2025-09-15T08:59:40.511+0000] {logging_mixin.py:188} INFO - [2025-09-15T08:59:40.511+0000] {dag.py:3096} INFO - Sync 1 DAGs
[2025-09-15T08:59:40.543+0000] {logging_mixin.py:188} INFO - [2025-09-15T08:59:40.543+0000] {dag.py:3954} INFO - Setting next_dagrun for clean_hour_data to None, run_after=None
[2025-09-15T08:59:40.574+0000] {processor.py:183} INFO - Processing /opt/airflow/dags/clean_hour_data.py took 0.146 seconds
[2025-09-15T09:00:10.783+0000] {processor.py:161} INFO - Started process (PID=9793) to work on /opt/airflow/dags/clean_hour_data.py
[2025-09-15T09:00:10.784+0000] {processor.py:830} INFO - Processing file /opt/airflow/dags/clean_hour_data.py for tasks to queue
[2025-09-15T09:00:10.785+0000] {logging_mixin.py:188} INFO - [2025-09-15T09:00:10.785+0000] {dagbag.py:540} INFO - Filling up the DagBag from /opt/airflow/dags/clean_hour_data.py
[2025-09-15T09:00:10.805+0000] {processor.py:840} INFO - DAG(s) 'clean_hour_data' retrieved from /opt/airflow/dags/clean_hour_data.py
[2025-09-15T09:00:10.835+0000] {logging_mixin.py:188} INFO - [2025-09-15T09:00:10.835+0000] {dag.py:3096} INFO - Sync 1 DAGs
[2025-09-15T09:00:10.849+0000] {logging_mixin.py:188} INFO - [2025-09-15T09:00:10.848+0000] {dag.py:3954} INFO - Setting next_dagrun for clean_hour_data to None, run_after=None
[2025-09-15T09:00:10.872+0000] {processor.py:183} INFO - Processing /opt/airflow/dags/clean_hour_data.py took 0.096 seconds
[2025-09-15T09:00:41.390+0000] {processor.py:161} INFO - Started process (PID=9828) to work on /opt/airflow/dags/clean_hour_data.py
[2025-09-15T09:00:41.392+0000] {processor.py:830} INFO - Processing file /opt/airflow/dags/clean_hour_data.py for tasks to queue
[2025-09-15T09:00:41.393+0000] {logging_mixin.py:188} INFO - [2025-09-15T09:00:41.392+0000] {dagbag.py:540} INFO - Filling up the DagBag from /opt/airflow/dags/clean_hour_data.py
[2025-09-15T09:00:41.412+0000] {processor.py:840} INFO - DAG(s) 'clean_hour_data' retrieved from /opt/airflow/dags/clean_hour_data.py
[2025-09-15T09:00:41.441+0000] {logging_mixin.py:188} INFO - [2025-09-15T09:00:41.440+0000] {dag.py:3096} INFO - Sync 1 DAGs
[2025-09-15T09:00:41.453+0000] {logging_mixin.py:188} INFO - [2025-09-15T09:00:41.452+0000] {dag.py:3954} INFO - Setting next_dagrun for clean_hour_data to None, run_after=None
[2025-09-15T09:00:41.476+0000] {processor.py:183} INFO - Processing /opt/airflow/dags/clean_hour_data.py took 0.092 seconds
[2025-09-15T09:01:11.909+0000] {processor.py:161} INFO - Started process (PID=9863) to work on /opt/airflow/dags/clean_hour_data.py
[2025-09-15T09:01:11.910+0000] {processor.py:830} INFO - Processing file /opt/airflow/dags/clean_hour_data.py for tasks to queue
[2025-09-15T09:01:11.911+0000] {logging_mixin.py:188} INFO - [2025-09-15T09:01:11.911+0000] {dagbag.py:540} INFO - Filling up the DagBag from /opt/airflow/dags/clean_hour_data.py
[2025-09-15T09:01:11.933+0000] {processor.py:840} INFO - DAG(s) 'clean_hour_data' retrieved from /opt/airflow/dags/clean_hour_data.py
[2025-09-15T09:01:11.961+0000] {logging_mixin.py:188} INFO - [2025-09-15T09:01:11.961+0000] {dag.py:3096} INFO - Sync 1 DAGs
[2025-09-15T09:01:11.973+0000] {logging_mixin.py:188} INFO - [2025-09-15T09:01:11.973+0000] {dag.py:3954} INFO - Setting next_dagrun for clean_hour_data to None, run_after=None
[2025-09-15T09:01:11.994+0000] {processor.py:183} INFO - Processing /opt/airflow/dags/clean_hour_data.py took 0.091 seconds
[2025-09-15T09:01:42.625+0000] {processor.py:161} INFO - Started process (PID=9898) to work on /opt/airflow/dags/clean_hour_data.py
[2025-09-15T09:01:42.626+0000] {processor.py:830} INFO - Processing file /opt/airflow/dags/clean_hour_data.py for tasks to queue
[2025-09-15T09:01:42.627+0000] {logging_mixin.py:188} INFO - [2025-09-15T09:01:42.627+0000] {dagbag.py:540} INFO - Filling up the DagBag from /opt/airflow/dags/clean_hour_data.py
[2025-09-15T09:01:42.645+0000] {processor.py:840} INFO - DAG(s) 'clean_hour_data' retrieved from /opt/airflow/dags/clean_hour_data.py
[2025-09-15T09:01:42.669+0000] {logging_mixin.py:188} INFO - [2025-09-15T09:01:42.669+0000] {dag.py:3096} INFO - Sync 1 DAGs
[2025-09-15T09:01:42.681+0000] {logging_mixin.py:188} INFO - [2025-09-15T09:01:42.681+0000] {dag.py:3954} INFO - Setting next_dagrun for clean_hour_data to None, run_after=None
[2025-09-15T09:01:42.700+0000] {processor.py:183} INFO - Processing /opt/airflow/dags/clean_hour_data.py took 0.081 seconds
[2025-09-15T09:02:13.251+0000] {processor.py:161} INFO - Started process (PID=9933) to work on /opt/airflow/dags/clean_hour_data.py
[2025-09-15T09:02:13.253+0000] {processor.py:830} INFO - Processing file /opt/airflow/dags/clean_hour_data.py for tasks to queue
[2025-09-15T09:02:13.254+0000] {logging_mixin.py:188} INFO - [2025-09-15T09:02:13.253+0000] {dagbag.py:540} INFO - Filling up the DagBag from /opt/airflow/dags/clean_hour_data.py
[2025-09-15T09:02:13.275+0000] {processor.py:840} INFO - DAG(s) 'clean_hour_data' retrieved from /opt/airflow/dags/clean_hour_data.py
[2025-09-15T09:02:13.309+0000] {logging_mixin.py:188} INFO - [2025-09-15T09:02:13.308+0000] {dag.py:3096} INFO - Sync 1 DAGs
[2025-09-15T09:02:13.339+0000] {logging_mixin.py:188} INFO - [2025-09-15T09:02:13.338+0000] {dag.py:3954} INFO - Setting next_dagrun for clean_hour_data to None, run_after=None
[2025-09-15T09:02:13.375+0000] {processor.py:183} INFO - Processing /opt/airflow/dags/clean_hour_data.py took 0.133 seconds
[2025-09-15T09:02:43.945+0000] {processor.py:161} INFO - Started process (PID=9968) to work on /opt/airflow/dags/clean_hour_data.py
[2025-09-15T09:02:43.946+0000] {processor.py:830} INFO - Processing file /opt/airflow/dags/clean_hour_data.py for tasks to queue
[2025-09-15T09:02:43.947+0000] {logging_mixin.py:188} INFO - [2025-09-15T09:02:43.946+0000] {dagbag.py:540} INFO - Filling up the DagBag from /opt/airflow/dags/clean_hour_data.py
[2025-09-15T09:02:43.965+0000] {processor.py:840} INFO - DAG(s) 'clean_hour_data' retrieved from /opt/airflow/dags/clean_hour_data.py
[2025-09-15T09:02:43.991+0000] {logging_mixin.py:188} INFO - [2025-09-15T09:02:43.990+0000] {dag.py:3096} INFO - Sync 1 DAGs
[2025-09-15T09:02:44.001+0000] {logging_mixin.py:188} INFO - [2025-09-15T09:02:44.001+0000] {dag.py:3954} INFO - Setting next_dagrun for clean_hour_data to None, run_after=None
[2025-09-15T09:02:44.020+0000] {processor.py:183} INFO - Processing /opt/airflow/dags/clean_hour_data.py took 0.082 seconds
[2025-09-15T09:03:14.501+0000] {processor.py:161} INFO - Started process (PID=10003) to work on /opt/airflow/dags/clean_hour_data.py
[2025-09-15T09:03:14.502+0000] {processor.py:830} INFO - Processing file /opt/airflow/dags/clean_hour_data.py for tasks to queue
[2025-09-15T09:03:14.503+0000] {logging_mixin.py:188} INFO - [2025-09-15T09:03:14.503+0000] {dagbag.py:540} INFO - Filling up the DagBag from /opt/airflow/dags/clean_hour_data.py
[2025-09-15T09:03:14.519+0000] {processor.py:840} INFO - DAG(s) 'clean_hour_data' retrieved from /opt/airflow/dags/clean_hour_data.py
[2025-09-15T09:03:14.542+0000] {logging_mixin.py:188} INFO - [2025-09-15T09:03:14.542+0000] {dag.py:3096} INFO - Sync 1 DAGs
[2025-09-15T09:03:14.554+0000] {logging_mixin.py:188} INFO - [2025-09-15T09:03:14.553+0000] {dag.py:3954} INFO - Setting next_dagrun for clean_hour_data to None, run_after=None
[2025-09-15T09:03:14.572+0000] {processor.py:183} INFO - Processing /opt/airflow/dags/clean_hour_data.py took 0.076 seconds
[2025-09-15T09:03:45.281+0000] {processor.py:161} INFO - Started process (PID=10038) to work on /opt/airflow/dags/clean_hour_data.py
[2025-09-15T09:03:45.282+0000] {processor.py:830} INFO - Processing file /opt/airflow/dags/clean_hour_data.py for tasks to queue
[2025-09-15T09:03:45.282+0000] {logging_mixin.py:188} INFO - [2025-09-15T09:03:45.282+0000] {dagbag.py:540} INFO - Filling up the DagBag from /opt/airflow/dags/clean_hour_data.py
[2025-09-15T09:03:45.297+0000] {processor.py:840} INFO - DAG(s) 'clean_hour_data' retrieved from /opt/airflow/dags/clean_hour_data.py
[2025-09-15T09:03:45.321+0000] {logging_mixin.py:188} INFO - [2025-09-15T09:03:45.321+0000] {dag.py:3096} INFO - Sync 1 DAGs
[2025-09-15T09:03:45.333+0000] {logging_mixin.py:188} INFO - [2025-09-15T09:03:45.332+0000] {dag.py:3954} INFO - Setting next_dagrun for clean_hour_data to None, run_after=None
[2025-09-15T09:03:45.353+0000] {processor.py:183} INFO - Processing /opt/airflow/dags/clean_hour_data.py took 0.079 seconds
[2025-09-15T09:04:16.180+0000] {processor.py:161} INFO - Started process (PID=10073) to work on /opt/airflow/dags/clean_hour_data.py
[2025-09-15T09:04:16.181+0000] {processor.py:830} INFO - Processing file /opt/airflow/dags/clean_hour_data.py for tasks to queue
[2025-09-15T09:04:16.182+0000] {logging_mixin.py:188} INFO - [2025-09-15T09:04:16.181+0000] {dagbag.py:540} INFO - Filling up the DagBag from /opt/airflow/dags/clean_hour_data.py
[2025-09-15T09:04:16.199+0000] {processor.py:840} INFO - DAG(s) 'clean_hour_data' retrieved from /opt/airflow/dags/clean_hour_data.py
[2025-09-15T09:04:16.225+0000] {logging_mixin.py:188} INFO - [2025-09-15T09:04:16.225+0000] {dag.py:3096} INFO - Sync 1 DAGs
[2025-09-15T09:04:16.236+0000] {logging_mixin.py:188} INFO - [2025-09-15T09:04:16.236+0000] {dag.py:3954} INFO - Setting next_dagrun for clean_hour_data to None, run_after=None
[2025-09-15T09:04:16.255+0000] {processor.py:183} INFO - Processing /opt/airflow/dags/clean_hour_data.py took 0.081 seconds
[2025-09-15T09:04:46.848+0000] {processor.py:161} INFO - Started process (PID=10108) to work on /opt/airflow/dags/clean_hour_data.py
[2025-09-15T09:04:46.849+0000] {processor.py:830} INFO - Processing file /opt/airflow/dags/clean_hour_data.py for tasks to queue
[2025-09-15T09:04:46.850+0000] {logging_mixin.py:188} INFO - [2025-09-15T09:04:46.850+0000] {dagbag.py:540} INFO - Filling up the DagBag from /opt/airflow/dags/clean_hour_data.py
[2025-09-15T09:04:46.870+0000] {processor.py:840} INFO - DAG(s) 'clean_hour_data' retrieved from /opt/airflow/dags/clean_hour_data.py
[2025-09-15T09:04:46.895+0000] {logging_mixin.py:188} INFO - [2025-09-15T09:04:46.895+0000] {dag.py:3096} INFO - Sync 1 DAGs
[2025-09-15T09:04:46.907+0000] {logging_mixin.py:188} INFO - [2025-09-15T09:04:46.906+0000] {dag.py:3954} INFO - Setting next_dagrun for clean_hour_data to None, run_after=None
[2025-09-15T09:04:46.926+0000] {processor.py:183} INFO - Processing /opt/airflow/dags/clean_hour_data.py took 0.084 seconds
[2025-09-15T09:05:17.394+0000] {processor.py:161} INFO - Started process (PID=10141) to work on /opt/airflow/dags/clean_hour_data.py
[2025-09-15T09:05:17.396+0000] {processor.py:830} INFO - Processing file /opt/airflow/dags/clean_hour_data.py for tasks to queue
[2025-09-15T09:05:17.398+0000] {logging_mixin.py:188} INFO - [2025-09-15T09:05:17.397+0000] {dagbag.py:540} INFO - Filling up the DagBag from /opt/airflow/dags/clean_hour_data.py
[2025-09-15T09:05:17.426+0000] {processor.py:840} INFO - DAG(s) 'clean_hour_data' retrieved from /opt/airflow/dags/clean_hour_data.py
[2025-09-15T09:05:17.462+0000] {logging_mixin.py:188} INFO - [2025-09-15T09:05:17.462+0000] {dag.py:3096} INFO - Sync 1 DAGs
[2025-09-15T09:05:17.478+0000] {logging_mixin.py:188} INFO - [2025-09-15T09:05:17.477+0000] {dag.py:3954} INFO - Setting next_dagrun for clean_hour_data to None, run_after=None
[2025-09-15T09:05:17.502+0000] {processor.py:183} INFO - Processing /opt/airflow/dags/clean_hour_data.py took 0.123 seconds
[2025-09-15T09:05:47.955+0000] {processor.py:161} INFO - Started process (PID=10176) to work on /opt/airflow/dags/clean_hour_data.py
[2025-09-15T09:05:47.956+0000] {processor.py:830} INFO - Processing file /opt/airflow/dags/clean_hour_data.py for tasks to queue
[2025-09-15T09:05:47.957+0000] {logging_mixin.py:188} INFO - [2025-09-15T09:05:47.957+0000] {dagbag.py:540} INFO - Filling up the DagBag from /opt/airflow/dags/clean_hour_data.py
[2025-09-15T09:05:47.977+0000] {processor.py:840} INFO - DAG(s) 'clean_hour_data' retrieved from /opt/airflow/dags/clean_hour_data.py
[2025-09-15T09:05:48.005+0000] {logging_mixin.py:188} INFO - [2025-09-15T09:05:48.005+0000] {dag.py:3096} INFO - Sync 1 DAGs
[2025-09-15T09:05:48.017+0000] {logging_mixin.py:188} INFO - [2025-09-15T09:05:48.017+0000] {dag.py:3954} INFO - Setting next_dagrun for clean_hour_data to None, run_after=None
[2025-09-15T09:05:48.038+0000] {processor.py:183} INFO - Processing /opt/airflow/dags/clean_hour_data.py took 0.088 seconds
[2025-09-15T09:06:18.494+0000] {processor.py:161} INFO - Started process (PID=10226) to work on /opt/airflow/dags/clean_hour_data.py
[2025-09-15T09:06:18.496+0000] {processor.py:830} INFO - Processing file /opt/airflow/dags/clean_hour_data.py for tasks to queue
[2025-09-15T09:06:18.500+0000] {logging_mixin.py:188} INFO - [2025-09-15T09:06:18.497+0000] {dagbag.py:540} INFO - Filling up the DagBag from /opt/airflow/dags/clean_hour_data.py
[2025-09-15T09:06:18.531+0000] {processor.py:840} INFO - DAG(s) 'clean_hour_data' retrieved from /opt/airflow/dags/clean_hour_data.py
[2025-09-15T09:06:18.577+0000] {logging_mixin.py:188} INFO - [2025-09-15T09:06:18.576+0000] {dag.py:3096} INFO - Sync 1 DAGs
[2025-09-15T09:06:18.601+0000] {logging_mixin.py:188} INFO - [2025-09-15T09:06:18.601+0000] {dag.py:3954} INFO - Setting next_dagrun for clean_hour_data to None, run_after=None
[2025-09-15T09:06:18.630+0000] {processor.py:183} INFO - Processing /opt/airflow/dags/clean_hour_data.py took 0.147 seconds
[2025-09-15T09:06:49.096+0000] {processor.py:161} INFO - Started process (PID=10276) to work on /opt/airflow/dags/clean_hour_data.py
[2025-09-15T09:06:49.099+0000] {processor.py:830} INFO - Processing file /opt/airflow/dags/clean_hour_data.py for tasks to queue
[2025-09-15T09:06:49.100+0000] {logging_mixin.py:188} INFO - [2025-09-15T09:06:49.100+0000] {dagbag.py:540} INFO - Filling up the DagBag from /opt/airflow/dags/clean_hour_data.py
[2025-09-15T09:06:49.133+0000] {processor.py:840} INFO - DAG(s) 'clean_hour_data' retrieved from /opt/airflow/dags/clean_hour_data.py
[2025-09-15T09:06:49.191+0000] {logging_mixin.py:188} INFO - [2025-09-15T09:06:49.190+0000] {dag.py:3096} INFO - Sync 1 DAGs
[2025-09-15T09:06:49.218+0000] {logging_mixin.py:188} INFO - [2025-09-15T09:06:49.218+0000] {dag.py:3954} INFO - Setting next_dagrun for clean_hour_data to None, run_after=None
[2025-09-15T09:06:49.244+0000] {processor.py:183} INFO - Processing /opt/airflow/dags/clean_hour_data.py took 0.173 seconds
[2025-09-15T09:07:19.691+0000] {processor.py:161} INFO - Started process (PID=10311) to work on /opt/airflow/dags/clean_hour_data.py
[2025-09-15T09:07:19.693+0000] {processor.py:830} INFO - Processing file /opt/airflow/dags/clean_hour_data.py for tasks to queue
[2025-09-15T09:07:19.694+0000] {logging_mixin.py:188} INFO - [2025-09-15T09:07:19.693+0000] {dagbag.py:540} INFO - Filling up the DagBag from /opt/airflow/dags/clean_hour_data.py
[2025-09-15T09:07:19.717+0000] {processor.py:840} INFO - DAG(s) 'clean_hour_data' retrieved from /opt/airflow/dags/clean_hour_data.py
[2025-09-15T09:07:19.750+0000] {logging_mixin.py:188} INFO - [2025-09-15T09:07:19.749+0000] {dag.py:3096} INFO - Sync 1 DAGs
[2025-09-15T09:07:19.765+0000] {logging_mixin.py:188} INFO - [2025-09-15T09:07:19.765+0000] {dag.py:3954} INFO - Setting next_dagrun for clean_hour_data to None, run_after=None
[2025-09-15T09:07:19.787+0000] {processor.py:183} INFO - Processing /opt/airflow/dags/clean_hour_data.py took 0.103 seconds
[2025-09-15T09:07:49.941+0000] {processor.py:161} INFO - Started process (PID=10346) to work on /opt/airflow/dags/clean_hour_data.py
[2025-09-15T09:07:49.942+0000] {processor.py:830} INFO - Processing file /opt/airflow/dags/clean_hour_data.py for tasks to queue
[2025-09-15T09:07:49.943+0000] {logging_mixin.py:188} INFO - [2025-09-15T09:07:49.943+0000] {dagbag.py:540} INFO - Filling up the DagBag from /opt/airflow/dags/clean_hour_data.py
[2025-09-15T09:07:49.966+0000] {processor.py:840} INFO - DAG(s) 'clean_hour_data' retrieved from /opt/airflow/dags/clean_hour_data.py
[2025-09-15T09:07:50.007+0000] {logging_mixin.py:188} INFO - [2025-09-15T09:07:50.006+0000] {dag.py:3096} INFO - Sync 1 DAGs
[2025-09-15T09:07:50.025+0000] {logging_mixin.py:188} INFO - [2025-09-15T09:07:50.024+0000] {dag.py:3954} INFO - Setting next_dagrun for clean_hour_data to None, run_after=None
[2025-09-15T09:07:50.055+0000] {processor.py:183} INFO - Processing /opt/airflow/dags/clean_hour_data.py took 0.121 seconds
[2025-09-15T09:08:20.349+0000] {processor.py:161} INFO - Started process (PID=10381) to work on /opt/airflow/dags/clean_hour_data.py
[2025-09-15T09:08:20.351+0000] {processor.py:830} INFO - Processing file /opt/airflow/dags/clean_hour_data.py for tasks to queue
[2025-09-15T09:08:20.352+0000] {logging_mixin.py:188} INFO - [2025-09-15T09:08:20.352+0000] {dagbag.py:540} INFO - Filling up the DagBag from /opt/airflow/dags/clean_hour_data.py
[2025-09-15T09:08:20.375+0000] {processor.py:840} INFO - DAG(s) 'clean_hour_data' retrieved from /opt/airflow/dags/clean_hour_data.py
[2025-09-15T09:08:20.414+0000] {logging_mixin.py:188} INFO - [2025-09-15T09:08:20.414+0000] {dag.py:3096} INFO - Sync 1 DAGs
[2025-09-15T09:08:20.433+0000] {logging_mixin.py:188} INFO - [2025-09-15T09:08:20.432+0000] {dag.py:3954} INFO - Setting next_dagrun for clean_hour_data to None, run_after=None
[2025-09-15T09:08:20.457+0000] {processor.py:183} INFO - Processing /opt/airflow/dags/clean_hour_data.py took 0.115 seconds
[2025-09-15T09:08:51.090+0000] {processor.py:161} INFO - Started process (PID=10416) to work on /opt/airflow/dags/clean_hour_data.py
[2025-09-15T09:08:51.091+0000] {processor.py:830} INFO - Processing file /opt/airflow/dags/clean_hour_data.py for tasks to queue
[2025-09-15T09:08:51.092+0000] {logging_mixin.py:188} INFO - [2025-09-15T09:08:51.091+0000] {dagbag.py:540} INFO - Filling up the DagBag from /opt/airflow/dags/clean_hour_data.py
[2025-09-15T09:08:51.110+0000] {processor.py:840} INFO - DAG(s) 'clean_hour_data' retrieved from /opt/airflow/dags/clean_hour_data.py
[2025-09-15T09:08:51.147+0000] {logging_mixin.py:188} INFO - [2025-09-15T09:08:51.147+0000] {dag.py:3096} INFO - Sync 1 DAGs
[2025-09-15T09:08:51.163+0000] {logging_mixin.py:188} INFO - [2025-09-15T09:08:51.163+0000] {dag.py:3954} INFO - Setting next_dagrun for clean_hour_data to None, run_after=None
[2025-09-15T09:08:51.192+0000] {processor.py:183} INFO - Processing /opt/airflow/dags/clean_hour_data.py took 0.109 seconds
[2025-09-15T09:09:21.547+0000] {processor.py:161} INFO - Started process (PID=10451) to work on /opt/airflow/dags/clean_hour_data.py
[2025-09-15T09:09:21.550+0000] {processor.py:830} INFO - Processing file /opt/airflow/dags/clean_hour_data.py for tasks to queue
[2025-09-15T09:09:21.551+0000] {logging_mixin.py:188} INFO - [2025-09-15T09:09:21.551+0000] {dagbag.py:540} INFO - Filling up the DagBag from /opt/airflow/dags/clean_hour_data.py
[2025-09-15T09:09:21.578+0000] {processor.py:840} INFO - DAG(s) 'clean_hour_data' retrieved from /opt/airflow/dags/clean_hour_data.py
[2025-09-15T09:09:21.625+0000] {logging_mixin.py:188} INFO - [2025-09-15T09:09:21.624+0000] {dag.py:3096} INFO - Sync 1 DAGs
[2025-09-15T09:09:21.707+0000] {logging_mixin.py:188} INFO - [2025-09-15T09:09:21.706+0000] {dag.py:3954} INFO - Setting next_dagrun for clean_hour_data to None, run_after=None
[2025-09-15T09:09:21.751+0000] {processor.py:183} INFO - Processing /opt/airflow/dags/clean_hour_data.py took 0.212 seconds
[2025-09-15T09:09:52.227+0000] {processor.py:161} INFO - Started process (PID=10486) to work on /opt/airflow/dags/clean_hour_data.py
[2025-09-15T09:09:52.232+0000] {processor.py:830} INFO - Processing file /opt/airflow/dags/clean_hour_data.py for tasks to queue
[2025-09-15T09:09:52.236+0000] {logging_mixin.py:188} INFO - [2025-09-15T09:09:52.236+0000] {dagbag.py:540} INFO - Filling up the DagBag from /opt/airflow/dags/clean_hour_data.py
[2025-09-15T09:09:52.286+0000] {processor.py:840} INFO - DAG(s) 'clean_hour_data' retrieved from /opt/airflow/dags/clean_hour_data.py
[2025-09-15T09:09:52.389+0000] {logging_mixin.py:188} INFO - [2025-09-15T09:09:52.388+0000] {dag.py:3096} INFO - Sync 1 DAGs
[2025-09-15T09:09:52.440+0000] {logging_mixin.py:188} INFO - [2025-09-15T09:09:52.440+0000] {dag.py:3954} INFO - Setting next_dagrun for clean_hour_data to None, run_after=None
[2025-09-15T09:09:52.538+0000] {processor.py:183} INFO - Processing /opt/airflow/dags/clean_hour_data.py took 0.332 seconds
[2025-09-15T09:10:23.293+0000] {processor.py:161} INFO - Started process (PID=10525) to work on /opt/airflow/dags/clean_hour_data.py
[2025-09-15T09:10:23.294+0000] {processor.py:830} INFO - Processing file /opt/airflow/dags/clean_hour_data.py for tasks to queue
[2025-09-15T09:10:23.294+0000] {logging_mixin.py:188} INFO - [2025-09-15T09:10:23.294+0000] {dagbag.py:540} INFO - Filling up the DagBag from /opt/airflow/dags/clean_hour_data.py
[2025-09-15T09:10:23.315+0000] {processor.py:840} INFO - DAG(s) 'clean_hour_data' retrieved from /opt/airflow/dags/clean_hour_data.py
[2025-09-15T09:10:23.346+0000] {logging_mixin.py:188} INFO - [2025-09-15T09:10:23.346+0000] {dag.py:3096} INFO - Sync 1 DAGs
[2025-09-15T09:10:23.361+0000] {logging_mixin.py:188} INFO - [2025-09-15T09:10:23.360+0000] {dag.py:3954} INFO - Setting next_dagrun for clean_hour_data to None, run_after=None
[2025-09-15T09:10:23.384+0000] {processor.py:183} INFO - Processing /opt/airflow/dags/clean_hour_data.py took 0.097 seconds
[2025-09-15T09:10:53.927+0000] {processor.py:161} INFO - Started process (PID=10560) to work on /opt/airflow/dags/clean_hour_data.py
[2025-09-15T09:10:53.929+0000] {processor.py:830} INFO - Processing file /opt/airflow/dags/clean_hour_data.py for tasks to queue
[2025-09-15T09:10:53.930+0000] {logging_mixin.py:188} INFO - [2025-09-15T09:10:53.930+0000] {dagbag.py:540} INFO - Filling up the DagBag from /opt/airflow/dags/clean_hour_data.py
[2025-09-15T09:10:53.949+0000] {processor.py:840} INFO - DAG(s) 'clean_hour_data' retrieved from /opt/airflow/dags/clean_hour_data.py
[2025-09-15T09:10:53.984+0000] {logging_mixin.py:188} INFO - [2025-09-15T09:10:53.983+0000] {dag.py:3096} INFO - Sync 1 DAGs
[2025-09-15T09:10:54.001+0000] {logging_mixin.py:188} INFO - [2025-09-15T09:10:54.000+0000] {dag.py:3954} INFO - Setting next_dagrun for clean_hour_data to None, run_after=None
[2025-09-15T09:10:54.023+0000] {processor.py:183} INFO - Processing /opt/airflow/dags/clean_hour_data.py took 0.106 seconds
[2025-09-15T09:11:25.119+0000] {processor.py:161} INFO - Started process (PID=10599) to work on /opt/airflow/dags/clean_hour_data.py
[2025-09-15T09:11:25.126+0000] {processor.py:830} INFO - Processing file /opt/airflow/dags/clean_hour_data.py for tasks to queue
[2025-09-15T09:11:25.132+0000] {logging_mixin.py:188} INFO - [2025-09-15T09:11:25.129+0000] {dagbag.py:540} INFO - Filling up the DagBag from /opt/airflow/dags/clean_hour_data.py
[2025-09-15T09:11:25.201+0000] {processor.py:840} INFO - DAG(s) 'clean_hour_data' retrieved from /opt/airflow/dags/clean_hour_data.py
[2025-09-15T09:11:25.344+0000] {logging_mixin.py:188} INFO - [2025-09-15T09:11:25.344+0000] {dag.py:3096} INFO - Sync 1 DAGs
[2025-09-15T09:11:25.397+0000] {logging_mixin.py:188} INFO - [2025-09-15T09:11:25.396+0000] {dag.py:3954} INFO - Setting next_dagrun for clean_hour_data to None, run_after=None
[2025-09-15T09:11:25.453+0000] {processor.py:183} INFO - Processing /opt/airflow/dags/clean_hour_data.py took 0.350 seconds
[2025-09-15T09:11:55.800+0000] {processor.py:161} INFO - Started process (PID=10634) to work on /opt/airflow/dags/clean_hour_data.py
[2025-09-15T09:11:55.801+0000] {processor.py:830} INFO - Processing file /opt/airflow/dags/clean_hour_data.py for tasks to queue
[2025-09-15T09:11:55.803+0000] {logging_mixin.py:188} INFO - [2025-09-15T09:11:55.802+0000] {dagbag.py:540} INFO - Filling up the DagBag from /opt/airflow/dags/clean_hour_data.py
[2025-09-15T09:11:55.829+0000] {processor.py:840} INFO - DAG(s) 'clean_hour_data' retrieved from /opt/airflow/dags/clean_hour_data.py
[2025-09-15T09:11:55.870+0000] {logging_mixin.py:188} INFO - [2025-09-15T09:11:55.868+0000] {dag.py:3096} INFO - Sync 1 DAGs
[2025-09-15T09:11:55.888+0000] {logging_mixin.py:188} INFO - [2025-09-15T09:11:55.888+0000] {dag.py:3954} INFO - Setting next_dagrun for clean_hour_data to None, run_after=None
[2025-09-15T09:11:55.919+0000] {processor.py:183} INFO - Processing /opt/airflow/dags/clean_hour_data.py took 0.126 seconds
[2025-09-15T09:12:26.757+0000] {processor.py:161} INFO - Started process (PID=10669) to work on /opt/airflow/dags/clean_hour_data.py
[2025-09-15T09:12:26.758+0000] {processor.py:830} INFO - Processing file /opt/airflow/dags/clean_hour_data.py for tasks to queue
[2025-09-15T09:12:26.760+0000] {logging_mixin.py:188} INFO - [2025-09-15T09:12:26.759+0000] {dagbag.py:540} INFO - Filling up the DagBag from /opt/airflow/dags/clean_hour_data.py
[2025-09-15T09:12:26.782+0000] {processor.py:840} INFO - DAG(s) 'clean_hour_data' retrieved from /opt/airflow/dags/clean_hour_data.py
[2025-09-15T09:12:26.814+0000] {logging_mixin.py:188} INFO - [2025-09-15T09:12:26.813+0000] {dag.py:3096} INFO - Sync 1 DAGs
[2025-09-15T09:12:26.827+0000] {logging_mixin.py:188} INFO - [2025-09-15T09:12:26.827+0000] {dag.py:3954} INFO - Setting next_dagrun for clean_hour_data to None, run_after=None
[2025-09-15T09:12:26.848+0000] {processor.py:183} INFO - Processing /opt/airflow/dags/clean_hour_data.py took 0.097 seconds
[2025-09-15T09:12:57.034+0000] {processor.py:161} INFO - Started process (PID=10704) to work on /opt/airflow/dags/clean_hour_data.py
[2025-09-15T09:12:57.036+0000] {processor.py:830} INFO - Processing file /opt/airflow/dags/clean_hour_data.py for tasks to queue
[2025-09-15T09:12:57.037+0000] {logging_mixin.py:188} INFO - [2025-09-15T09:12:57.036+0000] {dagbag.py:540} INFO - Filling up the DagBag from /opt/airflow/dags/clean_hour_data.py
[2025-09-15T09:12:57.061+0000] {processor.py:840} INFO - DAG(s) 'clean_hour_data' retrieved from /opt/airflow/dags/clean_hour_data.py
[2025-09-15T09:12:57.097+0000] {logging_mixin.py:188} INFO - [2025-09-15T09:12:57.097+0000] {dag.py:3096} INFO - Sync 1 DAGs
[2025-09-15T09:12:57.118+0000] {logging_mixin.py:188} INFO - [2025-09-15T09:12:57.118+0000] {dag.py:3954} INFO - Setting next_dagrun for clean_hour_data to None, run_after=None
[2025-09-15T09:12:57.148+0000] {processor.py:183} INFO - Processing /opt/airflow/dags/clean_hour_data.py took 0.122 seconds
[2025-09-15T09:13:27.501+0000] {processor.py:161} INFO - Started process (PID=10739) to work on /opt/airflow/dags/clean_hour_data.py
[2025-09-15T09:13:27.503+0000] {processor.py:830} INFO - Processing file /opt/airflow/dags/clean_hour_data.py for tasks to queue
[2025-09-15T09:13:27.504+0000] {logging_mixin.py:188} INFO - [2025-09-15T09:13:27.503+0000] {dagbag.py:540} INFO - Filling up the DagBag from /opt/airflow/dags/clean_hour_data.py
[2025-09-15T09:13:27.520+0000] {processor.py:840} INFO - DAG(s) 'clean_hour_data' retrieved from /opt/airflow/dags/clean_hour_data.py
[2025-09-15T09:13:27.549+0000] {logging_mixin.py:188} INFO - [2025-09-15T09:13:27.548+0000] {dag.py:3096} INFO - Sync 1 DAGs
[2025-09-15T09:13:27.562+0000] {logging_mixin.py:188} INFO - [2025-09-15T09:13:27.562+0000] {dag.py:3954} INFO - Setting next_dagrun for clean_hour_data to None, run_after=None
[2025-09-15T09:13:27.583+0000] {processor.py:183} INFO - Processing /opt/airflow/dags/clean_hour_data.py took 0.087 seconds
[2025-09-15T09:13:58.294+0000] {processor.py:161} INFO - Started process (PID=10774) to work on /opt/airflow/dags/clean_hour_data.py
[2025-09-15T09:13:58.296+0000] {processor.py:830} INFO - Processing file /opt/airflow/dags/clean_hour_data.py for tasks to queue
[2025-09-15T09:13:58.298+0000] {logging_mixin.py:188} INFO - [2025-09-15T09:13:58.298+0000] {dagbag.py:540} INFO - Filling up the DagBag from /opt/airflow/dags/clean_hour_data.py
[2025-09-15T09:13:58.322+0000] {processor.py:840} INFO - DAG(s) 'clean_hour_data' retrieved from /opt/airflow/dags/clean_hour_data.py
[2025-09-15T09:13:58.356+0000] {logging_mixin.py:188} INFO - [2025-09-15T09:13:58.355+0000] {dag.py:3096} INFO - Sync 1 DAGs
[2025-09-15T09:13:58.371+0000] {logging_mixin.py:188} INFO - [2025-09-15T09:13:58.371+0000] {dag.py:3954} INFO - Setting next_dagrun for clean_hour_data to None, run_after=None
[2025-09-15T09:13:58.396+0000] {processor.py:183} INFO - Processing /opt/airflow/dags/clean_hour_data.py took 0.112 seconds
[2025-09-15T09:14:28.907+0000] {processor.py:161} INFO - Started process (PID=10813) to work on /opt/airflow/dags/clean_hour_data.py
[2025-09-15T09:14:28.909+0000] {processor.py:830} INFO - Processing file /opt/airflow/dags/clean_hour_data.py for tasks to queue
[2025-09-15T09:14:28.910+0000] {logging_mixin.py:188} INFO - [2025-09-15T09:14:28.909+0000] {dagbag.py:540} INFO - Filling up the DagBag from /opt/airflow/dags/clean_hour_data.py
[2025-09-15T09:14:28.936+0000] {processor.py:840} INFO - DAG(s) 'clean_hour_data' retrieved from /opt/airflow/dags/clean_hour_data.py
[2025-09-15T09:14:28.963+0000] {logging_mixin.py:188} INFO - [2025-09-15T09:14:28.963+0000] {dag.py:3096} INFO - Sync 1 DAGs
[2025-09-15T09:14:28.976+0000] {logging_mixin.py:188} INFO - [2025-09-15T09:14:28.976+0000] {dag.py:3954} INFO - Setting next_dagrun for clean_hour_data to None, run_after=None
[2025-09-15T09:14:28.994+0000] {processor.py:183} INFO - Processing /opt/airflow/dags/clean_hour_data.py took 0.095 seconds
[2025-09-15T09:14:59.501+0000] {processor.py:161} INFO - Started process (PID=10848) to work on /opt/airflow/dags/clean_hour_data.py
[2025-09-15T09:14:59.502+0000] {processor.py:830} INFO - Processing file /opt/airflow/dags/clean_hour_data.py for tasks to queue
[2025-09-15T09:14:59.503+0000] {logging_mixin.py:188} INFO - [2025-09-15T09:14:59.503+0000] {dagbag.py:540} INFO - Filling up the DagBag from /opt/airflow/dags/clean_hour_data.py
[2025-09-15T09:14:59.523+0000] {processor.py:840} INFO - DAG(s) 'clean_hour_data' retrieved from /opt/airflow/dags/clean_hour_data.py
[2025-09-15T09:14:59.555+0000] {logging_mixin.py:188} INFO - [2025-09-15T09:14:59.554+0000] {dag.py:3096} INFO - Sync 1 DAGs
[2025-09-15T09:14:59.568+0000] {logging_mixin.py:188} INFO - [2025-09-15T09:14:59.568+0000] {dag.py:3954} INFO - Setting next_dagrun for clean_hour_data to None, run_after=None
[2025-09-15T09:14:59.597+0000] {processor.py:183} INFO - Processing /opt/airflow/dags/clean_hour_data.py took 0.102 seconds
[2025-09-15T09:15:29.688+0000] {processor.py:161} INFO - Started process (PID=10883) to work on /opt/airflow/dags/clean_hour_data.py
[2025-09-15T09:15:29.689+0000] {processor.py:830} INFO - Processing file /opt/airflow/dags/clean_hour_data.py for tasks to queue
[2025-09-15T09:15:29.690+0000] {logging_mixin.py:188} INFO - [2025-09-15T09:15:29.689+0000] {dagbag.py:540} INFO - Filling up the DagBag from /opt/airflow/dags/clean_hour_data.py
[2025-09-15T09:15:29.706+0000] {processor.py:840} INFO - DAG(s) 'clean_hour_data' retrieved from /opt/airflow/dags/clean_hour_data.py
[2025-09-15T09:15:29.735+0000] {logging_mixin.py:188} INFO - [2025-09-15T09:15:29.734+0000] {dag.py:3096} INFO - Sync 1 DAGs
[2025-09-15T09:15:29.748+0000] {logging_mixin.py:188} INFO - [2025-09-15T09:15:29.748+0000] {dag.py:3954} INFO - Setting next_dagrun for clean_hour_data to None, run_after=None
[2025-09-15T09:15:29.771+0000] {processor.py:183} INFO - Processing /opt/airflow/dags/clean_hour_data.py took 0.088 seconds
[2025-09-15T09:16:00.260+0000] {processor.py:161} INFO - Started process (PID=10918) to work on /opt/airflow/dags/clean_hour_data.py
[2025-09-15T09:16:00.261+0000] {processor.py:830} INFO - Processing file /opt/airflow/dags/clean_hour_data.py for tasks to queue
[2025-09-15T09:16:00.262+0000] {logging_mixin.py:188} INFO - [2025-09-15T09:16:00.261+0000] {dagbag.py:540} INFO - Filling up the DagBag from /opt/airflow/dags/clean_hour_data.py
[2025-09-15T09:16:00.281+0000] {processor.py:840} INFO - DAG(s) 'clean_hour_data' retrieved from /opt/airflow/dags/clean_hour_data.py
[2025-09-15T09:16:00.315+0000] {logging_mixin.py:188} INFO - [2025-09-15T09:16:00.315+0000] {dag.py:3096} INFO - Sync 1 DAGs
[2025-09-15T09:16:00.332+0000] {logging_mixin.py:188} INFO - [2025-09-15T09:16:00.331+0000] {dag.py:3954} INFO - Setting next_dagrun for clean_hour_data to None, run_after=None
[2025-09-15T09:16:00.353+0000] {processor.py:183} INFO - Processing /opt/airflow/dags/clean_hour_data.py took 0.101 seconds
[2025-09-15T09:16:53.837+0000] {processor.py:161} INFO - Started process (PID=193) to work on /opt/airflow/dags/clean_hour_data.py
[2025-09-15T09:16:53.838+0000] {processor.py:830} INFO - Processing file /opt/airflow/dags/clean_hour_data.py for tasks to queue
[2025-09-15T09:16:53.841+0000] {logging_mixin.py:188} INFO - [2025-09-15T09:16:53.841+0000] {dagbag.py:540} INFO - Filling up the DagBag from /opt/airflow/dags/clean_hour_data.py
[2025-09-15T09:16:53.865+0000] {processor.py:840} INFO - DAG(s) 'clean_hour_data' retrieved from /opt/airflow/dags/clean_hour_data.py
[2025-09-15T09:16:53.886+0000] {logging_mixin.py:188} INFO - [2025-09-15T09:16:53.885+0000] {dag.py:3096} INFO - Sync 1 DAGs
[2025-09-15T09:16:53.905+0000] {logging_mixin.py:188} INFO - [2025-09-15T09:16:53.905+0000] {dag.py:3954} INFO - Setting next_dagrun for clean_hour_data to None, run_after=None
[2025-09-15T09:16:53.931+0000] {processor.py:183} INFO - Processing /opt/airflow/dags/clean_hour_data.py took 0.102 seconds
[2025-09-15T09:17:25.345+0000] {processor.py:161} INFO - Started process (PID=230) to work on /opt/airflow/dags/clean_hour_data.py
[2025-09-15T09:17:25.346+0000] {processor.py:830} INFO - Processing file /opt/airflow/dags/clean_hour_data.py for tasks to queue
[2025-09-15T09:17:25.348+0000] {logging_mixin.py:188} INFO - [2025-09-15T09:17:25.348+0000] {dagbag.py:540} INFO - Filling up the DagBag from /opt/airflow/dags/clean_hour_data.py
[2025-09-15T09:17:25.367+0000] {processor.py:840} INFO - DAG(s) 'clean_hour_data' retrieved from /opt/airflow/dags/clean_hour_data.py
[2025-09-15T09:17:25.458+0000] {logging_mixin.py:188} INFO - [2025-09-15T09:17:25.457+0000] {dag.py:3096} INFO - Sync 1 DAGs
[2025-09-15T09:17:25.466+0000] {logging_mixin.py:188} INFO - [2025-09-15T09:17:25.466+0000] {dag.py:3954} INFO - Setting next_dagrun for clean_hour_data to None, run_after=None
[2025-09-15T09:17:25.491+0000] {processor.py:183} INFO - Processing /opt/airflow/dags/clean_hour_data.py took 0.151 seconds
[2025-09-15T09:17:55.764+0000] {processor.py:161} INFO - Started process (PID=263) to work on /opt/airflow/dags/clean_hour_data.py
[2025-09-15T09:17:55.765+0000] {processor.py:830} INFO - Processing file /opt/airflow/dags/clean_hour_data.py for tasks to queue
[2025-09-15T09:17:55.768+0000] {logging_mixin.py:188} INFO - [2025-09-15T09:17:55.767+0000] {dagbag.py:540} INFO - Filling up the DagBag from /opt/airflow/dags/clean_hour_data.py
[2025-09-15T09:17:55.796+0000] {processor.py:840} INFO - DAG(s) 'clean_hour_data' retrieved from /opt/airflow/dags/clean_hour_data.py
[2025-09-15T09:17:55.839+0000] {logging_mixin.py:188} INFO - [2025-09-15T09:17:55.839+0000] {dag.py:3096} INFO - Sync 1 DAGs
[2025-09-15T09:17:55.855+0000] {logging_mixin.py:188} INFO - [2025-09-15T09:17:55.854+0000] {dag.py:3954} INFO - Setting next_dagrun for clean_hour_data to None, run_after=None
[2025-09-15T09:17:55.883+0000] {processor.py:183} INFO - Processing /opt/airflow/dags/clean_hour_data.py took 0.127 seconds
[2025-09-15T09:18:26.448+0000] {processor.py:161} INFO - Started process (PID=302) to work on /opt/airflow/dags/clean_hour_data.py
[2025-09-15T09:18:26.450+0000] {processor.py:830} INFO - Processing file /opt/airflow/dags/clean_hour_data.py for tasks to queue
[2025-09-15T09:18:26.453+0000] {logging_mixin.py:188} INFO - [2025-09-15T09:18:26.453+0000] {dagbag.py:540} INFO - Filling up the DagBag from /opt/airflow/dags/clean_hour_data.py
[2025-09-15T09:18:26.472+0000] {processor.py:840} INFO - DAG(s) 'clean_hour_data' retrieved from /opt/airflow/dags/clean_hour_data.py
[2025-09-15T09:18:26.503+0000] {logging_mixin.py:188} INFO - [2025-09-15T09:18:26.502+0000] {dag.py:3096} INFO - Sync 1 DAGs
[2025-09-15T09:18:26.517+0000] {logging_mixin.py:188} INFO - [2025-09-15T09:18:26.517+0000] {dag.py:3954} INFO - Setting next_dagrun for clean_hour_data to None, run_after=None
[2025-09-15T09:18:26.545+0000] {processor.py:183} INFO - Processing /opt/airflow/dags/clean_hour_data.py took 0.103 seconds
[2025-09-15T09:18:57.193+0000] {processor.py:161} INFO - Started process (PID=339) to work on /opt/airflow/dags/clean_hour_data.py
[2025-09-15T09:18:57.194+0000] {processor.py:830} INFO - Processing file /opt/airflow/dags/clean_hour_data.py for tasks to queue
[2025-09-15T09:18:57.197+0000] {logging_mixin.py:188} INFO - [2025-09-15T09:18:57.197+0000] {dagbag.py:540} INFO - Filling up the DagBag from /opt/airflow/dags/clean_hour_data.py
[2025-09-15T09:18:57.218+0000] {processor.py:840} INFO - DAG(s) 'clean_hour_data' retrieved from /opt/airflow/dags/clean_hour_data.py
[2025-09-15T09:18:57.249+0000] {logging_mixin.py:188} INFO - [2025-09-15T09:18:57.248+0000] {dag.py:3096} INFO - Sync 1 DAGs
[2025-09-15T09:18:57.261+0000] {logging_mixin.py:188} INFO - [2025-09-15T09:18:57.261+0000] {dag.py:3954} INFO - Setting next_dagrun for clean_hour_data to None, run_after=None
[2025-09-15T09:18:57.283+0000] {processor.py:183} INFO - Processing /opt/airflow/dags/clean_hour_data.py took 0.098 seconds
[2025-09-15T09:19:27.976+0000] {processor.py:161} INFO - Started process (PID=374) to work on /opt/airflow/dags/clean_hour_data.py
[2025-09-15T09:19:27.977+0000] {processor.py:830} INFO - Processing file /opt/airflow/dags/clean_hour_data.py for tasks to queue
[2025-09-15T09:19:27.979+0000] {logging_mixin.py:188} INFO - [2025-09-15T09:19:27.979+0000] {dagbag.py:540} INFO - Filling up the DagBag from /opt/airflow/dags/clean_hour_data.py
[2025-09-15T09:19:28.000+0000] {processor.py:840} INFO - DAG(s) 'clean_hour_data' retrieved from /opt/airflow/dags/clean_hour_data.py
[2025-09-15T09:19:28.069+0000] {logging_mixin.py:188} INFO - [2025-09-15T09:19:28.067+0000] {dag.py:3096} INFO - Sync 1 DAGs
[2025-09-15T09:19:28.094+0000] {logging_mixin.py:188} INFO - [2025-09-15T09:19:28.094+0000] {dag.py:3954} INFO - Setting next_dagrun for clean_hour_data to None, run_after=None
[2025-09-15T09:19:28.120+0000] {processor.py:183} INFO - Processing /opt/airflow/dags/clean_hour_data.py took 0.149 seconds
[2025-09-15T09:19:58.459+0000] {processor.py:161} INFO - Started process (PID=417) to work on /opt/airflow/dags/clean_hour_data.py
[2025-09-15T09:19:58.461+0000] {processor.py:830} INFO - Processing file /opt/airflow/dags/clean_hour_data.py for tasks to queue
[2025-09-15T09:19:58.463+0000] {logging_mixin.py:188} INFO - [2025-09-15T09:19:58.463+0000] {dagbag.py:540} INFO - Filling up the DagBag from /opt/airflow/dags/clean_hour_data.py
[2025-09-15T09:19:58.483+0000] {processor.py:840} INFO - DAG(s) 'clean_hour_data' retrieved from /opt/airflow/dags/clean_hour_data.py
[2025-09-15T09:19:58.517+0000] {logging_mixin.py:188} INFO - [2025-09-15T09:19:58.516+0000] {dag.py:3096} INFO - Sync 1 DAGs
[2025-09-15T09:19:58.532+0000] {logging_mixin.py:188} INFO - [2025-09-15T09:19:58.531+0000] {dag.py:3954} INFO - Setting next_dagrun for clean_hour_data to None, run_after=None
[2025-09-15T09:19:58.554+0000] {processor.py:183} INFO - Processing /opt/airflow/dags/clean_hour_data.py took 0.101 seconds
[2025-09-15T09:20:29.432+0000] {processor.py:161} INFO - Started process (PID=452) to work on /opt/airflow/dags/clean_hour_data.py
[2025-09-15T09:20:29.433+0000] {processor.py:830} INFO - Processing file /opt/airflow/dags/clean_hour_data.py for tasks to queue
[2025-09-15T09:20:29.436+0000] {logging_mixin.py:188} INFO - [2025-09-15T09:20:29.436+0000] {dagbag.py:540} INFO - Filling up the DagBag from /opt/airflow/dags/clean_hour_data.py
[2025-09-15T09:20:29.453+0000] {processor.py:840} INFO - DAG(s) 'clean_hour_data' retrieved from /opt/airflow/dags/clean_hour_data.py
[2025-09-15T09:20:29.487+0000] {logging_mixin.py:188} INFO - [2025-09-15T09:20:29.487+0000] {dag.py:3096} INFO - Sync 1 DAGs
[2025-09-15T09:20:29.501+0000] {logging_mixin.py:188} INFO - [2025-09-15T09:20:29.501+0000] {dag.py:3954} INFO - Setting next_dagrun for clean_hour_data to None, run_after=None
[2025-09-15T09:20:29.522+0000] {processor.py:183} INFO - Processing /opt/airflow/dags/clean_hour_data.py took 0.097 seconds
[2025-09-15T09:20:58.394+0000] {processor.py:161} INFO - Started process (PID=487) to work on /opt/airflow/dags/clean_hour_data.py
[2025-09-15T09:20:58.395+0000] {processor.py:830} INFO - Processing file /opt/airflow/dags/clean_hour_data.py for tasks to queue
[2025-09-15T09:20:58.396+0000] {logging_mixin.py:188} INFO - [2025-09-15T09:20:58.396+0000] {dagbag.py:540} INFO - Filling up the DagBag from /opt/airflow/dags/clean_hour_data.py
[2025-09-15T09:20:58.414+0000] {processor.py:840} INFO - DAG(s) 'clean_hour_data' retrieved from /opt/airflow/dags/clean_hour_data.py
[2025-09-15T09:20:58.442+0000] {logging_mixin.py:188} INFO - [2025-09-15T09:20:58.442+0000] {dag.py:3096} INFO - Sync 1 DAGs
[2025-09-15T09:20:58.453+0000] {logging_mixin.py:188} INFO - [2025-09-15T09:20:58.453+0000] {dag.py:3954} INFO - Setting next_dagrun for clean_hour_data to None, run_after=None
[2025-09-15T09:20:58.473+0000] {processor.py:183} INFO - Processing /opt/airflow/dags/clean_hour_data.py took 0.084 seconds
[2025-09-15T09:21:28.883+0000] {processor.py:161} INFO - Started process (PID=522) to work on /opt/airflow/dags/clean_hour_data.py
[2025-09-15T09:21:28.884+0000] {processor.py:830} INFO - Processing file /opt/airflow/dags/clean_hour_data.py for tasks to queue
[2025-09-15T09:21:28.885+0000] {logging_mixin.py:188} INFO - [2025-09-15T09:21:28.885+0000] {dagbag.py:540} INFO - Filling up the DagBag from /opt/airflow/dags/clean_hour_data.py
[2025-09-15T09:21:28.904+0000] {processor.py:840} INFO - DAG(s) 'clean_hour_data' retrieved from /opt/airflow/dags/clean_hour_data.py
[2025-09-15T09:21:28.936+0000] {logging_mixin.py:188} INFO - [2025-09-15T09:21:28.936+0000] {dag.py:3096} INFO - Sync 1 DAGs
[2025-09-15T09:21:28.951+0000] {logging_mixin.py:188} INFO - [2025-09-15T09:21:28.951+0000] {dag.py:3954} INFO - Setting next_dagrun for clean_hour_data to None, run_after=None
[2025-09-15T09:21:28.975+0000] {processor.py:183} INFO - Processing /opt/airflow/dags/clean_hour_data.py took 0.098 seconds
[2025-09-15T09:21:59.207+0000] {processor.py:161} INFO - Started process (PID=557) to work on /opt/airflow/dags/clean_hour_data.py
[2025-09-15T09:21:59.208+0000] {processor.py:830} INFO - Processing file /opt/airflow/dags/clean_hour_data.py for tasks to queue
[2025-09-15T09:21:59.209+0000] {logging_mixin.py:188} INFO - [2025-09-15T09:21:59.209+0000] {dagbag.py:540} INFO - Filling up the DagBag from /opt/airflow/dags/clean_hour_data.py
[2025-09-15T09:21:59.225+0000] {processor.py:840} INFO - DAG(s) 'clean_hour_data' retrieved from /opt/airflow/dags/clean_hour_data.py
[2025-09-15T09:21:59.253+0000] {logging_mixin.py:188} INFO - [2025-09-15T09:21:59.253+0000] {dag.py:3096} INFO - Sync 1 DAGs
[2025-09-15T09:21:59.266+0000] {logging_mixin.py:188} INFO - [2025-09-15T09:21:59.265+0000] {dag.py:3954} INFO - Setting next_dagrun for clean_hour_data to None, run_after=None
[2025-09-15T09:21:59.286+0000] {processor.py:183} INFO - Processing /opt/airflow/dags/clean_hour_data.py took 0.085 seconds
[2025-09-15T09:22:30.400+0000] {processor.py:161} INFO - Started process (PID=592) to work on /opt/airflow/dags/clean_hour_data.py
[2025-09-15T09:22:30.403+0000] {processor.py:830} INFO - Processing file /opt/airflow/dags/clean_hour_data.py for tasks to queue
[2025-09-15T09:22:30.405+0000] {logging_mixin.py:188} INFO - [2025-09-15T09:22:30.404+0000] {dagbag.py:540} INFO - Filling up the DagBag from /opt/airflow/dags/clean_hour_data.py
[2025-09-15T09:22:30.454+0000] {processor.py:840} INFO - DAG(s) 'clean_hour_data' retrieved from /opt/airflow/dags/clean_hour_data.py
[2025-09-15T09:22:30.506+0000] {logging_mixin.py:188} INFO - [2025-09-15T09:22:30.505+0000] {dag.py:3096} INFO - Sync 1 DAGs
[2025-09-15T09:22:30.535+0000] {logging_mixin.py:188} INFO - [2025-09-15T09:22:30.535+0000] {dag.py:3954} INFO - Setting next_dagrun for clean_hour_data to None, run_after=None
[2025-09-15T09:22:30.571+0000] {processor.py:183} INFO - Processing /opt/airflow/dags/clean_hour_data.py took 0.197 seconds
[2025-09-15T09:23:01.438+0000] {processor.py:161} INFO - Started process (PID=632) to work on /opt/airflow/dags/clean_hour_data.py
[2025-09-15T09:23:01.439+0000] {processor.py:830} INFO - Processing file /opt/airflow/dags/clean_hour_data.py for tasks to queue
[2025-09-15T09:23:01.440+0000] {logging_mixin.py:188} INFO - [2025-09-15T09:23:01.440+0000] {dagbag.py:540} INFO - Filling up the DagBag from /opt/airflow/dags/clean_hour_data.py
[2025-09-15T09:23:01.463+0000] {processor.py:840} INFO - DAG(s) 'clean_hour_data' retrieved from /opt/airflow/dags/clean_hour_data.py
[2025-09-15T09:23:01.496+0000] {logging_mixin.py:188} INFO - [2025-09-15T09:23:01.496+0000] {dag.py:3096} INFO - Sync 1 DAGs
[2025-09-15T09:23:01.511+0000] {logging_mixin.py:188} INFO - [2025-09-15T09:23:01.511+0000] {dag.py:3954} INFO - Setting next_dagrun for clean_hour_data to None, run_after=None
[2025-09-15T09:23:01.536+0000] {processor.py:183} INFO - Processing /opt/airflow/dags/clean_hour_data.py took 0.107 seconds
[2025-09-15T09:23:32.463+0000] {processor.py:161} INFO - Started process (PID=692) to work on /opt/airflow/dags/clean_hour_data.py
[2025-09-15T09:23:32.464+0000] {processor.py:830} INFO - Processing file /opt/airflow/dags/clean_hour_data.py for tasks to queue
[2025-09-15T09:23:32.466+0000] {logging_mixin.py:188} INFO - [2025-09-15T09:23:32.465+0000] {dagbag.py:540} INFO - Filling up the DagBag from /opt/airflow/dags/clean_hour_data.py
[2025-09-15T09:23:32.483+0000] {processor.py:840} INFO - DAG(s) 'clean_hour_data' retrieved from /opt/airflow/dags/clean_hour_data.py
[2025-09-15T09:23:32.511+0000] {logging_mixin.py:188} INFO - [2025-09-15T09:23:32.511+0000] {dag.py:3096} INFO - Sync 1 DAGs
[2025-09-15T09:23:32.524+0000] {logging_mixin.py:188} INFO - [2025-09-15T09:23:32.524+0000] {dag.py:3954} INFO - Setting next_dagrun for clean_hour_data to None, run_after=None
[2025-09-15T09:23:32.548+0000] {processor.py:183} INFO - Processing /opt/airflow/dags/clean_hour_data.py took 0.091 seconds
[2025-09-15T09:24:02.909+0000] {processor.py:161} INFO - Started process (PID=727) to work on /opt/airflow/dags/clean_hour_data.py
[2025-09-15T09:24:02.910+0000] {processor.py:830} INFO - Processing file /opt/airflow/dags/clean_hour_data.py for tasks to queue
[2025-09-15T09:24:02.911+0000] {logging_mixin.py:188} INFO - [2025-09-15T09:24:02.911+0000] {dagbag.py:540} INFO - Filling up the DagBag from /opt/airflow/dags/clean_hour_data.py
[2025-09-15T09:24:02.929+0000] {processor.py:840} INFO - DAG(s) 'clean_hour_data' retrieved from /opt/airflow/dags/clean_hour_data.py
[2025-09-15T09:24:02.955+0000] {logging_mixin.py:188} INFO - [2025-09-15T09:24:02.955+0000] {dag.py:3096} INFO - Sync 1 DAGs
[2025-09-15T09:24:02.967+0000] {logging_mixin.py:188} INFO - [2025-09-15T09:24:02.967+0000] {dag.py:3954} INFO - Setting next_dagrun for clean_hour_data to None, run_after=None
[2025-09-15T09:24:02.988+0000] {processor.py:183} INFO - Processing /opt/airflow/dags/clean_hour_data.py took 0.084 seconds
[2025-09-15T09:24:33.533+0000] {processor.py:161} INFO - Started process (PID=762) to work on /opt/airflow/dags/clean_hour_data.py
[2025-09-15T09:24:33.535+0000] {processor.py:830} INFO - Processing file /opt/airflow/dags/clean_hour_data.py for tasks to queue
[2025-09-15T09:24:33.536+0000] {logging_mixin.py:188} INFO - [2025-09-15T09:24:33.536+0000] {dagbag.py:540} INFO - Filling up the DagBag from /opt/airflow/dags/clean_hour_data.py
[2025-09-15T09:24:33.559+0000] {processor.py:840} INFO - DAG(s) 'clean_hour_data' retrieved from /opt/airflow/dags/clean_hour_data.py
[2025-09-15T09:24:33.595+0000] {logging_mixin.py:188} INFO - [2025-09-15T09:24:33.595+0000] {dag.py:3096} INFO - Sync 1 DAGs
[2025-09-15T09:24:33.610+0000] {logging_mixin.py:188} INFO - [2025-09-15T09:24:33.610+0000] {dag.py:3954} INFO - Setting next_dagrun for clean_hour_data to None, run_after=None
[2025-09-15T09:24:33.632+0000] {processor.py:183} INFO - Processing /opt/airflow/dags/clean_hour_data.py took 0.107 seconds
[2025-09-15T09:25:03.959+0000] {processor.py:161} INFO - Started process (PID=797) to work on /opt/airflow/dags/clean_hour_data.py
[2025-09-15T09:25:03.960+0000] {processor.py:830} INFO - Processing file /opt/airflow/dags/clean_hour_data.py for tasks to queue
[2025-09-15T09:25:03.960+0000] {logging_mixin.py:188} INFO - [2025-09-15T09:25:03.960+0000] {dagbag.py:540} INFO - Filling up the DagBag from /opt/airflow/dags/clean_hour_data.py
[2025-09-15T09:25:03.977+0000] {processor.py:840} INFO - DAG(s) 'clean_hour_data' retrieved from /opt/airflow/dags/clean_hour_data.py
[2025-09-15T09:25:04.004+0000] {logging_mixin.py:188} INFO - [2025-09-15T09:25:04.003+0000] {dag.py:3096} INFO - Sync 1 DAGs
[2025-09-15T09:25:04.016+0000] {logging_mixin.py:188} INFO - [2025-09-15T09:25:04.016+0000] {dag.py:3954} INFO - Setting next_dagrun for clean_hour_data to None, run_after=None
[2025-09-15T09:25:04.037+0000] {processor.py:183} INFO - Processing /opt/airflow/dags/clean_hour_data.py took 0.083 seconds
[2025-09-15T09:25:34.460+0000] {processor.py:161} INFO - Started process (PID=836) to work on /opt/airflow/dags/clean_hour_data.py
[2025-09-15T09:25:34.461+0000] {processor.py:830} INFO - Processing file /opt/airflow/dags/clean_hour_data.py for tasks to queue
[2025-09-15T09:25:34.462+0000] {logging_mixin.py:188} INFO - [2025-09-15T09:25:34.461+0000] {dagbag.py:540} INFO - Filling up the DagBag from /opt/airflow/dags/clean_hour_data.py
[2025-09-15T09:25:34.478+0000] {processor.py:840} INFO - DAG(s) 'clean_hour_data' retrieved from /opt/airflow/dags/clean_hour_data.py
[2025-09-15T09:25:34.553+0000] {logging_mixin.py:188} INFO - [2025-09-15T09:25:34.553+0000] {dag.py:3096} INFO - Sync 1 DAGs
[2025-09-15T09:25:34.566+0000] {logging_mixin.py:188} INFO - [2025-09-15T09:25:34.565+0000] {dag.py:3954} INFO - Setting next_dagrun for clean_hour_data to None, run_after=None
[2025-09-15T09:25:34.591+0000] {processor.py:183} INFO - Processing /opt/airflow/dags/clean_hour_data.py took 0.137 seconds
[2025-09-15T09:26:05.540+0000] {processor.py:161} INFO - Started process (PID=871) to work on /opt/airflow/dags/clean_hour_data.py
[2025-09-15T09:26:05.541+0000] {processor.py:830} INFO - Processing file /opt/airflow/dags/clean_hour_data.py for tasks to queue
[2025-09-15T09:26:05.541+0000] {logging_mixin.py:188} INFO - [2025-09-15T09:26:05.541+0000] {dagbag.py:540} INFO - Filling up the DagBag from /opt/airflow/dags/clean_hour_data.py
[2025-09-15T09:26:05.558+0000] {processor.py:840} INFO - DAG(s) 'clean_hour_data' retrieved from /opt/airflow/dags/clean_hour_data.py
[2025-09-15T09:26:05.595+0000] {logging_mixin.py:188} INFO - [2025-09-15T09:26:05.595+0000] {dag.py:3096} INFO - Sync 1 DAGs
[2025-09-15T09:26:05.616+0000] {logging_mixin.py:188} INFO - [2025-09-15T09:26:05.616+0000] {dag.py:3954} INFO - Setting next_dagrun for clean_hour_data to None, run_after=None
[2025-09-15T09:26:05.647+0000] {processor.py:183} INFO - Processing /opt/airflow/dags/clean_hour_data.py took 0.113 seconds
[2025-09-15T09:26:36.506+0000] {processor.py:161} INFO - Started process (PID=913) to work on /opt/airflow/dags/clean_hour_data.py
[2025-09-15T09:26:36.507+0000] {processor.py:830} INFO - Processing file /opt/airflow/dags/clean_hour_data.py for tasks to queue
[2025-09-15T09:26:36.508+0000] {logging_mixin.py:188} INFO - [2025-09-15T09:26:36.508+0000] {dagbag.py:540} INFO - Filling up the DagBag from /opt/airflow/dags/clean_hour_data.py
[2025-09-15T09:26:36.528+0000] {processor.py:840} INFO - DAG(s) 'clean_hour_data' retrieved from /opt/airflow/dags/clean_hour_data.py
[2025-09-15T09:26:36.555+0000] {logging_mixin.py:188} INFO - [2025-09-15T09:26:36.555+0000] {dag.py:3096} INFO - Sync 1 DAGs
[2025-09-15T09:26:36.569+0000] {logging_mixin.py:188} INFO - [2025-09-15T09:26:36.569+0000] {dag.py:3954} INFO - Setting next_dagrun for clean_hour_data to None, run_after=None
[2025-09-15T09:26:36.595+0000] {processor.py:183} INFO - Processing /opt/airflow/dags/clean_hour_data.py took 0.096 seconds
[2025-09-15T09:27:07.571+0000] {processor.py:161} INFO - Started process (PID=948) to work on /opt/airflow/dags/clean_hour_data.py
[2025-09-15T09:27:07.573+0000] {processor.py:830} INFO - Processing file /opt/airflow/dags/clean_hour_data.py for tasks to queue
[2025-09-15T09:27:07.574+0000] {logging_mixin.py:188} INFO - [2025-09-15T09:27:07.573+0000] {dagbag.py:540} INFO - Filling up the DagBag from /opt/airflow/dags/clean_hour_data.py
[2025-09-15T09:27:07.592+0000] {processor.py:840} INFO - DAG(s) 'clean_hour_data' retrieved from /opt/airflow/dags/clean_hour_data.py
[2025-09-15T09:27:07.619+0000] {logging_mixin.py:188} INFO - [2025-09-15T09:27:07.619+0000] {dag.py:3096} INFO - Sync 1 DAGs
[2025-09-15T09:27:07.634+0000] {logging_mixin.py:188} INFO - [2025-09-15T09:27:07.633+0000] {dag.py:3954} INFO - Setting next_dagrun for clean_hour_data to None, run_after=None
[2025-09-15T09:27:07.654+0000] {processor.py:183} INFO - Processing /opt/airflow/dags/clean_hour_data.py took 0.089 seconds
[2025-09-15T09:27:38.256+0000] {processor.py:161} INFO - Started process (PID=983) to work on /opt/airflow/dags/clean_hour_data.py
[2025-09-15T09:27:38.257+0000] {processor.py:830} INFO - Processing file /opt/airflow/dags/clean_hour_data.py for tasks to queue
[2025-09-15T09:27:38.258+0000] {logging_mixin.py:188} INFO - [2025-09-15T09:27:38.258+0000] {dagbag.py:540} INFO - Filling up the DagBag from /opt/airflow/dags/clean_hour_data.py
[2025-09-15T09:27:38.279+0000] {processor.py:840} INFO - DAG(s) 'clean_hour_data' retrieved from /opt/airflow/dags/clean_hour_data.py
[2025-09-15T09:27:38.306+0000] {logging_mixin.py:188} INFO - [2025-09-15T09:27:38.306+0000] {dag.py:3096} INFO - Sync 1 DAGs
[2025-09-15T09:27:38.320+0000] {logging_mixin.py:188} INFO - [2025-09-15T09:27:38.320+0000] {dag.py:3954} INFO - Setting next_dagrun for clean_hour_data to None, run_after=None
[2025-09-15T09:27:38.342+0000] {processor.py:183} INFO - Processing /opt/airflow/dags/clean_hour_data.py took 0.091 seconds
[2025-09-15T09:28:09.561+0000] {processor.py:161} INFO - Started process (PID=1022) to work on /opt/airflow/dags/clean_hour_data.py
[2025-09-15T09:28:09.564+0000] {processor.py:830} INFO - Processing file /opt/airflow/dags/clean_hour_data.py for tasks to queue
[2025-09-15T09:28:09.567+0000] {logging_mixin.py:188} INFO - [2025-09-15T09:28:09.566+0000] {dagbag.py:540} INFO - Filling up the DagBag from /opt/airflow/dags/clean_hour_data.py
[2025-09-15T09:28:09.601+0000] {processor.py:840} INFO - DAG(s) 'clean_hour_data' retrieved from /opt/airflow/dags/clean_hour_data.py
[2025-09-15T09:28:09.639+0000] {logging_mixin.py:188} INFO - [2025-09-15T09:28:09.639+0000] {dag.py:3096} INFO - Sync 1 DAGs
[2025-09-15T09:28:09.734+0000] {logging_mixin.py:188} INFO - [2025-09-15T09:28:09.734+0000] {dag.py:3954} INFO - Setting next_dagrun for clean_hour_data to None, run_after=None
[2025-09-15T09:28:09.881+0000] {processor.py:183} INFO - Processing /opt/airflow/dags/clean_hour_data.py took 0.330 seconds
[2025-09-15T09:28:40.833+0000] {processor.py:161} INFO - Started process (PID=1057) to work on /opt/airflow/dags/clean_hour_data.py
[2025-09-15T09:28:40.834+0000] {processor.py:830} INFO - Processing file /opt/airflow/dags/clean_hour_data.py for tasks to queue
[2025-09-15T09:28:40.835+0000] {logging_mixin.py:188} INFO - [2025-09-15T09:28:40.835+0000] {dagbag.py:540} INFO - Filling up the DagBag from /opt/airflow/dags/clean_hour_data.py
[2025-09-15T09:28:40.856+0000] {processor.py:840} INFO - DAG(s) 'clean_hour_data' retrieved from /opt/airflow/dags/clean_hour_data.py
[2025-09-15T09:28:40.889+0000] {logging_mixin.py:188} INFO - [2025-09-15T09:28:40.889+0000] {dag.py:3096} INFO - Sync 1 DAGs
[2025-09-15T09:28:40.904+0000] {logging_mixin.py:188} INFO - [2025-09-15T09:28:40.904+0000] {dag.py:3954} INFO - Setting next_dagrun for clean_hour_data to None, run_after=None
[2025-09-15T09:28:40.934+0000] {processor.py:183} INFO - Processing /opt/airflow/dags/clean_hour_data.py took 0.108 seconds
[2025-09-15T09:29:11.466+0000] {processor.py:161} INFO - Started process (PID=1092) to work on /opt/airflow/dags/clean_hour_data.py
[2025-09-15T09:29:11.467+0000] {processor.py:830} INFO - Processing file /opt/airflow/dags/clean_hour_data.py for tasks to queue
[2025-09-15T09:29:11.468+0000] {logging_mixin.py:188} INFO - [2025-09-15T09:29:11.468+0000] {dagbag.py:540} INFO - Filling up the DagBag from /opt/airflow/dags/clean_hour_data.py
[2025-09-15T09:29:11.486+0000] {processor.py:840} INFO - DAG(s) 'clean_hour_data' retrieved from /opt/airflow/dags/clean_hour_data.py
[2025-09-15T09:29:11.524+0000] {logging_mixin.py:188} INFO - [2025-09-15T09:29:11.524+0000] {dag.py:3096} INFO - Sync 1 DAGs
[2025-09-15T09:29:11.537+0000] {logging_mixin.py:188} INFO - [2025-09-15T09:29:11.537+0000] {dag.py:3954} INFO - Setting next_dagrun for clean_hour_data to None, run_after=None
[2025-09-15T09:29:11.564+0000] {processor.py:183} INFO - Processing /opt/airflow/dags/clean_hour_data.py took 0.104 seconds
[2025-09-15T09:29:42.105+0000] {processor.py:161} INFO - Started process (PID=1127) to work on /opt/airflow/dags/clean_hour_data.py
[2025-09-15T09:29:42.108+0000] {processor.py:830} INFO - Processing file /opt/airflow/dags/clean_hour_data.py for tasks to queue
[2025-09-15T09:29:42.111+0000] {logging_mixin.py:188} INFO - [2025-09-15T09:29:42.110+0000] {dagbag.py:540} INFO - Filling up the DagBag from /opt/airflow/dags/clean_hour_data.py
[2025-09-15T09:29:42.150+0000] {processor.py:840} INFO - DAG(s) 'clean_hour_data' retrieved from /opt/airflow/dags/clean_hour_data.py
[2025-09-15T09:29:42.209+0000] {logging_mixin.py:188} INFO - [2025-09-15T09:29:42.209+0000] {dag.py:3096} INFO - Sync 1 DAGs
[2025-09-15T09:29:42.225+0000] {logging_mixin.py:188} INFO - [2025-09-15T09:29:42.225+0000] {dag.py:3954} INFO - Setting next_dagrun for clean_hour_data to None, run_after=None
[2025-09-15T09:29:42.260+0000] {processor.py:183} INFO - Processing /opt/airflow/dags/clean_hour_data.py took 0.165 seconds
[2025-09-15T09:30:12.653+0000] {processor.py:161} INFO - Started process (PID=1166) to work on /opt/airflow/dags/clean_hour_data.py
[2025-09-15T09:30:12.654+0000] {processor.py:830} INFO - Processing file /opt/airflow/dags/clean_hour_data.py for tasks to queue
[2025-09-15T09:30:12.655+0000] {logging_mixin.py:188} INFO - [2025-09-15T09:30:12.655+0000] {dagbag.py:540} INFO - Filling up the DagBag from /opt/airflow/dags/clean_hour_data.py
[2025-09-15T09:30:12.672+0000] {processor.py:840} INFO - DAG(s) 'clean_hour_data' retrieved from /opt/airflow/dags/clean_hour_data.py
[2025-09-15T09:30:12.700+0000] {logging_mixin.py:188} INFO - [2025-09-15T09:30:12.699+0000] {dag.py:3096} INFO - Sync 1 DAGs
[2025-09-15T09:30:12.713+0000] {logging_mixin.py:188} INFO - [2025-09-15T09:30:12.712+0000] {dag.py:3954} INFO - Setting next_dagrun for clean_hour_data to None, run_after=None
[2025-09-15T09:30:12.734+0000] {processor.py:183} INFO - Processing /opt/airflow/dags/clean_hour_data.py took 0.091 seconds
[2025-09-15T09:30:43.665+0000] {processor.py:161} INFO - Started process (PID=1201) to work on /opt/airflow/dags/clean_hour_data.py
[2025-09-15T09:30:43.669+0000] {processor.py:830} INFO - Processing file /opt/airflow/dags/clean_hour_data.py for tasks to queue
[2025-09-15T09:30:43.671+0000] {logging_mixin.py:188} INFO - [2025-09-15T09:30:43.670+0000] {dagbag.py:540} INFO - Filling up the DagBag from /opt/airflow/dags/clean_hour_data.py
[2025-09-15T09:30:43.712+0000] {processor.py:840} INFO - DAG(s) 'clean_hour_data' retrieved from /opt/airflow/dags/clean_hour_data.py
[2025-09-15T09:30:43.763+0000] {logging_mixin.py:188} INFO - [2025-09-15T09:30:43.763+0000] {dag.py:3096} INFO - Sync 1 DAGs
[2025-09-15T09:30:43.783+0000] {logging_mixin.py:188} INFO - [2025-09-15T09:30:43.783+0000] {dag.py:3954} INFO - Setting next_dagrun for clean_hour_data to None, run_after=None
[2025-09-15T09:30:43.839+0000] {processor.py:183} INFO - Processing /opt/airflow/dags/clean_hour_data.py took 0.182 seconds
[2025-09-15T09:31:14.221+0000] {processor.py:161} INFO - Started process (PID=1236) to work on /opt/airflow/dags/clean_hour_data.py
[2025-09-15T09:31:14.222+0000] {processor.py:830} INFO - Processing file /opt/airflow/dags/clean_hour_data.py for tasks to queue
[2025-09-15T09:31:14.224+0000] {logging_mixin.py:188} INFO - [2025-09-15T09:31:14.223+0000] {dagbag.py:540} INFO - Filling up the DagBag from /opt/airflow/dags/clean_hour_data.py
[2025-09-15T09:31:14.254+0000] {processor.py:840} INFO - DAG(s) 'clean_hour_data' retrieved from /opt/airflow/dags/clean_hour_data.py
[2025-09-15T09:31:14.376+0000] {logging_mixin.py:188} INFO - [2025-09-15T09:31:14.375+0000] {dag.py:3096} INFO - Sync 1 DAGs
[2025-09-15T09:31:14.516+0000] {logging_mixin.py:188} INFO - [2025-09-15T09:31:14.515+0000] {dag.py:3954} INFO - Setting next_dagrun for clean_hour_data to None, run_after=None
[2025-09-15T09:31:14.696+0000] {processor.py:183} INFO - Processing /opt/airflow/dags/clean_hour_data.py took 0.483 seconds
[2025-09-15T09:31:44.946+0000] {processor.py:161} INFO - Started process (PID=1271) to work on /opt/airflow/dags/clean_hour_data.py
[2025-09-15T09:31:44.947+0000] {processor.py:830} INFO - Processing file /opt/airflow/dags/clean_hour_data.py for tasks to queue
[2025-09-15T09:31:44.948+0000] {logging_mixin.py:188} INFO - [2025-09-15T09:31:44.948+0000] {dagbag.py:540} INFO - Filling up the DagBag from /opt/airflow/dags/clean_hour_data.py
[2025-09-15T09:31:44.965+0000] {processor.py:840} INFO - DAG(s) 'clean_hour_data' retrieved from /opt/airflow/dags/clean_hour_data.py
[2025-09-15T09:31:44.995+0000] {logging_mixin.py:188} INFO - [2025-09-15T09:31:44.995+0000] {dag.py:3096} INFO - Sync 1 DAGs
[2025-09-15T09:31:45.009+0000] {logging_mixin.py:188} INFO - [2025-09-15T09:31:45.009+0000] {dag.py:3954} INFO - Setting next_dagrun for clean_hour_data to None, run_after=None
[2025-09-15T09:31:45.047+0000] {processor.py:183} INFO - Processing /opt/airflow/dags/clean_hour_data.py took 0.106 seconds
[2025-09-15T09:32:15.666+0000] {processor.py:161} INFO - Started process (PID=1306) to work on /opt/airflow/dags/clean_hour_data.py
[2025-09-15T09:32:15.667+0000] {processor.py:830} INFO - Processing file /opt/airflow/dags/clean_hour_data.py for tasks to queue
[2025-09-15T09:32:15.669+0000] {logging_mixin.py:188} INFO - [2025-09-15T09:32:15.668+0000] {dagbag.py:540} INFO - Filling up the DagBag from /opt/airflow/dags/clean_hour_data.py
[2025-09-15T09:32:15.689+0000] {processor.py:840} INFO - DAG(s) 'clean_hour_data' retrieved from /opt/airflow/dags/clean_hour_data.py
[2025-09-15T09:32:15.719+0000] {logging_mixin.py:188} INFO - [2025-09-15T09:32:15.719+0000] {dag.py:3096} INFO - Sync 1 DAGs
[2025-09-15T09:32:15.732+0000] {logging_mixin.py:188} INFO - [2025-09-15T09:32:15.731+0000] {dag.py:3954} INFO - Setting next_dagrun for clean_hour_data to None, run_after=None
[2025-09-15T09:32:15.755+0000] {processor.py:183} INFO - Processing /opt/airflow/dags/clean_hour_data.py took 0.094 seconds
[2025-09-15T09:32:46.615+0000] {processor.py:161} INFO - Started process (PID=1341) to work on /opt/airflow/dags/clean_hour_data.py
[2025-09-15T09:32:46.616+0000] {processor.py:830} INFO - Processing file /opt/airflow/dags/clean_hour_data.py for tasks to queue
[2025-09-15T09:32:46.617+0000] {logging_mixin.py:188} INFO - [2025-09-15T09:32:46.617+0000] {dagbag.py:540} INFO - Filling up the DagBag from /opt/airflow/dags/clean_hour_data.py
[2025-09-15T09:32:46.637+0000] {processor.py:840} INFO - DAG(s) 'clean_hour_data' retrieved from /opt/airflow/dags/clean_hour_data.py
[2025-09-15T09:32:46.669+0000] {logging_mixin.py:188} INFO - [2025-09-15T09:32:46.669+0000] {dag.py:3096} INFO - Sync 1 DAGs
[2025-09-15T09:32:46.683+0000] {logging_mixin.py:188} INFO - [2025-09-15T09:32:46.682+0000] {dag.py:3954} INFO - Setting next_dagrun for clean_hour_data to None, run_after=None
[2025-09-15T09:32:46.707+0000] {processor.py:183} INFO - Processing /opt/airflow/dags/clean_hour_data.py took 0.099 seconds
[2025-09-15T09:33:17.238+0000] {processor.py:161} INFO - Started process (PID=1380) to work on /opt/airflow/dags/clean_hour_data.py
[2025-09-15T09:33:17.239+0000] {processor.py:830} INFO - Processing file /opt/airflow/dags/clean_hour_data.py for tasks to queue
[2025-09-15T09:33:17.240+0000] {logging_mixin.py:188} INFO - [2025-09-15T09:33:17.240+0000] {dagbag.py:540} INFO - Filling up the DagBag from /opt/airflow/dags/clean_hour_data.py
[2025-09-15T09:33:17.258+0000] {processor.py:840} INFO - DAG(s) 'clean_hour_data' retrieved from /opt/airflow/dags/clean_hour_data.py
[2025-09-15T09:33:17.285+0000] {logging_mixin.py:188} INFO - [2025-09-15T09:33:17.284+0000] {dag.py:3096} INFO - Sync 1 DAGs
[2025-09-15T09:33:17.298+0000] {logging_mixin.py:188} INFO - [2025-09-15T09:33:17.298+0000] {dag.py:3954} INFO - Setting next_dagrun for clean_hour_data to None, run_after=None
[2025-09-15T09:33:17.322+0000] {processor.py:183} INFO - Processing /opt/airflow/dags/clean_hour_data.py took 0.091 seconds
[2025-09-15T09:33:47.756+0000] {processor.py:161} INFO - Started process (PID=1415) to work on /opt/airflow/dags/clean_hour_data.py
[2025-09-15T09:33:47.757+0000] {processor.py:830} INFO - Processing file /opt/airflow/dags/clean_hour_data.py for tasks to queue
[2025-09-15T09:33:47.758+0000] {logging_mixin.py:188} INFO - [2025-09-15T09:33:47.758+0000] {dagbag.py:540} INFO - Filling up the DagBag from /opt/airflow/dags/clean_hour_data.py
[2025-09-15T09:33:47.775+0000] {processor.py:840} INFO - DAG(s) 'clean_hour_data' retrieved from /opt/airflow/dags/clean_hour_data.py
[2025-09-15T09:33:47.801+0000] {logging_mixin.py:188} INFO - [2025-09-15T09:33:47.801+0000] {dag.py:3096} INFO - Sync 1 DAGs
[2025-09-15T09:33:47.813+0000] {logging_mixin.py:188} INFO - [2025-09-15T09:33:47.813+0000] {dag.py:3954} INFO - Setting next_dagrun for clean_hour_data to None, run_after=None
[2025-09-15T09:33:47.833+0000] {processor.py:183} INFO - Processing /opt/airflow/dags/clean_hour_data.py took 0.082 seconds
[2025-09-15T09:34:18.281+0000] {processor.py:161} INFO - Started process (PID=1450) to work on /opt/airflow/dags/clean_hour_data.py
[2025-09-15T09:34:18.282+0000] {processor.py:830} INFO - Processing file /opt/airflow/dags/clean_hour_data.py for tasks to queue
[2025-09-15T09:34:18.283+0000] {logging_mixin.py:188} INFO - [2025-09-15T09:34:18.282+0000] {dagbag.py:540} INFO - Filling up the DagBag from /opt/airflow/dags/clean_hour_data.py
[2025-09-15T09:34:18.304+0000] {processor.py:840} INFO - DAG(s) 'clean_hour_data' retrieved from /opt/airflow/dags/clean_hour_data.py
[2025-09-15T09:34:18.339+0000] {logging_mixin.py:188} INFO - [2025-09-15T09:34:18.339+0000] {dag.py:3096} INFO - Sync 1 DAGs
[2025-09-15T09:34:18.354+0000] {logging_mixin.py:188} INFO - [2025-09-15T09:34:18.354+0000] {dag.py:3954} INFO - Setting next_dagrun for clean_hour_data to None, run_after=None
[2025-09-15T09:34:18.406+0000] {processor.py:183} INFO - Processing /opt/airflow/dags/clean_hour_data.py took 0.131 seconds
[2025-09-15T09:34:49.026+0000] {processor.py:161} INFO - Started process (PID=1485) to work on /opt/airflow/dags/clean_hour_data.py
[2025-09-15T09:34:49.027+0000] {processor.py:830} INFO - Processing file /opt/airflow/dags/clean_hour_data.py for tasks to queue
[2025-09-15T09:34:49.028+0000] {logging_mixin.py:188} INFO - [2025-09-15T09:34:49.028+0000] {dagbag.py:540} INFO - Filling up the DagBag from /opt/airflow/dags/clean_hour_data.py
[2025-09-15T09:34:49.045+0000] {processor.py:840} INFO - DAG(s) 'clean_hour_data' retrieved from /opt/airflow/dags/clean_hour_data.py
[2025-09-15T09:34:49.072+0000] {logging_mixin.py:188} INFO - [2025-09-15T09:34:49.071+0000] {dag.py:3096} INFO - Sync 1 DAGs
[2025-09-15T09:34:49.084+0000] {logging_mixin.py:188} INFO - [2025-09-15T09:34:49.084+0000] {dag.py:3954} INFO - Setting next_dagrun for clean_hour_data to None, run_after=None
[2025-09-15T09:34:49.108+0000] {processor.py:183} INFO - Processing /opt/airflow/dags/clean_hour_data.py took 0.087 seconds
[2025-09-15T09:35:19.631+0000] {processor.py:161} INFO - Started process (PID=1520) to work on /opt/airflow/dags/clean_hour_data.py
[2025-09-15T09:35:19.632+0000] {processor.py:830} INFO - Processing file /opt/airflow/dags/clean_hour_data.py for tasks to queue
[2025-09-15T09:35:19.633+0000] {logging_mixin.py:188} INFO - [2025-09-15T09:35:19.633+0000] {dagbag.py:540} INFO - Filling up the DagBag from /opt/airflow/dags/clean_hour_data.py
[2025-09-15T09:35:19.655+0000] {processor.py:840} INFO - DAG(s) 'clean_hour_data' retrieved from /opt/airflow/dags/clean_hour_data.py
[2025-09-15T09:35:19.691+0000] {logging_mixin.py:188} INFO - [2025-09-15T09:35:19.690+0000] {dag.py:3096} INFO - Sync 1 DAGs
[2025-09-15T09:35:19.709+0000] {logging_mixin.py:188} INFO - [2025-09-15T09:35:19.708+0000] {dag.py:3954} INFO - Setting next_dagrun for clean_hour_data to None, run_after=None
[2025-09-15T09:35:19.734+0000] {processor.py:183} INFO - Processing /opt/airflow/dags/clean_hour_data.py took 0.110 seconds
[2025-09-15T09:35:50.264+0000] {processor.py:161} INFO - Started process (PID=1555) to work on /opt/airflow/dags/clean_hour_data.py
[2025-09-15T09:35:50.265+0000] {processor.py:830} INFO - Processing file /opt/airflow/dags/clean_hour_data.py for tasks to queue
[2025-09-15T09:35:50.266+0000] {logging_mixin.py:188} INFO - [2025-09-15T09:35:50.266+0000] {dagbag.py:540} INFO - Filling up the DagBag from /opt/airflow/dags/clean_hour_data.py
[2025-09-15T09:35:50.288+0000] {processor.py:840} INFO - DAG(s) 'clean_hour_data' retrieved from /opt/airflow/dags/clean_hour_data.py
[2025-09-15T09:35:50.321+0000] {logging_mixin.py:188} INFO - [2025-09-15T09:35:50.320+0000] {dag.py:3096} INFO - Sync 1 DAGs
[2025-09-15T09:35:50.337+0000] {logging_mixin.py:188} INFO - [2025-09-15T09:35:50.337+0000] {dag.py:3954} INFO - Setting next_dagrun for clean_hour_data to None, run_after=None
[2025-09-15T09:35:50.365+0000] {processor.py:183} INFO - Processing /opt/airflow/dags/clean_hour_data.py took 0.109 seconds
[2025-09-15T09:36:21.069+0000] {processor.py:161} INFO - Started process (PID=1590) to work on /opt/airflow/dags/clean_hour_data.py
[2025-09-15T09:36:21.070+0000] {processor.py:830} INFO - Processing file /opt/airflow/dags/clean_hour_data.py for tasks to queue
[2025-09-15T09:36:21.071+0000] {logging_mixin.py:188} INFO - [2025-09-15T09:36:21.071+0000] {dagbag.py:540} INFO - Filling up the DagBag from /opt/airflow/dags/clean_hour_data.py
[2025-09-15T09:36:21.090+0000] {processor.py:840} INFO - DAG(s) 'clean_hour_data' retrieved from /opt/airflow/dags/clean_hour_data.py
[2025-09-15T09:36:21.116+0000] {logging_mixin.py:188} INFO - [2025-09-15T09:36:21.116+0000] {dag.py:3096} INFO - Sync 1 DAGs
[2025-09-15T09:36:21.128+0000] {logging_mixin.py:188} INFO - [2025-09-15T09:36:21.128+0000] {dag.py:3954} INFO - Setting next_dagrun for clean_hour_data to None, run_after=None
[2025-09-15T09:36:21.149+0000] {processor.py:183} INFO - Processing /opt/airflow/dags/clean_hour_data.py took 0.086 seconds
[2025-09-15T09:36:51.570+0000] {processor.py:161} INFO - Started process (PID=1625) to work on /opt/airflow/dags/clean_hour_data.py
[2025-09-15T09:36:51.571+0000] {processor.py:830} INFO - Processing file /opt/airflow/dags/clean_hour_data.py for tasks to queue
[2025-09-15T09:36:51.572+0000] {logging_mixin.py:188} INFO - [2025-09-15T09:36:51.571+0000] {dagbag.py:540} INFO - Filling up the DagBag from /opt/airflow/dags/clean_hour_data.py
[2025-09-15T09:36:51.593+0000] {processor.py:840} INFO - DAG(s) 'clean_hour_data' retrieved from /opt/airflow/dags/clean_hour_data.py
[2025-09-15T09:36:51.632+0000] {logging_mixin.py:188} INFO - [2025-09-15T09:36:51.632+0000] {dag.py:3096} INFO - Sync 1 DAGs
[2025-09-15T09:36:51.656+0000] {logging_mixin.py:188} INFO - [2025-09-15T09:36:51.655+0000] {dag.py:3954} INFO - Setting next_dagrun for clean_hour_data to None, run_after=None
[2025-09-15T09:36:51.715+0000] {processor.py:183} INFO - Processing /opt/airflow/dags/clean_hour_data.py took 0.152 seconds
[2025-09-15T09:37:22.365+0000] {processor.py:161} INFO - Started process (PID=1660) to work on /opt/airflow/dags/clean_hour_data.py
[2025-09-15T09:37:22.365+0000] {processor.py:830} INFO - Processing file /opt/airflow/dags/clean_hour_data.py for tasks to queue
[2025-09-15T09:37:22.366+0000] {logging_mixin.py:188} INFO - [2025-09-15T09:37:22.366+0000] {dagbag.py:540} INFO - Filling up the DagBag from /opt/airflow/dags/clean_hour_data.py
[2025-09-15T09:37:22.382+0000] {processor.py:840} INFO - DAG(s) 'clean_hour_data' retrieved from /opt/airflow/dags/clean_hour_data.py
[2025-09-15T09:37:22.407+0000] {logging_mixin.py:188} INFO - [2025-09-15T09:37:22.406+0000] {dag.py:3096} INFO - Sync 1 DAGs
[2025-09-15T09:37:22.419+0000] {logging_mixin.py:188} INFO - [2025-09-15T09:37:22.419+0000] {dag.py:3954} INFO - Setting next_dagrun for clean_hour_data to None, run_after=None
[2025-09-15T09:37:22.439+0000] {processor.py:183} INFO - Processing /opt/airflow/dags/clean_hour_data.py took 0.080 seconds
[2025-09-15T09:37:52.961+0000] {processor.py:161} INFO - Started process (PID=1695) to work on /opt/airflow/dags/clean_hour_data.py
[2025-09-15T09:37:52.962+0000] {processor.py:830} INFO - Processing file /opt/airflow/dags/clean_hour_data.py for tasks to queue
[2025-09-15T09:37:52.963+0000] {logging_mixin.py:188} INFO - [2025-09-15T09:37:52.963+0000] {dagbag.py:540} INFO - Filling up the DagBag from /opt/airflow/dags/clean_hour_data.py
[2025-09-15T09:37:52.979+0000] {processor.py:840} INFO - DAG(s) 'clean_hour_data' retrieved from /opt/airflow/dags/clean_hour_data.py
[2025-09-15T09:37:53.006+0000] {logging_mixin.py:188} INFO - [2025-09-15T09:37:53.005+0000] {dag.py:3096} INFO - Sync 1 DAGs
[2025-09-15T09:37:53.021+0000] {logging_mixin.py:188} INFO - [2025-09-15T09:37:53.020+0000] {dag.py:3954} INFO - Setting next_dagrun for clean_hour_data to None, run_after=None
[2025-09-15T09:37:53.040+0000] {processor.py:183} INFO - Processing /opt/airflow/dags/clean_hour_data.py took 0.084 seconds
[2025-09-15T09:38:23.986+0000] {processor.py:161} INFO - Started process (PID=1730) to work on /opt/airflow/dags/clean_hour_data.py
[2025-09-15T09:38:23.988+0000] {processor.py:830} INFO - Processing file /opt/airflow/dags/clean_hour_data.py for tasks to queue
[2025-09-15T09:38:23.990+0000] {logging_mixin.py:188} INFO - [2025-09-15T09:38:23.989+0000] {dagbag.py:540} INFO - Filling up the DagBag from /opt/airflow/dags/clean_hour_data.py
[2025-09-15T09:38:24.018+0000] {processor.py:840} INFO - DAG(s) 'clean_hour_data' retrieved from /opt/airflow/dags/clean_hour_data.py
[2025-09-15T09:38:24.058+0000] {logging_mixin.py:188} INFO - [2025-09-15T09:38:24.058+0000] {dag.py:3096} INFO - Sync 1 DAGs
[2025-09-15T09:38:24.074+0000] {logging_mixin.py:188} INFO - [2025-09-15T09:38:24.073+0000] {dag.py:3954} INFO - Setting next_dagrun for clean_hour_data to None, run_after=None
[2025-09-15T09:38:24.101+0000] {processor.py:183} INFO - Processing /opt/airflow/dags/clean_hour_data.py took 0.125 seconds
[2025-09-15T09:38:55.647+0000] {processor.py:161} INFO - Started process (PID=1765) to work on /opt/airflow/dags/clean_hour_data.py
[2025-09-15T09:38:55.649+0000] {processor.py:830} INFO - Processing file /opt/airflow/dags/clean_hour_data.py for tasks to queue
[2025-09-15T09:38:55.651+0000] {logging_mixin.py:188} INFO - [2025-09-15T09:38:55.650+0000] {dagbag.py:540} INFO - Filling up the DagBag from /opt/airflow/dags/clean_hour_data.py
[2025-09-15T09:38:55.112+0000] {processor.py:840} INFO - DAG(s) 'clean_hour_data' retrieved from /opt/airflow/dags/clean_hour_data.py
[2025-09-15T09:38:55.150+0000] {logging_mixin.py:188} INFO - [2025-09-15T09:38:55.150+0000] {dag.py:3096} INFO - Sync 1 DAGs
[2025-09-15T09:38:55.163+0000] {logging_mixin.py:188} INFO - [2025-09-15T09:38:55.163+0000] {dag.py:3954} INFO - Setting next_dagrun for clean_hour_data to None, run_after=None
[2025-09-15T09:38:55.186+0000] {processor.py:183} INFO - Processing /opt/airflow/dags/clean_hour_data.py took 0.117 seconds
[2025-09-15T09:39:25.893+0000] {processor.py:161} INFO - Started process (PID=1802) to work on /opt/airflow/dags/clean_hour_data.py
[2025-09-15T09:39:25.896+0000] {processor.py:830} INFO - Processing file /opt/airflow/dags/clean_hour_data.py for tasks to queue
[2025-09-15T09:39:25.897+0000] {logging_mixin.py:188} INFO - [2025-09-15T09:39:25.896+0000] {dagbag.py:540} INFO - Filling up the DagBag from /opt/airflow/dags/clean_hour_data.py
[2025-09-15T09:39:25.915+0000] {processor.py:840} INFO - DAG(s) 'clean_hour_data' retrieved from /opt/airflow/dags/clean_hour_data.py
[2025-09-15T09:39:25.949+0000] {logging_mixin.py:188} INFO - [2025-09-15T09:39:25.949+0000] {dag.py:3096} INFO - Sync 1 DAGs
[2025-09-15T09:39:25.964+0000] {logging_mixin.py:188} INFO - [2025-09-15T09:39:25.964+0000] {dag.py:3954} INFO - Setting next_dagrun for clean_hour_data to None, run_after=None
[2025-09-15T09:39:25.988+0000] {processor.py:183} INFO - Processing /opt/airflow/dags/clean_hour_data.py took 0.100 seconds
[2025-09-15T09:39:56.426+0000] {processor.py:161} INFO - Started process (PID=1837) to work on /opt/airflow/dags/clean_hour_data.py
[2025-09-15T09:39:56.427+0000] {processor.py:830} INFO - Processing file /opt/airflow/dags/clean_hour_data.py for tasks to queue
[2025-09-15T09:39:56.428+0000] {logging_mixin.py:188} INFO - [2025-09-15T09:39:56.428+0000] {dagbag.py:540} INFO - Filling up the DagBag from /opt/airflow/dags/clean_hour_data.py
[2025-09-15T09:39:56.453+0000] {processor.py:840} INFO - DAG(s) 'clean_hour_data' retrieved from /opt/airflow/dags/clean_hour_data.py
[2025-09-15T09:39:56.486+0000] {logging_mixin.py:188} INFO - [2025-09-15T09:39:56.486+0000] {dag.py:3096} INFO - Sync 1 DAGs
[2025-09-15T09:39:56.499+0000] {logging_mixin.py:188} INFO - [2025-09-15T09:39:56.499+0000] {dag.py:3954} INFO - Setting next_dagrun for clean_hour_data to None, run_after=None
[2025-09-15T09:39:56.517+0000] {processor.py:183} INFO - Processing /opt/airflow/dags/clean_hour_data.py took 0.097 seconds
[2025-09-15T09:40:27.162+0000] {processor.py:161} INFO - Started process (PID=1872) to work on /opt/airflow/dags/clean_hour_data.py
[2025-09-15T09:40:27.163+0000] {processor.py:830} INFO - Processing file /opt/airflow/dags/clean_hour_data.py for tasks to queue
[2025-09-15T09:40:27.164+0000] {logging_mixin.py:188} INFO - [2025-09-15T09:40:27.163+0000] {dagbag.py:540} INFO - Filling up the DagBag from /opt/airflow/dags/clean_hour_data.py
[2025-09-15T09:40:27.183+0000] {processor.py:840} INFO - DAG(s) 'clean_hour_data' retrieved from /opt/airflow/dags/clean_hour_data.py
[2025-09-15T09:40:27.212+0000] {logging_mixin.py:188} INFO - [2025-09-15T09:40:27.211+0000] {dag.py:3096} INFO - Sync 1 DAGs
[2025-09-15T09:40:27.225+0000] {logging_mixin.py:188} INFO - [2025-09-15T09:40:27.225+0000] {dag.py:3954} INFO - Setting next_dagrun for clean_hour_data to None, run_after=None
[2025-09-15T09:40:27.242+0000] {processor.py:183} INFO - Processing /opt/airflow/dags/clean_hour_data.py took 0.087 seconds
[2025-09-15T09:40:57.798+0000] {processor.py:161} INFO - Started process (PID=1907) to work on /opt/airflow/dags/clean_hour_data.py
[2025-09-15T09:40:57.799+0000] {processor.py:830} INFO - Processing file /opt/airflow/dags/clean_hour_data.py for tasks to queue
[2025-09-15T09:40:57.800+0000] {logging_mixin.py:188} INFO - [2025-09-15T09:40:57.799+0000] {dagbag.py:540} INFO - Filling up the DagBag from /opt/airflow/dags/clean_hour_data.py
[2025-09-15T09:40:57.816+0000] {processor.py:840} INFO - DAG(s) 'clean_hour_data' retrieved from /opt/airflow/dags/clean_hour_data.py
[2025-09-15T09:40:57.851+0000] {logging_mixin.py:188} INFO - [2025-09-15T09:40:57.850+0000] {dag.py:3096} INFO - Sync 1 DAGs
[2025-09-15T09:40:57.865+0000] {logging_mixin.py:188} INFO - [2025-09-15T09:40:57.865+0000] {dag.py:3954} INFO - Setting next_dagrun for clean_hour_data to None, run_after=None
[2025-09-15T09:40:57.893+0000] {processor.py:183} INFO - Processing /opt/airflow/dags/clean_hour_data.py took 0.101 seconds
[2025-09-15T09:41:28.322+0000] {processor.py:161} INFO - Started process (PID=1942) to work on /opt/airflow/dags/clean_hour_data.py
[2025-09-15T09:41:28.323+0000] {processor.py:830} INFO - Processing file /opt/airflow/dags/clean_hour_data.py for tasks to queue
[2025-09-15T09:41:28.324+0000] {logging_mixin.py:188} INFO - [2025-09-15T09:41:28.324+0000] {dagbag.py:540} INFO - Filling up the DagBag from /opt/airflow/dags/clean_hour_data.py
[2025-09-15T09:41:28.343+0000] {processor.py:840} INFO - DAG(s) 'clean_hour_data' retrieved from /opt/airflow/dags/clean_hour_data.py
[2025-09-15T09:41:28.372+0000] {logging_mixin.py:188} INFO - [2025-09-15T09:41:28.372+0000] {dag.py:3096} INFO - Sync 1 DAGs
[2025-09-15T09:41:28.385+0000] {logging_mixin.py:188} INFO - [2025-09-15T09:41:28.384+0000] {dag.py:3954} INFO - Setting next_dagrun for clean_hour_data to None, run_after=None
[2025-09-15T09:41:28.404+0000] {processor.py:183} INFO - Processing /opt/airflow/dags/clean_hour_data.py took 0.088 seconds
[2025-09-15T09:41:59.196+0000] {processor.py:161} INFO - Started process (PID=1977) to work on /opt/airflow/dags/clean_hour_data.py
[2025-09-15T09:41:59.198+0000] {processor.py:830} INFO - Processing file /opt/airflow/dags/clean_hour_data.py for tasks to queue
[2025-09-15T09:41:59.198+0000] {logging_mixin.py:188} INFO - [2025-09-15T09:41:59.198+0000] {dagbag.py:540} INFO - Filling up the DagBag from /opt/airflow/dags/clean_hour_data.py
[2025-09-15T09:41:59.216+0000] {processor.py:840} INFO - DAG(s) 'clean_hour_data' retrieved from /opt/airflow/dags/clean_hour_data.py
[2025-09-15T09:41:59.244+0000] {logging_mixin.py:188} INFO - [2025-09-15T09:41:59.244+0000] {dag.py:3096} INFO - Sync 1 DAGs
[2025-09-15T09:41:59.256+0000] {logging_mixin.py:188} INFO - [2025-09-15T09:41:59.256+0000] {dag.py:3954} INFO - Setting next_dagrun for clean_hour_data to None, run_after=None
[2025-09-15T09:41:59.275+0000] {processor.py:183} INFO - Processing /opt/airflow/dags/clean_hour_data.py took 0.085 seconds
[2025-09-15T09:42:29.683+0000] {processor.py:161} INFO - Started process (PID=2012) to work on /opt/airflow/dags/clean_hour_data.py
[2025-09-15T09:42:29.685+0000] {processor.py:830} INFO - Processing file /opt/airflow/dags/clean_hour_data.py for tasks to queue
[2025-09-15T09:42:29.686+0000] {logging_mixin.py:188} INFO - [2025-09-15T09:42:29.685+0000] {dagbag.py:540} INFO - Filling up the DagBag from /opt/airflow/dags/clean_hour_data.py
[2025-09-15T09:42:29.705+0000] {processor.py:840} INFO - DAG(s) 'clean_hour_data' retrieved from /opt/airflow/dags/clean_hour_data.py
[2025-09-15T09:42:29.740+0000] {logging_mixin.py:188} INFO - [2025-09-15T09:42:29.739+0000] {dag.py:3096} INFO - Sync 1 DAGs
[2025-09-15T09:42:29.756+0000] {logging_mixin.py:188} INFO - [2025-09-15T09:42:29.755+0000] {dag.py:3954} INFO - Setting next_dagrun for clean_hour_data to None, run_after=None
[2025-09-15T09:42:29.775+0000] {processor.py:183} INFO - Processing /opt/airflow/dags/clean_hour_data.py took 0.098 seconds
[2025-09-15T09:42:59.968+0000] {processor.py:161} INFO - Started process (PID=2047) to work on /opt/airflow/dags/clean_hour_data.py
[2025-09-15T09:42:59.970+0000] {processor.py:830} INFO - Processing file /opt/airflow/dags/clean_hour_data.py for tasks to queue
[2025-09-15T09:42:59.971+0000] {logging_mixin.py:188} INFO - [2025-09-15T09:42:59.971+0000] {dagbag.py:540} INFO - Filling up the DagBag from /opt/airflow/dags/clean_hour_data.py
[2025-09-15T09:42:58.612+0000] {processor.py:840} INFO - DAG(s) 'clean_hour_data' retrieved from /opt/airflow/dags/clean_hour_data.py
[2025-09-15T09:42:58.642+0000] {logging_mixin.py:188} INFO - [2025-09-15T09:42:58.642+0000] {dag.py:3096} INFO - Sync 1 DAGs
[2025-09-15T09:42:58.655+0000] {logging_mixin.py:188} INFO - [2025-09-15T09:42:58.654+0000] {dag.py:3954} INFO - Setting next_dagrun for clean_hour_data to None, run_after=None
[2025-09-15T09:42:58.674+0000] {processor.py:183} INFO - Processing /opt/airflow/dags/clean_hour_data.py took 0.096 seconds
[2025-09-15T09:43:28.757+0000] {processor.py:161} INFO - Started process (PID=2072) to work on /opt/airflow/dags/clean_hour_data.py
[2025-09-15T09:43:28.758+0000] {processor.py:830} INFO - Processing file /opt/airflow/dags/clean_hour_data.py for tasks to queue
[2025-09-15T09:43:28.759+0000] {logging_mixin.py:188} INFO - [2025-09-15T09:43:28.759+0000] {dagbag.py:540} INFO - Filling up the DagBag from /opt/airflow/dags/clean_hour_data.py
[2025-09-15T09:43:28.781+0000] {processor.py:840} INFO - DAG(s) 'clean_hour_data' retrieved from /opt/airflow/dags/clean_hour_data.py
[2025-09-15T09:43:28.810+0000] {logging_mixin.py:188} INFO - [2025-09-15T09:43:28.810+0000] {dag.py:3096} INFO - Sync 1 DAGs
[2025-09-15T09:43:28.823+0000] {logging_mixin.py:188} INFO - [2025-09-15T09:43:28.823+0000] {dag.py:3954} INFO - Setting next_dagrun for clean_hour_data to None, run_after=None
[2025-09-15T09:43:28.843+0000] {processor.py:183} INFO - Processing /opt/airflow/dags/clean_hour_data.py took 0.091 seconds
[2025-09-15T09:43:59.371+0000] {processor.py:161} INFO - Started process (PID=2109) to work on /opt/airflow/dags/clean_hour_data.py
[2025-09-15T09:43:59.373+0000] {processor.py:830} INFO - Processing file /opt/airflow/dags/clean_hour_data.py for tasks to queue
[2025-09-15T09:43:59.375+0000] {logging_mixin.py:188} INFO - [2025-09-15T09:43:59.375+0000] {dagbag.py:540} INFO - Filling up the DagBag from /opt/airflow/dags/clean_hour_data.py
[2025-09-15T09:43:59.409+0000] {processor.py:840} INFO - DAG(s) 'clean_hour_data' retrieved from /opt/airflow/dags/clean_hour_data.py
[2025-09-15T09:43:59.459+0000] {logging_mixin.py:188} INFO - [2025-09-15T09:43:59.458+0000] {dag.py:3096} INFO - Sync 1 DAGs
[2025-09-15T09:43:59.483+0000] {logging_mixin.py:188} INFO - [2025-09-15T09:43:59.483+0000] {dag.py:3954} INFO - Setting next_dagrun for clean_hour_data to None, run_after=None
[2025-09-15T09:43:59.515+0000] {processor.py:183} INFO - Processing /opt/airflow/dags/clean_hour_data.py took 0.155 seconds
[2025-09-15T09:44:29.864+0000] {processor.py:161} INFO - Started process (PID=2146) to work on /opt/airflow/dags/clean_hour_data.py
[2025-09-15T09:44:29.866+0000] {processor.py:830} INFO - Processing file /opt/airflow/dags/clean_hour_data.py for tasks to queue
[2025-09-15T09:44:29.867+0000] {logging_mixin.py:188} INFO - [2025-09-15T09:44:29.867+0000] {dagbag.py:540} INFO - Filling up the DagBag from /opt/airflow/dags/clean_hour_data.py
[2025-09-15T09:44:29.893+0000] {processor.py:840} INFO - DAG(s) 'clean_hour_data' retrieved from /opt/airflow/dags/clean_hour_data.py
[2025-09-15T09:44:29.950+0000] {logging_mixin.py:188} INFO - [2025-09-15T09:44:29.949+0000] {dag.py:3096} INFO - Sync 1 DAGs
[2025-09-15T09:44:29.974+0000] {logging_mixin.py:188} INFO - [2025-09-15T09:44:29.974+0000] {dag.py:3954} INFO - Setting next_dagrun for clean_hour_data to None, run_after=None
[2025-09-15T09:44:30.010+0000] {processor.py:183} INFO - Processing /opt/airflow/dags/clean_hour_data.py took 0.156 seconds
[2025-09-15T09:45:00.450+0000] {processor.py:161} INFO - Started process (PID=2181) to work on /opt/airflow/dags/clean_hour_data.py
[2025-09-15T09:45:00.452+0000] {processor.py:830} INFO - Processing file /opt/airflow/dags/clean_hour_data.py for tasks to queue
[2025-09-15T09:45:00.453+0000] {logging_mixin.py:188} INFO - [2025-09-15T09:45:00.452+0000] {dagbag.py:540} INFO - Filling up the DagBag from /opt/airflow/dags/clean_hour_data.py
[2025-09-15T09:45:00.471+0000] {processor.py:840} INFO - DAG(s) 'clean_hour_data' retrieved from /opt/airflow/dags/clean_hour_data.py
[2025-09-15T09:45:00.501+0000] {logging_mixin.py:188} INFO - [2025-09-15T09:45:00.501+0000] {dag.py:3096} INFO - Sync 1 DAGs
[2025-09-15T09:45:00.524+0000] {logging_mixin.py:188} INFO - [2025-09-15T09:45:00.524+0000] {dag.py:3954} INFO - Setting next_dagrun for clean_hour_data to None, run_after=None
[2025-09-15T09:45:00.548+0000] {processor.py:183} INFO - Processing /opt/airflow/dags/clean_hour_data.py took 0.103 seconds
[2025-09-15T09:45:30.864+0000] {processor.py:161} INFO - Started process (PID=2216) to work on /opt/airflow/dags/clean_hour_data.py
[2025-09-15T09:45:30.865+0000] {processor.py:830} INFO - Processing file /opt/airflow/dags/clean_hour_data.py for tasks to queue
[2025-09-15T09:45:30.866+0000] {logging_mixin.py:188} INFO - [2025-09-15T09:45:30.865+0000] {dagbag.py:540} INFO - Filling up the DagBag from /opt/airflow/dags/clean_hour_data.py
[2025-09-15T09:45:30.888+0000] {processor.py:840} INFO - DAG(s) 'clean_hour_data' retrieved from /opt/airflow/dags/clean_hour_data.py
[2025-09-15T09:45:30.918+0000] {logging_mixin.py:188} INFO - [2025-09-15T09:45:30.917+0000] {dag.py:3096} INFO - Sync 1 DAGs
[2025-09-15T09:45:30.931+0000] {logging_mixin.py:188} INFO - [2025-09-15T09:45:30.931+0000] {dag.py:3954} INFO - Setting next_dagrun for clean_hour_data to None, run_after=None
[2025-09-15T09:45:30.953+0000] {processor.py:183} INFO - Processing /opt/airflow/dags/clean_hour_data.py took 0.097 seconds
[2025-09-15T09:46:01.482+0000] {processor.py:161} INFO - Started process (PID=2253) to work on /opt/airflow/dags/clean_hour_data.py
[2025-09-15T09:46:01.484+0000] {processor.py:830} INFO - Processing file /opt/airflow/dags/clean_hour_data.py for tasks to queue
[2025-09-15T09:46:01.485+0000] {logging_mixin.py:188} INFO - [2025-09-15T09:46:01.485+0000] {dagbag.py:540} INFO - Filling up the DagBag from /opt/airflow/dags/clean_hour_data.py
[2025-09-15T09:46:01.513+0000] {processor.py:840} INFO - DAG(s) 'clean_hour_data' retrieved from /opt/airflow/dags/clean_hour_data.py
[2025-09-15T09:46:01.550+0000] {logging_mixin.py:188} INFO - [2025-09-15T09:46:01.549+0000] {dag.py:3096} INFO - Sync 1 DAGs
[2025-09-15T09:46:01.566+0000] {logging_mixin.py:188} INFO - [2025-09-15T09:46:01.565+0000] {dag.py:3954} INFO - Setting next_dagrun for clean_hour_data to None, run_after=None
[2025-09-15T09:46:01.593+0000] {processor.py:183} INFO - Processing /opt/airflow/dags/clean_hour_data.py took 0.121 seconds
[2025-09-15T09:46:31.954+0000] {processor.py:161} INFO - Started process (PID=2290) to work on /opt/airflow/dags/clean_hour_data.py
[2025-09-15T09:46:31.955+0000] {processor.py:830} INFO - Processing file /opt/airflow/dags/clean_hour_data.py for tasks to queue
[2025-09-15T09:46:31.956+0000] {logging_mixin.py:188} INFO - [2025-09-15T09:46:31.956+0000] {dagbag.py:540} INFO - Filling up the DagBag from /opt/airflow/dags/clean_hour_data.py
[2025-09-15T09:46:31.974+0000] {processor.py:840} INFO - DAG(s) 'clean_hour_data' retrieved from /opt/airflow/dags/clean_hour_data.py
[2025-09-15T09:46:32.004+0000] {logging_mixin.py:188} INFO - [2025-09-15T09:46:32.004+0000] {dag.py:3096} INFO - Sync 1 DAGs
[2025-09-15T09:46:32.017+0000] {logging_mixin.py:188} INFO - [2025-09-15T09:46:32.017+0000] {dag.py:3954} INFO - Setting next_dagrun for clean_hour_data to None, run_after=None
[2025-09-15T09:46:32.038+0000] {processor.py:183} INFO - Processing /opt/airflow/dags/clean_hour_data.py took 0.089 seconds
[2025-09-15T09:47:02.867+0000] {processor.py:161} INFO - Started process (PID=2325) to work on /opt/airflow/dags/clean_hour_data.py
[2025-09-15T09:47:02.868+0000] {processor.py:830} INFO - Processing file /opt/airflow/dags/clean_hour_data.py for tasks to queue
[2025-09-15T09:47:02.869+0000] {logging_mixin.py:188} INFO - [2025-09-15T09:47:02.869+0000] {dagbag.py:540} INFO - Filling up the DagBag from /opt/airflow/dags/clean_hour_data.py
[2025-09-15T09:47:02.889+0000] {processor.py:840} INFO - DAG(s) 'clean_hour_data' retrieved from /opt/airflow/dags/clean_hour_data.py
[2025-09-15T09:47:02.918+0000] {logging_mixin.py:188} INFO - [2025-09-15T09:47:02.918+0000] {dag.py:3096} INFO - Sync 1 DAGs
[2025-09-15T09:47:02.932+0000] {logging_mixin.py:188} INFO - [2025-09-15T09:47:02.932+0000] {dag.py:3954} INFO - Setting next_dagrun for clean_hour_data to None, run_after=None
[2025-09-15T09:47:02.952+0000] {processor.py:183} INFO - Processing /opt/airflow/dags/clean_hour_data.py took 0.091 seconds
[2025-09-15T09:47:33.063+0000] {processor.py:161} INFO - Started process (PID=2360) to work on /opt/airflow/dags/clean_hour_data.py
[2025-09-15T09:47:33.064+0000] {processor.py:830} INFO - Processing file /opt/airflow/dags/clean_hour_data.py for tasks to queue
[2025-09-15T09:47:33.065+0000] {logging_mixin.py:188} INFO - [2025-09-15T09:47:33.065+0000] {dagbag.py:540} INFO - Filling up the DagBag from /opt/airflow/dags/clean_hour_data.py
[2025-09-15T09:47:33.087+0000] {processor.py:840} INFO - DAG(s) 'clean_hour_data' retrieved from /opt/airflow/dags/clean_hour_data.py
[2025-09-15T09:47:33.117+0000] {logging_mixin.py:188} INFO - [2025-09-15T09:47:33.116+0000] {dag.py:3096} INFO - Sync 1 DAGs
[2025-09-15T09:47:33.129+0000] {logging_mixin.py:188} INFO - [2025-09-15T09:47:33.129+0000] {dag.py:3954} INFO - Setting next_dagrun for clean_hour_data to None, run_after=None
[2025-09-15T09:47:33.149+0000] {processor.py:183} INFO - Processing /opt/airflow/dags/clean_hour_data.py took 0.093 seconds
[2025-09-15T09:48:03.556+0000] {processor.py:161} INFO - Started process (PID=2395) to work on /opt/airflow/dags/clean_hour_data.py
[2025-09-15T09:48:03.557+0000] {processor.py:830} INFO - Processing file /opt/airflow/dags/clean_hour_data.py for tasks to queue
[2025-09-15T09:48:03.558+0000] {logging_mixin.py:188} INFO - [2025-09-15T09:48:03.558+0000] {dagbag.py:540} INFO - Filling up the DagBag from /opt/airflow/dags/clean_hour_data.py
[2025-09-15T09:48:03.578+0000] {processor.py:840} INFO - DAG(s) 'clean_hour_data' retrieved from /opt/airflow/dags/clean_hour_data.py
[2025-09-15T09:48:03.605+0000] {logging_mixin.py:188} INFO - [2025-09-15T09:48:03.605+0000] {dag.py:3096} INFO - Sync 1 DAGs
[2025-09-15T09:48:03.617+0000] {logging_mixin.py:188} INFO - [2025-09-15T09:48:03.617+0000] {dag.py:3954} INFO - Setting next_dagrun for clean_hour_data to None, run_after=None
[2025-09-15T09:48:03.638+0000] {processor.py:183} INFO - Processing /opt/airflow/dags/clean_hour_data.py took 0.088 seconds
[2025-09-15T09:48:34.059+0000] {processor.py:161} INFO - Started process (PID=2430) to work on /opt/airflow/dags/clean_hour_data.py
[2025-09-15T09:48:34.060+0000] {processor.py:830} INFO - Processing file /opt/airflow/dags/clean_hour_data.py for tasks to queue
[2025-09-15T09:48:34.061+0000] {logging_mixin.py:188} INFO - [2025-09-15T09:48:34.061+0000] {dagbag.py:540} INFO - Filling up the DagBag from /opt/airflow/dags/clean_hour_data.py
[2025-09-15T09:48:34.081+0000] {processor.py:840} INFO - DAG(s) 'clean_hour_data' retrieved from /opt/airflow/dags/clean_hour_data.py
[2025-09-15T09:48:34.115+0000] {logging_mixin.py:188} INFO - [2025-09-15T09:48:34.114+0000] {dag.py:3096} INFO - Sync 1 DAGs
[2025-09-15T09:48:34.139+0000] {logging_mixin.py:188} INFO - [2025-09-15T09:48:34.139+0000] {dag.py:3954} INFO - Setting next_dagrun for clean_hour_data to None, run_after=None
[2025-09-15T09:48:34.169+0000] {processor.py:183} INFO - Processing /opt/airflow/dags/clean_hour_data.py took 0.117 seconds
[2025-09-15T09:49:04.357+0000] {processor.py:161} INFO - Started process (PID=2465) to work on /opt/airflow/dags/clean_hour_data.py
[2025-09-15T09:49:04.359+0000] {processor.py:830} INFO - Processing file /opt/airflow/dags/clean_hour_data.py for tasks to queue
[2025-09-15T09:49:04.360+0000] {logging_mixin.py:188} INFO - [2025-09-15T09:49:04.359+0000] {dagbag.py:540} INFO - Filling up the DagBag from /opt/airflow/dags/clean_hour_data.py
[2025-09-15T09:49:04.388+0000] {processor.py:840} INFO - DAG(s) 'clean_hour_data' retrieved from /opt/airflow/dags/clean_hour_data.py
[2025-09-15T09:49:04.435+0000] {logging_mixin.py:188} INFO - [2025-09-15T09:49:04.435+0000] {dag.py:3096} INFO - Sync 1 DAGs
[2025-09-15T09:49:04.452+0000] {logging_mixin.py:188} INFO - [2025-09-15T09:49:04.452+0000] {dag.py:3954} INFO - Setting next_dagrun for clean_hour_data to None, run_after=None
[2025-09-15T09:49:04.482+0000] {processor.py:183} INFO - Processing /opt/airflow/dags/clean_hour_data.py took 0.131 seconds
[2025-09-15T09:49:35.118+0000] {processor.py:161} INFO - Started process (PID=2500) to work on /opt/airflow/dags/clean_hour_data.py
[2025-09-15T09:49:35.119+0000] {processor.py:830} INFO - Processing file /opt/airflow/dags/clean_hour_data.py for tasks to queue
[2025-09-15T09:49:35.120+0000] {logging_mixin.py:188} INFO - [2025-09-15T09:49:35.120+0000] {dagbag.py:540} INFO - Filling up the DagBag from /opt/airflow/dags/clean_hour_data.py
[2025-09-15T09:49:35.140+0000] {processor.py:840} INFO - DAG(s) 'clean_hour_data' retrieved from /opt/airflow/dags/clean_hour_data.py
[2025-09-15T09:49:35.166+0000] {logging_mixin.py:188} INFO - [2025-09-15T09:49:35.165+0000] {dag.py:3096} INFO - Sync 1 DAGs
[2025-09-15T09:49:35.178+0000] {logging_mixin.py:188} INFO - [2025-09-15T09:49:35.178+0000] {dag.py:3954} INFO - Setting next_dagrun for clean_hour_data to None, run_after=None
[2025-09-15T09:49:35.199+0000] {processor.py:183} INFO - Processing /opt/airflow/dags/clean_hour_data.py took 0.086 seconds
[2025-09-15T09:50:05.999+0000] {processor.py:161} INFO - Started process (PID=2535) to work on /opt/airflow/dags/clean_hour_data.py
[2025-09-15T09:50:06.000+0000] {processor.py:830} INFO - Processing file /opt/airflow/dags/clean_hour_data.py for tasks to queue
[2025-09-15T09:50:06.001+0000] {logging_mixin.py:188} INFO - [2025-09-15T09:50:06.000+0000] {dagbag.py:540} INFO - Filling up the DagBag from /opt/airflow/dags/clean_hour_data.py
[2025-09-15T09:50:06.016+0000] {processor.py:840} INFO - DAG(s) 'clean_hour_data' retrieved from /opt/airflow/dags/clean_hour_data.py
[2025-09-15T09:50:06.043+0000] {logging_mixin.py:188} INFO - [2025-09-15T09:50:06.043+0000] {dag.py:3096} INFO - Sync 1 DAGs
[2025-09-15T09:50:06.057+0000] {logging_mixin.py:188} INFO - [2025-09-15T09:50:06.056+0000] {dag.py:3954} INFO - Setting next_dagrun for clean_hour_data to None, run_after=None
[2025-09-15T09:50:06.079+0000] {processor.py:183} INFO - Processing /opt/airflow/dags/clean_hour_data.py took 0.085 seconds
[2025-09-15T09:50:36.406+0000] {processor.py:161} INFO - Started process (PID=2570) to work on /opt/airflow/dags/clean_hour_data.py
[2025-09-15T09:50:36.407+0000] {processor.py:830} INFO - Processing file /opt/airflow/dags/clean_hour_data.py for tasks to queue
[2025-09-15T09:50:36.408+0000] {logging_mixin.py:188} INFO - [2025-09-15T09:50:36.408+0000] {dagbag.py:540} INFO - Filling up the DagBag from /opt/airflow/dags/clean_hour_data.py
[2025-09-15T09:50:36.430+0000] {processor.py:840} INFO - DAG(s) 'clean_hour_data' retrieved from /opt/airflow/dags/clean_hour_data.py
[2025-09-15T09:50:36.463+0000] {logging_mixin.py:188} INFO - [2025-09-15T09:50:36.462+0000] {dag.py:3096} INFO - Sync 1 DAGs
[2025-09-15T09:50:36.478+0000] {logging_mixin.py:188} INFO - [2025-09-15T09:50:36.477+0000] {dag.py:3954} INFO - Setting next_dagrun for clean_hour_data to None, run_after=None
[2025-09-15T09:50:36.502+0000] {processor.py:183} INFO - Processing /opt/airflow/dags/clean_hour_data.py took 0.102 seconds
[2025-09-15T09:51:06.954+0000] {processor.py:161} INFO - Started process (PID=2605) to work on /opt/airflow/dags/clean_hour_data.py
[2025-09-15T09:51:06.957+0000] {processor.py:830} INFO - Processing file /opt/airflow/dags/clean_hour_data.py for tasks to queue
[2025-09-15T09:51:06.958+0000] {logging_mixin.py:188} INFO - [2025-09-15T09:51:06.957+0000] {dagbag.py:540} INFO - Filling up the DagBag from /opt/airflow/dags/clean_hour_data.py
[2025-09-15T09:51:06.982+0000] {processor.py:840} INFO - DAG(s) 'clean_hour_data' retrieved from /opt/airflow/dags/clean_hour_data.py
[2025-09-15T09:51:07.019+0000] {logging_mixin.py:188} INFO - [2025-09-15T09:51:07.019+0000] {dag.py:3096} INFO - Sync 1 DAGs
[2025-09-15T09:51:07.035+0000] {logging_mixin.py:188} INFO - [2025-09-15T09:51:07.034+0000] {dag.py:3954} INFO - Setting next_dagrun for clean_hour_data to None, run_after=None
[2025-09-15T09:51:07.058+0000] {processor.py:183} INFO - Processing /opt/airflow/dags/clean_hour_data.py took 0.112 seconds
[2025-09-15T09:51:37.623+0000] {processor.py:161} INFO - Started process (PID=2640) to work on /opt/airflow/dags/clean_hour_data.py
[2025-09-15T09:51:37.624+0000] {processor.py:830} INFO - Processing file /opt/airflow/dags/clean_hour_data.py for tasks to queue
[2025-09-15T09:51:37.625+0000] {logging_mixin.py:188} INFO - [2025-09-15T09:51:37.624+0000] {dagbag.py:540} INFO - Filling up the DagBag from /opt/airflow/dags/clean_hour_data.py
[2025-09-15T09:51:37.645+0000] {processor.py:840} INFO - DAG(s) 'clean_hour_data' retrieved from /opt/airflow/dags/clean_hour_data.py
[2025-09-15T09:51:37.674+0000] {logging_mixin.py:188} INFO - [2025-09-15T09:51:37.673+0000] {dag.py:3096} INFO - Sync 1 DAGs
[2025-09-15T09:51:37.687+0000] {logging_mixin.py:188} INFO - [2025-09-15T09:51:37.687+0000] {dag.py:3954} INFO - Setting next_dagrun for clean_hour_data to None, run_after=None
[2025-09-15T09:51:37.707+0000] {processor.py:183} INFO - Processing /opt/airflow/dags/clean_hour_data.py took 0.090 seconds
[2025-09-15T09:52:08.286+0000] {processor.py:161} INFO - Started process (PID=2675) to work on /opt/airflow/dags/clean_hour_data.py
[2025-09-15T09:52:08.287+0000] {processor.py:830} INFO - Processing file /opt/airflow/dags/clean_hour_data.py for tasks to queue
[2025-09-15T09:52:08.288+0000] {logging_mixin.py:188} INFO - [2025-09-15T09:52:08.288+0000] {dagbag.py:540} INFO - Filling up the DagBag from /opt/airflow/dags/clean_hour_data.py
[2025-09-15T09:52:08.313+0000] {processor.py:840} INFO - DAG(s) 'clean_hour_data' retrieved from /opt/airflow/dags/clean_hour_data.py
[2025-09-15T09:52:08.423+0000] {logging_mixin.py:188} INFO - [2025-09-15T09:52:08.422+0000] {dag.py:3096} INFO - Sync 1 DAGs
[2025-09-15T09:52:08.472+0000] {logging_mixin.py:188} INFO - [2025-09-15T09:52:08.472+0000] {dag.py:3954} INFO - Setting next_dagrun for clean_hour_data to None, run_after=None
[2025-09-15T09:52:08.520+0000] {processor.py:183} INFO - Processing /opt/airflow/dags/clean_hour_data.py took 0.241 seconds
[2025-09-15T09:52:40.244+0000] {processor.py:161} INFO - Started process (PID=2720) to work on /opt/airflow/dags/clean_hour_data.py
[2025-09-15T09:52:40.247+0000] {processor.py:830} INFO - Processing file /opt/airflow/dags/clean_hour_data.py for tasks to queue
[2025-09-15T09:52:40.249+0000] {logging_mixin.py:188} INFO - [2025-09-15T09:52:40.248+0000] {dagbag.py:540} INFO - Filling up the DagBag from /opt/airflow/dags/clean_hour_data.py
[2025-09-15T09:52:40.280+0000] {processor.py:840} INFO - DAG(s) 'clean_hour_data' retrieved from /opt/airflow/dags/clean_hour_data.py
[2025-09-15T09:52:40.349+0000] {logging_mixin.py:188} INFO - [2025-09-15T09:52:40.347+0000] {dag.py:3096} INFO - Sync 1 DAGs
[2025-09-15T09:52:40.441+0000] {logging_mixin.py:188} INFO - [2025-09-15T09:52:40.440+0000] {dag.py:3954} INFO - Setting next_dagrun for clean_hour_data to None, run_after=None
[2025-09-15T09:52:40.514+0000] {processor.py:183} INFO - Processing /opt/airflow/dags/clean_hour_data.py took 0.282 seconds
[2025-09-15T09:53:11.131+0000] {processor.py:161} INFO - Started process (PID=2757) to work on /opt/airflow/dags/clean_hour_data.py
[2025-09-15T09:53:11.133+0000] {processor.py:830} INFO - Processing file /opt/airflow/dags/clean_hour_data.py for tasks to queue
[2025-09-15T09:53:11.134+0000] {logging_mixin.py:188} INFO - [2025-09-15T09:53:11.134+0000] {dagbag.py:540} INFO - Filling up the DagBag from /opt/airflow/dags/clean_hour_data.py
[2025-09-15T09:53:11.158+0000] {processor.py:840} INFO - DAG(s) 'clean_hour_data' retrieved from /opt/airflow/dags/clean_hour_data.py
[2025-09-15T09:53:11.193+0000] {logging_mixin.py:188} INFO - [2025-09-15T09:53:11.193+0000] {dag.py:3096} INFO - Sync 1 DAGs
[2025-09-15T09:53:11.205+0000] {logging_mixin.py:188} INFO - [2025-09-15T09:53:11.205+0000] {dag.py:3954} INFO - Setting next_dagrun for clean_hour_data to None, run_after=None
[2025-09-15T09:53:11.224+0000] {processor.py:183} INFO - Processing /opt/airflow/dags/clean_hour_data.py took 0.099 seconds
[2025-09-15T09:53:41.838+0000] {processor.py:161} INFO - Started process (PID=2792) to work on /opt/airflow/dags/clean_hour_data.py
[2025-09-15T09:53:41.839+0000] {processor.py:830} INFO - Processing file /opt/airflow/dags/clean_hour_data.py for tasks to queue
[2025-09-15T09:53:41.839+0000] {logging_mixin.py:188} INFO - [2025-09-15T09:53:41.839+0000] {dagbag.py:540} INFO - Filling up the DagBag from /opt/airflow/dags/clean_hour_data.py
[2025-09-15T09:53:41.858+0000] {processor.py:840} INFO - DAG(s) 'clean_hour_data' retrieved from /opt/airflow/dags/clean_hour_data.py
[2025-09-15T09:53:41.884+0000] {logging_mixin.py:188} INFO - [2025-09-15T09:53:41.883+0000] {dag.py:3096} INFO - Sync 1 DAGs
[2025-09-15T09:53:41.895+0000] {logging_mixin.py:188} INFO - [2025-09-15T09:53:41.895+0000] {dag.py:3954} INFO - Setting next_dagrun for clean_hour_data to None, run_after=None
[2025-09-15T09:53:41.914+0000] {processor.py:183} INFO - Processing /opt/airflow/dags/clean_hour_data.py took 0.083 seconds
[2025-09-15T09:54:12.430+0000] {processor.py:161} INFO - Started process (PID=2827) to work on /opt/airflow/dags/clean_hour_data.py
[2025-09-15T09:54:12.433+0000] {processor.py:830} INFO - Processing file /opt/airflow/dags/clean_hour_data.py for tasks to queue
[2025-09-15T09:54:12.436+0000] {logging_mixin.py:188} INFO - [2025-09-15T09:54:12.435+0000] {dagbag.py:540} INFO - Filling up the DagBag from /opt/airflow/dags/clean_hour_data.py
[2025-09-15T09:54:12.460+0000] {processor.py:840} INFO - DAG(s) 'clean_hour_data' retrieved from /opt/airflow/dags/clean_hour_data.py
[2025-09-15T09:54:12.489+0000] {logging_mixin.py:188} INFO - [2025-09-15T09:54:12.489+0000] {dag.py:3096} INFO - Sync 1 DAGs
[2025-09-15T09:54:12.502+0000] {logging_mixin.py:188} INFO - [2025-09-15T09:54:12.502+0000] {dag.py:3954} INFO - Setting next_dagrun for clean_hour_data to None, run_after=None
[2025-09-15T09:54:12.522+0000] {processor.py:183} INFO - Processing /opt/airflow/dags/clean_hour_data.py took 0.103 seconds
[2025-09-15T09:54:42.664+0000] {processor.py:161} INFO - Started process (PID=2862) to work on /opt/airflow/dags/clean_hour_data.py
[2025-09-15T09:54:42.665+0000] {processor.py:830} INFO - Processing file /opt/airflow/dags/clean_hour_data.py for tasks to queue
[2025-09-15T09:54:42.666+0000] {logging_mixin.py:188} INFO - [2025-09-15T09:54:42.666+0000] {dagbag.py:540} INFO - Filling up the DagBag from /opt/airflow/dags/clean_hour_data.py
[2025-09-15T09:54:42.685+0000] {processor.py:840} INFO - DAG(s) 'clean_hour_data' retrieved from /opt/airflow/dags/clean_hour_data.py
[2025-09-15T09:54:42.710+0000] {logging_mixin.py:188} INFO - [2025-09-15T09:54:42.709+0000] {dag.py:3096} INFO - Sync 1 DAGs
[2025-09-15T09:54:42.721+0000] {logging_mixin.py:188} INFO - [2025-09-15T09:54:42.720+0000] {dag.py:3954} INFO - Setting next_dagrun for clean_hour_data to None, run_after=None
[2025-09-15T09:54:42.743+0000] {processor.py:183} INFO - Processing /opt/airflow/dags/clean_hour_data.py took 0.086 seconds
[2025-09-15T09:55:13.378+0000] {processor.py:161} INFO - Started process (PID=2897) to work on /opt/airflow/dags/clean_hour_data.py
[2025-09-15T09:55:13.379+0000] {processor.py:830} INFO - Processing file /opt/airflow/dags/clean_hour_data.py for tasks to queue
[2025-09-15T09:55:13.380+0000] {logging_mixin.py:188} INFO - [2025-09-15T09:55:13.380+0000] {dagbag.py:540} INFO - Filling up the DagBag from /opt/airflow/dags/clean_hour_data.py
[2025-09-15T09:55:13.400+0000] {processor.py:840} INFO - DAG(s) 'clean_hour_data' retrieved from /opt/airflow/dags/clean_hour_data.py
[2025-09-15T09:55:13.450+0000] {logging_mixin.py:188} INFO - [2025-09-15T09:55:13.449+0000] {dag.py:3096} INFO - Sync 1 DAGs
[2025-09-15T09:55:13.471+0000] {logging_mixin.py:188} INFO - [2025-09-15T09:55:13.471+0000] {dag.py:3954} INFO - Setting next_dagrun for clean_hour_data to None, run_after=None
[2025-09-15T09:55:13.516+0000] {processor.py:183} INFO - Processing /opt/airflow/dags/clean_hour_data.py took 0.144 seconds
[2025-09-15T09:55:44.280+0000] {processor.py:161} INFO - Started process (PID=2932) to work on /opt/airflow/dags/clean_hour_data.py
[2025-09-15T09:55:44.281+0000] {processor.py:830} INFO - Processing file /opt/airflow/dags/clean_hour_data.py for tasks to queue
[2025-09-15T09:55:44.282+0000] {logging_mixin.py:188} INFO - [2025-09-15T09:55:44.282+0000] {dagbag.py:540} INFO - Filling up the DagBag from /opt/airflow/dags/clean_hour_data.py
[2025-09-15T09:55:44.300+0000] {processor.py:840} INFO - DAG(s) 'clean_hour_data' retrieved from /opt/airflow/dags/clean_hour_data.py
[2025-09-15T09:55:44.329+0000] {logging_mixin.py:188} INFO - [2025-09-15T09:55:44.328+0000] {dag.py:3096} INFO - Sync 1 DAGs
[2025-09-15T09:55:44.340+0000] {logging_mixin.py:188} INFO - [2025-09-15T09:55:44.340+0000] {dag.py:3954} INFO - Setting next_dagrun for clean_hour_data to None, run_after=None
[2025-09-15T09:55:44.357+0000] {processor.py:183} INFO - Processing /opt/airflow/dags/clean_hour_data.py took 0.086 seconds
[2025-09-15T09:56:15.212+0000] {processor.py:161} INFO - Started process (PID=2967) to work on /opt/airflow/dags/clean_hour_data.py
[2025-09-15T09:56:15.215+0000] {processor.py:830} INFO - Processing file /opt/airflow/dags/clean_hour_data.py for tasks to queue
[2025-09-15T09:56:15.217+0000] {logging_mixin.py:188} INFO - [2025-09-15T09:56:15.216+0000] {dagbag.py:540} INFO - Filling up the DagBag from /opt/airflow/dags/clean_hour_data.py
[2025-09-15T09:56:15.241+0000] {processor.py:840} INFO - DAG(s) 'clean_hour_data' retrieved from /opt/airflow/dags/clean_hour_data.py
[2025-09-15T09:56:15.275+0000] {logging_mixin.py:188} INFO - [2025-09-15T09:56:15.275+0000] {dag.py:3096} INFO - Sync 1 DAGs
[2025-09-15T09:56:15.287+0000] {logging_mixin.py:188} INFO - [2025-09-15T09:56:15.287+0000] {dag.py:3954} INFO - Setting next_dagrun for clean_hour_data to None, run_after=None
[2025-09-15T09:56:15.309+0000] {processor.py:183} INFO - Processing /opt/airflow/dags/clean_hour_data.py took 0.105 seconds
[2025-09-15T09:56:46.261+0000] {processor.py:161} INFO - Started process (PID=3006) to work on /opt/airflow/dags/clean_hour_data.py
[2025-09-15T09:56:46.263+0000] {processor.py:830} INFO - Processing file /opt/airflow/dags/clean_hour_data.py for tasks to queue
[2025-09-15T09:56:46.264+0000] {logging_mixin.py:188} INFO - [2025-09-15T09:56:46.263+0000] {dagbag.py:540} INFO - Filling up the DagBag from /opt/airflow/dags/clean_hour_data.py
[2025-09-15T09:56:46.280+0000] {processor.py:840} INFO - DAG(s) 'clean_hour_data' retrieved from /opt/airflow/dags/clean_hour_data.py
[2025-09-15T09:56:46.305+0000] {logging_mixin.py:188} INFO - [2025-09-15T09:56:46.305+0000] {dag.py:3096} INFO - Sync 1 DAGs
[2025-09-15T09:56:46.317+0000] {logging_mixin.py:188} INFO - [2025-09-15T09:56:46.317+0000] {dag.py:3954} INFO - Setting next_dagrun for clean_hour_data to None, run_after=None
[2025-09-15T09:56:46.335+0000] {processor.py:183} INFO - Processing /opt/airflow/dags/clean_hour_data.py took 0.080 seconds
[2025-09-15T09:57:17.018+0000] {processor.py:161} INFO - Started process (PID=3041) to work on /opt/airflow/dags/clean_hour_data.py
[2025-09-15T09:57:17.019+0000] {processor.py:830} INFO - Processing file /opt/airflow/dags/clean_hour_data.py for tasks to queue
[2025-09-15T09:57:17.020+0000] {logging_mixin.py:188} INFO - [2025-09-15T09:57:17.020+0000] {dagbag.py:540} INFO - Filling up the DagBag from /opt/airflow/dags/clean_hour_data.py
[2025-09-15T09:57:17.037+0000] {processor.py:840} INFO - DAG(s) 'clean_hour_data' retrieved from /opt/airflow/dags/clean_hour_data.py
[2025-09-15T09:57:17.062+0000] {logging_mixin.py:188} INFO - [2025-09-15T09:57:17.062+0000] {dag.py:3096} INFO - Sync 1 DAGs
[2025-09-15T09:57:17.072+0000] {logging_mixin.py:188} INFO - [2025-09-15T09:57:17.072+0000] {dag.py:3954} INFO - Setting next_dagrun for clean_hour_data to None, run_after=None
[2025-09-15T09:57:17.092+0000] {processor.py:183} INFO - Processing /opt/airflow/dags/clean_hour_data.py took 0.079 seconds
[2025-09-15T09:57:47.753+0000] {processor.py:161} INFO - Started process (PID=3076) to work on /opt/airflow/dags/clean_hour_data.py
[2025-09-15T09:57:47.754+0000] {processor.py:830} INFO - Processing file /opt/airflow/dags/clean_hour_data.py for tasks to queue
[2025-09-15T09:57:47.755+0000] {logging_mixin.py:188} INFO - [2025-09-15T09:57:47.755+0000] {dagbag.py:540} INFO - Filling up the DagBag from /opt/airflow/dags/clean_hour_data.py
[2025-09-15T09:57:47.776+0000] {processor.py:840} INFO - DAG(s) 'clean_hour_data' retrieved from /opt/airflow/dags/clean_hour_data.py
[2025-09-15T09:57:47.825+0000] {logging_mixin.py:188} INFO - [2025-09-15T09:57:47.824+0000] {dag.py:3096} INFO - Sync 1 DAGs
[2025-09-15T09:57:47.849+0000] {logging_mixin.py:188} INFO - [2025-09-15T09:57:47.847+0000] {dag.py:3954} INFO - Setting next_dagrun for clean_hour_data to None, run_after=None
[2025-09-15T09:57:47.903+0000] {processor.py:183} INFO - Processing /opt/airflow/dags/clean_hour_data.py took 0.157 seconds
[2025-09-15T09:58:18.545+0000] {processor.py:161} INFO - Started process (PID=3111) to work on /opt/airflow/dags/clean_hour_data.py
[2025-09-15T09:58:18.547+0000] {processor.py:830} INFO - Processing file /opt/airflow/dags/clean_hour_data.py for tasks to queue
[2025-09-15T09:58:18.548+0000] {logging_mixin.py:188} INFO - [2025-09-15T09:58:18.548+0000] {dagbag.py:540} INFO - Filling up the DagBag from /opt/airflow/dags/clean_hour_data.py
[2025-09-15T09:58:18.565+0000] {processor.py:840} INFO - DAG(s) 'clean_hour_data' retrieved from /opt/airflow/dags/clean_hour_data.py
[2025-09-15T09:58:18.590+0000] {logging_mixin.py:188} INFO - [2025-09-15T09:58:18.590+0000] {dag.py:3096} INFO - Sync 1 DAGs
[2025-09-15T09:58:18.602+0000] {logging_mixin.py:188} INFO - [2025-09-15T09:58:18.601+0000] {dag.py:3954} INFO - Setting next_dagrun for clean_hour_data to None, run_after=None
[2025-09-15T09:58:18.621+0000] {processor.py:183} INFO - Processing /opt/airflow/dags/clean_hour_data.py took 0.082 seconds
[2025-09-15T09:58:48.863+0000] {processor.py:161} INFO - Started process (PID=3150) to work on /opt/airflow/dags/clean_hour_data.py
[2025-09-15T09:58:48.864+0000] {processor.py:830} INFO - Processing file /opt/airflow/dags/clean_hour_data.py for tasks to queue
[2025-09-15T09:58:48.866+0000] {logging_mixin.py:188} INFO - [2025-09-15T09:58:48.865+0000] {dagbag.py:540} INFO - Filling up the DagBag from /opt/airflow/dags/clean_hour_data.py
[2025-09-15T09:58:48.887+0000] {processor.py:840} INFO - DAG(s) 'clean_hour_data' retrieved from /opt/airflow/dags/clean_hour_data.py
[2025-09-15T09:58:48.917+0000] {logging_mixin.py:188} INFO - [2025-09-15T09:58:48.917+0000] {dag.py:3096} INFO - Sync 1 DAGs
[2025-09-15T09:58:48.930+0000] {logging_mixin.py:188} INFO - [2025-09-15T09:58:48.929+0000] {dag.py:3954} INFO - Setting next_dagrun for clean_hour_data to None, run_after=None
[2025-09-15T09:58:48.956+0000] {processor.py:183} INFO - Processing /opt/airflow/dags/clean_hour_data.py took 0.100 seconds
[2025-09-15T09:59:19.202+0000] {processor.py:161} INFO - Started process (PID=3189) to work on /opt/airflow/dags/clean_hour_data.py
[2025-09-15T09:59:19.203+0000] {processor.py:830} INFO - Processing file /opt/airflow/dags/clean_hour_data.py for tasks to queue
[2025-09-15T09:59:19.204+0000] {logging_mixin.py:188} INFO - [2025-09-15T09:59:19.204+0000] {dagbag.py:540} INFO - Filling up the DagBag from /opt/airflow/dags/clean_hour_data.py
[2025-09-15T09:59:19.221+0000] {processor.py:840} INFO - DAG(s) 'clean_hour_data' retrieved from /opt/airflow/dags/clean_hour_data.py
[2025-09-15T09:59:19.247+0000] {logging_mixin.py:188} INFO - [2025-09-15T09:59:19.247+0000] {dag.py:3096} INFO - Sync 1 DAGs
[2025-09-15T09:59:19.259+0000] {logging_mixin.py:188} INFO - [2025-09-15T09:59:19.258+0000] {dag.py:3954} INFO - Setting next_dagrun for clean_hour_data to None, run_after=None
[2025-09-15T09:59:19.280+0000] {processor.py:183} INFO - Processing /opt/airflow/dags/clean_hour_data.py took 0.084 seconds
[2025-09-15T09:59:49.896+0000] {processor.py:161} INFO - Started process (PID=3224) to work on /opt/airflow/dags/clean_hour_data.py
[2025-09-15T09:59:49.898+0000] {processor.py:830} INFO - Processing file /opt/airflow/dags/clean_hour_data.py for tasks to queue
[2025-09-15T09:59:49.900+0000] {logging_mixin.py:188} INFO - [2025-09-15T09:59:49.899+0000] {dagbag.py:540} INFO - Filling up the DagBag from /opt/airflow/dags/clean_hour_data.py
[2025-09-15T09:59:49.931+0000] {processor.py:840} INFO - DAG(s) 'clean_hour_data' retrieved from /opt/airflow/dags/clean_hour_data.py
[2025-09-15T09:59:49.965+0000] {logging_mixin.py:188} INFO - [2025-09-15T09:59:49.965+0000] {dag.py:3096} INFO - Sync 1 DAGs
[2025-09-15T09:59:49.979+0000] {logging_mixin.py:188} INFO - [2025-09-15T09:59:49.979+0000] {dag.py:3954} INFO - Setting next_dagrun for clean_hour_data to None, run_after=None
[2025-09-15T09:59:50.005+0000] {processor.py:183} INFO - Processing /opt/airflow/dags/clean_hour_data.py took 0.120 seconds
[2025-09-15T10:00:20.992+0000] {processor.py:161} INFO - Started process (PID=3263) to work on /opt/airflow/dags/clean_hour_data.py
[2025-09-15T10:00:20.994+0000] {processor.py:830} INFO - Processing file /opt/airflow/dags/clean_hour_data.py for tasks to queue
[2025-09-15T10:00:20.995+0000] {logging_mixin.py:188} INFO - [2025-09-15T10:00:20.994+0000] {dagbag.py:540} INFO - Filling up the DagBag from /opt/airflow/dags/clean_hour_data.py
[2025-09-15T10:00:21.017+0000] {processor.py:840} INFO - DAG(s) 'clean_hour_data' retrieved from /opt/airflow/dags/clean_hour_data.py
[2025-09-15T10:00:21.074+0000] {logging_mixin.py:188} INFO - [2025-09-15T10:00:21.073+0000] {dag.py:3096} INFO - Sync 1 DAGs
[2025-09-15T10:00:21.095+0000] {logging_mixin.py:188} INFO - [2025-09-15T10:00:21.094+0000] {dag.py:3954} INFO - Setting next_dagrun for clean_hour_data to None, run_after=None
[2025-09-15T10:00:21.118+0000] {processor.py:183} INFO - Processing /opt/airflow/dags/clean_hour_data.py took 0.139 seconds
[2025-09-15T10:00:51.819+0000] {processor.py:161} INFO - Started process (PID=3298) to work on /opt/airflow/dags/clean_hour_data.py
[2025-09-15T10:00:51.820+0000] {processor.py:830} INFO - Processing file /opt/airflow/dags/clean_hour_data.py for tasks to queue
[2025-09-15T10:00:51.822+0000] {logging_mixin.py:188} INFO - [2025-09-15T10:00:51.821+0000] {dagbag.py:540} INFO - Filling up the DagBag from /opt/airflow/dags/clean_hour_data.py
[2025-09-15T10:00:51.840+0000] {processor.py:840} INFO - DAG(s) 'clean_hour_data' retrieved from /opt/airflow/dags/clean_hour_data.py
[2025-09-15T10:00:51.866+0000] {logging_mixin.py:188} INFO - [2025-09-15T10:00:51.866+0000] {dag.py:3096} INFO - Sync 1 DAGs
[2025-09-15T10:00:51.878+0000] {logging_mixin.py:188} INFO - [2025-09-15T10:00:51.878+0000] {dag.py:3954} INFO - Setting next_dagrun for clean_hour_data to None, run_after=None
[2025-09-15T10:00:51.900+0000] {processor.py:183} INFO - Processing /opt/airflow/dags/clean_hour_data.py took 0.088 seconds
[2025-09-15T10:01:22.467+0000] {processor.py:161} INFO - Started process (PID=3333) to work on /opt/airflow/dags/clean_hour_data.py
[2025-09-15T10:01:22.469+0000] {processor.py:830} INFO - Processing file /opt/airflow/dags/clean_hour_data.py for tasks to queue
[2025-09-15T10:01:22.470+0000] {logging_mixin.py:188} INFO - [2025-09-15T10:01:22.469+0000] {dagbag.py:540} INFO - Filling up the DagBag from /opt/airflow/dags/clean_hour_data.py
[2025-09-15T10:01:22.486+0000] {processor.py:840} INFO - DAG(s) 'clean_hour_data' retrieved from /opt/airflow/dags/clean_hour_data.py
[2025-09-15T10:01:22.510+0000] {logging_mixin.py:188} INFO - [2025-09-15T10:01:22.510+0000] {dag.py:3096} INFO - Sync 1 DAGs
[2025-09-15T10:01:22.521+0000] {logging_mixin.py:188} INFO - [2025-09-15T10:01:22.521+0000] {dag.py:3954} INFO - Setting next_dagrun for clean_hour_data to None, run_after=None
[2025-09-15T10:01:22.543+0000] {processor.py:183} INFO - Processing /opt/airflow/dags/clean_hour_data.py took 0.081 seconds
[2025-09-15T10:01:52.675+0000] {processor.py:161} INFO - Started process (PID=3368) to work on /opt/airflow/dags/clean_hour_data.py
[2025-09-15T10:01:52.676+0000] {processor.py:830} INFO - Processing file /opt/airflow/dags/clean_hour_data.py for tasks to queue
[2025-09-15T10:01:52.677+0000] {logging_mixin.py:188} INFO - [2025-09-15T10:01:52.677+0000] {dagbag.py:540} INFO - Filling up the DagBag from /opt/airflow/dags/clean_hour_data.py
[2025-09-15T10:01:52.694+0000] {processor.py:840} INFO - DAG(s) 'clean_hour_data' retrieved from /opt/airflow/dags/clean_hour_data.py
[2025-09-15T10:01:52.718+0000] {logging_mixin.py:188} INFO - [2025-09-15T10:01:52.718+0000] {dag.py:3096} INFO - Sync 1 DAGs
[2025-09-15T10:01:52.728+0000] {logging_mixin.py:188} INFO - [2025-09-15T10:01:52.728+0000] {dag.py:3954} INFO - Setting next_dagrun for clean_hour_data to None, run_after=None
[2025-09-15T10:01:52.749+0000] {processor.py:183} INFO - Processing /opt/airflow/dags/clean_hour_data.py took 0.079 seconds
[2025-09-15T10:02:23.418+0000] {processor.py:161} INFO - Started process (PID=3403) to work on /opt/airflow/dags/clean_hour_data.py
[2025-09-15T10:02:23.419+0000] {processor.py:830} INFO - Processing file /opt/airflow/dags/clean_hour_data.py for tasks to queue
[2025-09-15T10:02:23.419+0000] {logging_mixin.py:188} INFO - [2025-09-15T10:02:23.419+0000] {dagbag.py:540} INFO - Filling up the DagBag from /opt/airflow/dags/clean_hour_data.py
[2025-09-15T10:02:23.436+0000] {processor.py:840} INFO - DAG(s) 'clean_hour_data' retrieved from /opt/airflow/dags/clean_hour_data.py
[2025-09-15T10:02:23.464+0000] {logging_mixin.py:188} INFO - [2025-09-15T10:02:23.464+0000] {dag.py:3096} INFO - Sync 1 DAGs
[2025-09-15T10:02:23.483+0000] {logging_mixin.py:188} INFO - [2025-09-15T10:02:23.483+0000] {dag.py:3954} INFO - Setting next_dagrun for clean_hour_data to None, run_after=None
[2025-09-15T10:02:23.505+0000] {processor.py:183} INFO - Processing /opt/airflow/dags/clean_hour_data.py took 0.093 seconds
[2025-09-15T10:02:53.970+0000] {processor.py:161} INFO - Started process (PID=3438) to work on /opt/airflow/dags/clean_hour_data.py
[2025-09-15T10:02:53.971+0000] {processor.py:830} INFO - Processing file /opt/airflow/dags/clean_hour_data.py for tasks to queue
[2025-09-15T10:02:53.972+0000] {logging_mixin.py:188} INFO - [2025-09-15T10:02:53.971+0000] {dagbag.py:540} INFO - Filling up the DagBag from /opt/airflow/dags/clean_hour_data.py
[2025-09-15T10:02:53.987+0000] {processor.py:840} INFO - DAG(s) 'clean_hour_data' retrieved from /opt/airflow/dags/clean_hour_data.py
[2025-09-15T10:02:54.012+0000] {logging_mixin.py:188} INFO - [2025-09-15T10:02:54.012+0000] {dag.py:3096} INFO - Sync 1 DAGs
[2025-09-15T10:02:54.022+0000] {logging_mixin.py:188} INFO - [2025-09-15T10:02:54.022+0000] {dag.py:3954} INFO - Setting next_dagrun for clean_hour_data to None, run_after=None
[2025-09-15T10:02:54.042+0000] {processor.py:183} INFO - Processing /opt/airflow/dags/clean_hour_data.py took 0.078 seconds
[2025-09-15T10:03:24.558+0000] {processor.py:161} INFO - Started process (PID=3473) to work on /opt/airflow/dags/clean_hour_data.py
[2025-09-15T10:03:24.559+0000] {processor.py:830} INFO - Processing file /opt/airflow/dags/clean_hour_data.py for tasks to queue
[2025-09-15T10:03:24.560+0000] {logging_mixin.py:188} INFO - [2025-09-15T10:03:24.559+0000] {dagbag.py:540} INFO - Filling up the DagBag from /opt/airflow/dags/clean_hour_data.py
[2025-09-15T10:03:24.581+0000] {processor.py:840} INFO - DAG(s) 'clean_hour_data' retrieved from /opt/airflow/dags/clean_hour_data.py
[2025-09-15T10:03:24.609+0000] {logging_mixin.py:188} INFO - [2025-09-15T10:03:24.609+0000] {dag.py:3096} INFO - Sync 1 DAGs
[2025-09-15T10:03:24.621+0000] {logging_mixin.py:188} INFO - [2025-09-15T10:03:24.621+0000] {dag.py:3954} INFO - Setting next_dagrun for clean_hour_data to None, run_after=None
[2025-09-15T10:03:24.641+0000] {processor.py:183} INFO - Processing /opt/airflow/dags/clean_hour_data.py took 0.089 seconds
[2025-09-15T10:03:55.138+0000] {processor.py:161} INFO - Started process (PID=3508) to work on /opt/airflow/dags/clean_hour_data.py
[2025-09-15T10:03:55.139+0000] {processor.py:830} INFO - Processing file /opt/airflow/dags/clean_hour_data.py for tasks to queue
[2025-09-15T10:03:55.139+0000] {logging_mixin.py:188} INFO - [2025-09-15T10:03:55.139+0000] {dagbag.py:540} INFO - Filling up the DagBag from /opt/airflow/dags/clean_hour_data.py
[2025-09-15T10:03:55.155+0000] {processor.py:840} INFO - DAG(s) 'clean_hour_data' retrieved from /opt/airflow/dags/clean_hour_data.py
[2025-09-15T10:03:55.181+0000] {logging_mixin.py:188} INFO - [2025-09-15T10:03:55.181+0000] {dag.py:3096} INFO - Sync 1 DAGs
[2025-09-15T10:03:55.191+0000] {logging_mixin.py:188} INFO - [2025-09-15T10:03:55.191+0000] {dag.py:3954} INFO - Setting next_dagrun for clean_hour_data to None, run_after=None
[2025-09-15T10:03:55.210+0000] {processor.py:183} INFO - Processing /opt/airflow/dags/clean_hour_data.py took 0.078 seconds
[2025-09-15T10:04:25.747+0000] {processor.py:161} INFO - Started process (PID=3543) to work on /opt/airflow/dags/clean_hour_data.py
[2025-09-15T10:04:25.748+0000] {processor.py:830} INFO - Processing file /opt/airflow/dags/clean_hour_data.py for tasks to queue
[2025-09-15T10:04:25.749+0000] {logging_mixin.py:188} INFO - [2025-09-15T10:04:25.749+0000] {dagbag.py:540} INFO - Filling up the DagBag from /opt/airflow/dags/clean_hour_data.py
[2025-09-15T10:04:25.766+0000] {processor.py:840} INFO - DAG(s) 'clean_hour_data' retrieved from /opt/airflow/dags/clean_hour_data.py
[2025-09-15T10:04:25.793+0000] {logging_mixin.py:188} INFO - [2025-09-15T10:04:25.793+0000] {dag.py:3096} INFO - Sync 1 DAGs
[2025-09-15T10:04:25.804+0000] {logging_mixin.py:188} INFO - [2025-09-15T10:04:25.804+0000] {dag.py:3954} INFO - Setting next_dagrun for clean_hour_data to None, run_after=None
[2025-09-15T10:04:25.826+0000] {processor.py:183} INFO - Processing /opt/airflow/dags/clean_hour_data.py took 0.085 seconds
[2025-09-15T10:04:56.380+0000] {processor.py:161} INFO - Started process (PID=3578) to work on /opt/airflow/dags/clean_hour_data.py
[2025-09-15T10:04:56.382+0000] {processor.py:830} INFO - Processing file /opt/airflow/dags/clean_hour_data.py for tasks to queue
[2025-09-15T10:04:56.383+0000] {logging_mixin.py:188} INFO - [2025-09-15T10:04:56.383+0000] {dagbag.py:540} INFO - Filling up the DagBag from /opt/airflow/dags/clean_hour_data.py
[2025-09-15T10:04:56.401+0000] {processor.py:840} INFO - DAG(s) 'clean_hour_data' retrieved from /opt/airflow/dags/clean_hour_data.py
[2025-09-15T10:04:56.425+0000] {logging_mixin.py:188} INFO - [2025-09-15T10:04:56.425+0000] {dag.py:3096} INFO - Sync 1 DAGs
[2025-09-15T10:04:56.436+0000] {logging_mixin.py:188} INFO - [2025-09-15T10:04:56.436+0000] {dag.py:3954} INFO - Setting next_dagrun for clean_hour_data to None, run_after=None
[2025-09-15T10:04:56.456+0000] {processor.py:183} INFO - Processing /opt/airflow/dags/clean_hour_data.py took 0.081 seconds
[2025-09-15T10:05:26.947+0000] {processor.py:161} INFO - Started process (PID=3613) to work on /opt/airflow/dags/clean_hour_data.py
[2025-09-15T10:05:26.948+0000] {processor.py:830} INFO - Processing file /opt/airflow/dags/clean_hour_data.py for tasks to queue
[2025-09-15T10:05:26.949+0000] {logging_mixin.py:188} INFO - [2025-09-15T10:05:26.948+0000] {dagbag.py:540} INFO - Filling up the DagBag from /opt/airflow/dags/clean_hour_data.py
[2025-09-15T10:05:26.965+0000] {processor.py:840} INFO - DAG(s) 'clean_hour_data' retrieved from /opt/airflow/dags/clean_hour_data.py
[2025-09-15T10:05:26.991+0000] {logging_mixin.py:188} INFO - [2025-09-15T10:05:26.991+0000] {dag.py:3096} INFO - Sync 1 DAGs
[2025-09-15T10:05:27.002+0000] {logging_mixin.py:188} INFO - [2025-09-15T10:05:27.002+0000] {dag.py:3954} INFO - Setting next_dagrun for clean_hour_data to None, run_after=None
[2025-09-15T10:05:27.022+0000] {processor.py:183} INFO - Processing /opt/airflow/dags/clean_hour_data.py took 0.081 seconds
[2025-09-15T10:05:57.376+0000] {processor.py:161} INFO - Started process (PID=3648) to work on /opt/airflow/dags/clean_hour_data.py
[2025-09-15T10:05:57.377+0000] {processor.py:830} INFO - Processing file /opt/airflow/dags/clean_hour_data.py for tasks to queue
[2025-09-15T10:05:57.378+0000] {logging_mixin.py:188} INFO - [2025-09-15T10:05:57.378+0000] {dagbag.py:540} INFO - Filling up the DagBag from /opt/airflow/dags/clean_hour_data.py
[2025-09-15T10:05:57.395+0000] {processor.py:840} INFO - DAG(s) 'clean_hour_data' retrieved from /opt/airflow/dags/clean_hour_data.py
[2025-09-15T10:05:57.424+0000] {logging_mixin.py:188} INFO - [2025-09-15T10:05:57.424+0000] {dag.py:3096} INFO - Sync 1 DAGs
[2025-09-15T10:05:57.437+0000] {logging_mixin.py:188} INFO - [2025-09-15T10:05:57.437+0000] {dag.py:3954} INFO - Setting next_dagrun for clean_hour_data to None, run_after=None
[2025-09-15T10:05:57.459+0000] {processor.py:183} INFO - Processing /opt/airflow/dags/clean_hour_data.py took 0.088 seconds
[2025-09-15T10:06:28.350+0000] {processor.py:161} INFO - Started process (PID=3683) to work on /opt/airflow/dags/clean_hour_data.py
[2025-09-15T10:06:28.352+0000] {processor.py:830} INFO - Processing file /opt/airflow/dags/clean_hour_data.py for tasks to queue
[2025-09-15T10:06:28.352+0000] {logging_mixin.py:188} INFO - [2025-09-15T10:06:28.352+0000] {dagbag.py:540} INFO - Filling up the DagBag from /opt/airflow/dags/clean_hour_data.py
[2025-09-15T10:06:28.369+0000] {processor.py:840} INFO - DAG(s) 'clean_hour_data' retrieved from /opt/airflow/dags/clean_hour_data.py
[2025-09-15T10:06:28.396+0000] {logging_mixin.py:188} INFO - [2025-09-15T10:06:28.395+0000] {dag.py:3096} INFO - Sync 1 DAGs
[2025-09-15T10:06:28.406+0000] {logging_mixin.py:188} INFO - [2025-09-15T10:06:28.406+0000] {dag.py:3954} INFO - Setting next_dagrun for clean_hour_data to None, run_after=None
[2025-09-15T10:06:28.426+0000] {processor.py:183} INFO - Processing /opt/airflow/dags/clean_hour_data.py took 0.081 seconds
[2025-09-15T10:06:59.186+0000] {processor.py:161} INFO - Started process (PID=3718) to work on /opt/airflow/dags/clean_hour_data.py
[2025-09-15T10:06:59.187+0000] {processor.py:830} INFO - Processing file /opt/airflow/dags/clean_hour_data.py for tasks to queue
[2025-09-15T10:06:59.188+0000] {logging_mixin.py:188} INFO - [2025-09-15T10:06:59.188+0000] {dagbag.py:540} INFO - Filling up the DagBag from /opt/airflow/dags/clean_hour_data.py
[2025-09-15T10:06:59.206+0000] {processor.py:840} INFO - DAG(s) 'clean_hour_data' retrieved from /opt/airflow/dags/clean_hour_data.py
[2025-09-15T10:06:59.232+0000] {logging_mixin.py:188} INFO - [2025-09-15T10:06:59.231+0000] {dag.py:3096} INFO - Sync 1 DAGs
[2025-09-15T10:06:59.243+0000] {logging_mixin.py:188} INFO - [2025-09-15T10:06:59.243+0000] {dag.py:3954} INFO - Setting next_dagrun for clean_hour_data to None, run_after=None
[2025-09-15T10:06:59.270+0000] {processor.py:183} INFO - Processing /opt/airflow/dags/clean_hour_data.py took 0.089 seconds
[2025-09-15T10:07:29.724+0000] {processor.py:161} INFO - Started process (PID=3753) to work on /opt/airflow/dags/clean_hour_data.py
[2025-09-15T10:07:29.726+0000] {processor.py:830} INFO - Processing file /opt/airflow/dags/clean_hour_data.py for tasks to queue
[2025-09-15T10:07:29.727+0000] {logging_mixin.py:188} INFO - [2025-09-15T10:07:29.726+0000] {dagbag.py:540} INFO - Filling up the DagBag from /opt/airflow/dags/clean_hour_data.py
[2025-09-15T10:07:29.749+0000] {processor.py:840} INFO - DAG(s) 'clean_hour_data' retrieved from /opt/airflow/dags/clean_hour_data.py
[2025-09-15T10:07:29.779+0000] {logging_mixin.py:188} INFO - [2025-09-15T10:07:29.779+0000] {dag.py:3096} INFO - Sync 1 DAGs
[2025-09-15T10:07:29.791+0000] {logging_mixin.py:188} INFO - [2025-09-15T10:07:29.791+0000] {dag.py:3954} INFO - Setting next_dagrun for clean_hour_data to None, run_after=None
[2025-09-15T10:07:29.814+0000] {processor.py:183} INFO - Processing /opt/airflow/dags/clean_hour_data.py took 0.145 seconds
[2025-09-15T10:08:00.715+0000] {processor.py:161} INFO - Started process (PID=3788) to work on /opt/airflow/dags/clean_hour_data.py
[2025-09-15T10:08:00.719+0000] {processor.py:830} INFO - Processing file /opt/airflow/dags/clean_hour_data.py for tasks to queue
[2025-09-15T10:08:00.723+0000] {logging_mixin.py:188} INFO - [2025-09-15T10:08:00.721+0000] {dagbag.py:540} INFO - Filling up the DagBag from /opt/airflow/dags/clean_hour_data.py
[2025-09-15T10:08:00.779+0000] {processor.py:840} INFO - DAG(s) 'clean_hour_data' retrieved from /opt/airflow/dags/clean_hour_data.py
[2025-09-15T10:08:00.840+0000] {logging_mixin.py:188} INFO - [2025-09-15T10:08:00.839+0000] {dag.py:3096} INFO - Sync 1 DAGs
[2025-09-15T10:08:00.869+0000] {logging_mixin.py:188} INFO - [2025-09-15T10:08:00.868+0000] {dag.py:3954} INFO - Setting next_dagrun for clean_hour_data to None, run_after=None
[2025-09-15T10:08:00.897+0000] {processor.py:183} INFO - Processing /opt/airflow/dags/clean_hour_data.py took 0.199 seconds
[2025-09-15T10:08:31.649+0000] {processor.py:161} INFO - Started process (PID=3823) to work on /opt/airflow/dags/clean_hour_data.py
[2025-09-15T10:08:31.651+0000] {processor.py:830} INFO - Processing file /opt/airflow/dags/clean_hour_data.py for tasks to queue
[2025-09-15T10:08:31.652+0000] {logging_mixin.py:188} INFO - [2025-09-15T10:08:31.652+0000] {dagbag.py:540} INFO - Filling up the DagBag from /opt/airflow/dags/clean_hour_data.py
[2025-09-15T10:08:31.672+0000] {processor.py:840} INFO - DAG(s) 'clean_hour_data' retrieved from /opt/airflow/dags/clean_hour_data.py
[2025-09-15T10:08:31.702+0000] {logging_mixin.py:188} INFO - [2025-09-15T10:08:31.701+0000] {dag.py:3096} INFO - Sync 1 DAGs
[2025-09-15T10:08:31.715+0000] {logging_mixin.py:188} INFO - [2025-09-15T10:08:31.715+0000] {dag.py:3954} INFO - Setting next_dagrun for clean_hour_data to None, run_after=None
[2025-09-15T10:08:31.747+0000] {processor.py:183} INFO - Processing /opt/airflow/dags/clean_hour_data.py took 0.104 seconds
[2025-09-15T10:09:02.543+0000] {processor.py:161} INFO - Started process (PID=3858) to work on /opt/airflow/dags/clean_hour_data.py
[2025-09-15T10:09:02.544+0000] {processor.py:830} INFO - Processing file /opt/airflow/dags/clean_hour_data.py for tasks to queue
[2025-09-15T10:09:02.546+0000] {logging_mixin.py:188} INFO - [2025-09-15T10:09:02.545+0000] {dagbag.py:540} INFO - Filling up the DagBag from /opt/airflow/dags/clean_hour_data.py
[2025-09-15T10:09:02.565+0000] {processor.py:840} INFO - DAG(s) 'clean_hour_data' retrieved from /opt/airflow/dags/clean_hour_data.py
[2025-09-15T10:09:02.594+0000] {logging_mixin.py:188} INFO - [2025-09-15T10:09:02.594+0000] {dag.py:3096} INFO - Sync 1 DAGs
[2025-09-15T10:09:02.608+0000] {logging_mixin.py:188} INFO - [2025-09-15T10:09:02.607+0000] {dag.py:3954} INFO - Setting next_dagrun for clean_hour_data to None, run_after=None
[2025-09-15T10:09:02.629+0000] {processor.py:183} INFO - Processing /opt/airflow/dags/clean_hour_data.py took 0.093 seconds
[2025-09-15T10:09:32.860+0000] {processor.py:161} INFO - Started process (PID=3893) to work on /opt/airflow/dags/clean_hour_data.py
[2025-09-15T10:09:32.862+0000] {processor.py:830} INFO - Processing file /opt/airflow/dags/clean_hour_data.py for tasks to queue
[2025-09-15T10:09:32.863+0000] {logging_mixin.py:188} INFO - [2025-09-15T10:09:32.863+0000] {dagbag.py:540} INFO - Filling up the DagBag from /opt/airflow/dags/clean_hour_data.py
[2025-09-15T10:09:32.884+0000] {processor.py:840} INFO - DAG(s) 'clean_hour_data' retrieved from /opt/airflow/dags/clean_hour_data.py
[2025-09-15T10:09:32.912+0000] {logging_mixin.py:188} INFO - [2025-09-15T10:09:32.911+0000] {dag.py:3096} INFO - Sync 1 DAGs
[2025-09-15T10:09:32.925+0000] {logging_mixin.py:188} INFO - [2025-09-15T10:09:32.925+0000] {dag.py:3954} INFO - Setting next_dagrun for clean_hour_data to None, run_after=None
[2025-09-15T10:09:32.948+0000] {processor.py:183} INFO - Processing /opt/airflow/dags/clean_hour_data.py took 0.094 seconds
[2025-09-15T10:10:03.532+0000] {processor.py:161} INFO - Started process (PID=3928) to work on /opt/airflow/dags/clean_hour_data.py
[2025-09-15T10:10:03.534+0000] {processor.py:830} INFO - Processing file /opt/airflow/dags/clean_hour_data.py for tasks to queue
[2025-09-15T10:10:03.535+0000] {logging_mixin.py:188} INFO - [2025-09-15T10:10:03.534+0000] {dagbag.py:540} INFO - Filling up the DagBag from /opt/airflow/dags/clean_hour_data.py
[2025-09-15T10:10:03.557+0000] {processor.py:840} INFO - DAG(s) 'clean_hour_data' retrieved from /opt/airflow/dags/clean_hour_data.py
[2025-09-15T10:10:03.589+0000] {logging_mixin.py:188} INFO - [2025-09-15T10:10:03.588+0000] {dag.py:3096} INFO - Sync 1 DAGs
[2025-09-15T10:10:03.604+0000] {logging_mixin.py:188} INFO - [2025-09-15T10:10:03.604+0000] {dag.py:3954} INFO - Setting next_dagrun for clean_hour_data to None, run_after=None
[2025-09-15T10:10:03.629+0000] {processor.py:183} INFO - Processing /opt/airflow/dags/clean_hour_data.py took 0.103 seconds
[2025-09-15T10:10:34.090+0000] {processor.py:161} INFO - Started process (PID=3963) to work on /opt/airflow/dags/clean_hour_data.py
[2025-09-15T10:10:34.091+0000] {processor.py:830} INFO - Processing file /opt/airflow/dags/clean_hour_data.py for tasks to queue
[2025-09-15T10:10:34.093+0000] {logging_mixin.py:188} INFO - [2025-09-15T10:10:34.092+0000] {dagbag.py:540} INFO - Filling up the DagBag from /opt/airflow/dags/clean_hour_data.py
[2025-09-15T10:10:34.113+0000] {processor.py:840} INFO - DAG(s) 'clean_hour_data' retrieved from /opt/airflow/dags/clean_hour_data.py
[2025-09-15T10:10:34.146+0000] {logging_mixin.py:188} INFO - [2025-09-15T10:10:34.146+0000] {dag.py:3096} INFO - Sync 1 DAGs
[2025-09-15T10:10:34.160+0000] {logging_mixin.py:188} INFO - [2025-09-15T10:10:34.160+0000] {dag.py:3954} INFO - Setting next_dagrun for clean_hour_data to None, run_after=None
[2025-09-15T10:10:34.185+0000] {processor.py:183} INFO - Processing /opt/airflow/dags/clean_hour_data.py took 0.102 seconds
[2025-09-15T10:11:04.749+0000] {processor.py:161} INFO - Started process (PID=3998) to work on /opt/airflow/dags/clean_hour_data.py
[2025-09-15T10:11:04.750+0000] {processor.py:830} INFO - Processing file /opt/airflow/dags/clean_hour_data.py for tasks to queue
[2025-09-15T10:11:04.752+0000] {logging_mixin.py:188} INFO - [2025-09-15T10:11:04.751+0000] {dagbag.py:540} INFO - Filling up the DagBag from /opt/airflow/dags/clean_hour_data.py
[2025-09-15T10:11:04.773+0000] {processor.py:840} INFO - DAG(s) 'clean_hour_data' retrieved from /opt/airflow/dags/clean_hour_data.py
[2025-09-15T10:11:04.803+0000] {logging_mixin.py:188} INFO - [2025-09-15T10:11:04.803+0000] {dag.py:3096} INFO - Sync 1 DAGs
[2025-09-15T10:11:04.817+0000] {logging_mixin.py:188} INFO - [2025-09-15T10:11:04.817+0000] {dag.py:3954} INFO - Setting next_dagrun for clean_hour_data to None, run_after=None
[2025-09-15T10:11:04.842+0000] {processor.py:183} INFO - Processing /opt/airflow/dags/clean_hour_data.py took 0.099 seconds
[2025-09-15T10:11:35.456+0000] {processor.py:161} INFO - Started process (PID=4033) to work on /opt/airflow/dags/clean_hour_data.py
[2025-09-15T10:11:35.457+0000] {processor.py:830} INFO - Processing file /opt/airflow/dags/clean_hour_data.py for tasks to queue
[2025-09-15T10:11:35.458+0000] {logging_mixin.py:188} INFO - [2025-09-15T10:11:35.458+0000] {dagbag.py:540} INFO - Filling up the DagBag from /opt/airflow/dags/clean_hour_data.py
[2025-09-15T10:11:35.477+0000] {processor.py:840} INFO - DAG(s) 'clean_hour_data' retrieved from /opt/airflow/dags/clean_hour_data.py
[2025-09-15T10:11:35.508+0000] {logging_mixin.py:188} INFO - [2025-09-15T10:11:35.508+0000] {dag.py:3096} INFO - Sync 1 DAGs
[2025-09-15T10:11:35.520+0000] {logging_mixin.py:188} INFO - [2025-09-15T10:11:35.520+0000] {dag.py:3954} INFO - Setting next_dagrun for clean_hour_data to None, run_after=None
[2025-09-15T10:11:35.544+0000] {processor.py:183} INFO - Processing /opt/airflow/dags/clean_hour_data.py took 0.095 seconds
[2025-09-15T10:12:06.170+0000] {processor.py:161} INFO - Started process (PID=4068) to work on /opt/airflow/dags/clean_hour_data.py
[2025-09-15T10:12:06.171+0000] {processor.py:830} INFO - Processing file /opt/airflow/dags/clean_hour_data.py for tasks to queue
[2025-09-15T10:12:06.172+0000] {logging_mixin.py:188} INFO - [2025-09-15T10:12:06.172+0000] {dagbag.py:540} INFO - Filling up the DagBag from /opt/airflow/dags/clean_hour_data.py
[2025-09-15T10:12:06.190+0000] {processor.py:840} INFO - DAG(s) 'clean_hour_data' retrieved from /opt/airflow/dags/clean_hour_data.py
[2025-09-15T10:12:06.219+0000] {logging_mixin.py:188} INFO - [2025-09-15T10:12:06.218+0000] {dag.py:3096} INFO - Sync 1 DAGs
[2025-09-15T10:12:06.232+0000] {logging_mixin.py:188} INFO - [2025-09-15T10:12:06.232+0000] {dag.py:3954} INFO - Setting next_dagrun for clean_hour_data to None, run_after=None
[2025-09-15T10:12:06.253+0000] {processor.py:183} INFO - Processing /opt/airflow/dags/clean_hour_data.py took 0.089 seconds
[2025-09-15T10:12:36.956+0000] {processor.py:161} INFO - Started process (PID=4103) to work on /opt/airflow/dags/clean_hour_data.py
[2025-09-15T10:12:36.958+0000] {processor.py:830} INFO - Processing file /opt/airflow/dags/clean_hour_data.py for tasks to queue
[2025-09-15T10:12:36.959+0000] {logging_mixin.py:188} INFO - [2025-09-15T10:12:36.959+0000] {dagbag.py:540} INFO - Filling up the DagBag from /opt/airflow/dags/clean_hour_data.py
[2025-09-15T10:12:36.984+0000] {processor.py:840} INFO - DAG(s) 'clean_hour_data' retrieved from /opt/airflow/dags/clean_hour_data.py
[2025-09-15T10:12:37.016+0000] {logging_mixin.py:188} INFO - [2025-09-15T10:12:37.015+0000] {dag.py:3096} INFO - Sync 1 DAGs
[2025-09-15T10:12:37.036+0000] {logging_mixin.py:188} INFO - [2025-09-15T10:12:37.035+0000] {dag.py:3954} INFO - Setting next_dagrun for clean_hour_data to None, run_after=None
[2025-09-15T10:12:37.071+0000] {processor.py:183} INFO - Processing /opt/airflow/dags/clean_hour_data.py took 0.124 seconds
[2025-09-15T10:13:07.599+0000] {processor.py:161} INFO - Started process (PID=4138) to work on /opt/airflow/dags/clean_hour_data.py
[2025-09-15T10:13:07.600+0000] {processor.py:830} INFO - Processing file /opt/airflow/dags/clean_hour_data.py for tasks to queue
[2025-09-15T10:13:07.601+0000] {logging_mixin.py:188} INFO - [2025-09-15T10:13:07.601+0000] {dagbag.py:540} INFO - Filling up the DagBag from /opt/airflow/dags/clean_hour_data.py
[2025-09-15T10:13:07.618+0000] {processor.py:840} INFO - DAG(s) 'clean_hour_data' retrieved from /opt/airflow/dags/clean_hour_data.py
[2025-09-15T10:13:07.647+0000] {logging_mixin.py:188} INFO - [2025-09-15T10:13:07.647+0000] {dag.py:3096} INFO - Sync 1 DAGs
[2025-09-15T10:13:07.659+0000] {logging_mixin.py:188} INFO - [2025-09-15T10:13:07.659+0000] {dag.py:3954} INFO - Setting next_dagrun for clean_hour_data to None, run_after=None
[2025-09-15T10:13:07.680+0000] {processor.py:183} INFO - Processing /opt/airflow/dags/clean_hour_data.py took 0.087 seconds
[2025-09-15T10:13:38.206+0000] {processor.py:161} INFO - Started process (PID=4173) to work on /opt/airflow/dags/clean_hour_data.py
[2025-09-15T10:13:38.207+0000] {processor.py:830} INFO - Processing file /opt/airflow/dags/clean_hour_data.py for tasks to queue
[2025-09-15T10:13:38.208+0000] {logging_mixin.py:188} INFO - [2025-09-15T10:13:38.208+0000] {dagbag.py:540} INFO - Filling up the DagBag from /opt/airflow/dags/clean_hour_data.py
[2025-09-15T10:13:38.227+0000] {processor.py:840} INFO - DAG(s) 'clean_hour_data' retrieved from /opt/airflow/dags/clean_hour_data.py
[2025-09-15T10:13:38.253+0000] {logging_mixin.py:188} INFO - [2025-09-15T10:13:38.253+0000] {dag.py:3096} INFO - Sync 1 DAGs
[2025-09-15T10:13:38.266+0000] {logging_mixin.py:188} INFO - [2025-09-15T10:13:38.266+0000] {dag.py:3954} INFO - Setting next_dagrun for clean_hour_data to None, run_after=None
[2025-09-15T10:13:38.288+0000] {processor.py:183} INFO - Processing /opt/airflow/dags/clean_hour_data.py took 0.090 seconds
[2025-09-15T10:14:08.746+0000] {processor.py:161} INFO - Started process (PID=4208) to work on /opt/airflow/dags/clean_hour_data.py
[2025-09-15T10:14:08.747+0000] {processor.py:830} INFO - Processing file /opt/airflow/dags/clean_hour_data.py for tasks to queue
[2025-09-15T10:14:08.749+0000] {logging_mixin.py:188} INFO - [2025-09-15T10:14:08.748+0000] {dagbag.py:540} INFO - Filling up the DagBag from /opt/airflow/dags/clean_hour_data.py
[2025-09-15T10:14:08.769+0000] {processor.py:840} INFO - DAG(s) 'clean_hour_data' retrieved from /opt/airflow/dags/clean_hour_data.py
[2025-09-15T10:14:08.803+0000] {logging_mixin.py:188} INFO - [2025-09-15T10:14:08.803+0000] {dag.py:3096} INFO - Sync 1 DAGs
[2025-09-15T10:14:08.820+0000] {logging_mixin.py:188} INFO - [2025-09-15T10:14:08.820+0000] {dag.py:3954} INFO - Setting next_dagrun for clean_hour_data to None, run_after=None
[2025-09-15T10:14:08.851+0000] {processor.py:183} INFO - Processing /opt/airflow/dags/clean_hour_data.py took 0.113 seconds
[2025-09-15T10:14:39.431+0000] {processor.py:161} INFO - Started process (PID=4243) to work on /opt/airflow/dags/clean_hour_data.py
[2025-09-15T10:14:39.432+0000] {processor.py:830} INFO - Processing file /opt/airflow/dags/clean_hour_data.py for tasks to queue
[2025-09-15T10:14:39.434+0000] {logging_mixin.py:188} INFO - [2025-09-15T10:14:39.433+0000] {dagbag.py:540} INFO - Filling up the DagBag from /opt/airflow/dags/clean_hour_data.py
[2025-09-15T10:14:39.461+0000] {processor.py:840} INFO - DAG(s) 'clean_hour_data' retrieved from /opt/airflow/dags/clean_hour_data.py
[2025-09-15T10:14:39.491+0000] {logging_mixin.py:188} INFO - [2025-09-15T10:14:39.490+0000] {dag.py:3096} INFO - Sync 1 DAGs
[2025-09-15T10:14:39.504+0000] {logging_mixin.py:188} INFO - [2025-09-15T10:14:39.504+0000] {dag.py:3954} INFO - Setting next_dagrun for clean_hour_data to None, run_after=None
[2025-09-15T10:14:39.558+0000] {processor.py:183} INFO - Processing /opt/airflow/dags/clean_hour_data.py took 0.136 seconds
[2025-09-15T10:15:10.028+0000] {processor.py:161} INFO - Started process (PID=4278) to work on /opt/airflow/dags/clean_hour_data.py
[2025-09-15T10:15:10.029+0000] {processor.py:830} INFO - Processing file /opt/airflow/dags/clean_hour_data.py for tasks to queue
[2025-09-15T10:15:10.030+0000] {logging_mixin.py:188} INFO - [2025-09-15T10:15:10.030+0000] {dagbag.py:540} INFO - Filling up the DagBag from /opt/airflow/dags/clean_hour_data.py
[2025-09-15T10:15:10.046+0000] {processor.py:840} INFO - DAG(s) 'clean_hour_data' retrieved from /opt/airflow/dags/clean_hour_data.py
[2025-09-15T10:15:10.074+0000] {logging_mixin.py:188} INFO - [2025-09-15T10:15:10.074+0000] {dag.py:3096} INFO - Sync 1 DAGs
[2025-09-15T10:15:10.085+0000] {logging_mixin.py:188} INFO - [2025-09-15T10:15:10.085+0000] {dag.py:3954} INFO - Setting next_dagrun for clean_hour_data to None, run_after=None
[2025-09-15T10:15:10.105+0000] {processor.py:183} INFO - Processing /opt/airflow/dags/clean_hour_data.py took 0.084 seconds
[2025-09-15T10:15:40.610+0000] {processor.py:161} INFO - Started process (PID=4313) to work on /opt/airflow/dags/clean_hour_data.py
[2025-09-15T10:15:40.611+0000] {processor.py:830} INFO - Processing file /opt/airflow/dags/clean_hour_data.py for tasks to queue
[2025-09-15T10:15:40.613+0000] {logging_mixin.py:188} INFO - [2025-09-15T10:15:40.612+0000] {dagbag.py:540} INFO - Filling up the DagBag from /opt/airflow/dags/clean_hour_data.py
[2025-09-15T10:15:40.639+0000] {processor.py:840} INFO - DAG(s) 'clean_hour_data' retrieved from /opt/airflow/dags/clean_hour_data.py
[2025-09-15T10:15:40.709+0000] {logging_mixin.py:188} INFO - [2025-09-15T10:15:40.708+0000] {dag.py:3096} INFO - Sync 1 DAGs
[2025-09-15T10:15:40.734+0000] {logging_mixin.py:188} INFO - [2025-09-15T10:15:40.733+0000] {dag.py:3954} INFO - Setting next_dagrun for clean_hour_data to None, run_after=None
[2025-09-15T10:15:40.778+0000] {processor.py:183} INFO - Processing /opt/airflow/dags/clean_hour_data.py took 0.179 seconds
[2025-09-15T10:16:11.456+0000] {processor.py:161} INFO - Started process (PID=4348) to work on /opt/airflow/dags/clean_hour_data.py
[2025-09-15T10:16:11.457+0000] {processor.py:830} INFO - Processing file /opt/airflow/dags/clean_hour_data.py for tasks to queue
[2025-09-15T10:16:11.458+0000] {logging_mixin.py:188} INFO - [2025-09-15T10:16:11.458+0000] {dagbag.py:540} INFO - Filling up the DagBag from /opt/airflow/dags/clean_hour_data.py
[2025-09-15T10:16:11.478+0000] {processor.py:840} INFO - DAG(s) 'clean_hour_data' retrieved from /opt/airflow/dags/clean_hour_data.py
[2025-09-15T10:16:11.520+0000] {logging_mixin.py:188} INFO - [2025-09-15T10:16:11.520+0000] {dag.py:3096} INFO - Sync 1 DAGs
[2025-09-15T10:16:11.536+0000] {logging_mixin.py:188} INFO - [2025-09-15T10:16:11.536+0000] {dag.py:3954} INFO - Setting next_dagrun for clean_hour_data to None, run_after=None
[2025-09-15T10:16:11.567+0000] {processor.py:183} INFO - Processing /opt/airflow/dags/clean_hour_data.py took 0.117 seconds
[2025-09-15T10:16:41.792+0000] {processor.py:161} INFO - Started process (PID=4383) to work on /opt/airflow/dags/clean_hour_data.py
[2025-09-15T10:16:41.793+0000] {processor.py:830} INFO - Processing file /opt/airflow/dags/clean_hour_data.py for tasks to queue
[2025-09-15T10:16:41.794+0000] {logging_mixin.py:188} INFO - [2025-09-15T10:16:41.794+0000] {dagbag.py:540} INFO - Filling up the DagBag from /opt/airflow/dags/clean_hour_data.py
[2025-09-15T10:16:41.811+0000] {processor.py:840} INFO - DAG(s) 'clean_hour_data' retrieved from /opt/airflow/dags/clean_hour_data.py
[2025-09-15T10:16:41.840+0000] {logging_mixin.py:188} INFO - [2025-09-15T10:16:41.839+0000] {dag.py:3096} INFO - Sync 1 DAGs
[2025-09-15T10:16:41.852+0000] {logging_mixin.py:188} INFO - [2025-09-15T10:16:41.851+0000] {dag.py:3954} INFO - Setting next_dagrun for clean_hour_data to None, run_after=None
[2025-09-15T10:16:41.871+0000] {processor.py:183} INFO - Processing /opt/airflow/dags/clean_hour_data.py took 0.085 seconds
[2025-09-15T10:17:12.493+0000] {processor.py:161} INFO - Started process (PID=4418) to work on /opt/airflow/dags/clean_hour_data.py
[2025-09-15T10:17:12.495+0000] {processor.py:830} INFO - Processing file /opt/airflow/dags/clean_hour_data.py for tasks to queue
[2025-09-15T10:17:12.496+0000] {logging_mixin.py:188} INFO - [2025-09-15T10:17:12.495+0000] {dagbag.py:540} INFO - Filling up the DagBag from /opt/airflow/dags/clean_hour_data.py
[2025-09-15T10:17:12.517+0000] {processor.py:840} INFO - DAG(s) 'clean_hour_data' retrieved from /opt/airflow/dags/clean_hour_data.py
[2025-09-15T10:17:12.547+0000] {logging_mixin.py:188} INFO - [2025-09-15T10:17:12.546+0000] {dag.py:3096} INFO - Sync 1 DAGs
[2025-09-15T10:17:12.558+0000] {logging_mixin.py:188} INFO - [2025-09-15T10:17:12.558+0000] {dag.py:3954} INFO - Setting next_dagrun for clean_hour_data to None, run_after=None
[2025-09-15T10:17:12.580+0000] {processor.py:183} INFO - Processing /opt/airflow/dags/clean_hour_data.py took 0.093 seconds
[2025-09-15T10:17:43.218+0000] {processor.py:161} INFO - Started process (PID=4453) to work on /opt/airflow/dags/clean_hour_data.py
[2025-09-15T10:17:43.219+0000] {processor.py:830} INFO - Processing file /opt/airflow/dags/clean_hour_data.py for tasks to queue
[2025-09-15T10:17:43.220+0000] {logging_mixin.py:188} INFO - [2025-09-15T10:17:43.220+0000] {dagbag.py:540} INFO - Filling up the DagBag from /opt/airflow/dags/clean_hour_data.py
[2025-09-15T10:17:43.306+0000] {processor.py:840} INFO - DAG(s) 'clean_hour_data' retrieved from /opt/airflow/dags/clean_hour_data.py
[2025-09-15T10:17:43.415+0000] {logging_mixin.py:188} INFO - [2025-09-15T10:17:43.415+0000] {dag.py:3096} INFO - Sync 1 DAGs
[2025-09-15T10:17:43.446+0000] {logging_mixin.py:188} INFO - [2025-09-15T10:17:43.446+0000] {dag.py:3954} INFO - Setting next_dagrun for clean_hour_data to None, run_after=None
[2025-09-15T10:17:43.474+0000] {processor.py:183} INFO - Processing /opt/airflow/dags/clean_hour_data.py took 0.271 seconds
[2025-09-15T10:18:13.898+0000] {processor.py:161} INFO - Started process (PID=4488) to work on /opt/airflow/dags/clean_hour_data.py
[2025-09-15T10:18:13.899+0000] {processor.py:830} INFO - Processing file /opt/airflow/dags/clean_hour_data.py for tasks to queue
[2025-09-15T10:18:13.900+0000] {logging_mixin.py:188} INFO - [2025-09-15T10:18:13.900+0000] {dagbag.py:540} INFO - Filling up the DagBag from /opt/airflow/dags/clean_hour_data.py
[2025-09-15T10:18:13.921+0000] {processor.py:840} INFO - DAG(s) 'clean_hour_data' retrieved from /opt/airflow/dags/clean_hour_data.py
[2025-09-15T10:18:13.950+0000] {logging_mixin.py:188} INFO - [2025-09-15T10:18:13.950+0000] {dag.py:3096} INFO - Sync 1 DAGs
[2025-09-15T10:18:13.961+0000] {logging_mixin.py:188} INFO - [2025-09-15T10:18:13.961+0000] {dag.py:3954} INFO - Setting next_dagrun for clean_hour_data to None, run_after=None
[2025-09-15T10:18:13.983+0000] {processor.py:183} INFO - Processing /opt/airflow/dags/clean_hour_data.py took 0.092 seconds
[2025-09-15T10:18:44.565+0000] {processor.py:161} INFO - Started process (PID=4523) to work on /opt/airflow/dags/clean_hour_data.py
[2025-09-15T10:18:44.566+0000] {processor.py:830} INFO - Processing file /opt/airflow/dags/clean_hour_data.py for tasks to queue
[2025-09-15T10:18:44.567+0000] {logging_mixin.py:188} INFO - [2025-09-15T10:18:44.567+0000] {dagbag.py:540} INFO - Filling up the DagBag from /opt/airflow/dags/clean_hour_data.py
[2025-09-15T10:18:44.586+0000] {processor.py:840} INFO - DAG(s) 'clean_hour_data' retrieved from /opt/airflow/dags/clean_hour_data.py
[2025-09-15T10:18:44.613+0000] {logging_mixin.py:188} INFO - [2025-09-15T10:18:44.613+0000] {dag.py:3096} INFO - Sync 1 DAGs
[2025-09-15T10:18:44.627+0000] {logging_mixin.py:188} INFO - [2025-09-15T10:18:44.627+0000] {dag.py:3954} INFO - Setting next_dagrun for clean_hour_data to None, run_after=None
[2025-09-15T10:18:44.652+0000] {processor.py:183} INFO - Processing /opt/airflow/dags/clean_hour_data.py took 0.094 seconds
[2025-09-15T10:19:15.189+0000] {processor.py:161} INFO - Started process (PID=4558) to work on /opt/airflow/dags/clean_hour_data.py
[2025-09-15T10:19:15.191+0000] {processor.py:830} INFO - Processing file /opt/airflow/dags/clean_hour_data.py for tasks to queue
[2025-09-15T10:19:15.191+0000] {logging_mixin.py:188} INFO - [2025-09-15T10:19:15.191+0000] {dagbag.py:540} INFO - Filling up the DagBag from /opt/airflow/dags/clean_hour_data.py
[2025-09-15T10:19:15.211+0000] {processor.py:840} INFO - DAG(s) 'clean_hour_data' retrieved from /opt/airflow/dags/clean_hour_data.py
[2025-09-15T10:19:15.243+0000] {logging_mixin.py:188} INFO - [2025-09-15T10:19:15.242+0000] {dag.py:3096} INFO - Sync 1 DAGs
[2025-09-15T10:19:15.254+0000] {logging_mixin.py:188} INFO - [2025-09-15T10:19:15.254+0000] {dag.py:3954} INFO - Setting next_dagrun for clean_hour_data to None, run_after=None
[2025-09-15T10:19:15.275+0000] {processor.py:183} INFO - Processing /opt/airflow/dags/clean_hour_data.py took 0.094 seconds
[2025-09-15T10:19:46.110+0000] {processor.py:161} INFO - Started process (PID=4593) to work on /opt/airflow/dags/clean_hour_data.py
[2025-09-15T10:19:46.111+0000] {processor.py:830} INFO - Processing file /opt/airflow/dags/clean_hour_data.py for tasks to queue
[2025-09-15T10:19:46.112+0000] {logging_mixin.py:188} INFO - [2025-09-15T10:19:46.112+0000] {dagbag.py:540} INFO - Filling up the DagBag from /opt/airflow/dags/clean_hour_data.py
[2025-09-15T10:19:46.149+0000] {processor.py:840} INFO - DAG(s) 'clean_hour_data' retrieved from /opt/airflow/dags/clean_hour_data.py
[2025-09-15T10:19:46.312+0000] {logging_mixin.py:188} INFO - [2025-09-15T10:19:46.309+0000] {dag.py:3096} INFO - Sync 1 DAGs
[2025-09-15T10:19:46.400+0000] {logging_mixin.py:188} INFO - [2025-09-15T10:19:46.399+0000] {dag.py:3954} INFO - Setting next_dagrun for clean_hour_data to None, run_after=None
[2025-09-15T10:19:46.439+0000] {processor.py:183} INFO - Processing /opt/airflow/dags/clean_hour_data.py took 0.338 seconds
[2025-09-15T10:20:17.054+0000] {processor.py:161} INFO - Started process (PID=4628) to work on /opt/airflow/dags/clean_hour_data.py
[2025-09-15T10:20:17.055+0000] {processor.py:830} INFO - Processing file /opt/airflow/dags/clean_hour_data.py for tasks to queue
[2025-09-15T10:20:17.057+0000] {logging_mixin.py:188} INFO - [2025-09-15T10:20:17.056+0000] {dagbag.py:540} INFO - Filling up the DagBag from /opt/airflow/dags/clean_hour_data.py
[2025-09-15T10:20:17.075+0000] {processor.py:840} INFO - DAG(s) 'clean_hour_data' retrieved from /opt/airflow/dags/clean_hour_data.py
[2025-09-15T10:20:17.104+0000] {logging_mixin.py:188} INFO - [2025-09-15T10:20:17.104+0000] {dag.py:3096} INFO - Sync 1 DAGs
[2025-09-15T10:20:17.117+0000] {logging_mixin.py:188} INFO - [2025-09-15T10:20:17.117+0000] {dag.py:3954} INFO - Setting next_dagrun for clean_hour_data to None, run_after=None
[2025-09-15T10:20:17.137+0000] {processor.py:183} INFO - Processing /opt/airflow/dags/clean_hour_data.py took 0.089 seconds
[2025-09-15T10:20:47.804+0000] {processor.py:161} INFO - Started process (PID=4663) to work on /opt/airflow/dags/clean_hour_data.py
[2025-09-15T10:20:47.806+0000] {processor.py:830} INFO - Processing file /opt/airflow/dags/clean_hour_data.py for tasks to queue
[2025-09-15T10:20:47.807+0000] {logging_mixin.py:188} INFO - [2025-09-15T10:20:47.806+0000] {dagbag.py:540} INFO - Filling up the DagBag from /opt/airflow/dags/clean_hour_data.py
[2025-09-15T10:20:47.827+0000] {processor.py:840} INFO - DAG(s) 'clean_hour_data' retrieved from /opt/airflow/dags/clean_hour_data.py
[2025-09-15T10:20:47.856+0000] {logging_mixin.py:188} INFO - [2025-09-15T10:20:47.856+0000] {dag.py:3096} INFO - Sync 1 DAGs
[2025-09-15T10:20:47.868+0000] {logging_mixin.py:188} INFO - [2025-09-15T10:20:47.868+0000] {dag.py:3954} INFO - Setting next_dagrun for clean_hour_data to None, run_after=None
[2025-09-15T10:20:47.892+0000] {processor.py:183} INFO - Processing /opt/airflow/dags/clean_hour_data.py took 0.094 seconds
[2025-09-15T10:21:18.572+0000] {processor.py:161} INFO - Started process (PID=4698) to work on /opt/airflow/dags/clean_hour_data.py
[2025-09-15T10:21:18.573+0000] {processor.py:830} INFO - Processing file /opt/airflow/dags/clean_hour_data.py for tasks to queue
[2025-09-15T10:21:18.574+0000] {logging_mixin.py:188} INFO - [2025-09-15T10:21:18.574+0000] {dagbag.py:540} INFO - Filling up the DagBag from /opt/airflow/dags/clean_hour_data.py
[2025-09-15T10:21:18.592+0000] {processor.py:840} INFO - DAG(s) 'clean_hour_data' retrieved from /opt/airflow/dags/clean_hour_data.py
[2025-09-15T10:21:18.619+0000] {logging_mixin.py:188} INFO - [2025-09-15T10:21:18.618+0000] {dag.py:3096} INFO - Sync 1 DAGs
[2025-09-15T10:21:18.630+0000] {logging_mixin.py:188} INFO - [2025-09-15T10:21:18.630+0000] {dag.py:3954} INFO - Setting next_dagrun for clean_hour_data to None, run_after=None
[2025-09-15T10:21:18.651+0000] {processor.py:183} INFO - Processing /opt/airflow/dags/clean_hour_data.py took 0.084 seconds
[2025-09-15T10:21:49.218+0000] {processor.py:161} INFO - Started process (PID=4733) to work on /opt/airflow/dags/clean_hour_data.py
[2025-09-15T10:21:49.219+0000] {processor.py:830} INFO - Processing file /opt/airflow/dags/clean_hour_data.py for tasks to queue
[2025-09-15T10:21:49.220+0000] {logging_mixin.py:188} INFO - [2025-09-15T10:21:49.219+0000] {dagbag.py:540} INFO - Filling up the DagBag from /opt/airflow/dags/clean_hour_data.py
[2025-09-15T10:21:49.235+0000] {processor.py:840} INFO - DAG(s) 'clean_hour_data' retrieved from /opt/airflow/dags/clean_hour_data.py
[2025-09-15T10:21:49.260+0000] {logging_mixin.py:188} INFO - [2025-09-15T10:21:49.260+0000] {dag.py:3096} INFO - Sync 1 DAGs
[2025-09-15T10:21:49.271+0000] {logging_mixin.py:188} INFO - [2025-09-15T10:21:49.271+0000] {dag.py:3954} INFO - Setting next_dagrun for clean_hour_data to None, run_after=None
[2025-09-15T10:21:49.289+0000] {processor.py:183} INFO - Processing /opt/airflow/dags/clean_hour_data.py took 0.077 seconds
[2025-09-15T10:22:20.358+0000] {processor.py:161} INFO - Started process (PID=4768) to work on /opt/airflow/dags/clean_hour_data.py
[2025-09-15T10:22:20.359+0000] {processor.py:830} INFO - Processing file /opt/airflow/dags/clean_hour_data.py for tasks to queue
[2025-09-15T10:22:20.360+0000] {logging_mixin.py:188} INFO - [2025-09-15T10:22:20.360+0000] {dagbag.py:540} INFO - Filling up the DagBag from /opt/airflow/dags/clean_hour_data.py
[2025-09-15T10:22:20.379+0000] {processor.py:840} INFO - DAG(s) 'clean_hour_data' retrieved from /opt/airflow/dags/clean_hour_data.py
[2025-09-15T10:22:20.404+0000] {logging_mixin.py:188} INFO - [2025-09-15T10:22:20.403+0000] {dag.py:3096} INFO - Sync 1 DAGs
[2025-09-15T10:22:20.415+0000] {logging_mixin.py:188} INFO - [2025-09-15T10:22:20.415+0000] {dag.py:3954} INFO - Setting next_dagrun for clean_hour_data to None, run_after=None
[2025-09-15T10:22:20.433+0000] {processor.py:183} INFO - Processing /opt/airflow/dags/clean_hour_data.py took 0.081 seconds
[2025-09-15T10:22:50.754+0000] {processor.py:161} INFO - Started process (PID=4803) to work on /opt/airflow/dags/clean_hour_data.py
[2025-09-15T10:22:50.755+0000] {processor.py:830} INFO - Processing file /opt/airflow/dags/clean_hour_data.py for tasks to queue
[2025-09-15T10:22:50.756+0000] {logging_mixin.py:188} INFO - [2025-09-15T10:22:50.755+0000] {dagbag.py:540} INFO - Filling up the DagBag from /opt/airflow/dags/clean_hour_data.py
[2025-09-15T10:22:50.774+0000] {processor.py:840} INFO - DAG(s) 'clean_hour_data' retrieved from /opt/airflow/dags/clean_hour_data.py
[2025-09-15T10:22:50.801+0000] {logging_mixin.py:188} INFO - [2025-09-15T10:22:50.800+0000] {dag.py:3096} INFO - Sync 1 DAGs
[2025-09-15T10:22:50.812+0000] {logging_mixin.py:188} INFO - [2025-09-15T10:22:50.811+0000] {dag.py:3954} INFO - Setting next_dagrun for clean_hour_data to None, run_after=None
[2025-09-15T10:22:50.837+0000] {processor.py:183} INFO - Processing /opt/airflow/dags/clean_hour_data.py took 0.089 seconds
[2025-09-15T10:23:21.315+0000] {processor.py:161} INFO - Started process (PID=4838) to work on /opt/airflow/dags/clean_hour_data.py
[2025-09-15T10:23:21.316+0000] {processor.py:830} INFO - Processing file /opt/airflow/dags/clean_hour_data.py for tasks to queue
[2025-09-15T10:23:21.317+0000] {logging_mixin.py:188} INFO - [2025-09-15T10:23:21.317+0000] {dagbag.py:540} INFO - Filling up the DagBag from /opt/airflow/dags/clean_hour_data.py
[2025-09-15T10:23:21.337+0000] {processor.py:840} INFO - DAG(s) 'clean_hour_data' retrieved from /opt/airflow/dags/clean_hour_data.py
[2025-09-15T10:23:21.371+0000] {logging_mixin.py:188} INFO - [2025-09-15T10:23:21.371+0000] {dag.py:3096} INFO - Sync 1 DAGs
[2025-09-15T10:23:21.389+0000] {logging_mixin.py:188} INFO - [2025-09-15T10:23:21.389+0000] {dag.py:3954} INFO - Setting next_dagrun for clean_hour_data to None, run_after=None
[2025-09-15T10:23:21.433+0000] {processor.py:183} INFO - Processing /opt/airflow/dags/clean_hour_data.py took 0.124 seconds
[2025-09-15T10:23:51.353+0000] {processor.py:161} INFO - Started process (PID=4873) to work on /opt/airflow/dags/clean_hour_data.py
[2025-09-15T10:23:51.354+0000] {processor.py:830} INFO - Processing file /opt/airflow/dags/clean_hour_data.py for tasks to queue
[2025-09-15T10:23:51.355+0000] {logging_mixin.py:188} INFO - [2025-09-15T10:23:51.355+0000] {dagbag.py:540} INFO - Filling up the DagBag from /opt/airflow/dags/clean_hour_data.py
[2025-09-15T10:23:51.372+0000] {processor.py:840} INFO - DAG(s) 'clean_hour_data' retrieved from /opt/airflow/dags/clean_hour_data.py
[2025-09-15T10:23:51.396+0000] {logging_mixin.py:188} INFO - [2025-09-15T10:23:51.396+0000] {dag.py:3096} INFO - Sync 1 DAGs
[2025-09-15T10:23:51.407+0000] {logging_mixin.py:188} INFO - [2025-09-15T10:23:51.407+0000] {dag.py:3954} INFO - Setting next_dagrun for clean_hour_data to None, run_after=None
[2025-09-15T10:23:51.431+0000] {processor.py:183} INFO - Processing /opt/airflow/dags/clean_hour_data.py took 0.083 seconds
[2025-09-15T10:24:22.249+0000] {processor.py:161} INFO - Started process (PID=4913) to work on /opt/airflow/dags/clean_hour_data.py
[2025-09-15T10:24:22.252+0000] {processor.py:830} INFO - Processing file /opt/airflow/dags/clean_hour_data.py for tasks to queue
[2025-09-15T10:24:22.254+0000] {logging_mixin.py:188} INFO - [2025-09-15T10:24:22.253+0000] {dagbag.py:540} INFO - Filling up the DagBag from /opt/airflow/dags/clean_hour_data.py
[2025-09-15T10:24:22.277+0000] {processor.py:840} INFO - DAG(s) 'clean_hour_data' retrieved from /opt/airflow/dags/clean_hour_data.py
[2025-09-15T10:24:22.318+0000] {logging_mixin.py:188} INFO - [2025-09-15T10:24:22.317+0000] {dag.py:3096} INFO - Sync 1 DAGs
[2025-09-15T10:24:22.340+0000] {logging_mixin.py:188} INFO - [2025-09-15T10:24:22.339+0000] {dag.py:3954} INFO - Setting next_dagrun for clean_hour_data to None, run_after=None
[2025-09-15T10:24:22.384+0000] {processor.py:183} INFO - Processing /opt/airflow/dags/clean_hour_data.py took 0.142 seconds
[2025-09-15T10:24:52.701+0000] {processor.py:161} INFO - Started process (PID=4948) to work on /opt/airflow/dags/clean_hour_data.py
[2025-09-15T10:24:52.702+0000] {processor.py:830} INFO - Processing file /opt/airflow/dags/clean_hour_data.py for tasks to queue
[2025-09-15T10:24:52.703+0000] {logging_mixin.py:188} INFO - [2025-09-15T10:24:52.702+0000] {dagbag.py:540} INFO - Filling up the DagBag from /opt/airflow/dags/clean_hour_data.py
[2025-09-15T10:24:52.719+0000] {processor.py:840} INFO - DAG(s) 'clean_hour_data' retrieved from /opt/airflow/dags/clean_hour_data.py
[2025-09-15T10:24:52.746+0000] {logging_mixin.py:188} INFO - [2025-09-15T10:24:52.746+0000] {dag.py:3096} INFO - Sync 1 DAGs
[2025-09-15T10:24:52.758+0000] {logging_mixin.py:188} INFO - [2025-09-15T10:24:52.757+0000] {dag.py:3954} INFO - Setting next_dagrun for clean_hour_data to None, run_after=None
[2025-09-15T10:24:52.779+0000] {processor.py:183} INFO - Processing /opt/airflow/dags/clean_hour_data.py took 0.084 seconds
[2025-09-15T10:25:23.163+0000] {processor.py:161} INFO - Started process (PID=4983) to work on /opt/airflow/dags/clean_hour_data.py
[2025-09-15T10:25:23.164+0000] {processor.py:830} INFO - Processing file /opt/airflow/dags/clean_hour_data.py for tasks to queue
[2025-09-15T10:25:23.165+0000] {logging_mixin.py:188} INFO - [2025-09-15T10:25:23.164+0000] {dagbag.py:540} INFO - Filling up the DagBag from /opt/airflow/dags/clean_hour_data.py
[2025-09-15T10:25:23.186+0000] {processor.py:840} INFO - DAG(s) 'clean_hour_data' retrieved from /opt/airflow/dags/clean_hour_data.py
[2025-09-15T10:25:23.213+0000] {logging_mixin.py:188} INFO - [2025-09-15T10:25:23.212+0000] {dag.py:3096} INFO - Sync 1 DAGs
[2025-09-15T10:25:23.225+0000] {logging_mixin.py:188} INFO - [2025-09-15T10:25:23.224+0000] {dag.py:3954} INFO - Setting next_dagrun for clean_hour_data to None, run_after=None
[2025-09-15T10:25:23.245+0000] {processor.py:183} INFO - Processing /opt/airflow/dags/clean_hour_data.py took 0.093 seconds
[2025-09-15T10:25:53.718+0000] {processor.py:161} INFO - Started process (PID=5018) to work on /opt/airflow/dags/clean_hour_data.py
[2025-09-15T10:25:53.720+0000] {processor.py:830} INFO - Processing file /opt/airflow/dags/clean_hour_data.py for tasks to queue
[2025-09-15T10:25:53.721+0000] {logging_mixin.py:188} INFO - [2025-09-15T10:25:53.720+0000] {dagbag.py:540} INFO - Filling up the DagBag from /opt/airflow/dags/clean_hour_data.py
[2025-09-15T10:25:53.743+0000] {processor.py:840} INFO - DAG(s) 'clean_hour_data' retrieved from /opt/airflow/dags/clean_hour_data.py
[2025-09-15T10:25:53.771+0000] {logging_mixin.py:188} INFO - [2025-09-15T10:25:53.770+0000] {dag.py:3096} INFO - Sync 1 DAGs
[2025-09-15T10:25:53.783+0000] {logging_mixin.py:188} INFO - [2025-09-15T10:25:53.783+0000] {dag.py:3954} INFO - Setting next_dagrun for clean_hour_data to None, run_after=None
[2025-09-15T10:25:53.803+0000] {processor.py:183} INFO - Processing /opt/airflow/dags/clean_hour_data.py took 0.097 seconds
[2025-09-15T10:26:24.157+0000] {processor.py:161} INFO - Started process (PID=5053) to work on /opt/airflow/dags/clean_hour_data.py
[2025-09-15T10:26:24.158+0000] {processor.py:830} INFO - Processing file /opt/airflow/dags/clean_hour_data.py for tasks to queue
[2025-09-15T10:26:24.159+0000] {logging_mixin.py:188} INFO - [2025-09-15T10:26:24.159+0000] {dagbag.py:540} INFO - Filling up the DagBag from /opt/airflow/dags/clean_hour_data.py
[2025-09-15T10:26:24.177+0000] {processor.py:840} INFO - DAG(s) 'clean_hour_data' retrieved from /opt/airflow/dags/clean_hour_data.py
[2025-09-15T10:26:24.241+0000] {logging_mixin.py:188} INFO - [2025-09-15T10:26:24.240+0000] {dag.py:3096} INFO - Sync 1 DAGs
[2025-09-15T10:26:24.261+0000] {logging_mixin.py:188} INFO - [2025-09-15T10:26:24.261+0000] {dag.py:3954} INFO - Setting next_dagrun for clean_hour_data to None, run_after=None
[2025-09-15T10:26:24.283+0000] {processor.py:183} INFO - Processing /opt/airflow/dags/clean_hour_data.py took 0.134 seconds
[2025-09-15T10:26:54.676+0000] {processor.py:161} INFO - Started process (PID=5088) to work on /opt/airflow/dags/clean_hour_data.py
[2025-09-15T10:26:54.677+0000] {processor.py:830} INFO - Processing file /opt/airflow/dags/clean_hour_data.py for tasks to queue
[2025-09-15T10:26:54.678+0000] {logging_mixin.py:188} INFO - [2025-09-15T10:26:54.678+0000] {dagbag.py:540} INFO - Filling up the DagBag from /opt/airflow/dags/clean_hour_data.py
[2025-09-15T10:26:54.695+0000] {processor.py:840} INFO - DAG(s) 'clean_hour_data' retrieved from /opt/airflow/dags/clean_hour_data.py
[2025-09-15T10:26:54.722+0000] {logging_mixin.py:188} INFO - [2025-09-15T10:26:54.722+0000] {dag.py:3096} INFO - Sync 1 DAGs
[2025-09-15T10:26:54.735+0000] {logging_mixin.py:188} INFO - [2025-09-15T10:26:54.734+0000] {dag.py:3954} INFO - Setting next_dagrun for clean_hour_data to None, run_after=None
[2025-09-15T10:26:54.754+0000] {processor.py:183} INFO - Processing /opt/airflow/dags/clean_hour_data.py took 0.085 seconds
[2025-09-15T10:27:25.444+0000] {processor.py:161} INFO - Started process (PID=5123) to work on /opt/airflow/dags/clean_hour_data.py
[2025-09-15T10:27:25.446+0000] {processor.py:830} INFO - Processing file /opt/airflow/dags/clean_hour_data.py for tasks to queue
[2025-09-15T10:27:25.447+0000] {logging_mixin.py:188} INFO - [2025-09-15T10:27:25.447+0000] {dagbag.py:540} INFO - Filling up the DagBag from /opt/airflow/dags/clean_hour_data.py
[2025-09-15T10:27:25.471+0000] {processor.py:840} INFO - DAG(s) 'clean_hour_data' retrieved from /opt/airflow/dags/clean_hour_data.py
[2025-09-15T10:27:25.505+0000] {logging_mixin.py:188} INFO - [2025-09-15T10:27:25.505+0000] {dag.py:3096} INFO - Sync 1 DAGs
[2025-09-15T10:27:25.522+0000] {logging_mixin.py:188} INFO - [2025-09-15T10:27:25.522+0000] {dag.py:3954} INFO - Setting next_dagrun for clean_hour_data to None, run_after=None
[2025-09-15T10:27:25.546+0000] {processor.py:183} INFO - Processing /opt/airflow/dags/clean_hour_data.py took 0.109 seconds
[2025-09-15T10:27:56.088+0000] {processor.py:161} INFO - Started process (PID=5158) to work on /opt/airflow/dags/clean_hour_data.py
[2025-09-15T10:27:56.089+0000] {processor.py:830} INFO - Processing file /opt/airflow/dags/clean_hour_data.py for tasks to queue
[2025-09-15T10:27:56.090+0000] {logging_mixin.py:188} INFO - [2025-09-15T10:27:56.089+0000] {dagbag.py:540} INFO - Filling up the DagBag from /opt/airflow/dags/clean_hour_data.py
[2025-09-15T10:27:56.108+0000] {processor.py:840} INFO - DAG(s) 'clean_hour_data' retrieved from /opt/airflow/dags/clean_hour_data.py
[2025-09-15T10:27:56.137+0000] {logging_mixin.py:188} INFO - [2025-09-15T10:27:56.136+0000] {dag.py:3096} INFO - Sync 1 DAGs
[2025-09-15T10:27:56.148+0000] {logging_mixin.py:188} INFO - [2025-09-15T10:27:56.148+0000] {dag.py:3954} INFO - Setting next_dagrun for clean_hour_data to None, run_after=None
[2025-09-15T10:27:56.168+0000] {processor.py:183} INFO - Processing /opt/airflow/dags/clean_hour_data.py took 0.086 seconds
[2025-09-15T10:28:26.976+0000] {processor.py:161} INFO - Started process (PID=5193) to work on /opt/airflow/dags/clean_hour_data.py
[2025-09-15T10:28:26.977+0000] {processor.py:830} INFO - Processing file /opt/airflow/dags/clean_hour_data.py for tasks to queue
[2025-09-15T10:28:26.978+0000] {logging_mixin.py:188} INFO - [2025-09-15T10:28:26.978+0000] {dagbag.py:540} INFO - Filling up the DagBag from /opt/airflow/dags/clean_hour_data.py
[2025-09-15T10:28:27.056+0000] {processor.py:840} INFO - DAG(s) 'clean_hour_data' retrieved from /opt/airflow/dags/clean_hour_data.py
[2025-09-15T10:28:27.108+0000] {logging_mixin.py:188} INFO - [2025-09-15T10:28:27.107+0000] {dag.py:3096} INFO - Sync 1 DAGs
[2025-09-15T10:28:27.132+0000] {logging_mixin.py:188} INFO - [2025-09-15T10:28:27.132+0000] {dag.py:3954} INFO - Setting next_dagrun for clean_hour_data to None, run_after=None
[2025-09-15T10:28:27.161+0000] {processor.py:183} INFO - Processing /opt/airflow/dags/clean_hour_data.py took 0.195 seconds
[2025-09-15T10:28:57.227+0000] {processor.py:161} INFO - Started process (PID=5228) to work on /opt/airflow/dags/clean_hour_data.py
[2025-09-15T10:28:57.237+0000] {processor.py:830} INFO - Processing file /opt/airflow/dags/clean_hour_data.py for tasks to queue
[2025-09-15T10:28:57.248+0000] {logging_mixin.py:188} INFO - [2025-09-15T10:28:57.245+0000] {dagbag.py:540} INFO - Filling up the DagBag from /opt/airflow/dags/clean_hour_data.py
[2025-09-15T10:28:57.300+0000] {processor.py:840} INFO - DAG(s) 'clean_hour_data' retrieved from /opt/airflow/dags/clean_hour_data.py
[2025-09-15T10:28:57.394+0000] {logging_mixin.py:188} INFO - [2025-09-15T10:28:57.393+0000] {dag.py:3096} INFO - Sync 1 DAGs
[2025-09-15T10:28:57.415+0000] {logging_mixin.py:188} INFO - [2025-09-15T10:28:57.415+0000] {dag.py:3954} INFO - Setting next_dagrun for clean_hour_data to None, run_after=None
[2025-09-15T10:28:57.440+0000] {processor.py:183} INFO - Processing /opt/airflow/dags/clean_hour_data.py took 0.219 seconds
[2025-09-15T10:29:27.726+0000] {processor.py:161} INFO - Started process (PID=5258) to work on /opt/airflow/dags/clean_hour_data.py
[2025-09-15T10:29:27.728+0000] {processor.py:830} INFO - Processing file /opt/airflow/dags/clean_hour_data.py for tasks to queue
[2025-09-15T10:29:27.728+0000] {logging_mixin.py:188} INFO - [2025-09-15T10:29:27.728+0000] {dagbag.py:540} INFO - Filling up the DagBag from /opt/airflow/dags/clean_hour_data.py
[2025-09-15T10:29:27.747+0000] {processor.py:840} INFO - DAG(s) 'clean_hour_data' retrieved from /opt/airflow/dags/clean_hour_data.py
[2025-09-15T10:29:27.775+0000] {logging_mixin.py:188} INFO - [2025-09-15T10:29:27.775+0000] {dag.py:3096} INFO - Sync 1 DAGs
[2025-09-15T10:29:27.787+0000] {logging_mixin.py:188} INFO - [2025-09-15T10:29:27.786+0000] {dag.py:3954} INFO - Setting next_dagrun for clean_hour_data to None, run_after=None
[2025-09-15T10:29:27.809+0000] {processor.py:183} INFO - Processing /opt/airflow/dags/clean_hour_data.py took 0.088 seconds
[2025-09-15T10:29:58.346+0000] {processor.py:161} INFO - Started process (PID=5293) to work on /opt/airflow/dags/clean_hour_data.py
[2025-09-15T10:29:58.347+0000] {processor.py:830} INFO - Processing file /opt/airflow/dags/clean_hour_data.py for tasks to queue
[2025-09-15T10:29:58.348+0000] {logging_mixin.py:188} INFO - [2025-09-15T10:29:58.348+0000] {dagbag.py:540} INFO - Filling up the DagBag from /opt/airflow/dags/clean_hour_data.py
[2025-09-15T10:29:58.365+0000] {processor.py:840} INFO - DAG(s) 'clean_hour_data' retrieved from /opt/airflow/dags/clean_hour_data.py
[2025-09-15T10:29:58.393+0000] {logging_mixin.py:188} INFO - [2025-09-15T10:29:58.393+0000] {dag.py:3096} INFO - Sync 1 DAGs
[2025-09-15T10:29:58.405+0000] {logging_mixin.py:188} INFO - [2025-09-15T10:29:58.405+0000] {dag.py:3954} INFO - Setting next_dagrun for clean_hour_data to None, run_after=None
[2025-09-15T10:29:58.427+0000] {processor.py:183} INFO - Processing /opt/airflow/dags/clean_hour_data.py took 0.087 seconds
[2025-09-15T10:30:28.848+0000] {processor.py:161} INFO - Started process (PID=5328) to work on /opt/airflow/dags/clean_hour_data.py
[2025-09-15T10:30:28.850+0000] {processor.py:830} INFO - Processing file /opt/airflow/dags/clean_hour_data.py for tasks to queue
[2025-09-15T10:30:28.851+0000] {logging_mixin.py:188} INFO - [2025-09-15T10:30:28.851+0000] {dagbag.py:540} INFO - Filling up the DagBag from /opt/airflow/dags/clean_hour_data.py
[2025-09-15T10:30:28.874+0000] {processor.py:840} INFO - DAG(s) 'clean_hour_data' retrieved from /opt/airflow/dags/clean_hour_data.py
[2025-09-15T10:30:28.908+0000] {logging_mixin.py:188} INFO - [2025-09-15T10:30:28.907+0000] {dag.py:3096} INFO - Sync 1 DAGs
[2025-09-15T10:30:28.923+0000] {logging_mixin.py:188} INFO - [2025-09-15T10:30:28.923+0000] {dag.py:3954} INFO - Setting next_dagrun for clean_hour_data to None, run_after=None
[2025-09-15T10:30:28.953+0000] {processor.py:183} INFO - Processing /opt/airflow/dags/clean_hour_data.py took 0.112 seconds
[2025-09-15T10:30:59.573+0000] {processor.py:161} INFO - Started process (PID=5363) to work on /opt/airflow/dags/clean_hour_data.py
[2025-09-15T10:30:59.574+0000] {processor.py:830} INFO - Processing file /opt/airflow/dags/clean_hour_data.py for tasks to queue
[2025-09-15T10:30:59.575+0000] {logging_mixin.py:188} INFO - [2025-09-15T10:30:59.575+0000] {dagbag.py:540} INFO - Filling up the DagBag from /opt/airflow/dags/clean_hour_data.py
[2025-09-15T10:30:59.594+0000] {processor.py:840} INFO - DAG(s) 'clean_hour_data' retrieved from /opt/airflow/dags/clean_hour_data.py
[2025-09-15T10:30:59.622+0000] {logging_mixin.py:188} INFO - [2025-09-15T10:30:59.622+0000] {dag.py:3096} INFO - Sync 1 DAGs
[2025-09-15T10:30:59.634+0000] {logging_mixin.py:188} INFO - [2025-09-15T10:30:59.634+0000] {dag.py:3954} INFO - Setting next_dagrun for clean_hour_data to None, run_after=None
[2025-09-15T10:30:59.654+0000] {processor.py:183} INFO - Processing /opt/airflow/dags/clean_hour_data.py took 0.087 seconds
[2025-09-15T10:31:29.860+0000] {processor.py:161} INFO - Started process (PID=5398) to work on /opt/airflow/dags/clean_hour_data.py
[2025-09-15T10:31:29.862+0000] {processor.py:830} INFO - Processing file /opt/airflow/dags/clean_hour_data.py for tasks to queue
[2025-09-15T10:31:29.864+0000] {logging_mixin.py:188} INFO - [2025-09-15T10:31:29.864+0000] {dagbag.py:540} INFO - Filling up the DagBag from /opt/airflow/dags/clean_hour_data.py
[2025-09-15T10:31:29.941+0000] {processor.py:840} INFO - DAG(s) 'clean_hour_data' retrieved from /opt/airflow/dags/clean_hour_data.py
[2025-09-15T10:31:29.995+0000] {logging_mixin.py:188} INFO - [2025-09-15T10:31:29.995+0000] {dag.py:3096} INFO - Sync 1 DAGs
[2025-09-15T10:31:30.014+0000] {logging_mixin.py:188} INFO - [2025-09-15T10:31:30.013+0000] {dag.py:3954} INFO - Setting next_dagrun for clean_hour_data to None, run_after=None
[2025-09-15T10:31:29.299+0000] {processor.py:183} INFO - Processing /opt/airflow/dags/clean_hour_data.py took 0.201 seconds
[2025-09-15T10:31:59.745+0000] {processor.py:161} INFO - Started process (PID=5423) to work on /opt/airflow/dags/clean_hour_data.py
[2025-09-15T10:31:59.746+0000] {processor.py:830} INFO - Processing file /opt/airflow/dags/clean_hour_data.py for tasks to queue
[2025-09-15T10:31:59.748+0000] {logging_mixin.py:188} INFO - [2025-09-15T10:31:59.747+0000] {dagbag.py:540} INFO - Filling up the DagBag from /opt/airflow/dags/clean_hour_data.py
[2025-09-15T10:31:59.775+0000] {processor.py:840} INFO - DAG(s) 'clean_hour_data' retrieved from /opt/airflow/dags/clean_hour_data.py
[2025-09-15T10:31:59.809+0000] {logging_mixin.py:188} INFO - [2025-09-15T10:31:59.809+0000] {dag.py:3096} INFO - Sync 1 DAGs
[2025-09-15T10:31:59.824+0000] {logging_mixin.py:188} INFO - [2025-09-15T10:31:59.823+0000] {dag.py:3954} INFO - Setting next_dagrun for clean_hour_data to None, run_after=None
[2025-09-15T10:31:59.853+0000] {processor.py:183} INFO - Processing /opt/airflow/dags/clean_hour_data.py took 0.120 seconds
[2025-09-15T10:32:30.665+0000] {processor.py:161} INFO - Started process (PID=5468) to work on /opt/airflow/dags/clean_hour_data.py
[2025-09-15T10:32:30.666+0000] {processor.py:830} INFO - Processing file /opt/airflow/dags/clean_hour_data.py for tasks to queue
[2025-09-15T10:32:30.668+0000] {logging_mixin.py:188} INFO - [2025-09-15T10:32:30.667+0000] {dagbag.py:540} INFO - Filling up the DagBag from /opt/airflow/dags/clean_hour_data.py
[2025-09-15T10:32:30.690+0000] {processor.py:840} INFO - DAG(s) 'clean_hour_data' retrieved from /opt/airflow/dags/clean_hour_data.py
[2025-09-15T10:32:30.721+0000] {logging_mixin.py:188} INFO - [2025-09-15T10:32:30.721+0000] {dag.py:3096} INFO - Sync 1 DAGs
[2025-09-15T10:32:30.734+0000] {logging_mixin.py:188} INFO - [2025-09-15T10:32:30.734+0000] {dag.py:3954} INFO - Setting next_dagrun for clean_hour_data to None, run_after=None
[2025-09-15T10:32:30.761+0000] {processor.py:183} INFO - Processing /opt/airflow/dags/clean_hour_data.py took 0.105 seconds
[2025-09-15T10:33:01.759+0000] {processor.py:161} INFO - Started process (PID=5502) to work on /opt/airflow/dags/clean_hour_data.py
[2025-09-15T10:33:01.762+0000] {processor.py:830} INFO - Processing file /opt/airflow/dags/clean_hour_data.py for tasks to queue
[2025-09-15T10:33:01.764+0000] {logging_mixin.py:188} INFO - [2025-09-15T10:33:01.763+0000] {dagbag.py:540} INFO - Filling up the DagBag from /opt/airflow/dags/clean_hour_data.py
[2025-09-15T10:33:01.817+0000] {processor.py:840} INFO - DAG(s) 'clean_hour_data' retrieved from /opt/airflow/dags/clean_hour_data.py
[2025-09-15T10:33:01.877+0000] {logging_mixin.py:188} INFO - [2025-09-15T10:33:01.876+0000] {dag.py:3096} INFO - Sync 1 DAGs
[2025-09-15T10:33:01.897+0000] {logging_mixin.py:188} INFO - [2025-09-15T10:33:01.896+0000] {dag.py:3954} INFO - Setting next_dagrun for clean_hour_data to None, run_after=None
[2025-09-15T10:33:01.923+0000] {processor.py:183} INFO - Processing /opt/airflow/dags/clean_hour_data.py took 0.178 seconds
[2025-09-15T10:33:32.383+0000] {processor.py:161} INFO - Started process (PID=5538) to work on /opt/airflow/dags/clean_hour_data.py
[2025-09-15T10:33:32.384+0000] {processor.py:830} INFO - Processing file /opt/airflow/dags/clean_hour_data.py for tasks to queue
[2025-09-15T10:33:32.385+0000] {logging_mixin.py:188} INFO - [2025-09-15T10:33:32.385+0000] {dagbag.py:540} INFO - Filling up the DagBag from /opt/airflow/dags/clean_hour_data.py
[2025-09-15T10:33:32.409+0000] {processor.py:840} INFO - DAG(s) 'clean_hour_data' retrieved from /opt/airflow/dags/clean_hour_data.py
[2025-09-15T10:33:32.439+0000] {logging_mixin.py:188} INFO - [2025-09-15T10:33:32.438+0000] {dag.py:3096} INFO - Sync 1 DAGs
[2025-09-15T10:33:32.452+0000] {logging_mixin.py:188} INFO - [2025-09-15T10:33:32.451+0000] {dag.py:3954} INFO - Setting next_dagrun for clean_hour_data to None, run_after=None
[2025-09-15T10:33:32.472+0000] {processor.py:183} INFO - Processing /opt/airflow/dags/clean_hour_data.py took 0.096 seconds
[2025-09-15T10:34:03.177+0000] {processor.py:161} INFO - Started process (PID=5573) to work on /opt/airflow/dags/clean_hour_data.py
[2025-09-15T10:34:03.178+0000] {processor.py:830} INFO - Processing file /opt/airflow/dags/clean_hour_data.py for tasks to queue
[2025-09-15T10:34:03.179+0000] {logging_mixin.py:188} INFO - [2025-09-15T10:34:03.179+0000] {dagbag.py:540} INFO - Filling up the DagBag from /opt/airflow/dags/clean_hour_data.py
[2025-09-15T10:34:03.205+0000] {processor.py:840} INFO - DAG(s) 'clean_hour_data' retrieved from /opt/airflow/dags/clean_hour_data.py
[2025-09-15T10:34:03.317+0000] {logging_mixin.py:188} INFO - [2025-09-15T10:34:03.317+0000] {dag.py:3096} INFO - Sync 1 DAGs
[2025-09-15T10:34:03.335+0000] {logging_mixin.py:188} INFO - [2025-09-15T10:34:03.335+0000] {dag.py:3954} INFO - Setting next_dagrun for clean_hour_data to None, run_after=None
[2025-09-15T10:34:03.549+0000] {processor.py:183} INFO - Processing /opt/airflow/dags/clean_hour_data.py took 0.381 seconds
[2025-09-15T10:34:34.124+0000] {processor.py:161} INFO - Started process (PID=5608) to work on /opt/airflow/dags/clean_hour_data.py
[2025-09-15T10:34:34.125+0000] {processor.py:830} INFO - Processing file /opt/airflow/dags/clean_hour_data.py for tasks to queue
[2025-09-15T10:34:34.126+0000] {logging_mixin.py:188} INFO - [2025-09-15T10:34:34.125+0000] {dagbag.py:540} INFO - Filling up the DagBag from /opt/airflow/dags/clean_hour_data.py
[2025-09-15T10:34:34.146+0000] {processor.py:840} INFO - DAG(s) 'clean_hour_data' retrieved from /opt/airflow/dags/clean_hour_data.py
[2025-09-15T10:34:34.174+0000] {logging_mixin.py:188} INFO - [2025-09-15T10:34:34.173+0000] {dag.py:3096} INFO - Sync 1 DAGs
[2025-09-15T10:34:34.185+0000] {logging_mixin.py:188} INFO - [2025-09-15T10:34:34.185+0000] {dag.py:3954} INFO - Setting next_dagrun for clean_hour_data to None, run_after=None
[2025-09-15T10:34:34.207+0000] {processor.py:183} INFO - Processing /opt/airflow/dags/clean_hour_data.py took 0.089 seconds
[2025-09-15T10:35:04.859+0000] {processor.py:161} INFO - Started process (PID=5643) to work on /opt/airflow/dags/clean_hour_data.py
[2025-09-15T10:35:04.861+0000] {processor.py:830} INFO - Processing file /opt/airflow/dags/clean_hour_data.py for tasks to queue
[2025-09-15T10:35:04.864+0000] {logging_mixin.py:188} INFO - [2025-09-15T10:35:04.862+0000] {dagbag.py:540} INFO - Filling up the DagBag from /opt/airflow/dags/clean_hour_data.py
[2025-09-15T10:35:04.884+0000] {processor.py:840} INFO - DAG(s) 'clean_hour_data' retrieved from /opt/airflow/dags/clean_hour_data.py
[2025-09-15T10:35:04.910+0000] {logging_mixin.py:188} INFO - [2025-09-15T10:35:04.909+0000] {dag.py:3096} INFO - Sync 1 DAGs
[2025-09-15T10:35:04.924+0000] {logging_mixin.py:188} INFO - [2025-09-15T10:35:04.923+0000] {dag.py:3954} INFO - Setting next_dagrun for clean_hour_data to None, run_after=None
[2025-09-15T10:35:04.946+0000] {processor.py:183} INFO - Processing /opt/airflow/dags/clean_hour_data.py took 0.092 seconds
[2025-09-15T10:35:35.755+0000] {processor.py:161} INFO - Started process (PID=5678) to work on /opt/airflow/dags/clean_hour_data.py
[2025-09-15T10:35:35.757+0000] {processor.py:830} INFO - Processing file /opt/airflow/dags/clean_hour_data.py for tasks to queue
[2025-09-15T10:35:35.758+0000] {logging_mixin.py:188} INFO - [2025-09-15T10:35:35.757+0000] {dagbag.py:540} INFO - Filling up the DagBag from /opt/airflow/dags/clean_hour_data.py
[2025-09-15T10:35:35.805+0000] {processor.py:840} INFO - DAG(s) 'clean_hour_data' retrieved from /opt/airflow/dags/clean_hour_data.py
[2025-09-15T10:35:35.853+0000] {logging_mixin.py:188} INFO - [2025-09-15T10:35:35.852+0000] {dag.py:3096} INFO - Sync 1 DAGs
[2025-09-15T10:35:35.865+0000] {logging_mixin.py:188} INFO - [2025-09-15T10:35:35.865+0000] {dag.py:3954} INFO - Setting next_dagrun for clean_hour_data to None, run_after=None
[2025-09-15T10:35:35.890+0000] {processor.py:183} INFO - Processing /opt/airflow/dags/clean_hour_data.py took 0.144 seconds
[2025-09-15T10:36:06.370+0000] {processor.py:161} INFO - Started process (PID=5713) to work on /opt/airflow/dags/clean_hour_data.py
[2025-09-15T10:36:06.371+0000] {processor.py:830} INFO - Processing file /opt/airflow/dags/clean_hour_data.py for tasks to queue
[2025-09-15T10:36:06.372+0000] {logging_mixin.py:188} INFO - [2025-09-15T10:36:06.371+0000] {dagbag.py:540} INFO - Filling up the DagBag from /opt/airflow/dags/clean_hour_data.py
[2025-09-15T10:36:06.391+0000] {processor.py:840} INFO - DAG(s) 'clean_hour_data' retrieved from /opt/airflow/dags/clean_hour_data.py
[2025-09-15T10:36:06.418+0000] {logging_mixin.py:188} INFO - [2025-09-15T10:36:06.418+0000] {dag.py:3096} INFO - Sync 1 DAGs
[2025-09-15T10:36:06.431+0000] {logging_mixin.py:188} INFO - [2025-09-15T10:36:06.430+0000] {dag.py:3954} INFO - Setting next_dagrun for clean_hour_data to None, run_after=None
[2025-09-15T10:36:06.456+0000] {processor.py:183} INFO - Processing /opt/airflow/dags/clean_hour_data.py took 0.092 seconds
[2025-09-15T10:36:37.149+0000] {processor.py:161} INFO - Started process (PID=5748) to work on /opt/airflow/dags/clean_hour_data.py
[2025-09-15T10:36:37.150+0000] {processor.py:830} INFO - Processing file /opt/airflow/dags/clean_hour_data.py for tasks to queue
[2025-09-15T10:36:37.151+0000] {logging_mixin.py:188} INFO - [2025-09-15T10:36:37.151+0000] {dagbag.py:540} INFO - Filling up the DagBag from /opt/airflow/dags/clean_hour_data.py
[2025-09-15T10:36:37.224+0000] {processor.py:840} INFO - DAG(s) 'clean_hour_data' retrieved from /opt/airflow/dags/clean_hour_data.py
[2025-09-15T10:36:37.330+0000] {logging_mixin.py:188} INFO - [2025-09-15T10:36:37.329+0000] {dag.py:3096} INFO - Sync 1 DAGs
[2025-09-15T10:36:37.344+0000] {logging_mixin.py:188} INFO - [2025-09-15T10:36:37.344+0000] {dag.py:3954} INFO - Setting next_dagrun for clean_hour_data to None, run_after=None
[2025-09-15T10:36:37.385+0000] {processor.py:183} INFO - Processing /opt/airflow/dags/clean_hour_data.py took 0.243 seconds
[2025-09-15T10:37:08.057+0000] {processor.py:161} INFO - Started process (PID=5783) to work on /opt/airflow/dags/clean_hour_data.py
[2025-09-15T10:37:08.058+0000] {processor.py:830} INFO - Processing file /opt/airflow/dags/clean_hour_data.py for tasks to queue
[2025-09-15T10:37:08.060+0000] {logging_mixin.py:188} INFO - [2025-09-15T10:37:08.059+0000] {dagbag.py:540} INFO - Filling up the DagBag from /opt/airflow/dags/clean_hour_data.py
[2025-09-15T10:37:08.080+0000] {processor.py:840} INFO - DAG(s) 'clean_hour_data' retrieved from /opt/airflow/dags/clean_hour_data.py
[2025-09-15T10:37:08.112+0000] {logging_mixin.py:188} INFO - [2025-09-15T10:37:08.111+0000] {dag.py:3096} INFO - Sync 1 DAGs
[2025-09-15T10:37:08.126+0000] {logging_mixin.py:188} INFO - [2025-09-15T10:37:08.126+0000] {dag.py:3954} INFO - Setting next_dagrun for clean_hour_data to None, run_after=None
[2025-09-15T10:37:08.154+0000] {processor.py:183} INFO - Processing /opt/airflow/dags/clean_hour_data.py took 0.103 seconds
[2025-09-15T10:37:38.582+0000] {processor.py:161} INFO - Started process (PID=5818) to work on /opt/airflow/dags/clean_hour_data.py
[2025-09-15T10:37:38.584+0000] {processor.py:830} INFO - Processing file /opt/airflow/dags/clean_hour_data.py for tasks to queue
[2025-09-15T10:37:38.585+0000] {logging_mixin.py:188} INFO - [2025-09-15T10:37:38.585+0000] {dagbag.py:540} INFO - Filling up the DagBag from /opt/airflow/dags/clean_hour_data.py
[2025-09-15T10:37:38.604+0000] {processor.py:840} INFO - DAG(s) 'clean_hour_data' retrieved from /opt/airflow/dags/clean_hour_data.py
[2025-09-15T10:37:38.631+0000] {logging_mixin.py:188} INFO - [2025-09-15T10:37:38.630+0000] {dag.py:3096} INFO - Sync 1 DAGs
[2025-09-15T10:37:38.643+0000] {logging_mixin.py:188} INFO - [2025-09-15T10:37:38.643+0000] {dag.py:3954} INFO - Setting next_dagrun for clean_hour_data to None, run_after=None
[2025-09-15T10:37:38.666+0000] {processor.py:183} INFO - Processing /opt/airflow/dags/clean_hour_data.py took 0.090 seconds
[2025-09-15T10:38:09.172+0000] {processor.py:161} INFO - Started process (PID=5853) to work on /opt/airflow/dags/clean_hour_data.py
[2025-09-15T10:38:09.173+0000] {processor.py:830} INFO - Processing file /opt/airflow/dags/clean_hour_data.py for tasks to queue
[2025-09-15T10:38:09.174+0000] {logging_mixin.py:188} INFO - [2025-09-15T10:38:09.174+0000] {dagbag.py:540} INFO - Filling up the DagBag from /opt/airflow/dags/clean_hour_data.py
[2025-09-15T10:38:09.194+0000] {processor.py:840} INFO - DAG(s) 'clean_hour_data' retrieved from /opt/airflow/dags/clean_hour_data.py
[2025-09-15T10:38:09.222+0000] {logging_mixin.py:188} INFO - [2025-09-15T10:38:09.222+0000] {dag.py:3096} INFO - Sync 1 DAGs
[2025-09-15T10:38:09.235+0000] {logging_mixin.py:188} INFO - [2025-09-15T10:38:09.235+0000] {dag.py:3954} INFO - Setting next_dagrun for clean_hour_data to None, run_after=None
[2025-09-15T10:38:09.263+0000] {processor.py:183} INFO - Processing /opt/airflow/dags/clean_hour_data.py took 0.097 seconds
[2025-09-15T10:38:39.828+0000] {processor.py:161} INFO - Started process (PID=5888) to work on /opt/airflow/dags/clean_hour_data.py
[2025-09-15T10:38:39.830+0000] {processor.py:830} INFO - Processing file /opt/airflow/dags/clean_hour_data.py for tasks to queue
[2025-09-15T10:38:39.833+0000] {logging_mixin.py:188} INFO - [2025-09-15T10:38:39.832+0000] {dagbag.py:540} INFO - Filling up the DagBag from /opt/airflow/dags/clean_hour_data.py
[2025-09-15T10:38:39.859+0000] {processor.py:840} INFO - DAG(s) 'clean_hour_data' retrieved from /opt/airflow/dags/clean_hour_data.py
[2025-09-15T10:38:39.896+0000] {logging_mixin.py:188} INFO - [2025-09-15T10:38:39.896+0000] {dag.py:3096} INFO - Sync 1 DAGs
[2025-09-15T10:38:39.910+0000] {logging_mixin.py:188} INFO - [2025-09-15T10:38:39.910+0000] {dag.py:3954} INFO - Setting next_dagrun for clean_hour_data to None, run_after=None
[2025-09-15T10:38:39.933+0000] {processor.py:183} INFO - Processing /opt/airflow/dags/clean_hour_data.py took 0.111 seconds
[2025-09-15T10:39:10.235+0000] {processor.py:161} INFO - Started process (PID=5923) to work on /opt/airflow/dags/clean_hour_data.py
[2025-09-15T10:39:10.236+0000] {processor.py:830} INFO - Processing file /opt/airflow/dags/clean_hour_data.py for tasks to queue
[2025-09-15T10:39:10.237+0000] {logging_mixin.py:188} INFO - [2025-09-15T10:39:10.237+0000] {dagbag.py:540} INFO - Filling up the DagBag from /opt/airflow/dags/clean_hour_data.py
[2025-09-15T10:39:10.294+0000] {processor.py:840} INFO - DAG(s) 'clean_hour_data' retrieved from /opt/airflow/dags/clean_hour_data.py
[2025-09-15T10:39:10.463+0000] {logging_mixin.py:188} INFO - [2025-09-15T10:39:10.463+0000] {dag.py:3096} INFO - Sync 1 DAGs
[2025-09-15T10:39:10.483+0000] {logging_mixin.py:188} INFO - [2025-09-15T10:39:10.483+0000] {dag.py:3954} INFO - Setting next_dagrun for clean_hour_data to None, run_after=None
[2025-09-15T10:39:10.512+0000] {processor.py:183} INFO - Processing /opt/airflow/dags/clean_hour_data.py took 0.284 seconds
[2025-09-15T10:39:41.104+0000] {processor.py:161} INFO - Started process (PID=5958) to work on /opt/airflow/dags/clean_hour_data.py
[2025-09-15T10:39:41.106+0000] {processor.py:830} INFO - Processing file /opt/airflow/dags/clean_hour_data.py for tasks to queue
[2025-09-15T10:39:41.107+0000] {logging_mixin.py:188} INFO - [2025-09-15T10:39:41.106+0000] {dagbag.py:540} INFO - Filling up the DagBag from /opt/airflow/dags/clean_hour_data.py
[2025-09-15T10:39:41.127+0000] {processor.py:840} INFO - DAG(s) 'clean_hour_data' retrieved from /opt/airflow/dags/clean_hour_data.py
[2025-09-15T10:39:41.155+0000] {logging_mixin.py:188} INFO - [2025-09-15T10:39:41.155+0000] {dag.py:3096} INFO - Sync 1 DAGs
[2025-09-15T10:39:41.167+0000] {logging_mixin.py:188} INFO - [2025-09-15T10:39:41.166+0000] {dag.py:3954} INFO - Setting next_dagrun for clean_hour_data to None, run_after=None
[2025-09-15T10:39:41.188+0000] {processor.py:183} INFO - Processing /opt/airflow/dags/clean_hour_data.py took 0.090 seconds
[2025-09-15T10:40:12.080+0000] {processor.py:161} INFO - Started process (PID=5993) to work on /opt/airflow/dags/clean_hour_data.py
[2025-09-15T10:40:12.082+0000] {processor.py:830} INFO - Processing file /opt/airflow/dags/clean_hour_data.py for tasks to queue
[2025-09-15T10:40:12.083+0000] {logging_mixin.py:188} INFO - [2025-09-15T10:40:12.083+0000] {dagbag.py:540} INFO - Filling up the DagBag from /opt/airflow/dags/clean_hour_data.py
[2025-09-15T10:40:12.117+0000] {processor.py:840} INFO - DAG(s) 'clean_hour_data' retrieved from /opt/airflow/dags/clean_hour_data.py
[2025-09-15T10:40:12.152+0000] {logging_mixin.py:188} INFO - [2025-09-15T10:40:12.151+0000] {dag.py:3096} INFO - Sync 1 DAGs
[2025-09-15T10:40:12.165+0000] {logging_mixin.py:188} INFO - [2025-09-15T10:40:12.165+0000] {dag.py:3954} INFO - Setting next_dagrun for clean_hour_data to None, run_after=None
[2025-09-15T10:40:12.201+0000] {processor.py:183} INFO - Processing /opt/airflow/dags/clean_hour_data.py took 0.134 seconds
[2025-09-15T10:40:42.915+0000] {processor.py:161} INFO - Started process (PID=6028) to work on /opt/airflow/dags/clean_hour_data.py
[2025-09-15T10:40:42.916+0000] {processor.py:830} INFO - Processing file /opt/airflow/dags/clean_hour_data.py for tasks to queue
[2025-09-15T10:40:42.917+0000] {logging_mixin.py:188} INFO - [2025-09-15T10:40:42.917+0000] {dagbag.py:540} INFO - Filling up the DagBag from /opt/airflow/dags/clean_hour_data.py
[2025-09-15T10:40:42.935+0000] {processor.py:840} INFO - DAG(s) 'clean_hour_data' retrieved from /opt/airflow/dags/clean_hour_data.py
[2025-09-15T10:40:42.965+0000] {logging_mixin.py:188} INFO - [2025-09-15T10:40:42.964+0000] {dag.py:3096} INFO - Sync 1 DAGs
[2025-09-15T10:40:42.976+0000] {logging_mixin.py:188} INFO - [2025-09-15T10:40:42.976+0000] {dag.py:3954} INFO - Setting next_dagrun for clean_hour_data to None, run_after=None
[2025-09-15T10:40:42.996+0000] {processor.py:183} INFO - Processing /opt/airflow/dags/clean_hour_data.py took 0.089 seconds
[2025-09-15T10:41:13.549+0000] {processor.py:161} INFO - Started process (PID=6063) to work on /opt/airflow/dags/clean_hour_data.py
[2025-09-15T10:41:13.550+0000] {processor.py:830} INFO - Processing file /opt/airflow/dags/clean_hour_data.py for tasks to queue
[2025-09-15T10:41:13.552+0000] {logging_mixin.py:188} INFO - [2025-09-15T10:41:13.551+0000] {dagbag.py:540} INFO - Filling up the DagBag from /opt/airflow/dags/clean_hour_data.py
[2025-09-15T10:41:13.575+0000] {processor.py:840} INFO - DAG(s) 'clean_hour_data' retrieved from /opt/airflow/dags/clean_hour_data.py
[2025-09-15T10:41:13.607+0000] {logging_mixin.py:188} INFO - [2025-09-15T10:41:13.606+0000] {dag.py:3096} INFO - Sync 1 DAGs
[2025-09-15T10:41:13.621+0000] {logging_mixin.py:188} INFO - [2025-09-15T10:41:13.621+0000] {dag.py:3954} INFO - Setting next_dagrun for clean_hour_data to None, run_after=None
[2025-09-15T10:41:13.645+0000] {processor.py:183} INFO - Processing /opt/airflow/dags/clean_hour_data.py took 0.102 seconds
[2025-09-15T10:41:44.160+0000] {processor.py:161} INFO - Started process (PID=6098) to work on /opt/airflow/dags/clean_hour_data.py
[2025-09-15T10:41:44.161+0000] {processor.py:830} INFO - Processing file /opt/airflow/dags/clean_hour_data.py for tasks to queue
[2025-09-15T10:41:44.162+0000] {logging_mixin.py:188} INFO - [2025-09-15T10:41:44.162+0000] {dagbag.py:540} INFO - Filling up the DagBag from /opt/airflow/dags/clean_hour_data.py
[2025-09-15T10:41:44.179+0000] {processor.py:840} INFO - DAG(s) 'clean_hour_data' retrieved from /opt/airflow/dags/clean_hour_data.py
[2025-09-15T10:41:44.205+0000] {logging_mixin.py:188} INFO - [2025-09-15T10:41:44.205+0000] {dag.py:3096} INFO - Sync 1 DAGs
[2025-09-15T10:41:44.217+0000] {logging_mixin.py:188} INFO - [2025-09-15T10:41:44.217+0000] {dag.py:3954} INFO - Setting next_dagrun for clean_hour_data to None, run_after=None
[2025-09-15T10:41:44.237+0000] {processor.py:183} INFO - Processing /opt/airflow/dags/clean_hour_data.py took 0.083 seconds
[2025-09-15T10:42:14.910+0000] {processor.py:161} INFO - Started process (PID=6133) to work on /opt/airflow/dags/clean_hour_data.py
[2025-09-15T10:42:14.911+0000] {processor.py:830} INFO - Processing file /opt/airflow/dags/clean_hour_data.py for tasks to queue
[2025-09-15T10:42:14.912+0000] {logging_mixin.py:188} INFO - [2025-09-15T10:42:14.912+0000] {dagbag.py:540} INFO - Filling up the DagBag from /opt/airflow/dags/clean_hour_data.py
[2025-09-15T10:42:14.930+0000] {processor.py:840} INFO - DAG(s) 'clean_hour_data' retrieved from /opt/airflow/dags/clean_hour_data.py
[2025-09-15T10:42:14.960+0000] {logging_mixin.py:188} INFO - [2025-09-15T10:42:14.959+0000] {dag.py:3096} INFO - Sync 1 DAGs
[2025-09-15T10:42:14.972+0000] {logging_mixin.py:188} INFO - [2025-09-15T10:42:14.972+0000] {dag.py:3954} INFO - Setting next_dagrun for clean_hour_data to None, run_after=None
[2025-09-15T10:42:14.993+0000] {processor.py:183} INFO - Processing /opt/airflow/dags/clean_hour_data.py took 0.089 seconds
[2025-09-15T10:42:45.824+0000] {processor.py:161} INFO - Started process (PID=6168) to work on /opt/airflow/dags/clean_hour_data.py
[2025-09-15T10:42:45.826+0000] {processor.py:830} INFO - Processing file /opt/airflow/dags/clean_hour_data.py for tasks to queue
[2025-09-15T10:42:45.827+0000] {logging_mixin.py:188} INFO - [2025-09-15T10:42:45.826+0000] {dagbag.py:540} INFO - Filling up the DagBag from /opt/airflow/dags/clean_hour_data.py
[2025-09-15T10:42:45.845+0000] {processor.py:840} INFO - DAG(s) 'clean_hour_data' retrieved from /opt/airflow/dags/clean_hour_data.py
[2025-09-15T10:42:45.872+0000] {logging_mixin.py:188} INFO - [2025-09-15T10:42:45.872+0000] {dag.py:3096} INFO - Sync 1 DAGs
[2025-09-15T10:42:45.883+0000] {logging_mixin.py:188} INFO - [2025-09-15T10:42:45.883+0000] {dag.py:3954} INFO - Setting next_dagrun for clean_hour_data to None, run_after=None
[2025-09-15T10:42:45.904+0000] {processor.py:183} INFO - Processing /opt/airflow/dags/clean_hour_data.py took 0.086 seconds
[2025-09-15T10:43:16.458+0000] {processor.py:161} INFO - Started process (PID=6203) to work on /opt/airflow/dags/clean_hour_data.py
[2025-09-15T10:43:16.459+0000] {processor.py:830} INFO - Processing file /opt/airflow/dags/clean_hour_data.py for tasks to queue
[2025-09-15T10:43:16.460+0000] {logging_mixin.py:188} INFO - [2025-09-15T10:43:16.459+0000] {dagbag.py:540} INFO - Filling up the DagBag from /opt/airflow/dags/clean_hour_data.py
[2025-09-15T10:43:16.479+0000] {processor.py:840} INFO - DAG(s) 'clean_hour_data' retrieved from /opt/airflow/dags/clean_hour_data.py
[2025-09-15T10:43:16.509+0000] {logging_mixin.py:188} INFO - [2025-09-15T10:43:16.508+0000] {dag.py:3096} INFO - Sync 1 DAGs
[2025-09-15T10:43:16.521+0000] {logging_mixin.py:188} INFO - [2025-09-15T10:43:16.521+0000] {dag.py:3954} INFO - Setting next_dagrun for clean_hour_data to None, run_after=None
[2025-09-15T10:43:16.541+0000] {processor.py:183} INFO - Processing /opt/airflow/dags/clean_hour_data.py took 0.092 seconds
[2025-09-15T10:43:47.027+0000] {processor.py:161} INFO - Started process (PID=6238) to work on /opt/airflow/dags/clean_hour_data.py
[2025-09-15T10:43:47.029+0000] {processor.py:830} INFO - Processing file /opt/airflow/dags/clean_hour_data.py for tasks to queue
[2025-09-15T10:43:47.030+0000] {logging_mixin.py:188} INFO - [2025-09-15T10:43:47.029+0000] {dagbag.py:540} INFO - Filling up the DagBag from /opt/airflow/dags/clean_hour_data.py
[2025-09-15T10:43:47.051+0000] {processor.py:840} INFO - DAG(s) 'clean_hour_data' retrieved from /opt/airflow/dags/clean_hour_data.py
[2025-09-15T10:43:47.079+0000] {logging_mixin.py:188} INFO - [2025-09-15T10:43:47.079+0000] {dag.py:3096} INFO - Sync 1 DAGs
[2025-09-15T10:43:47.092+0000] {logging_mixin.py:188} INFO - [2025-09-15T10:43:47.092+0000] {dag.py:3954} INFO - Setting next_dagrun for clean_hour_data to None, run_after=None
[2025-09-15T10:43:47.112+0000] {processor.py:183} INFO - Processing /opt/airflow/dags/clean_hour_data.py took 0.091 seconds
[2025-09-15T10:44:17.741+0000] {processor.py:161} INFO - Started process (PID=6273) to work on /opt/airflow/dags/clean_hour_data.py
[2025-09-15T10:44:17.743+0000] {processor.py:830} INFO - Processing file /opt/airflow/dags/clean_hour_data.py for tasks to queue
[2025-09-15T10:44:17.744+0000] {logging_mixin.py:188} INFO - [2025-09-15T10:44:17.743+0000] {dagbag.py:540} INFO - Filling up the DagBag from /opt/airflow/dags/clean_hour_data.py
[2025-09-15T10:44:17.761+0000] {processor.py:840} INFO - DAG(s) 'clean_hour_data' retrieved from /opt/airflow/dags/clean_hour_data.py
[2025-09-15T10:44:17.789+0000] {logging_mixin.py:188} INFO - [2025-09-15T10:44:17.789+0000] {dag.py:3096} INFO - Sync 1 DAGs
[2025-09-15T10:44:17.801+0000] {logging_mixin.py:188} INFO - [2025-09-15T10:44:17.801+0000] {dag.py:3954} INFO - Setting next_dagrun for clean_hour_data to None, run_after=None
[2025-09-15T10:44:17.821+0000] {processor.py:183} INFO - Processing /opt/airflow/dags/clean_hour_data.py took 0.086 seconds
[2025-09-15T10:44:48.621+0000] {processor.py:161} INFO - Started process (PID=6308) to work on /opt/airflow/dags/clean_hour_data.py
[2025-09-15T10:44:48.622+0000] {processor.py:830} INFO - Processing file /opt/airflow/dags/clean_hour_data.py for tasks to queue
[2025-09-15T10:44:48.623+0000] {logging_mixin.py:188} INFO - [2025-09-15T10:44:48.623+0000] {dagbag.py:540} INFO - Filling up the DagBag from /opt/airflow/dags/clean_hour_data.py
[2025-09-15T10:44:48.642+0000] {processor.py:840} INFO - DAG(s) 'clean_hour_data' retrieved from /opt/airflow/dags/clean_hour_data.py
[2025-09-15T10:44:48.671+0000] {logging_mixin.py:188} INFO - [2025-09-15T10:44:48.671+0000] {dag.py:3096} INFO - Sync 1 DAGs
[2025-09-15T10:44:48.683+0000] {logging_mixin.py:188} INFO - [2025-09-15T10:44:48.682+0000] {dag.py:3954} INFO - Setting next_dagrun for clean_hour_data to None, run_after=None
[2025-09-15T10:44:48.701+0000] {processor.py:183} INFO - Processing /opt/airflow/dags/clean_hour_data.py took 0.089 seconds
[2025-09-15T10:45:19.170+0000] {processor.py:161} INFO - Started process (PID=6343) to work on /opt/airflow/dags/clean_hour_data.py
[2025-09-15T10:45:19.171+0000] {processor.py:830} INFO - Processing file /opt/airflow/dags/clean_hour_data.py for tasks to queue
[2025-09-15T10:45:19.172+0000] {logging_mixin.py:188} INFO - [2025-09-15T10:45:19.172+0000] {dagbag.py:540} INFO - Filling up the DagBag from /opt/airflow/dags/clean_hour_data.py
[2025-09-15T10:45:19.193+0000] {processor.py:840} INFO - DAG(s) 'clean_hour_data' retrieved from /opt/airflow/dags/clean_hour_data.py
[2025-09-15T10:45:19.226+0000] {logging_mixin.py:188} INFO - [2025-09-15T10:45:19.226+0000] {dag.py:3096} INFO - Sync 1 DAGs
[2025-09-15T10:45:19.239+0000] {logging_mixin.py:188} INFO - [2025-09-15T10:45:19.238+0000] {dag.py:3954} INFO - Setting next_dagrun for clean_hour_data to None, run_after=None
[2025-09-15T10:45:19.258+0000] {processor.py:183} INFO - Processing /opt/airflow/dags/clean_hour_data.py took 0.097 seconds
[2025-09-15T10:45:49.851+0000] {processor.py:161} INFO - Started process (PID=6378) to work on /opt/airflow/dags/clean_hour_data.py
[2025-09-15T10:45:49.852+0000] {processor.py:830} INFO - Processing file /opt/airflow/dags/clean_hour_data.py for tasks to queue
[2025-09-15T10:45:49.852+0000] {logging_mixin.py:188} INFO - [2025-09-15T10:45:49.852+0000] {dagbag.py:540} INFO - Filling up the DagBag from /opt/airflow/dags/clean_hour_data.py
[2025-09-15T10:45:49.871+0000] {processor.py:840} INFO - DAG(s) 'clean_hour_data' retrieved from /opt/airflow/dags/clean_hour_data.py
[2025-09-15T10:45:49.898+0000] {logging_mixin.py:188} INFO - [2025-09-15T10:45:49.898+0000] {dag.py:3096} INFO - Sync 1 DAGs
[2025-09-15T10:45:49.307+0000] {logging_mixin.py:188} INFO - [2025-09-15T10:45:49.306+0000] {dag.py:3954} INFO - Setting next_dagrun for clean_hour_data to None, run_after=None
[2025-09-15T10:45:49.326+0000] {processor.py:183} INFO - Processing /opt/airflow/dags/clean_hour_data.py took 0.086 seconds
[2025-09-15T10:46:20.180+0000] {processor.py:161} INFO - Started process (PID=6413) to work on /opt/airflow/dags/clean_hour_data.py
[2025-09-15T10:46:20.182+0000] {processor.py:830} INFO - Processing file /opt/airflow/dags/clean_hour_data.py for tasks to queue
[2025-09-15T10:46:20.183+0000] {logging_mixin.py:188} INFO - [2025-09-15T10:46:20.183+0000] {dagbag.py:540} INFO - Filling up the DagBag from /opt/airflow/dags/clean_hour_data.py
[2025-09-15T10:46:20.202+0000] {processor.py:840} INFO - DAG(s) 'clean_hour_data' retrieved from /opt/airflow/dags/clean_hour_data.py
[2025-09-15T10:46:20.233+0000] {logging_mixin.py:188} INFO - [2025-09-15T10:46:20.233+0000] {dag.py:3096} INFO - Sync 1 DAGs
[2025-09-15T10:46:20.247+0000] {logging_mixin.py:188} INFO - [2025-09-15T10:46:20.247+0000] {dag.py:3954} INFO - Setting next_dagrun for clean_hour_data to None, run_after=None
[2025-09-15T10:46:20.266+0000] {processor.py:183} INFO - Processing /opt/airflow/dags/clean_hour_data.py took 0.092 seconds
[2025-09-15T10:46:50.757+0000] {processor.py:161} INFO - Started process (PID=6448) to work on /opt/airflow/dags/clean_hour_data.py
[2025-09-15T10:46:50.758+0000] {processor.py:830} INFO - Processing file /opt/airflow/dags/clean_hour_data.py for tasks to queue
[2025-09-15T10:46:50.759+0000] {logging_mixin.py:188} INFO - [2025-09-15T10:46:50.759+0000] {dagbag.py:540} INFO - Filling up the DagBag from /opt/airflow/dags/clean_hour_data.py
[2025-09-15T10:46:50.784+0000] {processor.py:840} INFO - DAG(s) 'clean_hour_data' retrieved from /opt/airflow/dags/clean_hour_data.py
[2025-09-15T10:46:50.813+0000] {logging_mixin.py:188} INFO - [2025-09-15T10:46:50.812+0000] {dag.py:3096} INFO - Sync 1 DAGs
[2025-09-15T10:46:50.827+0000] {logging_mixin.py:188} INFO - [2025-09-15T10:46:50.827+0000] {dag.py:3954} INFO - Setting next_dagrun for clean_hour_data to None, run_after=None
[2025-09-15T10:46:50.846+0000] {processor.py:183} INFO - Processing /opt/airflow/dags/clean_hour_data.py took 0.095 seconds
[2025-09-15T10:47:21.666+0000] {processor.py:161} INFO - Started process (PID=6483) to work on /opt/airflow/dags/clean_hour_data.py
[2025-09-15T10:47:21.667+0000] {processor.py:830} INFO - Processing file /opt/airflow/dags/clean_hour_data.py for tasks to queue
[2025-09-15T10:47:21.668+0000] {logging_mixin.py:188} INFO - [2025-09-15T10:47:21.668+0000] {dagbag.py:540} INFO - Filling up the DagBag from /opt/airflow/dags/clean_hour_data.py
[2025-09-15T10:47:21.686+0000] {processor.py:840} INFO - DAG(s) 'clean_hour_data' retrieved from /opt/airflow/dags/clean_hour_data.py
[2025-09-15T10:47:21.716+0000] {logging_mixin.py:188} INFO - [2025-09-15T10:47:21.715+0000] {dag.py:3096} INFO - Sync 1 DAGs
[2025-09-15T10:47:21.732+0000] {logging_mixin.py:188} INFO - [2025-09-15T10:47:21.732+0000] {dag.py:3954} INFO - Setting next_dagrun for clean_hour_data to None, run_after=None
[2025-09-15T10:47:21.755+0000] {processor.py:183} INFO - Processing /opt/airflow/dags/clean_hour_data.py took 0.095 seconds
[2025-09-15T10:47:52.290+0000] {processor.py:161} INFO - Started process (PID=6518) to work on /opt/airflow/dags/clean_hour_data.py
[2025-09-15T10:47:52.291+0000] {processor.py:830} INFO - Processing file /opt/airflow/dags/clean_hour_data.py for tasks to queue
[2025-09-15T10:47:52.292+0000] {logging_mixin.py:188} INFO - [2025-09-15T10:47:52.292+0000] {dagbag.py:540} INFO - Filling up the DagBag from /opt/airflow/dags/clean_hour_data.py
[2025-09-15T10:47:52.309+0000] {processor.py:840} INFO - DAG(s) 'clean_hour_data' retrieved from /opt/airflow/dags/clean_hour_data.py
[2025-09-15T10:47:52.336+0000] {logging_mixin.py:188} INFO - [2025-09-15T10:47:52.336+0000] {dag.py:3096} INFO - Sync 1 DAGs
[2025-09-15T10:47:52.348+0000] {logging_mixin.py:188} INFO - [2025-09-15T10:47:52.348+0000] {dag.py:3954} INFO - Setting next_dagrun for clean_hour_data to None, run_after=None
[2025-09-15T10:47:52.366+0000] {processor.py:183} INFO - Processing /opt/airflow/dags/clean_hour_data.py took 0.083 seconds
[2025-09-15T10:48:22.781+0000] {processor.py:161} INFO - Started process (PID=6553) to work on /opt/airflow/dags/clean_hour_data.py
[2025-09-15T10:48:22.783+0000] {processor.py:830} INFO - Processing file /opt/airflow/dags/clean_hour_data.py for tasks to queue
[2025-09-15T10:48:22.784+0000] {logging_mixin.py:188} INFO - [2025-09-15T10:48:22.783+0000] {dagbag.py:540} INFO - Filling up the DagBag from /opt/airflow/dags/clean_hour_data.py
[2025-09-15T10:48:22.802+0000] {processor.py:840} INFO - DAG(s) 'clean_hour_data' retrieved from /opt/airflow/dags/clean_hour_data.py
[2025-09-15T10:48:22.832+0000] {logging_mixin.py:188} INFO - [2025-09-15T10:48:22.832+0000] {dag.py:3096} INFO - Sync 1 DAGs
[2025-09-15T10:48:22.844+0000] {logging_mixin.py:188} INFO - [2025-09-15T10:48:22.844+0000] {dag.py:3954} INFO - Setting next_dagrun for clean_hour_data to None, run_after=None
[2025-09-15T10:48:22.865+0000] {processor.py:183} INFO - Processing /opt/airflow/dags/clean_hour_data.py took 0.091 seconds
[2025-09-15T10:48:53.514+0000] {processor.py:161} INFO - Started process (PID=6588) to work on /opt/airflow/dags/clean_hour_data.py
[2025-09-15T10:48:53.515+0000] {processor.py:830} INFO - Processing file /opt/airflow/dags/clean_hour_data.py for tasks to queue
[2025-09-15T10:48:53.516+0000] {logging_mixin.py:188} INFO - [2025-09-15T10:48:53.516+0000] {dagbag.py:540} INFO - Filling up the DagBag from /opt/airflow/dags/clean_hour_data.py
[2025-09-15T10:48:53.534+0000] {processor.py:840} INFO - DAG(s) 'clean_hour_data' retrieved from /opt/airflow/dags/clean_hour_data.py
[2025-09-15T10:48:53.561+0000] {logging_mixin.py:188} INFO - [2025-09-15T10:48:53.560+0000] {dag.py:3096} INFO - Sync 1 DAGs
[2025-09-15T10:48:53.573+0000] {logging_mixin.py:188} INFO - [2025-09-15T10:48:53.573+0000] {dag.py:3954} INFO - Setting next_dagrun for clean_hour_data to None, run_after=None
[2025-09-15T10:48:53.591+0000] {processor.py:183} INFO - Processing /opt/airflow/dags/clean_hour_data.py took 0.083 seconds
[2025-09-15T10:49:24.183+0000] {processor.py:161} INFO - Started process (PID=6623) to work on /opt/airflow/dags/clean_hour_data.py
[2025-09-15T10:49:24.185+0000] {processor.py:830} INFO - Processing file /opt/airflow/dags/clean_hour_data.py for tasks to queue
[2025-09-15T10:49:24.186+0000] {logging_mixin.py:188} INFO - [2025-09-15T10:49:24.186+0000] {dagbag.py:540} INFO - Filling up the DagBag from /opt/airflow/dags/clean_hour_data.py
[2025-09-15T10:49:24.208+0000] {processor.py:840} INFO - DAG(s) 'clean_hour_data' retrieved from /opt/airflow/dags/clean_hour_data.py
[2025-09-15T10:49:24.238+0000] {logging_mixin.py:188} INFO - [2025-09-15T10:49:24.238+0000] {dag.py:3096} INFO - Sync 1 DAGs
[2025-09-15T10:49:24.256+0000] {logging_mixin.py:188} INFO - [2025-09-15T10:49:24.256+0000] {dag.py:3954} INFO - Setting next_dagrun for clean_hour_data to None, run_after=None
[2025-09-15T10:49:24.277+0000] {processor.py:183} INFO - Processing /opt/airflow/dags/clean_hour_data.py took 0.101 seconds
[2025-09-15T10:49:54.583+0000] {processor.py:161} INFO - Started process (PID=6658) to work on /opt/airflow/dags/clean_hour_data.py
[2025-09-15T10:49:54.584+0000] {processor.py:830} INFO - Processing file /opt/airflow/dags/clean_hour_data.py for tasks to queue
[2025-09-15T10:49:54.585+0000] {logging_mixin.py:188} INFO - [2025-09-15T10:49:54.585+0000] {dagbag.py:540} INFO - Filling up the DagBag from /opt/airflow/dags/clean_hour_data.py
[2025-09-15T10:49:54.603+0000] {processor.py:840} INFO - DAG(s) 'clean_hour_data' retrieved from /opt/airflow/dags/clean_hour_data.py
[2025-09-15T10:49:54.631+0000] {logging_mixin.py:188} INFO - [2025-09-15T10:49:54.631+0000] {dag.py:3096} INFO - Sync 1 DAGs
[2025-09-15T10:49:54.643+0000] {logging_mixin.py:188} INFO - [2025-09-15T10:49:54.642+0000] {dag.py:3954} INFO - Setting next_dagrun for clean_hour_data to None, run_after=None
[2025-09-15T10:49:54.663+0000] {processor.py:183} INFO - Processing /opt/airflow/dags/clean_hour_data.py took 0.086 seconds
[2025-09-15T10:50:25.339+0000] {processor.py:161} INFO - Started process (PID=6693) to work on /opt/airflow/dags/clean_hour_data.py
[2025-09-15T10:50:25.341+0000] {processor.py:830} INFO - Processing file /opt/airflow/dags/clean_hour_data.py for tasks to queue
[2025-09-15T10:50:25.342+0000] {logging_mixin.py:188} INFO - [2025-09-15T10:50:25.342+0000] {dagbag.py:540} INFO - Filling up the DagBag from /opt/airflow/dags/clean_hour_data.py
[2025-09-15T10:50:25.365+0000] {processor.py:840} INFO - DAG(s) 'clean_hour_data' retrieved from /opt/airflow/dags/clean_hour_data.py
[2025-09-15T10:50:25.397+0000] {logging_mixin.py:188} INFO - [2025-09-15T10:50:25.397+0000] {dag.py:3096} INFO - Sync 1 DAGs
[2025-09-15T10:50:25.410+0000] {logging_mixin.py:188} INFO - [2025-09-15T10:50:25.410+0000] {dag.py:3954} INFO - Setting next_dagrun for clean_hour_data to None, run_after=None
[2025-09-15T10:50:25.433+0000] {processor.py:183} INFO - Processing /opt/airflow/dags/clean_hour_data.py took 0.101 seconds
[2025-09-15T10:50:56.036+0000] {processor.py:161} INFO - Started process (PID=6728) to work on /opt/airflow/dags/clean_hour_data.py
[2025-09-15T10:50:56.038+0000] {processor.py:830} INFO - Processing file /opt/airflow/dags/clean_hour_data.py for tasks to queue
[2025-09-15T10:50:56.039+0000] {logging_mixin.py:188} INFO - [2025-09-15T10:50:56.039+0000] {dagbag.py:540} INFO - Filling up the DagBag from /opt/airflow/dags/clean_hour_data.py
[2025-09-15T10:50:56.060+0000] {processor.py:840} INFO - DAG(s) 'clean_hour_data' retrieved from /opt/airflow/dags/clean_hour_data.py
[2025-09-15T10:50:56.088+0000] {logging_mixin.py:188} INFO - [2025-09-15T10:50:56.088+0000] {dag.py:3096} INFO - Sync 1 DAGs
[2025-09-15T10:50:56.101+0000] {logging_mixin.py:188} INFO - [2025-09-15T10:50:56.101+0000] {dag.py:3954} INFO - Setting next_dagrun for clean_hour_data to None, run_after=None
[2025-09-15T10:50:56.121+0000] {processor.py:183} INFO - Processing /opt/airflow/dags/clean_hour_data.py took 0.091 seconds
[2025-09-15T10:51:26.752+0000] {processor.py:161} INFO - Started process (PID=6763) to work on /opt/airflow/dags/clean_hour_data.py
[2025-09-15T10:51:26.753+0000] {processor.py:830} INFO - Processing file /opt/airflow/dags/clean_hour_data.py for tasks to queue
[2025-09-15T10:51:26.754+0000] {logging_mixin.py:188} INFO - [2025-09-15T10:51:26.754+0000] {dagbag.py:540} INFO - Filling up the DagBag from /opt/airflow/dags/clean_hour_data.py
[2025-09-15T10:51:26.776+0000] {processor.py:840} INFO - DAG(s) 'clean_hour_data' retrieved from /opt/airflow/dags/clean_hour_data.py
[2025-09-15T10:51:26.805+0000] {logging_mixin.py:188} INFO - [2025-09-15T10:51:26.805+0000] {dag.py:3096} INFO - Sync 1 DAGs
[2025-09-15T10:51:26.818+0000] {logging_mixin.py:188} INFO - [2025-09-15T10:51:26.818+0000] {dag.py:3954} INFO - Setting next_dagrun for clean_hour_data to None, run_after=None
[2025-09-15T10:51:26.836+0000] {processor.py:183} INFO - Processing /opt/airflow/dags/clean_hour_data.py took 0.091 seconds
[2025-09-15T10:51:57.213+0000] {processor.py:161} INFO - Started process (PID=6798) to work on /opt/airflow/dags/clean_hour_data.py
[2025-09-15T10:51:57.214+0000] {processor.py:830} INFO - Processing file /opt/airflow/dags/clean_hour_data.py for tasks to queue
[2025-09-15T10:51:57.215+0000] {logging_mixin.py:188} INFO - [2025-09-15T10:51:57.215+0000] {dagbag.py:540} INFO - Filling up the DagBag from /opt/airflow/dags/clean_hour_data.py
[2025-09-15T10:51:57.232+0000] {processor.py:840} INFO - DAG(s) 'clean_hour_data' retrieved from /opt/airflow/dags/clean_hour_data.py
[2025-09-15T10:51:57.260+0000] {logging_mixin.py:188} INFO - [2025-09-15T10:51:57.260+0000] {dag.py:3096} INFO - Sync 1 DAGs
[2025-09-15T10:51:57.271+0000] {logging_mixin.py:188} INFO - [2025-09-15T10:51:57.271+0000] {dag.py:3954} INFO - Setting next_dagrun for clean_hour_data to None, run_after=None
[2025-09-15T10:51:57.290+0000] {processor.py:183} INFO - Processing /opt/airflow/dags/clean_hour_data.py took 0.083 seconds
[2025-09-15T10:52:27.964+0000] {processor.py:161} INFO - Started process (PID=6833) to work on /opt/airflow/dags/clean_hour_data.py
[2025-09-15T10:52:27.965+0000] {processor.py:830} INFO - Processing file /opt/airflow/dags/clean_hour_data.py for tasks to queue
[2025-09-15T10:52:27.966+0000] {logging_mixin.py:188} INFO - [2025-09-15T10:52:27.966+0000] {dagbag.py:540} INFO - Filling up the DagBag from /opt/airflow/dags/clean_hour_data.py
[2025-09-15T10:52:27.984+0000] {processor.py:840} INFO - DAG(s) 'clean_hour_data' retrieved from /opt/airflow/dags/clean_hour_data.py
[2025-09-15T10:52:28.013+0000] {logging_mixin.py:188} INFO - [2025-09-15T10:52:28.012+0000] {dag.py:3096} INFO - Sync 1 DAGs
[2025-09-15T10:52:28.025+0000] {logging_mixin.py:188} INFO - [2025-09-15T10:52:28.024+0000] {dag.py:3954} INFO - Setting next_dagrun for clean_hour_data to None, run_after=None
[2025-09-15T10:52:28.043+0000] {processor.py:183} INFO - Processing /opt/airflow/dags/clean_hour_data.py took 0.085 seconds
[2025-09-15T10:52:58.859+0000] {processor.py:161} INFO - Started process (PID=6868) to work on /opt/airflow/dags/clean_hour_data.py
[2025-09-15T10:52:58.860+0000] {processor.py:830} INFO - Processing file /opt/airflow/dags/clean_hour_data.py for tasks to queue
[2025-09-15T10:52:58.861+0000] {logging_mixin.py:188} INFO - [2025-09-15T10:52:58.861+0000] {dagbag.py:540} INFO - Filling up the DagBag from /opt/airflow/dags/clean_hour_data.py
[2025-09-15T10:52:58.879+0000] {processor.py:840} INFO - DAG(s) 'clean_hour_data' retrieved from /opt/airflow/dags/clean_hour_data.py
[2025-09-15T10:52:58.908+0000] {logging_mixin.py:188} INFO - [2025-09-15T10:52:58.908+0000] {dag.py:3096} INFO - Sync 1 DAGs
[2025-09-15T10:52:58.922+0000] {logging_mixin.py:188} INFO - [2025-09-15T10:52:58.922+0000] {dag.py:3954} INFO - Setting next_dagrun for clean_hour_data to None, run_after=None
[2025-09-15T10:52:58.940+0000] {processor.py:183} INFO - Processing /opt/airflow/dags/clean_hour_data.py took 0.088 seconds
[2025-09-15T10:53:29.159+0000] {processor.py:161} INFO - Started process (PID=6903) to work on /opt/airflow/dags/clean_hour_data.py
[2025-09-15T10:53:29.160+0000] {processor.py:830} INFO - Processing file /opt/airflow/dags/clean_hour_data.py for tasks to queue
[2025-09-15T10:53:29.161+0000] {logging_mixin.py:188} INFO - [2025-09-15T10:53:29.161+0000] {dagbag.py:540} INFO - Filling up the DagBag from /opt/airflow/dags/clean_hour_data.py
[2025-09-15T10:53:29.181+0000] {processor.py:840} INFO - DAG(s) 'clean_hour_data' retrieved from /opt/airflow/dags/clean_hour_data.py
[2025-09-15T10:53:29.215+0000] {logging_mixin.py:188} INFO - [2025-09-15T10:53:29.215+0000] {dag.py:3096} INFO - Sync 1 DAGs
[2025-09-15T10:53:29.229+0000] {logging_mixin.py:188} INFO - [2025-09-15T10:53:29.229+0000] {dag.py:3954} INFO - Setting next_dagrun for clean_hour_data to None, run_after=None
[2025-09-15T10:53:29.251+0000] {processor.py:183} INFO - Processing /opt/airflow/dags/clean_hour_data.py took 0.098 seconds
[2025-09-15T10:53:59.549+0000] {processor.py:161} INFO - Started process (PID=6938) to work on /opt/airflow/dags/clean_hour_data.py
[2025-09-15T10:53:59.551+0000] {processor.py:830} INFO - Processing file /opt/airflow/dags/clean_hour_data.py for tasks to queue
[2025-09-15T10:53:59.552+0000] {logging_mixin.py:188} INFO - [2025-09-15T10:53:59.552+0000] {dagbag.py:540} INFO - Filling up the DagBag from /opt/airflow/dags/clean_hour_data.py
[2025-09-15T10:53:59.578+0000] {processor.py:840} INFO - DAG(s) 'clean_hour_data' retrieved from /opt/airflow/dags/clean_hour_data.py
[2025-09-15T10:53:59.612+0000] {logging_mixin.py:188} INFO - [2025-09-15T10:53:59.611+0000] {dag.py:3096} INFO - Sync 1 DAGs
[2025-09-15T10:53:59.625+0000] {logging_mixin.py:188} INFO - [2025-09-15T10:53:59.624+0000] {dag.py:3954} INFO - Setting next_dagrun for clean_hour_data to None, run_after=None
[2025-09-15T10:53:59.647+0000] {processor.py:183} INFO - Processing /opt/airflow/dags/clean_hour_data.py took 0.105 seconds
[2025-09-15T10:54:30.698+0000] {processor.py:161} INFO - Started process (PID=6973) to work on /opt/airflow/dags/clean_hour_data.py
[2025-09-15T10:54:30.702+0000] {processor.py:830} INFO - Processing file /opt/airflow/dags/clean_hour_data.py for tasks to queue
[2025-09-15T10:54:30.703+0000] {logging_mixin.py:188} INFO - [2025-09-15T10:54:30.702+0000] {dagbag.py:540} INFO - Filling up the DagBag from /opt/airflow/dags/clean_hour_data.py
[2025-09-15T10:54:30.724+0000] {processor.py:840} INFO - DAG(s) 'clean_hour_data' retrieved from /opt/airflow/dags/clean_hour_data.py
[2025-09-15T10:54:30.752+0000] {logging_mixin.py:188} INFO - [2025-09-15T10:54:30.752+0000] {dag.py:3096} INFO - Sync 1 DAGs
[2025-09-15T10:54:30.765+0000] {logging_mixin.py:188} INFO - [2025-09-15T10:54:30.765+0000] {dag.py:3954} INFO - Setting next_dagrun for clean_hour_data to None, run_after=None
[2025-09-15T10:54:30.788+0000] {processor.py:183} INFO - Processing /opt/airflow/dags/clean_hour_data.py took 0.098 seconds
[2025-09-15T10:55:01.348+0000] {processor.py:161} INFO - Started process (PID=7008) to work on /opt/airflow/dags/clean_hour_data.py
[2025-09-15T10:55:01.349+0000] {processor.py:830} INFO - Processing file /opt/airflow/dags/clean_hour_data.py for tasks to queue
[2025-09-15T10:55:01.350+0000] {logging_mixin.py:188} INFO - [2025-09-15T10:55:01.350+0000] {dagbag.py:540} INFO - Filling up the DagBag from /opt/airflow/dags/clean_hour_data.py
[2025-09-15T10:55:01.371+0000] {processor.py:840} INFO - DAG(s) 'clean_hour_data' retrieved from /opt/airflow/dags/clean_hour_data.py
[2025-09-15T10:55:01.402+0000] {logging_mixin.py:188} INFO - [2025-09-15T10:55:01.401+0000] {dag.py:3096} INFO - Sync 1 DAGs
[2025-09-15T10:55:01.415+0000] {logging_mixin.py:188} INFO - [2025-09-15T10:55:01.414+0000] {dag.py:3954} INFO - Setting next_dagrun for clean_hour_data to None, run_after=None
[2025-09-15T10:55:01.436+0000] {processor.py:183} INFO - Processing /opt/airflow/dags/clean_hour_data.py took 0.095 seconds
[2025-09-15T10:55:32.226+0000] {processor.py:161} INFO - Started process (PID=7043) to work on /opt/airflow/dags/clean_hour_data.py
[2025-09-15T10:55:32.227+0000] {processor.py:830} INFO - Processing file /opt/airflow/dags/clean_hour_data.py for tasks to queue
[2025-09-15T10:55:32.228+0000] {logging_mixin.py:188} INFO - [2025-09-15T10:55:32.228+0000] {dagbag.py:540} INFO - Filling up the DagBag from /opt/airflow/dags/clean_hour_data.py
[2025-09-15T10:55:32.260+0000] {processor.py:840} INFO - DAG(s) 'clean_hour_data' retrieved from /opt/airflow/dags/clean_hour_data.py
[2025-09-15T10:55:32.341+0000] {logging_mixin.py:188} INFO - [2025-09-15T10:55:32.340+0000] {dag.py:3096} INFO - Sync 1 DAGs
[2025-09-15T10:55:32.379+0000] {logging_mixin.py:188} INFO - [2025-09-15T10:55:32.378+0000] {dag.py:3954} INFO - Setting next_dagrun for clean_hour_data to None, run_after=None
[2025-09-15T10:55:32.457+0000] {processor.py:183} INFO - Processing /opt/airflow/dags/clean_hour_data.py took 0.239 seconds
[2025-09-15T10:56:03.072+0000] {processor.py:161} INFO - Started process (PID=7078) to work on /opt/airflow/dags/clean_hour_data.py
[2025-09-15T10:56:03.073+0000] {processor.py:830} INFO - Processing file /opt/airflow/dags/clean_hour_data.py for tasks to queue
[2025-09-15T10:56:03.074+0000] {logging_mixin.py:188} INFO - [2025-09-15T10:56:03.074+0000] {dagbag.py:540} INFO - Filling up the DagBag from /opt/airflow/dags/clean_hour_data.py
[2025-09-15T10:56:03.100+0000] {processor.py:840} INFO - DAG(s) 'clean_hour_data' retrieved from /opt/airflow/dags/clean_hour_data.py
[2025-09-15T10:56:03.131+0000] {logging_mixin.py:188} INFO - [2025-09-15T10:56:03.131+0000] {dag.py:3096} INFO - Sync 1 DAGs
[2025-09-15T10:56:03.144+0000] {logging_mixin.py:188} INFO - [2025-09-15T10:56:03.144+0000] {dag.py:3954} INFO - Setting next_dagrun for clean_hour_data to None, run_after=None
[2025-09-15T10:56:03.168+0000] {processor.py:183} INFO - Processing /opt/airflow/dags/clean_hour_data.py took 0.102 seconds
[2025-09-15T10:56:33.677+0000] {processor.py:161} INFO - Started process (PID=7113) to work on /opt/airflow/dags/clean_hour_data.py
[2025-09-15T10:56:33.678+0000] {processor.py:830} INFO - Processing file /opt/airflow/dags/clean_hour_data.py for tasks to queue
[2025-09-15T10:56:33.679+0000] {logging_mixin.py:188} INFO - [2025-09-15T10:56:33.679+0000] {dagbag.py:540} INFO - Filling up the DagBag from /opt/airflow/dags/clean_hour_data.py
[2025-09-15T10:56:33.696+0000] {processor.py:840} INFO - DAG(s) 'clean_hour_data' retrieved from /opt/airflow/dags/clean_hour_data.py
[2025-09-15T10:56:33.722+0000] {logging_mixin.py:188} INFO - [2025-09-15T10:56:33.721+0000] {dag.py:3096} INFO - Sync 1 DAGs
[2025-09-15T10:56:33.733+0000] {logging_mixin.py:188} INFO - [2025-09-15T10:56:33.733+0000] {dag.py:3954} INFO - Setting next_dagrun for clean_hour_data to None, run_after=None
[2025-09-15T10:56:33.753+0000] {processor.py:183} INFO - Processing /opt/airflow/dags/clean_hour_data.py took 0.082 seconds
[2025-09-15T10:57:04.453+0000] {processor.py:161} INFO - Started process (PID=7148) to work on /opt/airflow/dags/clean_hour_data.py
[2025-09-15T10:57:04.454+0000] {processor.py:830} INFO - Processing file /opt/airflow/dags/clean_hour_data.py for tasks to queue
[2025-09-15T10:57:04.455+0000] {logging_mixin.py:188} INFO - [2025-09-15T10:57:04.455+0000] {dagbag.py:540} INFO - Filling up the DagBag from /opt/airflow/dags/clean_hour_data.py
[2025-09-15T10:57:04.475+0000] {processor.py:840} INFO - DAG(s) 'clean_hour_data' retrieved from /opt/airflow/dags/clean_hour_data.py
[2025-09-15T10:57:04.502+0000] {logging_mixin.py:188} INFO - [2025-09-15T10:57:04.502+0000] {dag.py:3096} INFO - Sync 1 DAGs
[2025-09-15T10:57:04.515+0000] {logging_mixin.py:188} INFO - [2025-09-15T10:57:04.515+0000] {dag.py:3954} INFO - Setting next_dagrun for clean_hour_data to None, run_after=None
[2025-09-15T10:57:04.533+0000] {processor.py:183} INFO - Processing /opt/airflow/dags/clean_hour_data.py took 0.085 seconds
[2025-09-15T10:57:35.028+0000] {processor.py:161} INFO - Started process (PID=7183) to work on /opt/airflow/dags/clean_hour_data.py
[2025-09-15T10:57:35.029+0000] {processor.py:830} INFO - Processing file /opt/airflow/dags/clean_hour_data.py for tasks to queue
[2025-09-15T10:57:35.030+0000] {logging_mixin.py:188} INFO - [2025-09-15T10:57:35.030+0000] {dagbag.py:540} INFO - Filling up the DagBag from /opt/airflow/dags/clean_hour_data.py
[2025-09-15T10:57:35.050+0000] {processor.py:840} INFO - DAG(s) 'clean_hour_data' retrieved from /opt/airflow/dags/clean_hour_data.py
[2025-09-15T10:57:35.079+0000] {logging_mixin.py:188} INFO - [2025-09-15T10:57:35.079+0000] {dag.py:3096} INFO - Sync 1 DAGs
[2025-09-15T10:57:35.092+0000] {logging_mixin.py:188} INFO - [2025-09-15T10:57:35.092+0000] {dag.py:3954} INFO - Setting next_dagrun for clean_hour_data to None, run_after=None
[2025-09-15T10:57:35.111+0000] {processor.py:183} INFO - Processing /opt/airflow/dags/clean_hour_data.py took 0.090 seconds
[2025-09-15T10:58:05.445+0000] {processor.py:161} INFO - Started process (PID=7218) to work on /opt/airflow/dags/clean_hour_data.py
[2025-09-15T10:58:05.446+0000] {processor.py:830} INFO - Processing file /opt/airflow/dags/clean_hour_data.py for tasks to queue
[2025-09-15T10:58:05.447+0000] {logging_mixin.py:188} INFO - [2025-09-15T10:58:05.447+0000] {dagbag.py:540} INFO - Filling up the DagBag from /opt/airflow/dags/clean_hour_data.py
[2025-09-15T10:58:05.464+0000] {processor.py:840} INFO - DAG(s) 'clean_hour_data' retrieved from /opt/airflow/dags/clean_hour_data.py
[2025-09-15T10:58:05.491+0000] {logging_mixin.py:188} INFO - [2025-09-15T10:58:05.491+0000] {dag.py:3096} INFO - Sync 1 DAGs
[2025-09-15T10:58:05.505+0000] {logging_mixin.py:188} INFO - [2025-09-15T10:58:05.505+0000] {dag.py:3954} INFO - Setting next_dagrun for clean_hour_data to None, run_after=None
[2025-09-15T10:58:05.523+0000] {processor.py:183} INFO - Processing /opt/airflow/dags/clean_hour_data.py took 0.084 seconds
[2025-09-15T10:58:36.028+0000] {processor.py:161} INFO - Started process (PID=7253) to work on /opt/airflow/dags/clean_hour_data.py
[2025-09-15T10:58:36.029+0000] {processor.py:830} INFO - Processing file /opt/airflow/dags/clean_hour_data.py for tasks to queue
[2025-09-15T10:58:36.030+0000] {logging_mixin.py:188} INFO - [2025-09-15T10:58:36.030+0000] {dagbag.py:540} INFO - Filling up the DagBag from /opt/airflow/dags/clean_hour_data.py
[2025-09-15T10:58:36.049+0000] {processor.py:840} INFO - DAG(s) 'clean_hour_data' retrieved from /opt/airflow/dags/clean_hour_data.py
[2025-09-15T10:58:36.084+0000] {logging_mixin.py:188} INFO - [2025-09-15T10:58:36.084+0000] {dag.py:3096} INFO - Sync 1 DAGs
[2025-09-15T10:58:36.096+0000] {logging_mixin.py:188} INFO - [2025-09-15T10:58:36.096+0000] {dag.py:3954} INFO - Setting next_dagrun for clean_hour_data to None, run_after=None
[2025-09-15T10:58:36.116+0000] {processor.py:183} INFO - Processing /opt/airflow/dags/clean_hour_data.py took 0.094 seconds
[2025-09-15T10:59:06.724+0000] {processor.py:161} INFO - Started process (PID=7288) to work on /opt/airflow/dags/clean_hour_data.py
[2025-09-15T10:59:06.727+0000] {processor.py:830} INFO - Processing file /opt/airflow/dags/clean_hour_data.py for tasks to queue
[2025-09-15T10:59:06.729+0000] {logging_mixin.py:188} INFO - [2025-09-15T10:59:06.728+0000] {dagbag.py:540} INFO - Filling up the DagBag from /opt/airflow/dags/clean_hour_data.py
[2025-09-15T10:59:06.754+0000] {processor.py:840} INFO - DAG(s) 'clean_hour_data' retrieved from /opt/airflow/dags/clean_hour_data.py
[2025-09-15T10:59:06.793+0000] {logging_mixin.py:188} INFO - [2025-09-15T10:59:06.792+0000] {dag.py:3096} INFO - Sync 1 DAGs
[2025-09-15T10:59:06.806+0000] {logging_mixin.py:188} INFO - [2025-09-15T10:59:06.806+0000] {dag.py:3954} INFO - Setting next_dagrun for clean_hour_data to None, run_after=None
[2025-09-15T10:59:06.830+0000] {processor.py:183} INFO - Processing /opt/airflow/dags/clean_hour_data.py took 0.116 seconds
[2025-09-15T10:59:37.660+0000] {processor.py:161} INFO - Started process (PID=7323) to work on /opt/airflow/dags/clean_hour_data.py
[2025-09-15T10:59:37.667+0000] {processor.py:830} INFO - Processing file /opt/airflow/dags/clean_hour_data.py for tasks to queue
[2025-09-15T10:59:37.673+0000] {logging_mixin.py:188} INFO - [2025-09-15T10:59:37.672+0000] {dagbag.py:540} INFO - Filling up the DagBag from /opt/airflow/dags/clean_hour_data.py
[2025-09-15T10:59:37.714+0000] {processor.py:840} INFO - DAG(s) 'clean_hour_data' retrieved from /opt/airflow/dags/clean_hour_data.py
[2025-09-15T10:59:37.761+0000] {logging_mixin.py:188} INFO - [2025-09-15T10:59:37.760+0000] {dag.py:3096} INFO - Sync 1 DAGs
[2025-09-15T10:59:37.779+0000] {logging_mixin.py:188} INFO - [2025-09-15T10:59:37.778+0000] {dag.py:3954} INFO - Setting next_dagrun for clean_hour_data to None, run_after=None
[2025-09-15T10:59:37.836+0000] {processor.py:183} INFO - Processing /opt/airflow/dags/clean_hour_data.py took 0.190 seconds
[2025-09-15T11:00:08.643+0000] {processor.py:161} INFO - Started process (PID=7358) to work on /opt/airflow/dags/clean_hour_data.py
[2025-09-15T11:00:08.644+0000] {processor.py:830} INFO - Processing file /opt/airflow/dags/clean_hour_data.py for tasks to queue
[2025-09-15T11:00:08.645+0000] {logging_mixin.py:188} INFO - [2025-09-15T11:00:08.645+0000] {dagbag.py:540} INFO - Filling up the DagBag from /opt/airflow/dags/clean_hour_data.py
[2025-09-15T11:00:08.661+0000] {processor.py:840} INFO - DAG(s) 'clean_hour_data' retrieved from /opt/airflow/dags/clean_hour_data.py
[2025-09-15T11:00:08.685+0000] {logging_mixin.py:188} INFO - [2025-09-15T11:00:08.685+0000] {dag.py:3096} INFO - Sync 1 DAGs
[2025-09-15T11:00:08.695+0000] {logging_mixin.py:188} INFO - [2025-09-15T11:00:08.695+0000] {dag.py:3954} INFO - Setting next_dagrun for clean_hour_data to None, run_after=None
[2025-09-15T11:00:08.715+0000] {processor.py:183} INFO - Processing /opt/airflow/dags/clean_hour_data.py took 0.078 seconds
[2025-09-15T11:00:39.063+0000] {processor.py:161} INFO - Started process (PID=7393) to work on /opt/airflow/dags/clean_hour_data.py
[2025-09-15T11:00:39.064+0000] {processor.py:830} INFO - Processing file /opt/airflow/dags/clean_hour_data.py for tasks to queue
[2025-09-15T11:00:39.065+0000] {logging_mixin.py:188} INFO - [2025-09-15T11:00:39.065+0000] {dagbag.py:540} INFO - Filling up the DagBag from /opt/airflow/dags/clean_hour_data.py
[2025-09-15T11:00:39.086+0000] {processor.py:840} INFO - DAG(s) 'clean_hour_data' retrieved from /opt/airflow/dags/clean_hour_data.py
[2025-09-15T11:00:39.119+0000] {logging_mixin.py:188} INFO - [2025-09-15T11:00:39.118+0000] {dag.py:3096} INFO - Sync 1 DAGs
[2025-09-15T11:00:39.131+0000] {logging_mixin.py:188} INFO - [2025-09-15T11:00:39.131+0000] {dag.py:3954} INFO - Setting next_dagrun for clean_hour_data to None, run_after=None
[2025-09-15T11:00:39.162+0000] {processor.py:183} INFO - Processing /opt/airflow/dags/clean_hour_data.py took 0.107 seconds
[2025-09-15T11:01:09.918+0000] {processor.py:161} INFO - Started process (PID=7428) to work on /opt/airflow/dags/clean_hour_data.py
[2025-09-15T11:01:09.921+0000] {processor.py:830} INFO - Processing file /opt/airflow/dags/clean_hour_data.py for tasks to queue
[2025-09-15T11:01:09.925+0000] {logging_mixin.py:188} INFO - [2025-09-15T11:01:09.924+0000] {dagbag.py:540} INFO - Filling up the DagBag from /opt/airflow/dags/clean_hour_data.py
[2025-09-15T11:01:09.997+0000] {processor.py:840} INFO - DAG(s) 'clean_hour_data' retrieved from /opt/airflow/dags/clean_hour_data.py
[2025-09-15T11:01:10.129+0000] {logging_mixin.py:188} INFO - [2025-09-15T11:01:10.122+0000] {dag.py:3096} INFO - Sync 1 DAGs
[2025-09-15T11:01:10.179+0000] {logging_mixin.py:188} INFO - [2025-09-15T11:01:10.178+0000] {dag.py:3954} INFO - Setting next_dagrun for clean_hour_data to None, run_after=None
[2025-09-15T11:01:10.289+0000] {processor.py:183} INFO - Processing /opt/airflow/dags/clean_hour_data.py took 0.382 seconds
[2025-09-15T11:01:40.732+0000] {processor.py:161} INFO - Started process (PID=7463) to work on /opt/airflow/dags/clean_hour_data.py
[2025-09-15T11:01:40.733+0000] {processor.py:830} INFO - Processing file /opt/airflow/dags/clean_hour_data.py for tasks to queue
[2025-09-15T11:01:40.736+0000] {logging_mixin.py:188} INFO - [2025-09-15T11:01:40.735+0000] {dagbag.py:540} INFO - Filling up the DagBag from /opt/airflow/dags/clean_hour_data.py
[2025-09-15T11:01:40.770+0000] {processor.py:840} INFO - DAG(s) 'clean_hour_data' retrieved from /opt/airflow/dags/clean_hour_data.py
[2025-09-15T11:01:40.819+0000] {logging_mixin.py:188} INFO - [2025-09-15T11:01:40.819+0000] {dag.py:3096} INFO - Sync 1 DAGs
[2025-09-15T11:01:40.841+0000] {logging_mixin.py:188} INFO - [2025-09-15T11:01:40.841+0000] {dag.py:3954} INFO - Setting next_dagrun for clean_hour_data to None, run_after=None
[2025-09-15T11:01:40.894+0000] {processor.py:183} INFO - Processing /opt/airflow/dags/clean_hour_data.py took 0.171 seconds
[2025-09-15T11:02:11.692+0000] {processor.py:161} INFO - Started process (PID=7498) to work on /opt/airflow/dags/clean_hour_data.py
[2025-09-15T11:02:11.693+0000] {processor.py:830} INFO - Processing file /opt/airflow/dags/clean_hour_data.py for tasks to queue
[2025-09-15T11:02:11.694+0000] {logging_mixin.py:188} INFO - [2025-09-15T11:02:11.694+0000] {dagbag.py:540} INFO - Filling up the DagBag from /opt/airflow/dags/clean_hour_data.py
[2025-09-15T11:02:11.715+0000] {processor.py:840} INFO - DAG(s) 'clean_hour_data' retrieved from /opt/airflow/dags/clean_hour_data.py
[2025-09-15T11:02:11.754+0000] {logging_mixin.py:188} INFO - [2025-09-15T11:02:11.754+0000] {dag.py:3096} INFO - Sync 1 DAGs
[2025-09-15T11:02:11.773+0000] {logging_mixin.py:188} INFO - [2025-09-15T11:02:11.773+0000] {dag.py:3954} INFO - Setting next_dagrun for clean_hour_data to None, run_after=None
[2025-09-15T11:02:11.808+0000] {processor.py:183} INFO - Processing /opt/airflow/dags/clean_hour_data.py took 0.122 seconds
[2025-09-15T11:02:42.295+0000] {processor.py:161} INFO - Started process (PID=7533) to work on /opt/airflow/dags/clean_hour_data.py
[2025-09-15T11:02:42.297+0000] {processor.py:830} INFO - Processing file /opt/airflow/dags/clean_hour_data.py for tasks to queue
[2025-09-15T11:02:42.297+0000] {logging_mixin.py:188} INFO - [2025-09-15T11:02:42.297+0000] {dagbag.py:540} INFO - Filling up the DagBag from /opt/airflow/dags/clean_hour_data.py
[2025-09-15T11:02:42.315+0000] {processor.py:840} INFO - DAG(s) 'clean_hour_data' retrieved from /opt/airflow/dags/clean_hour_data.py
[2025-09-15T11:02:42.347+0000] {logging_mixin.py:188} INFO - [2025-09-15T11:02:42.347+0000] {dag.py:3096} INFO - Sync 1 DAGs
[2025-09-15T11:02:42.359+0000] {logging_mixin.py:188} INFO - [2025-09-15T11:02:42.359+0000] {dag.py:3954} INFO - Setting next_dagrun for clean_hour_data to None, run_after=None
[2025-09-15T11:02:42.382+0000] {processor.py:183} INFO - Processing /opt/airflow/dags/clean_hour_data.py took 0.093 seconds
[2025-09-15T11:03:12.934+0000] {processor.py:161} INFO - Started process (PID=7568) to work on /opt/airflow/dags/clean_hour_data.py
[2025-09-15T11:03:12.935+0000] {processor.py:830} INFO - Processing file /opt/airflow/dags/clean_hour_data.py for tasks to queue
[2025-09-15T11:03:12.936+0000] {logging_mixin.py:188} INFO - [2025-09-15T11:03:12.936+0000] {dagbag.py:540} INFO - Filling up the DagBag from /opt/airflow/dags/clean_hour_data.py
[2025-09-15T11:03:12.956+0000] {processor.py:840} INFO - DAG(s) 'clean_hour_data' retrieved from /opt/airflow/dags/clean_hour_data.py
[2025-09-15T11:03:12.981+0000] {logging_mixin.py:188} INFO - [2025-09-15T11:03:12.981+0000] {dag.py:3096} INFO - Sync 1 DAGs
[2025-09-15T11:03:12.992+0000] {logging_mixin.py:188} INFO - [2025-09-15T11:03:12.992+0000] {dag.py:3954} INFO - Setting next_dagrun for clean_hour_data to None, run_after=None
[2025-09-15T11:03:13.019+0000] {processor.py:183} INFO - Processing /opt/airflow/dags/clean_hour_data.py took 0.092 seconds
[2025-09-15T11:03:43.405+0000] {processor.py:161} INFO - Started process (PID=7603) to work on /opt/airflow/dags/clean_hour_data.py
[2025-09-15T11:03:43.406+0000] {processor.py:830} INFO - Processing file /opt/airflow/dags/clean_hour_data.py for tasks to queue
[2025-09-15T11:03:43.407+0000] {logging_mixin.py:188} INFO - [2025-09-15T11:03:43.406+0000] {dagbag.py:540} INFO - Filling up the DagBag from /opt/airflow/dags/clean_hour_data.py
[2025-09-15T11:03:43.428+0000] {processor.py:840} INFO - DAG(s) 'clean_hour_data' retrieved from /opt/airflow/dags/clean_hour_data.py
[2025-09-15T11:03:43.453+0000] {logging_mixin.py:188} INFO - [2025-09-15T11:03:43.453+0000] {dag.py:3096} INFO - Sync 1 DAGs
[2025-09-15T11:03:43.464+0000] {logging_mixin.py:188} INFO - [2025-09-15T11:03:43.464+0000] {dag.py:3954} INFO - Setting next_dagrun for clean_hour_data to None, run_after=None
[2025-09-15T11:03:43.484+0000] {processor.py:183} INFO - Processing /opt/airflow/dags/clean_hour_data.py took 0.085 seconds
[2025-09-15T11:04:13.952+0000] {processor.py:161} INFO - Started process (PID=7638) to work on /opt/airflow/dags/clean_hour_data.py
[2025-09-15T11:04:13.953+0000] {processor.py:830} INFO - Processing file /opt/airflow/dags/clean_hour_data.py for tasks to queue
[2025-09-15T11:04:13.954+0000] {logging_mixin.py:188} INFO - [2025-09-15T11:04:13.954+0000] {dagbag.py:540} INFO - Filling up the DagBag from /opt/airflow/dags/clean_hour_data.py
[2025-09-15T11:04:13.970+0000] {processor.py:840} INFO - DAG(s) 'clean_hour_data' retrieved from /opt/airflow/dags/clean_hour_data.py
[2025-09-15T11:04:13.995+0000] {logging_mixin.py:188} INFO - [2025-09-15T11:04:13.995+0000] {dag.py:3096} INFO - Sync 1 DAGs
[2025-09-15T11:04:14.006+0000] {logging_mixin.py:188} INFO - [2025-09-15T11:04:14.005+0000] {dag.py:3954} INFO - Setting next_dagrun for clean_hour_data to None, run_after=None
[2025-09-15T11:04:14.023+0000] {processor.py:183} INFO - Processing /opt/airflow/dags/clean_hour_data.py took 0.077 seconds
[2025-09-15T11:04:44.455+0000] {processor.py:161} INFO - Started process (PID=7673) to work on /opt/airflow/dags/clean_hour_data.py
[2025-09-15T11:04:44.456+0000] {processor.py:830} INFO - Processing file /opt/airflow/dags/clean_hour_data.py for tasks to queue
[2025-09-15T11:04:44.457+0000] {logging_mixin.py:188} INFO - [2025-09-15T11:04:44.457+0000] {dagbag.py:540} INFO - Filling up the DagBag from /opt/airflow/dags/clean_hour_data.py
[2025-09-15T11:04:44.481+0000] {processor.py:840} INFO - DAG(s) 'clean_hour_data' retrieved from /opt/airflow/dags/clean_hour_data.py
[2025-09-15T11:04:44.514+0000] {logging_mixin.py:188} INFO - [2025-09-15T11:04:44.514+0000] {dag.py:3096} INFO - Sync 1 DAGs
[2025-09-15T11:04:44.526+0000] {logging_mixin.py:188} INFO - [2025-09-15T11:04:44.526+0000] {dag.py:3954} INFO - Setting next_dagrun for clean_hour_data to None, run_after=None
[2025-09-15T11:04:44.544+0000] {processor.py:183} INFO - Processing /opt/airflow/dags/clean_hour_data.py took 0.095 seconds
[2025-09-15T11:05:14.929+0000] {processor.py:161} INFO - Started process (PID=7708) to work on /opt/airflow/dags/clean_hour_data.py
[2025-09-15T11:05:14.930+0000] {processor.py:830} INFO - Processing file /opt/airflow/dags/clean_hour_data.py for tasks to queue
[2025-09-15T11:05:14.931+0000] {logging_mixin.py:188} INFO - [2025-09-15T11:05:14.931+0000] {dagbag.py:540} INFO - Filling up the DagBag from /opt/airflow/dags/clean_hour_data.py
[2025-09-15T11:05:14.951+0000] {processor.py:840} INFO - DAG(s) 'clean_hour_data' retrieved from /opt/airflow/dags/clean_hour_data.py
[2025-09-15T11:05:14.976+0000] {logging_mixin.py:188} INFO - [2025-09-15T11:05:14.976+0000] {dag.py:3096} INFO - Sync 1 DAGs
[2025-09-15T11:05:14.994+0000] {logging_mixin.py:188} INFO - [2025-09-15T11:05:14.994+0000] {dag.py:3954} INFO - Setting next_dagrun for clean_hour_data to None, run_after=None
[2025-09-15T11:05:15.012+0000] {processor.py:183} INFO - Processing /opt/airflow/dags/clean_hour_data.py took 0.090 seconds
[2025-09-15T11:05:45.458+0000] {processor.py:161} INFO - Started process (PID=7743) to work on /opt/airflow/dags/clean_hour_data.py
[2025-09-15T11:05:45.459+0000] {processor.py:830} INFO - Processing file /opt/airflow/dags/clean_hour_data.py for tasks to queue
[2025-09-15T11:05:45.460+0000] {logging_mixin.py:188} INFO - [2025-09-15T11:05:45.460+0000] {dagbag.py:540} INFO - Filling up the DagBag from /opt/airflow/dags/clean_hour_data.py
[2025-09-15T11:05:45.479+0000] {processor.py:840} INFO - DAG(s) 'clean_hour_data' retrieved from /opt/airflow/dags/clean_hour_data.py
[2025-09-15T11:05:45.515+0000] {logging_mixin.py:188} INFO - [2025-09-15T11:05:45.514+0000] {dag.py:3096} INFO - Sync 1 DAGs
[2025-09-15T11:05:45.527+0000] {logging_mixin.py:188} INFO - [2025-09-15T11:05:45.527+0000] {dag.py:3954} INFO - Setting next_dagrun for clean_hour_data to None, run_after=None
[2025-09-15T11:05:45.548+0000] {processor.py:183} INFO - Processing /opt/airflow/dags/clean_hour_data.py took 0.095 seconds
[2025-09-15T11:06:15.968+0000] {processor.py:161} INFO - Started process (PID=7778) to work on /opt/airflow/dags/clean_hour_data.py
[2025-09-15T11:06:15.969+0000] {processor.py:830} INFO - Processing file /opt/airflow/dags/clean_hour_data.py for tasks to queue
[2025-09-15T11:06:15.970+0000] {logging_mixin.py:188} INFO - [2025-09-15T11:06:15.970+0000] {dagbag.py:540} INFO - Filling up the DagBag from /opt/airflow/dags/clean_hour_data.py
[2025-09-15T11:06:15.993+0000] {processor.py:840} INFO - DAG(s) 'clean_hour_data' retrieved from /opt/airflow/dags/clean_hour_data.py
[2025-09-15T11:06:16.024+0000] {logging_mixin.py:188} INFO - [2025-09-15T11:06:16.023+0000] {dag.py:3096} INFO - Sync 1 DAGs
[2025-09-15T11:06:16.036+0000] {logging_mixin.py:188} INFO - [2025-09-15T11:06:16.036+0000] {dag.py:3954} INFO - Setting next_dagrun for clean_hour_data to None, run_after=None
[2025-09-15T11:06:16.054+0000] {processor.py:183} INFO - Processing /opt/airflow/dags/clean_hour_data.py took 0.093 seconds
[2025-09-15T11:06:46.722+0000] {processor.py:161} INFO - Started process (PID=7813) to work on /opt/airflow/dags/clean_hour_data.py
[2025-09-15T11:06:46.723+0000] {processor.py:830} INFO - Processing file /opt/airflow/dags/clean_hour_data.py for tasks to queue
[2025-09-15T11:06:46.724+0000] {logging_mixin.py:188} INFO - [2025-09-15T11:06:46.724+0000] {dagbag.py:540} INFO - Filling up the DagBag from /opt/airflow/dags/clean_hour_data.py
[2025-09-15T11:06:46.742+0000] {processor.py:840} INFO - DAG(s) 'clean_hour_data' retrieved from /opt/airflow/dags/clean_hour_data.py
[2025-09-15T11:06:46.774+0000] {logging_mixin.py:188} INFO - [2025-09-15T11:06:46.774+0000] {dag.py:3096} INFO - Sync 1 DAGs
[2025-09-15T11:06:46.785+0000] {logging_mixin.py:188} INFO - [2025-09-15T11:06:46.785+0000] {dag.py:3954} INFO - Setting next_dagrun for clean_hour_data to None, run_after=None
[2025-09-15T11:06:46.802+0000] {processor.py:183} INFO - Processing /opt/airflow/dags/clean_hour_data.py took 0.087 seconds
[2025-09-15T11:07:16.958+0000] {processor.py:161} INFO - Started process (PID=7863) to work on /opt/airflow/dags/clean_hour_data.py
[2025-09-15T11:07:16.960+0000] {processor.py:830} INFO - Processing file /opt/airflow/dags/clean_hour_data.py for tasks to queue
[2025-09-15T11:07:16.961+0000] {logging_mixin.py:188} INFO - [2025-09-15T11:07:16.960+0000] {dagbag.py:540} INFO - Filling up the DagBag from /opt/airflow/dags/clean_hour_data.py
[2025-09-15T11:07:16.979+0000] {processor.py:840} INFO - DAG(s) 'clean_hour_data' retrieved from /opt/airflow/dags/clean_hour_data.py
[2025-09-15T11:07:17.020+0000] {logging_mixin.py:188} INFO - [2025-09-15T11:07:17.020+0000] {dag.py:3096} INFO - Sync 1 DAGs
[2025-09-15T11:07:17.033+0000] {logging_mixin.py:188} INFO - [2025-09-15T11:07:17.033+0000] {dag.py:3954} INFO - Setting next_dagrun for clean_hour_data to None, run_after=None
[2025-09-15T11:07:17.052+0000] {processor.py:183} INFO - Processing /opt/airflow/dags/clean_hour_data.py took 0.100 seconds
[2025-09-15T11:07:47.477+0000] {processor.py:161} INFO - Started process (PID=7898) to work on /opt/airflow/dags/clean_hour_data.py
[2025-09-15T11:07:47.478+0000] {processor.py:830} INFO - Processing file /opt/airflow/dags/clean_hour_data.py for tasks to queue
[2025-09-15T11:07:47.480+0000] {logging_mixin.py:188} INFO - [2025-09-15T11:07:47.479+0000] {dagbag.py:540} INFO - Filling up the DagBag from /opt/airflow/dags/clean_hour_data.py
[2025-09-15T11:07:47.500+0000] {processor.py:840} INFO - DAG(s) 'clean_hour_data' retrieved from /opt/airflow/dags/clean_hour_data.py
[2025-09-15T11:07:47.529+0000] {logging_mixin.py:188} INFO - [2025-09-15T11:07:47.529+0000] {dag.py:3096} INFO - Sync 1 DAGs
[2025-09-15T11:07:47.542+0000] {logging_mixin.py:188} INFO - [2025-09-15T11:07:47.542+0000] {dag.py:3954} INFO - Setting next_dagrun for clean_hour_data to None, run_after=None
[2025-09-15T11:07:47.562+0000] {processor.py:183} INFO - Processing /opt/airflow/dags/clean_hour_data.py took 0.092 seconds
[2025-09-15T11:08:18.308+0000] {processor.py:161} INFO - Started process (PID=7933) to work on /opt/airflow/dags/clean_hour_data.py
[2025-09-15T11:08:18.310+0000] {processor.py:830} INFO - Processing file /opt/airflow/dags/clean_hour_data.py for tasks to queue
[2025-09-15T11:08:18.312+0000] {logging_mixin.py:188} INFO - [2025-09-15T11:08:18.311+0000] {dagbag.py:540} INFO - Filling up the DagBag from /opt/airflow/dags/clean_hour_data.py
[2025-09-15T11:08:18.335+0000] {processor.py:840} INFO - DAG(s) 'clean_hour_data' retrieved from /opt/airflow/dags/clean_hour_data.py
[2025-09-15T11:08:18.375+0000] {logging_mixin.py:188} INFO - [2025-09-15T11:08:18.375+0000] {dag.py:3096} INFO - Sync 1 DAGs
[2025-09-15T11:08:18.422+0000] {logging_mixin.py:188} INFO - [2025-09-15T11:08:18.422+0000] {dag.py:3954} INFO - Setting next_dagrun for clean_hour_data to None, run_after=None
[2025-09-15T11:08:18.565+0000] {processor.py:183} INFO - Processing /opt/airflow/dags/clean_hour_data.py took 0.264 seconds
[2025-09-15T11:08:49.255+0000] {processor.py:161} INFO - Started process (PID=7973) to work on /opt/airflow/dags/clean_hour_data.py
[2025-09-15T11:08:49.257+0000] {processor.py:830} INFO - Processing file /opt/airflow/dags/clean_hour_data.py for tasks to queue
[2025-09-15T11:08:49.258+0000] {logging_mixin.py:188} INFO - [2025-09-15T11:08:49.258+0000] {dagbag.py:540} INFO - Filling up the DagBag from /opt/airflow/dags/clean_hour_data.py
[2025-09-15T11:08:49.279+0000] {processor.py:840} INFO - DAG(s) 'clean_hour_data' retrieved from /opt/airflow/dags/clean_hour_data.py
[2025-09-15T11:08:49.308+0000] {logging_mixin.py:188} INFO - [2025-09-15T11:08:49.308+0000] {dag.py:3096} INFO - Sync 1 DAGs
[2025-09-15T11:08:49.320+0000] {logging_mixin.py:188} INFO - [2025-09-15T11:08:49.320+0000] {dag.py:3954} INFO - Setting next_dagrun for clean_hour_data to None, run_after=None
[2025-09-15T11:08:49.342+0000] {processor.py:183} INFO - Processing /opt/airflow/dags/clean_hour_data.py took 0.094 seconds
[2025-09-15T11:09:19.996+0000] {processor.py:161} INFO - Started process (PID=8011) to work on /opt/airflow/dags/clean_hour_data.py
[2025-09-15T11:09:20.001+0000] {processor.py:830} INFO - Processing file /opt/airflow/dags/clean_hour_data.py for tasks to queue
[2025-09-15T11:09:20.002+0000] {logging_mixin.py:188} INFO - [2025-09-15T11:09:20.002+0000] {dagbag.py:540} INFO - Filling up the DagBag from /opt/airflow/dags/clean_hour_data.py
[2025-09-15T11:09:20.028+0000] {processor.py:840} INFO - DAG(s) 'clean_hour_data' retrieved from /opt/airflow/dags/clean_hour_data.py
[2025-09-15T11:09:20.063+0000] {logging_mixin.py:188} INFO - [2025-09-15T11:09:20.063+0000] {dag.py:3096} INFO - Sync 1 DAGs
[2025-09-15T11:09:20.075+0000] {logging_mixin.py:188} INFO - [2025-09-15T11:09:20.075+0000] {dag.py:3954} INFO - Setting next_dagrun for clean_hour_data to None, run_after=None
[2025-09-15T11:09:20.117+0000] {processor.py:183} INFO - Processing /opt/airflow/dags/clean_hour_data.py took 0.126 seconds
[2025-09-15T11:09:50.570+0000] {processor.py:161} INFO - Started process (PID=8048) to work on /opt/airflow/dags/clean_hour_data.py
[2025-09-15T11:09:50.571+0000] {processor.py:830} INFO - Processing file /opt/airflow/dags/clean_hour_data.py for tasks to queue
[2025-09-15T11:09:50.572+0000] {logging_mixin.py:188} INFO - [2025-09-15T11:09:50.571+0000] {dagbag.py:540} INFO - Filling up the DagBag from /opt/airflow/dags/clean_hour_data.py
[2025-09-15T11:09:50.595+0000] {processor.py:840} INFO - DAG(s) 'clean_hour_data' retrieved from /opt/airflow/dags/clean_hour_data.py
[2025-09-15T11:09:50.636+0000] {logging_mixin.py:188} INFO - [2025-09-15T11:09:50.635+0000] {dag.py:3096} INFO - Sync 1 DAGs
[2025-09-15T11:09:50.650+0000] {logging_mixin.py:188} INFO - [2025-09-15T11:09:50.650+0000] {dag.py:3954} INFO - Setting next_dagrun for clean_hour_data to None, run_after=None
[2025-09-15T11:09:50.670+0000] {processor.py:183} INFO - Processing /opt/airflow/dags/clean_hour_data.py took 0.107 seconds
[2025-09-15T11:10:21.484+0000] {processor.py:161} INFO - Started process (PID=8098) to work on /opt/airflow/dags/clean_hour_data.py
[2025-09-15T11:10:21.487+0000] {processor.py:830} INFO - Processing file /opt/airflow/dags/clean_hour_data.py for tasks to queue
[2025-09-15T11:10:21.489+0000] {logging_mixin.py:188} INFO - [2025-09-15T11:10:21.489+0000] {dagbag.py:540} INFO - Filling up the DagBag from /opt/airflow/dags/clean_hour_data.py
[2025-09-15T11:10:21.521+0000] {processor.py:840} INFO - DAG(s) 'clean_hour_data' retrieved from /opt/airflow/dags/clean_hour_data.py
[2025-09-15T11:10:21.568+0000] {logging_mixin.py:188} INFO - [2025-09-15T11:10:21.568+0000] {dag.py:3096} INFO - Sync 1 DAGs
[2025-09-15T11:10:21.583+0000] {logging_mixin.py:188} INFO - [2025-09-15T11:10:21.583+0000] {dag.py:3954} INFO - Setting next_dagrun for clean_hour_data to None, run_after=None
[2025-09-15T11:10:21.607+0000] {processor.py:183} INFO - Processing /opt/airflow/dags/clean_hour_data.py took 0.132 seconds
[2025-09-15T11:10:51.837+0000] {processor.py:161} INFO - Started process (PID=8133) to work on /opt/airflow/dags/clean_hour_data.py
[2025-09-15T11:10:51.838+0000] {processor.py:830} INFO - Processing file /opt/airflow/dags/clean_hour_data.py for tasks to queue
[2025-09-15T11:10:51.839+0000] {logging_mixin.py:188} INFO - [2025-09-15T11:10:51.839+0000] {dagbag.py:540} INFO - Filling up the DagBag from /opt/airflow/dags/clean_hour_data.py
[2025-09-15T11:10:51.857+0000] {processor.py:840} INFO - DAG(s) 'clean_hour_data' retrieved from /opt/airflow/dags/clean_hour_data.py
[2025-09-15T11:10:51.884+0000] {logging_mixin.py:188} INFO - [2025-09-15T11:10:51.884+0000] {dag.py:3096} INFO - Sync 1 DAGs
[2025-09-15T11:10:51.895+0000] {logging_mixin.py:188} INFO - [2025-09-15T11:10:51.895+0000] {dag.py:3954} INFO - Setting next_dagrun for clean_hour_data to None, run_after=None
[2025-09-15T11:10:51.915+0000] {processor.py:183} INFO - Processing /opt/airflow/dags/clean_hour_data.py took 0.083 seconds
[2025-09-15T11:11:22.372+0000] {processor.py:161} INFO - Started process (PID=8168) to work on /opt/airflow/dags/clean_hour_data.py
[2025-09-15T11:11:22.374+0000] {processor.py:830} INFO - Processing file /opt/airflow/dags/clean_hour_data.py for tasks to queue
[2025-09-15T11:11:22.375+0000] {logging_mixin.py:188} INFO - [2025-09-15T11:11:22.374+0000] {dagbag.py:540} INFO - Filling up the DagBag from /opt/airflow/dags/clean_hour_data.py
[2025-09-15T11:11:22.395+0000] {processor.py:840} INFO - DAG(s) 'clean_hour_data' retrieved from /opt/airflow/dags/clean_hour_data.py
[2025-09-15T11:11:22.421+0000] {logging_mixin.py:188} INFO - [2025-09-15T11:11:22.421+0000] {dag.py:3096} INFO - Sync 1 DAGs
[2025-09-15T11:11:22.433+0000] {logging_mixin.py:188} INFO - [2025-09-15T11:11:22.432+0000] {dag.py:3954} INFO - Setting next_dagrun for clean_hour_data to None, run_after=None
[2025-09-15T11:11:22.452+0000] {processor.py:183} INFO - Processing /opt/airflow/dags/clean_hour_data.py took 0.086 seconds
[2025-09-15T11:11:52.963+0000] {processor.py:161} INFO - Started process (PID=8203) to work on /opt/airflow/dags/clean_hour_data.py
[2025-09-15T11:11:52.964+0000] {processor.py:830} INFO - Processing file /opt/airflow/dags/clean_hour_data.py for tasks to queue
[2025-09-15T11:11:52.965+0000] {logging_mixin.py:188} INFO - [2025-09-15T11:11:52.964+0000] {dagbag.py:540} INFO - Filling up the DagBag from /opt/airflow/dags/clean_hour_data.py
[2025-09-15T11:11:52.983+0000] {processor.py:840} INFO - DAG(s) 'clean_hour_data' retrieved from /opt/airflow/dags/clean_hour_data.py
[2025-09-15T11:11:53.010+0000] {logging_mixin.py:188} INFO - [2025-09-15T11:11:53.009+0000] {dag.py:3096} INFO - Sync 1 DAGs
[2025-09-15T11:11:53.022+0000] {logging_mixin.py:188} INFO - [2025-09-15T11:11:53.021+0000] {dag.py:3954} INFO - Setting next_dagrun for clean_hour_data to None, run_after=None
[2025-09-15T11:11:53.050+0000] {processor.py:183} INFO - Processing /opt/airflow/dags/clean_hour_data.py took 0.094 seconds
[2025-09-15T11:12:23.636+0000] {processor.py:161} INFO - Started process (PID=8238) to work on /opt/airflow/dags/clean_hour_data.py
[2025-09-15T11:12:23.638+0000] {processor.py:830} INFO - Processing file /opt/airflow/dags/clean_hour_data.py for tasks to queue
[2025-09-15T11:12:23.639+0000] {logging_mixin.py:188} INFO - [2025-09-15T11:12:23.638+0000] {dagbag.py:540} INFO - Filling up the DagBag from /opt/airflow/dags/clean_hour_data.py
[2025-09-15T11:12:23.657+0000] {processor.py:840} INFO - DAG(s) 'clean_hour_data' retrieved from /opt/airflow/dags/clean_hour_data.py
[2025-09-15T11:12:23.686+0000] {logging_mixin.py:188} INFO - [2025-09-15T11:12:23.685+0000] {dag.py:3096} INFO - Sync 1 DAGs
[2025-09-15T11:12:23.697+0000] {logging_mixin.py:188} INFO - [2025-09-15T11:12:23.697+0000] {dag.py:3954} INFO - Setting next_dagrun for clean_hour_data to None, run_after=None
[2025-09-15T11:12:23.717+0000] {processor.py:183} INFO - Processing /opt/airflow/dags/clean_hour_data.py took 0.088 seconds
[2025-09-15T11:12:54.097+0000] {processor.py:161} INFO - Started process (PID=8273) to work on /opt/airflow/dags/clean_hour_data.py
[2025-09-15T11:12:54.098+0000] {processor.py:830} INFO - Processing file /opt/airflow/dags/clean_hour_data.py for tasks to queue
[2025-09-15T11:12:54.099+0000] {logging_mixin.py:188} INFO - [2025-09-15T11:12:54.099+0000] {dagbag.py:540} INFO - Filling up the DagBag from /opt/airflow/dags/clean_hour_data.py
[2025-09-15T11:12:54.117+0000] {processor.py:840} INFO - DAG(s) 'clean_hour_data' retrieved from /opt/airflow/dags/clean_hour_data.py
[2025-09-15T11:12:54.143+0000] {logging_mixin.py:188} INFO - [2025-09-15T11:12:54.143+0000] {dag.py:3096} INFO - Sync 1 DAGs
[2025-09-15T11:12:54.154+0000] {logging_mixin.py:188} INFO - [2025-09-15T11:12:54.154+0000] {dag.py:3954} INFO - Setting next_dagrun for clean_hour_data to None, run_after=None
[2025-09-15T11:12:54.172+0000] {processor.py:183} INFO - Processing /opt/airflow/dags/clean_hour_data.py took 0.082 seconds
[2025-09-15T11:13:24.635+0000] {processor.py:161} INFO - Started process (PID=8308) to work on /opt/airflow/dags/clean_hour_data.py
[2025-09-15T11:13:24.636+0000] {processor.py:830} INFO - Processing file /opt/airflow/dags/clean_hour_data.py for tasks to queue
[2025-09-15T11:13:24.637+0000] {logging_mixin.py:188} INFO - [2025-09-15T11:13:24.636+0000] {dagbag.py:540} INFO - Filling up the DagBag from /opt/airflow/dags/clean_hour_data.py
[2025-09-15T11:13:24.654+0000] {processor.py:840} INFO - DAG(s) 'clean_hour_data' retrieved from /opt/airflow/dags/clean_hour_data.py
[2025-09-15T11:13:24.681+0000] {logging_mixin.py:188} INFO - [2025-09-15T11:13:24.681+0000] {dag.py:3096} INFO - Sync 1 DAGs
[2025-09-15T11:13:24.692+0000] {logging_mixin.py:188} INFO - [2025-09-15T11:13:24.692+0000] {dag.py:3954} INFO - Setting next_dagrun for clean_hour_data to None, run_after=None
[2025-09-15T11:13:24.714+0000] {processor.py:183} INFO - Processing /opt/airflow/dags/clean_hour_data.py took 0.085 seconds
[2025-09-15T11:13:55.476+0000] {processor.py:161} INFO - Started process (PID=8343) to work on /opt/airflow/dags/clean_hour_data.py
[2025-09-15T11:13:55.487+0000] {processor.py:830} INFO - Processing file /opt/airflow/dags/clean_hour_data.py for tasks to queue
[2025-09-15T11:13:55.488+0000] {logging_mixin.py:188} INFO - [2025-09-15T11:13:55.488+0000] {dagbag.py:540} INFO - Filling up the DagBag from /opt/airflow/dags/clean_hour_data.py
[2025-09-15T11:13:55.525+0000] {processor.py:840} INFO - DAG(s) 'clean_hour_data' retrieved from /opt/airflow/dags/clean_hour_data.py
[2025-09-15T11:13:55.568+0000] {logging_mixin.py:188} INFO - [2025-09-15T11:13:55.568+0000] {dag.py:3096} INFO - Sync 1 DAGs
[2025-09-15T11:13:55.580+0000] {logging_mixin.py:188} INFO - [2025-09-15T11:13:55.580+0000] {dag.py:3954} INFO - Setting next_dagrun for clean_hour_data to None, run_after=None
[2025-09-15T11:13:55.623+0000] {processor.py:183} INFO - Processing /opt/airflow/dags/clean_hour_data.py took 0.153 seconds
[2025-09-15T11:14:25.685+0000] {processor.py:161} INFO - Started process (PID=8378) to work on /opt/airflow/dags/clean_hour_data.py
[2025-09-15T11:14:25.686+0000] {processor.py:830} INFO - Processing file /opt/airflow/dags/clean_hour_data.py for tasks to queue
[2025-09-15T11:14:25.688+0000] {logging_mixin.py:188} INFO - [2025-09-15T11:14:25.687+0000] {dagbag.py:540} INFO - Filling up the DagBag from /opt/airflow/dags/clean_hour_data.py
[2025-09-15T11:14:25.709+0000] {processor.py:840} INFO - DAG(s) 'clean_hour_data' retrieved from /opt/airflow/dags/clean_hour_data.py
[2025-09-15T11:14:25.736+0000] {logging_mixin.py:188} INFO - [2025-09-15T11:14:25.736+0000] {dag.py:3096} INFO - Sync 1 DAGs
[2025-09-15T11:14:25.747+0000] {logging_mixin.py:188} INFO - [2025-09-15T11:14:25.747+0000] {dag.py:3954} INFO - Setting next_dagrun for clean_hour_data to None, run_after=None
[2025-09-15T11:14:25.782+0000] {processor.py:183} INFO - Processing /opt/airflow/dags/clean_hour_data.py took 0.103 seconds
[2025-09-15T11:14:56.373+0000] {processor.py:161} INFO - Started process (PID=8413) to work on /opt/airflow/dags/clean_hour_data.py
[2025-09-15T11:14:56.375+0000] {processor.py:830} INFO - Processing file /opt/airflow/dags/clean_hour_data.py for tasks to queue
[2025-09-15T11:14:56.376+0000] {logging_mixin.py:188} INFO - [2025-09-15T11:14:56.375+0000] {dagbag.py:540} INFO - Filling up the DagBag from /opt/airflow/dags/clean_hour_data.py
[2025-09-15T11:14:56.399+0000] {processor.py:840} INFO - DAG(s) 'clean_hour_data' retrieved from /opt/airflow/dags/clean_hour_data.py
[2025-09-15T11:14:56.437+0000] {logging_mixin.py:188} INFO - [2025-09-15T11:14:56.436+0000] {dag.py:3096} INFO - Sync 1 DAGs
[2025-09-15T11:14:56.453+0000] {logging_mixin.py:188} INFO - [2025-09-15T11:14:56.453+0000] {dag.py:3954} INFO - Setting next_dagrun for clean_hour_data to None, run_after=None
[2025-09-15T11:14:56.478+0000] {processor.py:183} INFO - Processing /opt/airflow/dags/clean_hour_data.py took 0.112 seconds
[2025-09-15T11:15:27.032+0000] {processor.py:161} INFO - Started process (PID=8448) to work on /opt/airflow/dags/clean_hour_data.py
[2025-09-15T11:15:27.035+0000] {processor.py:830} INFO - Processing file /opt/airflow/dags/clean_hour_data.py for tasks to queue
[2025-09-15T11:15:27.039+0000] {logging_mixin.py:188} INFO - [2025-09-15T11:15:27.038+0000] {dagbag.py:540} INFO - Filling up the DagBag from /opt/airflow/dags/clean_hour_data.py
[2025-09-15T11:15:27.084+0000] {processor.py:840} INFO - DAG(s) 'clean_hour_data' retrieved from /opt/airflow/dags/clean_hour_data.py
[2025-09-15T11:15:27.133+0000] {logging_mixin.py:188} INFO - [2025-09-15T11:15:27.132+0000] {dag.py:3096} INFO - Sync 1 DAGs
[2025-09-15T11:15:27.157+0000] {logging_mixin.py:188} INFO - [2025-09-15T11:15:27.156+0000] {dag.py:3954} INFO - Setting next_dagrun for clean_hour_data to None, run_after=None
[2025-09-15T11:15:27.192+0000] {processor.py:183} INFO - Processing /opt/airflow/dags/clean_hour_data.py took 0.203 seconds
[2025-09-15T11:15:57.604+0000] {processor.py:161} INFO - Started process (PID=8483) to work on /opt/airflow/dags/clean_hour_data.py
[2025-09-15T11:15:57.605+0000] {processor.py:830} INFO - Processing file /opt/airflow/dags/clean_hour_data.py for tasks to queue
[2025-09-15T11:15:57.606+0000] {logging_mixin.py:188} INFO - [2025-09-15T11:15:57.606+0000] {dagbag.py:540} INFO - Filling up the DagBag from /opt/airflow/dags/clean_hour_data.py
[2025-09-15T11:15:57.625+0000] {processor.py:840} INFO - DAG(s) 'clean_hour_data' retrieved from /opt/airflow/dags/clean_hour_data.py
[2025-09-15T11:15:57.651+0000] {logging_mixin.py:188} INFO - [2025-09-15T11:15:57.651+0000] {dag.py:3096} INFO - Sync 1 DAGs
[2025-09-15T11:15:57.662+0000] {logging_mixin.py:188} INFO - [2025-09-15T11:15:57.662+0000] {dag.py:3954} INFO - Setting next_dagrun for clean_hour_data to None, run_after=None
[2025-09-15T11:15:57.682+0000] {processor.py:183} INFO - Processing /opt/airflow/dags/clean_hour_data.py took 0.092 seconds
[2025-09-15T11:16:28.325+0000] {processor.py:161} INFO - Started process (PID=8518) to work on /opt/airflow/dags/clean_hour_data.py
[2025-09-15T11:16:28.326+0000] {processor.py:830} INFO - Processing file /opt/airflow/dags/clean_hour_data.py for tasks to queue
[2025-09-15T11:16:28.327+0000] {logging_mixin.py:188} INFO - [2025-09-15T11:16:28.327+0000] {dagbag.py:540} INFO - Filling up the DagBag from /opt/airflow/dags/clean_hour_data.py
[2025-09-15T11:16:28.344+0000] {processor.py:840} INFO - DAG(s) 'clean_hour_data' retrieved from /opt/airflow/dags/clean_hour_data.py
[2025-09-15T11:16:28.368+0000] {logging_mixin.py:188} INFO - [2025-09-15T11:16:28.368+0000] {dag.py:3096} INFO - Sync 1 DAGs
[2025-09-15T11:16:28.385+0000] {logging_mixin.py:188} INFO - [2025-09-15T11:16:28.384+0000] {dag.py:3954} INFO - Setting next_dagrun for clean_hour_data to None, run_after=None
[2025-09-15T11:16:28.404+0000] {processor.py:183} INFO - Processing /opt/airflow/dags/clean_hour_data.py took 0.084 seconds
[2025-09-15T11:16:59.109+0000] {processor.py:161} INFO - Started process (PID=8553) to work on /opt/airflow/dags/clean_hour_data.py
[2025-09-15T11:16:59.110+0000] {processor.py:830} INFO - Processing file /opt/airflow/dags/clean_hour_data.py for tasks to queue
[2025-09-15T11:16:59.111+0000] {logging_mixin.py:188} INFO - [2025-09-15T11:16:59.111+0000] {dagbag.py:540} INFO - Filling up the DagBag from /opt/airflow/dags/clean_hour_data.py
[2025-09-15T11:16:59.129+0000] {processor.py:840} INFO - DAG(s) 'clean_hour_data' retrieved from /opt/airflow/dags/clean_hour_data.py
[2025-09-15T11:16:59.165+0000] {logging_mixin.py:188} INFO - [2025-09-15T11:16:59.165+0000] {dag.py:3096} INFO - Sync 1 DAGs
[2025-09-15T11:16:59.176+0000] {logging_mixin.py:188} INFO - [2025-09-15T11:16:59.176+0000] {dag.py:3954} INFO - Setting next_dagrun for clean_hour_data to None, run_after=None
[2025-09-15T11:16:59.196+0000] {processor.py:183} INFO - Processing /opt/airflow/dags/clean_hour_data.py took 0.092 seconds
[2025-09-15T11:17:29.741+0000] {processor.py:161} INFO - Started process (PID=8588) to work on /opt/airflow/dags/clean_hour_data.py
[2025-09-15T11:17:29.742+0000] {processor.py:830} INFO - Processing file /opt/airflow/dags/clean_hour_data.py for tasks to queue
[2025-09-15T11:17:29.743+0000] {logging_mixin.py:188} INFO - [2025-09-15T11:17:29.742+0000] {dagbag.py:540} INFO - Filling up the DagBag from /opt/airflow/dags/clean_hour_data.py
[2025-09-15T11:17:29.759+0000] {processor.py:840} INFO - DAG(s) 'clean_hour_data' retrieved from /opt/airflow/dags/clean_hour_data.py
[2025-09-15T11:17:29.784+0000] {logging_mixin.py:188} INFO - [2025-09-15T11:17:29.783+0000] {dag.py:3096} INFO - Sync 1 DAGs
[2025-09-15T11:17:29.795+0000] {logging_mixin.py:188} INFO - [2025-09-15T11:17:29.794+0000] {dag.py:3954} INFO - Setting next_dagrun for clean_hour_data to None, run_after=None
[2025-09-15T11:17:29.814+0000] {processor.py:183} INFO - Processing /opt/airflow/dags/clean_hour_data.py took 0.079 seconds
[2025-09-15T11:18:00.311+0000] {processor.py:161} INFO - Started process (PID=8623) to work on /opt/airflow/dags/clean_hour_data.py
[2025-09-15T11:18:00.312+0000] {processor.py:830} INFO - Processing file /opt/airflow/dags/clean_hour_data.py for tasks to queue
[2025-09-15T11:18:00.313+0000] {logging_mixin.py:188} INFO - [2025-09-15T11:18:00.313+0000] {dagbag.py:540} INFO - Filling up the DagBag from /opt/airflow/dags/clean_hour_data.py
[2025-09-15T11:18:00.333+0000] {processor.py:840} INFO - DAG(s) 'clean_hour_data' retrieved from /opt/airflow/dags/clean_hour_data.py
[2025-09-15T11:18:00.361+0000] {logging_mixin.py:188} INFO - [2025-09-15T11:18:00.361+0000] {dag.py:3096} INFO - Sync 1 DAGs
[2025-09-15T11:18:00.373+0000] {logging_mixin.py:188} INFO - [2025-09-15T11:18:00.372+0000] {dag.py:3954} INFO - Setting next_dagrun for clean_hour_data to None, run_after=None
[2025-09-15T11:18:00.391+0000] {processor.py:183} INFO - Processing /opt/airflow/dags/clean_hour_data.py took 0.087 seconds
[2025-09-15T11:18:30.835+0000] {processor.py:161} INFO - Started process (PID=8658) to work on /opt/airflow/dags/clean_hour_data.py
[2025-09-15T11:18:30.836+0000] {processor.py:830} INFO - Processing file /opt/airflow/dags/clean_hour_data.py for tasks to queue
[2025-09-15T11:18:30.837+0000] {logging_mixin.py:188} INFO - [2025-09-15T11:18:30.837+0000] {dagbag.py:540} INFO - Filling up the DagBag from /opt/airflow/dags/clean_hour_data.py
[2025-09-15T11:18:30.854+0000] {processor.py:840} INFO - DAG(s) 'clean_hour_data' retrieved from /opt/airflow/dags/clean_hour_data.py
[2025-09-15T11:18:30.880+0000] {logging_mixin.py:188} INFO - [2025-09-15T11:18:30.880+0000] {dag.py:3096} INFO - Sync 1 DAGs
[2025-09-15T11:18:30.893+0000] {logging_mixin.py:188} INFO - [2025-09-15T11:18:30.892+0000] {dag.py:3954} INFO - Setting next_dagrun for clean_hour_data to None, run_after=None
[2025-09-15T11:18:30.911+0000] {processor.py:183} INFO - Processing /opt/airflow/dags/clean_hour_data.py took 0.082 seconds
[2025-09-15T11:19:01.427+0000] {processor.py:161} INFO - Started process (PID=8693) to work on /opt/airflow/dags/clean_hour_data.py
[2025-09-15T11:19:01.430+0000] {processor.py:830} INFO - Processing file /opt/airflow/dags/clean_hour_data.py for tasks to queue
[2025-09-15T11:19:01.433+0000] {logging_mixin.py:188} INFO - [2025-09-15T11:19:01.431+0000] {dagbag.py:540} INFO - Filling up the DagBag from /opt/airflow/dags/clean_hour_data.py
[2025-09-15T11:19:01.462+0000] {processor.py:840} INFO - DAG(s) 'clean_hour_data' retrieved from /opt/airflow/dags/clean_hour_data.py
[2025-09-15T11:19:01.490+0000] {logging_mixin.py:188} INFO - [2025-09-15T11:19:01.489+0000] {dag.py:3096} INFO - Sync 1 DAGs
[2025-09-15T11:19:01.503+0000] {logging_mixin.py:188} INFO - [2025-09-15T11:19:01.503+0000] {dag.py:3954} INFO - Setting next_dagrun for clean_hour_data to None, run_after=None
[2025-09-15T11:19:01.523+0000] {processor.py:183} INFO - Processing /opt/airflow/dags/clean_hour_data.py took 0.104 seconds
[2025-09-15T11:19:31.844+0000] {processor.py:161} INFO - Started process (PID=8728) to work on /opt/airflow/dags/clean_hour_data.py
[2025-09-15T11:19:31.845+0000] {processor.py:830} INFO - Processing file /opt/airflow/dags/clean_hour_data.py for tasks to queue
[2025-09-15T11:19:31.846+0000] {logging_mixin.py:188} INFO - [2025-09-15T11:19:31.845+0000] {dagbag.py:540} INFO - Filling up the DagBag from /opt/airflow/dags/clean_hour_data.py
[2025-09-15T11:19:31.864+0000] {processor.py:840} INFO - DAG(s) 'clean_hour_data' retrieved from /opt/airflow/dags/clean_hour_data.py
[2025-09-15T11:19:31.890+0000] {logging_mixin.py:188} INFO - [2025-09-15T11:19:31.889+0000] {dag.py:3096} INFO - Sync 1 DAGs
[2025-09-15T11:19:31.901+0000] {logging_mixin.py:188} INFO - [2025-09-15T11:19:31.901+0000] {dag.py:3954} INFO - Setting next_dagrun for clean_hour_data to None, run_after=None
[2025-09-15T11:19:31.920+0000] {processor.py:183} INFO - Processing /opt/airflow/dags/clean_hour_data.py took 0.083 seconds
[2025-09-15T11:20:02.478+0000] {processor.py:161} INFO - Started process (PID=8763) to work on /opt/airflow/dags/clean_hour_data.py
[2025-09-15T11:20:02.479+0000] {processor.py:830} INFO - Processing file /opt/airflow/dags/clean_hour_data.py for tasks to queue
[2025-09-15T11:20:02.480+0000] {logging_mixin.py:188} INFO - [2025-09-15T11:20:02.480+0000] {dagbag.py:540} INFO - Filling up the DagBag from /opt/airflow/dags/clean_hour_data.py
[2025-09-15T11:20:02.500+0000] {processor.py:840} INFO - DAG(s) 'clean_hour_data' retrieved from /opt/airflow/dags/clean_hour_data.py
[2025-09-15T11:20:02.535+0000] {logging_mixin.py:188} INFO - [2025-09-15T11:20:02.535+0000] {dag.py:3096} INFO - Sync 1 DAGs
[2025-09-15T11:20:02.550+0000] {logging_mixin.py:188} INFO - [2025-09-15T11:20:02.549+0000] {dag.py:3954} INFO - Setting next_dagrun for clean_hour_data to None, run_after=None
[2025-09-15T11:20:02.569+0000] {processor.py:183} INFO - Processing /opt/airflow/dags/clean_hour_data.py took 0.097 seconds
[2025-09-15T11:20:33.143+0000] {processor.py:161} INFO - Started process (PID=8798) to work on /opt/airflow/dags/clean_hour_data.py
[2025-09-15T11:20:33.145+0000] {processor.py:830} INFO - Processing file /opt/airflow/dags/clean_hour_data.py for tasks to queue
[2025-09-15T11:20:33.146+0000] {logging_mixin.py:188} INFO - [2025-09-15T11:20:33.145+0000] {dagbag.py:540} INFO - Filling up the DagBag from /opt/airflow/dags/clean_hour_data.py
[2025-09-15T11:20:33.171+0000] {processor.py:840} INFO - DAG(s) 'clean_hour_data' retrieved from /opt/airflow/dags/clean_hour_data.py
[2025-09-15T11:20:33.197+0000] {logging_mixin.py:188} INFO - [2025-09-15T11:20:33.197+0000] {dag.py:3096} INFO - Sync 1 DAGs
[2025-09-15T11:20:33.208+0000] {logging_mixin.py:188} INFO - [2025-09-15T11:20:33.207+0000] {dag.py:3954} INFO - Setting next_dagrun for clean_hour_data to None, run_after=None
[2025-09-15T11:20:33.228+0000] {processor.py:183} INFO - Processing /opt/airflow/dags/clean_hour_data.py took 0.097 seconds
[2025-09-15T11:21:03.556+0000] {processor.py:161} INFO - Started process (PID=8833) to work on /opt/airflow/dags/clean_hour_data.py
[2025-09-15T11:21:03.558+0000] {processor.py:830} INFO - Processing file /opt/airflow/dags/clean_hour_data.py for tasks to queue
[2025-09-15T11:21:03.558+0000] {logging_mixin.py:188} INFO - [2025-09-15T11:21:03.558+0000] {dagbag.py:540} INFO - Filling up the DagBag from /opt/airflow/dags/clean_hour_data.py
[2025-09-15T11:21:03.574+0000] {processor.py:840} INFO - DAG(s) 'clean_hour_data' retrieved from /opt/airflow/dags/clean_hour_data.py
[2025-09-15T11:21:03.607+0000] {logging_mixin.py:188} INFO - [2025-09-15T11:21:03.606+0000] {dag.py:3096} INFO - Sync 1 DAGs
[2025-09-15T11:21:03.623+0000] {logging_mixin.py:188} INFO - [2025-09-15T11:21:03.623+0000] {dag.py:3954} INFO - Setting next_dagrun for clean_hour_data to None, run_after=None
[2025-09-15T11:21:03.646+0000] {processor.py:183} INFO - Processing /opt/airflow/dags/clean_hour_data.py took 0.096 seconds
[2025-09-15T11:21:34.065+0000] {processor.py:161} INFO - Started process (PID=8868) to work on /opt/airflow/dags/clean_hour_data.py
[2025-09-15T11:21:34.066+0000] {processor.py:830} INFO - Processing file /opt/airflow/dags/clean_hour_data.py for tasks to queue
[2025-09-15T11:21:34.067+0000] {logging_mixin.py:188} INFO - [2025-09-15T11:21:34.066+0000] {dagbag.py:540} INFO - Filling up the DagBag from /opt/airflow/dags/clean_hour_data.py
[2025-09-15T11:21:34.083+0000] {processor.py:840} INFO - DAG(s) 'clean_hour_data' retrieved from /opt/airflow/dags/clean_hour_data.py
[2025-09-15T11:21:34.113+0000] {logging_mixin.py:188} INFO - [2025-09-15T11:21:34.113+0000] {dag.py:3096} INFO - Sync 1 DAGs
[2025-09-15T11:21:34.126+0000] {logging_mixin.py:188} INFO - [2025-09-15T11:21:34.125+0000] {dag.py:3954} INFO - Setting next_dagrun for clean_hour_data to None, run_after=None
[2025-09-15T11:21:34.147+0000] {processor.py:183} INFO - Processing /opt/airflow/dags/clean_hour_data.py took 0.095 seconds
[2025-09-15T11:22:04.975+0000] {processor.py:161} INFO - Started process (PID=8903) to work on /opt/airflow/dags/clean_hour_data.py
[2025-09-15T11:22:04.976+0000] {processor.py:830} INFO - Processing file /opt/airflow/dags/clean_hour_data.py for tasks to queue
[2025-09-15T11:22:04.977+0000] {logging_mixin.py:188} INFO - [2025-09-15T11:22:04.977+0000] {dagbag.py:540} INFO - Filling up the DagBag from /opt/airflow/dags/clean_hour_data.py
[2025-09-15T11:22:04.996+0000] {processor.py:840} INFO - DAG(s) 'clean_hour_data' retrieved from /opt/airflow/dags/clean_hour_data.py
[2025-09-15T11:22:05.023+0000] {logging_mixin.py:188} INFO - [2025-09-15T11:22:05.023+0000] {dag.py:3096} INFO - Sync 1 DAGs
[2025-09-15T11:22:05.035+0000] {logging_mixin.py:188} INFO - [2025-09-15T11:22:05.035+0000] {dag.py:3954} INFO - Setting next_dagrun for clean_hour_data to None, run_after=None
[2025-09-15T11:22:05.054+0000] {processor.py:183} INFO - Processing /opt/airflow/dags/clean_hour_data.py took 0.086 seconds
[2025-09-15T11:22:36.094+0000] {processor.py:161} INFO - Started process (PID=8938) to work on /opt/airflow/dags/clean_hour_data.py
[2025-09-15T11:22:36.104+0000] {processor.py:830} INFO - Processing file /opt/airflow/dags/clean_hour_data.py for tasks to queue
[2025-09-15T11:22:36.107+0000] {logging_mixin.py:188} INFO - [2025-09-15T11:22:36.105+0000] {dagbag.py:540} INFO - Filling up the DagBag from /opt/airflow/dags/clean_hour_data.py
[2025-09-15T11:22:36.147+0000] {processor.py:840} INFO - DAG(s) 'clean_hour_data' retrieved from /opt/airflow/dags/clean_hour_data.py
[2025-09-15T11:22:36.225+0000] {logging_mixin.py:188} INFO - [2025-09-15T11:22:36.224+0000] {dag.py:3096} INFO - Sync 1 DAGs
[2025-09-15T11:22:36.258+0000] {logging_mixin.py:188} INFO - [2025-09-15T11:22:36.257+0000] {dag.py:3954} INFO - Setting next_dagrun for clean_hour_data to None, run_after=None
[2025-09-15T11:22:36.284+0000] {processor.py:183} INFO - Processing /opt/airflow/dags/clean_hour_data.py took 0.204 seconds
[2025-09-15T11:23:06.707+0000] {processor.py:161} INFO - Started process (PID=8973) to work on /opt/airflow/dags/clean_hour_data.py
[2025-09-15T11:23:06.709+0000] {processor.py:830} INFO - Processing file /opt/airflow/dags/clean_hour_data.py for tasks to queue
[2025-09-15T11:23:06.709+0000] {logging_mixin.py:188} INFO - [2025-09-15T11:23:06.709+0000] {dagbag.py:540} INFO - Filling up the DagBag from /opt/airflow/dags/clean_hour_data.py
[2025-09-15T11:23:06.729+0000] {processor.py:840} INFO - DAG(s) 'clean_hour_data' retrieved from /opt/airflow/dags/clean_hour_data.py
[2025-09-15T11:23:06.755+0000] {logging_mixin.py:188} INFO - [2025-09-15T11:23:06.755+0000] {dag.py:3096} INFO - Sync 1 DAGs
[2025-09-15T11:23:06.769+0000] {logging_mixin.py:188} INFO - [2025-09-15T11:23:06.768+0000] {dag.py:3954} INFO - Setting next_dagrun for clean_hour_data to None, run_after=None
[2025-09-15T11:23:06.787+0000] {processor.py:183} INFO - Processing /opt/airflow/dags/clean_hour_data.py took 0.086 seconds
[2025-09-15T11:23:37.231+0000] {processor.py:161} INFO - Started process (PID=9008) to work on /opt/airflow/dags/clean_hour_data.py
[2025-09-15T11:23:37.232+0000] {processor.py:830} INFO - Processing file /opt/airflow/dags/clean_hour_data.py for tasks to queue
[2025-09-15T11:23:37.233+0000] {logging_mixin.py:188} INFO - [2025-09-15T11:23:37.233+0000] {dagbag.py:540} INFO - Filling up the DagBag from /opt/airflow/dags/clean_hour_data.py
[2025-09-15T11:23:37.249+0000] {processor.py:840} INFO - DAG(s) 'clean_hour_data' retrieved from /opt/airflow/dags/clean_hour_data.py
[2025-09-15T11:23:37.273+0000] {logging_mixin.py:188} INFO - [2025-09-15T11:23:37.273+0000] {dag.py:3096} INFO - Sync 1 DAGs
[2025-09-15T11:23:37.284+0000] {logging_mixin.py:188} INFO - [2025-09-15T11:23:37.283+0000] {dag.py:3954} INFO - Setting next_dagrun for clean_hour_data to None, run_after=None
[2025-09-15T11:23:37.309+0000] {processor.py:183} INFO - Processing /opt/airflow/dags/clean_hour_data.py took 0.083 seconds
[2025-09-15T11:24:07.707+0000] {processor.py:161} INFO - Started process (PID=9043) to work on /opt/airflow/dags/clean_hour_data.py
[2025-09-15T11:24:07.708+0000] {processor.py:830} INFO - Processing file /opt/airflow/dags/clean_hour_data.py for tasks to queue
[2025-09-15T11:24:07.709+0000] {logging_mixin.py:188} INFO - [2025-09-15T11:24:07.709+0000] {dagbag.py:540} INFO - Filling up the DagBag from /opt/airflow/dags/clean_hour_data.py
[2025-09-15T11:24:07.728+0000] {processor.py:840} INFO - DAG(s) 'clean_hour_data' retrieved from /opt/airflow/dags/clean_hour_data.py
[2025-09-15T11:24:07.755+0000] {logging_mixin.py:188} INFO - [2025-09-15T11:24:07.755+0000] {dag.py:3096} INFO - Sync 1 DAGs
[2025-09-15T11:24:07.767+0000] {logging_mixin.py:188} INFO - [2025-09-15T11:24:07.767+0000] {dag.py:3954} INFO - Setting next_dagrun for clean_hour_data to None, run_after=None
[2025-09-15T11:24:07.786+0000] {processor.py:183} INFO - Processing /opt/airflow/dags/clean_hour_data.py took 0.085 seconds
[2025-09-15T11:24:38.200+0000] {processor.py:161} INFO - Started process (PID=9078) to work on /opt/airflow/dags/clean_hour_data.py
[2025-09-15T11:24:38.201+0000] {processor.py:830} INFO - Processing file /opt/airflow/dags/clean_hour_data.py for tasks to queue
[2025-09-15T11:24:38.202+0000] {logging_mixin.py:188} INFO - [2025-09-15T11:24:38.202+0000] {dagbag.py:540} INFO - Filling up the DagBag from /opt/airflow/dags/clean_hour_data.py
[2025-09-15T11:24:38.220+0000] {processor.py:840} INFO - DAG(s) 'clean_hour_data' retrieved from /opt/airflow/dags/clean_hour_data.py
[2025-09-15T11:24:38.246+0000] {logging_mixin.py:188} INFO - [2025-09-15T11:24:38.245+0000] {dag.py:3096} INFO - Sync 1 DAGs
[2025-09-15T11:24:38.258+0000] {logging_mixin.py:188} INFO - [2025-09-15T11:24:38.258+0000] {dag.py:3954} INFO - Setting next_dagrun for clean_hour_data to None, run_after=None
[2025-09-15T11:24:38.277+0000] {processor.py:183} INFO - Processing /opt/airflow/dags/clean_hour_data.py took 0.084 seconds
[2025-09-15T11:25:08.726+0000] {processor.py:161} INFO - Started process (PID=9113) to work on /opt/airflow/dags/clean_hour_data.py
[2025-09-15T11:25:08.727+0000] {processor.py:830} INFO - Processing file /opt/airflow/dags/clean_hour_data.py for tasks to queue
[2025-09-15T11:25:08.728+0000] {logging_mixin.py:188} INFO - [2025-09-15T11:25:08.728+0000] {dagbag.py:540} INFO - Filling up the DagBag from /opt/airflow/dags/clean_hour_data.py
[2025-09-15T11:25:08.751+0000] {processor.py:840} INFO - DAG(s) 'clean_hour_data' retrieved from /opt/airflow/dags/clean_hour_data.py
[2025-09-15T11:25:08.782+0000] {logging_mixin.py:188} INFO - [2025-09-15T11:25:08.782+0000] {dag.py:3096} INFO - Sync 1 DAGs
[2025-09-15T11:25:08.795+0000] {logging_mixin.py:188} INFO - [2025-09-15T11:25:08.794+0000] {dag.py:3954} INFO - Setting next_dagrun for clean_hour_data to None, run_after=None
[2025-09-15T11:25:08.822+0000] {processor.py:183} INFO - Processing /opt/airflow/dags/clean_hour_data.py took 0.102 seconds
[2025-09-15T11:25:39.383+0000] {processor.py:161} INFO - Started process (PID=9148) to work on /opt/airflow/dags/clean_hour_data.py
[2025-09-15T11:25:39.384+0000] {processor.py:830} INFO - Processing file /opt/airflow/dags/clean_hour_data.py for tasks to queue
[2025-09-15T11:25:39.384+0000] {logging_mixin.py:188} INFO - [2025-09-15T11:25:39.384+0000] {dagbag.py:540} INFO - Filling up the DagBag from /opt/airflow/dags/clean_hour_data.py
[2025-09-15T11:25:39.403+0000] {processor.py:840} INFO - DAG(s) 'clean_hour_data' retrieved from /opt/airflow/dags/clean_hour_data.py
[2025-09-15T11:25:39.428+0000] {logging_mixin.py:188} INFO - [2025-09-15T11:25:39.428+0000] {dag.py:3096} INFO - Sync 1 DAGs
[2025-09-15T11:25:39.439+0000] {logging_mixin.py:188} INFO - [2025-09-15T11:25:39.439+0000] {dag.py:3954} INFO - Setting next_dagrun for clean_hour_data to None, run_after=None
[2025-09-15T11:25:39.459+0000] {processor.py:183} INFO - Processing /opt/airflow/dags/clean_hour_data.py took 0.082 seconds
[2025-09-15T11:26:09.732+0000] {processor.py:161} INFO - Started process (PID=9183) to work on /opt/airflow/dags/clean_hour_data.py
[2025-09-15T11:26:09.733+0000] {processor.py:830} INFO - Processing file /opt/airflow/dags/clean_hour_data.py for tasks to queue
[2025-09-15T11:26:09.734+0000] {logging_mixin.py:188} INFO - [2025-09-15T11:26:09.734+0000] {dagbag.py:540} INFO - Filling up the DagBag from /opt/airflow/dags/clean_hour_data.py
[2025-09-15T11:26:09.752+0000] {processor.py:840} INFO - DAG(s) 'clean_hour_data' retrieved from /opt/airflow/dags/clean_hour_data.py
[2025-09-15T11:26:09.777+0000] {logging_mixin.py:188} INFO - [2025-09-15T11:26:09.777+0000] {dag.py:3096} INFO - Sync 1 DAGs
[2025-09-15T11:26:09.789+0000] {logging_mixin.py:188} INFO - [2025-09-15T11:26:09.789+0000] {dag.py:3954} INFO - Setting next_dagrun for clean_hour_data to None, run_after=None
[2025-09-15T11:26:09.829+0000] {processor.py:183} INFO - Processing /opt/airflow/dags/clean_hour_data.py took 0.103 seconds
[2025-09-15T11:26:40.349+0000] {processor.py:161} INFO - Started process (PID=9218) to work on /opt/airflow/dags/clean_hour_data.py
[2025-09-15T11:26:40.351+0000] {processor.py:830} INFO - Processing file /opt/airflow/dags/clean_hour_data.py for tasks to queue
[2025-09-15T11:26:40.351+0000] {logging_mixin.py:188} INFO - [2025-09-15T11:26:40.351+0000] {dagbag.py:540} INFO - Filling up the DagBag from /opt/airflow/dags/clean_hour_data.py
[2025-09-15T11:26:40.370+0000] {processor.py:840} INFO - DAG(s) 'clean_hour_data' retrieved from /opt/airflow/dags/clean_hour_data.py
[2025-09-15T11:26:40.395+0000] {logging_mixin.py:188} INFO - [2025-09-15T11:26:40.395+0000] {dag.py:3096} INFO - Sync 1 DAGs
[2025-09-15T11:26:40.406+0000] {logging_mixin.py:188} INFO - [2025-09-15T11:26:40.406+0000] {dag.py:3954} INFO - Setting next_dagrun for clean_hour_data to None, run_after=None
[2025-09-15T11:26:40.424+0000] {processor.py:183} INFO - Processing /opt/airflow/dags/clean_hour_data.py took 0.082 seconds
[2025-09-15T11:27:11.139+0000] {processor.py:161} INFO - Started process (PID=9253) to work on /opt/airflow/dags/clean_hour_data.py
[2025-09-15T11:27:11.140+0000] {processor.py:830} INFO - Processing file /opt/airflow/dags/clean_hour_data.py for tasks to queue
[2025-09-15T11:27:11.142+0000] {logging_mixin.py:188} INFO - [2025-09-15T11:27:11.141+0000] {dagbag.py:540} INFO - Filling up the DagBag from /opt/airflow/dags/clean_hour_data.py
[2025-09-15T11:27:11.160+0000] {processor.py:840} INFO - DAG(s) 'clean_hour_data' retrieved from /opt/airflow/dags/clean_hour_data.py
[2025-09-15T11:27:11.186+0000] {logging_mixin.py:188} INFO - [2025-09-15T11:27:11.186+0000] {dag.py:3096} INFO - Sync 1 DAGs
[2025-09-15T11:27:11.198+0000] {logging_mixin.py:188} INFO - [2025-09-15T11:27:11.198+0000] {dag.py:3954} INFO - Setting next_dagrun for clean_hour_data to None, run_after=None
[2025-09-15T11:27:11.219+0000] {processor.py:183} INFO - Processing /opt/airflow/dags/clean_hour_data.py took 0.086 seconds
[2025-09-15T11:27:41.755+0000] {processor.py:161} INFO - Started process (PID=9288) to work on /opt/airflow/dags/clean_hour_data.py
[2025-09-15T11:27:41.757+0000] {processor.py:830} INFO - Processing file /opt/airflow/dags/clean_hour_data.py for tasks to queue
[2025-09-15T11:27:41.758+0000] {logging_mixin.py:188} INFO - [2025-09-15T11:27:41.758+0000] {dagbag.py:540} INFO - Filling up the DagBag from /opt/airflow/dags/clean_hour_data.py
[2025-09-15T11:27:41.781+0000] {processor.py:840} INFO - DAG(s) 'clean_hour_data' retrieved from /opt/airflow/dags/clean_hour_data.py
[2025-09-15T11:27:41.812+0000] {logging_mixin.py:188} INFO - [2025-09-15T11:27:41.812+0000] {dag.py:3096} INFO - Sync 1 DAGs
[2025-09-15T11:27:41.825+0000] {logging_mixin.py:188} INFO - [2025-09-15T11:27:41.825+0000] {dag.py:3954} INFO - Setting next_dagrun for clean_hour_data to None, run_after=None
[2025-09-15T11:27:41.844+0000] {processor.py:183} INFO - Processing /opt/airflow/dags/clean_hour_data.py took 0.099 seconds
[2025-09-15T11:28:12.260+0000] {processor.py:161} INFO - Started process (PID=9323) to work on /opt/airflow/dags/clean_hour_data.py
[2025-09-15T11:28:12.261+0000] {processor.py:830} INFO - Processing file /opt/airflow/dags/clean_hour_data.py for tasks to queue
[2025-09-15T11:28:12.262+0000] {logging_mixin.py:188} INFO - [2025-09-15T11:28:12.262+0000] {dagbag.py:540} INFO - Filling up the DagBag from /opt/airflow/dags/clean_hour_data.py
[2025-09-15T11:28:12.283+0000] {processor.py:840} INFO - DAG(s) 'clean_hour_data' retrieved from /opt/airflow/dags/clean_hour_data.py
[2025-09-15T11:28:12.318+0000] {logging_mixin.py:188} INFO - [2025-09-15T11:28:12.317+0000] {dag.py:3096} INFO - Sync 1 DAGs
[2025-09-15T11:28:12.336+0000] {logging_mixin.py:188} INFO - [2025-09-15T11:28:12.336+0000] {dag.py:3954} INFO - Setting next_dagrun for clean_hour_data to None, run_after=None
[2025-09-15T11:28:12.367+0000] {processor.py:183} INFO - Processing /opt/airflow/dags/clean_hour_data.py took 0.114 seconds
[2025-09-15T11:28:42.795+0000] {processor.py:161} INFO - Started process (PID=9358) to work on /opt/airflow/dags/clean_hour_data.py
[2025-09-15T11:28:42.796+0000] {processor.py:830} INFO - Processing file /opt/airflow/dags/clean_hour_data.py for tasks to queue
[2025-09-15T11:28:42.797+0000] {logging_mixin.py:188} INFO - [2025-09-15T11:28:42.797+0000] {dagbag.py:540} INFO - Filling up the DagBag from /opt/airflow/dags/clean_hour_data.py
[2025-09-15T11:28:42.814+0000] {processor.py:840} INFO - DAG(s) 'clean_hour_data' retrieved from /opt/airflow/dags/clean_hour_data.py
[2025-09-15T11:28:42.840+0000] {logging_mixin.py:188} INFO - [2025-09-15T11:28:42.840+0000] {dag.py:3096} INFO - Sync 1 DAGs
[2025-09-15T11:28:42.853+0000] {logging_mixin.py:188} INFO - [2025-09-15T11:28:42.852+0000] {dag.py:3954} INFO - Setting next_dagrun for clean_hour_data to None, run_after=None
[2025-09-15T11:28:42.870+0000] {processor.py:183} INFO - Processing /opt/airflow/dags/clean_hour_data.py took 0.081 seconds
[2025-09-15T11:29:13.216+0000] {processor.py:161} INFO - Started process (PID=9393) to work on /opt/airflow/dags/clean_hour_data.py
[2025-09-15T11:29:13.217+0000] {processor.py:830} INFO - Processing file /opt/airflow/dags/clean_hour_data.py for tasks to queue
[2025-09-15T11:29:13.218+0000] {logging_mixin.py:188} INFO - [2025-09-15T11:29:13.218+0000] {dagbag.py:540} INFO - Filling up the DagBag from /opt/airflow/dags/clean_hour_data.py
[2025-09-15T11:29:13.245+0000] {processor.py:840} INFO - DAG(s) 'clean_hour_data' retrieved from /opt/airflow/dags/clean_hour_data.py
[2025-09-15T11:29:13.273+0000] {logging_mixin.py:188} INFO - [2025-09-15T11:29:13.273+0000] {dag.py:3096} INFO - Sync 1 DAGs
[2025-09-15T11:29:13.286+0000] {logging_mixin.py:188} INFO - [2025-09-15T11:29:13.286+0000] {dag.py:3954} INFO - Setting next_dagrun for clean_hour_data to None, run_after=None
[2025-09-15T11:29:13.330+0000] {processor.py:183} INFO - Processing /opt/airflow/dags/clean_hour_data.py took 0.120 seconds
[2025-09-15T11:29:43.720+0000] {processor.py:161} INFO - Started process (PID=9428) to work on /opt/airflow/dags/clean_hour_data.py
[2025-09-15T11:29:43.721+0000] {processor.py:830} INFO - Processing file /opt/airflow/dags/clean_hour_data.py for tasks to queue
[2025-09-15T11:29:43.722+0000] {logging_mixin.py:188} INFO - [2025-09-15T11:29:43.722+0000] {dagbag.py:540} INFO - Filling up the DagBag from /opt/airflow/dags/clean_hour_data.py
[2025-09-15T11:29:43.739+0000] {processor.py:840} INFO - DAG(s) 'clean_hour_data' retrieved from /opt/airflow/dags/clean_hour_data.py
[2025-09-15T11:29:43.147+0000] {logging_mixin.py:188} INFO - [2025-09-15T11:29:43.771+0000] {dag.py:3096} INFO - Sync 1 DAGs
[2025-09-15T11:29:43.160+0000] {logging_mixin.py:188} INFO - [2025-09-15T11:29:43.160+0000] {dag.py:3954} INFO - Setting next_dagrun for clean_hour_data to None, run_after=None
[2025-09-15T11:29:43.179+0000] {processor.py:183} INFO - Processing /opt/airflow/dags/clean_hour_data.py took 0.090 seconds
[2025-09-15T11:30:13.699+0000] {processor.py:161} INFO - Started process (PID=9453) to work on /opt/airflow/dags/clean_hour_data.py
[2025-09-15T11:30:13.700+0000] {processor.py:830} INFO - Processing file /opt/airflow/dags/clean_hour_data.py for tasks to queue
[2025-09-15T11:30:13.701+0000] {logging_mixin.py:188} INFO - [2025-09-15T11:30:13.701+0000] {dagbag.py:540} INFO - Filling up the DagBag from /opt/airflow/dags/clean_hour_data.py
[2025-09-15T11:30:13.719+0000] {processor.py:840} INFO - DAG(s) 'clean_hour_data' retrieved from /opt/airflow/dags/clean_hour_data.py
[2025-09-15T11:30:13.746+0000] {logging_mixin.py:188} INFO - [2025-09-15T11:30:13.746+0000] {dag.py:3096} INFO - Sync 1 DAGs
[2025-09-15T11:30:13.767+0000] {logging_mixin.py:188} INFO - [2025-09-15T11:30:13.766+0000] {dag.py:3954} INFO - Setting next_dagrun for clean_hour_data to None, run_after=None
[2025-09-15T11:30:13.787+0000] {processor.py:183} INFO - Processing /opt/airflow/dags/clean_hour_data.py took 0.102 seconds
[2025-09-15T11:30:44.233+0000] {processor.py:161} INFO - Started process (PID=9498) to work on /opt/airflow/dags/clean_hour_data.py
[2025-09-15T11:30:44.235+0000] {processor.py:830} INFO - Processing file /opt/airflow/dags/clean_hour_data.py for tasks to queue
[2025-09-15T11:30:44.235+0000] {logging_mixin.py:188} INFO - [2025-09-15T11:30:44.235+0000] {dagbag.py:540} INFO - Filling up the DagBag from /opt/airflow/dags/clean_hour_data.py
[2025-09-15T11:30:44.252+0000] {processor.py:840} INFO - DAG(s) 'clean_hour_data' retrieved from /opt/airflow/dags/clean_hour_data.py
[2025-09-15T11:30:44.277+0000] {logging_mixin.py:188} INFO - [2025-09-15T11:30:44.276+0000] {dag.py:3096} INFO - Sync 1 DAGs
[2025-09-15T11:30:44.287+0000] {logging_mixin.py:188} INFO - [2025-09-15T11:30:44.287+0000] {dag.py:3954} INFO - Setting next_dagrun for clean_hour_data to None, run_after=None
[2025-09-15T11:30:44.314+0000] {processor.py:183} INFO - Processing /opt/airflow/dags/clean_hour_data.py took 0.086 seconds
[2025-09-15T11:31:14.862+0000] {processor.py:161} INFO - Started process (PID=9533) to work on /opt/airflow/dags/clean_hour_data.py
[2025-09-15T11:31:14.863+0000] {processor.py:830} INFO - Processing file /opt/airflow/dags/clean_hour_data.py for tasks to queue
[2025-09-15T11:31:14.864+0000] {logging_mixin.py:188} INFO - [2025-09-15T11:31:14.864+0000] {dagbag.py:540} INFO - Filling up the DagBag from /opt/airflow/dags/clean_hour_data.py
[2025-09-15T11:31:14.881+0000] {processor.py:840} INFO - DAG(s) 'clean_hour_data' retrieved from /opt/airflow/dags/clean_hour_data.py
[2025-09-15T11:31:14.906+0000] {logging_mixin.py:188} INFO - [2025-09-15T11:31:14.905+0000] {dag.py:3096} INFO - Sync 1 DAGs
[2025-09-15T11:31:14.917+0000] {logging_mixin.py:188} INFO - [2025-09-15T11:31:14.916+0000] {dag.py:3954} INFO - Setting next_dagrun for clean_hour_data to None, run_after=None
[2025-09-15T11:31:14.937+0000] {processor.py:183} INFO - Processing /opt/airflow/dags/clean_hour_data.py took 0.080 seconds
[2025-09-15T11:31:45.363+0000] {processor.py:161} INFO - Started process (PID=9568) to work on /opt/airflow/dags/clean_hour_data.py
[2025-09-15T11:31:45.364+0000] {processor.py:830} INFO - Processing file /opt/airflow/dags/clean_hour_data.py for tasks to queue
[2025-09-15T11:31:45.365+0000] {logging_mixin.py:188} INFO - [2025-09-15T11:31:45.365+0000] {dagbag.py:540} INFO - Filling up the DagBag from /opt/airflow/dags/clean_hour_data.py
[2025-09-15T11:31:45.383+0000] {processor.py:840} INFO - DAG(s) 'clean_hour_data' retrieved from /opt/airflow/dags/clean_hour_data.py
[2025-09-15T11:31:45.409+0000] {logging_mixin.py:188} INFO - [2025-09-15T11:31:45.409+0000] {dag.py:3096} INFO - Sync 1 DAGs
[2025-09-15T11:31:45.420+0000] {logging_mixin.py:188} INFO - [2025-09-15T11:31:45.420+0000] {dag.py:3954} INFO - Setting next_dagrun for clean_hour_data to None, run_after=None
[2025-09-15T11:31:45.444+0000] {processor.py:183} INFO - Processing /opt/airflow/dags/clean_hour_data.py took 0.087 seconds
[2025-09-15T11:32:15.855+0000] {processor.py:161} INFO - Started process (PID=9603) to work on /opt/airflow/dags/clean_hour_data.py
[2025-09-15T11:32:15.856+0000] {processor.py:830} INFO - Processing file /opt/airflow/dags/clean_hour_data.py for tasks to queue
[2025-09-15T11:32:15.857+0000] {logging_mixin.py:188} INFO - [2025-09-15T11:32:15.856+0000] {dagbag.py:540} INFO - Filling up the DagBag from /opt/airflow/dags/clean_hour_data.py
[2025-09-15T11:32:15.875+0000] {processor.py:840} INFO - DAG(s) 'clean_hour_data' retrieved from /opt/airflow/dags/clean_hour_data.py
[2025-09-15T11:32:15.901+0000] {logging_mixin.py:188} INFO - [2025-09-15T11:32:15.901+0000] {dag.py:3096} INFO - Sync 1 DAGs
[2025-09-15T11:32:15.913+0000] {logging_mixin.py:188} INFO - [2025-09-15T11:32:15.913+0000] {dag.py:3954} INFO - Setting next_dagrun for clean_hour_data to None, run_after=None
[2025-09-15T11:32:15.931+0000] {processor.py:183} INFO - Processing /opt/airflow/dags/clean_hour_data.py took 0.082 seconds
[2025-09-15T11:32:46.281+0000] {processor.py:161} INFO - Started process (PID=9638) to work on /opt/airflow/dags/clean_hour_data.py
[2025-09-15T11:32:46.282+0000] {processor.py:830} INFO - Processing file /opt/airflow/dags/clean_hour_data.py for tasks to queue
[2025-09-15T11:32:46.283+0000] {logging_mixin.py:188} INFO - [2025-09-15T11:32:46.282+0000] {dagbag.py:540} INFO - Filling up the DagBag from /opt/airflow/dags/clean_hour_data.py
[2025-09-15T11:32:46.300+0000] {processor.py:840} INFO - DAG(s) 'clean_hour_data' retrieved from /opt/airflow/dags/clean_hour_data.py
[2025-09-15T11:32:46.326+0000] {logging_mixin.py:188} INFO - [2025-09-15T11:32:46.326+0000] {dag.py:3096} INFO - Sync 1 DAGs
[2025-09-15T11:32:46.338+0000] {logging_mixin.py:188} INFO - [2025-09-15T11:32:46.338+0000] {dag.py:3954} INFO - Setting next_dagrun for clean_hour_data to None, run_after=None
[2025-09-15T11:32:46.360+0000] {processor.py:183} INFO - Processing /opt/airflow/dags/clean_hour_data.py took 0.085 seconds
[2025-09-15T11:33:16.784+0000] {processor.py:161} INFO - Started process (PID=9673) to work on /opt/airflow/dags/clean_hour_data.py
[2025-09-15T11:33:16.786+0000] {processor.py:830} INFO - Processing file /opt/airflow/dags/clean_hour_data.py for tasks to queue
[2025-09-15T11:33:16.787+0000] {logging_mixin.py:188} INFO - [2025-09-15T11:33:16.786+0000] {dagbag.py:540} INFO - Filling up the DagBag from /opt/airflow/dags/clean_hour_data.py
[2025-09-15T11:33:16.812+0000] {processor.py:840} INFO - DAG(s) 'clean_hour_data' retrieved from /opt/airflow/dags/clean_hour_data.py
[2025-09-15T11:33:16.851+0000] {logging_mixin.py:188} INFO - [2025-09-15T11:33:16.851+0000] {dag.py:3096} INFO - Sync 1 DAGs
[2025-09-15T11:33:16.863+0000] {logging_mixin.py:188} INFO - [2025-09-15T11:33:16.863+0000] {dag.py:3954} INFO - Setting next_dagrun for clean_hour_data to None, run_after=None
[2025-09-15T11:33:16.882+0000] {processor.py:183} INFO - Processing /opt/airflow/dags/clean_hour_data.py took 0.104 seconds
[2025-09-15T11:33:47.476+0000] {processor.py:161} INFO - Started process (PID=9706) to work on /opt/airflow/dags/clean_hour_data.py
[2025-09-15T11:33:47.478+0000] {processor.py:830} INFO - Processing file /opt/airflow/dags/clean_hour_data.py for tasks to queue
[2025-09-15T11:33:47.480+0000] {logging_mixin.py:188} INFO - [2025-09-15T11:33:47.480+0000] {dagbag.py:540} INFO - Filling up the DagBag from /opt/airflow/dags/clean_hour_data.py
[2025-09-15T11:33:47.518+0000] {processor.py:840} INFO - DAG(s) 'clean_hour_data' retrieved from /opt/airflow/dags/clean_hour_data.py
[2025-09-15T11:33:47.553+0000] {logging_mixin.py:188} INFO - [2025-09-15T11:33:47.553+0000] {dag.py:3096} INFO - Sync 1 DAGs
[2025-09-15T11:33:47.570+0000] {logging_mixin.py:188} INFO - [2025-09-15T11:33:47.570+0000] {dag.py:3954} INFO - Setting next_dagrun for clean_hour_data to None, run_after=None
[2025-09-15T11:33:47.589+0000] {processor.py:183} INFO - Processing /opt/airflow/dags/clean_hour_data.py took 0.123 seconds
[2025-09-15T11:34:18.305+0000] {processor.py:161} INFO - Started process (PID=9741) to work on /opt/airflow/dags/clean_hour_data.py
[2025-09-15T11:34:18.306+0000] {processor.py:830} INFO - Processing file /opt/airflow/dags/clean_hour_data.py for tasks to queue
[2025-09-15T11:34:18.312+0000] {logging_mixin.py:188} INFO - [2025-09-15T11:34:18.307+0000] {dagbag.py:540} INFO - Filling up the DagBag from /opt/airflow/dags/clean_hour_data.py
[2025-09-15T11:34:18.407+0000] {processor.py:840} INFO - DAG(s) 'clean_hour_data' retrieved from /opt/airflow/dags/clean_hour_data.py
[2025-09-15T11:34:18.461+0000] {logging_mixin.py:188} INFO - [2025-09-15T11:34:18.461+0000] {dag.py:3096} INFO - Sync 1 DAGs
[2025-09-15T11:34:18.473+0000] {logging_mixin.py:188} INFO - [2025-09-15T11:34:18.473+0000] {dag.py:3954} INFO - Setting next_dagrun for clean_hour_data to None, run_after=None
[2025-09-15T11:34:18.635+0000] {processor.py:183} INFO - Processing /opt/airflow/dags/clean_hour_data.py took 0.368 seconds
[2025-09-15T11:34:48.831+0000] {processor.py:161} INFO - Started process (PID=9776) to work on /opt/airflow/dags/clean_hour_data.py
[2025-09-15T11:34:48.833+0000] {processor.py:830} INFO - Processing file /opt/airflow/dags/clean_hour_data.py for tasks to queue
[2025-09-15T11:34:48.835+0000] {logging_mixin.py:188} INFO - [2025-09-15T11:34:48.834+0000] {dagbag.py:540} INFO - Filling up the DagBag from /opt/airflow/dags/clean_hour_data.py
[2025-09-15T11:34:48.859+0000] {processor.py:840} INFO - DAG(s) 'clean_hour_data' retrieved from /opt/airflow/dags/clean_hour_data.py
[2025-09-15T11:34:48.896+0000] {logging_mixin.py:188} INFO - [2025-09-15T11:34:48.895+0000] {dag.py:3096} INFO - Sync 1 DAGs
[2025-09-15T11:34:48.914+0000] {logging_mixin.py:188} INFO - [2025-09-15T11:34:48.914+0000] {dag.py:3954} INFO - Setting next_dagrun for clean_hour_data to None, run_after=None
[2025-09-15T11:34:48.951+0000] {processor.py:183} INFO - Processing /opt/airflow/dags/clean_hour_data.py took 0.127 seconds
[2025-09-15T11:35:19.517+0000] {processor.py:161} INFO - Started process (PID=9813) to work on /opt/airflow/dags/clean_hour_data.py
[2025-09-15T11:35:19.518+0000] {processor.py:830} INFO - Processing file /opt/airflow/dags/clean_hour_data.py for tasks to queue
[2025-09-15T11:35:19.519+0000] {logging_mixin.py:188} INFO - [2025-09-15T11:35:19.519+0000] {dagbag.py:540} INFO - Filling up the DagBag from /opt/airflow/dags/clean_hour_data.py
[2025-09-15T11:35:19.536+0000] {processor.py:840} INFO - DAG(s) 'clean_hour_data' retrieved from /opt/airflow/dags/clean_hour_data.py
[2025-09-15T11:35:19.561+0000] {logging_mixin.py:188} INFO - [2025-09-15T11:35:19.561+0000] {dag.py:3096} INFO - Sync 1 DAGs
[2025-09-15T11:35:19.575+0000] {logging_mixin.py:188} INFO - [2025-09-15T11:35:19.574+0000] {dag.py:3954} INFO - Setting next_dagrun for clean_hour_data to None, run_after=None
[2025-09-15T11:35:19.595+0000] {processor.py:183} INFO - Processing /opt/airflow/dags/clean_hour_data.py took 0.083 seconds
[2025-09-15T11:35:50.256+0000] {processor.py:161} INFO - Started process (PID=9848) to work on /opt/airflow/dags/clean_hour_data.py
[2025-09-15T11:35:50.258+0000] {processor.py:830} INFO - Processing file /opt/airflow/dags/clean_hour_data.py for tasks to queue
[2025-09-15T11:35:50.259+0000] {logging_mixin.py:188} INFO - [2025-09-15T11:35:50.258+0000] {dagbag.py:540} INFO - Filling up the DagBag from /opt/airflow/dags/clean_hour_data.py
[2025-09-15T11:35:50.286+0000] {processor.py:840} INFO - DAG(s) 'clean_hour_data' retrieved from /opt/airflow/dags/clean_hour_data.py
[2025-09-15T11:35:50.328+0000] {logging_mixin.py:188} INFO - [2025-09-15T11:35:50.327+0000] {dag.py:3096} INFO - Sync 1 DAGs
[2025-09-15T11:35:50.345+0000] {logging_mixin.py:188} INFO - [2025-09-15T11:35:50.344+0000] {dag.py:3954} INFO - Setting next_dagrun for clean_hour_data to None, run_after=None
[2025-09-15T11:35:50.373+0000] {processor.py:183} INFO - Processing /opt/airflow/dags/clean_hour_data.py took 0.126 seconds
[2025-09-15T11:36:21.168+0000] {processor.py:161} INFO - Started process (PID=9883) to work on /opt/airflow/dags/clean_hour_data.py
[2025-09-15T11:36:21.173+0000] {processor.py:830} INFO - Processing file /opt/airflow/dags/clean_hour_data.py for tasks to queue
[2025-09-15T11:36:21.176+0000] {logging_mixin.py:188} INFO - [2025-09-15T11:36:21.175+0000] {dagbag.py:540} INFO - Filling up the DagBag from /opt/airflow/dags/clean_hour_data.py
[2025-09-15T11:36:21.219+0000] {processor.py:840} INFO - DAG(s) 'clean_hour_data' retrieved from /opt/airflow/dags/clean_hour_data.py
[2025-09-15T11:36:21.299+0000] {logging_mixin.py:188} INFO - [2025-09-15T11:36:21.289+0000] {dag.py:3096} INFO - Sync 1 DAGs
[2025-09-15T11:36:21.321+0000] {logging_mixin.py:188} INFO - [2025-09-15T11:36:21.321+0000] {dag.py:3954} INFO - Setting next_dagrun for clean_hour_data to None, run_after=None
[2025-09-15T11:36:21.359+0000] {processor.py:183} INFO - Processing /opt/airflow/dags/clean_hour_data.py took 0.227 seconds
[2025-09-15T11:36:51.913+0000] {processor.py:161} INFO - Started process (PID=9918) to work on /opt/airflow/dags/clean_hour_data.py
[2025-09-15T11:36:51.918+0000] {processor.py:830} INFO - Processing file /opt/airflow/dags/clean_hour_data.py for tasks to queue
[2025-09-15T11:36:51.919+0000] {logging_mixin.py:188} INFO - [2025-09-15T11:36:51.919+0000] {dagbag.py:540} INFO - Filling up the DagBag from /opt/airflow/dags/clean_hour_data.py
[2025-09-15T11:36:51.959+0000] {processor.py:840} INFO - DAG(s) 'clean_hour_data' retrieved from /opt/airflow/dags/clean_hour_data.py
[2025-09-15T11:36:51.997+0000] {logging_mixin.py:188} INFO - [2025-09-15T11:36:51.997+0000] {dag.py:3096} INFO - Sync 1 DAGs
[2025-09-15T11:36:52.011+0000] {logging_mixin.py:188} INFO - [2025-09-15T11:36:52.011+0000] {dag.py:3954} INFO - Setting next_dagrun for clean_hour_data to None, run_after=None
[2025-09-15T11:36:52.035+0000] {processor.py:183} INFO - Processing /opt/airflow/dags/clean_hour_data.py took 0.138 seconds
[2025-09-15T11:37:22.800+0000] {processor.py:161} INFO - Started process (PID=9953) to work on /opt/airflow/dags/clean_hour_data.py
[2025-09-15T11:37:22.801+0000] {processor.py:830} INFO - Processing file /opt/airflow/dags/clean_hour_data.py for tasks to queue
[2025-09-15T11:37:22.802+0000] {logging_mixin.py:188} INFO - [2025-09-15T11:37:22.802+0000] {dagbag.py:540} INFO - Filling up the DagBag from /opt/airflow/dags/clean_hour_data.py
[2025-09-15T11:37:22.820+0000] {processor.py:840} INFO - DAG(s) 'clean_hour_data' retrieved from /opt/airflow/dags/clean_hour_data.py
[2025-09-15T11:37:22.847+0000] {logging_mixin.py:188} INFO - [2025-09-15T11:37:22.847+0000] {dag.py:3096} INFO - Sync 1 DAGs
[2025-09-15T11:37:22.859+0000] {logging_mixin.py:188} INFO - [2025-09-15T11:37:22.859+0000] {dag.py:3954} INFO - Setting next_dagrun for clean_hour_data to None, run_after=None
[2025-09-15T11:37:22.879+0000] {processor.py:183} INFO - Processing /opt/airflow/dags/clean_hour_data.py took 0.085 seconds
[2025-09-15T11:37:53.297+0000] {processor.py:161} INFO - Started process (PID=9988) to work on /opt/airflow/dags/clean_hour_data.py
[2025-09-15T11:37:53.298+0000] {processor.py:830} INFO - Processing file /opt/airflow/dags/clean_hour_data.py for tasks to queue
[2025-09-15T11:37:53.299+0000] {logging_mixin.py:188} INFO - [2025-09-15T11:37:53.298+0000] {dagbag.py:540} INFO - Filling up the DagBag from /opt/airflow/dags/clean_hour_data.py
[2025-09-15T11:37:53.316+0000] {processor.py:840} INFO - DAG(s) 'clean_hour_data' retrieved from /opt/airflow/dags/clean_hour_data.py
[2025-09-15T11:37:53.343+0000] {logging_mixin.py:188} INFO - [2025-09-15T11:37:53.342+0000] {dag.py:3096} INFO - Sync 1 DAGs
[2025-09-15T11:37:53.354+0000] {logging_mixin.py:188} INFO - [2025-09-15T11:37:53.354+0000] {dag.py:3954} INFO - Setting next_dagrun for clean_hour_data to None, run_after=None
[2025-09-15T11:37:53.374+0000] {processor.py:183} INFO - Processing /opt/airflow/dags/clean_hour_data.py took 0.083 seconds
[2025-09-15T11:38:23.851+0000] {processor.py:161} INFO - Started process (PID=10023) to work on /opt/airflow/dags/clean_hour_data.py
[2025-09-15T11:38:23.852+0000] {processor.py:830} INFO - Processing file /opt/airflow/dags/clean_hour_data.py for tasks to queue
[2025-09-15T11:38:23.853+0000] {logging_mixin.py:188} INFO - [2025-09-15T11:38:23.853+0000] {dagbag.py:540} INFO - Filling up the DagBag from /opt/airflow/dags/clean_hour_data.py
[2025-09-15T11:38:23.871+0000] {processor.py:840} INFO - DAG(s) 'clean_hour_data' retrieved from /opt/airflow/dags/clean_hour_data.py
[2025-09-15T11:38:23.901+0000] {logging_mixin.py:188} INFO - [2025-09-15T11:38:23.900+0000] {dag.py:3096} INFO - Sync 1 DAGs
[2025-09-15T11:38:23.914+0000] {logging_mixin.py:188} INFO - [2025-09-15T11:38:23.914+0000] {dag.py:3954} INFO - Setting next_dagrun for clean_hour_data to None, run_after=None
[2025-09-15T11:38:23.937+0000] {processor.py:183} INFO - Processing /opt/airflow/dags/clean_hour_data.py took 0.092 seconds
[2025-09-15T11:38:54.452+0000] {processor.py:161} INFO - Started process (PID=10058) to work on /opt/airflow/dags/clean_hour_data.py
[2025-09-15T11:38:54.454+0000] {processor.py:830} INFO - Processing file /opt/airflow/dags/clean_hour_data.py for tasks to queue
[2025-09-15T11:38:54.455+0000] {logging_mixin.py:188} INFO - [2025-09-15T11:38:54.454+0000] {dagbag.py:540} INFO - Filling up the DagBag from /opt/airflow/dags/clean_hour_data.py
[2025-09-15T11:38:54.483+0000] {processor.py:840} INFO - DAG(s) 'clean_hour_data' retrieved from /opt/airflow/dags/clean_hour_data.py
[2025-09-15T11:38:54.511+0000] {logging_mixin.py:188} INFO - [2025-09-15T11:38:54.511+0000] {dag.py:3096} INFO - Sync 1 DAGs
[2025-09-15T11:38:54.524+0000] {logging_mixin.py:188} INFO - [2025-09-15T11:38:54.523+0000] {dag.py:3954} INFO - Setting next_dagrun for clean_hour_data to None, run_after=None
[2025-09-15T11:38:54.549+0000] {processor.py:183} INFO - Processing /opt/airflow/dags/clean_hour_data.py took 0.105 seconds
