[2025-09-15T06:01:12.411+0000] {processor.py:161} INFO - Started process (PID=197) to work on /opt/airflow/dags/clean_day_data.py
[2025-09-15T06:01:12.413+0000] {processor.py:830} INFO - Processing file /opt/airflow/dags/clean_day_data.py for tasks to queue
[2025-09-15T06:01:12.415+0000] {logging_mixin.py:188} INFO - [2025-09-15T06:01:12.415+0000] {dagbag.py:540} INFO - Filling up the DagBag from /opt/airflow/dags/clean_day_data.py
[2025-09-15T06:01:12.440+0000] {processor.py:840} INFO - DAG(s) 'clean_day_data' retrieved from /opt/airflow/dags/clean_day_data.py
[2025-09-15T06:01:12.465+0000] {logging_mixin.py:188} INFO - [2025-09-15T06:01:12.464+0000] {dag.py:3096} INFO - Sync 1 DAGs
[2025-09-15T06:01:12.487+0000] {logging_mixin.py:188} INFO - [2025-09-15T06:01:12.486+0000] {dag.py:3954} INFO - Setting next_dagrun for clean_day_data to None, run_after=None
[2025-09-15T06:01:12.518+0000] {processor.py:183} INFO - Processing /opt/airflow/dags/clean_day_data.py took 0.116 seconds
[2025-09-15T06:01:42.407+0000] {processor.py:161} INFO - Started process (PID=232) to work on /opt/airflow/dags/clean_day_data.py
[2025-09-15T06:01:42.409+0000] {processor.py:830} INFO - Processing file /opt/airflow/dags/clean_day_data.py for tasks to queue
[2025-09-15T06:01:42.412+0000] {logging_mixin.py:188} INFO - [2025-09-15T06:01:42.411+0000] {dagbag.py:540} INFO - Filling up the DagBag from /opt/airflow/dags/clean_day_data.py
[2025-09-15T06:01:42.444+0000] {processor.py:840} INFO - DAG(s) 'clean_day_data' retrieved from /opt/airflow/dags/clean_day_data.py
[2025-09-15T06:01:42.675+0000] {logging_mixin.py:188} INFO - [2025-09-15T06:01:42.668+0000] {dag.py:3096} INFO - Sync 1 DAGs
[2025-09-15T06:01:42.708+0000] {logging_mixin.py:188} INFO - [2025-09-15T06:01:42.707+0000] {dag.py:3954} INFO - Setting next_dagrun for clean_day_data to None, run_after=None
[2025-09-15T06:01:42.763+0000] {processor.py:183} INFO - Processing /opt/airflow/dags/clean_day_data.py took 0.365 seconds
[2025-09-15T06:02:13.590+0000] {processor.py:161} INFO - Started process (PID=265) to work on /opt/airflow/dags/clean_day_data.py
[2025-09-15T06:02:13.592+0000] {processor.py:830} INFO - Processing file /opt/airflow/dags/clean_day_data.py for tasks to queue
[2025-09-15T06:02:13.595+0000] {logging_mixin.py:188} INFO - [2025-09-15T06:02:13.595+0000] {dagbag.py:540} INFO - Filling up the DagBag from /opt/airflow/dags/clean_day_data.py
[2025-09-15T06:02:13.639+0000] {processor.py:840} INFO - DAG(s) 'clean_day_data' retrieved from /opt/airflow/dags/clean_day_data.py
[2025-09-15T06:02:13.715+0000] {logging_mixin.py:188} INFO - [2025-09-15T06:02:13.714+0000] {dag.py:3096} INFO - Sync 1 DAGs
[2025-09-15T06:02:13.753+0000] {logging_mixin.py:188} INFO - [2025-09-15T06:02:13.752+0000] {dag.py:3954} INFO - Setting next_dagrun for clean_day_data to None, run_after=None
[2025-09-15T06:02:13.798+0000] {processor.py:183} INFO - Processing /opt/airflow/dags/clean_day_data.py took 0.217 seconds
[2025-09-15T06:02:43.936+0000] {processor.py:161} INFO - Started process (PID=302) to work on /opt/airflow/dags/clean_day_data.py
[2025-09-15T06:02:43.938+0000] {processor.py:830} INFO - Processing file /opt/airflow/dags/clean_day_data.py for tasks to queue
[2025-09-15T06:02:43.940+0000] {logging_mixin.py:188} INFO - [2025-09-15T06:02:43.939+0000] {dagbag.py:540} INFO - Filling up the DagBag from /opt/airflow/dags/clean_day_data.py
[2025-09-15T06:02:43.954+0000] {processor.py:840} INFO - DAG(s) 'clean_day_data' retrieved from /opt/airflow/dags/clean_day_data.py
[2025-09-15T06:02:43.977+0000] {logging_mixin.py:188} INFO - [2025-09-15T06:02:43.976+0000] {dag.py:3096} INFO - Sync 1 DAGs
[2025-09-15T06:02:43.987+0000] {logging_mixin.py:188} INFO - [2025-09-15T06:02:43.987+0000] {dag.py:3954} INFO - Setting next_dagrun for clean_day_data to None, run_after=None
[2025-09-15T06:02:44.005+0000] {processor.py:183} INFO - Processing /opt/airflow/dags/clean_day_data.py took 0.074 seconds
[2025-09-15T06:03:14.961+0000] {processor.py:161} INFO - Started process (PID=339) to work on /opt/airflow/dags/clean_day_data.py
[2025-09-15T06:03:14.963+0000] {processor.py:830} INFO - Processing file /opt/airflow/dags/clean_day_data.py for tasks to queue
[2025-09-15T06:03:14.967+0000] {logging_mixin.py:188} INFO - [2025-09-15T06:03:14.966+0000] {dagbag.py:540} INFO - Filling up the DagBag from /opt/airflow/dags/clean_day_data.py
[2025-09-15T06:03:14.989+0000] {processor.py:840} INFO - DAG(s) 'clean_day_data' retrieved from /opt/airflow/dags/clean_day_data.py
[2025-09-15T06:03:15.025+0000] {logging_mixin.py:188} INFO - [2025-09-15T06:03:15.024+0000] {dag.py:3096} INFO - Sync 1 DAGs
[2025-09-15T06:03:15.043+0000] {logging_mixin.py:188} INFO - [2025-09-15T06:03:15.043+0000] {dag.py:3954} INFO - Setting next_dagrun for clean_day_data to None, run_after=None
[2025-09-15T06:03:15.071+0000] {processor.py:183} INFO - Processing /opt/airflow/dags/clean_day_data.py took 0.120 seconds
[2025-09-15T06:03:45.283+0000] {processor.py:161} INFO - Started process (PID=376) to work on /opt/airflow/dags/clean_day_data.py
[2025-09-15T06:03:45.284+0000] {processor.py:830} INFO - Processing file /opt/airflow/dags/clean_day_data.py for tasks to queue
[2025-09-15T06:03:45.287+0000] {logging_mixin.py:188} INFO - [2025-09-15T06:03:45.286+0000] {dagbag.py:540} INFO - Filling up the DagBag from /opt/airflow/dags/clean_day_data.py
[2025-09-15T06:03:45.307+0000] {processor.py:840} INFO - DAG(s) 'clean_day_data' retrieved from /opt/airflow/dags/clean_day_data.py
[2025-09-15T06:03:45.351+0000] {logging_mixin.py:188} INFO - [2025-09-15T06:03:45.351+0000] {dag.py:3096} INFO - Sync 1 DAGs
[2025-09-15T06:03:45.371+0000] {logging_mixin.py:188} INFO - [2025-09-15T06:03:45.370+0000] {dag.py:3954} INFO - Setting next_dagrun for clean_day_data to None, run_after=None
[2025-09-15T06:03:45.407+0000] {processor.py:183} INFO - Processing /opt/airflow/dags/clean_day_data.py took 0.131 seconds
[2025-09-15T06:04:15.534+0000] {processor.py:161} INFO - Started process (PID=411) to work on /opt/airflow/dags/clean_day_data.py
[2025-09-15T06:04:15.537+0000] {processor.py:830} INFO - Processing file /opt/airflow/dags/clean_day_data.py for tasks to queue
[2025-09-15T06:04:15.544+0000] {logging_mixin.py:188} INFO - [2025-09-15T06:04:15.543+0000] {dagbag.py:540} INFO - Filling up the DagBag from /opt/airflow/dags/clean_day_data.py
[2025-09-15T06:04:15.575+0000] {processor.py:840} INFO - DAG(s) 'clean_day_data' retrieved from /opt/airflow/dags/clean_day_data.py
[2025-09-15T06:04:15.608+0000] {logging_mixin.py:188} INFO - [2025-09-15T06:04:15.607+0000] {dag.py:3096} INFO - Sync 1 DAGs
[2025-09-15T06:04:15.625+0000] {logging_mixin.py:188} INFO - [2025-09-15T06:04:15.625+0000] {dag.py:3954} INFO - Setting next_dagrun for clean_day_data to None, run_after=None
[2025-09-15T06:04:15.652+0000] {processor.py:183} INFO - Processing /opt/airflow/dags/clean_day_data.py took 0.130 seconds
[2025-09-15T06:04:45.971+0000] {processor.py:161} INFO - Started process (PID=444) to work on /opt/airflow/dags/clean_day_data.py
[2025-09-15T06:04:45.976+0000] {processor.py:830} INFO - Processing file /opt/airflow/dags/clean_day_data.py for tasks to queue
[2025-09-15T06:04:45.990+0000] {logging_mixin.py:188} INFO - [2025-09-15T06:04:45.988+0000] {dagbag.py:540} INFO - Filling up the DagBag from /opt/airflow/dags/clean_day_data.py
[2025-09-15T06:04:46.036+0000] {processor.py:840} INFO - DAG(s) 'clean_day_data' retrieved from /opt/airflow/dags/clean_day_data.py
[2025-09-15T06:04:46.120+0000] {logging_mixin.py:188} INFO - [2025-09-15T06:04:46.118+0000] {dag.py:3096} INFO - Sync 1 DAGs
[2025-09-15T06:04:46.174+0000] {logging_mixin.py:188} INFO - [2025-09-15T06:04:46.173+0000] {dag.py:3954} INFO - Setting next_dagrun for clean_day_data to None, run_after=None
[2025-09-15T06:04:46.305+0000] {processor.py:183} INFO - Processing /opt/airflow/dags/clean_day_data.py took 0.346 seconds
[2025-09-15T06:05:16.642+0000] {processor.py:161} INFO - Started process (PID=481) to work on /opt/airflow/dags/clean_day_data.py
[2025-09-15T06:05:16.643+0000] {processor.py:830} INFO - Processing file /opt/airflow/dags/clean_day_data.py for tasks to queue
[2025-09-15T06:05:16.645+0000] {logging_mixin.py:188} INFO - [2025-09-15T06:05:16.644+0000] {dagbag.py:540} INFO - Filling up the DagBag from /opt/airflow/dags/clean_day_data.py
[2025-09-15T06:05:16.660+0000] {processor.py:840} INFO - DAG(s) 'clean_day_data' retrieved from /opt/airflow/dags/clean_day_data.py
[2025-09-15T06:05:16.684+0000] {logging_mixin.py:188} INFO - [2025-09-15T06:05:16.683+0000] {dag.py:3096} INFO - Sync 1 DAGs
[2025-09-15T06:05:16.694+0000] {logging_mixin.py:188} INFO - [2025-09-15T06:05:16.694+0000] {dag.py:3954} INFO - Setting next_dagrun for clean_day_data to None, run_after=None
[2025-09-15T06:05:16.713+0000] {processor.py:183} INFO - Processing /opt/airflow/dags/clean_day_data.py took 0.077 seconds
[2025-09-15T06:05:47.294+0000] {processor.py:161} INFO - Started process (PID=516) to work on /opt/airflow/dags/clean_day_data.py
[2025-09-15T06:05:47.295+0000] {processor.py:830} INFO - Processing file /opt/airflow/dags/clean_day_data.py for tasks to queue
[2025-09-15T06:05:47.298+0000] {logging_mixin.py:188} INFO - [2025-09-15T06:05:47.298+0000] {dagbag.py:540} INFO - Filling up the DagBag from /opt/airflow/dags/clean_day_data.py
[2025-09-15T06:05:47.318+0000] {processor.py:840} INFO - DAG(s) 'clean_day_data' retrieved from /opt/airflow/dags/clean_day_data.py
[2025-09-15T06:05:47.345+0000] {logging_mixin.py:188} INFO - [2025-09-15T06:05:47.345+0000] {dag.py:3096} INFO - Sync 1 DAGs
[2025-09-15T06:05:47.356+0000] {logging_mixin.py:188} INFO - [2025-09-15T06:05:47.355+0000] {dag.py:3954} INFO - Setting next_dagrun for clean_day_data to None, run_after=None
[2025-09-15T06:05:47.377+0000] {processor.py:183} INFO - Processing /opt/airflow/dags/clean_day_data.py took 0.090 seconds
[2025-09-15T06:06:18.259+0000] {processor.py:161} INFO - Started process (PID=551) to work on /opt/airflow/dags/clean_day_data.py
[2025-09-15T06:06:18.260+0000] {processor.py:830} INFO - Processing file /opt/airflow/dags/clean_day_data.py for tasks to queue
[2025-09-15T06:06:18.262+0000] {logging_mixin.py:188} INFO - [2025-09-15T06:06:18.262+0000] {dagbag.py:540} INFO - Filling up the DagBag from /opt/airflow/dags/clean_day_data.py
[2025-09-15T06:06:18.278+0000] {processor.py:840} INFO - DAG(s) 'clean_day_data' retrieved from /opt/airflow/dags/clean_day_data.py
[2025-09-15T06:06:18.306+0000] {logging_mixin.py:188} INFO - [2025-09-15T06:06:18.305+0000] {dag.py:3096} INFO - Sync 1 DAGs
[2025-09-15T06:06:18.317+0000] {logging_mixin.py:188} INFO - [2025-09-15T06:06:18.317+0000] {dag.py:3954} INFO - Setting next_dagrun for clean_day_data to None, run_after=None
[2025-09-15T06:06:18.336+0000] {processor.py:183} INFO - Processing /opt/airflow/dags/clean_day_data.py took 0.084 seconds
[2025-09-15T06:06:49.018+0000] {processor.py:161} INFO - Started process (PID=586) to work on /opt/airflow/dags/clean_day_data.py
[2025-09-15T06:06:49.019+0000] {processor.py:830} INFO - Processing file /opt/airflow/dags/clean_day_data.py for tasks to queue
[2025-09-15T06:06:49.021+0000] {logging_mixin.py:188} INFO - [2025-09-15T06:06:49.020+0000] {dagbag.py:540} INFO - Filling up the DagBag from /opt/airflow/dags/clean_day_data.py
[2025-09-15T06:06:49.038+0000] {processor.py:840} INFO - DAG(s) 'clean_day_data' retrieved from /opt/airflow/dags/clean_day_data.py
[2025-09-15T06:06:49.063+0000] {logging_mixin.py:188} INFO - [2025-09-15T06:06:49.063+0000] {dag.py:3096} INFO - Sync 1 DAGs
[2025-09-15T06:06:49.073+0000] {logging_mixin.py:188} INFO - [2025-09-15T06:06:49.073+0000] {dag.py:3954} INFO - Setting next_dagrun for clean_day_data to None, run_after=None
[2025-09-15T06:06:49.096+0000] {processor.py:183} INFO - Processing /opt/airflow/dags/clean_day_data.py took 0.084 seconds
[2025-09-15T06:07:19.498+0000] {processor.py:161} INFO - Started process (PID=621) to work on /opt/airflow/dags/clean_day_data.py
[2025-09-15T06:07:19.499+0000] {processor.py:830} INFO - Processing file /opt/airflow/dags/clean_day_data.py for tasks to queue
[2025-09-15T06:07:19.501+0000] {logging_mixin.py:188} INFO - [2025-09-15T06:07:19.500+0000] {dagbag.py:540} INFO - Filling up the DagBag from /opt/airflow/dags/clean_day_data.py
[2025-09-15T06:07:19.514+0000] {processor.py:840} INFO - DAG(s) 'clean_day_data' retrieved from /opt/airflow/dags/clean_day_data.py
[2025-09-15T06:07:19.537+0000] {logging_mixin.py:188} INFO - [2025-09-15T06:07:19.536+0000] {dag.py:3096} INFO - Sync 1 DAGs
[2025-09-15T06:07:19.547+0000] {logging_mixin.py:188} INFO - [2025-09-15T06:07:19.546+0000] {dag.py:3954} INFO - Setting next_dagrun for clean_day_data to None, run_after=None
[2025-09-15T06:07:19.567+0000] {processor.py:183} INFO - Processing /opt/airflow/dags/clean_day_data.py took 0.074 seconds
[2025-09-15T06:07:50.202+0000] {processor.py:161} INFO - Started process (PID=656) to work on /opt/airflow/dags/clean_day_data.py
[2025-09-15T06:07:50.203+0000] {processor.py:830} INFO - Processing file /opt/airflow/dags/clean_day_data.py for tasks to queue
[2025-09-15T06:07:50.205+0000] {logging_mixin.py:188} INFO - [2025-09-15T06:07:50.205+0000] {dagbag.py:540} INFO - Filling up the DagBag from /opt/airflow/dags/clean_day_data.py
[2025-09-15T06:07:50.220+0000] {processor.py:840} INFO - DAG(s) 'clean_day_data' retrieved from /opt/airflow/dags/clean_day_data.py
[2025-09-15T06:07:50.245+0000] {logging_mixin.py:188} INFO - [2025-09-15T06:07:50.245+0000] {dag.py:3096} INFO - Sync 1 DAGs
[2025-09-15T06:07:50.256+0000] {logging_mixin.py:188} INFO - [2025-09-15T06:07:50.256+0000] {dag.py:3954} INFO - Setting next_dagrun for clean_day_data to None, run_after=None
[2025-09-15T06:07:50.276+0000] {processor.py:183} INFO - Processing /opt/airflow/dags/clean_day_data.py took 0.079 seconds
[2025-09-15T06:08:20.826+0000] {processor.py:161} INFO - Started process (PID=691) to work on /opt/airflow/dags/clean_day_data.py
[2025-09-15T06:08:20.827+0000] {processor.py:830} INFO - Processing file /opt/airflow/dags/clean_day_data.py for tasks to queue
[2025-09-15T06:08:20.829+0000] {logging_mixin.py:188} INFO - [2025-09-15T06:08:20.829+0000] {dagbag.py:540} INFO - Filling up the DagBag from /opt/airflow/dags/clean_day_data.py
[2025-09-15T06:08:20.845+0000] {processor.py:840} INFO - DAG(s) 'clean_day_data' retrieved from /opt/airflow/dags/clean_day_data.py
[2025-09-15T06:08:20.873+0000] {logging_mixin.py:188} INFO - [2025-09-15T06:08:20.872+0000] {dag.py:3096} INFO - Sync 1 DAGs
[2025-09-15T06:08:20.884+0000] {logging_mixin.py:188} INFO - [2025-09-15T06:08:20.884+0000] {dag.py:3954} INFO - Setting next_dagrun for clean_day_data to None, run_after=None
[2025-09-15T06:08:20.903+0000] {processor.py:183} INFO - Processing /opt/airflow/dags/clean_day_data.py took 0.082 seconds
[2025-09-15T06:08:51.504+0000] {processor.py:161} INFO - Started process (PID=726) to work on /opt/airflow/dags/clean_day_data.py
[2025-09-15T06:08:51.506+0000] {processor.py:830} INFO - Processing file /opt/airflow/dags/clean_day_data.py for tasks to queue
[2025-09-15T06:08:51.509+0000] {logging_mixin.py:188} INFO - [2025-09-15T06:08:51.509+0000] {dagbag.py:540} INFO - Filling up the DagBag from /opt/airflow/dags/clean_day_data.py
[2025-09-15T06:08:51.533+0000] {processor.py:840} INFO - DAG(s) 'clean_day_data' retrieved from /opt/airflow/dags/clean_day_data.py
[2025-09-15T06:08:51.599+0000] {logging_mixin.py:188} INFO - [2025-09-15T06:08:51.598+0000] {dag.py:3096} INFO - Sync 1 DAGs
[2025-09-15T06:08:51.617+0000] {logging_mixin.py:188} INFO - [2025-09-15T06:08:51.617+0000] {dag.py:3954} INFO - Setting next_dagrun for clean_day_data to None, run_after=None
[2025-09-15T06:08:51.648+0000] {processor.py:183} INFO - Processing /opt/airflow/dags/clean_day_data.py took 0.154 seconds
[2025-09-15T06:09:22.382+0000] {processor.py:161} INFO - Started process (PID=761) to work on /opt/airflow/dags/clean_day_data.py
[2025-09-15T06:09:22.384+0000] {processor.py:830} INFO - Processing file /opt/airflow/dags/clean_day_data.py for tasks to queue
[2025-09-15T06:09:22.386+0000] {logging_mixin.py:188} INFO - [2025-09-15T06:09:22.386+0000] {dagbag.py:540} INFO - Filling up the DagBag from /opt/airflow/dags/clean_day_data.py
[2025-09-15T06:09:22.401+0000] {processor.py:840} INFO - DAG(s) 'clean_day_data' retrieved from /opt/airflow/dags/clean_day_data.py
[2025-09-15T06:09:22.436+0000] {logging_mixin.py:188} INFO - [2025-09-15T06:09:22.435+0000] {dag.py:3096} INFO - Sync 1 DAGs
[2025-09-15T06:09:22.450+0000] {logging_mixin.py:188} INFO - [2025-09-15T06:09:22.450+0000] {dag.py:3954} INFO - Setting next_dagrun for clean_day_data to None, run_after=None
[2025-09-15T06:09:22.176+0000] {processor.py:183} INFO - Processing /opt/airflow/dags/clean_day_data.py took 0.093 seconds
[2025-09-15T06:09:52.975+0000] {processor.py:161} INFO - Started process (PID=796) to work on /opt/airflow/dags/clean_day_data.py
[2025-09-15T06:09:52.979+0000] {processor.py:830} INFO - Processing file /opt/airflow/dags/clean_day_data.py for tasks to queue
[2025-09-15T06:09:52.987+0000] {logging_mixin.py:188} INFO - [2025-09-15T06:09:52.986+0000] {dagbag.py:540} INFO - Filling up the DagBag from /opt/airflow/dags/clean_day_data.py
[2025-09-15T06:09:53.026+0000] {processor.py:840} INFO - DAG(s) 'clean_day_data' retrieved from /opt/airflow/dags/clean_day_data.py
[2025-09-15T06:09:53.068+0000] {logging_mixin.py:188} INFO - [2025-09-15T06:09:53.067+0000] {dag.py:3096} INFO - Sync 1 DAGs
[2025-09-15T06:09:53.089+0000] {logging_mixin.py:188} INFO - [2025-09-15T06:09:53.089+0000] {dag.py:3954} INFO - Setting next_dagrun for clean_day_data to None, run_after=None
[2025-09-15T06:09:53.124+0000] {processor.py:183} INFO - Processing /opt/airflow/dags/clean_day_data.py took 0.165 seconds
[2025-09-15T06:10:23.731+0000] {processor.py:161} INFO - Started process (PID=831) to work on /opt/airflow/dags/clean_day_data.py
[2025-09-15T06:10:23.733+0000] {processor.py:830} INFO - Processing file /opt/airflow/dags/clean_day_data.py for tasks to queue
[2025-09-15T06:10:23.736+0000] {logging_mixin.py:188} INFO - [2025-09-15T06:10:23.735+0000] {dagbag.py:540} INFO - Filling up the DagBag from /opt/airflow/dags/clean_day_data.py
[2025-09-15T06:10:23.761+0000] {processor.py:840} INFO - DAG(s) 'clean_day_data' retrieved from /opt/airflow/dags/clean_day_data.py
[2025-09-15T06:10:23.791+0000] {logging_mixin.py:188} INFO - [2025-09-15T06:10:23.790+0000] {dag.py:3096} INFO - Sync 1 DAGs
[2025-09-15T06:10:23.805+0000] {logging_mixin.py:188} INFO - [2025-09-15T06:10:23.804+0000] {dag.py:3954} INFO - Setting next_dagrun for clean_day_data to None, run_after=None
[2025-09-15T06:10:23.828+0000] {processor.py:183} INFO - Processing /opt/airflow/dags/clean_day_data.py took 0.106 seconds
[2025-09-15T06:10:54.295+0000] {processor.py:161} INFO - Started process (PID=866) to work on /opt/airflow/dags/clean_day_data.py
[2025-09-15T06:10:54.296+0000] {processor.py:830} INFO - Processing file /opt/airflow/dags/clean_day_data.py for tasks to queue
[2025-09-15T06:10:54.298+0000] {logging_mixin.py:188} INFO - [2025-09-15T06:10:54.298+0000] {dagbag.py:540} INFO - Filling up the DagBag from /opt/airflow/dags/clean_day_data.py
[2025-09-15T06:10:54.316+0000] {processor.py:840} INFO - DAG(s) 'clean_day_data' retrieved from /opt/airflow/dags/clean_day_data.py
[2025-09-15T06:10:54.342+0000] {logging_mixin.py:188} INFO - [2025-09-15T06:10:54.342+0000] {dag.py:3096} INFO - Sync 1 DAGs
[2025-09-15T06:10:54.353+0000] {logging_mixin.py:188} INFO - [2025-09-15T06:10:54.353+0000] {dag.py:3954} INFO - Setting next_dagrun for clean_day_data to None, run_after=None
[2025-09-15T06:10:54.372+0000] {processor.py:183} INFO - Processing /opt/airflow/dags/clean_day_data.py took 0.083 seconds
[2025-09-15T06:11:24.705+0000] {processor.py:161} INFO - Started process (PID=899) to work on /opt/airflow/dags/clean_day_data.py
[2025-09-15T06:11:24.708+0000] {processor.py:830} INFO - Processing file /opt/airflow/dags/clean_day_data.py for tasks to queue
[2025-09-15T06:11:24.714+0000] {logging_mixin.py:188} INFO - [2025-09-15T06:11:24.713+0000] {dagbag.py:540} INFO - Filling up the DagBag from /opt/airflow/dags/clean_day_data.py
[2025-09-15T06:11:24.746+0000] {processor.py:840} INFO - DAG(s) 'clean_day_data' retrieved from /opt/airflow/dags/clean_day_data.py
[2025-09-15T06:11:24.809+0000] {logging_mixin.py:188} INFO - [2025-09-15T06:11:24.808+0000] {dag.py:3096} INFO - Sync 1 DAGs
[2025-09-15T06:11:24.837+0000] {logging_mixin.py:188} INFO - [2025-09-15T06:11:24.835+0000] {dag.py:3954} INFO - Setting next_dagrun for clean_day_data to None, run_after=None
[2025-09-15T06:11:24.914+0000] {processor.py:183} INFO - Processing /opt/airflow/dags/clean_day_data.py took 0.220 seconds
[2025-09-15T06:11:55.603+0000] {processor.py:161} INFO - Started process (PID=936) to work on /opt/airflow/dags/clean_day_data.py
[2025-09-15T06:11:55.605+0000] {processor.py:830} INFO - Processing file /opt/airflow/dags/clean_day_data.py for tasks to queue
[2025-09-15T06:11:55.607+0000] {logging_mixin.py:188} INFO - [2025-09-15T06:11:55.607+0000] {dagbag.py:540} INFO - Filling up the DagBag from /opt/airflow/dags/clean_day_data.py
[2025-09-15T06:11:55.631+0000] {processor.py:840} INFO - DAG(s) 'clean_day_data' retrieved from /opt/airflow/dags/clean_day_data.py
[2025-09-15T06:11:55.666+0000] {logging_mixin.py:188} INFO - [2025-09-15T06:11:55.665+0000] {dag.py:3096} INFO - Sync 1 DAGs
[2025-09-15T06:11:55.688+0000] {logging_mixin.py:188} INFO - [2025-09-15T06:11:55.688+0000] {dag.py:3954} INFO - Setting next_dagrun for clean_day_data to None, run_after=None
[2025-09-15T06:11:55.711+0000] {processor.py:183} INFO - Processing /opt/airflow/dags/clean_day_data.py took 0.120 seconds
[2025-09-15T06:12:26.156+0000] {processor.py:161} INFO - Started process (PID=971) to work on /opt/airflow/dags/clean_day_data.py
[2025-09-15T06:12:26.157+0000] {processor.py:830} INFO - Processing file /opt/airflow/dags/clean_day_data.py for tasks to queue
[2025-09-15T06:12:26.159+0000] {logging_mixin.py:188} INFO - [2025-09-15T06:12:26.158+0000] {dagbag.py:540} INFO - Filling up the DagBag from /opt/airflow/dags/clean_day_data.py
[2025-09-15T06:12:26.178+0000] {processor.py:840} INFO - DAG(s) 'clean_day_data' retrieved from /opt/airflow/dags/clean_day_data.py
[2025-09-15T06:12:26.207+0000] {logging_mixin.py:188} INFO - [2025-09-15T06:12:26.206+0000] {dag.py:3096} INFO - Sync 1 DAGs
[2025-09-15T06:12:26.221+0000] {logging_mixin.py:188} INFO - [2025-09-15T06:12:26.220+0000] {dag.py:3954} INFO - Setting next_dagrun for clean_day_data to None, run_after=None
[2025-09-15T06:12:26.244+0000] {processor.py:183} INFO - Processing /opt/airflow/dags/clean_day_data.py took 0.094 seconds
[2025-09-15T06:12:56.625+0000] {processor.py:161} INFO - Started process (PID=1006) to work on /opt/airflow/dags/clean_day_data.py
[2025-09-15T06:12:56.627+0000] {processor.py:830} INFO - Processing file /opt/airflow/dags/clean_day_data.py for tasks to queue
[2025-09-15T06:12:56.630+0000] {logging_mixin.py:188} INFO - [2025-09-15T06:12:56.630+0000] {dagbag.py:540} INFO - Filling up the DagBag from /opt/airflow/dags/clean_day_data.py
[2025-09-15T06:12:56.652+0000] {processor.py:840} INFO - DAG(s) 'clean_day_data' retrieved from /opt/airflow/dags/clean_day_data.py
[2025-09-15T06:12:56.681+0000] {logging_mixin.py:188} INFO - [2025-09-15T06:12:56.680+0000] {dag.py:3096} INFO - Sync 1 DAGs
[2025-09-15T06:12:56.694+0000] {logging_mixin.py:188} INFO - [2025-09-15T06:12:56.693+0000] {dag.py:3954} INFO - Setting next_dagrun for clean_day_data to None, run_after=None
[2025-09-15T06:12:56.716+0000] {processor.py:183} INFO - Processing /opt/airflow/dags/clean_day_data.py took 0.098 seconds
[2025-09-15T06:13:27.369+0000] {processor.py:161} INFO - Started process (PID=1041) to work on /opt/airflow/dags/clean_day_data.py
[2025-09-15T06:13:27.370+0000] {processor.py:830} INFO - Processing file /opt/airflow/dags/clean_day_data.py for tasks to queue
[2025-09-15T06:13:27.372+0000] {logging_mixin.py:188} INFO - [2025-09-15T06:13:27.372+0000] {dagbag.py:540} INFO - Filling up the DagBag from /opt/airflow/dags/clean_day_data.py
[2025-09-15T06:13:27.394+0000] {processor.py:840} INFO - DAG(s) 'clean_day_data' retrieved from /opt/airflow/dags/clean_day_data.py
[2025-09-15T06:13:27.483+0000] {logging_mixin.py:188} INFO - [2025-09-15T06:13:27.482+0000] {dag.py:3096} INFO - Sync 1 DAGs
[2025-09-15T06:13:27.500+0000] {logging_mixin.py:188} INFO - [2025-09-15T06:13:27.500+0000] {dag.py:3954} INFO - Setting next_dagrun for clean_day_data to None, run_after=None
[2025-09-15T06:13:27.540+0000] {processor.py:183} INFO - Processing /opt/airflow/dags/clean_day_data.py took 0.181 seconds
[2025-09-15T06:13:58.483+0000] {processor.py:161} INFO - Started process (PID=1076) to work on /opt/airflow/dags/clean_day_data.py
[2025-09-15T06:13:58.485+0000] {processor.py:830} INFO - Processing file /opt/airflow/dags/clean_day_data.py for tasks to queue
[2025-09-15T06:13:58.488+0000] {logging_mixin.py:188} INFO - [2025-09-15T06:13:58.487+0000] {dagbag.py:540} INFO - Filling up the DagBag from /opt/airflow/dags/clean_day_data.py
[2025-09-15T06:13:58.507+0000] {processor.py:840} INFO - DAG(s) 'clean_day_data' retrieved from /opt/airflow/dags/clean_day_data.py
[2025-09-15T06:13:58.533+0000] {logging_mixin.py:188} INFO - [2025-09-15T06:13:58.532+0000] {dag.py:3096} INFO - Sync 1 DAGs
[2025-09-15T06:13:58.545+0000] {logging_mixin.py:188} INFO - [2025-09-15T06:13:58.545+0000] {dag.py:3954} INFO - Setting next_dagrun for clean_day_data to None, run_after=None
[2025-09-15T06:13:58.565+0000] {processor.py:183} INFO - Processing /opt/airflow/dags/clean_day_data.py took 0.088 seconds
[2025-09-15T06:14:29.332+0000] {processor.py:161} INFO - Started process (PID=1111) to work on /opt/airflow/dags/clean_day_data.py
[2025-09-15T06:14:29.335+0000] {processor.py:830} INFO - Processing file /opt/airflow/dags/clean_day_data.py for tasks to queue
[2025-09-15T06:14:29.338+0000] {logging_mixin.py:188} INFO - [2025-09-15T06:14:29.337+0000] {dagbag.py:540} INFO - Filling up the DagBag from /opt/airflow/dags/clean_day_data.py
[2025-09-15T06:14:29.361+0000] {processor.py:840} INFO - DAG(s) 'clean_day_data' retrieved from /opt/airflow/dags/clean_day_data.py
[2025-09-15T06:14:29.400+0000] {logging_mixin.py:188} INFO - [2025-09-15T06:14:29.398+0000] {dag.py:3096} INFO - Sync 1 DAGs
[2025-09-15T06:14:29.417+0000] {logging_mixin.py:188} INFO - [2025-09-15T06:14:29.417+0000] {dag.py:3954} INFO - Setting next_dagrun for clean_day_data to None, run_after=None
[2025-09-15T06:14:29.449+0000] {processor.py:183} INFO - Processing /opt/airflow/dags/clean_day_data.py took 0.124 seconds
[2025-09-15T06:14:59.632+0000] {processor.py:161} INFO - Started process (PID=1150) to work on /opt/airflow/dags/clean_day_data.py
[2025-09-15T06:14:59.633+0000] {processor.py:830} INFO - Processing file /opt/airflow/dags/clean_day_data.py for tasks to queue
[2025-09-15T06:14:59.636+0000] {logging_mixin.py:188} INFO - [2025-09-15T06:14:59.635+0000] {dagbag.py:540} INFO - Filling up the DagBag from /opt/airflow/dags/clean_day_data.py
[2025-09-15T06:14:59.653+0000] {processor.py:840} INFO - DAG(s) 'clean_day_data' retrieved from /opt/airflow/dags/clean_day_data.py
[2025-09-15T06:14:59.681+0000] {logging_mixin.py:188} INFO - [2025-09-15T06:14:59.681+0000] {dag.py:3096} INFO - Sync 1 DAGs
[2025-09-15T06:14:59.693+0000] {logging_mixin.py:188} INFO - [2025-09-15T06:14:59.692+0000] {dag.py:3954} INFO - Setting next_dagrun for clean_day_data to None, run_after=None
[2025-09-15T06:14:59.717+0000] {processor.py:183} INFO - Processing /opt/airflow/dags/clean_day_data.py took 0.091 seconds
[2025-09-15T06:15:30.248+0000] {processor.py:161} INFO - Started process (PID=1185) to work on /opt/airflow/dags/clean_day_data.py
[2025-09-15T06:15:30.249+0000] {processor.py:830} INFO - Processing file /opt/airflow/dags/clean_day_data.py for tasks to queue
[2025-09-15T06:15:30.251+0000] {logging_mixin.py:188} INFO - [2025-09-15T06:15:30.250+0000] {dagbag.py:540} INFO - Filling up the DagBag from /opt/airflow/dags/clean_day_data.py
[2025-09-15T06:15:30.267+0000] {processor.py:840} INFO - DAG(s) 'clean_day_data' retrieved from /opt/airflow/dags/clean_day_data.py
[2025-09-15T06:15:30.292+0000] {logging_mixin.py:188} INFO - [2025-09-15T06:15:30.292+0000] {dag.py:3096} INFO - Sync 1 DAGs
[2025-09-15T06:15:30.302+0000] {logging_mixin.py:188} INFO - [2025-09-15T06:15:30.302+0000] {dag.py:3954} INFO - Setting next_dagrun for clean_day_data to None, run_after=None
[2025-09-15T06:15:30.320+0000] {processor.py:183} INFO - Processing /opt/airflow/dags/clean_day_data.py took 0.078 seconds
[2025-09-15T06:16:00.562+0000] {processor.py:161} INFO - Started process (PID=1220) to work on /opt/airflow/dags/clean_day_data.py
[2025-09-15T06:16:00.563+0000] {processor.py:830} INFO - Processing file /opt/airflow/dags/clean_day_data.py for tasks to queue
[2025-09-15T06:16:00.565+0000] {logging_mixin.py:188} INFO - [2025-09-15T06:16:00.565+0000] {dagbag.py:540} INFO - Filling up the DagBag from /opt/airflow/dags/clean_day_data.py
[2025-09-15T06:16:00.584+0000] {processor.py:840} INFO - DAG(s) 'clean_day_data' retrieved from /opt/airflow/dags/clean_day_data.py
[2025-09-15T06:16:00.609+0000] {logging_mixin.py:188} INFO - [2025-09-15T06:16:00.609+0000] {dag.py:3096} INFO - Sync 1 DAGs
[2025-09-15T06:16:00.620+0000] {logging_mixin.py:188} INFO - [2025-09-15T06:16:00.620+0000] {dag.py:3954} INFO - Setting next_dagrun for clean_day_data to None, run_after=None
[2025-09-15T06:16:00.639+0000] {processor.py:183} INFO - Processing /opt/airflow/dags/clean_day_data.py took 0.083 seconds
[2025-09-15T06:16:31.552+0000] {processor.py:161} INFO - Started process (PID=1255) to work on /opt/airflow/dags/clean_day_data.py
[2025-09-15T06:16:31.553+0000] {processor.py:830} INFO - Processing file /opt/airflow/dags/clean_day_data.py for tasks to queue
[2025-09-15T06:16:31.555+0000] {logging_mixin.py:188} INFO - [2025-09-15T06:16:31.555+0000] {dagbag.py:540} INFO - Filling up the DagBag from /opt/airflow/dags/clean_day_data.py
[2025-09-15T06:16:31.572+0000] {processor.py:840} INFO - DAG(s) 'clean_day_data' retrieved from /opt/airflow/dags/clean_day_data.py
[2025-09-15T06:16:31.596+0000] {logging_mixin.py:188} INFO - [2025-09-15T06:16:31.596+0000] {dag.py:3096} INFO - Sync 1 DAGs
[2025-09-15T06:16:31.607+0000] {logging_mixin.py:188} INFO - [2025-09-15T06:16:31.607+0000] {dag.py:3954} INFO - Setting next_dagrun for clean_day_data to None, run_after=None
[2025-09-15T06:16:31.626+0000] {processor.py:183} INFO - Processing /opt/airflow/dags/clean_day_data.py took 0.080 seconds
[2025-09-15T06:17:01.922+0000] {processor.py:161} INFO - Started process (PID=1290) to work on /opt/airflow/dags/clean_day_data.py
[2025-09-15T06:17:01.924+0000] {processor.py:830} INFO - Processing file /opt/airflow/dags/clean_day_data.py for tasks to queue
[2025-09-15T06:17:01.926+0000] {logging_mixin.py:188} INFO - [2025-09-15T06:17:01.925+0000] {dagbag.py:540} INFO - Filling up the DagBag from /opt/airflow/dags/clean_day_data.py
[2025-09-15T06:17:01.942+0000] {processor.py:840} INFO - DAG(s) 'clean_day_data' retrieved from /opt/airflow/dags/clean_day_data.py
[2025-09-15T06:17:01.967+0000] {logging_mixin.py:188} INFO - [2025-09-15T06:17:01.967+0000] {dag.py:3096} INFO - Sync 1 DAGs
[2025-09-15T06:17:01.979+0000] {logging_mixin.py:188} INFO - [2025-09-15T06:17:01.979+0000] {dag.py:3954} INFO - Setting next_dagrun for clean_day_data to None, run_after=None
[2025-09-15T06:17:01.998+0000] {processor.py:183} INFO - Processing /opt/airflow/dags/clean_day_data.py took 0.081 seconds
[2025-09-15T06:17:32.386+0000] {processor.py:161} INFO - Started process (PID=1325) to work on /opt/airflow/dags/clean_day_data.py
[2025-09-15T06:17:32.387+0000] {processor.py:830} INFO - Processing file /opt/airflow/dags/clean_day_data.py for tasks to queue
[2025-09-15T06:17:32.389+0000] {logging_mixin.py:188} INFO - [2025-09-15T06:17:32.389+0000] {dagbag.py:540} INFO - Filling up the DagBag from /opt/airflow/dags/clean_day_data.py
[2025-09-15T06:17:32.410+0000] {processor.py:840} INFO - DAG(s) 'clean_day_data' retrieved from /opt/airflow/dags/clean_day_data.py
[2025-09-15T06:17:32.442+0000] {logging_mixin.py:188} INFO - [2025-09-15T06:17:32.442+0000] {dag.py:3096} INFO - Sync 1 DAGs
[2025-09-15T06:17:32.454+0000] {logging_mixin.py:188} INFO - [2025-09-15T06:17:32.453+0000] {dag.py:3954} INFO - Setting next_dagrun for clean_day_data to None, run_after=None
[2025-09-15T06:17:32.474+0000] {processor.py:183} INFO - Processing /opt/airflow/dags/clean_day_data.py took 0.106 seconds
[2025-09-15T06:18:02.764+0000] {processor.py:161} INFO - Started process (PID=1360) to work on /opt/airflow/dags/clean_day_data.py
[2025-09-15T06:18:02.765+0000] {processor.py:830} INFO - Processing file /opt/airflow/dags/clean_day_data.py for tasks to queue
[2025-09-15T06:18:02.768+0000] {logging_mixin.py:188} INFO - [2025-09-15T06:18:02.767+0000] {dagbag.py:540} INFO - Filling up the DagBag from /opt/airflow/dags/clean_day_data.py
[2025-09-15T06:18:02.783+0000] {processor.py:840} INFO - DAG(s) 'clean_day_data' retrieved from /opt/airflow/dags/clean_day_data.py
[2025-09-15T06:18:02.808+0000] {logging_mixin.py:188} INFO - [2025-09-15T06:18:02.807+0000] {dag.py:3096} INFO - Sync 1 DAGs
[2025-09-15T06:18:02.818+0000] {logging_mixin.py:188} INFO - [2025-09-15T06:18:02.818+0000] {dag.py:3954} INFO - Setting next_dagrun for clean_day_data to None, run_after=None
[2025-09-15T06:18:02.836+0000] {processor.py:183} INFO - Processing /opt/airflow/dags/clean_day_data.py took 0.077 seconds
[2025-09-15T06:18:33.064+0000] {processor.py:161} INFO - Started process (PID=1395) to work on /opt/airflow/dags/clean_day_data.py
[2025-09-15T06:18:33.065+0000] {processor.py:830} INFO - Processing file /opt/airflow/dags/clean_day_data.py for tasks to queue
[2025-09-15T06:18:33.067+0000] {logging_mixin.py:188} INFO - [2025-09-15T06:18:33.067+0000] {dagbag.py:540} INFO - Filling up the DagBag from /opt/airflow/dags/clean_day_data.py
[2025-09-15T06:18:33.084+0000] {processor.py:840} INFO - DAG(s) 'clean_day_data' retrieved from /opt/airflow/dags/clean_day_data.py
[2025-09-15T06:18:33.110+0000] {logging_mixin.py:188} INFO - [2025-09-15T06:18:33.109+0000] {dag.py:3096} INFO - Sync 1 DAGs
[2025-09-15T06:18:33.121+0000] {logging_mixin.py:188} INFO - [2025-09-15T06:18:33.121+0000] {dag.py:3954} INFO - Setting next_dagrun for clean_day_data to None, run_after=None
[2025-09-15T06:18:33.139+0000] {processor.py:183} INFO - Processing /opt/airflow/dags/clean_day_data.py took 0.083 seconds
[2025-09-15T06:19:03.519+0000] {processor.py:161} INFO - Started process (PID=1430) to work on /opt/airflow/dags/clean_day_data.py
[2025-09-15T06:19:03.520+0000] {processor.py:830} INFO - Processing file /opt/airflow/dags/clean_day_data.py for tasks to queue
[2025-09-15T06:19:03.523+0000] {logging_mixin.py:188} INFO - [2025-09-15T06:19:03.522+0000] {dagbag.py:540} INFO - Filling up the DagBag from /opt/airflow/dags/clean_day_data.py
[2025-09-15T06:19:03.550+0000] {processor.py:840} INFO - DAG(s) 'clean_day_data' retrieved from /opt/airflow/dags/clean_day_data.py
[2025-09-15T06:19:03.582+0000] {logging_mixin.py:188} INFO - [2025-09-15T06:19:03.581+0000] {dag.py:3096} INFO - Sync 1 DAGs
[2025-09-15T06:19:03.600+0000] {logging_mixin.py:188} INFO - [2025-09-15T06:19:03.599+0000] {dag.py:3954} INFO - Setting next_dagrun for clean_day_data to None, run_after=None
[2025-09-15T06:19:03.621+0000] {processor.py:183} INFO - Processing /opt/airflow/dags/clean_day_data.py took 0.109 seconds
[2025-09-15T06:19:34.090+0000] {processor.py:161} INFO - Started process (PID=1465) to work on /opt/airflow/dags/clean_day_data.py
[2025-09-15T06:19:34.092+0000] {processor.py:830} INFO - Processing file /opt/airflow/dags/clean_day_data.py for tasks to queue
[2025-09-15T06:19:34.094+0000] {logging_mixin.py:188} INFO - [2025-09-15T06:19:34.094+0000] {dagbag.py:540} INFO - Filling up the DagBag from /opt/airflow/dags/clean_day_data.py
[2025-09-15T06:19:34.139+0000] {processor.py:840} INFO - DAG(s) 'clean_day_data' retrieved from /opt/airflow/dags/clean_day_data.py
[2025-09-15T06:19:34.276+0000] {logging_mixin.py:188} INFO - [2025-09-15T06:19:34.276+0000] {dag.py:3096} INFO - Sync 1 DAGs
[2025-09-15T06:19:34.297+0000] {logging_mixin.py:188} INFO - [2025-09-15T06:19:34.297+0000] {dag.py:3954} INFO - Setting next_dagrun for clean_day_data to None, run_after=None
[2025-09-15T06:19:34.346+0000] {processor.py:183} INFO - Processing /opt/airflow/dags/clean_day_data.py took 0.262 seconds
[2025-09-15T06:20:04.442+0000] {processor.py:161} INFO - Started process (PID=1500) to work on /opt/airflow/dags/clean_day_data.py
[2025-09-15T06:20:04.443+0000] {processor.py:830} INFO - Processing file /opt/airflow/dags/clean_day_data.py for tasks to queue
[2025-09-15T06:20:04.445+0000] {logging_mixin.py:188} INFO - [2025-09-15T06:20:04.445+0000] {dagbag.py:540} INFO - Filling up the DagBag from /opt/airflow/dags/clean_day_data.py
[2025-09-15T06:20:04.465+0000] {processor.py:840} INFO - DAG(s) 'clean_day_data' retrieved from /opt/airflow/dags/clean_day_data.py
[2025-09-15T06:20:04.493+0000] {logging_mixin.py:188} INFO - [2025-09-15T06:20:04.493+0000] {dag.py:3096} INFO - Sync 1 DAGs
[2025-09-15T06:20:04.505+0000] {logging_mixin.py:188} INFO - [2025-09-15T06:20:04.505+0000] {dag.py:3954} INFO - Setting next_dagrun for clean_day_data to None, run_after=None
[2025-09-15T06:20:04.525+0000] {processor.py:183} INFO - Processing /opt/airflow/dags/clean_day_data.py took 0.090 seconds
[2025-09-15T06:20:34.837+0000] {processor.py:161} INFO - Started process (PID=1535) to work on /opt/airflow/dags/clean_day_data.py
[2025-09-15T06:20:34.838+0000] {processor.py:830} INFO - Processing file /opt/airflow/dags/clean_day_data.py for tasks to queue
[2025-09-15T06:20:34.841+0000] {logging_mixin.py:188} INFO - [2025-09-15T06:20:34.841+0000] {dagbag.py:540} INFO - Filling up the DagBag from /opt/airflow/dags/clean_day_data.py
[2025-09-15T06:20:34.857+0000] {processor.py:840} INFO - DAG(s) 'clean_day_data' retrieved from /opt/airflow/dags/clean_day_data.py
[2025-09-15T06:20:34.882+0000] {logging_mixin.py:188} INFO - [2025-09-15T06:20:34.882+0000] {dag.py:3096} INFO - Sync 1 DAGs
[2025-09-15T06:20:34.893+0000] {logging_mixin.py:188} INFO - [2025-09-15T06:20:34.893+0000] {dag.py:3954} INFO - Setting next_dagrun for clean_day_data to None, run_after=None
[2025-09-15T06:20:34.912+0000] {processor.py:183} INFO - Processing /opt/airflow/dags/clean_day_data.py took 0.080 seconds
[2025-09-15T06:21:05.260+0000] {processor.py:161} INFO - Started process (PID=1570) to work on /opt/airflow/dags/clean_day_data.py
[2025-09-15T06:21:05.261+0000] {processor.py:830} INFO - Processing file /opt/airflow/dags/clean_day_data.py for tasks to queue
[2025-09-15T06:21:05.263+0000] {logging_mixin.py:188} INFO - [2025-09-15T06:21:05.263+0000] {dagbag.py:540} INFO - Filling up the DagBag from /opt/airflow/dags/clean_day_data.py
[2025-09-15T06:21:05.277+0000] {processor.py:840} INFO - DAG(s) 'clean_day_data' retrieved from /opt/airflow/dags/clean_day_data.py
[2025-09-15T06:21:05.301+0000] {logging_mixin.py:188} INFO - [2025-09-15T06:21:05.300+0000] {dag.py:3096} INFO - Sync 1 DAGs
[2025-09-15T06:21:05.311+0000] {logging_mixin.py:188} INFO - [2025-09-15T06:21:05.311+0000] {dag.py:3954} INFO - Setting next_dagrun for clean_day_data to None, run_after=None
[2025-09-15T06:21:05.330+0000] {processor.py:183} INFO - Processing /opt/airflow/dags/clean_day_data.py took 0.076 seconds
[2025-09-15T06:21:35.647+0000] {processor.py:161} INFO - Started process (PID=1605) to work on /opt/airflow/dags/clean_day_data.py
[2025-09-15T06:21:35.648+0000] {processor.py:830} INFO - Processing file /opt/airflow/dags/clean_day_data.py for tasks to queue
[2025-09-15T06:21:35.650+0000] {logging_mixin.py:188} INFO - [2025-09-15T06:21:35.650+0000] {dagbag.py:540} INFO - Filling up the DagBag from /opt/airflow/dags/clean_day_data.py
[2025-09-15T06:21:35.667+0000] {processor.py:840} INFO - DAG(s) 'clean_day_data' retrieved from /opt/airflow/dags/clean_day_data.py
[2025-09-15T06:21:35.691+0000] {logging_mixin.py:188} INFO - [2025-09-15T06:21:35.690+0000] {dag.py:3096} INFO - Sync 1 DAGs
[2025-09-15T06:21:35.702+0000] {logging_mixin.py:188} INFO - [2025-09-15T06:21:35.702+0000] {dag.py:3954} INFO - Setting next_dagrun for clean_day_data to None, run_after=None
[2025-09-15T06:21:35.722+0000] {processor.py:183} INFO - Processing /opt/airflow/dags/clean_day_data.py took 0.080 seconds
[2025-09-15T06:22:05.979+0000] {processor.py:161} INFO - Started process (PID=1640) to work on /opt/airflow/dags/clean_day_data.py
[2025-09-15T06:22:05.980+0000] {processor.py:830} INFO - Processing file /opt/airflow/dags/clean_day_data.py for tasks to queue
[2025-09-15T06:22:05.982+0000] {logging_mixin.py:188} INFO - [2025-09-15T06:22:05.982+0000] {dagbag.py:540} INFO - Filling up the DagBag from /opt/airflow/dags/clean_day_data.py
[2025-09-15T06:22:06.000+0000] {processor.py:840} INFO - DAG(s) 'clean_day_data' retrieved from /opt/airflow/dags/clean_day_data.py
[2025-09-15T06:22:06.025+0000] {logging_mixin.py:188} INFO - [2025-09-15T06:22:06.024+0000] {dag.py:3096} INFO - Sync 1 DAGs
[2025-09-15T06:22:06.036+0000] {logging_mixin.py:188} INFO - [2025-09-15T06:22:06.036+0000] {dag.py:3954} INFO - Setting next_dagrun for clean_day_data to None, run_after=None
[2025-09-15T06:22:06.055+0000] {processor.py:183} INFO - Processing /opt/airflow/dags/clean_day_data.py took 0.082 seconds
[2025-09-15T06:22:36.362+0000] {processor.py:161} INFO - Started process (PID=1675) to work on /opt/airflow/dags/clean_day_data.py
[2025-09-15T06:22:36.363+0000] {processor.py:830} INFO - Processing file /opt/airflow/dags/clean_day_data.py for tasks to queue
[2025-09-15T06:22:36.366+0000] {logging_mixin.py:188} INFO - [2025-09-15T06:22:36.365+0000] {dagbag.py:540} INFO - Filling up the DagBag from /opt/airflow/dags/clean_day_data.py
[2025-09-15T06:22:36.382+0000] {processor.py:840} INFO - DAG(s) 'clean_day_data' retrieved from /opt/airflow/dags/clean_day_data.py
[2025-09-15T06:22:36.405+0000] {logging_mixin.py:188} INFO - [2025-09-15T06:22:36.405+0000] {dag.py:3096} INFO - Sync 1 DAGs
[2025-09-15T06:22:36.416+0000] {logging_mixin.py:188} INFO - [2025-09-15T06:22:36.416+0000] {dag.py:3954} INFO - Setting next_dagrun for clean_day_data to None, run_after=None
[2025-09-15T06:22:36.436+0000] {processor.py:183} INFO - Processing /opt/airflow/dags/clean_day_data.py took 0.079 seconds
[2025-09-15T06:23:06.802+0000] {processor.py:161} INFO - Started process (PID=1710) to work on /opt/airflow/dags/clean_day_data.py
[2025-09-15T06:23:06.804+0000] {processor.py:830} INFO - Processing file /opt/airflow/dags/clean_day_data.py for tasks to queue
[2025-09-15T06:23:06.806+0000] {logging_mixin.py:188} INFO - [2025-09-15T06:23:06.805+0000] {dagbag.py:540} INFO - Filling up the DagBag from /opt/airflow/dags/clean_day_data.py
[2025-09-15T06:23:06.821+0000] {processor.py:840} INFO - DAG(s) 'clean_day_data' retrieved from /opt/airflow/dags/clean_day_data.py
[2025-09-15T06:23:06.845+0000] {logging_mixin.py:188} INFO - [2025-09-15T06:23:06.844+0000] {dag.py:3096} INFO - Sync 1 DAGs
[2025-09-15T06:23:06.856+0000] {logging_mixin.py:188} INFO - [2025-09-15T06:23:06.855+0000] {dag.py:3954} INFO - Setting next_dagrun for clean_day_data to None, run_after=None
[2025-09-15T06:23:06.876+0000] {processor.py:183} INFO - Processing /opt/airflow/dags/clean_day_data.py took 0.079 seconds
[2025-09-15T06:23:37.140+0000] {processor.py:161} INFO - Started process (PID=1745) to work on /opt/airflow/dags/clean_day_data.py
[2025-09-15T06:23:37.141+0000] {processor.py:830} INFO - Processing file /opt/airflow/dags/clean_day_data.py for tasks to queue
[2025-09-15T06:23:37.143+0000] {logging_mixin.py:188} INFO - [2025-09-15T06:23:37.143+0000] {dagbag.py:540} INFO - Filling up the DagBag from /opt/airflow/dags/clean_day_data.py
[2025-09-15T06:23:37.161+0000] {processor.py:840} INFO - DAG(s) 'clean_day_data' retrieved from /opt/airflow/dags/clean_day_data.py
[2025-09-15T06:23:37.185+0000] {logging_mixin.py:188} INFO - [2025-09-15T06:23:37.185+0000] {dag.py:3096} INFO - Sync 1 DAGs
[2025-09-15T06:23:37.195+0000] {logging_mixin.py:188} INFO - [2025-09-15T06:23:37.195+0000] {dag.py:3954} INFO - Setting next_dagrun for clean_day_data to None, run_after=None
[2025-09-15T06:23:37.217+0000] {processor.py:183} INFO - Processing /opt/airflow/dags/clean_day_data.py took 0.084 seconds
[2025-09-15T06:24:08.215+0000] {processor.py:161} INFO - Started process (PID=1780) to work on /opt/airflow/dags/clean_day_data.py
[2025-09-15T06:24:08.217+0000] {processor.py:830} INFO - Processing file /opt/airflow/dags/clean_day_data.py for tasks to queue
[2025-09-15T06:24:08.219+0000] {logging_mixin.py:188} INFO - [2025-09-15T06:24:08.219+0000] {dagbag.py:540} INFO - Filling up the DagBag from /opt/airflow/dags/clean_day_data.py
[2025-09-15T06:24:08.239+0000] {processor.py:840} INFO - DAG(s) 'clean_day_data' retrieved from /opt/airflow/dags/clean_day_data.py
[2025-09-15T06:24:08.273+0000] {logging_mixin.py:188} INFO - [2025-09-15T06:24:08.273+0000] {dag.py:3096} INFO - Sync 1 DAGs
[2025-09-15T06:24:08.285+0000] {logging_mixin.py:188} INFO - [2025-09-15T06:24:08.284+0000] {dag.py:3954} INFO - Setting next_dagrun for clean_day_data to None, run_after=None
[2025-09-15T06:24:08.307+0000] {processor.py:183} INFO - Processing /opt/airflow/dags/clean_day_data.py took 0.099 seconds
[2025-09-15T06:24:38.479+0000] {processor.py:161} INFO - Started process (PID=1815) to work on /opt/airflow/dags/clean_day_data.py
[2025-09-15T06:24:38.480+0000] {processor.py:830} INFO - Processing file /opt/airflow/dags/clean_day_data.py for tasks to queue
[2025-09-15T06:24:38.482+0000] {logging_mixin.py:188} INFO - [2025-09-15T06:24:38.482+0000] {dagbag.py:540} INFO - Filling up the DagBag from /opt/airflow/dags/clean_day_data.py
[2025-09-15T06:24:38.499+0000] {processor.py:840} INFO - DAG(s) 'clean_day_data' retrieved from /opt/airflow/dags/clean_day_data.py
[2025-09-15T06:24:38.533+0000] {logging_mixin.py:188} INFO - [2025-09-15T06:24:38.532+0000] {dag.py:3096} INFO - Sync 1 DAGs
[2025-09-15T06:24:38.546+0000] {logging_mixin.py:188} INFO - [2025-09-15T06:24:38.546+0000] {dag.py:3954} INFO - Setting next_dagrun for clean_day_data to None, run_after=None
[2025-09-15T06:24:38.566+0000] {processor.py:183} INFO - Processing /opt/airflow/dags/clean_day_data.py took 0.092 seconds
[2025-09-15T06:25:09.049+0000] {processor.py:161} INFO - Started process (PID=1850) to work on /opt/airflow/dags/clean_day_data.py
[2025-09-15T06:25:09.050+0000] {processor.py:830} INFO - Processing file /opt/airflow/dags/clean_day_data.py for tasks to queue
[2025-09-15T06:25:09.052+0000] {logging_mixin.py:188} INFO - [2025-09-15T06:25:09.052+0000] {dagbag.py:540} INFO - Filling up the DagBag from /opt/airflow/dags/clean_day_data.py
[2025-09-15T06:25:09.072+0000] {processor.py:840} INFO - DAG(s) 'clean_day_data' retrieved from /opt/airflow/dags/clean_day_data.py
[2025-09-15T06:25:09.098+0000] {logging_mixin.py:188} INFO - [2025-09-15T06:25:09.098+0000] {dag.py:3096} INFO - Sync 1 DAGs
[2025-09-15T06:25:09.109+0000] {logging_mixin.py:188} INFO - [2025-09-15T06:25:09.109+0000] {dag.py:3954} INFO - Setting next_dagrun for clean_day_data to None, run_after=None
[2025-09-15T06:25:09.128+0000] {processor.py:183} INFO - Processing /opt/airflow/dags/clean_day_data.py took 0.085 seconds
[2025-09-15T06:25:39.605+0000] {processor.py:161} INFO - Started process (PID=1885) to work on /opt/airflow/dags/clean_day_data.py
[2025-09-15T06:25:39.607+0000] {processor.py:830} INFO - Processing file /opt/airflow/dags/clean_day_data.py for tasks to queue
[2025-09-15T06:25:39.608+0000] {logging_mixin.py:188} INFO - [2025-09-15T06:25:39.608+0000] {dagbag.py:540} INFO - Filling up the DagBag from /opt/airflow/dags/clean_day_data.py
[2025-09-15T06:25:39.623+0000] {processor.py:840} INFO - DAG(s) 'clean_day_data' retrieved from /opt/airflow/dags/clean_day_data.py
[2025-09-15T06:25:39.649+0000] {logging_mixin.py:188} INFO - [2025-09-15T06:25:39.648+0000] {dag.py:3096} INFO - Sync 1 DAGs
[2025-09-15T06:25:39.659+0000] {logging_mixin.py:188} INFO - [2025-09-15T06:25:39.659+0000] {dag.py:3954} INFO - Setting next_dagrun for clean_day_data to None, run_after=None
[2025-09-15T06:25:39.678+0000] {processor.py:183} INFO - Processing /opt/airflow/dags/clean_day_data.py took 0.079 seconds
[2025-09-15T06:26:10.382+0000] {processor.py:161} INFO - Started process (PID=1920) to work on /opt/airflow/dags/clean_day_data.py
[2025-09-15T06:26:10.383+0000] {processor.py:830} INFO - Processing file /opt/airflow/dags/clean_day_data.py for tasks to queue
[2025-09-15T06:26:10.385+0000] {logging_mixin.py:188} INFO - [2025-09-15T06:26:10.385+0000] {dagbag.py:540} INFO - Filling up the DagBag from /opt/airflow/dags/clean_day_data.py
[2025-09-15T06:26:10.420+0000] {processor.py:840} INFO - DAG(s) 'clean_day_data' retrieved from /opt/airflow/dags/clean_day_data.py
[2025-09-15T06:26:10.507+0000] {logging_mixin.py:188} INFO - [2025-09-15T06:26:10.506+0000] {dag.py:3096} INFO - Sync 1 DAGs
[2025-09-15T06:26:10.519+0000] {logging_mixin.py:188} INFO - [2025-09-15T06:26:10.519+0000] {dag.py:3954} INFO - Setting next_dagrun for clean_day_data to None, run_after=None
[2025-09-15T06:26:10.607+0000] {processor.py:183} INFO - Processing /opt/airflow/dags/clean_day_data.py took 0.231 seconds
[2025-09-15T06:26:41.057+0000] {processor.py:161} INFO - Started process (PID=1955) to work on /opt/airflow/dags/clean_day_data.py
[2025-09-15T06:26:41.059+0000] {processor.py:830} INFO - Processing file /opt/airflow/dags/clean_day_data.py for tasks to queue
[2025-09-15T06:26:41.060+0000] {logging_mixin.py:188} INFO - [2025-09-15T06:26:41.060+0000] {dagbag.py:540} INFO - Filling up the DagBag from /opt/airflow/dags/clean_day_data.py
[2025-09-15T06:26:41.076+0000] {processor.py:840} INFO - DAG(s) 'clean_day_data' retrieved from /opt/airflow/dags/clean_day_data.py
[2025-09-15T06:26:41.100+0000] {logging_mixin.py:188} INFO - [2025-09-15T06:26:41.100+0000] {dag.py:3096} INFO - Sync 1 DAGs
[2025-09-15T06:26:41.111+0000] {logging_mixin.py:188} INFO - [2025-09-15T06:26:41.111+0000] {dag.py:3954} INFO - Setting next_dagrun for clean_day_data to None, run_after=None
[2025-09-15T06:26:41.132+0000] {processor.py:183} INFO - Processing /opt/airflow/dags/clean_day_data.py took 0.080 seconds
[2025-09-15T06:27:11.370+0000] {processor.py:161} INFO - Started process (PID=1990) to work on /opt/airflow/dags/clean_day_data.py
[2025-09-15T06:27:11.372+0000] {processor.py:830} INFO - Processing file /opt/airflow/dags/clean_day_data.py for tasks to queue
[2025-09-15T06:27:11.373+0000] {logging_mixin.py:188} INFO - [2025-09-15T06:27:11.373+0000] {dagbag.py:540} INFO - Filling up the DagBag from /opt/airflow/dags/clean_day_data.py
[2025-09-15T06:27:11.389+0000] {processor.py:840} INFO - DAG(s) 'clean_day_data' retrieved from /opt/airflow/dags/clean_day_data.py
[2025-09-15T06:27:11.413+0000] {logging_mixin.py:188} INFO - [2025-09-15T06:27:11.413+0000] {dag.py:3096} INFO - Sync 1 DAGs
[2025-09-15T06:27:11.423+0000] {logging_mixin.py:188} INFO - [2025-09-15T06:27:11.423+0000] {dag.py:3954} INFO - Setting next_dagrun for clean_day_data to None, run_after=None
[2025-09-15T06:27:11.443+0000] {processor.py:183} INFO - Processing /opt/airflow/dags/clean_day_data.py took 0.078 seconds
[2025-09-15T06:27:41.986+0000] {processor.py:161} INFO - Started process (PID=2025) to work on /opt/airflow/dags/clean_day_data.py
[2025-09-15T06:27:41.987+0000] {processor.py:830} INFO - Processing file /opt/airflow/dags/clean_day_data.py for tasks to queue
[2025-09-15T06:27:41.989+0000] {logging_mixin.py:188} INFO - [2025-09-15T06:27:41.989+0000] {dagbag.py:540} INFO - Filling up the DagBag from /opt/airflow/dags/clean_day_data.py
[2025-09-15T06:27:42.011+0000] {processor.py:840} INFO - DAG(s) 'clean_day_data' retrieved from /opt/airflow/dags/clean_day_data.py
[2025-09-15T06:27:42.055+0000] {logging_mixin.py:188} INFO - [2025-09-15T06:27:42.055+0000] {dag.py:3096} INFO - Sync 1 DAGs
[2025-09-15T06:27:42.068+0000] {logging_mixin.py:188} INFO - [2025-09-15T06:27:42.068+0000] {dag.py:3954} INFO - Setting next_dagrun for clean_day_data to None, run_after=None
[2025-09-15T06:27:42.092+0000] {processor.py:183} INFO - Processing /opt/airflow/dags/clean_day_data.py took 0.117 seconds
[2025-09-15T06:28:12.736+0000] {processor.py:161} INFO - Started process (PID=2060) to work on /opt/airflow/dags/clean_day_data.py
[2025-09-15T06:28:12.737+0000] {processor.py:830} INFO - Processing file /opt/airflow/dags/clean_day_data.py for tasks to queue
[2025-09-15T06:28:12.739+0000] {logging_mixin.py:188} INFO - [2025-09-15T06:28:12.739+0000] {dagbag.py:540} INFO - Filling up the DagBag from /opt/airflow/dags/clean_day_data.py
[2025-09-15T06:28:12.755+0000] {processor.py:840} INFO - DAG(s) 'clean_day_data' retrieved from /opt/airflow/dags/clean_day_data.py
[2025-09-15T06:28:12.778+0000] {logging_mixin.py:188} INFO - [2025-09-15T06:28:12.778+0000] {dag.py:3096} INFO - Sync 1 DAGs
[2025-09-15T06:28:12.789+0000] {logging_mixin.py:188} INFO - [2025-09-15T06:28:12.789+0000] {dag.py:3954} INFO - Setting next_dagrun for clean_day_data to None, run_after=None
[2025-09-15T06:28:12.809+0000] {processor.py:183} INFO - Processing /opt/airflow/dags/clean_day_data.py took 0.078 seconds
[2025-09-15T06:28:43.302+0000] {processor.py:161} INFO - Started process (PID=2095) to work on /opt/airflow/dags/clean_day_data.py
[2025-09-15T06:28:43.303+0000] {processor.py:830} INFO - Processing file /opt/airflow/dags/clean_day_data.py for tasks to queue
[2025-09-15T06:28:43.306+0000] {logging_mixin.py:188} INFO - [2025-09-15T06:28:43.305+0000] {dagbag.py:540} INFO - Filling up the DagBag from /opt/airflow/dags/clean_day_data.py
[2025-09-15T06:28:43.323+0000] {processor.py:840} INFO - DAG(s) 'clean_day_data' retrieved from /opt/airflow/dags/clean_day_data.py
[2025-09-15T06:28:43.346+0000] {logging_mixin.py:188} INFO - [2025-09-15T06:28:43.346+0000] {dag.py:3096} INFO - Sync 1 DAGs
[2025-09-15T06:28:43.357+0000] {logging_mixin.py:188} INFO - [2025-09-15T06:28:43.356+0000] {dag.py:3954} INFO - Setting next_dagrun for clean_day_data to None, run_after=None
[2025-09-15T06:28:43.375+0000] {processor.py:183} INFO - Processing /opt/airflow/dags/clean_day_data.py took 0.078 seconds
[2025-09-15T06:29:13.985+0000] {processor.py:161} INFO - Started process (PID=2130) to work on /opt/airflow/dags/clean_day_data.py
[2025-09-15T06:29:13.986+0000] {processor.py:830} INFO - Processing file /opt/airflow/dags/clean_day_data.py for tasks to queue
[2025-09-15T06:29:13.988+0000] {logging_mixin.py:188} INFO - [2025-09-15T06:29:13.988+0000] {dagbag.py:540} INFO - Filling up the DagBag from /opt/airflow/dags/clean_day_data.py
[2025-09-15T06:29:14.004+0000] {processor.py:840} INFO - DAG(s) 'clean_day_data' retrieved from /opt/airflow/dags/clean_day_data.py
[2025-09-15T06:29:14.029+0000] {logging_mixin.py:188} INFO - [2025-09-15T06:29:14.028+0000] {dag.py:3096} INFO - Sync 1 DAGs
[2025-09-15T06:29:14.039+0000] {logging_mixin.py:188} INFO - [2025-09-15T06:29:14.039+0000] {dag.py:3954} INFO - Setting next_dagrun for clean_day_data to None, run_after=None
[2025-09-15T06:29:14.058+0000] {processor.py:183} INFO - Processing /opt/airflow/dags/clean_day_data.py took 0.080 seconds
[2025-09-15T06:29:44.609+0000] {processor.py:161} INFO - Started process (PID=2165) to work on /opt/airflow/dags/clean_day_data.py
[2025-09-15T06:29:44.610+0000] {processor.py:830} INFO - Processing file /opt/airflow/dags/clean_day_data.py for tasks to queue
[2025-09-15T06:29:44.612+0000] {logging_mixin.py:188} INFO - [2025-09-15T06:29:44.612+0000] {dagbag.py:540} INFO - Filling up the DagBag from /opt/airflow/dags/clean_day_data.py
[2025-09-15T06:29:44.627+0000] {processor.py:840} INFO - DAG(s) 'clean_day_data' retrieved from /opt/airflow/dags/clean_day_data.py
[2025-09-15T06:29:44.864+0000] {logging_mixin.py:188} INFO - [2025-09-15T06:29:44.864+0000] {dag.py:3096} INFO - Sync 1 DAGs
[2025-09-15T06:29:44.884+0000] {logging_mixin.py:188} INFO - [2025-09-15T06:29:44.884+0000] {dag.py:3954} INFO - Setting next_dagrun for clean_day_data to None, run_after=None
[2025-09-15T06:29:44.910+0000] {processor.py:183} INFO - Processing /opt/airflow/dags/clean_day_data.py took 0.307 seconds
[2025-09-15T06:34:19.336+0000] {processor.py:161} INFO - Started process (PID=2202) to work on /opt/airflow/dags/clean_day_data.py
[2025-09-15T06:34:19.339+0000] {processor.py:830} INFO - Processing file /opt/airflow/dags/clean_day_data.py for tasks to queue
[2025-09-15T06:34:19.356+0000] {logging_mixin.py:188} INFO - [2025-09-15T06:34:19.355+0000] {dagbag.py:540} INFO - Filling up the DagBag from /opt/airflow/dags/clean_day_data.py
[2025-09-15T06:34:19.430+0000] {processor.py:840} INFO - DAG(s) 'clean_day_data' retrieved from /opt/airflow/dags/clean_day_data.py
[2025-09-15T06:34:19.656+0000] {logging_mixin.py:188} INFO - [2025-09-15T06:34:19.653+0000] {dag.py:3096} INFO - Sync 1 DAGs
[2025-09-15T06:34:19.799+0000] {logging_mixin.py:188} INFO - [2025-09-15T06:34:19.798+0000] {dag.py:3954} INFO - Setting next_dagrun for clean_day_data to None, run_after=None
[2025-09-15T06:34:19.928+0000] {processor.py:183} INFO - Processing /opt/airflow/dags/clean_day_data.py took 0.630 seconds
[2025-09-15T06:34:50.383+0000] {processor.py:161} INFO - Started process (PID=2235) to work on /opt/airflow/dags/clean_day_data.py
[2025-09-15T06:34:50.384+0000] {processor.py:830} INFO - Processing file /opt/airflow/dags/clean_day_data.py for tasks to queue
[2025-09-15T06:34:50.386+0000] {logging_mixin.py:188} INFO - [2025-09-15T06:34:50.386+0000] {dagbag.py:540} INFO - Filling up the DagBag from /opt/airflow/dags/clean_day_data.py
[2025-09-15T06:34:50.402+0000] {processor.py:840} INFO - DAG(s) 'clean_day_data' retrieved from /opt/airflow/dags/clean_day_data.py
[2025-09-15T06:34:50.429+0000] {logging_mixin.py:188} INFO - [2025-09-15T06:34:50.428+0000] {dag.py:3096} INFO - Sync 1 DAGs
[2025-09-15T06:34:50.440+0000] {logging_mixin.py:188} INFO - [2025-09-15T06:34:50.440+0000] {dag.py:3954} INFO - Setting next_dagrun for clean_day_data to None, run_after=None
[2025-09-15T06:34:50.459+0000] {processor.py:183} INFO - Processing /opt/airflow/dags/clean_day_data.py took 0.081 seconds
[2025-09-15T06:35:20.654+0000] {processor.py:161} INFO - Started process (PID=2270) to work on /opt/airflow/dags/clean_day_data.py
[2025-09-15T06:35:20.655+0000] {processor.py:830} INFO - Processing file /opt/airflow/dags/clean_day_data.py for tasks to queue
[2025-09-15T06:35:20.657+0000] {logging_mixin.py:188} INFO - [2025-09-15T06:35:20.656+0000] {dagbag.py:540} INFO - Filling up the DagBag from /opt/airflow/dags/clean_day_data.py
[2025-09-15T06:35:20.672+0000] {processor.py:840} INFO - DAG(s) 'clean_day_data' retrieved from /opt/airflow/dags/clean_day_data.py
[2025-09-15T06:35:20.701+0000] {logging_mixin.py:188} INFO - [2025-09-15T06:35:20.700+0000] {dag.py:3096} INFO - Sync 1 DAGs
[2025-09-15T06:35:20.712+0000] {logging_mixin.py:188} INFO - [2025-09-15T06:35:20.712+0000] {dag.py:3954} INFO - Setting next_dagrun for clean_day_data to None, run_after=None
[2025-09-15T06:35:20.731+0000] {processor.py:183} INFO - Processing /opt/airflow/dags/clean_day_data.py took 0.082 seconds
[2025-09-15T06:35:50.973+0000] {processor.py:161} INFO - Started process (PID=2305) to work on /opt/airflow/dags/clean_day_data.py
[2025-09-15T06:35:50.974+0000] {processor.py:830} INFO - Processing file /opt/airflow/dags/clean_day_data.py for tasks to queue
[2025-09-15T06:35:50.976+0000] {logging_mixin.py:188} INFO - [2025-09-15T06:35:50.976+0000] {dagbag.py:540} INFO - Filling up the DagBag from /opt/airflow/dags/clean_day_data.py
[2025-09-15T06:35:50.997+0000] {processor.py:840} INFO - DAG(s) 'clean_day_data' retrieved from /opt/airflow/dags/clean_day_data.py
[2025-09-15T06:35:51.031+0000] {logging_mixin.py:188} INFO - [2025-09-15T06:35:51.031+0000] {dag.py:3096} INFO - Sync 1 DAGs
[2025-09-15T06:35:51.044+0000] {logging_mixin.py:188} INFO - [2025-09-15T06:35:51.044+0000] {dag.py:3954} INFO - Setting next_dagrun for clean_day_data to None, run_after=None
[2025-09-15T06:35:51.064+0000] {processor.py:183} INFO - Processing /opt/airflow/dags/clean_day_data.py took 0.097 seconds
[2025-09-15T06:36:21.182+0000] {processor.py:161} INFO - Started process (PID=2340) to work on /opt/airflow/dags/clean_day_data.py
[2025-09-15T06:36:21.183+0000] {processor.py:830} INFO - Processing file /opt/airflow/dags/clean_day_data.py for tasks to queue
[2025-09-15T06:36:21.185+0000] {logging_mixin.py:188} INFO - [2025-09-15T06:36:21.185+0000] {dagbag.py:540} INFO - Filling up the DagBag from /opt/airflow/dags/clean_day_data.py
[2025-09-15T06:36:21.201+0000] {processor.py:840} INFO - DAG(s) 'clean_day_data' retrieved from /opt/airflow/dags/clean_day_data.py
[2025-09-15T06:36:21.226+0000] {logging_mixin.py:188} INFO - [2025-09-15T06:36:21.226+0000] {dag.py:3096} INFO - Sync 1 DAGs
[2025-09-15T06:36:21.238+0000] {logging_mixin.py:188} INFO - [2025-09-15T06:36:21.238+0000] {dag.py:3954} INFO - Setting next_dagrun for clean_day_data to None, run_after=None
[2025-09-15T06:36:21.255+0000] {processor.py:183} INFO - Processing /opt/airflow/dags/clean_day_data.py took 0.080 seconds
[2025-09-15T06:36:51.565+0000] {processor.py:161} INFO - Started process (PID=2375) to work on /opt/airflow/dags/clean_day_data.py
[2025-09-15T06:36:51.566+0000] {processor.py:830} INFO - Processing file /opt/airflow/dags/clean_day_data.py for tasks to queue
[2025-09-15T06:36:51.568+0000] {logging_mixin.py:188} INFO - [2025-09-15T06:36:51.567+0000] {dagbag.py:540} INFO - Filling up the DagBag from /opt/airflow/dags/clean_day_data.py
[2025-09-15T06:36:51.582+0000] {processor.py:840} INFO - DAG(s) 'clean_day_data' retrieved from /opt/airflow/dags/clean_day_data.py
[2025-09-15T06:36:51.605+0000] {logging_mixin.py:188} INFO - [2025-09-15T06:36:51.605+0000] {dag.py:3096} INFO - Sync 1 DAGs
[2025-09-15T06:36:51.616+0000] {logging_mixin.py:188} INFO - [2025-09-15T06:36:51.616+0000] {dag.py:3954} INFO - Setting next_dagrun for clean_day_data to None, run_after=None
[2025-09-15T06:36:51.633+0000] {processor.py:183} INFO - Processing /opt/airflow/dags/clean_day_data.py took 0.073 seconds
[2025-09-15T06:37:22.005+0000] {processor.py:161} INFO - Started process (PID=2410) to work on /opt/airflow/dags/clean_day_data.py
[2025-09-15T06:37:22.006+0000] {processor.py:830} INFO - Processing file /opt/airflow/dags/clean_day_data.py for tasks to queue
[2025-09-15T06:37:22.008+0000] {logging_mixin.py:188} INFO - [2025-09-15T06:37:22.008+0000] {dagbag.py:540} INFO - Filling up the DagBag from /opt/airflow/dags/clean_day_data.py
[2025-09-15T06:37:22.023+0000] {processor.py:840} INFO - DAG(s) 'clean_day_data' retrieved from /opt/airflow/dags/clean_day_data.py
[2025-09-15T06:37:22.055+0000] {logging_mixin.py:188} INFO - [2025-09-15T06:37:22.055+0000] {dag.py:3096} INFO - Sync 1 DAGs
[2025-09-15T06:37:22.068+0000] {logging_mixin.py:188} INFO - [2025-09-15T06:37:22.068+0000] {dag.py:3954} INFO - Setting next_dagrun for clean_day_data to None, run_after=None
[2025-09-15T06:37:22.088+0000] {processor.py:183} INFO - Processing /opt/airflow/dags/clean_day_data.py took 0.088 seconds
[2025-09-15T06:37:52.401+0000] {processor.py:161} INFO - Started process (PID=2445) to work on /opt/airflow/dags/clean_day_data.py
[2025-09-15T06:37:52.403+0000] {processor.py:830} INFO - Processing file /opt/airflow/dags/clean_day_data.py for tasks to queue
[2025-09-15T06:37:52.405+0000] {logging_mixin.py:188} INFO - [2025-09-15T06:37:52.404+0000] {dagbag.py:540} INFO - Filling up the DagBag from /opt/airflow/dags/clean_day_data.py
[2025-09-15T06:37:52.420+0000] {processor.py:840} INFO - DAG(s) 'clean_day_data' retrieved from /opt/airflow/dags/clean_day_data.py
[2025-09-15T06:37:52.448+0000] {logging_mixin.py:188} INFO - [2025-09-15T06:37:52.447+0000] {dag.py:3096} INFO - Sync 1 DAGs
[2025-09-15T06:37:52.461+0000] {logging_mixin.py:188} INFO - [2025-09-15T06:37:52.461+0000] {dag.py:3954} INFO - Setting next_dagrun for clean_day_data to None, run_after=None
[2025-09-15T06:37:52.480+0000] {processor.py:183} INFO - Processing /opt/airflow/dags/clean_day_data.py took 0.084 seconds
[2025-09-15T06:38:22.898+0000] {processor.py:161} INFO - Started process (PID=2480) to work on /opt/airflow/dags/clean_day_data.py
[2025-09-15T06:38:22.900+0000] {processor.py:830} INFO - Processing file /opt/airflow/dags/clean_day_data.py for tasks to queue
[2025-09-15T06:38:22.903+0000] {logging_mixin.py:188} INFO - [2025-09-15T06:38:22.903+0000] {dagbag.py:540} INFO - Filling up the DagBag from /opt/airflow/dags/clean_day_data.py
[2025-09-15T06:38:22.929+0000] {processor.py:840} INFO - DAG(s) 'clean_day_data' retrieved from /opt/airflow/dags/clean_day_data.py
[2025-09-15T06:38:22.972+0000] {logging_mixin.py:188} INFO - [2025-09-15T06:38:22.971+0000] {dag.py:3096} INFO - Sync 1 DAGs
[2025-09-15T06:38:22.992+0000] {logging_mixin.py:188} INFO - [2025-09-15T06:38:22.992+0000] {dag.py:3954} INFO - Setting next_dagrun for clean_day_data to None, run_after=None
[2025-09-15T06:38:23.023+0000] {processor.py:183} INFO - Processing /opt/airflow/dags/clean_day_data.py took 0.133 seconds
[2025-09-15T06:38:53.213+0000] {processor.py:161} INFO - Started process (PID=2515) to work on /opt/airflow/dags/clean_day_data.py
[2025-09-15T06:38:53.214+0000] {processor.py:830} INFO - Processing file /opt/airflow/dags/clean_day_data.py for tasks to queue
[2025-09-15T06:38:53.216+0000] {logging_mixin.py:188} INFO - [2025-09-15T06:38:53.216+0000] {dagbag.py:540} INFO - Filling up the DagBag from /opt/airflow/dags/clean_day_data.py
[2025-09-15T06:38:53.231+0000] {processor.py:840} INFO - DAG(s) 'clean_day_data' retrieved from /opt/airflow/dags/clean_day_data.py
[2025-09-15T06:38:53.256+0000] {logging_mixin.py:188} INFO - [2025-09-15T06:38:53.255+0000] {dag.py:3096} INFO - Sync 1 DAGs
[2025-09-15T06:38:53.266+0000] {logging_mixin.py:188} INFO - [2025-09-15T06:38:53.265+0000] {dag.py:3954} INFO - Setting next_dagrun for clean_day_data to None, run_after=None
[2025-09-15T06:38:53.282+0000] {processor.py:183} INFO - Processing /opt/airflow/dags/clean_day_data.py took 0.074 seconds
[2025-09-15T06:39:23.748+0000] {processor.py:161} INFO - Started process (PID=2550) to work on /opt/airflow/dags/clean_day_data.py
[2025-09-15T06:39:23.749+0000] {processor.py:830} INFO - Processing file /opt/airflow/dags/clean_day_data.py for tasks to queue
[2025-09-15T06:39:23.751+0000] {logging_mixin.py:188} INFO - [2025-09-15T06:39:23.751+0000] {dagbag.py:540} INFO - Filling up the DagBag from /opt/airflow/dags/clean_day_data.py
[2025-09-15T06:39:23.765+0000] {processor.py:840} INFO - DAG(s) 'clean_day_data' retrieved from /opt/airflow/dags/clean_day_data.py
[2025-09-15T06:39:23.789+0000] {logging_mixin.py:188} INFO - [2025-09-15T06:39:23.789+0000] {dag.py:3096} INFO - Sync 1 DAGs
[2025-09-15T06:39:23.799+0000] {logging_mixin.py:188} INFO - [2025-09-15T06:39:23.799+0000] {dag.py:3954} INFO - Setting next_dagrun for clean_day_data to None, run_after=None
[2025-09-15T06:39:23.816+0000] {processor.py:183} INFO - Processing /opt/airflow/dags/clean_day_data.py took 0.072 seconds
[2025-09-15T06:39:54.274+0000] {processor.py:161} INFO - Started process (PID=2585) to work on /opt/airflow/dags/clean_day_data.py
[2025-09-15T06:39:54.275+0000] {processor.py:830} INFO - Processing file /opt/airflow/dags/clean_day_data.py for tasks to queue
[2025-09-15T06:39:54.277+0000] {logging_mixin.py:188} INFO - [2025-09-15T06:39:54.276+0000] {dagbag.py:540} INFO - Filling up the DagBag from /opt/airflow/dags/clean_day_data.py
[2025-09-15T06:39:54.292+0000] {processor.py:840} INFO - DAG(s) 'clean_day_data' retrieved from /opt/airflow/dags/clean_day_data.py
[2025-09-15T06:39:54.317+0000] {logging_mixin.py:188} INFO - [2025-09-15T06:39:54.317+0000] {dag.py:3096} INFO - Sync 1 DAGs
[2025-09-15T06:39:54.329+0000] {logging_mixin.py:188} INFO - [2025-09-15T06:39:54.329+0000] {dag.py:3954} INFO - Setting next_dagrun for clean_day_data to None, run_after=None
[2025-09-15T06:39:54.348+0000] {processor.py:183} INFO - Processing /opt/airflow/dags/clean_day_data.py took 0.079 seconds
[2025-09-15T06:40:24.629+0000] {processor.py:161} INFO - Started process (PID=2620) to work on /opt/airflow/dags/clean_day_data.py
[2025-09-15T06:40:24.630+0000] {processor.py:830} INFO - Processing file /opt/airflow/dags/clean_day_data.py for tasks to queue
[2025-09-15T06:40:24.631+0000] {logging_mixin.py:188} INFO - [2025-09-15T06:40:24.631+0000] {dagbag.py:540} INFO - Filling up the DagBag from /opt/airflow/dags/clean_day_data.py
[2025-09-15T06:40:24.647+0000] {processor.py:840} INFO - DAG(s) 'clean_day_data' retrieved from /opt/airflow/dags/clean_day_data.py
[2025-09-15T06:40:24.671+0000] {logging_mixin.py:188} INFO - [2025-09-15T06:40:24.670+0000] {dag.py:3096} INFO - Sync 1 DAGs
[2025-09-15T06:40:24.683+0000] {logging_mixin.py:188} INFO - [2025-09-15T06:40:24.682+0000] {dag.py:3954} INFO - Setting next_dagrun for clean_day_data to None, run_after=None
[2025-09-15T06:40:24.700+0000] {processor.py:183} INFO - Processing /opt/airflow/dags/clean_day_data.py took 0.076 seconds
[2025-09-15T06:40:55.146+0000] {processor.py:161} INFO - Started process (PID=2655) to work on /opt/airflow/dags/clean_day_data.py
[2025-09-15T06:40:55.147+0000] {processor.py:830} INFO - Processing file /opt/airflow/dags/clean_day_data.py for tasks to queue
[2025-09-15T06:40:55.149+0000] {logging_mixin.py:188} INFO - [2025-09-15T06:40:55.148+0000] {dagbag.py:540} INFO - Filling up the DagBag from /opt/airflow/dags/clean_day_data.py
[2025-09-15T06:40:55.164+0000] {processor.py:840} INFO - DAG(s) 'clean_day_data' retrieved from /opt/airflow/dags/clean_day_data.py
[2025-09-15T06:40:55.191+0000] {logging_mixin.py:188} INFO - [2025-09-15T06:40:55.191+0000] {dag.py:3096} INFO - Sync 1 DAGs
[2025-09-15T06:40:55.202+0000] {logging_mixin.py:188} INFO - [2025-09-15T06:40:55.202+0000] {dag.py:3954} INFO - Setting next_dagrun for clean_day_data to None, run_after=None
[2025-09-15T06:40:55.223+0000] {processor.py:183} INFO - Processing /opt/airflow/dags/clean_day_data.py took 0.082 seconds
[2025-09-15T06:41:25.662+0000] {processor.py:161} INFO - Started process (PID=2690) to work on /opt/airflow/dags/clean_day_data.py
[2025-09-15T06:41:25.663+0000] {processor.py:830} INFO - Processing file /opt/airflow/dags/clean_day_data.py for tasks to queue
[2025-09-15T06:41:25.666+0000] {logging_mixin.py:188} INFO - [2025-09-15T06:41:25.665+0000] {dagbag.py:540} INFO - Filling up the DagBag from /opt/airflow/dags/clean_day_data.py
[2025-09-15T06:41:25.682+0000] {processor.py:840} INFO - DAG(s) 'clean_day_data' retrieved from /opt/airflow/dags/clean_day_data.py
[2025-09-15T06:41:25.710+0000] {logging_mixin.py:188} INFO - [2025-09-15T06:41:25.709+0000] {dag.py:3096} INFO - Sync 1 DAGs
[2025-09-15T06:41:25.723+0000] {logging_mixin.py:188} INFO - [2025-09-15T06:41:25.723+0000] {dag.py:3954} INFO - Setting next_dagrun for clean_day_data to None, run_after=None
[2025-09-15T06:41:25.747+0000] {processor.py:183} INFO - Processing /opt/airflow/dags/clean_day_data.py took 0.093 seconds
[2025-09-15T06:41:56.181+0000] {processor.py:161} INFO - Started process (PID=2725) to work on /opt/airflow/dags/clean_day_data.py
[2025-09-15T06:41:56.182+0000] {processor.py:830} INFO - Processing file /opt/airflow/dags/clean_day_data.py for tasks to queue
[2025-09-15T06:41:56.185+0000] {logging_mixin.py:188} INFO - [2025-09-15T06:41:56.184+0000] {dagbag.py:540} INFO - Filling up the DagBag from /opt/airflow/dags/clean_day_data.py
[2025-09-15T06:41:56.199+0000] {processor.py:840} INFO - DAG(s) 'clean_day_data' retrieved from /opt/airflow/dags/clean_day_data.py
[2025-09-15T06:41:56.223+0000] {logging_mixin.py:188} INFO - [2025-09-15T06:41:56.222+0000] {dag.py:3096} INFO - Sync 1 DAGs
[2025-09-15T06:41:56.235+0000] {logging_mixin.py:188} INFO - [2025-09-15T06:41:56.234+0000] {dag.py:3954} INFO - Setting next_dagrun for clean_day_data to None, run_after=None
[2025-09-15T06:41:56.251+0000] {processor.py:183} INFO - Processing /opt/airflow/dags/clean_day_data.py took 0.075 seconds
[2025-09-15T06:42:26.856+0000] {processor.py:161} INFO - Started process (PID=2760) to work on /opt/airflow/dags/clean_day_data.py
[2025-09-15T06:42:26.857+0000] {processor.py:830} INFO - Processing file /opt/airflow/dags/clean_day_data.py for tasks to queue
[2025-09-15T06:42:26.859+0000] {logging_mixin.py:188} INFO - [2025-09-15T06:42:26.859+0000] {dagbag.py:540} INFO - Filling up the DagBag from /opt/airflow/dags/clean_day_data.py
[2025-09-15T06:42:26.873+0000] {processor.py:840} INFO - DAG(s) 'clean_day_data' retrieved from /opt/airflow/dags/clean_day_data.py
[2025-09-15T06:42:26.899+0000] {logging_mixin.py:188} INFO - [2025-09-15T06:42:26.898+0000] {dag.py:3096} INFO - Sync 1 DAGs
[2025-09-15T06:42:26.911+0000] {logging_mixin.py:188} INFO - [2025-09-15T06:42:26.911+0000] {dag.py:3954} INFO - Setting next_dagrun for clean_day_data to None, run_after=None
[2025-09-15T06:42:26.930+0000] {processor.py:183} INFO - Processing /opt/airflow/dags/clean_day_data.py took 0.079 seconds
[2025-09-15T06:42:57.333+0000] {processor.py:161} INFO - Started process (PID=2795) to work on /opt/airflow/dags/clean_day_data.py
[2025-09-15T06:42:57.334+0000] {processor.py:830} INFO - Processing file /opt/airflow/dags/clean_day_data.py for tasks to queue
[2025-09-15T06:42:57.336+0000] {logging_mixin.py:188} INFO - [2025-09-15T06:42:57.336+0000] {dagbag.py:540} INFO - Filling up the DagBag from /opt/airflow/dags/clean_day_data.py
[2025-09-15T06:42:57.352+0000] {processor.py:840} INFO - DAG(s) 'clean_day_data' retrieved from /opt/airflow/dags/clean_day_data.py
[2025-09-15T06:42:57.378+0000] {logging_mixin.py:188} INFO - [2025-09-15T06:42:57.377+0000] {dag.py:3096} INFO - Sync 1 DAGs
[2025-09-15T06:42:57.388+0000] {logging_mixin.py:188} INFO - [2025-09-15T06:42:57.388+0000] {dag.py:3954} INFO - Setting next_dagrun for clean_day_data to None, run_after=None
[2025-09-15T06:42:57.408+0000] {processor.py:183} INFO - Processing /opt/airflow/dags/clean_day_data.py took 0.079 seconds
[2025-09-15T06:43:27.838+0000] {processor.py:161} INFO - Started process (PID=2830) to work on /opt/airflow/dags/clean_day_data.py
[2025-09-15T06:43:27.839+0000] {processor.py:830} INFO - Processing file /opt/airflow/dags/clean_day_data.py for tasks to queue
[2025-09-15T06:43:27.841+0000] {logging_mixin.py:188} INFO - [2025-09-15T06:43:27.841+0000] {dagbag.py:540} INFO - Filling up the DagBag from /opt/airflow/dags/clean_day_data.py
[2025-09-15T06:43:27.856+0000] {processor.py:840} INFO - DAG(s) 'clean_day_data' retrieved from /opt/airflow/dags/clean_day_data.py
[2025-09-15T06:43:27.881+0000] {logging_mixin.py:188} INFO - [2025-09-15T06:43:27.880+0000] {dag.py:3096} INFO - Sync 1 DAGs
[2025-09-15T06:43:27.892+0000] {logging_mixin.py:188} INFO - [2025-09-15T06:43:27.892+0000] {dag.py:3954} INFO - Setting next_dagrun for clean_day_data to None, run_after=None
[2025-09-15T06:43:27.909+0000] {processor.py:183} INFO - Processing /opt/airflow/dags/clean_day_data.py took 0.076 seconds
[2025-09-15T06:43:58.281+0000] {processor.py:161} INFO - Started process (PID=2865) to work on /opt/airflow/dags/clean_day_data.py
[2025-09-15T06:43:58.282+0000] {processor.py:830} INFO - Processing file /opt/airflow/dags/clean_day_data.py for tasks to queue
[2025-09-15T06:43:58.283+0000] {logging_mixin.py:188} INFO - [2025-09-15T06:43:58.283+0000] {dagbag.py:540} INFO - Filling up the DagBag from /opt/airflow/dags/clean_day_data.py
[2025-09-15T06:43:58.304+0000] {processor.py:840} INFO - DAG(s) 'clean_day_data' retrieved from /opt/airflow/dags/clean_day_data.py
[2025-09-15T06:43:58.334+0000] {logging_mixin.py:188} INFO - [2025-09-15T06:43:58.333+0000] {dag.py:3096} INFO - Sync 1 DAGs
[2025-09-15T06:43:58.344+0000] {logging_mixin.py:188} INFO - [2025-09-15T06:43:58.344+0000] {dag.py:3954} INFO - Setting next_dagrun for clean_day_data to None, run_after=None
[2025-09-15T06:43:58.361+0000] {processor.py:183} INFO - Processing /opt/airflow/dags/clean_day_data.py took 0.086 seconds
[2025-09-15T06:44:28.897+0000] {processor.py:161} INFO - Started process (PID=2900) to work on /opt/airflow/dags/clean_day_data.py
[2025-09-15T06:44:28.898+0000] {processor.py:830} INFO - Processing file /opt/airflow/dags/clean_day_data.py for tasks to queue
[2025-09-15T06:44:28.900+0000] {logging_mixin.py:188} INFO - [2025-09-15T06:44:28.899+0000] {dagbag.py:540} INFO - Filling up the DagBag from /opt/airflow/dags/clean_day_data.py
[2025-09-15T06:44:28.914+0000] {processor.py:840} INFO - DAG(s) 'clean_day_data' retrieved from /opt/airflow/dags/clean_day_data.py
[2025-09-15T06:44:28.940+0000] {logging_mixin.py:188} INFO - [2025-09-15T06:44:28.939+0000] {dag.py:3096} INFO - Sync 1 DAGs
[2025-09-15T06:44:28.951+0000] {logging_mixin.py:188} INFO - [2025-09-15T06:44:28.951+0000] {dag.py:3954} INFO - Setting next_dagrun for clean_day_data to None, run_after=None
[2025-09-15T06:44:28.970+0000] {processor.py:183} INFO - Processing /opt/airflow/dags/clean_day_data.py took 0.078 seconds
[2025-09-15T06:44:59.504+0000] {processor.py:161} INFO - Started process (PID=2935) to work on /opt/airflow/dags/clean_day_data.py
[2025-09-15T06:44:59.505+0000] {processor.py:830} INFO - Processing file /opt/airflow/dags/clean_day_data.py for tasks to queue
[2025-09-15T06:44:59.507+0000] {logging_mixin.py:188} INFO - [2025-09-15T06:44:59.507+0000] {dagbag.py:540} INFO - Filling up the DagBag from /opt/airflow/dags/clean_day_data.py
[2025-09-15T06:44:59.524+0000] {processor.py:840} INFO - DAG(s) 'clean_day_data' retrieved from /opt/airflow/dags/clean_day_data.py
[2025-09-15T06:44:59.550+0000] {logging_mixin.py:188} INFO - [2025-09-15T06:44:59.550+0000] {dag.py:3096} INFO - Sync 1 DAGs
[2025-09-15T06:44:59.562+0000] {logging_mixin.py:188} INFO - [2025-09-15T06:44:59.562+0000] {dag.py:3954} INFO - Setting next_dagrun for clean_day_data to None, run_after=None
[2025-09-15T06:44:59.583+0000] {processor.py:183} INFO - Processing /opt/airflow/dags/clean_day_data.py took 0.084 seconds
[2025-09-15T06:45:30.026+0000] {processor.py:161} INFO - Started process (PID=2970) to work on /opt/airflow/dags/clean_day_data.py
[2025-09-15T06:45:30.027+0000] {processor.py:830} INFO - Processing file /opt/airflow/dags/clean_day_data.py for tasks to queue
[2025-09-15T06:45:30.029+0000] {logging_mixin.py:188} INFO - [2025-09-15T06:45:30.029+0000] {dagbag.py:540} INFO - Filling up the DagBag from /opt/airflow/dags/clean_day_data.py
[2025-09-15T06:45:30.049+0000] {processor.py:840} INFO - DAG(s) 'clean_day_data' retrieved from /opt/airflow/dags/clean_day_data.py
[2025-09-15T06:45:30.075+0000] {logging_mixin.py:188} INFO - [2025-09-15T06:45:30.074+0000] {dag.py:3096} INFO - Sync 1 DAGs
[2025-09-15T06:45:30.087+0000] {logging_mixin.py:188} INFO - [2025-09-15T06:45:30.087+0000] {dag.py:3954} INFO - Setting next_dagrun for clean_day_data to None, run_after=None
[2025-09-15T06:45:30.106+0000] {processor.py:183} INFO - Processing /opt/airflow/dags/clean_day_data.py took 0.085 seconds
[2025-09-15T06:46:00.623+0000] {processor.py:161} INFO - Started process (PID=3005) to work on /opt/airflow/dags/clean_day_data.py
[2025-09-15T06:46:00.624+0000] {processor.py:830} INFO - Processing file /opt/airflow/dags/clean_day_data.py for tasks to queue
[2025-09-15T06:46:00.626+0000] {logging_mixin.py:188} INFO - [2025-09-15T06:46:00.626+0000] {dagbag.py:540} INFO - Filling up the DagBag from /opt/airflow/dags/clean_day_data.py
[2025-09-15T06:46:00.642+0000] {processor.py:840} INFO - DAG(s) 'clean_day_data' retrieved from /opt/airflow/dags/clean_day_data.py
[2025-09-15T06:46:00.669+0000] {logging_mixin.py:188} INFO - [2025-09-15T06:46:00.668+0000] {dag.py:3096} INFO - Sync 1 DAGs
[2025-09-15T06:46:00.682+0000] {logging_mixin.py:188} INFO - [2025-09-15T06:46:00.682+0000] {dag.py:3954} INFO - Setting next_dagrun for clean_day_data to None, run_after=None
[2025-09-15T06:46:00.701+0000] {processor.py:183} INFO - Processing /opt/airflow/dags/clean_day_data.py took 0.083 seconds
[2025-09-15T06:46:31.209+0000] {processor.py:161} INFO - Started process (PID=3040) to work on /opt/airflow/dags/clean_day_data.py
[2025-09-15T06:46:31.210+0000] {processor.py:830} INFO - Processing file /opt/airflow/dags/clean_day_data.py for tasks to queue
[2025-09-15T06:46:31.212+0000] {logging_mixin.py:188} INFO - [2025-09-15T06:46:31.212+0000] {dagbag.py:540} INFO - Filling up the DagBag from /opt/airflow/dags/clean_day_data.py
[2025-09-15T06:46:31.229+0000] {processor.py:840} INFO - DAG(s) 'clean_day_data' retrieved from /opt/airflow/dags/clean_day_data.py
[2025-09-15T06:46:31.255+0000] {logging_mixin.py:188} INFO - [2025-09-15T06:46:31.254+0000] {dag.py:3096} INFO - Sync 1 DAGs
[2025-09-15T06:46:31.267+0000] {logging_mixin.py:188} INFO - [2025-09-15T06:46:31.266+0000] {dag.py:3954} INFO - Setting next_dagrun for clean_day_data to None, run_after=None
[2025-09-15T06:46:31.286+0000] {processor.py:183} INFO - Processing /opt/airflow/dags/clean_day_data.py took 0.082 seconds
[2025-09-15T06:47:01.932+0000] {processor.py:161} INFO - Started process (PID=3075) to work on /opt/airflow/dags/clean_day_data.py
[2025-09-15T06:47:01.933+0000] {processor.py:830} INFO - Processing file /opt/airflow/dags/clean_day_data.py for tasks to queue
[2025-09-15T06:47:01.935+0000] {logging_mixin.py:188} INFO - [2025-09-15T06:47:01.935+0000] {dagbag.py:540} INFO - Filling up the DagBag from /opt/airflow/dags/clean_day_data.py
[2025-09-15T06:47:01.952+0000] {processor.py:840} INFO - DAG(s) 'clean_day_data' retrieved from /opt/airflow/dags/clean_day_data.py
[2025-09-15T06:47:01.975+0000] {logging_mixin.py:188} INFO - [2025-09-15T06:47:01.974+0000] {dag.py:3096} INFO - Sync 1 DAGs
[2025-09-15T06:47:01.986+0000] {logging_mixin.py:188} INFO - [2025-09-15T06:47:01.986+0000] {dag.py:3954} INFO - Setting next_dagrun for clean_day_data to None, run_after=None
[2025-09-15T06:47:02.004+0000] {processor.py:183} INFO - Processing /opt/airflow/dags/clean_day_data.py took 0.077 seconds
[2025-09-15T06:53:37.553+0000] {processor.py:161} INFO - Started process (PID=3117) to work on /opt/airflow/dags/clean_day_data.py
[2025-09-15T06:53:37.557+0000] {processor.py:830} INFO - Processing file /opt/airflow/dags/clean_day_data.py for tasks to queue
[2025-09-15T06:53:37.566+0000] {logging_mixin.py:188} INFO - [2025-09-15T06:53:37.563+0000] {dagbag.py:540} INFO - Filling up the DagBag from /opt/airflow/dags/clean_day_data.py
[2025-09-15T06:53:37.632+0000] {processor.py:840} INFO - DAG(s) 'clean_day_data' retrieved from /opt/airflow/dags/clean_day_data.py
[2025-09-15T06:53:37.848+0000] {logging_mixin.py:188} INFO - [2025-09-15T06:53:37.848+0000] {dag.py:3096} INFO - Sync 1 DAGs
[2025-09-15T06:53:37.931+0000] {logging_mixin.py:188} INFO - [2025-09-15T06:53:37.930+0000] {dag.py:3954} INFO - Setting next_dagrun for clean_day_data to None, run_after=None
[2025-09-15T06:53:38.061+0000] {processor.py:183} INFO - Processing /opt/airflow/dags/clean_day_data.py took 0.535 seconds
[2025-09-15T06:54:08.464+0000] {processor.py:161} INFO - Started process (PID=3152) to work on /opt/airflow/dags/clean_day_data.py
[2025-09-15T06:54:08.465+0000] {processor.py:830} INFO - Processing file /opt/airflow/dags/clean_day_data.py for tasks to queue
[2025-09-15T06:54:08.466+0000] {logging_mixin.py:188} INFO - [2025-09-15T06:54:08.466+0000] {dagbag.py:540} INFO - Filling up the DagBag from /opt/airflow/dags/clean_day_data.py
[2025-09-15T06:54:08.483+0000] {processor.py:840} INFO - DAG(s) 'clean_day_data' retrieved from /opt/airflow/dags/clean_day_data.py
[2025-09-15T06:54:08.508+0000] {logging_mixin.py:188} INFO - [2025-09-15T06:54:08.508+0000] {dag.py:3096} INFO - Sync 1 DAGs
[2025-09-15T06:54:08.520+0000] {logging_mixin.py:188} INFO - [2025-09-15T06:54:08.520+0000] {dag.py:3954} INFO - Setting next_dagrun for clean_day_data to None, run_after=None
[2025-09-15T06:54:08.539+0000] {processor.py:183} INFO - Processing /opt/airflow/dags/clean_day_data.py took 0.080 seconds
[2025-09-15T06:54:39.033+0000] {processor.py:161} INFO - Started process (PID=3187) to work on /opt/airflow/dags/clean_day_data.py
[2025-09-15T06:54:39.034+0000] {processor.py:830} INFO - Processing file /opt/airflow/dags/clean_day_data.py for tasks to queue
[2025-09-15T06:54:39.035+0000] {logging_mixin.py:188} INFO - [2025-09-15T06:54:39.035+0000] {dagbag.py:540} INFO - Filling up the DagBag from /opt/airflow/dags/clean_day_data.py
[2025-09-15T06:54:39.058+0000] {processor.py:840} INFO - DAG(s) 'clean_day_data' retrieved from /opt/airflow/dags/clean_day_data.py
[2025-09-15T06:54:39.092+0000] {logging_mixin.py:188} INFO - [2025-09-15T06:54:39.091+0000] {dag.py:3096} INFO - Sync 1 DAGs
[2025-09-15T06:54:39.108+0000] {logging_mixin.py:188} INFO - [2025-09-15T06:54:39.108+0000] {dag.py:3954} INFO - Setting next_dagrun for clean_day_data to None, run_after=None
[2025-09-15T06:54:39.131+0000] {processor.py:183} INFO - Processing /opt/airflow/dags/clean_day_data.py took 0.104 seconds
[2025-09-15T06:55:09.900+0000] {processor.py:161} INFO - Started process (PID=3222) to work on /opt/airflow/dags/clean_day_data.py
[2025-09-15T06:55:09.901+0000] {processor.py:830} INFO - Processing file /opt/airflow/dags/clean_day_data.py for tasks to queue
[2025-09-15T06:55:09.902+0000] {logging_mixin.py:188} INFO - [2025-09-15T06:55:09.901+0000] {dagbag.py:540} INFO - Filling up the DagBag from /opt/airflow/dags/clean_day_data.py
[2025-09-15T06:55:09.917+0000] {processor.py:840} INFO - DAG(s) 'clean_day_data' retrieved from /opt/airflow/dags/clean_day_data.py
[2025-09-15T06:55:09.944+0000] {logging_mixin.py:188} INFO - [2025-09-15T06:55:09.943+0000] {dag.py:3096} INFO - Sync 1 DAGs
[2025-09-15T06:55:09.958+0000] {logging_mixin.py:188} INFO - [2025-09-15T06:55:09.958+0000] {dag.py:3954} INFO - Setting next_dagrun for clean_day_data to None, run_after=None
[2025-09-15T06:55:09.978+0000] {processor.py:183} INFO - Processing /opt/airflow/dags/clean_day_data.py took 0.083 seconds
[2025-09-15T06:55:40.952+0000] {processor.py:161} INFO - Started process (PID=3257) to work on /opt/airflow/dags/clean_day_data.py
[2025-09-15T06:55:40.953+0000] {processor.py:830} INFO - Processing file /opt/airflow/dags/clean_day_data.py for tasks to queue
[2025-09-15T06:55:40.954+0000] {logging_mixin.py:188} INFO - [2025-09-15T06:55:40.954+0000] {dagbag.py:540} INFO - Filling up the DagBag from /opt/airflow/dags/clean_day_data.py
[2025-09-15T06:55:40.972+0000] {processor.py:840} INFO - DAG(s) 'clean_day_data' retrieved from /opt/airflow/dags/clean_day_data.py
[2025-09-15T06:55:41.000+0000] {logging_mixin.py:188} INFO - [2025-09-15T06:55:41.000+0000] {dag.py:3096} INFO - Sync 1 DAGs
[2025-09-15T06:55:41.020+0000] {logging_mixin.py:188} INFO - [2025-09-15T06:55:41.020+0000] {dag.py:3954} INFO - Setting next_dagrun for clean_day_data to None, run_after=None
[2025-09-15T06:55:41.041+0000] {processor.py:183} INFO - Processing /opt/airflow/dags/clean_day_data.py took 0.094 seconds
[2025-09-15T06:56:11.698+0000] {processor.py:161} INFO - Started process (PID=3292) to work on /opt/airflow/dags/clean_day_data.py
[2025-09-15T06:56:11.699+0000] {processor.py:830} INFO - Processing file /opt/airflow/dags/clean_day_data.py for tasks to queue
[2025-09-15T06:56:11.700+0000] {logging_mixin.py:188} INFO - [2025-09-15T06:56:11.700+0000] {dagbag.py:540} INFO - Filling up the DagBag from /opt/airflow/dags/clean_day_data.py
[2025-09-15T06:56:11.715+0000] {processor.py:840} INFO - DAG(s) 'clean_day_data' retrieved from /opt/airflow/dags/clean_day_data.py
[2025-09-15T06:56:11.740+0000] {logging_mixin.py:188} INFO - [2025-09-15T06:56:11.739+0000] {dag.py:3096} INFO - Sync 1 DAGs
[2025-09-15T06:56:11.751+0000] {logging_mixin.py:188} INFO - [2025-09-15T06:56:11.751+0000] {dag.py:3954} INFO - Setting next_dagrun for clean_day_data to None, run_after=None
[2025-09-15T06:56:11.771+0000] {processor.py:183} INFO - Processing /opt/airflow/dags/clean_day_data.py took 0.078 seconds
[2025-09-15T06:56:42.723+0000] {processor.py:161} INFO - Started process (PID=3327) to work on /opt/airflow/dags/clean_day_data.py
[2025-09-15T06:56:42.724+0000] {processor.py:830} INFO - Processing file /opt/airflow/dags/clean_day_data.py for tasks to queue
[2025-09-15T06:56:42.725+0000] {logging_mixin.py:188} INFO - [2025-09-15T06:56:42.725+0000] {dagbag.py:540} INFO - Filling up the DagBag from /opt/airflow/dags/clean_day_data.py
[2025-09-15T06:56:42.740+0000] {processor.py:840} INFO - DAG(s) 'clean_day_data' retrieved from /opt/airflow/dags/clean_day_data.py
[2025-09-15T06:56:42.766+0000] {logging_mixin.py:188} INFO - [2025-09-15T06:56:42.766+0000] {dag.py:3096} INFO - Sync 1 DAGs
[2025-09-15T06:56:42.779+0000] {logging_mixin.py:188} INFO - [2025-09-15T06:56:42.779+0000] {dag.py:3954} INFO - Setting next_dagrun for clean_day_data to None, run_after=None
[2025-09-15T06:56:42.798+0000] {processor.py:183} INFO - Processing /opt/airflow/dags/clean_day_data.py took 0.080 seconds
[2025-09-15T06:57:13.442+0000] {processor.py:161} INFO - Started process (PID=3362) to work on /opt/airflow/dags/clean_day_data.py
[2025-09-15T06:57:13.443+0000] {processor.py:830} INFO - Processing file /opt/airflow/dags/clean_day_data.py for tasks to queue
[2025-09-15T06:57:13.444+0000] {logging_mixin.py:188} INFO - [2025-09-15T06:57:13.443+0000] {dagbag.py:540} INFO - Filling up the DagBag from /opt/airflow/dags/clean_day_data.py
[2025-09-15T06:57:13.459+0000] {processor.py:840} INFO - DAG(s) 'clean_day_data' retrieved from /opt/airflow/dags/clean_day_data.py
[2025-09-15T06:57:13.485+0000] {logging_mixin.py:188} INFO - [2025-09-15T06:57:13.485+0000] {dag.py:3096} INFO - Sync 1 DAGs
[2025-09-15T06:57:13.498+0000] {logging_mixin.py:188} INFO - [2025-09-15T06:57:13.497+0000] {dag.py:3954} INFO - Setting next_dagrun for clean_day_data to None, run_after=None
[2025-09-15T06:57:13.520+0000] {processor.py:183} INFO - Processing /opt/airflow/dags/clean_day_data.py took 0.083 seconds
[2025-09-15T06:57:44.400+0000] {processor.py:161} INFO - Started process (PID=3397) to work on /opt/airflow/dags/clean_day_data.py
[2025-09-15T06:57:44.401+0000] {processor.py:830} INFO - Processing file /opt/airflow/dags/clean_day_data.py for tasks to queue
[2025-09-15T06:57:44.402+0000] {logging_mixin.py:188} INFO - [2025-09-15T06:57:44.402+0000] {dagbag.py:540} INFO - Filling up the DagBag from /opt/airflow/dags/clean_day_data.py
[2025-09-15T06:57:44.426+0000] {processor.py:840} INFO - DAG(s) 'clean_day_data' retrieved from /opt/airflow/dags/clean_day_data.py
[2025-09-15T06:57:44.467+0000] {logging_mixin.py:188} INFO - [2025-09-15T06:57:44.467+0000] {dag.py:3096} INFO - Sync 1 DAGs
[2025-09-15T06:57:44.492+0000] {logging_mixin.py:188} INFO - [2025-09-15T06:57:44.492+0000] {dag.py:3954} INFO - Setting next_dagrun for clean_day_data to None, run_after=None
[2025-09-15T06:57:44.545+0000] {processor.py:183} INFO - Processing /opt/airflow/dags/clean_day_data.py took 0.164 seconds
[2025-09-15T06:58:15.514+0000] {processor.py:161} INFO - Started process (PID=3432) to work on /opt/airflow/dags/clean_day_data.py
[2025-09-15T06:58:15.516+0000] {processor.py:830} INFO - Processing file /opt/airflow/dags/clean_day_data.py for tasks to queue
[2025-09-15T06:58:15.518+0000] {logging_mixin.py:188} INFO - [2025-09-15T06:58:15.517+0000] {dagbag.py:540} INFO - Filling up the DagBag from /opt/airflow/dags/clean_day_data.py
[2025-09-15T06:58:15.551+0000] {processor.py:840} INFO - DAG(s) 'clean_day_data' retrieved from /opt/airflow/dags/clean_day_data.py
[2025-09-15T06:58:15.583+0000] {logging_mixin.py:188} INFO - [2025-09-15T06:58:15.582+0000] {dag.py:3096} INFO - Sync 1 DAGs
[2025-09-15T06:58:15.595+0000] {logging_mixin.py:188} INFO - [2025-09-15T06:58:15.595+0000] {dag.py:3954} INFO - Setting next_dagrun for clean_day_data to None, run_after=None
[2025-09-15T06:58:15.614+0000] {processor.py:183} INFO - Processing /opt/airflow/dags/clean_day_data.py took 0.111 seconds
[2025-09-15T06:58:46.272+0000] {processor.py:161} INFO - Started process (PID=3467) to work on /opt/airflow/dags/clean_day_data.py
[2025-09-15T06:58:46.273+0000] {processor.py:830} INFO - Processing file /opt/airflow/dags/clean_day_data.py for tasks to queue
[2025-09-15T06:58:46.273+0000] {logging_mixin.py:188} INFO - [2025-09-15T06:58:46.273+0000] {dagbag.py:540} INFO - Filling up the DagBag from /opt/airflow/dags/clean_day_data.py
[2025-09-15T06:58:46.293+0000] {processor.py:840} INFO - DAG(s) 'clean_day_data' retrieved from /opt/airflow/dags/clean_day_data.py
[2025-09-15T06:58:46.324+0000] {logging_mixin.py:188} INFO - [2025-09-15T06:58:46.323+0000] {dag.py:3096} INFO - Sync 1 DAGs
[2025-09-15T06:58:46.338+0000] {logging_mixin.py:188} INFO - [2025-09-15T06:58:46.338+0000] {dag.py:3954} INFO - Setting next_dagrun for clean_day_data to None, run_after=None
[2025-09-15T06:58:46.361+0000] {processor.py:183} INFO - Processing /opt/airflow/dags/clean_day_data.py took 0.096 seconds
[2025-09-15T06:59:16.846+0000] {processor.py:161} INFO - Started process (PID=3502) to work on /opt/airflow/dags/clean_day_data.py
[2025-09-15T06:59:16.847+0000] {processor.py:830} INFO - Processing file /opt/airflow/dags/clean_day_data.py for tasks to queue
[2025-09-15T06:59:16.848+0000] {logging_mixin.py:188} INFO - [2025-09-15T06:59:16.847+0000] {dagbag.py:540} INFO - Filling up the DagBag from /opt/airflow/dags/clean_day_data.py
[2025-09-15T06:59:16.866+0000] {processor.py:840} INFO - DAG(s) 'clean_day_data' retrieved from /opt/airflow/dags/clean_day_data.py
[2025-09-15T06:59:16.893+0000] {logging_mixin.py:188} INFO - [2025-09-15T06:59:16.893+0000] {dag.py:3096} INFO - Sync 1 DAGs
[2025-09-15T06:59:16.905+0000] {logging_mixin.py:188} INFO - [2025-09-15T06:59:16.905+0000] {dag.py:3954} INFO - Setting next_dagrun for clean_day_data to None, run_after=None
[2025-09-15T06:59:16.926+0000] {processor.py:183} INFO - Processing /opt/airflow/dags/clean_day_data.py took 0.085 seconds
[2025-09-15T06:59:47.842+0000] {processor.py:161} INFO - Started process (PID=3537) to work on /opt/airflow/dags/clean_day_data.py
[2025-09-15T06:59:47.843+0000] {processor.py:830} INFO - Processing file /opt/airflow/dags/clean_day_data.py for tasks to queue
[2025-09-15T06:59:47.845+0000] {logging_mixin.py:188} INFO - [2025-09-15T06:59:47.844+0000] {dagbag.py:540} INFO - Filling up the DagBag from /opt/airflow/dags/clean_day_data.py
[2025-09-15T06:59:47.861+0000] {processor.py:840} INFO - DAG(s) 'clean_day_data' retrieved from /opt/airflow/dags/clean_day_data.py
[2025-09-15T06:59:47.892+0000] {logging_mixin.py:188} INFO - [2025-09-15T06:59:47.892+0000] {dag.py:3096} INFO - Sync 1 DAGs
[2025-09-15T06:59:47.908+0000] {logging_mixin.py:188} INFO - [2025-09-15T06:59:47.908+0000] {dag.py:3954} INFO - Setting next_dagrun for clean_day_data to None, run_after=None
[2025-09-15T06:59:47.929+0000] {processor.py:183} INFO - Processing /opt/airflow/dags/clean_day_data.py took 0.092 seconds
[2025-09-15T07:00:18.443+0000] {processor.py:161} INFO - Started process (PID=3572) to work on /opt/airflow/dags/clean_day_data.py
[2025-09-15T07:00:18.444+0000] {processor.py:830} INFO - Processing file /opt/airflow/dags/clean_day_data.py for tasks to queue
[2025-09-15T07:00:18.445+0000] {logging_mixin.py:188} INFO - [2025-09-15T07:00:18.444+0000] {dagbag.py:540} INFO - Filling up the DagBag from /opt/airflow/dags/clean_day_data.py
[2025-09-15T07:00:18.461+0000] {processor.py:840} INFO - DAG(s) 'clean_day_data' retrieved from /opt/airflow/dags/clean_day_data.py
[2025-09-15T07:00:18.491+0000] {logging_mixin.py:188} INFO - [2025-09-15T07:00:18.491+0000] {dag.py:3096} INFO - Sync 1 DAGs
[2025-09-15T07:00:18.507+0000] {logging_mixin.py:188} INFO - [2025-09-15T07:00:18.506+0000] {dag.py:3954} INFO - Setting next_dagrun for clean_day_data to None, run_after=None
[2025-09-15T07:00:18.529+0000] {processor.py:183} INFO - Processing /opt/airflow/dags/clean_day_data.py took 0.091 seconds
[2025-09-15T07:00:49.281+0000] {processor.py:161} INFO - Started process (PID=3607) to work on /opt/airflow/dags/clean_day_data.py
[2025-09-15T07:00:49.282+0000] {processor.py:830} INFO - Processing file /opt/airflow/dags/clean_day_data.py for tasks to queue
[2025-09-15T07:00:49.283+0000] {logging_mixin.py:188} INFO - [2025-09-15T07:00:49.283+0000] {dagbag.py:540} INFO - Filling up the DagBag from /opt/airflow/dags/clean_day_data.py
[2025-09-15T07:00:49.299+0000] {processor.py:840} INFO - DAG(s) 'clean_day_data' retrieved from /opt/airflow/dags/clean_day_data.py
[2025-09-15T07:00:49.328+0000] {logging_mixin.py:188} INFO - [2025-09-15T07:00:49.327+0000] {dag.py:3096} INFO - Sync 1 DAGs
[2025-09-15T07:00:49.341+0000] {logging_mixin.py:188} INFO - [2025-09-15T07:00:49.341+0000] {dag.py:3954} INFO - Setting next_dagrun for clean_day_data to None, run_after=None
[2025-09-15T07:00:49.362+0000] {processor.py:183} INFO - Processing /opt/airflow/dags/clean_day_data.py took 0.086 seconds
[2025-09-15T07:01:20.066+0000] {processor.py:161} INFO - Started process (PID=3642) to work on /opt/airflow/dags/clean_day_data.py
[2025-09-15T07:01:20.067+0000] {processor.py:830} INFO - Processing file /opt/airflow/dags/clean_day_data.py for tasks to queue
[2025-09-15T07:01:20.068+0000] {logging_mixin.py:188} INFO - [2025-09-15T07:01:20.067+0000] {dagbag.py:540} INFO - Filling up the DagBag from /opt/airflow/dags/clean_day_data.py
[2025-09-15T07:01:20.086+0000] {processor.py:840} INFO - DAG(s) 'clean_day_data' retrieved from /opt/airflow/dags/clean_day_data.py
[2025-09-15T07:01:20.113+0000] {logging_mixin.py:188} INFO - [2025-09-15T07:01:20.113+0000] {dag.py:3096} INFO - Sync 1 DAGs
[2025-09-15T07:01:20.126+0000] {logging_mixin.py:188} INFO - [2025-09-15T07:01:20.125+0000] {dag.py:3954} INFO - Setting next_dagrun for clean_day_data to None, run_after=None
[2025-09-15T07:01:20.147+0000] {processor.py:183} INFO - Processing /opt/airflow/dags/clean_day_data.py took 0.086 seconds
[2025-09-15T07:01:50.910+0000] {processor.py:161} INFO - Started process (PID=3677) to work on /opt/airflow/dags/clean_day_data.py
[2025-09-15T07:01:50.911+0000] {processor.py:830} INFO - Processing file /opt/airflow/dags/clean_day_data.py for tasks to queue
[2025-09-15T07:01:50.912+0000] {logging_mixin.py:188} INFO - [2025-09-15T07:01:50.912+0000] {dagbag.py:540} INFO - Filling up the DagBag from /opt/airflow/dags/clean_day_data.py
[2025-09-15T07:01:50.929+0000] {processor.py:840} INFO - DAG(s) 'clean_day_data' retrieved from /opt/airflow/dags/clean_day_data.py
[2025-09-15T07:01:50.957+0000] {logging_mixin.py:188} INFO - [2025-09-15T07:01:50.957+0000] {dag.py:3096} INFO - Sync 1 DAGs
[2025-09-15T07:01:50.970+0000] {logging_mixin.py:188} INFO - [2025-09-15T07:01:50.969+0000] {dag.py:3954} INFO - Setting next_dagrun for clean_day_data to None, run_after=None
[2025-09-15T07:01:50.991+0000] {processor.py:183} INFO - Processing /opt/airflow/dags/clean_day_data.py took 0.087 seconds
[2025-09-15T07:02:21.735+0000] {processor.py:161} INFO - Started process (PID=3712) to work on /opt/airflow/dags/clean_day_data.py
[2025-09-15T07:02:21.736+0000] {processor.py:830} INFO - Processing file /opt/airflow/dags/clean_day_data.py for tasks to queue
[2025-09-15T07:02:21.737+0000] {logging_mixin.py:188} INFO - [2025-09-15T07:02:21.737+0000] {dagbag.py:540} INFO - Filling up the DagBag from /opt/airflow/dags/clean_day_data.py
[2025-09-15T07:02:21.754+0000] {processor.py:840} INFO - DAG(s) 'clean_day_data' retrieved from /opt/airflow/dags/clean_day_data.py
[2025-09-15T07:02:21.781+0000] {logging_mixin.py:188} INFO - [2025-09-15T07:02:21.781+0000] {dag.py:3096} INFO - Sync 1 DAGs
[2025-09-15T07:02:21.792+0000] {logging_mixin.py:188} INFO - [2025-09-15T07:02:21.792+0000] {dag.py:3954} INFO - Setting next_dagrun for clean_day_data to None, run_after=None
[2025-09-15T07:02:21.811+0000] {processor.py:183} INFO - Processing /opt/airflow/dags/clean_day_data.py took 0.081 seconds
[2025-09-15T07:02:52.391+0000] {processor.py:161} INFO - Started process (PID=3747) to work on /opt/airflow/dags/clean_day_data.py
[2025-09-15T07:02:52.392+0000] {processor.py:830} INFO - Processing file /opt/airflow/dags/clean_day_data.py for tasks to queue
[2025-09-15T07:02:52.393+0000] {logging_mixin.py:188} INFO - [2025-09-15T07:02:52.393+0000] {dagbag.py:540} INFO - Filling up the DagBag from /opt/airflow/dags/clean_day_data.py
[2025-09-15T07:02:52.413+0000] {processor.py:840} INFO - DAG(s) 'clean_day_data' retrieved from /opt/airflow/dags/clean_day_data.py
[2025-09-15T07:02:52.443+0000] {logging_mixin.py:188} INFO - [2025-09-15T07:02:52.443+0000] {dag.py:3096} INFO - Sync 1 DAGs
[2025-09-15T07:02:52.457+0000] {logging_mixin.py:188} INFO - [2025-09-15T07:02:52.456+0000] {dag.py:3954} INFO - Setting next_dagrun for clean_day_data to None, run_after=None
[2025-09-15T07:02:52.476+0000] {processor.py:183} INFO - Processing /opt/airflow/dags/clean_day_data.py took 0.091 seconds
[2025-09-15T07:03:22.905+0000] {processor.py:161} INFO - Started process (PID=3782) to work on /opt/airflow/dags/clean_day_data.py
[2025-09-15T07:03:22.906+0000] {processor.py:830} INFO - Processing file /opt/airflow/dags/clean_day_data.py for tasks to queue
[2025-09-15T07:03:22.907+0000] {logging_mixin.py:188} INFO - [2025-09-15T07:03:22.907+0000] {dagbag.py:540} INFO - Filling up the DagBag from /opt/airflow/dags/clean_day_data.py
[2025-09-15T07:03:22.926+0000] {processor.py:840} INFO - DAG(s) 'clean_day_data' retrieved from /opt/airflow/dags/clean_day_data.py
[2025-09-15T07:03:22.952+0000] {logging_mixin.py:188} INFO - [2025-09-15T07:03:22.952+0000] {dag.py:3096} INFO - Sync 1 DAGs
[2025-09-15T07:03:22.964+0000] {logging_mixin.py:188} INFO - [2025-09-15T07:03:22.964+0000] {dag.py:3954} INFO - Setting next_dagrun for clean_day_data to None, run_after=None
[2025-09-15T07:03:22.987+0000] {processor.py:183} INFO - Processing /opt/airflow/dags/clean_day_data.py took 0.087 seconds
[2025-09-15T07:03:53.759+0000] {processor.py:161} INFO - Started process (PID=3817) to work on /opt/airflow/dags/clean_day_data.py
[2025-09-15T07:03:53.760+0000] {processor.py:830} INFO - Processing file /opt/airflow/dags/clean_day_data.py for tasks to queue
[2025-09-15T07:03:53.761+0000] {logging_mixin.py:188} INFO - [2025-09-15T07:03:53.761+0000] {dagbag.py:540} INFO - Filling up the DagBag from /opt/airflow/dags/clean_day_data.py
[2025-09-15T07:03:53.777+0000] {processor.py:840} INFO - DAG(s) 'clean_day_data' retrieved from /opt/airflow/dags/clean_day_data.py
[2025-09-15T07:03:53.805+0000] {logging_mixin.py:188} INFO - [2025-09-15T07:03:53.804+0000] {dag.py:3096} INFO - Sync 1 DAGs
[2025-09-15T07:03:53.817+0000] {logging_mixin.py:188} INFO - [2025-09-15T07:03:53.817+0000] {dag.py:3954} INFO - Setting next_dagrun for clean_day_data to None, run_after=None
[2025-09-15T07:03:53.837+0000] {processor.py:183} INFO - Processing /opt/airflow/dags/clean_day_data.py took 0.084 seconds
[2025-09-15T07:04:24.595+0000] {processor.py:161} INFO - Started process (PID=3852) to work on /opt/airflow/dags/clean_day_data.py
[2025-09-15T07:04:24.596+0000] {processor.py:830} INFO - Processing file /opt/airflow/dags/clean_day_data.py for tasks to queue
[2025-09-15T07:04:24.597+0000] {logging_mixin.py:188} INFO - [2025-09-15T07:04:24.596+0000] {dagbag.py:540} INFO - Filling up the DagBag from /opt/airflow/dags/clean_day_data.py
[2025-09-15T07:04:24.613+0000] {processor.py:840} INFO - DAG(s) 'clean_day_data' retrieved from /opt/airflow/dags/clean_day_data.py
[2025-09-15T07:04:24.640+0000] {logging_mixin.py:188} INFO - [2025-09-15T07:04:24.640+0000] {dag.py:3096} INFO - Sync 1 DAGs
[2025-09-15T07:04:24.653+0000] {logging_mixin.py:188} INFO - [2025-09-15T07:04:24.653+0000] {dag.py:3954} INFO - Setting next_dagrun for clean_day_data to None, run_after=None
[2025-09-15T07:04:24.674+0000] {processor.py:183} INFO - Processing /opt/airflow/dags/clean_day_data.py took 0.085 seconds
[2025-09-15T07:04:55.292+0000] {processor.py:161} INFO - Started process (PID=3887) to work on /opt/airflow/dags/clean_day_data.py
[2025-09-15T07:04:55.293+0000] {processor.py:830} INFO - Processing file /opt/airflow/dags/clean_day_data.py for tasks to queue
[2025-09-15T07:04:55.294+0000] {logging_mixin.py:188} INFO - [2025-09-15T07:04:55.294+0000] {dagbag.py:540} INFO - Filling up the DagBag from /opt/airflow/dags/clean_day_data.py
[2025-09-15T07:04:55.317+0000] {processor.py:840} INFO - DAG(s) 'clean_day_data' retrieved from /opt/airflow/dags/clean_day_data.py
[2025-09-15T07:04:55.358+0000] {logging_mixin.py:188} INFO - [2025-09-15T07:04:55.357+0000] {dag.py:3096} INFO - Sync 1 DAGs
[2025-09-15T07:04:55.377+0000] {logging_mixin.py:188} INFO - [2025-09-15T07:04:55.376+0000] {dag.py:3954} INFO - Setting next_dagrun for clean_day_data to None, run_after=None
[2025-09-15T07:04:55.418+0000] {processor.py:183} INFO - Processing /opt/airflow/dags/clean_day_data.py took 0.133 seconds
[2025-09-15T07:05:25.868+0000] {processor.py:161} INFO - Started process (PID=3922) to work on /opt/airflow/dags/clean_day_data.py
[2025-09-15T07:05:25.869+0000] {processor.py:830} INFO - Processing file /opt/airflow/dags/clean_day_data.py for tasks to queue
[2025-09-15T07:05:25.870+0000] {logging_mixin.py:188} INFO - [2025-09-15T07:05:25.870+0000] {dagbag.py:540} INFO - Filling up the DagBag from /opt/airflow/dags/clean_day_data.py
[2025-09-15T07:05:25.886+0000] {processor.py:840} INFO - DAG(s) 'clean_day_data' retrieved from /opt/airflow/dags/clean_day_data.py
[2025-09-15T07:05:25.912+0000] {logging_mixin.py:188} INFO - [2025-09-15T07:05:25.912+0000] {dag.py:3096} INFO - Sync 1 DAGs
[2025-09-15T07:05:25.924+0000] {logging_mixin.py:188} INFO - [2025-09-15T07:05:25.924+0000] {dag.py:3954} INFO - Setting next_dagrun for clean_day_data to None, run_after=None
[2025-09-15T07:05:25.964+0000] {processor.py:183} INFO - Processing /opt/airflow/dags/clean_day_data.py took 0.100 seconds
[2025-09-15T07:05:56.412+0000] {processor.py:161} INFO - Started process (PID=3957) to work on /opt/airflow/dags/clean_day_data.py
[2025-09-15T07:05:56.413+0000] {processor.py:830} INFO - Processing file /opt/airflow/dags/clean_day_data.py for tasks to queue
[2025-09-15T07:05:56.413+0000] {logging_mixin.py:188} INFO - [2025-09-15T07:05:56.413+0000] {dagbag.py:540} INFO - Filling up the DagBag from /opt/airflow/dags/clean_day_data.py
[2025-09-15T07:05:56.429+0000] {processor.py:840} INFO - DAG(s) 'clean_day_data' retrieved from /opt/airflow/dags/clean_day_data.py
[2025-09-15T07:05:56.482+0000] {logging_mixin.py:188} INFO - [2025-09-15T07:05:56.482+0000] {dag.py:3096} INFO - Sync 1 DAGs
[2025-09-15T07:05:56.551+0000] {logging_mixin.py:188} INFO - [2025-09-15T07:05:56.551+0000] {dag.py:3954} INFO - Setting next_dagrun for clean_day_data to None, run_after=None
[2025-09-15T07:05:56.595+0000] {processor.py:183} INFO - Processing /opt/airflow/dags/clean_day_data.py took 0.187 seconds
[2025-09-15T07:06:27.020+0000] {processor.py:161} INFO - Started process (PID=3992) to work on /opt/airflow/dags/clean_day_data.py
[2025-09-15T07:06:27.020+0000] {processor.py:830} INFO - Processing file /opt/airflow/dags/clean_day_data.py for tasks to queue
[2025-09-15T07:06:27.021+0000] {logging_mixin.py:188} INFO - [2025-09-15T07:06:27.021+0000] {dagbag.py:540} INFO - Filling up the DagBag from /opt/airflow/dags/clean_day_data.py
[2025-09-15T07:06:27.036+0000] {processor.py:840} INFO - DAG(s) 'clean_day_data' retrieved from /opt/airflow/dags/clean_day_data.py
[2025-09-15T07:06:27.061+0000] {logging_mixin.py:188} INFO - [2025-09-15T07:06:27.060+0000] {dag.py:3096} INFO - Sync 1 DAGs
[2025-09-15T07:06:27.073+0000] {logging_mixin.py:188} INFO - [2025-09-15T07:06:27.072+0000] {dag.py:3954} INFO - Setting next_dagrun for clean_day_data to None, run_after=None
[2025-09-15T07:06:27.096+0000] {processor.py:183} INFO - Processing /opt/airflow/dags/clean_day_data.py took 0.082 seconds
[2025-09-15T07:06:57.307+0000] {processor.py:161} INFO - Started process (PID=4027) to work on /opt/airflow/dags/clean_day_data.py
[2025-09-15T07:06:57.309+0000] {processor.py:830} INFO - Processing file /opt/airflow/dags/clean_day_data.py for tasks to queue
[2025-09-15T07:06:57.310+0000] {logging_mixin.py:188} INFO - [2025-09-15T07:06:57.310+0000] {dagbag.py:540} INFO - Filling up the DagBag from /opt/airflow/dags/clean_day_data.py
[2025-09-15T07:06:57.328+0000] {processor.py:840} INFO - DAG(s) 'clean_day_data' retrieved from /opt/airflow/dags/clean_day_data.py
[2025-09-15T07:06:57.354+0000] {logging_mixin.py:188} INFO - [2025-09-15T07:06:57.354+0000] {dag.py:3096} INFO - Sync 1 DAGs
[2025-09-15T07:06:57.367+0000] {logging_mixin.py:188} INFO - [2025-09-15T07:06:57.367+0000] {dag.py:3954} INFO - Setting next_dagrun for clean_day_data to None, run_after=None
[2025-09-15T07:06:57.387+0000] {processor.py:183} INFO - Processing /opt/airflow/dags/clean_day_data.py took 0.086 seconds
[2025-09-15T07:07:27.910+0000] {processor.py:161} INFO - Started process (PID=4062) to work on /opt/airflow/dags/clean_day_data.py
[2025-09-15T07:07:27.911+0000] {processor.py:830} INFO - Processing file /opt/airflow/dags/clean_day_data.py for tasks to queue
[2025-09-15T07:07:27.912+0000] {logging_mixin.py:188} INFO - [2025-09-15T07:07:27.911+0000] {dagbag.py:540} INFO - Filling up the DagBag from /opt/airflow/dags/clean_day_data.py
[2025-09-15T07:07:27.932+0000] {processor.py:840} INFO - DAG(s) 'clean_day_data' retrieved from /opt/airflow/dags/clean_day_data.py
[2025-09-15T07:07:27.963+0000] {logging_mixin.py:188} INFO - [2025-09-15T07:07:27.963+0000] {dag.py:3096} INFO - Sync 1 DAGs
[2025-09-15T07:07:27.977+0000] {logging_mixin.py:188} INFO - [2025-09-15T07:07:27.977+0000] {dag.py:3954} INFO - Setting next_dagrun for clean_day_data to None, run_after=None
[2025-09-15T07:07:28.017+0000] {processor.py:183} INFO - Processing /opt/airflow/dags/clean_day_data.py took 0.114 seconds
[2025-09-15T07:07:58.505+0000] {processor.py:161} INFO - Started process (PID=4097) to work on /opt/airflow/dags/clean_day_data.py
[2025-09-15T07:07:58.506+0000] {processor.py:830} INFO - Processing file /opt/airflow/dags/clean_day_data.py for tasks to queue
[2025-09-15T07:07:58.508+0000] {logging_mixin.py:188} INFO - [2025-09-15T07:07:58.507+0000] {dagbag.py:540} INFO - Filling up the DagBag from /opt/airflow/dags/clean_day_data.py
[2025-09-15T07:07:58.528+0000] {processor.py:840} INFO - DAG(s) 'clean_day_data' retrieved from /opt/airflow/dags/clean_day_data.py
[2025-09-15T07:07:58.563+0000] {logging_mixin.py:188} INFO - [2025-09-15T07:07:58.562+0000] {dag.py:3096} INFO - Sync 1 DAGs
[2025-09-15T07:07:58.590+0000] {logging_mixin.py:188} INFO - [2025-09-15T07:07:58.590+0000] {dag.py:3954} INFO - Setting next_dagrun for clean_day_data to None, run_after=None
[2025-09-15T07:07:58.656+0000] {processor.py:183} INFO - Processing /opt/airflow/dags/clean_day_data.py took 0.165 seconds
[2025-09-15T07:38:50.491+0000] {processor.py:161} INFO - Started process (PID=4133) to work on /opt/airflow/dags/clean_day_data.py
[2025-09-15T07:38:50.502+0000] {processor.py:830} INFO - Processing file /opt/airflow/dags/clean_day_data.py for tasks to queue
[2025-09-15T07:38:50.506+0000] {logging_mixin.py:188} INFO - [2025-09-15T07:38:50.505+0000] {dagbag.py:540} INFO - Filling up the DagBag from /opt/airflow/dags/clean_day_data.py
[2025-09-15T07:38:50.690+0000] {processor.py:840} INFO - DAG(s) 'clean_day_data' retrieved from /opt/airflow/dags/clean_day_data.py
[2025-09-15T07:38:50.904+0000] {logging_mixin.py:188} INFO - [2025-09-15T07:38:50.903+0000] {dag.py:3096} INFO - Sync 1 DAGs
[2025-09-15T07:38:50.957+0000] {logging_mixin.py:188} INFO - [2025-09-15T07:38:50.957+0000] {dag.py:3954} INFO - Setting next_dagrun for clean_day_data to None, run_after=None
[2025-09-15T07:38:51.053+0000] {processor.py:183} INFO - Processing /opt/airflow/dags/clean_day_data.py took 0.590 seconds
[2025-09-15T07:39:21.921+0000] {processor.py:161} INFO - Started process (PID=4170) to work on /opt/airflow/dags/clean_day_data.py
[2025-09-15T07:39:21.922+0000] {processor.py:830} INFO - Processing file /opt/airflow/dags/clean_day_data.py for tasks to queue
[2025-09-15T07:39:21.923+0000] {logging_mixin.py:188} INFO - [2025-09-15T07:39:21.923+0000] {dagbag.py:540} INFO - Filling up the DagBag from /opt/airflow/dags/clean_day_data.py
[2025-09-15T07:39:21.940+0000] {processor.py:840} INFO - DAG(s) 'clean_day_data' retrieved from /opt/airflow/dags/clean_day_data.py
[2025-09-15T07:39:21.966+0000] {logging_mixin.py:188} INFO - [2025-09-15T07:39:21.965+0000] {dag.py:3096} INFO - Sync 1 DAGs
[2025-09-15T07:39:21.978+0000] {logging_mixin.py:188} INFO - [2025-09-15T07:39:21.978+0000] {dag.py:3954} INFO - Setting next_dagrun for clean_day_data to None, run_after=None
[2025-09-15T07:39:22.000+0000] {processor.py:183} INFO - Processing /opt/airflow/dags/clean_day_data.py took 0.085 seconds
[2025-09-15T07:39:52.461+0000] {processor.py:161} INFO - Started process (PID=4205) to work on /opt/airflow/dags/clean_day_data.py
[2025-09-15T07:39:52.463+0000] {processor.py:830} INFO - Processing file /opt/airflow/dags/clean_day_data.py for tasks to queue
[2025-09-15T07:39:52.464+0000] {logging_mixin.py:188} INFO - [2025-09-15T07:39:52.463+0000] {dagbag.py:540} INFO - Filling up the DagBag from /opt/airflow/dags/clean_day_data.py
[2025-09-15T07:39:52.483+0000] {processor.py:840} INFO - DAG(s) 'clean_day_data' retrieved from /opt/airflow/dags/clean_day_data.py
[2025-09-15T07:39:52.512+0000] {logging_mixin.py:188} INFO - [2025-09-15T07:39:52.512+0000] {dag.py:3096} INFO - Sync 1 DAGs
[2025-09-15T07:39:52.526+0000] {logging_mixin.py:188} INFO - [2025-09-15T07:39:52.525+0000] {dag.py:3954} INFO - Setting next_dagrun for clean_day_data to None, run_after=None
[2025-09-15T07:39:52.546+0000] {processor.py:183} INFO - Processing /opt/airflow/dags/clean_day_data.py took 0.090 seconds
[2025-09-15T07:40:23.174+0000] {processor.py:161} INFO - Started process (PID=4240) to work on /opt/airflow/dags/clean_day_data.py
[2025-09-15T07:40:23.175+0000] {processor.py:830} INFO - Processing file /opt/airflow/dags/clean_day_data.py for tasks to queue
[2025-09-15T07:40:23.176+0000] {logging_mixin.py:188} INFO - [2025-09-15T07:40:23.176+0000] {dagbag.py:540} INFO - Filling up the DagBag from /opt/airflow/dags/clean_day_data.py
[2025-09-15T07:40:23.191+0000] {processor.py:840} INFO - DAG(s) 'clean_day_data' retrieved from /opt/airflow/dags/clean_day_data.py
[2025-09-15T07:40:23.216+0000] {logging_mixin.py:188} INFO - [2025-09-15T07:40:23.216+0000] {dag.py:3096} INFO - Sync 1 DAGs
[2025-09-15T07:40:23.227+0000] {logging_mixin.py:188} INFO - [2025-09-15T07:40:23.227+0000] {dag.py:3954} INFO - Setting next_dagrun for clean_day_data to None, run_after=None
[2025-09-15T07:40:23.250+0000] {processor.py:183} INFO - Processing /opt/airflow/dags/clean_day_data.py took 0.082 seconds
[2025-09-15T07:40:53.735+0000] {processor.py:161} INFO - Started process (PID=4275) to work on /opt/airflow/dags/clean_day_data.py
[2025-09-15T07:40:53.736+0000] {processor.py:830} INFO - Processing file /opt/airflow/dags/clean_day_data.py for tasks to queue
[2025-09-15T07:40:53.736+0000] {logging_mixin.py:188} INFO - [2025-09-15T07:40:53.736+0000] {dagbag.py:540} INFO - Filling up the DagBag from /opt/airflow/dags/clean_day_data.py
[2025-09-15T07:40:53.751+0000] {processor.py:840} INFO - DAG(s) 'clean_day_data' retrieved from /opt/airflow/dags/clean_day_data.py
[2025-09-15T07:40:53.777+0000] {logging_mixin.py:188} INFO - [2025-09-15T07:40:53.777+0000] {dag.py:3096} INFO - Sync 1 DAGs
[2025-09-15T07:40:53.789+0000] {logging_mixin.py:188} INFO - [2025-09-15T07:40:53.788+0000] {dag.py:3954} INFO - Setting next_dagrun for clean_day_data to None, run_after=None
[2025-09-15T07:40:53.809+0000] {processor.py:183} INFO - Processing /opt/airflow/dags/clean_day_data.py took 0.080 seconds
[2025-09-15T07:41:24.400+0000] {processor.py:161} INFO - Started process (PID=4310) to work on /opt/airflow/dags/clean_day_data.py
[2025-09-15T07:41:24.401+0000] {processor.py:830} INFO - Processing file /opt/airflow/dags/clean_day_data.py for tasks to queue
[2025-09-15T07:41:24.402+0000] {logging_mixin.py:188} INFO - [2025-09-15T07:41:24.402+0000] {dagbag.py:540} INFO - Filling up the DagBag from /opt/airflow/dags/clean_day_data.py
[2025-09-15T07:41:24.418+0000] {processor.py:840} INFO - DAG(s) 'clean_day_data' retrieved from /opt/airflow/dags/clean_day_data.py
[2025-09-15T07:41:24.448+0000] {logging_mixin.py:188} INFO - [2025-09-15T07:41:24.447+0000] {dag.py:3096} INFO - Sync 1 DAGs
[2025-09-15T07:41:24.459+0000] {logging_mixin.py:188} INFO - [2025-09-15T07:41:24.459+0000] {dag.py:3954} INFO - Setting next_dagrun for clean_day_data to None, run_after=None
[2025-09-15T07:41:24.480+0000] {processor.py:183} INFO - Processing /opt/airflow/dags/clean_day_data.py took 0.085 seconds
[2025-09-15T07:41:55.124+0000] {processor.py:161} INFO - Started process (PID=4345) to work on /opt/airflow/dags/clean_day_data.py
[2025-09-15T07:41:55.125+0000] {processor.py:830} INFO - Processing file /opt/airflow/dags/clean_day_data.py for tasks to queue
[2025-09-15T07:41:55.125+0000] {logging_mixin.py:188} INFO - [2025-09-15T07:41:55.125+0000] {dagbag.py:540} INFO - Filling up the DagBag from /opt/airflow/dags/clean_day_data.py
[2025-09-15T07:41:55.145+0000] {processor.py:840} INFO - DAG(s) 'clean_day_data' retrieved from /opt/airflow/dags/clean_day_data.py
[2025-09-15T07:41:55.175+0000] {logging_mixin.py:188} INFO - [2025-09-15T07:41:55.175+0000] {dag.py:3096} INFO - Sync 1 DAGs
[2025-09-15T07:41:55.189+0000] {logging_mixin.py:188} INFO - [2025-09-15T07:41:55.188+0000] {dag.py:3954} INFO - Setting next_dagrun for clean_day_data to None, run_after=None
[2025-09-15T07:41:55.209+0000] {processor.py:183} INFO - Processing /opt/airflow/dags/clean_day_data.py took 0.090 seconds
[2025-09-15T07:42:25.737+0000] {processor.py:161} INFO - Started process (PID=4380) to work on /opt/airflow/dags/clean_day_data.py
[2025-09-15T07:42:25.738+0000] {processor.py:830} INFO - Processing file /opt/airflow/dags/clean_day_data.py for tasks to queue
[2025-09-15T07:42:25.738+0000] {logging_mixin.py:188} INFO - [2025-09-15T07:42:25.738+0000] {dagbag.py:540} INFO - Filling up the DagBag from /opt/airflow/dags/clean_day_data.py
[2025-09-15T07:42:25.755+0000] {processor.py:840} INFO - DAG(s) 'clean_day_data' retrieved from /opt/airflow/dags/clean_day_data.py
[2025-09-15T07:42:25.780+0000] {logging_mixin.py:188} INFO - [2025-09-15T07:42:25.780+0000] {dag.py:3096} INFO - Sync 1 DAGs
[2025-09-15T07:42:25.791+0000] {logging_mixin.py:188} INFO - [2025-09-15T07:42:25.790+0000] {dag.py:3954} INFO - Setting next_dagrun for clean_day_data to None, run_after=None
[2025-09-15T07:42:25.810+0000] {processor.py:183} INFO - Processing /opt/airflow/dags/clean_day_data.py took 0.078 seconds
[2025-09-15T07:42:56.381+0000] {processor.py:161} INFO - Started process (PID=4415) to work on /opt/airflow/dags/clean_day_data.py
[2025-09-15T07:42:56.382+0000] {processor.py:830} INFO - Processing file /opt/airflow/dags/clean_day_data.py for tasks to queue
[2025-09-15T07:42:56.383+0000] {logging_mixin.py:188} INFO - [2025-09-15T07:42:56.383+0000] {dagbag.py:540} INFO - Filling up the DagBag from /opt/airflow/dags/clean_day_data.py
[2025-09-15T07:42:56.399+0000] {processor.py:840} INFO - DAG(s) 'clean_day_data' retrieved from /opt/airflow/dags/clean_day_data.py
[2025-09-15T07:42:56.423+0000] {logging_mixin.py:188} INFO - [2025-09-15T07:42:56.423+0000] {dag.py:3096} INFO - Sync 1 DAGs
[2025-09-15T07:42:56.434+0000] {logging_mixin.py:188} INFO - [2025-09-15T07:42:56.434+0000] {dag.py:3954} INFO - Setting next_dagrun for clean_day_data to None, run_after=None
[2025-09-15T07:42:56.454+0000] {processor.py:183} INFO - Processing /opt/airflow/dags/clean_day_data.py took 0.078 seconds
[2025-09-15T07:43:27.119+0000] {processor.py:161} INFO - Started process (PID=4450) to work on /opt/airflow/dags/clean_day_data.py
[2025-09-15T07:43:27.120+0000] {processor.py:830} INFO - Processing file /opt/airflow/dags/clean_day_data.py for tasks to queue
[2025-09-15T07:43:27.121+0000] {logging_mixin.py:188} INFO - [2025-09-15T07:43:27.121+0000] {dagbag.py:540} INFO - Filling up the DagBag from /opt/airflow/dags/clean_day_data.py
[2025-09-15T07:43:27.139+0000] {processor.py:840} INFO - DAG(s) 'clean_day_data' retrieved from /opt/airflow/dags/clean_day_data.py
[2025-09-15T07:43:27.170+0000] {logging_mixin.py:188} INFO - [2025-09-15T07:43:27.170+0000] {dag.py:3096} INFO - Sync 1 DAGs
[2025-09-15T07:43:27.187+0000] {logging_mixin.py:188} INFO - [2025-09-15T07:43:27.187+0000] {dag.py:3954} INFO - Setting next_dagrun for clean_day_data to None, run_after=None
[2025-09-15T07:43:27.218+0000] {processor.py:183} INFO - Processing /opt/airflow/dags/clean_day_data.py took 0.106 seconds
[2025-09-15T07:43:57.864+0000] {processor.py:161} INFO - Started process (PID=4485) to work on /opt/airflow/dags/clean_day_data.py
[2025-09-15T07:43:57.866+0000] {processor.py:830} INFO - Processing file /opt/airflow/dags/clean_day_data.py for tasks to queue
[2025-09-15T07:43:57.867+0000] {logging_mixin.py:188} INFO - [2025-09-15T07:43:57.867+0000] {dagbag.py:540} INFO - Filling up the DagBag from /opt/airflow/dags/clean_day_data.py
[2025-09-15T07:43:57.911+0000] {processor.py:840} INFO - DAG(s) 'clean_day_data' retrieved from /opt/airflow/dags/clean_day_data.py
[2025-09-15T07:43:57.953+0000] {logging_mixin.py:188} INFO - [2025-09-15T07:43:57.953+0000] {dag.py:3096} INFO - Sync 1 DAGs
[2025-09-15T07:43:57.973+0000] {logging_mixin.py:188} INFO - [2025-09-15T07:43:57.973+0000] {dag.py:3954} INFO - Setting next_dagrun for clean_day_data to None, run_after=None
[2025-09-15T07:43:57.999+0000] {processor.py:183} INFO - Processing /opt/airflow/dags/clean_day_data.py took 0.145 seconds
[2025-09-15T07:44:28.719+0000] {processor.py:161} INFO - Started process (PID=4520) to work on /opt/airflow/dags/clean_day_data.py
[2025-09-15T07:44:28.720+0000] {processor.py:830} INFO - Processing file /opt/airflow/dags/clean_day_data.py for tasks to queue
[2025-09-15T07:44:28.721+0000] {logging_mixin.py:188} INFO - [2025-09-15T07:44:28.720+0000] {dagbag.py:540} INFO - Filling up the DagBag from /opt/airflow/dags/clean_day_data.py
[2025-09-15T07:44:28.736+0000] {processor.py:840} INFO - DAG(s) 'clean_day_data' retrieved from /opt/airflow/dags/clean_day_data.py
[2025-09-15T07:44:28.763+0000] {logging_mixin.py:188} INFO - [2025-09-15T07:44:28.763+0000] {dag.py:3096} INFO - Sync 1 DAGs
[2025-09-15T07:44:28.776+0000] {logging_mixin.py:188} INFO - [2025-09-15T07:44:28.776+0000] {dag.py:3954} INFO - Setting next_dagrun for clean_day_data to None, run_after=None
[2025-09-15T07:44:28.797+0000] {processor.py:183} INFO - Processing /opt/airflow/dags/clean_day_data.py took 0.084 seconds
[2025-09-15T07:44:59.197+0000] {processor.py:161} INFO - Started process (PID=4555) to work on /opt/airflow/dags/clean_day_data.py
[2025-09-15T07:44:59.199+0000] {processor.py:830} INFO - Processing file /opt/airflow/dags/clean_day_data.py for tasks to queue
[2025-09-15T07:44:59.200+0000] {logging_mixin.py:188} INFO - [2025-09-15T07:44:59.199+0000] {dagbag.py:540} INFO - Filling up the DagBag from /opt/airflow/dags/clean_day_data.py
[2025-09-15T07:44:59.217+0000] {processor.py:840} INFO - DAG(s) 'clean_day_data' retrieved from /opt/airflow/dags/clean_day_data.py
[2025-09-15T07:44:59.250+0000] {logging_mixin.py:188} INFO - [2025-09-15T07:44:59.250+0000] {dag.py:3096} INFO - Sync 1 DAGs
[2025-09-15T07:44:59.280+0000] {logging_mixin.py:188} INFO - [2025-09-15T07:44:59.280+0000] {dag.py:3954} INFO - Setting next_dagrun for clean_day_data to None, run_after=None
[2025-09-15T07:44:59.322+0000] {processor.py:183} INFO - Processing /opt/airflow/dags/clean_day_data.py took 0.130 seconds
[2025-09-15T07:45:30.119+0000] {processor.py:161} INFO - Started process (PID=4590) to work on /opt/airflow/dags/clean_day_data.py
[2025-09-15T07:45:30.121+0000] {processor.py:830} INFO - Processing file /opt/airflow/dags/clean_day_data.py for tasks to queue
[2025-09-15T07:45:30.123+0000] {logging_mixin.py:188} INFO - [2025-09-15T07:45:30.122+0000] {dagbag.py:540} INFO - Filling up the DagBag from /opt/airflow/dags/clean_day_data.py
[2025-09-15T07:45:30.203+0000] {processor.py:840} INFO - DAG(s) 'clean_day_data' retrieved from /opt/airflow/dags/clean_day_data.py
[2025-09-15T07:45:30.274+0000] {logging_mixin.py:188} INFO - [2025-09-15T07:45:30.274+0000] {dag.py:3096} INFO - Sync 1 DAGs
[2025-09-15T07:45:30.295+0000] {logging_mixin.py:188} INFO - [2025-09-15T07:45:30.295+0000] {dag.py:3954} INFO - Setting next_dagrun for clean_day_data to None, run_after=None
[2025-09-15T07:45:30.314+0000] {processor.py:183} INFO - Processing /opt/airflow/dags/clean_day_data.py took 0.206 seconds
[2025-09-15T07:46:01.037+0000] {processor.py:161} INFO - Started process (PID=4625) to work on /opt/airflow/dags/clean_day_data.py
[2025-09-15T07:46:01.038+0000] {processor.py:830} INFO - Processing file /opt/airflow/dags/clean_day_data.py for tasks to queue
[2025-09-15T07:46:01.039+0000] {logging_mixin.py:188} INFO - [2025-09-15T07:46:01.039+0000] {dagbag.py:540} INFO - Filling up the DagBag from /opt/airflow/dags/clean_day_data.py
[2025-09-15T07:46:01.058+0000] {processor.py:840} INFO - DAG(s) 'clean_day_data' retrieved from /opt/airflow/dags/clean_day_data.py
[2025-09-15T07:46:01.083+0000] {logging_mixin.py:188} INFO - [2025-09-15T07:46:01.083+0000] {dag.py:3096} INFO - Sync 1 DAGs
[2025-09-15T07:46:01.095+0000] {logging_mixin.py:188} INFO - [2025-09-15T07:46:01.095+0000] {dag.py:3954} INFO - Setting next_dagrun for clean_day_data to None, run_after=None
[2025-09-15T07:46:01.115+0000] {processor.py:183} INFO - Processing /opt/airflow/dags/clean_day_data.py took 0.084 seconds
[2025-09-15T07:46:31.826+0000] {processor.py:161} INFO - Started process (PID=4660) to work on /opt/airflow/dags/clean_day_data.py
[2025-09-15T07:46:31.827+0000] {processor.py:830} INFO - Processing file /opt/airflow/dags/clean_day_data.py for tasks to queue
[2025-09-15T07:46:31.827+0000] {logging_mixin.py:188} INFO - [2025-09-15T07:46:31.827+0000] {dagbag.py:540} INFO - Filling up the DagBag from /opt/airflow/dags/clean_day_data.py
[2025-09-15T07:46:31.843+0000] {processor.py:840} INFO - DAG(s) 'clean_day_data' retrieved from /opt/airflow/dags/clean_day_data.py
[2025-09-15T07:46:31.867+0000] {logging_mixin.py:188} INFO - [2025-09-15T07:46:31.867+0000] {dag.py:3096} INFO - Sync 1 DAGs
[2025-09-15T07:46:31.877+0000] {logging_mixin.py:188} INFO - [2025-09-15T07:46:31.877+0000] {dag.py:3954} INFO - Setting next_dagrun for clean_day_data to None, run_after=None
[2025-09-15T07:46:31.898+0000] {processor.py:183} INFO - Processing /opt/airflow/dags/clean_day_data.py took 0.077 seconds
[2025-09-15T07:47:02.985+0000] {processor.py:161} INFO - Started process (PID=4695) to work on /opt/airflow/dags/clean_day_data.py
[2025-09-15T07:47:02.986+0000] {processor.py:830} INFO - Processing file /opt/airflow/dags/clean_day_data.py for tasks to queue
[2025-09-15T07:47:02.987+0000] {logging_mixin.py:188} INFO - [2025-09-15T07:47:02.986+0000] {dagbag.py:540} INFO - Filling up the DagBag from /opt/airflow/dags/clean_day_data.py
[2025-09-15T07:47:03.005+0000] {processor.py:840} INFO - DAG(s) 'clean_day_data' retrieved from /opt/airflow/dags/clean_day_data.py
[2025-09-15T07:47:03.032+0000] {logging_mixin.py:188} INFO - [2025-09-15T07:47:03.032+0000] {dag.py:3096} INFO - Sync 1 DAGs
[2025-09-15T07:47:03.045+0000] {logging_mixin.py:188} INFO - [2025-09-15T07:47:03.045+0000] {dag.py:3954} INFO - Setting next_dagrun for clean_day_data to None, run_after=None
[2025-09-15T07:47:03.112+0000] {processor.py:183} INFO - Processing /opt/airflow/dags/clean_day_data.py took 0.133 seconds
[2025-09-15T07:47:34.007+0000] {processor.py:161} INFO - Started process (PID=4730) to work on /opt/airflow/dags/clean_day_data.py
[2025-09-15T07:47:34.008+0000] {processor.py:830} INFO - Processing file /opt/airflow/dags/clean_day_data.py for tasks to queue
[2025-09-15T07:47:34.009+0000] {logging_mixin.py:188} INFO - [2025-09-15T07:47:34.009+0000] {dagbag.py:540} INFO - Filling up the DagBag from /opt/airflow/dags/clean_day_data.py
[2025-09-15T07:47:34.028+0000] {processor.py:840} INFO - DAG(s) 'clean_day_data' retrieved from /opt/airflow/dags/clean_day_data.py
[2025-09-15T07:47:34.057+0000] {logging_mixin.py:188} INFO - [2025-09-15T07:47:34.057+0000] {dag.py:3096} INFO - Sync 1 DAGs
[2025-09-15T07:47:34.072+0000] {logging_mixin.py:188} INFO - [2025-09-15T07:47:34.071+0000] {dag.py:3954} INFO - Setting next_dagrun for clean_day_data to None, run_after=None
[2025-09-15T07:47:34.092+0000] {processor.py:183} INFO - Processing /opt/airflow/dags/clean_day_data.py took 0.091 seconds
[2025-09-15T07:48:04.914+0000] {processor.py:161} INFO - Started process (PID=4765) to work on /opt/airflow/dags/clean_day_data.py
[2025-09-15T07:48:04.915+0000] {processor.py:830} INFO - Processing file /opt/airflow/dags/clean_day_data.py for tasks to queue
[2025-09-15T07:48:04.916+0000] {logging_mixin.py:188} INFO - [2025-09-15T07:48:04.916+0000] {dagbag.py:540} INFO - Filling up the DagBag from /opt/airflow/dags/clean_day_data.py
[2025-09-15T07:48:04.933+0000] {processor.py:840} INFO - DAG(s) 'clean_day_data' retrieved from /opt/airflow/dags/clean_day_data.py
[2025-09-15T07:48:04.960+0000] {logging_mixin.py:188} INFO - [2025-09-15T07:48:04.960+0000] {dag.py:3096} INFO - Sync 1 DAGs
[2025-09-15T07:48:04.971+0000] {logging_mixin.py:188} INFO - [2025-09-15T07:48:04.971+0000] {dag.py:3954} INFO - Setting next_dagrun for clean_day_data to None, run_after=None
[2025-09-15T07:48:04.991+0000] {processor.py:183} INFO - Processing /opt/airflow/dags/clean_day_data.py took 0.083 seconds
[2025-09-15T07:48:35.976+0000] {processor.py:161} INFO - Started process (PID=4800) to work on /opt/airflow/dags/clean_day_data.py
[2025-09-15T07:48:35.978+0000] {processor.py:830} INFO - Processing file /opt/airflow/dags/clean_day_data.py for tasks to queue
[2025-09-15T07:48:35.979+0000] {logging_mixin.py:188} INFO - [2025-09-15T07:48:35.979+0000] {dagbag.py:540} INFO - Filling up the DagBag from /opt/airflow/dags/clean_day_data.py
[2025-09-15T07:48:36.027+0000] {processor.py:840} INFO - DAG(s) 'clean_day_data' retrieved from /opt/airflow/dags/clean_day_data.py
[2025-09-15T07:48:36.066+0000] {logging_mixin.py:188} INFO - [2025-09-15T07:48:36.066+0000] {dag.py:3096} INFO - Sync 1 DAGs
[2025-09-15T07:48:36.081+0000] {logging_mixin.py:188} INFO - [2025-09-15T07:48:36.081+0000] {dag.py:3954} INFO - Setting next_dagrun for clean_day_data to None, run_after=None
[2025-09-15T07:48:36.104+0000] {processor.py:183} INFO - Processing /opt/airflow/dags/clean_day_data.py took 0.134 seconds
[2025-09-15T07:49:06.839+0000] {processor.py:161} INFO - Started process (PID=4835) to work on /opt/airflow/dags/clean_day_data.py
[2025-09-15T07:49:06.839+0000] {processor.py:830} INFO - Processing file /opt/airflow/dags/clean_day_data.py for tasks to queue
[2025-09-15T07:49:06.841+0000] {logging_mixin.py:188} INFO - [2025-09-15T07:49:06.841+0000] {dagbag.py:540} INFO - Filling up the DagBag from /opt/airflow/dags/clean_day_data.py
[2025-09-15T07:49:06.857+0000] {processor.py:840} INFO - DAG(s) 'clean_day_data' retrieved from /opt/airflow/dags/clean_day_data.py
[2025-09-15T07:49:06.882+0000] {logging_mixin.py:188} INFO - [2025-09-15T07:49:06.881+0000] {dag.py:3096} INFO - Sync 1 DAGs
[2025-09-15T07:49:06.893+0000] {logging_mixin.py:188} INFO - [2025-09-15T07:49:06.893+0000] {dag.py:3954} INFO - Setting next_dagrun for clean_day_data to None, run_after=None
[2025-09-15T07:49:06.912+0000] {processor.py:183} INFO - Processing /opt/airflow/dags/clean_day_data.py took 0.078 seconds
[2025-09-15T07:49:37.587+0000] {processor.py:161} INFO - Started process (PID=4870) to work on /opt/airflow/dags/clean_day_data.py
[2025-09-15T07:49:37.588+0000] {processor.py:830} INFO - Processing file /opt/airflow/dags/clean_day_data.py for tasks to queue
[2025-09-15T07:49:37.589+0000] {logging_mixin.py:188} INFO - [2025-09-15T07:49:37.589+0000] {dagbag.py:540} INFO - Filling up the DagBag from /opt/airflow/dags/clean_day_data.py
[2025-09-15T07:49:37.606+0000] {processor.py:840} INFO - DAG(s) 'clean_day_data' retrieved from /opt/airflow/dags/clean_day_data.py
[2025-09-15T07:49:37.631+0000] {logging_mixin.py:188} INFO - [2025-09-15T07:49:37.631+0000] {dag.py:3096} INFO - Sync 1 DAGs
[2025-09-15T07:49:37.642+0000] {logging_mixin.py:188} INFO - [2025-09-15T07:49:37.642+0000] {dag.py:3954} INFO - Setting next_dagrun for clean_day_data to None, run_after=None
[2025-09-15T07:49:37.662+0000] {processor.py:183} INFO - Processing /opt/airflow/dags/clean_day_data.py took 0.081 seconds
[2025-09-15T07:50:08.464+0000] {processor.py:161} INFO - Started process (PID=4905) to work on /opt/airflow/dags/clean_day_data.py
[2025-09-15T07:50:08.465+0000] {processor.py:830} INFO - Processing file /opt/airflow/dags/clean_day_data.py for tasks to queue
[2025-09-15T07:50:08.466+0000] {logging_mixin.py:188} INFO - [2025-09-15T07:50:08.466+0000] {dagbag.py:540} INFO - Filling up the DagBag from /opt/airflow/dags/clean_day_data.py
[2025-09-15T07:50:08.488+0000] {processor.py:840} INFO - DAG(s) 'clean_day_data' retrieved from /opt/airflow/dags/clean_day_data.py
[2025-09-15T07:50:08.529+0000] {logging_mixin.py:188} INFO - [2025-09-15T07:50:08.529+0000] {dag.py:3096} INFO - Sync 1 DAGs
[2025-09-15T07:50:08.545+0000] {logging_mixin.py:188} INFO - [2025-09-15T07:50:08.544+0000] {dag.py:3954} INFO - Setting next_dagrun for clean_day_data to None, run_after=None
[2025-09-15T07:50:08.588+0000] {processor.py:183} INFO - Processing /opt/airflow/dags/clean_day_data.py took 0.130 seconds
[2025-09-15T07:50:39.447+0000] {processor.py:161} INFO - Started process (PID=4940) to work on /opt/airflow/dags/clean_day_data.py
[2025-09-15T07:50:39.449+0000] {processor.py:830} INFO - Processing file /opt/airflow/dags/clean_day_data.py for tasks to queue
[2025-09-15T07:50:39.450+0000] {logging_mixin.py:188} INFO - [2025-09-15T07:50:39.450+0000] {dagbag.py:540} INFO - Filling up the DagBag from /opt/airflow/dags/clean_day_data.py
[2025-09-15T07:50:39.478+0000] {processor.py:840} INFO - DAG(s) 'clean_day_data' retrieved from /opt/airflow/dags/clean_day_data.py
[2025-09-15T07:50:39.509+0000] {logging_mixin.py:188} INFO - [2025-09-15T07:50:39.509+0000] {dag.py:3096} INFO - Sync 1 DAGs
[2025-09-15T07:50:39.520+0000] {logging_mixin.py:188} INFO - [2025-09-15T07:50:39.520+0000] {dag.py:3954} INFO - Setting next_dagrun for clean_day_data to None, run_after=None
[2025-09-15T07:50:39.544+0000] {processor.py:183} INFO - Processing /opt/airflow/dags/clean_day_data.py took 0.106 seconds
[2025-09-15T07:51:10.173+0000] {processor.py:161} INFO - Started process (PID=4975) to work on /opt/airflow/dags/clean_day_data.py
[2025-09-15T07:51:10.174+0000] {processor.py:830} INFO - Processing file /opt/airflow/dags/clean_day_data.py for tasks to queue
[2025-09-15T07:51:10.175+0000] {logging_mixin.py:188} INFO - [2025-09-15T07:51:10.174+0000] {dagbag.py:540} INFO - Filling up the DagBag from /opt/airflow/dags/clean_day_data.py
[2025-09-15T07:51:10.190+0000] {processor.py:840} INFO - DAG(s) 'clean_day_data' retrieved from /opt/airflow/dags/clean_day_data.py
[2025-09-15T07:51:10.214+0000] {logging_mixin.py:188} INFO - [2025-09-15T07:51:10.214+0000] {dag.py:3096} INFO - Sync 1 DAGs
[2025-09-15T07:51:10.225+0000] {logging_mixin.py:188} INFO - [2025-09-15T07:51:10.225+0000] {dag.py:3954} INFO - Setting next_dagrun for clean_day_data to None, run_after=None
[2025-09-15T07:51:10.244+0000] {processor.py:183} INFO - Processing /opt/airflow/dags/clean_day_data.py took 0.077 seconds
[2025-09-15T07:51:40.757+0000] {processor.py:161} INFO - Started process (PID=5008) to work on /opt/airflow/dags/clean_day_data.py
[2025-09-15T07:51:40.758+0000] {processor.py:830} INFO - Processing file /opt/airflow/dags/clean_day_data.py for tasks to queue
[2025-09-15T07:51:40.760+0000] {logging_mixin.py:188} INFO - [2025-09-15T07:51:40.759+0000] {dagbag.py:540} INFO - Filling up the DagBag from /opt/airflow/dags/clean_day_data.py
[2025-09-15T07:51:40.776+0000] {processor.py:840} INFO - DAG(s) 'clean_day_data' retrieved from /opt/airflow/dags/clean_day_data.py
[2025-09-15T07:51:40.801+0000] {logging_mixin.py:188} INFO - [2025-09-15T07:51:40.801+0000] {dag.py:3096} INFO - Sync 1 DAGs
[2025-09-15T07:51:40.812+0000] {logging_mixin.py:188} INFO - [2025-09-15T07:51:40.812+0000] {dag.py:3954} INFO - Setting next_dagrun for clean_day_data to None, run_after=None
[2025-09-15T07:51:40.831+0000] {processor.py:183} INFO - Processing /opt/airflow/dags/clean_day_data.py took 0.081 seconds
[2025-09-15T07:52:11.757+0000] {processor.py:161} INFO - Started process (PID=5045) to work on /opt/airflow/dags/clean_day_data.py
[2025-09-15T07:52:11.758+0000] {processor.py:830} INFO - Processing file /opt/airflow/dags/clean_day_data.py for tasks to queue
[2025-09-15T07:52:11.759+0000] {logging_mixin.py:188} INFO - [2025-09-15T07:52:11.759+0000] {dagbag.py:540} INFO - Filling up the DagBag from /opt/airflow/dags/clean_day_data.py
[2025-09-15T07:52:11.812+0000] {processor.py:840} INFO - DAG(s) 'clean_day_data' retrieved from /opt/airflow/dags/clean_day_data.py
[2025-09-15T07:52:11.842+0000] {logging_mixin.py:188} INFO - [2025-09-15T07:52:11.842+0000] {dag.py:3096} INFO - Sync 1 DAGs
[2025-09-15T07:52:11.863+0000] {logging_mixin.py:188} INFO - [2025-09-15T07:52:11.863+0000] {dag.py:3954} INFO - Setting next_dagrun for clean_day_data to None, run_after=None
[2025-09-15T07:52:11.883+0000] {processor.py:183} INFO - Processing /opt/airflow/dags/clean_day_data.py took 0.131 seconds
[2025-09-15T07:52:42.678+0000] {processor.py:161} INFO - Started process (PID=5080) to work on /opt/airflow/dags/clean_day_data.py
[2025-09-15T07:52:42.679+0000] {processor.py:830} INFO - Processing file /opt/airflow/dags/clean_day_data.py for tasks to queue
[2025-09-15T07:52:42.680+0000] {logging_mixin.py:188} INFO - [2025-09-15T07:52:42.680+0000] {dagbag.py:540} INFO - Filling up the DagBag from /opt/airflow/dags/clean_day_data.py
[2025-09-15T07:52:42.702+0000] {processor.py:840} INFO - DAG(s) 'clean_day_data' retrieved from /opt/airflow/dags/clean_day_data.py
[2025-09-15T07:52:42.732+0000] {logging_mixin.py:188} INFO - [2025-09-15T07:52:42.731+0000] {dag.py:3096} INFO - Sync 1 DAGs
[2025-09-15T07:52:42.745+0000] {logging_mixin.py:188} INFO - [2025-09-15T07:52:42.745+0000] {dag.py:3954} INFO - Setting next_dagrun for clean_day_data to None, run_after=None
[2025-09-15T07:52:42.775+0000] {processor.py:183} INFO - Processing /opt/airflow/dags/clean_day_data.py took 0.104 seconds
[2025-09-15T07:53:13.487+0000] {processor.py:161} INFO - Started process (PID=5115) to work on /opt/airflow/dags/clean_day_data.py
[2025-09-15T07:53:13.489+0000] {processor.py:830} INFO - Processing file /opt/airflow/dags/clean_day_data.py for tasks to queue
[2025-09-15T07:53:13.491+0000] {logging_mixin.py:188} INFO - [2025-09-15T07:53:13.490+0000] {dagbag.py:540} INFO - Filling up the DagBag from /opt/airflow/dags/clean_day_data.py
[2025-09-15T07:53:13.516+0000] {processor.py:840} INFO - DAG(s) 'clean_day_data' retrieved from /opt/airflow/dags/clean_day_data.py
[2025-09-15T07:53:13.548+0000] {logging_mixin.py:188} INFO - [2025-09-15T07:53:13.548+0000] {dag.py:3096} INFO - Sync 1 DAGs
[2025-09-15T07:53:13.564+0000] {logging_mixin.py:188} INFO - [2025-09-15T07:53:13.563+0000] {dag.py:3954} INFO - Setting next_dagrun for clean_day_data to None, run_after=None
[2025-09-15T07:53:13.587+0000] {processor.py:183} INFO - Processing /opt/airflow/dags/clean_day_data.py took 0.108 seconds
[2025-09-15T07:53:44.461+0000] {processor.py:161} INFO - Started process (PID=5150) to work on /opt/airflow/dags/clean_day_data.py
[2025-09-15T07:53:44.462+0000] {processor.py:830} INFO - Processing file /opt/airflow/dags/clean_day_data.py for tasks to queue
[2025-09-15T07:53:44.464+0000] {logging_mixin.py:188} INFO - [2025-09-15T07:53:44.463+0000] {dagbag.py:540} INFO - Filling up the DagBag from /opt/airflow/dags/clean_day_data.py
[2025-09-15T07:53:44.508+0000] {processor.py:840} INFO - DAG(s) 'clean_day_data' retrieved from /opt/airflow/dags/clean_day_data.py
[2025-09-15T07:53:44.545+0000] {logging_mixin.py:188} INFO - [2025-09-15T07:53:44.544+0000] {dag.py:3096} INFO - Sync 1 DAGs
[2025-09-15T07:53:44.565+0000] {logging_mixin.py:188} INFO - [2025-09-15T07:53:44.565+0000] {dag.py:3954} INFO - Setting next_dagrun for clean_day_data to None, run_after=None
[2025-09-15T07:53:44.593+0000] {processor.py:183} INFO - Processing /opt/airflow/dags/clean_day_data.py took 0.144 seconds
[2025-09-15T07:54:15.210+0000] {processor.py:161} INFO - Started process (PID=5185) to work on /opt/airflow/dags/clean_day_data.py
[2025-09-15T07:54:15.212+0000] {processor.py:830} INFO - Processing file /opt/airflow/dags/clean_day_data.py for tasks to queue
[2025-09-15T07:54:15.214+0000] {logging_mixin.py:188} INFO - [2025-09-15T07:54:15.213+0000] {dagbag.py:540} INFO - Filling up the DagBag from /opt/airflow/dags/clean_day_data.py
[2025-09-15T07:54:15.242+0000] {processor.py:840} INFO - DAG(s) 'clean_day_data' retrieved from /opt/airflow/dags/clean_day_data.py
[2025-09-15T07:54:15.285+0000] {logging_mixin.py:188} INFO - [2025-09-15T07:54:15.285+0000] {dag.py:3096} INFO - Sync 1 DAGs
[2025-09-15T07:54:15.296+0000] {logging_mixin.py:188} INFO - [2025-09-15T07:54:15.296+0000] {dag.py:3954} INFO - Setting next_dagrun for clean_day_data to None, run_after=None
[2025-09-15T07:54:15.319+0000] {processor.py:183} INFO - Processing /opt/airflow/dags/clean_day_data.py took 0.116 seconds
[2025-09-15T07:54:45.864+0000] {processor.py:161} INFO - Started process (PID=5218) to work on /opt/airflow/dags/clean_day_data.py
[2025-09-15T07:54:45.866+0000] {processor.py:830} INFO - Processing file /opt/airflow/dags/clean_day_data.py for tasks to queue
[2025-09-15T07:54:45.867+0000] {logging_mixin.py:188} INFO - [2025-09-15T07:54:45.866+0000] {dagbag.py:540} INFO - Filling up the DagBag from /opt/airflow/dags/clean_day_data.py
[2025-09-15T07:54:45.886+0000] {processor.py:840} INFO - DAG(s) 'clean_day_data' retrieved from /opt/airflow/dags/clean_day_data.py
[2025-09-15T07:54:45.919+0000] {logging_mixin.py:188} INFO - [2025-09-15T07:54:45.919+0000] {dag.py:3096} INFO - Sync 1 DAGs
[2025-09-15T07:54:45.932+0000] {logging_mixin.py:188} INFO - [2025-09-15T07:54:45.931+0000] {dag.py:3954} INFO - Setting next_dagrun for clean_day_data to None, run_after=None
[2025-09-15T07:54:45.951+0000] {processor.py:183} INFO - Processing /opt/airflow/dags/clean_day_data.py took 0.108 seconds
[2025-09-15T07:55:16.659+0000] {processor.py:161} INFO - Started process (PID=5255) to work on /opt/airflow/dags/clean_day_data.py
[2025-09-15T07:55:16.660+0000] {processor.py:830} INFO - Processing file /opt/airflow/dags/clean_day_data.py for tasks to queue
[2025-09-15T07:55:16.661+0000] {logging_mixin.py:188} INFO - [2025-09-15T07:55:16.661+0000] {dagbag.py:540} INFO - Filling up the DagBag from /opt/airflow/dags/clean_day_data.py
[2025-09-15T07:55:16.678+0000] {processor.py:840} INFO - DAG(s) 'clean_day_data' retrieved from /opt/airflow/dags/clean_day_data.py
[2025-09-15T07:55:16.704+0000] {logging_mixin.py:188} INFO - [2025-09-15T07:55:16.704+0000] {dag.py:3096} INFO - Sync 1 DAGs
[2025-09-15T07:55:16.716+0000] {logging_mixin.py:188} INFO - [2025-09-15T07:55:16.715+0000] {dag.py:3954} INFO - Setting next_dagrun for clean_day_data to None, run_after=None
[2025-09-15T07:55:16.735+0000] {processor.py:183} INFO - Processing /opt/airflow/dags/clean_day_data.py took 0.082 seconds
[2025-09-15T07:55:47.393+0000] {processor.py:161} INFO - Started process (PID=5290) to work on /opt/airflow/dags/clean_day_data.py
[2025-09-15T07:55:47.394+0000] {processor.py:830} INFO - Processing file /opt/airflow/dags/clean_day_data.py for tasks to queue
[2025-09-15T07:55:47.395+0000] {logging_mixin.py:188} INFO - [2025-09-15T07:55:47.395+0000] {dagbag.py:540} INFO - Filling up the DagBag from /opt/airflow/dags/clean_day_data.py
[2025-09-15T07:55:47.412+0000] {processor.py:840} INFO - DAG(s) 'clean_day_data' retrieved from /opt/airflow/dags/clean_day_data.py
[2025-09-15T07:55:47.439+0000] {logging_mixin.py:188} INFO - [2025-09-15T07:55:47.438+0000] {dag.py:3096} INFO - Sync 1 DAGs
[2025-09-15T07:55:47.450+0000] {logging_mixin.py:188} INFO - [2025-09-15T07:55:47.450+0000] {dag.py:3954} INFO - Setting next_dagrun for clean_day_data to None, run_after=None
[2025-09-15T07:55:47.471+0000] {processor.py:183} INFO - Processing /opt/airflow/dags/clean_day_data.py took 0.083 seconds
[2025-09-15T07:56:18.066+0000] {processor.py:161} INFO - Started process (PID=5325) to work on /opt/airflow/dags/clean_day_data.py
[2025-09-15T07:56:18.068+0000] {processor.py:830} INFO - Processing file /opt/airflow/dags/clean_day_data.py for tasks to queue
[2025-09-15T07:56:18.069+0000] {logging_mixin.py:188} INFO - [2025-09-15T07:56:18.069+0000] {dagbag.py:540} INFO - Filling up the DagBag from /opt/airflow/dags/clean_day_data.py
[2025-09-15T07:56:18.090+0000] {processor.py:840} INFO - DAG(s) 'clean_day_data' retrieved from /opt/airflow/dags/clean_day_data.py
[2025-09-15T07:56:18.122+0000] {logging_mixin.py:188} INFO - [2025-09-15T07:56:18.121+0000] {dag.py:3096} INFO - Sync 1 DAGs
[2025-09-15T07:56:18.134+0000] {logging_mixin.py:188} INFO - [2025-09-15T07:56:18.134+0000] {dag.py:3954} INFO - Setting next_dagrun for clean_day_data to None, run_after=None
[2025-09-15T07:56:18.155+0000] {processor.py:183} INFO - Processing /opt/airflow/dags/clean_day_data.py took 0.095 seconds
[2025-09-15T07:56:48.850+0000] {processor.py:161} INFO - Started process (PID=5358) to work on /opt/airflow/dags/clean_day_data.py
[2025-09-15T07:56:48.851+0000] {processor.py:830} INFO - Processing file /opt/airflow/dags/clean_day_data.py for tasks to queue
[2025-09-15T07:56:48.852+0000] {logging_mixin.py:188} INFO - [2025-09-15T07:56:48.851+0000] {dagbag.py:540} INFO - Filling up the DagBag from /opt/airflow/dags/clean_day_data.py
[2025-09-15T07:56:48.887+0000] {processor.py:840} INFO - DAG(s) 'clean_day_data' retrieved from /opt/airflow/dags/clean_day_data.py
[2025-09-15T07:56:48.949+0000] {logging_mixin.py:188} INFO - [2025-09-15T07:56:48.949+0000] {dag.py:3096} INFO - Sync 1 DAGs
[2025-09-15T07:56:48.968+0000] {logging_mixin.py:188} INFO - [2025-09-15T07:56:48.968+0000] {dag.py:3954} INFO - Setting next_dagrun for clean_day_data to None, run_after=None
[2025-09-15T07:56:48.990+0000] {processor.py:183} INFO - Processing /opt/airflow/dags/clean_day_data.py took 0.146 seconds
[2025-09-15T07:57:19.592+0000] {processor.py:161} INFO - Started process (PID=5395) to work on /opt/airflow/dags/clean_day_data.py
[2025-09-15T07:57:19.593+0000] {processor.py:830} INFO - Processing file /opt/airflow/dags/clean_day_data.py for tasks to queue
[2025-09-15T07:57:19.594+0000] {logging_mixin.py:188} INFO - [2025-09-15T07:57:19.594+0000] {dagbag.py:540} INFO - Filling up the DagBag from /opt/airflow/dags/clean_day_data.py
[2025-09-15T07:57:19.609+0000] {processor.py:840} INFO - DAG(s) 'clean_day_data' retrieved from /opt/airflow/dags/clean_day_data.py
[2025-09-15T07:57:19.634+0000] {logging_mixin.py:188} INFO - [2025-09-15T07:57:19.634+0000] {dag.py:3096} INFO - Sync 1 DAGs
[2025-09-15T07:57:19.644+0000] {logging_mixin.py:188} INFO - [2025-09-15T07:57:19.644+0000] {dag.py:3954} INFO - Setting next_dagrun for clean_day_data to None, run_after=None
[2025-09-15T07:57:19.664+0000] {processor.py:183} INFO - Processing /opt/airflow/dags/clean_day_data.py took 0.077 seconds
[2025-09-15T07:57:50.252+0000] {processor.py:161} INFO - Started process (PID=5430) to work on /opt/airflow/dags/clean_day_data.py
[2025-09-15T07:57:50.253+0000] {processor.py:830} INFO - Processing file /opt/airflow/dags/clean_day_data.py for tasks to queue
[2025-09-15T07:57:50.254+0000] {logging_mixin.py:188} INFO - [2025-09-15T07:57:50.254+0000] {dagbag.py:540} INFO - Filling up the DagBag from /opt/airflow/dags/clean_day_data.py
[2025-09-15T07:57:50.270+0000] {processor.py:840} INFO - DAG(s) 'clean_day_data' retrieved from /opt/airflow/dags/clean_day_data.py
[2025-09-15T07:57:50.295+0000] {logging_mixin.py:188} INFO - [2025-09-15T07:57:50.295+0000] {dag.py:3096} INFO - Sync 1 DAGs
[2025-09-15T07:57:50.306+0000] {logging_mixin.py:188} INFO - [2025-09-15T07:57:50.305+0000] {dag.py:3954} INFO - Setting next_dagrun for clean_day_data to None, run_after=None
[2025-09-15T07:57:50.325+0000] {processor.py:183} INFO - Processing /opt/airflow/dags/clean_day_data.py took 0.078 seconds
[2025-09-15T07:58:20.894+0000] {processor.py:161} INFO - Started process (PID=5465) to work on /opt/airflow/dags/clean_day_data.py
[2025-09-15T07:58:20.895+0000] {processor.py:830} INFO - Processing file /opt/airflow/dags/clean_day_data.py for tasks to queue
[2025-09-15T07:58:20.895+0000] {logging_mixin.py:188} INFO - [2025-09-15T07:58:20.895+0000] {dagbag.py:540} INFO - Filling up the DagBag from /opt/airflow/dags/clean_day_data.py
[2025-09-15T07:58:20.911+0000] {processor.py:840} INFO - DAG(s) 'clean_day_data' retrieved from /opt/airflow/dags/clean_day_data.py
[2025-09-15T07:58:20.936+0000] {logging_mixin.py:188} INFO - [2025-09-15T07:58:20.936+0000] {dag.py:3096} INFO - Sync 1 DAGs
[2025-09-15T07:58:20.947+0000] {logging_mixin.py:188} INFO - [2025-09-15T07:58:20.947+0000] {dag.py:3954} INFO - Setting next_dagrun for clean_day_data to None, run_after=None
[2025-09-15T07:58:20.967+0000] {processor.py:183} INFO - Processing /opt/airflow/dags/clean_day_data.py took 0.079 seconds
[2025-09-15T07:58:51.550+0000] {processor.py:161} INFO - Started process (PID=5500) to work on /opt/airflow/dags/clean_day_data.py
[2025-09-15T07:58:51.551+0000] {processor.py:830} INFO - Processing file /opt/airflow/dags/clean_day_data.py for tasks to queue
[2025-09-15T07:58:51.552+0000] {logging_mixin.py:188} INFO - [2025-09-15T07:58:51.552+0000] {dagbag.py:540} INFO - Filling up the DagBag from /opt/airflow/dags/clean_day_data.py
[2025-09-15T07:58:51.570+0000] {processor.py:840} INFO - DAG(s) 'clean_day_data' retrieved from /opt/airflow/dags/clean_day_data.py
[2025-09-15T07:58:51.595+0000] {logging_mixin.py:188} INFO - [2025-09-15T07:58:51.594+0000] {dag.py:3096} INFO - Sync 1 DAGs
[2025-09-15T07:58:51.606+0000] {logging_mixin.py:188} INFO - [2025-09-15T07:58:51.606+0000] {dag.py:3954} INFO - Setting next_dagrun for clean_day_data to None, run_after=None
[2025-09-15T07:58:51.625+0000] {processor.py:183} INFO - Processing /opt/airflow/dags/clean_day_data.py took 0.080 seconds
[2025-09-15T07:59:22.242+0000] {processor.py:161} INFO - Started process (PID=5535) to work on /opt/airflow/dags/clean_day_data.py
[2025-09-15T07:59:22.243+0000] {processor.py:830} INFO - Processing file /opt/airflow/dags/clean_day_data.py for tasks to queue
[2025-09-15T07:59:22.243+0000] {logging_mixin.py:188} INFO - [2025-09-15T07:59:22.243+0000] {dagbag.py:540} INFO - Filling up the DagBag from /opt/airflow/dags/clean_day_data.py
[2025-09-15T07:59:22.260+0000] {processor.py:840} INFO - DAG(s) 'clean_day_data' retrieved from /opt/airflow/dags/clean_day_data.py
[2025-09-15T07:59:22.285+0000] {logging_mixin.py:188} INFO - [2025-09-15T07:59:22.285+0000] {dag.py:3096} INFO - Sync 1 DAGs
[2025-09-15T07:59:22.296+0000] {logging_mixin.py:188} INFO - [2025-09-15T07:59:22.296+0000] {dag.py:3954} INFO - Setting next_dagrun for clean_day_data to None, run_after=None
[2025-09-15T07:59:22.316+0000] {processor.py:183} INFO - Processing /opt/airflow/dags/clean_day_data.py took 0.080 seconds
[2025-09-15T07:59:52.924+0000] {processor.py:161} INFO - Started process (PID=5570) to work on /opt/airflow/dags/clean_day_data.py
[2025-09-15T07:59:52.925+0000] {processor.py:830} INFO - Processing file /opt/airflow/dags/clean_day_data.py for tasks to queue
[2025-09-15T07:59:52.926+0000] {logging_mixin.py:188} INFO - [2025-09-15T07:59:52.926+0000] {dagbag.py:540} INFO - Filling up the DagBag from /opt/airflow/dags/clean_day_data.py
[2025-09-15T07:59:52.942+0000] {processor.py:840} INFO - DAG(s) 'clean_day_data' retrieved from /opt/airflow/dags/clean_day_data.py
[2025-09-15T07:59:52.967+0000] {logging_mixin.py:188} INFO - [2025-09-15T07:59:52.967+0000] {dag.py:3096} INFO - Sync 1 DAGs
[2025-09-15T07:59:52.978+0000] {logging_mixin.py:188} INFO - [2025-09-15T07:59:52.978+0000] {dag.py:3954} INFO - Setting next_dagrun for clean_day_data to None, run_after=None
[2025-09-15T07:59:52.999+0000] {processor.py:183} INFO - Processing /opt/airflow/dags/clean_day_data.py took 0.080 seconds
[2025-09-15T08:00:23.554+0000] {processor.py:161} INFO - Started process (PID=5605) to work on /opt/airflow/dags/clean_day_data.py
[2025-09-15T08:00:23.555+0000] {processor.py:830} INFO - Processing file /opt/airflow/dags/clean_day_data.py for tasks to queue
[2025-09-15T08:00:23.556+0000] {logging_mixin.py:188} INFO - [2025-09-15T08:00:23.556+0000] {dagbag.py:540} INFO - Filling up the DagBag from /opt/airflow/dags/clean_day_data.py
[2025-09-15T08:00:23.575+0000] {processor.py:840} INFO - DAG(s) 'clean_day_data' retrieved from /opt/airflow/dags/clean_day_data.py
[2025-09-15T08:00:23.600+0000] {logging_mixin.py:188} INFO - [2025-09-15T08:00:23.600+0000] {dag.py:3096} INFO - Sync 1 DAGs
[2025-09-15T08:00:23.611+0000] {logging_mixin.py:188} INFO - [2025-09-15T08:00:23.611+0000] {dag.py:3954} INFO - Setting next_dagrun for clean_day_data to None, run_after=None
[2025-09-15T08:00:23.630+0000] {processor.py:183} INFO - Processing /opt/airflow/dags/clean_day_data.py took 0.082 seconds
[2025-09-15T08:00:54.126+0000] {processor.py:161} INFO - Started process (PID=5638) to work on /opt/airflow/dags/clean_day_data.py
[2025-09-15T08:00:54.128+0000] {processor.py:830} INFO - Processing file /opt/airflow/dags/clean_day_data.py for tasks to queue
[2025-09-15T08:00:54.130+0000] {logging_mixin.py:188} INFO - [2025-09-15T08:00:54.130+0000] {dagbag.py:540} INFO - Filling up the DagBag from /opt/airflow/dags/clean_day_data.py
[2025-09-15T08:00:54.152+0000] {processor.py:840} INFO - DAG(s) 'clean_day_data' retrieved from /opt/airflow/dags/clean_day_data.py
[2025-09-15T08:00:54.179+0000] {logging_mixin.py:188} INFO - [2025-09-15T08:00:54.179+0000] {dag.py:3096} INFO - Sync 1 DAGs
[2025-09-15T08:00:54.190+0000] {logging_mixin.py:188} INFO - [2025-09-15T08:00:54.190+0000] {dag.py:3954} INFO - Setting next_dagrun for clean_day_data to None, run_after=None
[2025-09-15T08:00:54.211+0000] {processor.py:183} INFO - Processing /opt/airflow/dags/clean_day_data.py took 0.094 seconds
[2025-09-15T08:01:24.729+0000] {processor.py:161} INFO - Started process (PID=5673) to work on /opt/airflow/dags/clean_day_data.py
[2025-09-15T08:01:24.730+0000] {processor.py:830} INFO - Processing file /opt/airflow/dags/clean_day_data.py for tasks to queue
[2025-09-15T08:01:24.731+0000] {logging_mixin.py:188} INFO - [2025-09-15T08:01:24.730+0000] {dagbag.py:540} INFO - Filling up the DagBag from /opt/airflow/dags/clean_day_data.py
[2025-09-15T08:01:24.747+0000] {processor.py:840} INFO - DAG(s) 'clean_day_data' retrieved from /opt/airflow/dags/clean_day_data.py
[2025-09-15T08:01:24.776+0000] {logging_mixin.py:188} INFO - [2025-09-15T08:01:24.775+0000] {dag.py:3096} INFO - Sync 1 DAGs
[2025-09-15T08:01:24.792+0000] {logging_mixin.py:188} INFO - [2025-09-15T08:01:24.792+0000] {dag.py:3954} INFO - Setting next_dagrun for clean_day_data to None, run_after=None
[2025-09-15T08:01:24.811+0000] {processor.py:183} INFO - Processing /opt/airflow/dags/clean_day_data.py took 0.087 seconds
[2025-09-15T08:01:55.458+0000] {processor.py:161} INFO - Started process (PID=5710) to work on /opt/airflow/dags/clean_day_data.py
[2025-09-15T08:01:55.459+0000] {processor.py:830} INFO - Processing file /opt/airflow/dags/clean_day_data.py for tasks to queue
[2025-09-15T08:01:55.460+0000] {logging_mixin.py:188} INFO - [2025-09-15T08:01:55.460+0000] {dagbag.py:540} INFO - Filling up the DagBag from /opt/airflow/dags/clean_day_data.py
[2025-09-15T08:01:55.479+0000] {processor.py:840} INFO - DAG(s) 'clean_day_data' retrieved from /opt/airflow/dags/clean_day_data.py
[2025-09-15T08:01:55.507+0000] {logging_mixin.py:188} INFO - [2025-09-15T08:01:55.507+0000] {dag.py:3096} INFO - Sync 1 DAGs
[2025-09-15T08:01:55.520+0000] {logging_mixin.py:188} INFO - [2025-09-15T08:01:55.519+0000] {dag.py:3954} INFO - Setting next_dagrun for clean_day_data to None, run_after=None
[2025-09-15T08:01:55.539+0000] {processor.py:183} INFO - Processing /opt/airflow/dags/clean_day_data.py took 0.086 seconds
[2025-09-15T08:02:26.265+0000] {processor.py:161} INFO - Started process (PID=5745) to work on /opt/airflow/dags/clean_day_data.py
[2025-09-15T08:02:26.266+0000] {processor.py:830} INFO - Processing file /opt/airflow/dags/clean_day_data.py for tasks to queue
[2025-09-15T08:02:26.267+0000] {logging_mixin.py:188} INFO - [2025-09-15T08:02:26.267+0000] {dagbag.py:540} INFO - Filling up the DagBag from /opt/airflow/dags/clean_day_data.py
[2025-09-15T08:02:26.299+0000] {processor.py:840} INFO - DAG(s) 'clean_day_data' retrieved from /opt/airflow/dags/clean_day_data.py
[2025-09-15T08:02:26.332+0000] {logging_mixin.py:188} INFO - [2025-09-15T08:02:26.332+0000] {dag.py:3096} INFO - Sync 1 DAGs
[2025-09-15T08:02:26.347+0000] {logging_mixin.py:188} INFO - [2025-09-15T08:02:26.347+0000] {dag.py:3954} INFO - Setting next_dagrun for clean_day_data to None, run_after=None
[2025-09-15T08:02:26.368+0000] {processor.py:183} INFO - Processing /opt/airflow/dags/clean_day_data.py took 0.108 seconds
[2025-09-15T08:02:56.847+0000] {processor.py:161} INFO - Started process (PID=5780) to work on /opt/airflow/dags/clean_day_data.py
[2025-09-15T08:02:56.848+0000] {processor.py:830} INFO - Processing file /opt/airflow/dags/clean_day_data.py for tasks to queue
[2025-09-15T08:02:56.849+0000] {logging_mixin.py:188} INFO - [2025-09-15T08:02:56.848+0000] {dagbag.py:540} INFO - Filling up the DagBag from /opt/airflow/dags/clean_day_data.py
[2025-09-15T08:02:56.865+0000] {processor.py:840} INFO - DAG(s) 'clean_day_data' retrieved from /opt/airflow/dags/clean_day_data.py
[2025-09-15T08:02:56.891+0000] {logging_mixin.py:188} INFO - [2025-09-15T08:02:56.891+0000] {dag.py:3096} INFO - Sync 1 DAGs
[2025-09-15T08:02:56.902+0000] {logging_mixin.py:188} INFO - [2025-09-15T08:02:56.902+0000] {dag.py:3954} INFO - Setting next_dagrun for clean_day_data to None, run_after=None
[2025-09-15T08:02:56.921+0000] {processor.py:183} INFO - Processing /opt/airflow/dags/clean_day_data.py took 0.080 seconds
[2025-09-15T08:03:27.429+0000] {processor.py:161} INFO - Started process (PID=5813) to work on /opt/airflow/dags/clean_day_data.py
[2025-09-15T08:03:27.430+0000] {processor.py:830} INFO - Processing file /opt/airflow/dags/clean_day_data.py for tasks to queue
[2025-09-15T08:03:27.432+0000] {logging_mixin.py:188} INFO - [2025-09-15T08:03:27.432+0000] {dagbag.py:540} INFO - Filling up the DagBag from /opt/airflow/dags/clean_day_data.py
[2025-09-15T08:03:27.463+0000] {processor.py:840} INFO - DAG(s) 'clean_day_data' retrieved from /opt/airflow/dags/clean_day_data.py
[2025-09-15T08:03:27.511+0000] {logging_mixin.py:188} INFO - [2025-09-15T08:03:27.511+0000] {dag.py:3096} INFO - Sync 1 DAGs
[2025-09-15T08:03:27.545+0000] {logging_mixin.py:188} INFO - [2025-09-15T08:03:27.545+0000] {dag.py:3954} INFO - Setting next_dagrun for clean_day_data to None, run_after=None
[2025-09-15T08:03:27.574+0000] {processor.py:183} INFO - Processing /opt/airflow/dags/clean_day_data.py took 0.159 seconds
[2025-09-15T08:03:58.568+0000] {processor.py:161} INFO - Started process (PID=5850) to work on /opt/airflow/dags/clean_day_data.py
[2025-09-15T08:03:58.569+0000] {processor.py:830} INFO - Processing file /opt/airflow/dags/clean_day_data.py for tasks to queue
[2025-09-15T08:03:58.569+0000] {logging_mixin.py:188} INFO - [2025-09-15T08:03:58.569+0000] {dagbag.py:540} INFO - Filling up the DagBag from /opt/airflow/dags/clean_day_data.py
[2025-09-15T08:03:58.587+0000] {processor.py:840} INFO - DAG(s) 'clean_day_data' retrieved from /opt/airflow/dags/clean_day_data.py
[2025-09-15T08:03:58.614+0000] {logging_mixin.py:188} INFO - [2025-09-15T08:03:58.614+0000] {dag.py:3096} INFO - Sync 1 DAGs
[2025-09-15T08:03:58.628+0000] {logging_mixin.py:188} INFO - [2025-09-15T08:03:58.628+0000] {dag.py:3954} INFO - Setting next_dagrun for clean_day_data to None, run_after=None
[2025-09-15T08:03:58.648+0000] {processor.py:183} INFO - Processing /opt/airflow/dags/clean_day_data.py took 0.086 seconds
[2025-09-15T08:04:29.271+0000] {processor.py:161} INFO - Started process (PID=5883) to work on /opt/airflow/dags/clean_day_data.py
[2025-09-15T08:04:29.273+0000] {processor.py:830} INFO - Processing file /opt/airflow/dags/clean_day_data.py for tasks to queue
[2025-09-15T08:04:29.277+0000] {logging_mixin.py:188} INFO - [2025-09-15T08:04:29.275+0000] {dagbag.py:540} INFO - Filling up the DagBag from /opt/airflow/dags/clean_day_data.py
[2025-09-15T08:04:29.324+0000] {processor.py:840} INFO - DAG(s) 'clean_day_data' retrieved from /opt/airflow/dags/clean_day_data.py
[2025-09-15T08:04:29.423+0000] {logging_mixin.py:188} INFO - [2025-09-15T08:04:29.423+0000] {dag.py:3096} INFO - Sync 1 DAGs
[2025-09-15T08:04:29.436+0000] {logging_mixin.py:188} INFO - [2025-09-15T08:04:29.436+0000] {dag.py:3954} INFO - Setting next_dagrun for clean_day_data to None, run_after=None
[2025-09-15T08:04:29.458+0000] {processor.py:183} INFO - Processing /opt/airflow/dags/clean_day_data.py took 0.197 seconds
[2025-09-15T08:05:00.286+0000] {processor.py:161} INFO - Started process (PID=5920) to work on /opt/airflow/dags/clean_day_data.py
[2025-09-15T08:05:00.287+0000] {processor.py:830} INFO - Processing file /opt/airflow/dags/clean_day_data.py for tasks to queue
[2025-09-15T08:05:00.288+0000] {logging_mixin.py:188} INFO - [2025-09-15T08:05:00.288+0000] {dagbag.py:540} INFO - Filling up the DagBag from /opt/airflow/dags/clean_day_data.py
[2025-09-15T08:05:00.310+0000] {processor.py:840} INFO - DAG(s) 'clean_day_data' retrieved from /opt/airflow/dags/clean_day_data.py
[2025-09-15T08:05:00.337+0000] {logging_mixin.py:188} INFO - [2025-09-15T08:05:00.337+0000] {dag.py:3096} INFO - Sync 1 DAGs
[2025-09-15T08:05:00.353+0000] {logging_mixin.py:188} INFO - [2025-09-15T08:05:00.353+0000] {dag.py:3954} INFO - Setting next_dagrun for clean_day_data to None, run_after=None
[2025-09-15T08:05:00.374+0000] {processor.py:183} INFO - Processing /opt/airflow/dags/clean_day_data.py took 0.094 seconds
[2025-09-15T08:05:30.882+0000] {processor.py:161} INFO - Started process (PID=5955) to work on /opt/airflow/dags/clean_day_data.py
[2025-09-15T08:05:30.883+0000] {processor.py:830} INFO - Processing file /opt/airflow/dags/clean_day_data.py for tasks to queue
[2025-09-15T08:05:30.884+0000] {logging_mixin.py:188} INFO - [2025-09-15T08:05:30.884+0000] {dagbag.py:540} INFO - Filling up the DagBag from /opt/airflow/dags/clean_day_data.py
[2025-09-15T08:05:30.900+0000] {processor.py:840} INFO - DAG(s) 'clean_day_data' retrieved from /opt/airflow/dags/clean_day_data.py
[2025-09-15T08:05:30.925+0000] {logging_mixin.py:188} INFO - [2025-09-15T08:05:30.924+0000] {dag.py:3096} INFO - Sync 1 DAGs
[2025-09-15T08:05:30.937+0000] {logging_mixin.py:188} INFO - [2025-09-15T08:05:30.937+0000] {dag.py:3954} INFO - Setting next_dagrun for clean_day_data to None, run_after=None
[2025-09-15T08:05:30.956+0000] {processor.py:183} INFO - Processing /opt/airflow/dags/clean_day_data.py took 0.081 seconds
[2025-09-15T08:06:01.651+0000] {processor.py:161} INFO - Started process (PID=5988) to work on /opt/airflow/dags/clean_day_data.py
[2025-09-15T08:06:01.652+0000] {processor.py:830} INFO - Processing file /opt/airflow/dags/clean_day_data.py for tasks to queue
[2025-09-15T08:06:01.653+0000] {logging_mixin.py:188} INFO - [2025-09-15T08:06:01.652+0000] {dagbag.py:540} INFO - Filling up the DagBag from /opt/airflow/dags/clean_day_data.py
[2025-09-15T08:06:01.673+0000] {processor.py:840} INFO - DAG(s) 'clean_day_data' retrieved from /opt/airflow/dags/clean_day_data.py
[2025-09-15T08:06:01.706+0000] {logging_mixin.py:188} INFO - [2025-09-15T08:06:01.706+0000] {dag.py:3096} INFO - Sync 1 DAGs
[2025-09-15T08:06:01.719+0000] {logging_mixin.py:188} INFO - [2025-09-15T08:06:01.718+0000] {dag.py:3954} INFO - Setting next_dagrun for clean_day_data to None, run_after=None
[2025-09-15T08:06:01.742+0000] {processor.py:183} INFO - Processing /opt/airflow/dags/clean_day_data.py took 0.097 seconds
[2025-09-15T08:06:32.222+0000] {processor.py:161} INFO - Started process (PID=6025) to work on /opt/airflow/dags/clean_day_data.py
[2025-09-15T08:06:32.223+0000] {processor.py:830} INFO - Processing file /opt/airflow/dags/clean_day_data.py for tasks to queue
[2025-09-15T08:06:32.225+0000] {logging_mixin.py:188} INFO - [2025-09-15T08:06:32.224+0000] {dagbag.py:540} INFO - Filling up the DagBag from /opt/airflow/dags/clean_day_data.py
[2025-09-15T08:06:32.248+0000] {processor.py:840} INFO - DAG(s) 'clean_day_data' retrieved from /opt/airflow/dags/clean_day_data.py
[2025-09-15T08:06:32.283+0000] {logging_mixin.py:188} INFO - [2025-09-15T08:06:32.283+0000] {dag.py:3096} INFO - Sync 1 DAGs
[2025-09-15T08:06:32.295+0000] {logging_mixin.py:188} INFO - [2025-09-15T08:06:32.295+0000] {dag.py:3954} INFO - Setting next_dagrun for clean_day_data to None, run_after=None
[2025-09-15T08:06:32.331+0000] {processor.py:183} INFO - Processing /opt/airflow/dags/clean_day_data.py took 0.115 seconds
[2025-09-15T08:07:02.906+0000] {processor.py:161} INFO - Started process (PID=6060) to work on /opt/airflow/dags/clean_day_data.py
[2025-09-15T08:07:02.908+0000] {processor.py:830} INFO - Processing file /opt/airflow/dags/clean_day_data.py for tasks to queue
[2025-09-15T08:07:02.911+0000] {logging_mixin.py:188} INFO - [2025-09-15T08:07:02.911+0000] {dagbag.py:540} INFO - Filling up the DagBag from /opt/airflow/dags/clean_day_data.py
[2025-09-15T08:07:02.936+0000] {processor.py:840} INFO - DAG(s) 'clean_day_data' retrieved from /opt/airflow/dags/clean_day_data.py
[2025-09-15T08:07:02.963+0000] {logging_mixin.py:188} INFO - [2025-09-15T08:07:02.963+0000] {dag.py:3096} INFO - Sync 1 DAGs
[2025-09-15T08:07:02.978+0000] {logging_mixin.py:188} INFO - [2025-09-15T08:07:02.978+0000] {dag.py:3954} INFO - Setting next_dagrun for clean_day_data to None, run_after=None
[2025-09-15T08:07:03.019+0000] {processor.py:183} INFO - Processing /opt/airflow/dags/clean_day_data.py took 0.126 seconds
[2025-09-15T08:07:33.583+0000] {processor.py:161} INFO - Started process (PID=6095) to work on /opt/airflow/dags/clean_day_data.py
[2025-09-15T08:07:33.584+0000] {processor.py:830} INFO - Processing file /opt/airflow/dags/clean_day_data.py for tasks to queue
[2025-09-15T08:07:33.585+0000] {logging_mixin.py:188} INFO - [2025-09-15T08:07:33.585+0000] {dagbag.py:540} INFO - Filling up the DagBag from /opt/airflow/dags/clean_day_data.py
[2025-09-15T08:07:33.601+0000] {processor.py:840} INFO - DAG(s) 'clean_day_data' retrieved from /opt/airflow/dags/clean_day_data.py
[2025-09-15T08:07:33.626+0000] {logging_mixin.py:188} INFO - [2025-09-15T08:07:33.625+0000] {dag.py:3096} INFO - Sync 1 DAGs
[2025-09-15T08:07:33.637+0000] {logging_mixin.py:188} INFO - [2025-09-15T08:07:33.637+0000] {dag.py:3954} INFO - Setting next_dagrun for clean_day_data to None, run_after=None
[2025-09-15T08:07:33.657+0000] {processor.py:183} INFO - Processing /opt/airflow/dags/clean_day_data.py took 0.079 seconds
[2025-09-15T08:08:04.332+0000] {processor.py:161} INFO - Started process (PID=6130) to work on /opt/airflow/dags/clean_day_data.py
[2025-09-15T08:08:04.333+0000] {processor.py:830} INFO - Processing file /opt/airflow/dags/clean_day_data.py for tasks to queue
[2025-09-15T08:08:04.334+0000] {logging_mixin.py:188} INFO - [2025-09-15T08:08:04.334+0000] {dagbag.py:540} INFO - Filling up the DagBag from /opt/airflow/dags/clean_day_data.py
[2025-09-15T08:08:04.354+0000] {processor.py:840} INFO - DAG(s) 'clean_day_data' retrieved from /opt/airflow/dags/clean_day_data.py
[2025-09-15T08:08:04.383+0000] {logging_mixin.py:188} INFO - [2025-09-15T08:08:04.382+0000] {dag.py:3096} INFO - Sync 1 DAGs
[2025-09-15T08:08:04.394+0000] {logging_mixin.py:188} INFO - [2025-09-15T08:08:04.394+0000] {dag.py:3954} INFO - Setting next_dagrun for clean_day_data to None, run_after=None
[2025-09-15T08:08:04.418+0000] {processor.py:183} INFO - Processing /opt/airflow/dags/clean_day_data.py took 0.092 seconds
[2025-09-15T08:08:35.838+0000] {processor.py:161} INFO - Started process (PID=6163) to work on /opt/airflow/dags/clean_day_data.py
[2025-09-15T08:08:35.840+0000] {processor.py:830} INFO - Processing file /opt/airflow/dags/clean_day_data.py for tasks to queue
[2025-09-15T08:08:35.841+0000] {logging_mixin.py:188} INFO - [2025-09-15T08:08:35.841+0000] {dagbag.py:540} INFO - Filling up the DagBag from /opt/airflow/dags/clean_day_data.py
[2025-09-15T08:08:35.861+0000] {processor.py:840} INFO - DAG(s) 'clean_day_data' retrieved from /opt/airflow/dags/clean_day_data.py
[2025-09-15T08:08:35.898+0000] {logging_mixin.py:188} INFO - [2025-09-15T08:08:35.897+0000] {dag.py:3096} INFO - Sync 1 DAGs
[2025-09-15T08:08:35.911+0000] {logging_mixin.py:188} INFO - [2025-09-15T08:08:35.911+0000] {dag.py:3954} INFO - Setting next_dagrun for clean_day_data to None, run_after=None
[2025-09-15T08:08:35.936+0000] {processor.py:183} INFO - Processing /opt/airflow/dags/clean_day_data.py took 0.103 seconds
[2025-09-15T08:09:06.483+0000] {processor.py:161} INFO - Started process (PID=6198) to work on /opt/airflow/dags/clean_day_data.py
[2025-09-15T08:09:06.484+0000] {processor.py:830} INFO - Processing file /opt/airflow/dags/clean_day_data.py for tasks to queue
[2025-09-15T08:09:06.486+0000] {logging_mixin.py:188} INFO - [2025-09-15T08:09:06.485+0000] {dagbag.py:540} INFO - Filling up the DagBag from /opt/airflow/dags/clean_day_data.py
[2025-09-15T08:09:06.517+0000] {processor.py:840} INFO - DAG(s) 'clean_day_data' retrieved from /opt/airflow/dags/clean_day_data.py
[2025-09-15T08:09:06.575+0000] {logging_mixin.py:188} INFO - [2025-09-15T08:09:06.574+0000] {dag.py:3096} INFO - Sync 1 DAGs
[2025-09-15T08:09:06.602+0000] {logging_mixin.py:188} INFO - [2025-09-15T08:09:06.602+0000] {dag.py:3954} INFO - Setting next_dagrun for clean_day_data to None, run_after=None
[2025-09-15T08:09:06.648+0000] {processor.py:183} INFO - Processing /opt/airflow/dags/clean_day_data.py took 0.175 seconds
[2025-09-15T08:09:37.440+0000] {processor.py:161} INFO - Started process (PID=6240) to work on /opt/airflow/dags/clean_day_data.py
[2025-09-15T08:09:37.441+0000] {processor.py:830} INFO - Processing file /opt/airflow/dags/clean_day_data.py for tasks to queue
[2025-09-15T08:09:37.443+0000] {logging_mixin.py:188} INFO - [2025-09-15T08:09:37.443+0000] {dagbag.py:540} INFO - Filling up the DagBag from /opt/airflow/dags/clean_day_data.py
[2025-09-15T08:09:37.473+0000] {processor.py:840} INFO - DAG(s) 'clean_day_data' retrieved from /opt/airflow/dags/clean_day_data.py
[2025-09-15T08:09:37.517+0000] {logging_mixin.py:188} INFO - [2025-09-15T08:09:37.517+0000] {dag.py:3096} INFO - Sync 1 DAGs
[2025-09-15T08:09:37.544+0000] {logging_mixin.py:188} INFO - [2025-09-15T08:09:37.543+0000] {dag.py:3954} INFO - Setting next_dagrun for clean_day_data to None, run_after=None
[2025-09-15T08:09:37.577+0000] {processor.py:183} INFO - Processing /opt/airflow/dags/clean_day_data.py took 0.154 seconds
[2025-09-15T08:10:08.038+0000] {processor.py:161} INFO - Started process (PID=6275) to work on /opt/airflow/dags/clean_day_data.py
[2025-09-15T08:10:08.039+0000] {processor.py:830} INFO - Processing file /opt/airflow/dags/clean_day_data.py for tasks to queue
[2025-09-15T08:10:08.040+0000] {logging_mixin.py:188} INFO - [2025-09-15T08:10:08.040+0000] {dagbag.py:540} INFO - Filling up the DagBag from /opt/airflow/dags/clean_day_data.py
[2025-09-15T08:10:08.058+0000] {processor.py:840} INFO - DAG(s) 'clean_day_data' retrieved from /opt/airflow/dags/clean_day_data.py
[2025-09-15T08:10:08.085+0000] {logging_mixin.py:188} INFO - [2025-09-15T08:10:08.085+0000] {dag.py:3096} INFO - Sync 1 DAGs
[2025-09-15T08:10:08.097+0000] {logging_mixin.py:188} INFO - [2025-09-15T08:10:08.096+0000] {dag.py:3954} INFO - Setting next_dagrun for clean_day_data to None, run_after=None
[2025-09-15T08:10:08.117+0000] {processor.py:183} INFO - Processing /opt/airflow/dags/clean_day_data.py took 0.084 seconds
[2025-09-15T08:10:38.546+0000] {processor.py:161} INFO - Started process (PID=6310) to work on /opt/airflow/dags/clean_day_data.py
[2025-09-15T08:10:38.547+0000] {processor.py:830} INFO - Processing file /opt/airflow/dags/clean_day_data.py for tasks to queue
[2025-09-15T08:10:38.548+0000] {logging_mixin.py:188} INFO - [2025-09-15T08:10:38.548+0000] {dagbag.py:540} INFO - Filling up the DagBag from /opt/airflow/dags/clean_day_data.py
[2025-09-15T08:10:38.566+0000] {processor.py:840} INFO - DAG(s) 'clean_day_data' retrieved from /opt/airflow/dags/clean_day_data.py
[2025-09-15T08:10:38.595+0000] {logging_mixin.py:188} INFO - [2025-09-15T08:10:38.595+0000] {dag.py:3096} INFO - Sync 1 DAGs
[2025-09-15T08:10:38.607+0000] {logging_mixin.py:188} INFO - [2025-09-15T08:10:38.607+0000] {dag.py:3954} INFO - Setting next_dagrun for clean_day_data to None, run_after=None
[2025-09-15T08:10:38.626+0000] {processor.py:183} INFO - Processing /opt/airflow/dags/clean_day_data.py took 0.090 seconds
[2025-09-15T08:11:09.081+0000] {processor.py:161} INFO - Started process (PID=6345) to work on /opt/airflow/dags/clean_day_data.py
[2025-09-15T08:11:09.082+0000] {processor.py:830} INFO - Processing file /opt/airflow/dags/clean_day_data.py for tasks to queue
[2025-09-15T08:11:09.083+0000] {logging_mixin.py:188} INFO - [2025-09-15T08:11:09.083+0000] {dagbag.py:540} INFO - Filling up the DagBag from /opt/airflow/dags/clean_day_data.py
[2025-09-15T08:11:09.104+0000] {processor.py:840} INFO - DAG(s) 'clean_day_data' retrieved from /opt/airflow/dags/clean_day_data.py
[2025-09-15T08:11:09.131+0000] {logging_mixin.py:188} INFO - [2025-09-15T08:11:09.131+0000] {dag.py:3096} INFO - Sync 1 DAGs
[2025-09-15T08:11:09.143+0000] {logging_mixin.py:188} INFO - [2025-09-15T08:11:09.143+0000] {dag.py:3954} INFO - Setting next_dagrun for clean_day_data to None, run_after=None
[2025-09-15T08:11:09.167+0000] {processor.py:183} INFO - Processing /opt/airflow/dags/clean_day_data.py took 0.102 seconds
[2025-09-15T08:11:39.682+0000] {processor.py:161} INFO - Started process (PID=6380) to work on /opt/airflow/dags/clean_day_data.py
[2025-09-15T08:11:39.683+0000] {processor.py:830} INFO - Processing file /opt/airflow/dags/clean_day_data.py for tasks to queue
[2025-09-15T08:11:39.684+0000] {logging_mixin.py:188} INFO - [2025-09-15T08:11:39.684+0000] {dagbag.py:540} INFO - Filling up the DagBag from /opt/airflow/dags/clean_day_data.py
[2025-09-15T08:11:39.703+0000] {processor.py:840} INFO - DAG(s) 'clean_day_data' retrieved from /opt/airflow/dags/clean_day_data.py
[2025-09-15T08:11:39.738+0000] {logging_mixin.py:188} INFO - [2025-09-15T08:11:39.737+0000] {dag.py:3096} INFO - Sync 1 DAGs
[2025-09-15T08:11:39.752+0000] {logging_mixin.py:188} INFO - [2025-09-15T08:11:39.752+0000] {dag.py:3954} INFO - Setting next_dagrun for clean_day_data to None, run_after=None
[2025-09-15T08:11:39.776+0000] {processor.py:183} INFO - Processing /opt/airflow/dags/clean_day_data.py took 0.103 seconds
[2025-09-15T08:12:10.308+0000] {processor.py:161} INFO - Started process (PID=6415) to work on /opt/airflow/dags/clean_day_data.py
[2025-09-15T08:12:10.310+0000] {processor.py:830} INFO - Processing file /opt/airflow/dags/clean_day_data.py for tasks to queue
[2025-09-15T08:12:10.312+0000] {logging_mixin.py:188} INFO - [2025-09-15T08:12:10.311+0000] {dagbag.py:540} INFO - Filling up the DagBag from /opt/airflow/dags/clean_day_data.py
[2025-09-15T08:12:10.329+0000] {processor.py:840} INFO - DAG(s) 'clean_day_data' retrieved from /opt/airflow/dags/clean_day_data.py
[2025-09-15T08:12:10.355+0000] {logging_mixin.py:188} INFO - [2025-09-15T08:12:10.354+0000] {dag.py:3096} INFO - Sync 1 DAGs
[2025-09-15T08:12:10.368+0000] {logging_mixin.py:188} INFO - [2025-09-15T08:12:10.367+0000] {dag.py:3954} INFO - Setting next_dagrun for clean_day_data to None, run_after=None
[2025-09-15T08:12:10.392+0000] {processor.py:183} INFO - Processing /opt/airflow/dags/clean_day_data.py took 0.091 seconds
[2025-09-15T08:12:40.999+0000] {processor.py:161} INFO - Started process (PID=6450) to work on /opt/airflow/dags/clean_day_data.py
[2025-09-15T08:12:41.000+0000] {processor.py:830} INFO - Processing file /opt/airflow/dags/clean_day_data.py for tasks to queue
[2025-09-15T08:12:41.001+0000] {logging_mixin.py:188} INFO - [2025-09-15T08:12:41.001+0000] {dagbag.py:540} INFO - Filling up the DagBag from /opt/airflow/dags/clean_day_data.py
[2025-09-15T08:12:41.028+0000] {processor.py:840} INFO - DAG(s) 'clean_day_data' retrieved from /opt/airflow/dags/clean_day_data.py
[2025-09-15T08:12:41.067+0000] {logging_mixin.py:188} INFO - [2025-09-15T08:12:41.066+0000] {dag.py:3096} INFO - Sync 1 DAGs
[2025-09-15T08:12:41.079+0000] {logging_mixin.py:188} INFO - [2025-09-15T08:12:41.079+0000] {dag.py:3954} INFO - Setting next_dagrun for clean_day_data to None, run_after=None
[2025-09-15T08:12:41.109+0000] {processor.py:183} INFO - Processing /opt/airflow/dags/clean_day_data.py took 0.117 seconds
[2025-09-15T08:13:11.951+0000] {processor.py:161} INFO - Started process (PID=6505) to work on /opt/airflow/dags/clean_day_data.py
[2025-09-15T08:13:11.952+0000] {processor.py:830} INFO - Processing file /opt/airflow/dags/clean_day_data.py for tasks to queue
[2025-09-15T08:13:11.953+0000] {logging_mixin.py:188} INFO - [2025-09-15T08:13:11.953+0000] {dagbag.py:540} INFO - Filling up the DagBag from /opt/airflow/dags/clean_day_data.py
[2025-09-15T08:13:11.973+0000] {processor.py:840} INFO - DAG(s) 'clean_day_data' retrieved from /opt/airflow/dags/clean_day_data.py
[2025-09-15T08:13:11.998+0000] {logging_mixin.py:188} INFO - [2025-09-15T08:13:11.997+0000] {dag.py:3096} INFO - Sync 1 DAGs
[2025-09-15T08:13:12.008+0000] {logging_mixin.py:188} INFO - [2025-09-15T08:13:12.008+0000] {dag.py:3954} INFO - Setting next_dagrun for clean_day_data to None, run_after=None
[2025-09-15T08:13:12.030+0000] {processor.py:183} INFO - Processing /opt/airflow/dags/clean_day_data.py took 0.084 seconds
[2025-09-15T08:13:42.593+0000] {processor.py:161} INFO - Started process (PID=6540) to work on /opt/airflow/dags/clean_day_data.py
[2025-09-15T08:13:42.594+0000] {processor.py:830} INFO - Processing file /opt/airflow/dags/clean_day_data.py for tasks to queue
[2025-09-15T08:13:42.596+0000] {logging_mixin.py:188} INFO - [2025-09-15T08:13:42.595+0000] {dagbag.py:540} INFO - Filling up the DagBag from /opt/airflow/dags/clean_day_data.py
[2025-09-15T08:13:42.108+0000] {processor.py:840} INFO - DAG(s) 'clean_day_data' retrieved from /opt/airflow/dags/clean_day_data.py
[2025-09-15T08:13:42.135+0000] {logging_mixin.py:188} INFO - [2025-09-15T08:13:42.134+0000] {dag.py:3096} INFO - Sync 1 DAGs
[2025-09-15T08:13:42.146+0000] {logging_mixin.py:188} INFO - [2025-09-15T08:13:42.146+0000] {dag.py:3954} INFO - Setting next_dagrun for clean_day_data to None, run_after=None
[2025-09-15T08:13:42.165+0000] {processor.py:183} INFO - Processing /opt/airflow/dags/clean_day_data.py took 0.109 seconds
[2025-09-15T08:14:12.572+0000] {processor.py:161} INFO - Started process (PID=6575) to work on /opt/airflow/dags/clean_day_data.py
[2025-09-15T08:14:12.573+0000] {processor.py:830} INFO - Processing file /opt/airflow/dags/clean_day_data.py for tasks to queue
[2025-09-15T08:14:12.575+0000] {logging_mixin.py:188} INFO - [2025-09-15T08:14:12.574+0000] {dagbag.py:540} INFO - Filling up the DagBag from /opt/airflow/dags/clean_day_data.py
[2025-09-15T08:14:12.627+0000] {processor.py:840} INFO - DAG(s) 'clean_day_data' retrieved from /opt/airflow/dags/clean_day_data.py
[2025-09-15T08:14:12.665+0000] {logging_mixin.py:188} INFO - [2025-09-15T08:14:12.665+0000] {dag.py:3096} INFO - Sync 1 DAGs
[2025-09-15T08:14:12.682+0000] {logging_mixin.py:188} INFO - [2025-09-15T08:14:12.682+0000] {dag.py:3954} INFO - Setting next_dagrun for clean_day_data to None, run_after=None
[2025-09-15T08:14:12.709+0000] {processor.py:183} INFO - Processing /opt/airflow/dags/clean_day_data.py took 0.190 seconds
[2025-09-15T08:14:43.318+0000] {processor.py:161} INFO - Started process (PID=6640) to work on /opt/airflow/dags/clean_day_data.py
[2025-09-15T08:14:43.319+0000] {processor.py:830} INFO - Processing file /opt/airflow/dags/clean_day_data.py for tasks to queue
[2025-09-15T08:14:43.320+0000] {logging_mixin.py:188} INFO - [2025-09-15T08:14:43.320+0000] {dagbag.py:540} INFO - Filling up the DagBag from /opt/airflow/dags/clean_day_data.py
[2025-09-15T08:14:43.338+0000] {processor.py:840} INFO - DAG(s) 'clean_day_data' retrieved from /opt/airflow/dags/clean_day_data.py
[2025-09-15T08:14:43.366+0000] {logging_mixin.py:188} INFO - [2025-09-15T08:14:43.365+0000] {dag.py:3096} INFO - Sync 1 DAGs
[2025-09-15T08:14:43.377+0000] {logging_mixin.py:188} INFO - [2025-09-15T08:14:43.377+0000] {dag.py:3954} INFO - Setting next_dagrun for clean_day_data to None, run_after=None
[2025-09-15T08:14:43.400+0000] {processor.py:183} INFO - Processing /opt/airflow/dags/clean_day_data.py took 0.087 seconds
[2025-09-15T08:15:14.089+0000] {processor.py:161} INFO - Started process (PID=6675) to work on /opt/airflow/dags/clean_day_data.py
[2025-09-15T08:15:14.090+0000] {processor.py:830} INFO - Processing file /opt/airflow/dags/clean_day_data.py for tasks to queue
[2025-09-15T08:15:14.090+0000] {logging_mixin.py:188} INFO - [2025-09-15T08:15:14.090+0000] {dagbag.py:540} INFO - Filling up the DagBag from /opt/airflow/dags/clean_day_data.py
[2025-09-15T08:15:14.107+0000] {processor.py:840} INFO - DAG(s) 'clean_day_data' retrieved from /opt/airflow/dags/clean_day_data.py
[2025-09-15T08:15:14.135+0000] {logging_mixin.py:188} INFO - [2025-09-15T08:15:14.134+0000] {dag.py:3096} INFO - Sync 1 DAGs
[2025-09-15T08:15:14.147+0000] {logging_mixin.py:188} INFO - [2025-09-15T08:15:14.147+0000] {dag.py:3954} INFO - Setting next_dagrun for clean_day_data to None, run_after=None
[2025-09-15T08:15:14.167+0000] {processor.py:183} INFO - Processing /opt/airflow/dags/clean_day_data.py took 0.084 seconds
[2025-09-15T08:15:44.809+0000] {processor.py:161} INFO - Started process (PID=6710) to work on /opt/airflow/dags/clean_day_data.py
[2025-09-15T08:15:44.810+0000] {processor.py:830} INFO - Processing file /opt/airflow/dags/clean_day_data.py for tasks to queue
[2025-09-15T08:15:44.811+0000] {logging_mixin.py:188} INFO - [2025-09-15T08:15:44.810+0000] {dagbag.py:540} INFO - Filling up the DagBag from /opt/airflow/dags/clean_day_data.py
[2025-09-15T08:15:44.829+0000] {processor.py:840} INFO - DAG(s) 'clean_day_data' retrieved from /opt/airflow/dags/clean_day_data.py
[2025-09-15T08:15:44.854+0000] {logging_mixin.py:188} INFO - [2025-09-15T08:15:44.853+0000] {dag.py:3096} INFO - Sync 1 DAGs
[2025-09-15T08:15:44.864+0000] {logging_mixin.py:188} INFO - [2025-09-15T08:15:44.864+0000] {dag.py:3954} INFO - Setting next_dagrun for clean_day_data to None, run_after=None
[2025-09-15T08:15:44.884+0000] {processor.py:183} INFO - Processing /opt/airflow/dags/clean_day_data.py took 0.081 seconds
[2025-09-15T08:16:15.604+0000] {processor.py:161} INFO - Started process (PID=6745) to work on /opt/airflow/dags/clean_day_data.py
[2025-09-15T08:16:15.605+0000] {processor.py:830} INFO - Processing file /opt/airflow/dags/clean_day_data.py for tasks to queue
[2025-09-15T08:16:15.606+0000] {logging_mixin.py:188} INFO - [2025-09-15T08:16:15.605+0000] {dagbag.py:540} INFO - Filling up the DagBag from /opt/airflow/dags/clean_day_data.py
[2025-09-15T08:16:15.625+0000] {processor.py:840} INFO - DAG(s) 'clean_day_data' retrieved from /opt/airflow/dags/clean_day_data.py
[2025-09-15T08:16:15.648+0000] {logging_mixin.py:188} INFO - [2025-09-15T08:16:15.648+0000] {dag.py:3096} INFO - Sync 1 DAGs
[2025-09-15T08:16:15.658+0000] {logging_mixin.py:188} INFO - [2025-09-15T08:16:15.658+0000] {dag.py:3954} INFO - Setting next_dagrun for clean_day_data to None, run_after=None
[2025-09-15T08:16:15.678+0000] {processor.py:183} INFO - Processing /opt/airflow/dags/clean_day_data.py took 0.081 seconds
[2025-09-15T08:16:46.232+0000] {processor.py:161} INFO - Started process (PID=6780) to work on /opt/airflow/dags/clean_day_data.py
[2025-09-15T08:16:46.233+0000] {processor.py:830} INFO - Processing file /opt/airflow/dags/clean_day_data.py for tasks to queue
[2025-09-15T08:16:46.234+0000] {logging_mixin.py:188} INFO - [2025-09-15T08:16:46.234+0000] {dagbag.py:540} INFO - Filling up the DagBag from /opt/airflow/dags/clean_day_data.py
[2025-09-15T08:16:46.254+0000] {processor.py:840} INFO - DAG(s) 'clean_day_data' retrieved from /opt/airflow/dags/clean_day_data.py
[2025-09-15T08:16:46.281+0000] {logging_mixin.py:188} INFO - [2025-09-15T08:16:46.280+0000] {dag.py:3096} INFO - Sync 1 DAGs
[2025-09-15T08:16:46.293+0000] {logging_mixin.py:188} INFO - [2025-09-15T08:16:46.293+0000] {dag.py:3954} INFO - Setting next_dagrun for clean_day_data to None, run_after=None
[2025-09-15T08:16:46.313+0000] {processor.py:183} INFO - Processing /opt/airflow/dags/clean_day_data.py took 0.087 seconds
[2025-09-15T08:17:16.995+0000] {processor.py:161} INFO - Started process (PID=6815) to work on /opt/airflow/dags/clean_day_data.py
[2025-09-15T08:17:16.996+0000] {processor.py:830} INFO - Processing file /opt/airflow/dags/clean_day_data.py for tasks to queue
[2025-09-15T08:17:16.996+0000] {logging_mixin.py:188} INFO - [2025-09-15T08:17:16.996+0000] {dagbag.py:540} INFO - Filling up the DagBag from /opt/airflow/dags/clean_day_data.py
[2025-09-15T08:17:17.012+0000] {processor.py:840} INFO - DAG(s) 'clean_day_data' retrieved from /opt/airflow/dags/clean_day_data.py
[2025-09-15T08:17:17.036+0000] {logging_mixin.py:188} INFO - [2025-09-15T08:17:17.036+0000] {dag.py:3096} INFO - Sync 1 DAGs
[2025-09-15T08:17:17.047+0000] {logging_mixin.py:188} INFO - [2025-09-15T08:17:17.047+0000] {dag.py:3954} INFO - Setting next_dagrun for clean_day_data to None, run_after=None
[2025-09-15T08:17:17.066+0000] {processor.py:183} INFO - Processing /opt/airflow/dags/clean_day_data.py took 0.077 seconds
[2025-09-15T08:17:47.639+0000] {processor.py:161} INFO - Started process (PID=6850) to work on /opt/airflow/dags/clean_day_data.py
[2025-09-15T08:17:47.640+0000] {processor.py:830} INFO - Processing file /opt/airflow/dags/clean_day_data.py for tasks to queue
[2025-09-15T08:17:47.641+0000] {logging_mixin.py:188} INFO - [2025-09-15T08:17:47.641+0000] {dagbag.py:540} INFO - Filling up the DagBag from /opt/airflow/dags/clean_day_data.py
[2025-09-15T08:17:47.693+0000] {processor.py:840} INFO - DAG(s) 'clean_day_data' retrieved from /opt/airflow/dags/clean_day_data.py
[2025-09-15T08:17:47.761+0000] {logging_mixin.py:188} INFO - [2025-09-15T08:17:47.761+0000] {dag.py:3096} INFO - Sync 1 DAGs
[2025-09-15T08:17:47.786+0000] {logging_mixin.py:188} INFO - [2025-09-15T08:17:47.785+0000] {dag.py:3954} INFO - Setting next_dagrun for clean_day_data to None, run_after=None
[2025-09-15T08:17:47.835+0000] {processor.py:183} INFO - Processing /opt/airflow/dags/clean_day_data.py took 0.204 seconds
[2025-09-15T08:18:18.546+0000] {processor.py:161} INFO - Started process (PID=6885) to work on /opt/airflow/dags/clean_day_data.py
[2025-09-15T08:18:18.547+0000] {processor.py:830} INFO - Processing file /opt/airflow/dags/clean_day_data.py for tasks to queue
[2025-09-15T08:18:18.548+0000] {logging_mixin.py:188} INFO - [2025-09-15T08:18:18.548+0000] {dagbag.py:540} INFO - Filling up the DagBag from /opt/airflow/dags/clean_day_data.py
[2025-09-15T08:18:18.566+0000] {processor.py:840} INFO - DAG(s) 'clean_day_data' retrieved from /opt/airflow/dags/clean_day_data.py
[2025-09-15T08:18:18.591+0000] {logging_mixin.py:188} INFO - [2025-09-15T08:18:18.591+0000] {dag.py:3096} INFO - Sync 1 DAGs
[2025-09-15T08:18:18.603+0000] {logging_mixin.py:188} INFO - [2025-09-15T08:18:18.603+0000] {dag.py:3954} INFO - Setting next_dagrun for clean_day_data to None, run_after=None
[2025-09-15T08:18:18.624+0000] {processor.py:183} INFO - Processing /opt/airflow/dags/clean_day_data.py took 0.084 seconds
[2025-09-15T08:18:49.683+0000] {processor.py:161} INFO - Started process (PID=6920) to work on /opt/airflow/dags/clean_day_data.py
[2025-09-15T08:18:49.684+0000] {processor.py:830} INFO - Processing file /opt/airflow/dags/clean_day_data.py for tasks to queue
[2025-09-15T08:18:49.685+0000] {logging_mixin.py:188} INFO - [2025-09-15T08:18:49.685+0000] {dagbag.py:540} INFO - Filling up the DagBag from /opt/airflow/dags/clean_day_data.py
[2025-09-15T08:18:49.720+0000] {processor.py:840} INFO - DAG(s) 'clean_day_data' retrieved from /opt/airflow/dags/clean_day_data.py
[2025-09-15T08:18:49.762+0000] {logging_mixin.py:188} INFO - [2025-09-15T08:18:49.762+0000] {dag.py:3096} INFO - Sync 1 DAGs
[2025-09-15T08:18:49.779+0000] {logging_mixin.py:188} INFO - [2025-09-15T08:18:49.779+0000] {dag.py:3954} INFO - Setting next_dagrun for clean_day_data to None, run_after=None
[2025-09-15T08:18:49.817+0000] {processor.py:183} INFO - Processing /opt/airflow/dags/clean_day_data.py took 0.145 seconds
[2025-09-15T08:19:20.503+0000] {processor.py:161} INFO - Started process (PID=6955) to work on /opt/airflow/dags/clean_day_data.py
[2025-09-15T08:19:20.504+0000] {processor.py:830} INFO - Processing file /opt/airflow/dags/clean_day_data.py for tasks to queue
[2025-09-15T08:19:20.505+0000] {logging_mixin.py:188} INFO - [2025-09-15T08:19:20.505+0000] {dagbag.py:540} INFO - Filling up the DagBag from /opt/airflow/dags/clean_day_data.py
[2025-09-15T08:19:20.523+0000] {processor.py:840} INFO - DAG(s) 'clean_day_data' retrieved from /opt/airflow/dags/clean_day_data.py
[2025-09-15T08:19:20.548+0000] {logging_mixin.py:188} INFO - [2025-09-15T08:19:20.547+0000] {dag.py:3096} INFO - Sync 1 DAGs
[2025-09-15T08:19:20.558+0000] {logging_mixin.py:188} INFO - [2025-09-15T08:19:20.558+0000] {dag.py:3954} INFO - Setting next_dagrun for clean_day_data to None, run_after=None
[2025-09-15T08:19:20.576+0000] {processor.py:183} INFO - Processing /opt/airflow/dags/clean_day_data.py took 0.078 seconds
[2025-09-15T08:19:51.279+0000] {processor.py:161} INFO - Started process (PID=6991) to work on /opt/airflow/dags/clean_day_data.py
[2025-09-15T08:19:51.280+0000] {processor.py:830} INFO - Processing file /opt/airflow/dags/clean_day_data.py for tasks to queue
[2025-09-15T08:19:51.281+0000] {logging_mixin.py:188} INFO - [2025-09-15T08:19:51.281+0000] {dagbag.py:540} INFO - Filling up the DagBag from /opt/airflow/dags/clean_day_data.py
[2025-09-15T08:19:51.302+0000] {processor.py:840} INFO - DAG(s) 'clean_day_data' retrieved from /opt/airflow/dags/clean_day_data.py
[2025-09-15T08:19:51.330+0000] {logging_mixin.py:188} INFO - [2025-09-15T08:19:51.330+0000] {dag.py:3096} INFO - Sync 1 DAGs
[2025-09-15T08:19:51.341+0000] {logging_mixin.py:188} INFO - [2025-09-15T08:19:51.341+0000] {dag.py:3954} INFO - Setting next_dagrun for clean_day_data to None, run_after=None
[2025-09-15T08:19:51.365+0000] {processor.py:183} INFO - Processing /opt/airflow/dags/clean_day_data.py took 0.093 seconds
[2025-09-15T08:20:21.946+0000] {processor.py:161} INFO - Started process (PID=7040) to work on /opt/airflow/dags/clean_day_data.py
[2025-09-15T08:20:21.947+0000] {processor.py:830} INFO - Processing file /opt/airflow/dags/clean_day_data.py for tasks to queue
[2025-09-15T08:20:21.948+0000] {logging_mixin.py:188} INFO - [2025-09-15T08:20:21.948+0000] {dagbag.py:540} INFO - Filling up the DagBag from /opt/airflow/dags/clean_day_data.py
[2025-09-15T08:20:21.964+0000] {processor.py:840} INFO - DAG(s) 'clean_day_data' retrieved from /opt/airflow/dags/clean_day_data.py
[2025-09-15T08:20:21.988+0000] {logging_mixin.py:188} INFO - [2025-09-15T08:20:21.988+0000] {dag.py:3096} INFO - Sync 1 DAGs
[2025-09-15T08:20:21.999+0000] {logging_mixin.py:188} INFO - [2025-09-15T08:20:21.998+0000] {dag.py:3954} INFO - Setting next_dagrun for clean_day_data to None, run_after=None
[2025-09-15T08:20:22.017+0000] {processor.py:183} INFO - Processing /opt/airflow/dags/clean_day_data.py took 0.076 seconds
[2025-09-15T08:20:52.498+0000] {processor.py:161} INFO - Started process (PID=7075) to work on /opt/airflow/dags/clean_day_data.py
[2025-09-15T08:20:52.499+0000] {processor.py:830} INFO - Processing file /opt/airflow/dags/clean_day_data.py for tasks to queue
[2025-09-15T08:20:52.502+0000] {logging_mixin.py:188} INFO - [2025-09-15T08:20:52.501+0000] {dagbag.py:540} INFO - Filling up the DagBag from /opt/airflow/dags/clean_day_data.py
[2025-09-15T08:20:52.541+0000] {processor.py:840} INFO - DAG(s) 'clean_day_data' retrieved from /opt/airflow/dags/clean_day_data.py
[2025-09-15T08:20:52.607+0000] {logging_mixin.py:188} INFO - [2025-09-15T08:20:52.606+0000] {dag.py:3096} INFO - Sync 1 DAGs
[2025-09-15T08:20:52.627+0000] {logging_mixin.py:188} INFO - [2025-09-15T08:20:52.626+0000] {dag.py:3954} INFO - Setting next_dagrun for clean_day_data to None, run_after=None
[2025-09-15T08:20:52.662+0000] {processor.py:183} INFO - Processing /opt/airflow/dags/clean_day_data.py took 0.171 seconds
[2025-09-15T08:21:23.020+0000] {processor.py:161} INFO - Started process (PID=7110) to work on /opt/airflow/dags/clean_day_data.py
[2025-09-15T08:21:23.021+0000] {processor.py:830} INFO - Processing file /opt/airflow/dags/clean_day_data.py for tasks to queue
[2025-09-15T08:21:23.022+0000] {logging_mixin.py:188} INFO - [2025-09-15T08:21:23.022+0000] {dagbag.py:540} INFO - Filling up the DagBag from /opt/airflow/dags/clean_day_data.py
[2025-09-15T08:21:23.040+0000] {processor.py:840} INFO - DAG(s) 'clean_day_data' retrieved from /opt/airflow/dags/clean_day_data.py
[2025-09-15T08:21:23.068+0000] {logging_mixin.py:188} INFO - [2025-09-15T08:21:23.068+0000] {dag.py:3096} INFO - Sync 1 DAGs
[2025-09-15T08:21:23.080+0000] {logging_mixin.py:188} INFO - [2025-09-15T08:21:23.079+0000] {dag.py:3954} INFO - Setting next_dagrun for clean_day_data to None, run_after=None
[2025-09-15T08:21:23.100+0000] {processor.py:183} INFO - Processing /opt/airflow/dags/clean_day_data.py took 0.086 seconds
[2025-09-15T08:21:53.487+0000] {processor.py:161} INFO - Started process (PID=7145) to work on /opt/airflow/dags/clean_day_data.py
[2025-09-15T08:21:53.488+0000] {processor.py:830} INFO - Processing file /opt/airflow/dags/clean_day_data.py for tasks to queue
[2025-09-15T08:21:53.489+0000] {logging_mixin.py:188} INFO - [2025-09-15T08:21:53.489+0000] {dagbag.py:540} INFO - Filling up the DagBag from /opt/airflow/dags/clean_day_data.py
[2025-09-15T08:21:53.505+0000] {processor.py:840} INFO - DAG(s) 'clean_day_data' retrieved from /opt/airflow/dags/clean_day_data.py
[2025-09-15T08:21:53.529+0000] {logging_mixin.py:188} INFO - [2025-09-15T08:21:53.529+0000] {dag.py:3096} INFO - Sync 1 DAGs
[2025-09-15T08:21:53.541+0000] {logging_mixin.py:188} INFO - [2025-09-15T08:21:53.541+0000] {dag.py:3954} INFO - Setting next_dagrun for clean_day_data to None, run_after=None
[2025-09-15T08:21:53.566+0000] {processor.py:183} INFO - Processing /opt/airflow/dags/clean_day_data.py took 0.084 seconds
[2025-09-15T08:22:24.220+0000] {processor.py:161} INFO - Started process (PID=7180) to work on /opt/airflow/dags/clean_day_data.py
[2025-09-15T08:22:24.221+0000] {processor.py:830} INFO - Processing file /opt/airflow/dags/clean_day_data.py for tasks to queue
[2025-09-15T08:22:24.222+0000] {logging_mixin.py:188} INFO - [2025-09-15T08:22:24.222+0000] {dagbag.py:540} INFO - Filling up the DagBag from /opt/airflow/dags/clean_day_data.py
[2025-09-15T08:22:24.237+0000] {processor.py:840} INFO - DAG(s) 'clean_day_data' retrieved from /opt/airflow/dags/clean_day_data.py
[2025-09-15T08:22:24.261+0000] {logging_mixin.py:188} INFO - [2025-09-15T08:22:24.261+0000] {dag.py:3096} INFO - Sync 1 DAGs
[2025-09-15T08:22:24.271+0000] {logging_mixin.py:188} INFO - [2025-09-15T08:22:24.271+0000] {dag.py:3954} INFO - Setting next_dagrun for clean_day_data to None, run_after=None
[2025-09-15T08:22:24.291+0000] {processor.py:183} INFO - Processing /opt/airflow/dags/clean_day_data.py took 0.076 seconds
[2025-09-15T08:22:54.992+0000] {processor.py:161} INFO - Started process (PID=7215) to work on /opt/airflow/dags/clean_day_data.py
[2025-09-15T08:22:54.993+0000] {processor.py:830} INFO - Processing file /opt/airflow/dags/clean_day_data.py for tasks to queue
[2025-09-15T08:22:54.994+0000] {logging_mixin.py:188} INFO - [2025-09-15T08:22:54.994+0000] {dagbag.py:540} INFO - Filling up the DagBag from /opt/airflow/dags/clean_day_data.py
[2025-09-15T08:22:55.010+0000] {processor.py:840} INFO - DAG(s) 'clean_day_data' retrieved from /opt/airflow/dags/clean_day_data.py
[2025-09-15T08:22:55.035+0000] {logging_mixin.py:188} INFO - [2025-09-15T08:22:55.035+0000] {dag.py:3096} INFO - Sync 1 DAGs
[2025-09-15T08:22:55.046+0000] {logging_mixin.py:188} INFO - [2025-09-15T08:22:55.046+0000] {dag.py:3954} INFO - Setting next_dagrun for clean_day_data to None, run_after=None
[2025-09-15T08:22:55.068+0000] {processor.py:183} INFO - Processing /opt/airflow/dags/clean_day_data.py took 0.081 seconds
[2025-09-15T08:23:25.508+0000] {processor.py:161} INFO - Started process (PID=7250) to work on /opt/airflow/dags/clean_day_data.py
[2025-09-15T08:23:25.509+0000] {processor.py:830} INFO - Processing file /opt/airflow/dags/clean_day_data.py for tasks to queue
[2025-09-15T08:23:25.509+0000] {logging_mixin.py:188} INFO - [2025-09-15T08:23:25.509+0000] {dagbag.py:540} INFO - Filling up the DagBag from /opt/airflow/dags/clean_day_data.py
[2025-09-15T08:23:25.525+0000] {processor.py:840} INFO - DAG(s) 'clean_day_data' retrieved from /opt/airflow/dags/clean_day_data.py
[2025-09-15T08:23:25.549+0000] {logging_mixin.py:188} INFO - [2025-09-15T08:23:25.549+0000] {dag.py:3096} INFO - Sync 1 DAGs
[2025-09-15T08:23:25.560+0000] {logging_mixin.py:188} INFO - [2025-09-15T08:23:25.560+0000] {dag.py:3954} INFO - Setting next_dagrun for clean_day_data to None, run_after=None
[2025-09-15T08:23:25.579+0000] {processor.py:183} INFO - Processing /opt/airflow/dags/clean_day_data.py took 0.077 seconds
[2025-09-15T08:23:56.287+0000] {processor.py:161} INFO - Started process (PID=7285) to work on /opt/airflow/dags/clean_day_data.py
[2025-09-15T08:23:56.287+0000] {processor.py:830} INFO - Processing file /opt/airflow/dags/clean_day_data.py for tasks to queue
[2025-09-15T08:23:56.288+0000] {logging_mixin.py:188} INFO - [2025-09-15T08:23:56.288+0000] {dagbag.py:540} INFO - Filling up the DagBag from /opt/airflow/dags/clean_day_data.py
[2025-09-15T08:23:56.307+0000] {processor.py:840} INFO - DAG(s) 'clean_day_data' retrieved from /opt/airflow/dags/clean_day_data.py
[2025-09-15T08:23:56.334+0000] {logging_mixin.py:188} INFO - [2025-09-15T08:23:56.333+0000] {dag.py:3096} INFO - Sync 1 DAGs
[2025-09-15T08:23:56.346+0000] {logging_mixin.py:188} INFO - [2025-09-15T08:23:56.346+0000] {dag.py:3954} INFO - Setting next_dagrun for clean_day_data to None, run_after=None
[2025-09-15T08:23:56.367+0000] {processor.py:183} INFO - Processing /opt/airflow/dags/clean_day_data.py took 0.086 seconds
[2025-09-15T08:24:26.899+0000] {processor.py:161} INFO - Started process (PID=7320) to work on /opt/airflow/dags/clean_day_data.py
[2025-09-15T08:24:26.901+0000] {processor.py:830} INFO - Processing file /opt/airflow/dags/clean_day_data.py for tasks to queue
[2025-09-15T08:24:26.902+0000] {logging_mixin.py:188} INFO - [2025-09-15T08:24:26.901+0000] {dagbag.py:540} INFO - Filling up the DagBag from /opt/airflow/dags/clean_day_data.py
[2025-09-15T08:24:26.924+0000] {processor.py:840} INFO - DAG(s) 'clean_day_data' retrieved from /opt/airflow/dags/clean_day_data.py
[2025-09-15T08:24:26.961+0000] {logging_mixin.py:188} INFO - [2025-09-15T08:24:26.961+0000] {dag.py:3096} INFO - Sync 1 DAGs
[2025-09-15T08:24:26.973+0000] {logging_mixin.py:188} INFO - [2025-09-15T08:24:26.973+0000] {dag.py:3954} INFO - Setting next_dagrun for clean_day_data to None, run_after=None
[2025-09-15T08:24:26.993+0000] {processor.py:183} INFO - Processing /opt/airflow/dags/clean_day_data.py took 0.103 seconds
[2025-09-15T08:24:57.479+0000] {processor.py:161} INFO - Started process (PID=7355) to work on /opt/airflow/dags/clean_day_data.py
[2025-09-15T08:24:57.480+0000] {processor.py:830} INFO - Processing file /opt/airflow/dags/clean_day_data.py for tasks to queue
[2025-09-15T08:24:57.481+0000] {logging_mixin.py:188} INFO - [2025-09-15T08:24:57.481+0000] {dagbag.py:540} INFO - Filling up the DagBag from /opt/airflow/dags/clean_day_data.py
[2025-09-15T08:24:57.503+0000] {processor.py:840} INFO - DAG(s) 'clean_day_data' retrieved from /opt/airflow/dags/clean_day_data.py
[2025-09-15T08:24:57.531+0000] {logging_mixin.py:188} INFO - [2025-09-15T08:24:57.531+0000] {dag.py:3096} INFO - Sync 1 DAGs
[2025-09-15T08:24:57.542+0000] {logging_mixin.py:188} INFO - [2025-09-15T08:24:57.542+0000] {dag.py:3954} INFO - Setting next_dagrun for clean_day_data to None, run_after=None
[2025-09-15T08:24:57.561+0000] {processor.py:183} INFO - Processing /opt/airflow/dags/clean_day_data.py took 0.089 seconds
[2025-09-15T08:25:28.051+0000] {processor.py:161} INFO - Started process (PID=7390) to work on /opt/airflow/dags/clean_day_data.py
[2025-09-15T08:25:28.052+0000] {processor.py:830} INFO - Processing file /opt/airflow/dags/clean_day_data.py for tasks to queue
[2025-09-15T08:25:28.053+0000] {logging_mixin.py:188} INFO - [2025-09-15T08:25:28.052+0000] {dagbag.py:540} INFO - Filling up the DagBag from /opt/airflow/dags/clean_day_data.py
[2025-09-15T08:25:28.073+0000] {processor.py:840} INFO - DAG(s) 'clean_day_data' retrieved from /opt/airflow/dags/clean_day_data.py
[2025-09-15T08:25:28.100+0000] {logging_mixin.py:188} INFO - [2025-09-15T08:25:28.100+0000] {dag.py:3096} INFO - Sync 1 DAGs
[2025-09-15T08:25:28.113+0000] {logging_mixin.py:188} INFO - [2025-09-15T08:25:28.113+0000] {dag.py:3954} INFO - Setting next_dagrun for clean_day_data to None, run_after=None
[2025-09-15T08:25:28.137+0000] {processor.py:183} INFO - Processing /opt/airflow/dags/clean_day_data.py took 0.092 seconds
[2025-09-15T08:25:58.558+0000] {processor.py:161} INFO - Started process (PID=7425) to work on /opt/airflow/dags/clean_day_data.py
[2025-09-15T08:25:58.559+0000] {processor.py:830} INFO - Processing file /opt/airflow/dags/clean_day_data.py for tasks to queue
[2025-09-15T08:25:58.560+0000] {logging_mixin.py:188} INFO - [2025-09-15T08:25:58.560+0000] {dagbag.py:540} INFO - Filling up the DagBag from /opt/airflow/dags/clean_day_data.py
[2025-09-15T08:25:58.577+0000] {processor.py:840} INFO - DAG(s) 'clean_day_data' retrieved from /opt/airflow/dags/clean_day_data.py
[2025-09-15T08:25:58.603+0000] {logging_mixin.py:188} INFO - [2025-09-15T08:25:58.603+0000] {dag.py:3096} INFO - Sync 1 DAGs
[2025-09-15T08:25:58.615+0000] {logging_mixin.py:188} INFO - [2025-09-15T08:25:58.615+0000] {dag.py:3954} INFO - Setting next_dagrun for clean_day_data to None, run_after=None
[2025-09-15T08:25:58.637+0000] {processor.py:183} INFO - Processing /opt/airflow/dags/clean_day_data.py took 0.084 seconds
[2025-09-15T08:26:29.520+0000] {processor.py:161} INFO - Started process (PID=7460) to work on /opt/airflow/dags/clean_day_data.py
[2025-09-15T08:26:29.521+0000] {processor.py:830} INFO - Processing file /opt/airflow/dags/clean_day_data.py for tasks to queue
[2025-09-15T08:26:29.522+0000] {logging_mixin.py:188} INFO - [2025-09-15T08:26:29.521+0000] {dagbag.py:540} INFO - Filling up the DagBag from /opt/airflow/dags/clean_day_data.py
[2025-09-15T08:26:29.539+0000] {processor.py:840} INFO - DAG(s) 'clean_day_data' retrieved from /opt/airflow/dags/clean_day_data.py
[2025-09-15T08:26:29.565+0000] {logging_mixin.py:188} INFO - [2025-09-15T08:26:29.565+0000] {dag.py:3096} INFO - Sync 1 DAGs
[2025-09-15T08:26:29.577+0000] {logging_mixin.py:188} INFO - [2025-09-15T08:26:29.577+0000] {dag.py:3954} INFO - Setting next_dagrun for clean_day_data to None, run_after=None
[2025-09-15T08:26:29.598+0000] {processor.py:183} INFO - Processing /opt/airflow/dags/clean_day_data.py took 0.084 seconds
[2025-09-15T08:27:00.108+0000] {processor.py:161} INFO - Started process (PID=7495) to work on /opt/airflow/dags/clean_day_data.py
[2025-09-15T08:27:00.110+0000] {processor.py:830} INFO - Processing file /opt/airflow/dags/clean_day_data.py for tasks to queue
[2025-09-15T08:27:00.110+0000] {logging_mixin.py:188} INFO - [2025-09-15T08:27:00.110+0000] {dagbag.py:540} INFO - Filling up the DagBag from /opt/airflow/dags/clean_day_data.py
[2025-09-15T08:27:00.127+0000] {processor.py:840} INFO - DAG(s) 'clean_day_data' retrieved from /opt/airflow/dags/clean_day_data.py
[2025-09-15T08:27:00.151+0000] {logging_mixin.py:188} INFO - [2025-09-15T08:27:00.151+0000] {dag.py:3096} INFO - Sync 1 DAGs
[2025-09-15T08:27:00.162+0000] {logging_mixin.py:188} INFO - [2025-09-15T08:27:00.161+0000] {dag.py:3954} INFO - Setting next_dagrun for clean_day_data to None, run_after=None
[2025-09-15T08:27:00.181+0000] {processor.py:183} INFO - Processing /opt/airflow/dags/clean_day_data.py took 0.078 seconds
[2025-09-15T08:27:31.011+0000] {processor.py:161} INFO - Started process (PID=7530) to work on /opt/airflow/dags/clean_day_data.py
[2025-09-15T08:27:31.012+0000] {processor.py:830} INFO - Processing file /opt/airflow/dags/clean_day_data.py for tasks to queue
[2025-09-15T08:27:31.013+0000] {logging_mixin.py:188} INFO - [2025-09-15T08:27:31.013+0000] {dagbag.py:540} INFO - Filling up the DagBag from /opt/airflow/dags/clean_day_data.py
[2025-09-15T08:27:31.034+0000] {processor.py:840} INFO - DAG(s) 'clean_day_data' retrieved from /opt/airflow/dags/clean_day_data.py
[2025-09-15T08:27:31.070+0000] {logging_mixin.py:188} INFO - [2025-09-15T08:27:31.070+0000] {dag.py:3096} INFO - Sync 1 DAGs
[2025-09-15T08:27:31.090+0000] {logging_mixin.py:188} INFO - [2025-09-15T08:27:31.090+0000] {dag.py:3954} INFO - Setting next_dagrun for clean_day_data to None, run_after=None
[2025-09-15T08:27:31.119+0000] {processor.py:183} INFO - Processing /opt/airflow/dags/clean_day_data.py took 0.120 seconds
[2025-09-15T08:28:01.813+0000] {processor.py:161} INFO - Started process (PID=7565) to work on /opt/airflow/dags/clean_day_data.py
[2025-09-15T08:28:01.814+0000] {processor.py:830} INFO - Processing file /opt/airflow/dags/clean_day_data.py for tasks to queue
[2025-09-15T08:28:01.815+0000] {logging_mixin.py:188} INFO - [2025-09-15T08:28:01.815+0000] {dagbag.py:540} INFO - Filling up the DagBag from /opt/airflow/dags/clean_day_data.py
[2025-09-15T08:28:01.837+0000] {processor.py:840} INFO - DAG(s) 'clean_day_data' retrieved from /opt/airflow/dags/clean_day_data.py
[2025-09-15T08:28:01.869+0000] {logging_mixin.py:188} INFO - [2025-09-15T08:28:01.869+0000] {dag.py:3096} INFO - Sync 1 DAGs
[2025-09-15T08:28:01.884+0000] {logging_mixin.py:188} INFO - [2025-09-15T08:28:01.883+0000] {dag.py:3954} INFO - Setting next_dagrun for clean_day_data to None, run_after=None
[2025-09-15T08:28:01.905+0000] {processor.py:183} INFO - Processing /opt/airflow/dags/clean_day_data.py took 0.099 seconds
[2025-09-15T08:28:32.438+0000] {processor.py:161} INFO - Started process (PID=7600) to work on /opt/airflow/dags/clean_day_data.py
[2025-09-15T08:28:32.439+0000] {processor.py:830} INFO - Processing file /opt/airflow/dags/clean_day_data.py for tasks to queue
[2025-09-15T08:28:32.440+0000] {logging_mixin.py:188} INFO - [2025-09-15T08:28:32.439+0000] {dagbag.py:540} INFO - Filling up the DagBag from /opt/airflow/dags/clean_day_data.py
[2025-09-15T08:28:32.461+0000] {processor.py:840} INFO - DAG(s) 'clean_day_data' retrieved from /opt/airflow/dags/clean_day_data.py
[2025-09-15T08:28:32.488+0000] {logging_mixin.py:188} INFO - [2025-09-15T08:28:32.488+0000] {dag.py:3096} INFO - Sync 1 DAGs
[2025-09-15T08:28:32.504+0000] {logging_mixin.py:188} INFO - [2025-09-15T08:28:32.503+0000] {dag.py:3954} INFO - Setting next_dagrun for clean_day_data to None, run_after=None
[2025-09-15T08:28:32.527+0000] {processor.py:183} INFO - Processing /opt/airflow/dags/clean_day_data.py took 0.096 seconds
[2025-09-15T08:29:03.042+0000] {processor.py:161} INFO - Started process (PID=7635) to work on /opt/airflow/dags/clean_day_data.py
[2025-09-15T08:29:03.043+0000] {processor.py:830} INFO - Processing file /opt/airflow/dags/clean_day_data.py for tasks to queue
[2025-09-15T08:29:03.044+0000] {logging_mixin.py:188} INFO - [2025-09-15T08:29:03.044+0000] {dagbag.py:540} INFO - Filling up the DagBag from /opt/airflow/dags/clean_day_data.py
[2025-09-15T08:29:03.061+0000] {processor.py:840} INFO - DAG(s) 'clean_day_data' retrieved from /opt/airflow/dags/clean_day_data.py
[2025-09-15T08:29:03.088+0000] {logging_mixin.py:188} INFO - [2025-09-15T08:29:03.088+0000] {dag.py:3096} INFO - Sync 1 DAGs
[2025-09-15T08:29:03.103+0000] {logging_mixin.py:188} INFO - [2025-09-15T08:29:03.102+0000] {dag.py:3954} INFO - Setting next_dagrun for clean_day_data to None, run_after=None
[2025-09-15T08:29:03.127+0000] {processor.py:183} INFO - Processing /opt/airflow/dags/clean_day_data.py took 0.098 seconds
[2025-09-15T08:29:33.549+0000] {processor.py:161} INFO - Started process (PID=7670) to work on /opt/airflow/dags/clean_day_data.py
[2025-09-15T08:29:33.550+0000] {processor.py:830} INFO - Processing file /opt/airflow/dags/clean_day_data.py for tasks to queue
[2025-09-15T08:29:33.552+0000] {logging_mixin.py:188} INFO - [2025-09-15T08:29:33.551+0000] {dagbag.py:540} INFO - Filling up the DagBag from /opt/airflow/dags/clean_day_data.py
[2025-09-15T08:29:33.575+0000] {processor.py:840} INFO - DAG(s) 'clean_day_data' retrieved from /opt/airflow/dags/clean_day_data.py
[2025-09-15T08:29:33.608+0000] {logging_mixin.py:188} INFO - [2025-09-15T08:29:33.608+0000] {dag.py:3096} INFO - Sync 1 DAGs
[2025-09-15T08:29:33.622+0000] {logging_mixin.py:188} INFO - [2025-09-15T08:29:33.622+0000] {dag.py:3954} INFO - Setting next_dagrun for clean_day_data to None, run_after=None
[2025-09-15T08:29:33.644+0000] {processor.py:183} INFO - Processing /opt/airflow/dags/clean_day_data.py took 0.103 seconds
[2025-09-15T08:30:04.125+0000] {processor.py:161} INFO - Started process (PID=7705) to work on /opt/airflow/dags/clean_day_data.py
[2025-09-15T08:30:04.132+0000] {processor.py:830} INFO - Processing file /opt/airflow/dags/clean_day_data.py for tasks to queue
[2025-09-15T08:30:04.135+0000] {logging_mixin.py:188} INFO - [2025-09-15T08:30:04.134+0000] {dagbag.py:540} INFO - Filling up the DagBag from /opt/airflow/dags/clean_day_data.py
[2025-09-15T08:30:04.190+0000] {processor.py:840} INFO - DAG(s) 'clean_day_data' retrieved from /opt/airflow/dags/clean_day_data.py
[2025-09-15T08:30:04.249+0000] {logging_mixin.py:188} INFO - [2025-09-15T08:30:04.249+0000] {dag.py:3096} INFO - Sync 1 DAGs
[2025-09-15T08:30:04.262+0000] {logging_mixin.py:188} INFO - [2025-09-15T08:30:04.262+0000] {dag.py:3954} INFO - Setting next_dagrun for clean_day_data to None, run_after=None
[2025-09-15T08:30:04.283+0000] {processor.py:183} INFO - Processing /opt/airflow/dags/clean_day_data.py took 0.183 seconds
[2025-09-15T08:30:34.937+0000] {processor.py:161} INFO - Started process (PID=7740) to work on /opt/airflow/dags/clean_day_data.py
[2025-09-15T08:30:34.939+0000] {processor.py:830} INFO - Processing file /opt/airflow/dags/clean_day_data.py for tasks to queue
[2025-09-15T08:30:34.940+0000] {logging_mixin.py:188} INFO - [2025-09-15T08:30:34.939+0000] {dagbag.py:540} INFO - Filling up the DagBag from /opt/airflow/dags/clean_day_data.py
[2025-09-15T08:30:34.959+0000] {processor.py:840} INFO - DAG(s) 'clean_day_data' retrieved from /opt/airflow/dags/clean_day_data.py
[2025-09-15T08:30:34.990+0000] {logging_mixin.py:188} INFO - [2025-09-15T08:30:34.990+0000] {dag.py:3096} INFO - Sync 1 DAGs
[2025-09-15T08:30:35.004+0000] {logging_mixin.py:188} INFO - [2025-09-15T08:30:35.003+0000] {dag.py:3954} INFO - Setting next_dagrun for clean_day_data to None, run_after=None
[2025-09-15T08:30:35.059+0000] {processor.py:183} INFO - Processing /opt/airflow/dags/clean_day_data.py took 0.128 seconds
[2025-09-15T08:31:05.478+0000] {processor.py:161} INFO - Started process (PID=7775) to work on /opt/airflow/dags/clean_day_data.py
[2025-09-15T08:31:05.479+0000] {processor.py:830} INFO - Processing file /opt/airflow/dags/clean_day_data.py for tasks to queue
[2025-09-15T08:31:05.481+0000] {logging_mixin.py:188} INFO - [2025-09-15T08:31:05.480+0000] {dagbag.py:540} INFO - Filling up the DagBag from /opt/airflow/dags/clean_day_data.py
[2025-09-15T08:31:05.509+0000] {processor.py:840} INFO - DAG(s) 'clean_day_data' retrieved from /opt/airflow/dags/clean_day_data.py
[2025-09-15T08:31:05.551+0000] {logging_mixin.py:188} INFO - [2025-09-15T08:31:05.550+0000] {dag.py:3096} INFO - Sync 1 DAGs
[2025-09-15T08:31:05.570+0000] {logging_mixin.py:188} INFO - [2025-09-15T08:31:05.569+0000] {dag.py:3954} INFO - Setting next_dagrun for clean_day_data to None, run_after=None
[2025-09-15T08:31:05.599+0000] {processor.py:183} INFO - Processing /opt/airflow/dags/clean_day_data.py took 0.130 seconds
[2025-09-15T08:31:36.016+0000] {processor.py:161} INFO - Started process (PID=7810) to work on /opt/airflow/dags/clean_day_data.py
[2025-09-15T08:31:36.017+0000] {processor.py:830} INFO - Processing file /opt/airflow/dags/clean_day_data.py for tasks to queue
[2025-09-15T08:31:36.018+0000] {logging_mixin.py:188} INFO - [2025-09-15T08:31:36.017+0000] {dagbag.py:540} INFO - Filling up the DagBag from /opt/airflow/dags/clean_day_data.py
[2025-09-15T08:31:36.039+0000] {processor.py:840} INFO - DAG(s) 'clean_day_data' retrieved from /opt/airflow/dags/clean_day_data.py
[2025-09-15T08:31:36.069+0000] {logging_mixin.py:188} INFO - [2025-09-15T08:31:36.069+0000] {dag.py:3096} INFO - Sync 1 DAGs
[2025-09-15T08:31:36.083+0000] {logging_mixin.py:188} INFO - [2025-09-15T08:31:36.083+0000] {dag.py:3954} INFO - Setting next_dagrun for clean_day_data to None, run_after=None
[2025-09-15T08:31:36.109+0000] {processor.py:183} INFO - Processing /opt/airflow/dags/clean_day_data.py took 0.100 seconds
[2025-09-15T08:32:06.567+0000] {processor.py:161} INFO - Started process (PID=7845) to work on /opt/airflow/dags/clean_day_data.py
[2025-09-15T08:32:06.568+0000] {processor.py:830} INFO - Processing file /opt/airflow/dags/clean_day_data.py for tasks to queue
[2025-09-15T08:32:06.569+0000] {logging_mixin.py:188} INFO - [2025-09-15T08:32:06.569+0000] {dagbag.py:540} INFO - Filling up the DagBag from /opt/airflow/dags/clean_day_data.py
[2025-09-15T08:32:06.588+0000] {processor.py:840} INFO - DAG(s) 'clean_day_data' retrieved from /opt/airflow/dags/clean_day_data.py
[2025-09-15T08:32:06.646+0000] {logging_mixin.py:188} INFO - [2025-09-15T08:32:06.646+0000] {dag.py:3096} INFO - Sync 1 DAGs
[2025-09-15T08:32:06.658+0000] {logging_mixin.py:188} INFO - [2025-09-15T08:32:06.657+0000] {dag.py:3954} INFO - Setting next_dagrun for clean_day_data to None, run_after=None
[2025-09-15T08:32:06.704+0000] {processor.py:183} INFO - Processing /opt/airflow/dags/clean_day_data.py took 0.144 seconds
[2025-09-15T08:32:37.138+0000] {processor.py:161} INFO - Started process (PID=7880) to work on /opt/airflow/dags/clean_day_data.py
[2025-09-15T08:32:37.140+0000] {processor.py:830} INFO - Processing file /opt/airflow/dags/clean_day_data.py for tasks to queue
[2025-09-15T08:32:37.142+0000] {logging_mixin.py:188} INFO - [2025-09-15T08:32:37.141+0000] {dagbag.py:540} INFO - Filling up the DagBag from /opt/airflow/dags/clean_day_data.py
[2025-09-15T08:32:37.174+0000] {processor.py:840} INFO - DAG(s) 'clean_day_data' retrieved from /opt/airflow/dags/clean_day_data.py
[2025-09-15T08:32:37.243+0000] {logging_mixin.py:188} INFO - [2025-09-15T08:32:37.242+0000] {dag.py:3096} INFO - Sync 1 DAGs
[2025-09-15T08:32:37.265+0000] {logging_mixin.py:188} INFO - [2025-09-15T08:32:37.264+0000] {dag.py:3954} INFO - Setting next_dagrun for clean_day_data to None, run_after=None
[2025-09-15T08:32:37.298+0000] {processor.py:183} INFO - Processing /opt/airflow/dags/clean_day_data.py took 0.168 seconds
[2025-09-15T08:33:07.832+0000] {processor.py:161} INFO - Started process (PID=7915) to work on /opt/airflow/dags/clean_day_data.py
[2025-09-15T08:33:07.833+0000] {processor.py:830} INFO - Processing file /opt/airflow/dags/clean_day_data.py for tasks to queue
[2025-09-15T08:33:07.834+0000] {logging_mixin.py:188} INFO - [2025-09-15T08:33:07.834+0000] {dagbag.py:540} INFO - Filling up the DagBag from /opt/airflow/dags/clean_day_data.py
[2025-09-15T08:33:07.851+0000] {processor.py:840} INFO - DAG(s) 'clean_day_data' retrieved from /opt/airflow/dags/clean_day_data.py
[2025-09-15T08:33:07.875+0000] {logging_mixin.py:188} INFO - [2025-09-15T08:33:07.875+0000] {dag.py:3096} INFO - Sync 1 DAGs
[2025-09-15T08:33:07.886+0000] {logging_mixin.py:188} INFO - [2025-09-15T08:33:07.885+0000] {dag.py:3954} INFO - Setting next_dagrun for clean_day_data to None, run_after=None
[2025-09-15T08:33:07.906+0000] {processor.py:183} INFO - Processing /opt/airflow/dags/clean_day_data.py took 0.080 seconds
[2025-09-15T08:33:38.054+0000] {processor.py:161} INFO - Started process (PID=7950) to work on /opt/airflow/dags/clean_day_data.py
[2025-09-15T08:33:38.058+0000] {processor.py:830} INFO - Processing file /opt/airflow/dags/clean_day_data.py for tasks to queue
[2025-09-15T08:33:38.059+0000] {logging_mixin.py:188} INFO - [2025-09-15T08:33:38.059+0000] {dagbag.py:540} INFO - Filling up the DagBag from /opt/airflow/dags/clean_day_data.py
[2025-09-15T08:33:38.085+0000] {processor.py:840} INFO - DAG(s) 'clean_day_data' retrieved from /opt/airflow/dags/clean_day_data.py
[2025-09-15T08:33:38.125+0000] {logging_mixin.py:188} INFO - [2025-09-15T08:33:38.124+0000] {dag.py:3096} INFO - Sync 1 DAGs
[2025-09-15T08:33:38.160+0000] {logging_mixin.py:188} INFO - [2025-09-15T08:33:38.156+0000] {dag.py:3954} INFO - Setting next_dagrun for clean_day_data to None, run_after=None
[2025-09-15T08:33:38.211+0000] {processor.py:183} INFO - Processing /opt/airflow/dags/clean_day_data.py took 0.166 seconds
[2025-09-15T08:34:08.791+0000] {processor.py:161} INFO - Started process (PID=7983) to work on /opt/airflow/dags/clean_day_data.py
[2025-09-15T08:34:08.792+0000] {processor.py:830} INFO - Processing file /opt/airflow/dags/clean_day_data.py for tasks to queue
[2025-09-15T08:34:08.793+0000] {logging_mixin.py:188} INFO - [2025-09-15T08:34:08.792+0000] {dagbag.py:540} INFO - Filling up the DagBag from /opt/airflow/dags/clean_day_data.py
[2025-09-15T08:34:08.809+0000] {processor.py:840} INFO - DAG(s) 'clean_day_data' retrieved from /opt/airflow/dags/clean_day_data.py
[2025-09-15T08:34:08.834+0000] {logging_mixin.py:188} INFO - [2025-09-15T08:34:08.834+0000] {dag.py:3096} INFO - Sync 1 DAGs
[2025-09-15T08:34:08.846+0000] {logging_mixin.py:188} INFO - [2025-09-15T08:34:08.846+0000] {dag.py:3954} INFO - Setting next_dagrun for clean_day_data to None, run_after=None
[2025-09-15T08:34:08.868+0000] {processor.py:183} INFO - Processing /opt/airflow/dags/clean_day_data.py took 0.084 seconds
[2025-09-15T08:34:39.313+0000] {processor.py:161} INFO - Started process (PID=8018) to work on /opt/airflow/dags/clean_day_data.py
[2025-09-15T08:34:39.314+0000] {processor.py:830} INFO - Processing file /opt/airflow/dags/clean_day_data.py for tasks to queue
[2025-09-15T08:34:39.315+0000] {logging_mixin.py:188} INFO - [2025-09-15T08:34:39.314+0000] {dagbag.py:540} INFO - Filling up the DagBag from /opt/airflow/dags/clean_day_data.py
[2025-09-15T08:34:39.336+0000] {processor.py:840} INFO - DAG(s) 'clean_day_data' retrieved from /opt/airflow/dags/clean_day_data.py
[2025-09-15T08:34:39.381+0000] {logging_mixin.py:188} INFO - [2025-09-15T08:34:39.380+0000] {dag.py:3096} INFO - Sync 1 DAGs
[2025-09-15T08:34:39.399+0000] {logging_mixin.py:188} INFO - [2025-09-15T08:34:39.399+0000] {dag.py:3954} INFO - Setting next_dagrun for clean_day_data to None, run_after=None
[2025-09-15T08:34:39.425+0000] {processor.py:183} INFO - Processing /opt/airflow/dags/clean_day_data.py took 0.119 seconds
[2025-09-15T08:35:09.925+0000] {processor.py:161} INFO - Started process (PID=8053) to work on /opt/airflow/dags/clean_day_data.py
[2025-09-15T08:35:09.927+0000] {processor.py:830} INFO - Processing file /opt/airflow/dags/clean_day_data.py for tasks to queue
[2025-09-15T08:35:09.928+0000] {logging_mixin.py:188} INFO - [2025-09-15T08:35:09.928+0000] {dagbag.py:540} INFO - Filling up the DagBag from /opt/airflow/dags/clean_day_data.py
[2025-09-15T08:35:09.947+0000] {processor.py:840} INFO - DAG(s) 'clean_day_data' retrieved from /opt/airflow/dags/clean_day_data.py
[2025-09-15T08:35:09.976+0000] {logging_mixin.py:188} INFO - [2025-09-15T08:35:09.976+0000] {dag.py:3096} INFO - Sync 1 DAGs
[2025-09-15T08:35:09.990+0000] {logging_mixin.py:188} INFO - [2025-09-15T08:35:09.990+0000] {dag.py:3954} INFO - Setting next_dagrun for clean_day_data to None, run_after=None
[2025-09-15T08:35:10.013+0000] {processor.py:183} INFO - Processing /opt/airflow/dags/clean_day_data.py took 0.094 seconds
[2025-09-15T08:35:40.608+0000] {processor.py:161} INFO - Started process (PID=8088) to work on /opt/airflow/dags/clean_day_data.py
[2025-09-15T08:35:40.609+0000] {processor.py:830} INFO - Processing file /opt/airflow/dags/clean_day_data.py for tasks to queue
[2025-09-15T08:35:40.610+0000] {logging_mixin.py:188} INFO - [2025-09-15T08:35:40.610+0000] {dagbag.py:540} INFO - Filling up the DagBag from /opt/airflow/dags/clean_day_data.py
[2025-09-15T08:35:40.632+0000] {processor.py:840} INFO - DAG(s) 'clean_day_data' retrieved from /opt/airflow/dags/clean_day_data.py
[2025-09-15T08:35:40.665+0000] {logging_mixin.py:188} INFO - [2025-09-15T08:35:40.665+0000] {dag.py:3096} INFO - Sync 1 DAGs
[2025-09-15T08:35:40.686+0000] {logging_mixin.py:188} INFO - [2025-09-15T08:35:40.685+0000] {dag.py:3954} INFO - Setting next_dagrun for clean_day_data to None, run_after=None
[2025-09-15T08:35:40.715+0000] {processor.py:183} INFO - Processing /opt/airflow/dags/clean_day_data.py took 0.114 seconds
[2025-09-15T08:36:11.202+0000] {processor.py:161} INFO - Started process (PID=8123) to work on /opt/airflow/dags/clean_day_data.py
[2025-09-15T08:36:11.203+0000] {processor.py:830} INFO - Processing file /opt/airflow/dags/clean_day_data.py for tasks to queue
[2025-09-15T08:36:11.205+0000] {logging_mixin.py:188} INFO - [2025-09-15T08:36:11.205+0000] {dagbag.py:540} INFO - Filling up the DagBag from /opt/airflow/dags/clean_day_data.py
[2025-09-15T08:36:11.224+0000] {processor.py:840} INFO - DAG(s) 'clean_day_data' retrieved from /opt/airflow/dags/clean_day_data.py
[2025-09-15T08:36:11.253+0000] {logging_mixin.py:188} INFO - [2025-09-15T08:36:11.252+0000] {dag.py:3096} INFO - Sync 1 DAGs
[2025-09-15T08:36:11.267+0000] {logging_mixin.py:188} INFO - [2025-09-15T08:36:11.267+0000] {dag.py:3954} INFO - Setting next_dagrun for clean_day_data to None, run_after=None
[2025-09-15T08:36:11.290+0000] {processor.py:183} INFO - Processing /opt/airflow/dags/clean_day_data.py took 0.094 seconds
[2025-09-15T08:36:41.764+0000] {processor.py:161} INFO - Started process (PID=8158) to work on /opt/airflow/dags/clean_day_data.py
[2025-09-15T08:36:41.765+0000] {processor.py:830} INFO - Processing file /opt/airflow/dags/clean_day_data.py for tasks to queue
[2025-09-15T08:36:41.766+0000] {logging_mixin.py:188} INFO - [2025-09-15T08:36:41.766+0000] {dagbag.py:540} INFO - Filling up the DagBag from /opt/airflow/dags/clean_day_data.py
[2025-09-15T08:36:41.782+0000] {processor.py:840} INFO - DAG(s) 'clean_day_data' retrieved from /opt/airflow/dags/clean_day_data.py
[2025-09-15T08:36:41.808+0000] {logging_mixin.py:188} INFO - [2025-09-15T08:36:41.808+0000] {dag.py:3096} INFO - Sync 1 DAGs
[2025-09-15T08:36:41.820+0000] {logging_mixin.py:188} INFO - [2025-09-15T08:36:41.820+0000] {dag.py:3954} INFO - Setting next_dagrun for clean_day_data to None, run_after=None
[2025-09-15T08:36:41.843+0000] {processor.py:183} INFO - Processing /opt/airflow/dags/clean_day_data.py took 0.084 seconds
[2025-09-15T08:37:12.098+0000] {processor.py:161} INFO - Started process (PID=8193) to work on /opt/airflow/dags/clean_day_data.py
[2025-09-15T08:37:12.099+0000] {processor.py:830} INFO - Processing file /opt/airflow/dags/clean_day_data.py for tasks to queue
[2025-09-15T08:37:12.100+0000] {logging_mixin.py:188} INFO - [2025-09-15T08:37:12.100+0000] {dagbag.py:540} INFO - Filling up the DagBag from /opt/airflow/dags/clean_day_data.py
[2025-09-15T08:37:12.121+0000] {processor.py:840} INFO - DAG(s) 'clean_day_data' retrieved from /opt/airflow/dags/clean_day_data.py
[2025-09-15T08:37:12.152+0000] {logging_mixin.py:188} INFO - [2025-09-15T08:37:12.152+0000] {dag.py:3096} INFO - Sync 1 DAGs
[2025-09-15T08:37:12.167+0000] {logging_mixin.py:188} INFO - [2025-09-15T08:37:12.167+0000] {dag.py:3954} INFO - Setting next_dagrun for clean_day_data to None, run_after=None
[2025-09-15T08:37:12.191+0000] {processor.py:183} INFO - Processing /opt/airflow/dags/clean_day_data.py took 0.102 seconds
[2025-09-15T08:37:42.653+0000] {processor.py:161} INFO - Started process (PID=8228) to work on /opt/airflow/dags/clean_day_data.py
[2025-09-15T08:37:42.654+0000] {processor.py:830} INFO - Processing file /opt/airflow/dags/clean_day_data.py for tasks to queue
[2025-09-15T08:37:42.655+0000] {logging_mixin.py:188} INFO - [2025-09-15T08:37:42.654+0000] {dagbag.py:540} INFO - Filling up the DagBag from /opt/airflow/dags/clean_day_data.py
[2025-09-15T08:37:42.672+0000] {processor.py:840} INFO - DAG(s) 'clean_day_data' retrieved from /opt/airflow/dags/clean_day_data.py
[2025-09-15T08:37:42.702+0000] {logging_mixin.py:188} INFO - [2025-09-15T08:37:42.701+0000] {dag.py:3096} INFO - Sync 1 DAGs
[2025-09-15T08:37:42.714+0000] {logging_mixin.py:188} INFO - [2025-09-15T08:37:42.714+0000] {dag.py:3954} INFO - Setting next_dagrun for clean_day_data to None, run_after=None
[2025-09-15T08:37:42.734+0000] {processor.py:183} INFO - Processing /opt/airflow/dags/clean_day_data.py took 0.087 seconds
[2025-09-15T08:38:13.412+0000] {processor.py:161} INFO - Started process (PID=8263) to work on /opt/airflow/dags/clean_day_data.py
[2025-09-15T08:38:13.414+0000] {processor.py:830} INFO - Processing file /opt/airflow/dags/clean_day_data.py for tasks to queue
[2025-09-15T08:38:13.415+0000] {logging_mixin.py:188} INFO - [2025-09-15T08:38:13.414+0000] {dagbag.py:540} INFO - Filling up the DagBag from /opt/airflow/dags/clean_day_data.py
[2025-09-15T08:38:13.436+0000] {processor.py:840} INFO - DAG(s) 'clean_day_data' retrieved from /opt/airflow/dags/clean_day_data.py
[2025-09-15T08:38:13.478+0000] {logging_mixin.py:188} INFO - [2025-09-15T08:38:13.478+0000] {dag.py:3096} INFO - Sync 1 DAGs
[2025-09-15T08:38:13.495+0000] {logging_mixin.py:188} INFO - [2025-09-15T08:38:13.494+0000] {dag.py:3954} INFO - Setting next_dagrun for clean_day_data to None, run_after=None
[2025-09-15T08:38:13.517+0000] {processor.py:183} INFO - Processing /opt/airflow/dags/clean_day_data.py took 0.111 seconds
[2025-09-15T08:38:44.284+0000] {processor.py:161} INFO - Started process (PID=8298) to work on /opt/airflow/dags/clean_day_data.py
[2025-09-15T08:38:44.287+0000] {processor.py:830} INFO - Processing file /opt/airflow/dags/clean_day_data.py for tasks to queue
[2025-09-15T08:38:44.288+0000] {logging_mixin.py:188} INFO - [2025-09-15T08:38:44.288+0000] {dagbag.py:540} INFO - Filling up the DagBag from /opt/airflow/dags/clean_day_data.py
[2025-09-15T08:38:44.306+0000] {processor.py:840} INFO - DAG(s) 'clean_day_data' retrieved from /opt/airflow/dags/clean_day_data.py
[2025-09-15T08:38:44.334+0000] {logging_mixin.py:188} INFO - [2025-09-15T08:38:44.333+0000] {dag.py:3096} INFO - Sync 1 DAGs
[2025-09-15T08:38:44.347+0000] {logging_mixin.py:188} INFO - [2025-09-15T08:38:44.347+0000] {dag.py:3954} INFO - Setting next_dagrun for clean_day_data to None, run_after=None
[2025-09-15T08:38:44.369+0000] {processor.py:183} INFO - Processing /opt/airflow/dags/clean_day_data.py took 0.090 seconds
[2025-09-15T08:39:14.973+0000] {processor.py:161} INFO - Started process (PID=8333) to work on /opt/airflow/dags/clean_day_data.py
[2025-09-15T08:39:14.974+0000] {processor.py:830} INFO - Processing file /opt/airflow/dags/clean_day_data.py for tasks to queue
[2025-09-15T08:39:14.975+0000] {logging_mixin.py:188} INFO - [2025-09-15T08:39:14.975+0000] {dagbag.py:540} INFO - Filling up the DagBag from /opt/airflow/dags/clean_day_data.py
[2025-09-15T08:39:14.993+0000] {processor.py:840} INFO - DAG(s) 'clean_day_data' retrieved from /opt/airflow/dags/clean_day_data.py
[2025-09-15T08:39:15.026+0000] {logging_mixin.py:188} INFO - [2025-09-15T08:39:15.026+0000] {dag.py:3096} INFO - Sync 1 DAGs
[2025-09-15T08:39:15.043+0000] {logging_mixin.py:188} INFO - [2025-09-15T08:39:15.042+0000] {dag.py:3954} INFO - Setting next_dagrun for clean_day_data to None, run_after=None
[2025-09-15T08:39:15.067+0000] {processor.py:183} INFO - Processing /opt/airflow/dags/clean_day_data.py took 0.100 seconds
[2025-09-15T08:39:45.561+0000] {processor.py:161} INFO - Started process (PID=8368) to work on /opt/airflow/dags/clean_day_data.py
[2025-09-15T08:39:45.562+0000] {processor.py:830} INFO - Processing file /opt/airflow/dags/clean_day_data.py for tasks to queue
[2025-09-15T08:39:45.563+0000] {logging_mixin.py:188} INFO - [2025-09-15T08:39:45.562+0000] {dagbag.py:540} INFO - Filling up the DagBag from /opt/airflow/dags/clean_day_data.py
[2025-09-15T08:39:45.579+0000] {processor.py:840} INFO - DAG(s) 'clean_day_data' retrieved from /opt/airflow/dags/clean_day_data.py
[2025-09-15T08:39:45.607+0000] {logging_mixin.py:188} INFO - [2025-09-15T08:39:45.606+0000] {dag.py:3096} INFO - Sync 1 DAGs
[2025-09-15T08:39:45.622+0000] {logging_mixin.py:188} INFO - [2025-09-15T08:39:45.622+0000] {dag.py:3954} INFO - Setting next_dagrun for clean_day_data to None, run_after=None
[2025-09-15T08:39:45.646+0000] {processor.py:183} INFO - Processing /opt/airflow/dags/clean_day_data.py took 0.091 seconds
[2025-09-15T08:40:16.414+0000] {processor.py:161} INFO - Started process (PID=8403) to work on /opt/airflow/dags/clean_day_data.py
[2025-09-15T08:40:16.415+0000] {processor.py:830} INFO - Processing file /opt/airflow/dags/clean_day_data.py for tasks to queue
[2025-09-15T08:40:16.416+0000] {logging_mixin.py:188} INFO - [2025-09-15T08:40:16.416+0000] {dagbag.py:540} INFO - Filling up the DagBag from /opt/airflow/dags/clean_day_data.py
[2025-09-15T08:40:16.447+0000] {processor.py:840} INFO - DAG(s) 'clean_day_data' retrieved from /opt/airflow/dags/clean_day_data.py
[2025-09-15T08:40:16.496+0000] {logging_mixin.py:188} INFO - [2025-09-15T08:40:16.496+0000] {dag.py:3096} INFO - Sync 1 DAGs
[2025-09-15T08:40:16.519+0000] {logging_mixin.py:188} INFO - [2025-09-15T08:40:16.519+0000] {dag.py:3954} INFO - Setting next_dagrun for clean_day_data to None, run_after=None
[2025-09-15T08:40:16.558+0000] {processor.py:183} INFO - Processing /opt/airflow/dags/clean_day_data.py took 0.153 seconds
[2025-09-15T08:40:47.332+0000] {processor.py:161} INFO - Started process (PID=8438) to work on /opt/airflow/dags/clean_day_data.py
[2025-09-15T08:40:47.333+0000] {processor.py:830} INFO - Processing file /opt/airflow/dags/clean_day_data.py for tasks to queue
[2025-09-15T08:40:47.334+0000] {logging_mixin.py:188} INFO - [2025-09-15T08:40:47.334+0000] {dagbag.py:540} INFO - Filling up the DagBag from /opt/airflow/dags/clean_day_data.py
[2025-09-15T08:40:47.350+0000] {processor.py:840} INFO - DAG(s) 'clean_day_data' retrieved from /opt/airflow/dags/clean_day_data.py
[2025-09-15T08:40:47.377+0000] {logging_mixin.py:188} INFO - [2025-09-15T08:40:47.377+0000] {dag.py:3096} INFO - Sync 1 DAGs
[2025-09-15T08:40:47.389+0000] {logging_mixin.py:188} INFO - [2025-09-15T08:40:47.389+0000] {dag.py:3954} INFO - Setting next_dagrun for clean_day_data to None, run_after=None
[2025-09-15T08:40:47.409+0000] {processor.py:183} INFO - Processing /opt/airflow/dags/clean_day_data.py took 0.082 seconds
[2025-09-15T08:41:17.845+0000] {processor.py:161} INFO - Started process (PID=8473) to work on /opt/airflow/dags/clean_day_data.py
[2025-09-15T08:41:17.846+0000] {processor.py:830} INFO - Processing file /opt/airflow/dags/clean_day_data.py for tasks to queue
[2025-09-15T08:41:17.847+0000] {logging_mixin.py:188} INFO - [2025-09-15T08:41:17.847+0000] {dagbag.py:540} INFO - Filling up the DagBag from /opt/airflow/dags/clean_day_data.py
[2025-09-15T08:41:17.864+0000] {processor.py:840} INFO - DAG(s) 'clean_day_data' retrieved from /opt/airflow/dags/clean_day_data.py
[2025-09-15T08:41:17.893+0000] {logging_mixin.py:188} INFO - [2025-09-15T08:41:17.892+0000] {dag.py:3096} INFO - Sync 1 DAGs
[2025-09-15T08:41:17.907+0000] {logging_mixin.py:188} INFO - [2025-09-15T08:41:17.907+0000] {dag.py:3954} INFO - Setting next_dagrun for clean_day_data to None, run_after=None
[2025-09-15T08:41:17.933+0000] {processor.py:183} INFO - Processing /opt/airflow/dags/clean_day_data.py took 0.092 seconds
[2025-09-15T08:41:48.380+0000] {processor.py:161} INFO - Started process (PID=8508) to work on /opt/airflow/dags/clean_day_data.py
[2025-09-15T08:41:48.381+0000] {processor.py:830} INFO - Processing file /opt/airflow/dags/clean_day_data.py for tasks to queue
[2025-09-15T08:41:48.382+0000] {logging_mixin.py:188} INFO - [2025-09-15T08:41:48.382+0000] {dagbag.py:540} INFO - Filling up the DagBag from /opt/airflow/dags/clean_day_data.py
[2025-09-15T08:41:48.398+0000] {processor.py:840} INFO - DAG(s) 'clean_day_data' retrieved from /opt/airflow/dags/clean_day_data.py
[2025-09-15T08:41:48.424+0000] {logging_mixin.py:188} INFO - [2025-09-15T08:41:48.424+0000] {dag.py:3096} INFO - Sync 1 DAGs
[2025-09-15T08:41:48.437+0000] {logging_mixin.py:188} INFO - [2025-09-15T08:41:48.436+0000] {dag.py:3954} INFO - Setting next_dagrun for clean_day_data to None, run_after=None
[2025-09-15T08:41:48.461+0000] {processor.py:183} INFO - Processing /opt/airflow/dags/clean_day_data.py took 0.087 seconds
[2025-09-15T08:42:19.030+0000] {processor.py:161} INFO - Started process (PID=8543) to work on /opt/airflow/dags/clean_day_data.py
[2025-09-15T08:42:19.031+0000] {processor.py:830} INFO - Processing file /opt/airflow/dags/clean_day_data.py for tasks to queue
[2025-09-15T08:42:19.032+0000] {logging_mixin.py:188} INFO - [2025-09-15T08:42:19.031+0000] {dagbag.py:540} INFO - Filling up the DagBag from /opt/airflow/dags/clean_day_data.py
[2025-09-15T08:42:19.049+0000] {processor.py:840} INFO - DAG(s) 'clean_day_data' retrieved from /opt/airflow/dags/clean_day_data.py
[2025-09-15T08:42:19.077+0000] {logging_mixin.py:188} INFO - [2025-09-15T08:42:19.076+0000] {dag.py:3096} INFO - Sync 1 DAGs
[2025-09-15T08:42:19.089+0000] {logging_mixin.py:188} INFO - [2025-09-15T08:42:19.089+0000] {dag.py:3954} INFO - Setting next_dagrun for clean_day_data to None, run_after=None
[2025-09-15T08:42:19.112+0000] {processor.py:183} INFO - Processing /opt/airflow/dags/clean_day_data.py took 0.087 seconds
[2025-09-15T08:42:49.629+0000] {processor.py:161} INFO - Started process (PID=8578) to work on /opt/airflow/dags/clean_day_data.py
[2025-09-15T08:42:49.630+0000] {processor.py:830} INFO - Processing file /opt/airflow/dags/clean_day_data.py for tasks to queue
[2025-09-15T08:42:49.631+0000] {logging_mixin.py:188} INFO - [2025-09-15T08:42:49.631+0000] {dagbag.py:540} INFO - Filling up the DagBag from /opt/airflow/dags/clean_day_data.py
[2025-09-15T08:42:49.655+0000] {processor.py:840} INFO - DAG(s) 'clean_day_data' retrieved from /opt/airflow/dags/clean_day_data.py
[2025-09-15T08:42:49.688+0000] {logging_mixin.py:188} INFO - [2025-09-15T08:42:49.688+0000] {dag.py:3096} INFO - Sync 1 DAGs
[2025-09-15T08:42:49.704+0000] {logging_mixin.py:188} INFO - [2025-09-15T08:42:49.704+0000] {dag.py:3954} INFO - Setting next_dagrun for clean_day_data to None, run_after=None
[2025-09-15T08:42:49.728+0000] {processor.py:183} INFO - Processing /opt/airflow/dags/clean_day_data.py took 0.106 seconds
[2025-09-15T08:43:20.346+0000] {processor.py:161} INFO - Started process (PID=8613) to work on /opt/airflow/dags/clean_day_data.py
[2025-09-15T08:43:20.347+0000] {processor.py:830} INFO - Processing file /opt/airflow/dags/clean_day_data.py for tasks to queue
[2025-09-15T08:43:20.348+0000] {logging_mixin.py:188} INFO - [2025-09-15T08:43:20.347+0000] {dagbag.py:540} INFO - Filling up the DagBag from /opt/airflow/dags/clean_day_data.py
[2025-09-15T08:43:20.363+0000] {processor.py:840} INFO - DAG(s) 'clean_day_data' retrieved from /opt/airflow/dags/clean_day_data.py
[2025-09-15T08:43:20.392+0000] {logging_mixin.py:188} INFO - [2025-09-15T08:43:20.391+0000] {dag.py:3096} INFO - Sync 1 DAGs
[2025-09-15T08:43:20.405+0000] {logging_mixin.py:188} INFO - [2025-09-15T08:43:20.404+0000] {dag.py:3954} INFO - Setting next_dagrun for clean_day_data to None, run_after=None
[2025-09-15T08:43:20.426+0000] {processor.py:183} INFO - Processing /opt/airflow/dags/clean_day_data.py took 0.085 seconds
[2025-09-15T08:43:51.094+0000] {processor.py:161} INFO - Started process (PID=8648) to work on /opt/airflow/dags/clean_day_data.py
[2025-09-15T08:43:51.096+0000] {processor.py:830} INFO - Processing file /opt/airflow/dags/clean_day_data.py for tasks to queue
[2025-09-15T08:43:51.097+0000] {logging_mixin.py:188} INFO - [2025-09-15T08:43:51.096+0000] {dagbag.py:540} INFO - Filling up the DagBag from /opt/airflow/dags/clean_day_data.py
[2025-09-15T08:43:51.117+0000] {processor.py:840} INFO - DAG(s) 'clean_day_data' retrieved from /opt/airflow/dags/clean_day_data.py
[2025-09-15T08:43:51.151+0000] {logging_mixin.py:188} INFO - [2025-09-15T08:43:51.151+0000] {dag.py:3096} INFO - Sync 1 DAGs
[2025-09-15T08:43:51.167+0000] {logging_mixin.py:188} INFO - [2025-09-15T08:43:51.166+0000] {dag.py:3954} INFO - Setting next_dagrun for clean_day_data to None, run_after=None
[2025-09-15T08:43:51.188+0000] {processor.py:183} INFO - Processing /opt/airflow/dags/clean_day_data.py took 0.101 seconds
[2025-09-15T08:44:21.768+0000] {processor.py:161} INFO - Started process (PID=8683) to work on /opt/airflow/dags/clean_day_data.py
[2025-09-15T08:44:21.770+0000] {processor.py:830} INFO - Processing file /opt/airflow/dags/clean_day_data.py for tasks to queue
[2025-09-15T08:44:21.770+0000] {logging_mixin.py:188} INFO - [2025-09-15T08:44:21.770+0000] {dagbag.py:540} INFO - Filling up the DagBag from /opt/airflow/dags/clean_day_data.py
[2025-09-15T08:44:21.787+0000] {processor.py:840} INFO - DAG(s) 'clean_day_data' retrieved from /opt/airflow/dags/clean_day_data.py
[2025-09-15T08:44:21.814+0000] {logging_mixin.py:188} INFO - [2025-09-15T08:44:21.814+0000] {dag.py:3096} INFO - Sync 1 DAGs
[2025-09-15T08:44:21.828+0000] {logging_mixin.py:188} INFO - [2025-09-15T08:44:21.828+0000] {dag.py:3954} INFO - Setting next_dagrun for clean_day_data to None, run_after=None
[2025-09-15T08:44:21.848+0000] {processor.py:183} INFO - Processing /opt/airflow/dags/clean_day_data.py took 0.085 seconds
[2025-09-15T08:44:52.026+0000] {processor.py:161} INFO - Started process (PID=8718) to work on /opt/airflow/dags/clean_day_data.py
[2025-09-15T08:44:52.027+0000] {processor.py:830} INFO - Processing file /opt/airflow/dags/clean_day_data.py for tasks to queue
[2025-09-15T08:44:52.028+0000] {logging_mixin.py:188} INFO - [2025-09-15T08:44:52.028+0000] {dagbag.py:540} INFO - Filling up the DagBag from /opt/airflow/dags/clean_day_data.py
[2025-09-15T08:44:52.052+0000] {processor.py:840} INFO - DAG(s) 'clean_day_data' retrieved from /opt/airflow/dags/clean_day_data.py
[2025-09-15T08:44:52.082+0000] {logging_mixin.py:188} INFO - [2025-09-15T08:44:52.082+0000] {dag.py:3096} INFO - Sync 1 DAGs
[2025-09-15T08:44:52.099+0000] {logging_mixin.py:188} INFO - [2025-09-15T08:44:52.098+0000] {dag.py:3954} INFO - Setting next_dagrun for clean_day_data to None, run_after=None
[2025-09-15T08:44:52.146+0000] {processor.py:183} INFO - Processing /opt/airflow/dags/clean_day_data.py took 0.126 seconds
[2025-09-15T08:45:22.935+0000] {processor.py:161} INFO - Started process (PID=8753) to work on /opt/airflow/dags/clean_day_data.py
[2025-09-15T08:45:22.936+0000] {processor.py:830} INFO - Processing file /opt/airflow/dags/clean_day_data.py for tasks to queue
[2025-09-15T08:45:22.937+0000] {logging_mixin.py:188} INFO - [2025-09-15T08:45:22.937+0000] {dagbag.py:540} INFO - Filling up the DagBag from /opt/airflow/dags/clean_day_data.py
[2025-09-15T08:45:22.955+0000] {processor.py:840} INFO - DAG(s) 'clean_day_data' retrieved from /opt/airflow/dags/clean_day_data.py
[2025-09-15T08:45:22.986+0000] {logging_mixin.py:188} INFO - [2025-09-15T08:45:22.985+0000] {dag.py:3096} INFO - Sync 1 DAGs
[2025-09-15T08:45:23.002+0000] {logging_mixin.py:188} INFO - [2025-09-15T08:45:23.002+0000] {dag.py:3954} INFO - Setting next_dagrun for clean_day_data to None, run_after=None
[2025-09-15T08:45:23.033+0000] {processor.py:183} INFO - Processing /opt/airflow/dags/clean_day_data.py took 0.102 seconds
[2025-09-15T08:45:53.474+0000] {processor.py:161} INFO - Started process (PID=8788) to work on /opt/airflow/dags/clean_day_data.py
[2025-09-15T08:45:53.475+0000] {processor.py:830} INFO - Processing file /opt/airflow/dags/clean_day_data.py for tasks to queue
[2025-09-15T08:45:53.476+0000] {logging_mixin.py:188} INFO - [2025-09-15T08:45:53.475+0000] {dagbag.py:540} INFO - Filling up the DagBag from /opt/airflow/dags/clean_day_data.py
[2025-09-15T08:45:53.493+0000] {processor.py:840} INFO - DAG(s) 'clean_day_data' retrieved from /opt/airflow/dags/clean_day_data.py
[2025-09-15T08:45:53.526+0000] {logging_mixin.py:188} INFO - [2025-09-15T08:45:53.526+0000] {dag.py:3096} INFO - Sync 1 DAGs
[2025-09-15T08:45:53.541+0000] {logging_mixin.py:188} INFO - [2025-09-15T08:45:53.540+0000] {dag.py:3954} INFO - Setting next_dagrun for clean_day_data to None, run_after=None
[2025-09-15T08:45:53.567+0000] {processor.py:183} INFO - Processing /opt/airflow/dags/clean_day_data.py took 0.098 seconds
[2025-09-15T08:46:24.071+0000] {processor.py:161} INFO - Started process (PID=8823) to work on /opt/airflow/dags/clean_day_data.py
[2025-09-15T08:46:24.072+0000] {processor.py:830} INFO - Processing file /opt/airflow/dags/clean_day_data.py for tasks to queue
[2025-09-15T08:46:24.073+0000] {logging_mixin.py:188} INFO - [2025-09-15T08:46:24.073+0000] {dagbag.py:540} INFO - Filling up the DagBag from /opt/airflow/dags/clean_day_data.py
[2025-09-15T08:46:24.091+0000] {processor.py:840} INFO - DAG(s) 'clean_day_data' retrieved from /opt/airflow/dags/clean_day_data.py
[2025-09-15T08:46:24.121+0000] {logging_mixin.py:188} INFO - [2025-09-15T08:46:24.120+0000] {dag.py:3096} INFO - Sync 1 DAGs
[2025-09-15T08:46:24.134+0000] {logging_mixin.py:188} INFO - [2025-09-15T08:46:24.134+0000] {dag.py:3954} INFO - Setting next_dagrun for clean_day_data to None, run_after=None
[2025-09-15T08:46:24.156+0000] {processor.py:183} INFO - Processing /opt/airflow/dags/clean_day_data.py took 0.092 seconds
[2025-09-15T08:46:54.242+0000] {processor.py:161} INFO - Started process (PID=8858) to work on /opt/airflow/dags/clean_day_data.py
[2025-09-15T08:46:54.243+0000] {processor.py:830} INFO - Processing file /opt/airflow/dags/clean_day_data.py for tasks to queue
[2025-09-15T08:46:54.244+0000] {logging_mixin.py:188} INFO - [2025-09-15T08:46:54.244+0000] {dagbag.py:540} INFO - Filling up the DagBag from /opt/airflow/dags/clean_day_data.py
[2025-09-15T08:46:54.265+0000] {processor.py:840} INFO - DAG(s) 'clean_day_data' retrieved from /opt/airflow/dags/clean_day_data.py
[2025-09-15T08:46:54.297+0000] {logging_mixin.py:188} INFO - [2025-09-15T08:46:54.296+0000] {dag.py:3096} INFO - Sync 1 DAGs
[2025-09-15T08:46:54.311+0000] {logging_mixin.py:188} INFO - [2025-09-15T08:46:54.311+0000] {dag.py:3954} INFO - Setting next_dagrun for clean_day_data to None, run_after=None
[2025-09-15T08:46:54.337+0000] {processor.py:183} INFO - Processing /opt/airflow/dags/clean_day_data.py took 0.101 seconds
[2025-09-15T08:47:24.958+0000] {processor.py:161} INFO - Started process (PID=8893) to work on /opt/airflow/dags/clean_day_data.py
[2025-09-15T08:47:24.959+0000] {processor.py:830} INFO - Processing file /opt/airflow/dags/clean_day_data.py for tasks to queue
[2025-09-15T08:47:24.960+0000] {logging_mixin.py:188} INFO - [2025-09-15T08:47:24.960+0000] {dagbag.py:540} INFO - Filling up the DagBag from /opt/airflow/dags/clean_day_data.py
[2025-09-15T08:47:24.977+0000] {processor.py:840} INFO - DAG(s) 'clean_day_data' retrieved from /opt/airflow/dags/clean_day_data.py
[2025-09-15T08:47:25.004+0000] {logging_mixin.py:188} INFO - [2025-09-15T08:47:25.004+0000] {dag.py:3096} INFO - Sync 1 DAGs
[2025-09-15T08:47:25.017+0000] {logging_mixin.py:188} INFO - [2025-09-15T08:47:25.016+0000] {dag.py:3954} INFO - Setting next_dagrun for clean_day_data to None, run_after=None
[2025-09-15T08:47:25.037+0000] {processor.py:183} INFO - Processing /opt/airflow/dags/clean_day_data.py took 0.084 seconds
[2025-09-15T08:47:55.524+0000] {processor.py:161} INFO - Started process (PID=8928) to work on /opt/airflow/dags/clean_day_data.py
[2025-09-15T08:47:55.528+0000] {processor.py:830} INFO - Processing file /opt/airflow/dags/clean_day_data.py for tasks to queue
[2025-09-15T08:47:55.531+0000] {logging_mixin.py:188} INFO - [2025-09-15T08:47:55.529+0000] {dagbag.py:540} INFO - Filling up the DagBag from /opt/airflow/dags/clean_day_data.py
[2025-09-15T08:47:55.564+0000] {processor.py:840} INFO - DAG(s) 'clean_day_data' retrieved from /opt/airflow/dags/clean_day_data.py
[2025-09-15T08:47:55.594+0000] {logging_mixin.py:188} INFO - [2025-09-15T08:47:55.593+0000] {dag.py:3096} INFO - Sync 1 DAGs
[2025-09-15T08:47:55.607+0000] {logging_mixin.py:188} INFO - [2025-09-15T08:47:55.607+0000] {dag.py:3954} INFO - Setting next_dagrun for clean_day_data to None, run_after=None
[2025-09-15T08:47:55.631+0000] {processor.py:183} INFO - Processing /opt/airflow/dags/clean_day_data.py took 0.122 seconds
[2025-09-15T08:48:26.349+0000] {processor.py:161} INFO - Started process (PID=8963) to work on /opt/airflow/dags/clean_day_data.py
[2025-09-15T08:48:26.350+0000] {processor.py:830} INFO - Processing file /opt/airflow/dags/clean_day_data.py for tasks to queue
[2025-09-15T08:48:26.352+0000] {logging_mixin.py:188} INFO - [2025-09-15T08:48:26.351+0000] {dagbag.py:540} INFO - Filling up the DagBag from /opt/airflow/dags/clean_day_data.py
[2025-09-15T08:48:26.372+0000] {processor.py:840} INFO - DAG(s) 'clean_day_data' retrieved from /opt/airflow/dags/clean_day_data.py
[2025-09-15T08:48:26.400+0000] {logging_mixin.py:188} INFO - [2025-09-15T08:48:26.400+0000] {dag.py:3096} INFO - Sync 1 DAGs
[2025-09-15T08:48:26.414+0000] {logging_mixin.py:188} INFO - [2025-09-15T08:48:26.414+0000] {dag.py:3954} INFO - Setting next_dagrun for clean_day_data to None, run_after=None
[2025-09-15T08:48:26.435+0000] {processor.py:183} INFO - Processing /opt/airflow/dags/clean_day_data.py took 0.094 seconds
[2025-09-15T08:48:56.813+0000] {processor.py:161} INFO - Started process (PID=8998) to work on /opt/airflow/dags/clean_day_data.py
[2025-09-15T08:48:56.814+0000] {processor.py:830} INFO - Processing file /opt/airflow/dags/clean_day_data.py for tasks to queue
[2025-09-15T08:48:56.815+0000] {logging_mixin.py:188} INFO - [2025-09-15T08:48:56.814+0000] {dagbag.py:540} INFO - Filling up the DagBag from /opt/airflow/dags/clean_day_data.py
[2025-09-15T08:48:56.834+0000] {processor.py:840} INFO - DAG(s) 'clean_day_data' retrieved from /opt/airflow/dags/clean_day_data.py
[2025-09-15T08:48:56.866+0000] {logging_mixin.py:188} INFO - [2025-09-15T08:48:56.865+0000] {dag.py:3096} INFO - Sync 1 DAGs
[2025-09-15T08:48:56.883+0000] {logging_mixin.py:188} INFO - [2025-09-15T08:48:56.883+0000] {dag.py:3954} INFO - Setting next_dagrun for clean_day_data to None, run_after=None
[2025-09-15T08:48:56.915+0000] {processor.py:183} INFO - Processing /opt/airflow/dags/clean_day_data.py took 0.107 seconds
[2025-09-15T08:49:27.509+0000] {processor.py:161} INFO - Started process (PID=9033) to work on /opt/airflow/dags/clean_day_data.py
[2025-09-15T08:49:27.510+0000] {processor.py:830} INFO - Processing file /opt/airflow/dags/clean_day_data.py for tasks to queue
[2025-09-15T08:49:27.511+0000] {logging_mixin.py:188} INFO - [2025-09-15T08:49:27.510+0000] {dagbag.py:540} INFO - Filling up the DagBag from /opt/airflow/dags/clean_day_data.py
[2025-09-15T08:49:27.529+0000] {processor.py:840} INFO - DAG(s) 'clean_day_data' retrieved from /opt/airflow/dags/clean_day_data.py
[2025-09-15T08:49:27.558+0000] {logging_mixin.py:188} INFO - [2025-09-15T08:49:27.558+0000] {dag.py:3096} INFO - Sync 1 DAGs
[2025-09-15T08:49:27.571+0000] {logging_mixin.py:188} INFO - [2025-09-15T08:49:27.571+0000] {dag.py:3954} INFO - Setting next_dagrun for clean_day_data to None, run_after=None
[2025-09-15T08:49:27.591+0000] {processor.py:183} INFO - Processing /opt/airflow/dags/clean_day_data.py took 0.087 seconds
[2025-09-15T08:49:58.071+0000] {processor.py:161} INFO - Started process (PID=9068) to work on /opt/airflow/dags/clean_day_data.py
[2025-09-15T08:49:58.072+0000] {processor.py:830} INFO - Processing file /opt/airflow/dags/clean_day_data.py for tasks to queue
[2025-09-15T08:49:58.073+0000] {logging_mixin.py:188} INFO - [2025-09-15T08:49:58.073+0000] {dagbag.py:540} INFO - Filling up the DagBag from /opt/airflow/dags/clean_day_data.py
[2025-09-15T08:49:58.101+0000] {processor.py:840} INFO - DAG(s) 'clean_day_data' retrieved from /opt/airflow/dags/clean_day_data.py
[2025-09-15T08:49:58.141+0000] {logging_mixin.py:188} INFO - [2025-09-15T08:49:58.141+0000] {dag.py:3096} INFO - Sync 1 DAGs
[2025-09-15T08:49:58.157+0000] {logging_mixin.py:188} INFO - [2025-09-15T08:49:58.157+0000] {dag.py:3954} INFO - Setting next_dagrun for clean_day_data to None, run_after=None
[2025-09-15T08:49:58.176+0000] {processor.py:183} INFO - Processing /opt/airflow/dags/clean_day_data.py took 0.113 seconds
[2025-09-15T08:50:28.772+0000] {processor.py:161} INFO - Started process (PID=9103) to work on /opt/airflow/dags/clean_day_data.py
[2025-09-15T08:50:28.773+0000] {processor.py:830} INFO - Processing file /opt/airflow/dags/clean_day_data.py for tasks to queue
[2025-09-15T08:50:28.774+0000] {logging_mixin.py:188} INFO - [2025-09-15T08:50:28.773+0000] {dagbag.py:540} INFO - Filling up the DagBag from /opt/airflow/dags/clean_day_data.py
[2025-09-15T08:50:28.799+0000] {processor.py:840} INFO - DAG(s) 'clean_day_data' retrieved from /opt/airflow/dags/clean_day_data.py
[2025-09-15T08:50:28.832+0000] {logging_mixin.py:188} INFO - [2025-09-15T08:50:28.832+0000] {dag.py:3096} INFO - Sync 1 DAGs
[2025-09-15T08:50:28.845+0000] {logging_mixin.py:188} INFO - [2025-09-15T08:50:28.845+0000] {dag.py:3954} INFO - Setting next_dagrun for clean_day_data to None, run_after=None
[2025-09-15T08:50:28.868+0000] {processor.py:183} INFO - Processing /opt/airflow/dags/clean_day_data.py took 0.102 seconds
[2025-09-15T08:50:59.396+0000] {processor.py:161} INFO - Started process (PID=9138) to work on /opt/airflow/dags/clean_day_data.py
[2025-09-15T08:50:59.397+0000] {processor.py:830} INFO - Processing file /opt/airflow/dags/clean_day_data.py for tasks to queue
[2025-09-15T08:50:59.398+0000] {logging_mixin.py:188} INFO - [2025-09-15T08:50:59.398+0000] {dagbag.py:540} INFO - Filling up the DagBag from /opt/airflow/dags/clean_day_data.py
[2025-09-15T08:50:59.416+0000] {processor.py:840} INFO - DAG(s) 'clean_day_data' retrieved from /opt/airflow/dags/clean_day_data.py
[2025-09-15T08:50:59.445+0000] {logging_mixin.py:188} INFO - [2025-09-15T08:50:59.445+0000] {dag.py:3096} INFO - Sync 1 DAGs
[2025-09-15T08:50:59.460+0000] {logging_mixin.py:188} INFO - [2025-09-15T08:50:59.460+0000] {dag.py:3954} INFO - Setting next_dagrun for clean_day_data to None, run_after=None
[2025-09-15T08:50:59.481+0000] {processor.py:183} INFO - Processing /opt/airflow/dags/clean_day_data.py took 0.090 seconds
[2025-09-15T08:51:29.967+0000] {processor.py:161} INFO - Started process (PID=9173) to work on /opt/airflow/dags/clean_day_data.py
[2025-09-15T08:51:29.968+0000] {processor.py:830} INFO - Processing file /opt/airflow/dags/clean_day_data.py for tasks to queue
[2025-09-15T08:51:29.969+0000] {logging_mixin.py:188} INFO - [2025-09-15T08:51:29.969+0000] {dagbag.py:540} INFO - Filling up the DagBag from /opt/airflow/dags/clean_day_data.py
[2025-09-15T08:51:29.988+0000] {processor.py:840} INFO - DAG(s) 'clean_day_data' retrieved from /opt/airflow/dags/clean_day_data.py
[2025-09-15T08:51:30.015+0000] {logging_mixin.py:188} INFO - [2025-09-15T08:51:30.015+0000] {dag.py:3096} INFO - Sync 1 DAGs
[2025-09-15T08:51:30.028+0000] {logging_mixin.py:188} INFO - [2025-09-15T08:51:30.027+0000] {dag.py:3954} INFO - Setting next_dagrun for clean_day_data to None, run_after=None
[2025-09-15T08:51:30.047+0000] {processor.py:183} INFO - Processing /opt/airflow/dags/clean_day_data.py took 0.085 seconds
[2025-09-15T08:52:00.432+0000] {processor.py:161} INFO - Started process (PID=9208) to work on /opt/airflow/dags/clean_day_data.py
[2025-09-15T08:52:00.433+0000] {processor.py:830} INFO - Processing file /opt/airflow/dags/clean_day_data.py for tasks to queue
[2025-09-15T08:52:00.434+0000] {logging_mixin.py:188} INFO - [2025-09-15T08:52:00.433+0000] {dagbag.py:540} INFO - Filling up the DagBag from /opt/airflow/dags/clean_day_data.py
[2025-09-15T08:52:00.453+0000] {processor.py:840} INFO - DAG(s) 'clean_day_data' retrieved from /opt/airflow/dags/clean_day_data.py
[2025-09-15T08:52:00.485+0000] {logging_mixin.py:188} INFO - [2025-09-15T08:52:00.485+0000] {dag.py:3096} INFO - Sync 1 DAGs
[2025-09-15T08:52:00.498+0000] {logging_mixin.py:188} INFO - [2025-09-15T08:52:00.497+0000] {dag.py:3954} INFO - Setting next_dagrun for clean_day_data to None, run_after=None
[2025-09-15T08:52:00.518+0000] {processor.py:183} INFO - Processing /opt/airflow/dags/clean_day_data.py took 0.091 seconds
[2025-09-15T08:52:30.940+0000] {processor.py:161} INFO - Started process (PID=9243) to work on /opt/airflow/dags/clean_day_data.py
[2025-09-15T08:52:30.941+0000] {processor.py:830} INFO - Processing file /opt/airflow/dags/clean_day_data.py for tasks to queue
[2025-09-15T08:52:30.942+0000] {logging_mixin.py:188} INFO - [2025-09-15T08:52:30.942+0000] {dagbag.py:540} INFO - Filling up the DagBag from /opt/airflow/dags/clean_day_data.py
[2025-09-15T08:52:30.963+0000] {processor.py:840} INFO - DAG(s) 'clean_day_data' retrieved from /opt/airflow/dags/clean_day_data.py
[2025-09-15T08:52:30.995+0000] {logging_mixin.py:188} INFO - [2025-09-15T08:52:30.995+0000] {dag.py:3096} INFO - Sync 1 DAGs
[2025-09-15T08:52:31.012+0000] {logging_mixin.py:188} INFO - [2025-09-15T08:52:31.011+0000] {dag.py:3954} INFO - Setting next_dagrun for clean_day_data to None, run_after=None
[2025-09-15T08:52:31.037+0000] {processor.py:183} INFO - Processing /opt/airflow/dags/clean_day_data.py took 0.103 seconds
[2025-09-15T08:53:01.153+0000] {processor.py:161} INFO - Started process (PID=9278) to work on /opt/airflow/dags/clean_day_data.py
[2025-09-15T08:53:01.154+0000] {processor.py:830} INFO - Processing file /opt/airflow/dags/clean_day_data.py for tasks to queue
[2025-09-15T08:53:01.155+0000] {logging_mixin.py:188} INFO - [2025-09-15T08:53:01.155+0000] {dagbag.py:540} INFO - Filling up the DagBag from /opt/airflow/dags/clean_day_data.py
[2025-09-15T08:53:01.172+0000] {processor.py:840} INFO - DAG(s) 'clean_day_data' retrieved from /opt/airflow/dags/clean_day_data.py
[2025-09-15T08:53:01.200+0000] {logging_mixin.py:188} INFO - [2025-09-15T08:53:01.199+0000] {dag.py:3096} INFO - Sync 1 DAGs
[2025-09-15T08:53:01.212+0000] {logging_mixin.py:188} INFO - [2025-09-15T08:53:01.212+0000] {dag.py:3954} INFO - Setting next_dagrun for clean_day_data to None, run_after=None
[2025-09-15T08:53:01.233+0000] {processor.py:183} INFO - Processing /opt/airflow/dags/clean_day_data.py took 0.085 seconds
[2025-09-15T08:53:31.719+0000] {processor.py:161} INFO - Started process (PID=9313) to work on /opt/airflow/dags/clean_day_data.py
[2025-09-15T08:53:31.720+0000] {processor.py:830} INFO - Processing file /opt/airflow/dags/clean_day_data.py for tasks to queue
[2025-09-15T08:53:31.721+0000] {logging_mixin.py:188} INFO - [2025-09-15T08:53:31.721+0000] {dagbag.py:540} INFO - Filling up the DagBag from /opt/airflow/dags/clean_day_data.py
[2025-09-15T08:53:31.740+0000] {processor.py:840} INFO - DAG(s) 'clean_day_data' retrieved from /opt/airflow/dags/clean_day_data.py
[2025-09-15T08:53:31.777+0000] {logging_mixin.py:188} INFO - [2025-09-15T08:53:31.776+0000] {dag.py:3096} INFO - Sync 1 DAGs
[2025-09-15T08:53:31.799+0000] {logging_mixin.py:188} INFO - [2025-09-15T08:53:31.798+0000] {dag.py:3954} INFO - Setting next_dagrun for clean_day_data to None, run_after=None
[2025-09-15T08:53:31.829+0000] {processor.py:183} INFO - Processing /opt/airflow/dags/clean_day_data.py took 0.115 seconds
[2025-09-15T08:54:02.577+0000] {processor.py:161} INFO - Started process (PID=9348) to work on /opt/airflow/dags/clean_day_data.py
[2025-09-15T08:54:02.579+0000] {processor.py:830} INFO - Processing file /opt/airflow/dags/clean_day_data.py for tasks to queue
[2025-09-15T08:54:02.580+0000] {logging_mixin.py:188} INFO - [2025-09-15T08:54:02.580+0000] {dagbag.py:540} INFO - Filling up the DagBag from /opt/airflow/dags/clean_day_data.py
[2025-09-15T08:54:02.607+0000] {processor.py:840} INFO - DAG(s) 'clean_day_data' retrieved from /opt/airflow/dags/clean_day_data.py
[2025-09-15T08:54:02.638+0000] {logging_mixin.py:188} INFO - [2025-09-15T08:54:02.638+0000] {dag.py:3096} INFO - Sync 1 DAGs
[2025-09-15T08:54:02.651+0000] {logging_mixin.py:188} INFO - [2025-09-15T08:54:02.651+0000] {dag.py:3954} INFO - Setting next_dagrun for clean_day_data to None, run_after=None
[2025-09-15T08:54:02.677+0000] {processor.py:183} INFO - Processing /opt/airflow/dags/clean_day_data.py took 0.106 seconds
[2025-09-15T08:54:33.351+0000] {processor.py:161} INFO - Started process (PID=9383) to work on /opt/airflow/dags/clean_day_data.py
[2025-09-15T08:54:33.354+0000] {processor.py:830} INFO - Processing file /opt/airflow/dags/clean_day_data.py for tasks to queue
[2025-09-15T08:54:33.355+0000] {logging_mixin.py:188} INFO - [2025-09-15T08:54:33.354+0000] {dagbag.py:540} INFO - Filling up the DagBag from /opt/airflow/dags/clean_day_data.py
[2025-09-15T08:54:33.379+0000] {processor.py:840} INFO - DAG(s) 'clean_day_data' retrieved from /opt/airflow/dags/clean_day_data.py
[2025-09-15T08:54:33.420+0000] {logging_mixin.py:188} INFO - [2025-09-15T08:54:33.419+0000] {dag.py:3096} INFO - Sync 1 DAGs
[2025-09-15T08:54:33.439+0000] {logging_mixin.py:188} INFO - [2025-09-15T08:54:33.438+0000] {dag.py:3954} INFO - Setting next_dagrun for clean_day_data to None, run_after=None
[2025-09-15T08:54:33.465+0000] {processor.py:183} INFO - Processing /opt/airflow/dags/clean_day_data.py took 0.124 seconds
[2025-09-15T08:55:03.992+0000] {processor.py:161} INFO - Started process (PID=9418) to work on /opt/airflow/dags/clean_day_data.py
[2025-09-15T08:55:03.993+0000] {processor.py:830} INFO - Processing file /opt/airflow/dags/clean_day_data.py for tasks to queue
[2025-09-15T08:55:03.995+0000] {logging_mixin.py:188} INFO - [2025-09-15T08:55:03.994+0000] {dagbag.py:540} INFO - Filling up the DagBag from /opt/airflow/dags/clean_day_data.py
[2025-09-15T08:55:04.015+0000] {processor.py:840} INFO - DAG(s) 'clean_day_data' retrieved from /opt/airflow/dags/clean_day_data.py
[2025-09-15T08:55:04.045+0000] {logging_mixin.py:188} INFO - [2025-09-15T08:55:04.045+0000] {dag.py:3096} INFO - Sync 1 DAGs
[2025-09-15T08:55:04.058+0000] {logging_mixin.py:188} INFO - [2025-09-15T08:55:04.058+0000] {dag.py:3954} INFO - Setting next_dagrun for clean_day_data to None, run_after=None
[2025-09-15T08:55:04.079+0000] {processor.py:183} INFO - Processing /opt/airflow/dags/clean_day_data.py took 0.092 seconds
[2025-09-15T08:55:34.734+0000] {processor.py:161} INFO - Started process (PID=9457) to work on /opt/airflow/dags/clean_day_data.py
[2025-09-15T08:55:34.735+0000] {processor.py:830} INFO - Processing file /opt/airflow/dags/clean_day_data.py for tasks to queue
[2025-09-15T08:55:34.736+0000] {logging_mixin.py:188} INFO - [2025-09-15T08:55:34.735+0000] {dagbag.py:540} INFO - Filling up the DagBag from /opt/airflow/dags/clean_day_data.py
[2025-09-15T08:55:34.753+0000] {processor.py:840} INFO - DAG(s) 'clean_day_data' retrieved from /opt/airflow/dags/clean_day_data.py
[2025-09-15T08:55:34.781+0000] {logging_mixin.py:188} INFO - [2025-09-15T08:55:34.781+0000] {dag.py:3096} INFO - Sync 1 DAGs
[2025-09-15T08:55:34.793+0000] {logging_mixin.py:188} INFO - [2025-09-15T08:55:34.793+0000] {dag.py:3954} INFO - Setting next_dagrun for clean_day_data to None, run_after=None
[2025-09-15T08:55:34.814+0000] {processor.py:183} INFO - Processing /opt/airflow/dags/clean_day_data.py took 0.086 seconds
[2025-09-15T08:56:05.538+0000] {processor.py:161} INFO - Started process (PID=9492) to work on /opt/airflow/dags/clean_day_data.py
[2025-09-15T08:56:05.548+0000] {processor.py:830} INFO - Processing file /opt/airflow/dags/clean_day_data.py for tasks to queue
[2025-09-15T08:56:05.550+0000] {logging_mixin.py:188} INFO - [2025-09-15T08:56:05.549+0000] {dagbag.py:540} INFO - Filling up the DagBag from /opt/airflow/dags/clean_day_data.py
[2025-09-15T08:56:05.581+0000] {processor.py:840} INFO - DAG(s) 'clean_day_data' retrieved from /opt/airflow/dags/clean_day_data.py
[2025-09-15T08:56:05.665+0000] {logging_mixin.py:188} INFO - [2025-09-15T08:56:05.665+0000] {dag.py:3096} INFO - Sync 1 DAGs
[2025-09-15T08:56:05.703+0000] {logging_mixin.py:188} INFO - [2025-09-15T08:56:05.703+0000] {dag.py:3954} INFO - Setting next_dagrun for clean_day_data to None, run_after=None
[2025-09-15T08:56:05.724+0000] {processor.py:183} INFO - Processing /opt/airflow/dags/clean_day_data.py took 0.210 seconds
[2025-09-15T08:56:36.253+0000] {processor.py:161} INFO - Started process (PID=9527) to work on /opt/airflow/dags/clean_day_data.py
[2025-09-15T08:56:36.254+0000] {processor.py:830} INFO - Processing file /opt/airflow/dags/clean_day_data.py for tasks to queue
[2025-09-15T08:56:36.255+0000] {logging_mixin.py:188} INFO - [2025-09-15T08:56:36.255+0000] {dagbag.py:540} INFO - Filling up the DagBag from /opt/airflow/dags/clean_day_data.py
[2025-09-15T08:56:36.280+0000] {processor.py:840} INFO - DAG(s) 'clean_day_data' retrieved from /opt/airflow/dags/clean_day_data.py
[2025-09-15T08:56:36.317+0000] {logging_mixin.py:188} INFO - [2025-09-15T08:56:36.316+0000] {dag.py:3096} INFO - Sync 1 DAGs
[2025-09-15T08:56:36.337+0000] {logging_mixin.py:188} INFO - [2025-09-15T08:56:36.337+0000] {dag.py:3954} INFO - Setting next_dagrun for clean_day_data to None, run_after=None
[2025-09-15T08:56:36.404+0000] {processor.py:183} INFO - Processing /opt/airflow/dags/clean_day_data.py took 0.157 seconds
[2025-09-15T08:57:07.129+0000] {processor.py:161} INFO - Started process (PID=9566) to work on /opt/airflow/dags/clean_day_data.py
[2025-09-15T08:57:07.132+0000] {processor.py:830} INFO - Processing file /opt/airflow/dags/clean_day_data.py for tasks to queue
[2025-09-15T08:57:07.135+0000] {logging_mixin.py:188} INFO - [2025-09-15T08:57:07.134+0000] {dagbag.py:540} INFO - Filling up the DagBag from /opt/airflow/dags/clean_day_data.py
[2025-09-15T08:57:07.172+0000] {processor.py:840} INFO - DAG(s) 'clean_day_data' retrieved from /opt/airflow/dags/clean_day_data.py
[2025-09-15T08:57:07.221+0000] {logging_mixin.py:188} INFO - [2025-09-15T08:57:07.220+0000] {dag.py:3096} INFO - Sync 1 DAGs
[2025-09-15T08:57:07.232+0000] {logging_mixin.py:188} INFO - [2025-09-15T08:57:07.232+0000] {dag.py:3954} INFO - Setting next_dagrun for clean_day_data to None, run_after=None
[2025-09-15T08:57:07.252+0000] {processor.py:183} INFO - Processing /opt/airflow/dags/clean_day_data.py took 0.137 seconds
[2025-09-15T08:57:37.347+0000] {processor.py:161} INFO - Started process (PID=9607) to work on /opt/airflow/dags/clean_day_data.py
[2025-09-15T08:57:37.348+0000] {processor.py:830} INFO - Processing file /opt/airflow/dags/clean_day_data.py for tasks to queue
[2025-09-15T08:57:37.350+0000] {logging_mixin.py:188} INFO - [2025-09-15T08:57:37.349+0000] {dagbag.py:540} INFO - Filling up the DagBag from /opt/airflow/dags/clean_day_data.py
[2025-09-15T08:57:37.385+0000] {processor.py:840} INFO - DAG(s) 'clean_day_data' retrieved from /opt/airflow/dags/clean_day_data.py
[2025-09-15T08:57:37.515+0000] {logging_mixin.py:188} INFO - [2025-09-15T08:57:37.515+0000] {dag.py:3096} INFO - Sync 1 DAGs
[2025-09-15T08:57:37.578+0000] {logging_mixin.py:188} INFO - [2025-09-15T08:57:37.578+0000] {dag.py:3954} INFO - Setting next_dagrun for clean_day_data to None, run_after=None
[2025-09-15T08:57:37.622+0000] {processor.py:183} INFO - Processing /opt/airflow/dags/clean_day_data.py took 0.284 seconds
[2025-09-15T08:58:08.378+0000] {processor.py:161} INFO - Started process (PID=9644) to work on /opt/airflow/dags/clean_day_data.py
[2025-09-15T08:58:08.381+0000] {processor.py:830} INFO - Processing file /opt/airflow/dags/clean_day_data.py for tasks to queue
[2025-09-15T08:58:08.383+0000] {logging_mixin.py:188} INFO - [2025-09-15T08:58:08.382+0000] {dagbag.py:540} INFO - Filling up the DagBag from /opt/airflow/dags/clean_day_data.py
[2025-09-15T08:58:08.434+0000] {processor.py:840} INFO - DAG(s) 'clean_day_data' retrieved from /opt/airflow/dags/clean_day_data.py
[2025-09-15T08:58:08.554+0000] {logging_mixin.py:188} INFO - [2025-09-15T08:58:08.553+0000] {dag.py:3096} INFO - Sync 1 DAGs
[2025-09-15T08:58:08.578+0000] {logging_mixin.py:188} INFO - [2025-09-15T08:58:08.578+0000] {dag.py:3954} INFO - Setting next_dagrun for clean_day_data to None, run_after=None
[2025-09-15T08:58:08.606+0000] {processor.py:183} INFO - Processing /opt/airflow/dags/clean_day_data.py took 0.245 seconds
[2025-09-15T08:58:38.707+0000] {processor.py:161} INFO - Started process (PID=9683) to work on /opt/airflow/dags/clean_day_data.py
[2025-09-15T08:58:38.708+0000] {processor.py:830} INFO - Processing file /opt/airflow/dags/clean_day_data.py for tasks to queue
[2025-09-15T08:58:38.709+0000] {logging_mixin.py:188} INFO - [2025-09-15T08:58:38.709+0000] {dagbag.py:540} INFO - Filling up the DagBag from /opt/airflow/dags/clean_day_data.py
[2025-09-15T08:58:38.725+0000] {processor.py:840} INFO - DAG(s) 'clean_day_data' retrieved from /opt/airflow/dags/clean_day_data.py
[2025-09-15T08:58:38.755+0000] {logging_mixin.py:188} INFO - [2025-09-15T08:58:38.755+0000] {dag.py:3096} INFO - Sync 1 DAGs
[2025-09-15T08:58:38.766+0000] {logging_mixin.py:188} INFO - [2025-09-15T08:58:38.766+0000] {dag.py:3954} INFO - Setting next_dagrun for clean_day_data to None, run_after=None
[2025-09-15T08:58:38.787+0000] {processor.py:183} INFO - Processing /opt/airflow/dags/clean_day_data.py took 0.085 seconds
[2025-09-15T08:59:09.508+0000] {processor.py:161} INFO - Started process (PID=9716) to work on /opt/airflow/dags/clean_day_data.py
[2025-09-15T08:59:09.510+0000] {processor.py:830} INFO - Processing file /opt/airflow/dags/clean_day_data.py for tasks to queue
[2025-09-15T08:59:09.511+0000] {logging_mixin.py:188} INFO - [2025-09-15T08:59:09.511+0000] {dagbag.py:540} INFO - Filling up the DagBag from /opt/airflow/dags/clean_day_data.py
[2025-09-15T08:59:09.537+0000] {processor.py:840} INFO - DAG(s) 'clean_day_data' retrieved from /opt/airflow/dags/clean_day_data.py
[2025-09-15T08:59:09.564+0000] {logging_mixin.py:188} INFO - [2025-09-15T08:59:09.564+0000] {dag.py:3096} INFO - Sync 1 DAGs
[2025-09-15T08:59:09.580+0000] {logging_mixin.py:188} INFO - [2025-09-15T08:59:09.579+0000] {dag.py:3954} INFO - Setting next_dagrun for clean_day_data to None, run_after=None
[2025-09-15T08:59:09.600+0000] {processor.py:183} INFO - Processing /opt/airflow/dags/clean_day_data.py took 0.099 seconds
[2025-09-15T08:59:40.275+0000] {processor.py:161} INFO - Started process (PID=9751) to work on /opt/airflow/dags/clean_day_data.py
[2025-09-15T08:59:40.276+0000] {processor.py:830} INFO - Processing file /opt/airflow/dags/clean_day_data.py for tasks to queue
[2025-09-15T08:59:40.278+0000] {logging_mixin.py:188} INFO - [2025-09-15T08:59:40.277+0000] {dagbag.py:540} INFO - Filling up the DagBag from /opt/airflow/dags/clean_day_data.py
[2025-09-15T08:59:40.299+0000] {processor.py:840} INFO - DAG(s) 'clean_day_data' retrieved from /opt/airflow/dags/clean_day_data.py
[2025-09-15T08:59:40.341+0000] {logging_mixin.py:188} INFO - [2025-09-15T08:59:40.341+0000] {dag.py:3096} INFO - Sync 1 DAGs
[2025-09-15T08:59:40.356+0000] {logging_mixin.py:188} INFO - [2025-09-15T08:59:40.356+0000] {dag.py:3954} INFO - Setting next_dagrun for clean_day_data to None, run_after=None
[2025-09-15T08:59:40.388+0000] {processor.py:183} INFO - Processing /opt/airflow/dags/clean_day_data.py took 0.120 seconds
[2025-09-15T09:00:10.664+0000] {processor.py:161} INFO - Started process (PID=9786) to work on /opt/airflow/dags/clean_day_data.py
[2025-09-15T09:00:10.665+0000] {processor.py:830} INFO - Processing file /opt/airflow/dags/clean_day_data.py for tasks to queue
[2025-09-15T09:00:10.666+0000] {logging_mixin.py:188} INFO - [2025-09-15T09:00:10.665+0000] {dagbag.py:540} INFO - Filling up the DagBag from /opt/airflow/dags/clean_day_data.py
[2025-09-15T09:00:10.682+0000] {processor.py:840} INFO - DAG(s) 'clean_day_data' retrieved from /opt/airflow/dags/clean_day_data.py
[2025-09-15T09:00:10.708+0000] {logging_mixin.py:188} INFO - [2025-09-15T09:00:10.707+0000] {dag.py:3096} INFO - Sync 1 DAGs
[2025-09-15T09:00:10.720+0000] {logging_mixin.py:188} INFO - [2025-09-15T09:00:10.720+0000] {dag.py:3954} INFO - Setting next_dagrun for clean_day_data to None, run_after=None
[2025-09-15T09:00:10.741+0000] {processor.py:183} INFO - Processing /opt/airflow/dags/clean_day_data.py took 0.081 seconds
[2025-09-15T09:00:41.243+0000] {processor.py:161} INFO - Started process (PID=9821) to work on /opt/airflow/dags/clean_day_data.py
[2025-09-15T09:00:41.244+0000] {processor.py:830} INFO - Processing file /opt/airflow/dags/clean_day_data.py for tasks to queue
[2025-09-15T09:00:41.245+0000] {logging_mixin.py:188} INFO - [2025-09-15T09:00:41.245+0000] {dagbag.py:540} INFO - Filling up the DagBag from /opt/airflow/dags/clean_day_data.py
[2025-09-15T09:00:41.267+0000] {processor.py:840} INFO - DAG(s) 'clean_day_data' retrieved from /opt/airflow/dags/clean_day_data.py
[2025-09-15T09:00:41.298+0000] {logging_mixin.py:188} INFO - [2025-09-15T09:00:41.298+0000] {dag.py:3096} INFO - Sync 1 DAGs
[2025-09-15T09:00:41.313+0000] {logging_mixin.py:188} INFO - [2025-09-15T09:00:41.313+0000] {dag.py:3954} INFO - Setting next_dagrun for clean_day_data to None, run_after=None
[2025-09-15T09:00:41.342+0000] {processor.py:183} INFO - Processing /opt/airflow/dags/clean_day_data.py took 0.106 seconds
[2025-09-15T09:01:11.777+0000] {processor.py:161} INFO - Started process (PID=9856) to work on /opt/airflow/dags/clean_day_data.py
[2025-09-15T09:01:11.778+0000] {processor.py:830} INFO - Processing file /opt/airflow/dags/clean_day_data.py for tasks to queue
[2025-09-15T09:01:11.779+0000] {logging_mixin.py:188} INFO - [2025-09-15T09:01:11.779+0000] {dagbag.py:540} INFO - Filling up the DagBag from /opt/airflow/dags/clean_day_data.py
[2025-09-15T09:01:11.800+0000] {processor.py:840} INFO - DAG(s) 'clean_day_data' retrieved from /opt/airflow/dags/clean_day_data.py
[2025-09-15T09:01:11.831+0000] {logging_mixin.py:188} INFO - [2025-09-15T09:01:11.831+0000] {dag.py:3096} INFO - Sync 1 DAGs
[2025-09-15T09:01:11.847+0000] {logging_mixin.py:188} INFO - [2025-09-15T09:01:11.847+0000] {dag.py:3954} INFO - Setting next_dagrun for clean_day_data to None, run_after=None
[2025-09-15T09:01:11.870+0000] {processor.py:183} INFO - Processing /opt/airflow/dags/clean_day_data.py took 0.099 seconds
[2025-09-15T09:01:42.501+0000] {processor.py:161} INFO - Started process (PID=9891) to work on /opt/airflow/dags/clean_day_data.py
[2025-09-15T09:01:42.502+0000] {processor.py:830} INFO - Processing file /opt/airflow/dags/clean_day_data.py for tasks to queue
[2025-09-15T09:01:42.504+0000] {logging_mixin.py:188} INFO - [2025-09-15T09:01:42.503+0000] {dagbag.py:540} INFO - Filling up the DagBag from /opt/airflow/dags/clean_day_data.py
[2025-09-15T09:01:42.522+0000] {processor.py:840} INFO - DAG(s) 'clean_day_data' retrieved from /opt/airflow/dags/clean_day_data.py
[2025-09-15T09:01:42.549+0000] {logging_mixin.py:188} INFO - [2025-09-15T09:01:42.549+0000] {dag.py:3096} INFO - Sync 1 DAGs
[2025-09-15T09:01:42.561+0000] {logging_mixin.py:188} INFO - [2025-09-15T09:01:42.561+0000] {dag.py:3954} INFO - Setting next_dagrun for clean_day_data to None, run_after=None
[2025-09-15T09:01:42.582+0000] {processor.py:183} INFO - Processing /opt/airflow/dags/clean_day_data.py took 0.087 seconds
[2025-09-15T09:02:13.096+0000] {processor.py:161} INFO - Started process (PID=9926) to work on /opt/airflow/dags/clean_day_data.py
[2025-09-15T09:02:13.097+0000] {processor.py:830} INFO - Processing file /opt/airflow/dags/clean_day_data.py for tasks to queue
[2025-09-15T09:02:13.098+0000] {logging_mixin.py:188} INFO - [2025-09-15T09:02:13.098+0000] {dagbag.py:540} INFO - Filling up the DagBag from /opt/airflow/dags/clean_day_data.py
[2025-09-15T09:02:13.121+0000] {processor.py:840} INFO - DAG(s) 'clean_day_data' retrieved from /opt/airflow/dags/clean_day_data.py
[2025-09-15T09:02:13.156+0000] {logging_mixin.py:188} INFO - [2025-09-15T09:02:13.156+0000] {dag.py:3096} INFO - Sync 1 DAGs
[2025-09-15T09:02:13.173+0000] {logging_mixin.py:188} INFO - [2025-09-15T09:02:13.173+0000] {dag.py:3954} INFO - Setting next_dagrun for clean_day_data to None, run_after=None
[2025-09-15T09:02:13.198+0000] {processor.py:183} INFO - Processing /opt/airflow/dags/clean_day_data.py took 0.109 seconds
[2025-09-15T09:02:43.826+0000] {processor.py:161} INFO - Started process (PID=9961) to work on /opt/airflow/dags/clean_day_data.py
[2025-09-15T09:02:43.827+0000] {processor.py:830} INFO - Processing file /opt/airflow/dags/clean_day_data.py for tasks to queue
[2025-09-15T09:02:43.828+0000] {logging_mixin.py:188} INFO - [2025-09-15T09:02:43.828+0000] {dagbag.py:540} INFO - Filling up the DagBag from /opt/airflow/dags/clean_day_data.py
[2025-09-15T09:02:43.848+0000] {processor.py:840} INFO - DAG(s) 'clean_day_data' retrieved from /opt/airflow/dags/clean_day_data.py
[2025-09-15T09:02:43.876+0000] {logging_mixin.py:188} INFO - [2025-09-15T09:02:43.875+0000] {dag.py:3096} INFO - Sync 1 DAGs
[2025-09-15T09:02:43.888+0000] {logging_mixin.py:188} INFO - [2025-09-15T09:02:43.888+0000] {dag.py:3954} INFO - Setting next_dagrun for clean_day_data to None, run_after=None
[2025-09-15T09:02:43.910+0000] {processor.py:183} INFO - Processing /opt/airflow/dags/clean_day_data.py took 0.088 seconds
[2025-09-15T09:03:14.370+0000] {processor.py:161} INFO - Started process (PID=9996) to work on /opt/airflow/dags/clean_day_data.py
[2025-09-15T09:03:14.372+0000] {processor.py:830} INFO - Processing file /opt/airflow/dags/clean_day_data.py for tasks to queue
[2025-09-15T09:03:14.373+0000] {logging_mixin.py:188} INFO - [2025-09-15T09:03:14.372+0000] {dagbag.py:540} INFO - Filling up the DagBag from /opt/airflow/dags/clean_day_data.py
[2025-09-15T09:03:14.394+0000] {processor.py:840} INFO - DAG(s) 'clean_day_data' retrieved from /opt/airflow/dags/clean_day_data.py
[2025-09-15T09:03:14.422+0000] {logging_mixin.py:188} INFO - [2025-09-15T09:03:14.422+0000] {dag.py:3096} INFO - Sync 1 DAGs
[2025-09-15T09:03:14.437+0000] {logging_mixin.py:188} INFO - [2025-09-15T09:03:14.437+0000] {dag.py:3954} INFO - Setting next_dagrun for clean_day_data to None, run_after=None
[2025-09-15T09:03:14.459+0000] {processor.py:183} INFO - Processing /opt/airflow/dags/clean_day_data.py took 0.095 seconds
[2025-09-15T09:03:45.166+0000] {processor.py:161} INFO - Started process (PID=10031) to work on /opt/airflow/dags/clean_day_data.py
[2025-09-15T09:03:45.167+0000] {processor.py:830} INFO - Processing file /opt/airflow/dags/clean_day_data.py for tasks to queue
[2025-09-15T09:03:45.167+0000] {logging_mixin.py:188} INFO - [2025-09-15T09:03:45.167+0000] {dagbag.py:540} INFO - Filling up the DagBag from /opt/airflow/dags/clean_day_data.py
[2025-09-15T09:03:45.185+0000] {processor.py:840} INFO - DAG(s) 'clean_day_data' retrieved from /opt/airflow/dags/clean_day_data.py
[2025-09-15T09:03:45.210+0000] {logging_mixin.py:188} INFO - [2025-09-15T09:03:45.209+0000] {dag.py:3096} INFO - Sync 1 DAGs
[2025-09-15T09:03:45.221+0000] {logging_mixin.py:188} INFO - [2025-09-15T09:03:45.221+0000] {dag.py:3954} INFO - Setting next_dagrun for clean_day_data to None, run_after=None
[2025-09-15T09:03:45.240+0000] {processor.py:183} INFO - Processing /opt/airflow/dags/clean_day_data.py took 0.080 seconds
[2025-09-15T09:04:16.049+0000] {processor.py:161} INFO - Started process (PID=10066) to work on /opt/airflow/dags/clean_day_data.py
[2025-09-15T09:04:16.049+0000] {processor.py:830} INFO - Processing file /opt/airflow/dags/clean_day_data.py for tasks to queue
[2025-09-15T09:04:16.050+0000] {logging_mixin.py:188} INFO - [2025-09-15T09:04:16.050+0000] {dagbag.py:540} INFO - Filling up the DagBag from /opt/airflow/dags/clean_day_data.py
[2025-09-15T09:04:16.072+0000] {processor.py:840} INFO - DAG(s) 'clean_day_data' retrieved from /opt/airflow/dags/clean_day_data.py
[2025-09-15T09:04:16.103+0000] {logging_mixin.py:188} INFO - [2025-09-15T09:04:16.102+0000] {dag.py:3096} INFO - Sync 1 DAGs
[2025-09-15T09:04:16.116+0000] {logging_mixin.py:188} INFO - [2025-09-15T09:04:16.116+0000] {dag.py:3954} INFO - Setting next_dagrun for clean_day_data to None, run_after=None
[2025-09-15T09:04:16.139+0000] {processor.py:183} INFO - Processing /opt/airflow/dags/clean_day_data.py took 0.096 seconds
[2025-09-15T09:04:46.680+0000] {processor.py:161} INFO - Started process (PID=10101) to work on /opt/airflow/dags/clean_day_data.py
[2025-09-15T09:04:46.681+0000] {processor.py:830} INFO - Processing file /opt/airflow/dags/clean_day_data.py for tasks to queue
[2025-09-15T09:04:46.682+0000] {logging_mixin.py:188} INFO - [2025-09-15T09:04:46.682+0000] {dagbag.py:540} INFO - Filling up the DagBag from /opt/airflow/dags/clean_day_data.py
[2025-09-15T09:04:46.705+0000] {processor.py:840} INFO - DAG(s) 'clean_day_data' retrieved from /opt/airflow/dags/clean_day_data.py
[2025-09-15T09:04:46.754+0000] {logging_mixin.py:188} INFO - [2025-09-15T09:04:46.754+0000] {dag.py:3096} INFO - Sync 1 DAGs
[2025-09-15T09:04:46.770+0000] {logging_mixin.py:188} INFO - [2025-09-15T09:04:46.770+0000] {dag.py:3954} INFO - Setting next_dagrun for clean_day_data to None, run_after=None
[2025-09-15T09:04:46.806+0000] {processor.py:183} INFO - Processing /opt/airflow/dags/clean_day_data.py took 0.133 seconds
[2025-09-15T09:05:17.377+0000] {processor.py:161} INFO - Started process (PID=10138) to work on /opt/airflow/dags/clean_day_data.py
[2025-09-15T09:05:17.378+0000] {processor.py:830} INFO - Processing file /opt/airflow/dags/clean_day_data.py for tasks to queue
[2025-09-15T09:05:17.380+0000] {logging_mixin.py:188} INFO - [2025-09-15T09:05:17.379+0000] {dagbag.py:540} INFO - Filling up the DagBag from /opt/airflow/dags/clean_day_data.py
[2025-09-15T09:05:17.412+0000] {processor.py:840} INFO - DAG(s) 'clean_day_data' retrieved from /opt/airflow/dags/clean_day_data.py
[2025-09-15T09:05:17.454+0000] {logging_mixin.py:188} INFO - [2025-09-15T09:05:17.454+0000] {dag.py:3096} INFO - Sync 1 DAGs
[2025-09-15T09:05:17.468+0000] {logging_mixin.py:188} INFO - [2025-09-15T09:05:17.468+0000] {dag.py:3954} INFO - Setting next_dagrun for clean_day_data to None, run_after=None
[2025-09-15T09:05:17.491+0000] {processor.py:183} INFO - Processing /opt/airflow/dags/clean_day_data.py took 0.122 seconds
[2025-09-15T09:05:47.947+0000] {processor.py:161} INFO - Started process (PID=10173) to work on /opt/airflow/dags/clean_day_data.py
[2025-09-15T09:05:47.948+0000] {processor.py:830} INFO - Processing file /opt/airflow/dags/clean_day_data.py for tasks to queue
[2025-09-15T09:05:47.949+0000] {logging_mixin.py:188} INFO - [2025-09-15T09:05:47.949+0000] {dagbag.py:540} INFO - Filling up the DagBag from /opt/airflow/dags/clean_day_data.py
[2025-09-15T09:05:47.975+0000] {processor.py:840} INFO - DAG(s) 'clean_day_data' retrieved from /opt/airflow/dags/clean_day_data.py
[2025-09-15T09:05:48.005+0000] {logging_mixin.py:188} INFO - [2025-09-15T09:05:48.005+0000] {dag.py:3096} INFO - Sync 1 DAGs
[2025-09-15T09:05:48.017+0000] {logging_mixin.py:188} INFO - [2025-09-15T09:05:48.017+0000] {dag.py:3954} INFO - Setting next_dagrun for clean_day_data to None, run_after=None
[2025-09-15T09:05:48.042+0000] {processor.py:183} INFO - Processing /opt/airflow/dags/clean_day_data.py took 0.100 seconds
[2025-09-15T09:06:18.480+0000] {processor.py:161} INFO - Started process (PID=10223) to work on /opt/airflow/dags/clean_day_data.py
[2025-09-15T09:06:18.485+0000] {processor.py:830} INFO - Processing file /opt/airflow/dags/clean_day_data.py for tasks to queue
[2025-09-15T09:06:18.487+0000] {logging_mixin.py:188} INFO - [2025-09-15T09:06:18.486+0000] {dagbag.py:540} INFO - Filling up the DagBag from /opt/airflow/dags/clean_day_data.py
[2025-09-15T09:06:18.518+0000] {processor.py:840} INFO - DAG(s) 'clean_day_data' retrieved from /opt/airflow/dags/clean_day_data.py
[2025-09-15T09:06:18.556+0000] {logging_mixin.py:188} INFO - [2025-09-15T09:06:18.555+0000] {dag.py:3096} INFO - Sync 1 DAGs
[2025-09-15T09:06:18.577+0000] {logging_mixin.py:188} INFO - [2025-09-15T09:06:18.577+0000] {dag.py:3954} INFO - Setting next_dagrun for clean_day_data to None, run_after=None
[2025-09-15T09:06:18.612+0000] {processor.py:183} INFO - Processing /opt/airflow/dags/clean_day_data.py took 0.141 seconds
[2025-09-15T09:06:49.099+0000] {processor.py:161} INFO - Started process (PID=10273) to work on /opt/airflow/dags/clean_day_data.py
[2025-09-15T09:06:49.101+0000] {processor.py:830} INFO - Processing file /opt/airflow/dags/clean_day_data.py for tasks to queue
[2025-09-15T09:06:49.102+0000] {logging_mixin.py:188} INFO - [2025-09-15T09:06:49.101+0000] {dagbag.py:540} INFO - Filling up the DagBag from /opt/airflow/dags/clean_day_data.py
[2025-09-15T09:06:49.130+0000] {processor.py:840} INFO - DAG(s) 'clean_day_data' retrieved from /opt/airflow/dags/clean_day_data.py
[2025-09-15T09:06:49.188+0000] {logging_mixin.py:188} INFO - [2025-09-15T09:06:49.188+0000] {dag.py:3096} INFO - Sync 1 DAGs
[2025-09-15T09:06:49.218+0000] {logging_mixin.py:188} INFO - [2025-09-15T09:06:49.218+0000] {dag.py:3954} INFO - Setting next_dagrun for clean_day_data to None, run_after=None
[2025-09-15T09:06:49.243+0000] {processor.py:183} INFO - Processing /opt/airflow/dags/clean_day_data.py took 0.172 seconds
[2025-09-15T09:07:19.684+0000] {processor.py:161} INFO - Started process (PID=10308) to work on /opt/airflow/dags/clean_day_data.py
[2025-09-15T09:07:19.685+0000] {processor.py:830} INFO - Processing file /opt/airflow/dags/clean_day_data.py for tasks to queue
[2025-09-15T09:07:19.686+0000] {logging_mixin.py:188} INFO - [2025-09-15T09:07:19.686+0000] {dagbag.py:540} INFO - Filling up the DagBag from /opt/airflow/dags/clean_day_data.py
[2025-09-15T09:07:19.711+0000] {processor.py:840} INFO - DAG(s) 'clean_day_data' retrieved from /opt/airflow/dags/clean_day_data.py
[2025-09-15T09:07:19.748+0000] {logging_mixin.py:188} INFO - [2025-09-15T09:07:19.748+0000] {dag.py:3096} INFO - Sync 1 DAGs
[2025-09-15T09:07:19.765+0000] {logging_mixin.py:188} INFO - [2025-09-15T09:07:19.765+0000] {dag.py:3954} INFO - Setting next_dagrun for clean_day_data to None, run_after=None
[2025-09-15T09:07:19.790+0000] {processor.py:183} INFO - Processing /opt/airflow/dags/clean_day_data.py took 0.115 seconds
[2025-09-15T09:07:49.930+0000] {processor.py:161} INFO - Started process (PID=10343) to work on /opt/airflow/dags/clean_day_data.py
[2025-09-15T09:07:49.932+0000] {processor.py:830} INFO - Processing file /opt/airflow/dags/clean_day_data.py for tasks to queue
[2025-09-15T09:07:49.933+0000] {logging_mixin.py:188} INFO - [2025-09-15T09:07:49.933+0000] {dagbag.py:540} INFO - Filling up the DagBag from /opt/airflow/dags/clean_day_data.py
[2025-09-15T09:07:49.952+0000] {processor.py:840} INFO - DAG(s) 'clean_day_data' retrieved from /opt/airflow/dags/clean_day_data.py
[2025-09-15T09:07:49.991+0000] {logging_mixin.py:188} INFO - [2025-09-15T09:07:49.991+0000] {dag.py:3096} INFO - Sync 1 DAGs
[2025-09-15T09:07:50.009+0000] {logging_mixin.py:188} INFO - [2025-09-15T09:07:50.009+0000] {dag.py:3954} INFO - Setting next_dagrun for clean_day_data to None, run_after=None
[2025-09-15T09:07:50.039+0000] {processor.py:183} INFO - Processing /opt/airflow/dags/clean_day_data.py took 0.116 seconds
[2025-09-15T09:08:20.338+0000] {processor.py:161} INFO - Started process (PID=10378) to work on /opt/airflow/dags/clean_day_data.py
[2025-09-15T09:08:20.339+0000] {processor.py:830} INFO - Processing file /opt/airflow/dags/clean_day_data.py for tasks to queue
[2025-09-15T09:08:20.340+0000] {logging_mixin.py:188} INFO - [2025-09-15T09:08:20.340+0000] {dagbag.py:540} INFO - Filling up the DagBag from /opt/airflow/dags/clean_day_data.py
[2025-09-15T09:08:20.364+0000] {processor.py:840} INFO - DAG(s) 'clean_day_data' retrieved from /opt/airflow/dags/clean_day_data.py
[2025-09-15T09:08:20.404+0000] {logging_mixin.py:188} INFO - [2025-09-15T09:08:20.404+0000] {dag.py:3096} INFO - Sync 1 DAGs
[2025-09-15T09:08:20.423+0000] {logging_mixin.py:188} INFO - [2025-09-15T09:08:20.423+0000] {dag.py:3954} INFO - Setting next_dagrun for clean_day_data to None, run_after=None
[2025-09-15T09:08:20.449+0000] {processor.py:183} INFO - Processing /opt/airflow/dags/clean_day_data.py took 0.119 seconds
[2025-09-15T09:08:51.080+0000] {processor.py:161} INFO - Started process (PID=10413) to work on /opt/airflow/dags/clean_day_data.py
[2025-09-15T09:08:51.081+0000] {processor.py:830} INFO - Processing file /opt/airflow/dags/clean_day_data.py for tasks to queue
[2025-09-15T09:08:51.082+0000] {logging_mixin.py:188} INFO - [2025-09-15T09:08:51.082+0000] {dagbag.py:540} INFO - Filling up the DagBag from /opt/airflow/dags/clean_day_data.py
[2025-09-15T09:08:51.101+0000] {processor.py:840} INFO - DAG(s) 'clean_day_data' retrieved from /opt/airflow/dags/clean_day_data.py
[2025-09-15T09:08:51.134+0000] {logging_mixin.py:188} INFO - [2025-09-15T09:08:51.133+0000] {dag.py:3096} INFO - Sync 1 DAGs
[2025-09-15T09:08:51.157+0000] {logging_mixin.py:188} INFO - [2025-09-15T09:08:51.157+0000] {dag.py:3954} INFO - Setting next_dagrun for clean_day_data to None, run_after=None
[2025-09-15T09:08:51.189+0000] {processor.py:183} INFO - Processing /opt/airflow/dags/clean_day_data.py took 0.117 seconds
[2025-09-15T09:09:21.533+0000] {processor.py:161} INFO - Started process (PID=10448) to work on /opt/airflow/dags/clean_day_data.py
[2025-09-15T09:09:21.535+0000] {processor.py:830} INFO - Processing file /opt/airflow/dags/clean_day_data.py for tasks to queue
[2025-09-15T09:09:21.537+0000] {logging_mixin.py:188} INFO - [2025-09-15T09:09:21.536+0000] {dagbag.py:540} INFO - Filling up the DagBag from /opt/airflow/dags/clean_day_data.py
[2025-09-15T09:09:21.560+0000] {processor.py:840} INFO - DAG(s) 'clean_day_data' retrieved from /opt/airflow/dags/clean_day_data.py
[2025-09-15T09:09:21.607+0000] {logging_mixin.py:188} INFO - [2025-09-15T09:09:21.607+0000] {dag.py:3096} INFO - Sync 1 DAGs
[2025-09-15T09:09:21.627+0000] {logging_mixin.py:188} INFO - [2025-09-15T09:09:21.627+0000] {dag.py:3954} INFO - Setting next_dagrun for clean_day_data to None, run_after=None
[2025-09-15T09:09:21.684+0000] {processor.py:183} INFO - Processing /opt/airflow/dags/clean_day_data.py took 0.160 seconds
[2025-09-15T09:09:52.217+0000] {processor.py:161} INFO - Started process (PID=10483) to work on /opt/airflow/dags/clean_day_data.py
[2025-09-15T09:09:52.223+0000] {processor.py:830} INFO - Processing file /opt/airflow/dags/clean_day_data.py for tasks to queue
[2025-09-15T09:09:52.227+0000] {logging_mixin.py:188} INFO - [2025-09-15T09:09:52.226+0000] {dagbag.py:540} INFO - Filling up the DagBag from /opt/airflow/dags/clean_day_data.py
[2025-09-15T09:09:52.284+0000] {processor.py:840} INFO - DAG(s) 'clean_day_data' retrieved from /opt/airflow/dags/clean_day_data.py
[2025-09-15T09:09:52.373+0000] {logging_mixin.py:188} INFO - [2025-09-15T09:09:52.372+0000] {dag.py:3096} INFO - Sync 1 DAGs
[2025-09-15T09:09:52.435+0000] {logging_mixin.py:188} INFO - [2025-09-15T09:09:52.435+0000] {dag.py:3954} INFO - Setting next_dagrun for clean_day_data to None, run_after=None
[2025-09-15T09:09:52.486+0000] {processor.py:183} INFO - Processing /opt/airflow/dags/clean_day_data.py took 0.289 seconds
[2025-09-15T09:10:23.284+0000] {processor.py:161} INFO - Started process (PID=10522) to work on /opt/airflow/dags/clean_day_data.py
[2025-09-15T09:10:23.285+0000] {processor.py:830} INFO - Processing file /opt/airflow/dags/clean_day_data.py for tasks to queue
[2025-09-15T09:10:23.286+0000] {logging_mixin.py:188} INFO - [2025-09-15T09:10:23.286+0000] {dagbag.py:540} INFO - Filling up the DagBag from /opt/airflow/dags/clean_day_data.py
[2025-09-15T09:10:23.306+0000] {processor.py:840} INFO - DAG(s) 'clean_day_data' retrieved from /opt/airflow/dags/clean_day_data.py
[2025-09-15T09:10:23.339+0000] {logging_mixin.py:188} INFO - [2025-09-15T09:10:23.339+0000] {dag.py:3096} INFO - Sync 1 DAGs
[2025-09-15T09:10:23.353+0000] {logging_mixin.py:188} INFO - [2025-09-15T09:10:23.353+0000] {dag.py:3954} INFO - Setting next_dagrun for clean_day_data to None, run_after=None
[2025-09-15T09:10:23.375+0000] {processor.py:183} INFO - Processing /opt/airflow/dags/clean_day_data.py took 0.097 seconds
[2025-09-15T09:10:53.916+0000] {processor.py:161} INFO - Started process (PID=10557) to work on /opt/airflow/dags/clean_day_data.py
[2025-09-15T09:10:53.917+0000] {processor.py:830} INFO - Processing file /opt/airflow/dags/clean_day_data.py for tasks to queue
[2025-09-15T09:10:53.918+0000] {logging_mixin.py:188} INFO - [2025-09-15T09:10:53.918+0000] {dagbag.py:540} INFO - Filling up the DagBag from /opt/airflow/dags/clean_day_data.py
[2025-09-15T09:10:53.941+0000] {processor.py:840} INFO - DAG(s) 'clean_day_data' retrieved from /opt/airflow/dags/clean_day_data.py
[2025-09-15T09:10:53.978+0000] {logging_mixin.py:188} INFO - [2025-09-15T09:10:53.978+0000] {dag.py:3096} INFO - Sync 1 DAGs
[2025-09-15T09:10:53.995+0000] {logging_mixin.py:188} INFO - [2025-09-15T09:10:53.995+0000] {dag.py:3954} INFO - Setting next_dagrun for clean_day_data to None, run_after=None
[2025-09-15T09:10:54.018+0000] {processor.py:183} INFO - Processing /opt/airflow/dags/clean_day_data.py took 0.110 seconds
[2025-09-15T09:11:25.100+0000] {processor.py:161} INFO - Started process (PID=10596) to work on /opt/airflow/dags/clean_day_data.py
[2025-09-15T09:11:25.102+0000] {processor.py:830} INFO - Processing file /opt/airflow/dags/clean_day_data.py for tasks to queue
[2025-09-15T09:11:25.104+0000] {logging_mixin.py:188} INFO - [2025-09-15T09:11:25.103+0000] {dagbag.py:540} INFO - Filling up the DagBag from /opt/airflow/dags/clean_day_data.py
[2025-09-15T09:11:25.196+0000] {processor.py:840} INFO - DAG(s) 'clean_day_data' retrieved from /opt/airflow/dags/clean_day_data.py
[2025-09-15T09:11:25.344+0000] {logging_mixin.py:188} INFO - [2025-09-15T09:11:25.344+0000] {dag.py:3096} INFO - Sync 1 DAGs
[2025-09-15T09:11:25.399+0000] {logging_mixin.py:188} INFO - [2025-09-15T09:11:25.398+0000] {dag.py:3954} INFO - Setting next_dagrun for clean_day_data to None, run_after=None
[2025-09-15T09:11:25.439+0000] {processor.py:183} INFO - Processing /opt/airflow/dags/clean_day_data.py took 0.413 seconds
[2025-09-15T09:11:55.785+0000] {processor.py:161} INFO - Started process (PID=10631) to work on /opt/airflow/dags/clean_day_data.py
[2025-09-15T09:11:55.787+0000] {processor.py:830} INFO - Processing file /opt/airflow/dags/clean_day_data.py for tasks to queue
[2025-09-15T09:11:55.788+0000] {logging_mixin.py:188} INFO - [2025-09-15T09:11:55.787+0000] {dagbag.py:540} INFO - Filling up the DagBag from /opt/airflow/dags/clean_day_data.py
[2025-09-15T09:11:55.814+0000] {processor.py:840} INFO - DAG(s) 'clean_day_data' retrieved from /opt/airflow/dags/clean_day_data.py
[2025-09-15T09:11:55.853+0000] {logging_mixin.py:188} INFO - [2025-09-15T09:11:55.853+0000] {dag.py:3096} INFO - Sync 1 DAGs
[2025-09-15T09:11:55.872+0000] {logging_mixin.py:188} INFO - [2025-09-15T09:11:55.872+0000] {dag.py:3954} INFO - Setting next_dagrun for clean_day_data to None, run_after=None
[2025-09-15T09:11:55.908+0000] {processor.py:183} INFO - Processing /opt/airflow/dags/clean_day_data.py took 0.131 seconds
[2025-09-15T09:12:26.747+0000] {processor.py:161} INFO - Started process (PID=10666) to work on /opt/airflow/dags/clean_day_data.py
[2025-09-15T09:12:26.749+0000] {processor.py:830} INFO - Processing file /opt/airflow/dags/clean_day_data.py for tasks to queue
[2025-09-15T09:12:26.750+0000] {logging_mixin.py:188} INFO - [2025-09-15T09:12:26.749+0000] {dagbag.py:540} INFO - Filling up the DagBag from /opt/airflow/dags/clean_day_data.py
[2025-09-15T09:12:26.772+0000] {processor.py:840} INFO - DAG(s) 'clean_day_data' retrieved from /opt/airflow/dags/clean_day_data.py
[2025-09-15T09:12:26.802+0000] {logging_mixin.py:188} INFO - [2025-09-15T09:12:26.801+0000] {dag.py:3096} INFO - Sync 1 DAGs
[2025-09-15T09:12:26.816+0000] {logging_mixin.py:188} INFO - [2025-09-15T09:12:26.816+0000] {dag.py:3954} INFO - Setting next_dagrun for clean_day_data to None, run_after=None
[2025-09-15T09:12:26.836+0000] {processor.py:183} INFO - Processing /opt/airflow/dags/clean_day_data.py took 0.095 seconds
[2025-09-15T09:12:57.023+0000] {processor.py:161} INFO - Started process (PID=10701) to work on /opt/airflow/dags/clean_day_data.py
[2025-09-15T09:12:57.024+0000] {processor.py:830} INFO - Processing file /opt/airflow/dags/clean_day_data.py for tasks to queue
[2025-09-15T09:12:57.025+0000] {logging_mixin.py:188} INFO - [2025-09-15T09:12:57.025+0000] {dagbag.py:540} INFO - Filling up the DagBag from /opt/airflow/dags/clean_day_data.py
[2025-09-15T09:12:57.050+0000] {processor.py:840} INFO - DAG(s) 'clean_day_data' retrieved from /opt/airflow/dags/clean_day_data.py
[2025-09-15T09:12:57.089+0000] {logging_mixin.py:188} INFO - [2025-09-15T09:12:57.089+0000] {dag.py:3096} INFO - Sync 1 DAGs
[2025-09-15T09:12:57.110+0000] {logging_mixin.py:188} INFO - [2025-09-15T09:12:57.109+0000] {dag.py:3954} INFO - Setting next_dagrun for clean_day_data to None, run_after=None
[2025-09-15T09:12:57.138+0000] {processor.py:183} INFO - Processing /opt/airflow/dags/clean_day_data.py took 0.124 seconds
[2025-09-15T09:13:27.492+0000] {processor.py:161} INFO - Started process (PID=10736) to work on /opt/airflow/dags/clean_day_data.py
[2025-09-15T09:13:27.493+0000] {processor.py:830} INFO - Processing file /opt/airflow/dags/clean_day_data.py for tasks to queue
[2025-09-15T09:13:27.494+0000] {logging_mixin.py:188} INFO - [2025-09-15T09:13:27.494+0000] {dagbag.py:540} INFO - Filling up the DagBag from /opt/airflow/dags/clean_day_data.py
[2025-09-15T09:13:27.511+0000] {processor.py:840} INFO - DAG(s) 'clean_day_data' retrieved from /opt/airflow/dags/clean_day_data.py
[2025-09-15T09:13:27.539+0000] {logging_mixin.py:188} INFO - [2025-09-15T09:13:27.539+0000] {dag.py:3096} INFO - Sync 1 DAGs
[2025-09-15T09:13:27.553+0000] {logging_mixin.py:188} INFO - [2025-09-15T09:13:27.553+0000] {dag.py:3954} INFO - Setting next_dagrun for clean_day_data to None, run_after=None
[2025-09-15T09:13:27.574+0000] {processor.py:183} INFO - Processing /opt/airflow/dags/clean_day_data.py took 0.088 seconds
[2025-09-15T09:13:58.278+0000] {processor.py:161} INFO - Started process (PID=10771) to work on /opt/airflow/dags/clean_day_data.py
[2025-09-15T09:13:58.280+0000] {processor.py:830} INFO - Processing file /opt/airflow/dags/clean_day_data.py for tasks to queue
[2025-09-15T09:13:58.283+0000] {logging_mixin.py:188} INFO - [2025-09-15T09:13:58.282+0000] {dagbag.py:540} INFO - Filling up the DagBag from /opt/airflow/dags/clean_day_data.py
[2025-09-15T09:13:58.314+0000] {processor.py:840} INFO - DAG(s) 'clean_day_data' retrieved from /opt/airflow/dags/clean_day_data.py
[2025-09-15T09:13:58.348+0000] {logging_mixin.py:188} INFO - [2025-09-15T09:13:58.348+0000] {dag.py:3096} INFO - Sync 1 DAGs
[2025-09-15T09:13:58.365+0000] {logging_mixin.py:188} INFO - [2025-09-15T09:13:58.364+0000] {dag.py:3954} INFO - Setting next_dagrun for clean_day_data to None, run_after=None
[2025-09-15T09:13:58.388+0000] {processor.py:183} INFO - Processing /opt/airflow/dags/clean_day_data.py took 0.120 seconds
[2025-09-15T09:14:28.833+0000] {processor.py:161} INFO - Started process (PID=10810) to work on /opt/airflow/dags/clean_day_data.py
[2025-09-15T09:14:28.835+0000] {processor.py:830} INFO - Processing file /opt/airflow/dags/clean_day_data.py for tasks to queue
[2025-09-15T09:14:28.836+0000] {logging_mixin.py:188} INFO - [2025-09-15T09:14:28.836+0000] {dagbag.py:540} INFO - Filling up the DagBag from /opt/airflow/dags/clean_day_data.py
[2025-09-15T09:14:28.859+0000] {processor.py:840} INFO - DAG(s) 'clean_day_data' retrieved from /opt/airflow/dags/clean_day_data.py
[2025-09-15T09:14:28.890+0000] {logging_mixin.py:188} INFO - [2025-09-15T09:14:28.890+0000] {dag.py:3096} INFO - Sync 1 DAGs
[2025-09-15T09:14:28.908+0000] {logging_mixin.py:188} INFO - [2025-09-15T09:14:28.908+0000] {dag.py:3954} INFO - Setting next_dagrun for clean_day_data to None, run_after=None
[2025-09-15T09:14:28.934+0000] {processor.py:183} INFO - Processing /opt/airflow/dags/clean_day_data.py took 0.108 seconds
[2025-09-15T09:14:59.494+0000] {processor.py:161} INFO - Started process (PID=10845) to work on /opt/airflow/dags/clean_day_data.py
[2025-09-15T09:14:59.495+0000] {processor.py:830} INFO - Processing file /opt/airflow/dags/clean_day_data.py for tasks to queue
[2025-09-15T09:14:59.496+0000] {logging_mixin.py:188} INFO - [2025-09-15T09:14:59.495+0000] {dagbag.py:540} INFO - Filling up the DagBag from /opt/airflow/dags/clean_day_data.py
[2025-09-15T09:14:59.514+0000] {processor.py:840} INFO - DAG(s) 'clean_day_data' retrieved from /opt/airflow/dags/clean_day_data.py
[2025-09-15T09:14:59.546+0000] {logging_mixin.py:188} INFO - [2025-09-15T09:14:59.546+0000] {dag.py:3096} INFO - Sync 1 DAGs
[2025-09-15T09:14:59.560+0000] {logging_mixin.py:188} INFO - [2025-09-15T09:14:59.560+0000] {dag.py:3954} INFO - Setting next_dagrun for clean_day_data to None, run_after=None
[2025-09-15T09:14:59.584+0000] {processor.py:183} INFO - Processing /opt/airflow/dags/clean_day_data.py took 0.097 seconds
[2025-09-15T09:15:29.679+0000] {processor.py:161} INFO - Started process (PID=10880) to work on /opt/airflow/dags/clean_day_data.py
[2025-09-15T09:15:29.680+0000] {processor.py:830} INFO - Processing file /opt/airflow/dags/clean_day_data.py for tasks to queue
[2025-09-15T09:15:29.681+0000] {logging_mixin.py:188} INFO - [2025-09-15T09:15:29.681+0000] {dagbag.py:540} INFO - Filling up the DagBag from /opt/airflow/dags/clean_day_data.py
[2025-09-15T09:15:29.698+0000] {processor.py:840} INFO - DAG(s) 'clean_day_data' retrieved from /opt/airflow/dags/clean_day_data.py
[2025-09-15T09:15:29.728+0000] {logging_mixin.py:188} INFO - [2025-09-15T09:15:29.728+0000] {dag.py:3096} INFO - Sync 1 DAGs
[2025-09-15T09:15:29.743+0000] {logging_mixin.py:188} INFO - [2025-09-15T09:15:29.742+0000] {dag.py:3954} INFO - Setting next_dagrun for clean_day_data to None, run_after=None
[2025-09-15T09:15:29.767+0000] {processor.py:183} INFO - Processing /opt/airflow/dags/clean_day_data.py took 0.094 seconds
[2025-09-15T09:16:00.250+0000] {processor.py:161} INFO - Started process (PID=10915) to work on /opt/airflow/dags/clean_day_data.py
[2025-09-15T09:16:00.251+0000] {processor.py:830} INFO - Processing file /opt/airflow/dags/clean_day_data.py for tasks to queue
[2025-09-15T09:16:00.253+0000] {logging_mixin.py:188} INFO - [2025-09-15T09:16:00.252+0000] {dagbag.py:540} INFO - Filling up the DagBag from /opt/airflow/dags/clean_day_data.py
[2025-09-15T09:16:00.272+0000] {processor.py:840} INFO - DAG(s) 'clean_day_data' retrieved from /opt/airflow/dags/clean_day_data.py
[2025-09-15T09:16:00.308+0000] {logging_mixin.py:188} INFO - [2025-09-15T09:16:00.308+0000] {dag.py:3096} INFO - Sync 1 DAGs
[2025-09-15T09:16:00.327+0000] {logging_mixin.py:188} INFO - [2025-09-15T09:16:00.327+0000] {dag.py:3954} INFO - Setting next_dagrun for clean_day_data to None, run_after=None
[2025-09-15T09:16:00.349+0000] {processor.py:183} INFO - Processing /opt/airflow/dags/clean_day_data.py took 0.107 seconds
[2025-09-15T09:16:53.758+0000] {processor.py:161} INFO - Started process (PID=188) to work on /opt/airflow/dags/clean_day_data.py
[2025-09-15T09:16:53.760+0000] {processor.py:830} INFO - Processing file /opt/airflow/dags/clean_day_data.py for tasks to queue
[2025-09-15T09:16:53.762+0000] {logging_mixin.py:188} INFO - [2025-09-15T09:16:53.762+0000] {dagbag.py:540} INFO - Filling up the DagBag from /opt/airflow/dags/clean_day_data.py
[2025-09-15T09:16:53.784+0000] {processor.py:840} INFO - DAG(s) 'clean_day_data' retrieved from /opt/airflow/dags/clean_day_data.py
[2025-09-15T09:16:53.804+0000] {logging_mixin.py:188} INFO - [2025-09-15T09:16:53.804+0000] {dag.py:3096} INFO - Sync 1 DAGs
[2025-09-15T09:16:53.826+0000] {logging_mixin.py:188} INFO - [2025-09-15T09:16:53.825+0000] {dag.py:3954} INFO - Setting next_dagrun for clean_day_data to None, run_after=None
[2025-09-15T09:16:53.854+0000] {processor.py:183} INFO - Processing /opt/airflow/dags/clean_day_data.py took 0.102 seconds
[2025-09-15T09:17:25.154+0000] {processor.py:161} INFO - Started process (PID=225) to work on /opt/airflow/dags/clean_day_data.py
[2025-09-15T09:17:25.156+0000] {processor.py:830} INFO - Processing file /opt/airflow/dags/clean_day_data.py for tasks to queue
[2025-09-15T09:17:25.157+0000] {logging_mixin.py:188} INFO - [2025-09-15T09:17:25.157+0000] {dagbag.py:540} INFO - Filling up the DagBag from /opt/airflow/dags/clean_day_data.py
[2025-09-15T09:17:25.178+0000] {processor.py:840} INFO - DAG(s) 'clean_day_data' retrieved from /opt/airflow/dags/clean_day_data.py
[2025-09-15T09:17:25.272+0000] {logging_mixin.py:188} INFO - [2025-09-15T09:17:25.272+0000] {dag.py:3096} INFO - Sync 1 DAGs
[2025-09-15T09:17:25.281+0000] {logging_mixin.py:188} INFO - [2025-09-15T09:17:25.281+0000] {dag.py:3954} INFO - Setting next_dagrun for clean_day_data to None, run_after=None
[2025-09-15T09:17:25.302+0000] {processor.py:183} INFO - Processing /opt/airflow/dags/clean_day_data.py took 0.153 seconds
[2025-09-15T09:17:55.749+0000] {processor.py:161} INFO - Started process (PID=260) to work on /opt/airflow/dags/clean_day_data.py
[2025-09-15T09:17:55.751+0000] {processor.py:830} INFO - Processing file /opt/airflow/dags/clean_day_data.py for tasks to queue
[2025-09-15T09:17:55.754+0000] {logging_mixin.py:188} INFO - [2025-09-15T09:17:55.753+0000] {dagbag.py:540} INFO - Filling up the DagBag from /opt/airflow/dags/clean_day_data.py
[2025-09-15T09:17:55.778+0000] {processor.py:840} INFO - DAG(s) 'clean_day_data' retrieved from /opt/airflow/dags/clean_day_data.py
[2025-09-15T09:17:55.817+0000] {logging_mixin.py:188} INFO - [2025-09-15T09:17:55.816+0000] {dag.py:3096} INFO - Sync 1 DAGs
[2025-09-15T09:17:55.838+0000] {logging_mixin.py:188} INFO - [2025-09-15T09:17:55.838+0000] {dag.py:3954} INFO - Setting next_dagrun for clean_day_data to None, run_after=None
[2025-09-15T09:17:55.866+0000] {processor.py:183} INFO - Processing /opt/airflow/dags/clean_day_data.py took 0.124 seconds
[2025-09-15T09:18:26.376+0000] {processor.py:161} INFO - Started process (PID=297) to work on /opt/airflow/dags/clean_day_data.py
[2025-09-15T09:18:26.377+0000] {processor.py:830} INFO - Processing file /opt/airflow/dags/clean_day_data.py for tasks to queue
[2025-09-15T09:18:26.380+0000] {logging_mixin.py:188} INFO - [2025-09-15T09:18:26.380+0000] {dagbag.py:540} INFO - Filling up the DagBag from /opt/airflow/dags/clean_day_data.py
[2025-09-15T09:18:26.400+0000] {processor.py:840} INFO - DAG(s) 'clean_day_data' retrieved from /opt/airflow/dags/clean_day_data.py
[2025-09-15T09:18:26.432+0000] {logging_mixin.py:188} INFO - [2025-09-15T09:18:26.431+0000] {dag.py:3096} INFO - Sync 1 DAGs
[2025-09-15T09:18:26.445+0000] {logging_mixin.py:188} INFO - [2025-09-15T09:18:26.444+0000] {dag.py:3954} INFO - Setting next_dagrun for clean_day_data to None, run_after=None
[2025-09-15T09:18:26.467+0000] {processor.py:183} INFO - Processing /opt/airflow/dags/clean_day_data.py took 0.097 seconds
[2025-09-15T09:18:57.035+0000] {processor.py:161} INFO - Started process (PID=334) to work on /opt/airflow/dags/clean_day_data.py
[2025-09-15T09:18:57.036+0000] {processor.py:830} INFO - Processing file /opt/airflow/dags/clean_day_data.py for tasks to queue
[2025-09-15T09:18:57.039+0000] {logging_mixin.py:188} INFO - [2025-09-15T09:18:57.038+0000] {dagbag.py:540} INFO - Filling up the DagBag from /opt/airflow/dags/clean_day_data.py
[2025-09-15T09:18:57.057+0000] {processor.py:840} INFO - DAG(s) 'clean_day_data' retrieved from /opt/airflow/dags/clean_day_data.py
[2025-09-15T09:18:57.091+0000] {logging_mixin.py:188} INFO - [2025-09-15T09:18:57.090+0000] {dag.py:3096} INFO - Sync 1 DAGs
[2025-09-15T09:18:57.107+0000] {logging_mixin.py:188} INFO - [2025-09-15T09:18:57.107+0000] {dag.py:3954} INFO - Setting next_dagrun for clean_day_data to None, run_after=None
[2025-09-15T09:18:57.131+0000] {processor.py:183} INFO - Processing /opt/airflow/dags/clean_day_data.py took 0.103 seconds
[2025-09-15T09:19:27.841+0000] {processor.py:161} INFO - Started process (PID=369) to work on /opt/airflow/dags/clean_day_data.py
[2025-09-15T09:19:27.843+0000] {processor.py:830} INFO - Processing file /opt/airflow/dags/clean_day_data.py for tasks to queue
[2025-09-15T09:19:27.846+0000] {logging_mixin.py:188} INFO - [2025-09-15T09:19:27.846+0000] {dagbag.py:540} INFO - Filling up the DagBag from /opt/airflow/dags/clean_day_data.py
[2025-09-15T09:19:27.869+0000] {processor.py:840} INFO - DAG(s) 'clean_day_data' retrieved from /opt/airflow/dags/clean_day_data.py
[2025-09-15T09:19:27.903+0000] {logging_mixin.py:188} INFO - [2025-09-15T09:19:27.902+0000] {dag.py:3096} INFO - Sync 1 DAGs
[2025-09-15T09:19:27.913+0000] {logging_mixin.py:188} INFO - [2025-09-15T09:19:27.913+0000] {dag.py:3954} INFO - Setting next_dagrun for clean_day_data to None, run_after=None
[2025-09-15T09:19:27.933+0000] {processor.py:183} INFO - Processing /opt/airflow/dags/clean_day_data.py took 0.099 seconds
[2025-09-15T09:19:58.417+0000] {processor.py:161} INFO - Started process (PID=412) to work on /opt/airflow/dags/clean_day_data.py
[2025-09-15T09:19:58.418+0000] {processor.py:830} INFO - Processing file /opt/airflow/dags/clean_day_data.py for tasks to queue
[2025-09-15T09:19:58.421+0000] {logging_mixin.py:188} INFO - [2025-09-15T09:19:58.421+0000] {dagbag.py:540} INFO - Filling up the DagBag from /opt/airflow/dags/clean_day_data.py
[2025-09-15T09:19:58.444+0000] {processor.py:840} INFO - DAG(s) 'clean_day_data' retrieved from /opt/airflow/dags/clean_day_data.py
[2025-09-15T09:19:58.472+0000] {logging_mixin.py:188} INFO - [2025-09-15T09:19:58.472+0000] {dag.py:3096} INFO - Sync 1 DAGs
[2025-09-15T09:19:58.486+0000] {logging_mixin.py:188} INFO - [2025-09-15T09:19:58.486+0000] {dag.py:3954} INFO - Setting next_dagrun for clean_day_data to None, run_after=None
[2025-09-15T09:19:58.509+0000] {processor.py:183} INFO - Processing /opt/airflow/dags/clean_day_data.py took 0.100 seconds
[2025-09-15T09:20:29.402+0000] {processor.py:161} INFO - Started process (PID=447) to work on /opt/airflow/dags/clean_day_data.py
[2025-09-15T09:20:29.403+0000] {processor.py:830} INFO - Processing file /opt/airflow/dags/clean_day_data.py for tasks to queue
[2025-09-15T09:20:29.406+0000] {logging_mixin.py:188} INFO - [2025-09-15T09:20:29.405+0000] {dagbag.py:540} INFO - Filling up the DagBag from /opt/airflow/dags/clean_day_data.py
[2025-09-15T09:20:29.424+0000] {processor.py:840} INFO - DAG(s) 'clean_day_data' retrieved from /opt/airflow/dags/clean_day_data.py
[2025-09-15T09:20:29.451+0000] {logging_mixin.py:188} INFO - [2025-09-15T09:20:29.451+0000] {dag.py:3096} INFO - Sync 1 DAGs
[2025-09-15T09:20:29.466+0000] {logging_mixin.py:188} INFO - [2025-09-15T09:20:29.466+0000] {dag.py:3954} INFO - Setting next_dagrun for clean_day_data to None, run_after=None
[2025-09-15T09:20:29.489+0000] {processor.py:183} INFO - Processing /opt/airflow/dags/clean_day_data.py took 0.093 seconds
[2025-09-15T09:20:58.364+0000] {processor.py:161} INFO - Started process (PID=482) to work on /opt/airflow/dags/clean_day_data.py
[2025-09-15T09:20:58.365+0000] {processor.py:830} INFO - Processing file /opt/airflow/dags/clean_day_data.py for tasks to queue
[2025-09-15T09:20:58.366+0000] {logging_mixin.py:188} INFO - [2025-09-15T09:20:58.366+0000] {dagbag.py:540} INFO - Filling up the DagBag from /opt/airflow/dags/clean_day_data.py
[2025-09-15T09:20:58.384+0000] {processor.py:840} INFO - DAG(s) 'clean_day_data' retrieved from /opt/airflow/dags/clean_day_data.py
[2025-09-15T09:20:58.408+0000] {logging_mixin.py:188} INFO - [2025-09-15T09:20:58.408+0000] {dag.py:3096} INFO - Sync 1 DAGs
[2025-09-15T09:20:58.420+0000] {logging_mixin.py:188} INFO - [2025-09-15T09:20:58.419+0000] {dag.py:3954} INFO - Setting next_dagrun for clean_day_data to None, run_after=None
[2025-09-15T09:20:58.438+0000] {processor.py:183} INFO - Processing /opt/airflow/dags/clean_day_data.py took 0.080 seconds
[2025-09-15T09:21:28.863+0000] {processor.py:161} INFO - Started process (PID=519) to work on /opt/airflow/dags/clean_day_data.py
[2025-09-15T09:21:28.864+0000] {processor.py:830} INFO - Processing file /opt/airflow/dags/clean_day_data.py for tasks to queue
[2025-09-15T09:21:28.865+0000] {logging_mixin.py:188} INFO - [2025-09-15T09:21:28.864+0000] {dagbag.py:540} INFO - Filling up the DagBag from /opt/airflow/dags/clean_day_data.py
[2025-09-15T09:21:28.884+0000] {processor.py:840} INFO - DAG(s) 'clean_day_data' retrieved from /opt/airflow/dags/clean_day_data.py
[2025-09-15T09:21:28.910+0000] {logging_mixin.py:188} INFO - [2025-09-15T09:21:28.910+0000] {dag.py:3096} INFO - Sync 1 DAGs
[2025-09-15T09:21:28.925+0000] {logging_mixin.py:188} INFO - [2025-09-15T09:21:28.925+0000] {dag.py:3954} INFO - Setting next_dagrun for clean_day_data to None, run_after=None
[2025-09-15T09:21:28.949+0000] {processor.py:183} INFO - Processing /opt/airflow/dags/clean_day_data.py took 0.092 seconds
[2025-09-15T09:21:59.171+0000] {processor.py:161} INFO - Started process (PID=552) to work on /opt/airflow/dags/clean_day_data.py
[2025-09-15T09:21:59.172+0000] {processor.py:830} INFO - Processing file /opt/airflow/dags/clean_day_data.py for tasks to queue
[2025-09-15T09:21:59.173+0000] {logging_mixin.py:188} INFO - [2025-09-15T09:21:59.173+0000] {dagbag.py:540} INFO - Filling up the DagBag from /opt/airflow/dags/clean_day_data.py
[2025-09-15T09:21:59.192+0000] {processor.py:840} INFO - DAG(s) 'clean_day_data' retrieved from /opt/airflow/dags/clean_day_data.py
[2025-09-15T09:21:59.218+0000] {logging_mixin.py:188} INFO - [2025-09-15T09:21:59.218+0000] {dag.py:3096} INFO - Sync 1 DAGs
[2025-09-15T09:21:59.229+0000] {logging_mixin.py:188} INFO - [2025-09-15T09:21:59.229+0000] {dag.py:3954} INFO - Setting next_dagrun for clean_day_data to None, run_after=None
[2025-09-15T09:21:59.249+0000] {processor.py:183} INFO - Processing /opt/airflow/dags/clean_day_data.py took 0.083 seconds
[2025-09-15T09:22:30.223+0000] {processor.py:161} INFO - Started process (PID=589) to work on /opt/airflow/dags/clean_day_data.py
[2025-09-15T09:22:30.229+0000] {processor.py:830} INFO - Processing file /opt/airflow/dags/clean_day_data.py for tasks to queue
[2025-09-15T09:22:30.241+0000] {logging_mixin.py:188} INFO - [2025-09-15T09:22:30.231+0000] {dagbag.py:540} INFO - Filling up the DagBag from /opt/airflow/dags/clean_day_data.py
[2025-09-15T09:22:30.402+0000] {processor.py:840} INFO - DAG(s) 'clean_day_data' retrieved from /opt/airflow/dags/clean_day_data.py
[2025-09-15T09:22:30.463+0000] {logging_mixin.py:188} INFO - [2025-09-15T09:22:30.462+0000] {dag.py:3096} INFO - Sync 1 DAGs
[2025-09-15T09:22:30.482+0000] {logging_mixin.py:188} INFO - [2025-09-15T09:22:30.481+0000] {dag.py:3954} INFO - Setting next_dagrun for clean_day_data to None, run_after=None
[2025-09-15T09:22:30.529+0000] {processor.py:183} INFO - Processing /opt/airflow/dags/clean_day_data.py took 0.349 seconds
[2025-09-15T09:23:01.423+0000] {processor.py:161} INFO - Started process (PID=629) to work on /opt/airflow/dags/clean_day_data.py
[2025-09-15T09:23:01.425+0000] {processor.py:830} INFO - Processing file /opt/airflow/dags/clean_day_data.py for tasks to queue
[2025-09-15T09:23:01.427+0000] {logging_mixin.py:188} INFO - [2025-09-15T09:23:01.426+0000] {dagbag.py:540} INFO - Filling up the DagBag from /opt/airflow/dags/clean_day_data.py
[2025-09-15T09:23:01.453+0000] {processor.py:840} INFO - DAG(s) 'clean_day_data' retrieved from /opt/airflow/dags/clean_day_data.py
[2025-09-15T09:23:01.485+0000] {logging_mixin.py:188} INFO - [2025-09-15T09:23:01.485+0000] {dag.py:3096} INFO - Sync 1 DAGs
[2025-09-15T09:23:01.501+0000] {logging_mixin.py:188} INFO - [2025-09-15T09:23:01.501+0000] {dag.py:3954} INFO - Setting next_dagrun for clean_day_data to None, run_after=None
[2025-09-15T09:23:01.527+0000] {processor.py:183} INFO - Processing /opt/airflow/dags/clean_day_data.py took 0.113 seconds
[2025-09-15T09:23:32.454+0000] {processor.py:161} INFO - Started process (PID=689) to work on /opt/airflow/dags/clean_day_data.py
[2025-09-15T09:23:32.456+0000] {processor.py:830} INFO - Processing file /opt/airflow/dags/clean_day_data.py for tasks to queue
[2025-09-15T09:23:32.457+0000] {logging_mixin.py:188} INFO - [2025-09-15T09:23:32.456+0000] {dagbag.py:540} INFO - Filling up the DagBag from /opt/airflow/dags/clean_day_data.py
[2025-09-15T09:23:32.476+0000] {processor.py:840} INFO - DAG(s) 'clean_day_data' retrieved from /opt/airflow/dags/clean_day_data.py
[2025-09-15T09:23:32.505+0000] {logging_mixin.py:188} INFO - [2025-09-15T09:23:32.504+0000] {dag.py:3096} INFO - Sync 1 DAGs
[2025-09-15T09:23:32.518+0000] {logging_mixin.py:188} INFO - [2025-09-15T09:23:32.518+0000] {dag.py:3954} INFO - Setting next_dagrun for clean_day_data to None, run_after=None
[2025-09-15T09:23:32.542+0000] {processor.py:183} INFO - Processing /opt/airflow/dags/clean_day_data.py took 0.094 seconds
[2025-09-15T09:24:02.902+0000] {processor.py:161} INFO - Started process (PID=724) to work on /opt/airflow/dags/clean_day_data.py
[2025-09-15T09:24:02.903+0000] {processor.py:830} INFO - Processing file /opt/airflow/dags/clean_day_data.py for tasks to queue
[2025-09-15T09:24:02.904+0000] {logging_mixin.py:188} INFO - [2025-09-15T09:24:02.904+0000] {dagbag.py:540} INFO - Filling up the DagBag from /opt/airflow/dags/clean_day_data.py
[2025-09-15T09:24:02.922+0000] {processor.py:840} INFO - DAG(s) 'clean_day_data' retrieved from /opt/airflow/dags/clean_day_data.py
[2025-09-15T09:24:02.948+0000] {logging_mixin.py:188} INFO - [2025-09-15T09:24:02.948+0000] {dag.py:3096} INFO - Sync 1 DAGs
[2025-09-15T09:24:02.961+0000] {logging_mixin.py:188} INFO - [2025-09-15T09:24:02.960+0000] {dag.py:3954} INFO - Setting next_dagrun for clean_day_data to None, run_after=None
[2025-09-15T09:24:02.982+0000] {processor.py:183} INFO - Processing /opt/airflow/dags/clean_day_data.py took 0.085 seconds
[2025-09-15T09:24:33.524+0000] {processor.py:161} INFO - Started process (PID=759) to work on /opt/airflow/dags/clean_day_data.py
[2025-09-15T09:24:33.525+0000] {processor.py:830} INFO - Processing file /opt/airflow/dags/clean_day_data.py for tasks to queue
[2025-09-15T09:24:33.526+0000] {logging_mixin.py:188} INFO - [2025-09-15T09:24:33.526+0000] {dagbag.py:540} INFO - Filling up the DagBag from /opt/airflow/dags/clean_day_data.py
[2025-09-15T09:24:33.551+0000] {processor.py:840} INFO - DAG(s) 'clean_day_data' retrieved from /opt/airflow/dags/clean_day_data.py
[2025-09-15T09:24:33.587+0000] {logging_mixin.py:188} INFO - [2025-09-15T09:24:33.587+0000] {dag.py:3096} INFO - Sync 1 DAGs
[2025-09-15T09:24:33.602+0000] {logging_mixin.py:188} INFO - [2025-09-15T09:24:33.602+0000] {dag.py:3954} INFO - Setting next_dagrun for clean_day_data to None, run_after=None
[2025-09-15T09:24:33.625+0000] {processor.py:183} INFO - Processing /opt/airflow/dags/clean_day_data.py took 0.108 seconds
[2025-09-15T09:25:03.951+0000] {processor.py:161} INFO - Started process (PID=794) to work on /opt/airflow/dags/clean_day_data.py
[2025-09-15T09:25:03.952+0000] {processor.py:830} INFO - Processing file /opt/airflow/dags/clean_day_data.py for tasks to queue
[2025-09-15T09:25:03.953+0000] {logging_mixin.py:188} INFO - [2025-09-15T09:25:03.952+0000] {dagbag.py:540} INFO - Filling up the DagBag from /opt/airflow/dags/clean_day_data.py
[2025-09-15T09:25:03.969+0000] {processor.py:840} INFO - DAG(s) 'clean_day_data' retrieved from /opt/airflow/dags/clean_day_data.py
[2025-09-15T09:25:03.999+0000] {logging_mixin.py:188} INFO - [2025-09-15T09:25:03.999+0000] {dag.py:3096} INFO - Sync 1 DAGs
[2025-09-15T09:25:04.012+0000] {logging_mixin.py:188} INFO - [2025-09-15T09:25:04.012+0000] {dag.py:3954} INFO - Setting next_dagrun for clean_day_data to None, run_after=None
[2025-09-15T09:25:04.033+0000] {processor.py:183} INFO - Processing /opt/airflow/dags/clean_day_data.py took 0.088 seconds
[2025-09-15T09:25:34.443+0000] {processor.py:161} INFO - Started process (PID=833) to work on /opt/airflow/dags/clean_day_data.py
[2025-09-15T09:25:34.444+0000] {processor.py:830} INFO - Processing file /opt/airflow/dags/clean_day_data.py for tasks to queue
[2025-09-15T09:25:34.445+0000] {logging_mixin.py:188} INFO - [2025-09-15T09:25:34.445+0000] {dagbag.py:540} INFO - Filling up the DagBag from /opt/airflow/dags/clean_day_data.py
[2025-09-15T09:25:34.463+0000] {processor.py:840} INFO - DAG(s) 'clean_day_data' retrieved from /opt/airflow/dags/clean_day_data.py
[2025-09-15T09:25:34.492+0000] {logging_mixin.py:188} INFO - [2025-09-15T09:25:34.492+0000] {dag.py:3096} INFO - Sync 1 DAGs
[2025-09-15T09:25:34.559+0000] {logging_mixin.py:188} INFO - [2025-09-15T09:25:34.559+0000] {dag.py:3954} INFO - Setting next_dagrun for clean_day_data to None, run_after=None
[2025-09-15T09:25:34.588+0000] {processor.py:183} INFO - Processing /opt/airflow/dags/clean_day_data.py took 0.151 seconds
[2025-09-15T09:26:05.530+0000] {processor.py:161} INFO - Started process (PID=868) to work on /opt/airflow/dags/clean_day_data.py
[2025-09-15T09:26:05.531+0000] {processor.py:830} INFO - Processing file /opt/airflow/dags/clean_day_data.py for tasks to queue
[2025-09-15T09:26:05.532+0000] {logging_mixin.py:188} INFO - [2025-09-15T09:26:05.531+0000] {dagbag.py:540} INFO - Filling up the DagBag from /opt/airflow/dags/clean_day_data.py
[2025-09-15T09:26:05.549+0000] {processor.py:840} INFO - DAG(s) 'clean_day_data' retrieved from /opt/airflow/dags/clean_day_data.py
[2025-09-15T09:26:05.582+0000] {logging_mixin.py:188} INFO - [2025-09-15T09:26:05.581+0000] {dag.py:3096} INFO - Sync 1 DAGs
[2025-09-15T09:26:05.600+0000] {logging_mixin.py:188} INFO - [2025-09-15T09:26:05.599+0000] {dag.py:3954} INFO - Setting next_dagrun for clean_day_data to None, run_after=None
[2025-09-15T09:26:05.628+0000] {processor.py:183} INFO - Processing /opt/airflow/dags/clean_day_data.py took 0.105 seconds
[2025-09-15T09:26:36.376+0000] {processor.py:161} INFO - Started process (PID=906) to work on /opt/airflow/dags/clean_day_data.py
[2025-09-15T09:26:36.377+0000] {processor.py:830} INFO - Processing file /opt/airflow/dags/clean_day_data.py for tasks to queue
[2025-09-15T09:26:36.378+0000] {logging_mixin.py:188} INFO - [2025-09-15T09:26:36.377+0000] {dagbag.py:540} INFO - Filling up the DagBag from /opt/airflow/dags/clean_day_data.py
[2025-09-15T09:26:36.395+0000] {processor.py:840} INFO - DAG(s) 'clean_day_data' retrieved from /opt/airflow/dags/clean_day_data.py
[2025-09-15T09:26:36.423+0000] {logging_mixin.py:188} INFO - [2025-09-15T09:26:36.423+0000] {dag.py:3096} INFO - Sync 1 DAGs
[2025-09-15T09:26:36.437+0000] {logging_mixin.py:188} INFO - [2025-09-15T09:26:36.436+0000] {dag.py:3954} INFO - Setting next_dagrun for clean_day_data to None, run_after=None
[2025-09-15T09:26:36.461+0000] {processor.py:183} INFO - Processing /opt/airflow/dags/clean_day_data.py took 0.091 seconds
[2025-09-15T09:27:07.431+0000] {processor.py:161} INFO - Started process (PID=941) to work on /opt/airflow/dags/clean_day_data.py
[2025-09-15T09:27:07.432+0000] {processor.py:830} INFO - Processing file /opt/airflow/dags/clean_day_data.py for tasks to queue
[2025-09-15T09:27:07.433+0000] {logging_mixin.py:188} INFO - [2025-09-15T09:27:07.433+0000] {dagbag.py:540} INFO - Filling up the DagBag from /opt/airflow/dags/clean_day_data.py
[2025-09-15T09:27:07.455+0000] {processor.py:840} INFO - DAG(s) 'clean_day_data' retrieved from /opt/airflow/dags/clean_day_data.py
[2025-09-15T09:27:07.483+0000] {logging_mixin.py:188} INFO - [2025-09-15T09:27:07.483+0000] {dag.py:3096} INFO - Sync 1 DAGs
[2025-09-15T09:27:07.496+0000] {logging_mixin.py:188} INFO - [2025-09-15T09:27:07.495+0000] {dag.py:3954} INFO - Setting next_dagrun for clean_day_data to None, run_after=None
[2025-09-15T09:27:07.522+0000] {processor.py:183} INFO - Processing /opt/airflow/dags/clean_day_data.py took 0.096 seconds
[2025-09-15T09:27:38.114+0000] {processor.py:161} INFO - Started process (PID=976) to work on /opt/airflow/dags/clean_day_data.py
[2025-09-15T09:27:38.115+0000] {processor.py:830} INFO - Processing file /opt/airflow/dags/clean_day_data.py for tasks to queue
[2025-09-15T09:27:38.116+0000] {logging_mixin.py:188} INFO - [2025-09-15T09:27:38.116+0000] {dagbag.py:540} INFO - Filling up the DagBag from /opt/airflow/dags/clean_day_data.py
[2025-09-15T09:27:38.140+0000] {processor.py:840} INFO - DAG(s) 'clean_day_data' retrieved from /opt/airflow/dags/clean_day_data.py
[2025-09-15T09:27:38.167+0000] {logging_mixin.py:188} INFO - [2025-09-15T09:27:38.166+0000] {dag.py:3096} INFO - Sync 1 DAGs
[2025-09-15T09:27:38.184+0000] {logging_mixin.py:188} INFO - [2025-09-15T09:27:38.184+0000] {dag.py:3954} INFO - Setting next_dagrun for clean_day_data to None, run_after=None
[2025-09-15T09:27:38.212+0000] {processor.py:183} INFO - Processing /opt/airflow/dags/clean_day_data.py took 0.105 seconds
[2025-09-15T09:28:09.199+0000] {processor.py:161} INFO - Started process (PID=1017) to work on /opt/airflow/dags/clean_day_data.py
[2025-09-15T09:28:09.202+0000] {processor.py:830} INFO - Processing file /opt/airflow/dags/clean_day_data.py for tasks to queue
[2025-09-15T09:28:09.204+0000] {logging_mixin.py:188} INFO - [2025-09-15T09:28:09.203+0000] {dagbag.py:540} INFO - Filling up the DagBag from /opt/airflow/dags/clean_day_data.py
[2025-09-15T09:28:09.250+0000] {processor.py:840} INFO - DAG(s) 'clean_day_data' retrieved from /opt/airflow/dags/clean_day_data.py
[2025-09-15T09:28:09.341+0000] {logging_mixin.py:188} INFO - [2025-09-15T09:28:09.341+0000] {dag.py:3096} INFO - Sync 1 DAGs
[2025-09-15T09:28:09.377+0000] {logging_mixin.py:188} INFO - [2025-09-15T09:28:09.376+0000] {dag.py:3954} INFO - Setting next_dagrun for clean_day_data to None, run_after=None
[2025-09-15T09:28:09.473+0000] {processor.py:183} INFO - Processing /opt/airflow/dags/clean_day_data.py took 0.287 seconds
[2025-09-15T09:28:39.767+0000] {processor.py:161} INFO - Started process (PID=1050) to work on /opt/airflow/dags/clean_day_data.py
[2025-09-15T09:28:39.768+0000] {processor.py:830} INFO - Processing file /opt/airflow/dags/clean_day_data.py for tasks to queue
[2025-09-15T09:28:39.769+0000] {logging_mixin.py:188} INFO - [2025-09-15T09:28:39.768+0000] {dagbag.py:540} INFO - Filling up the DagBag from /opt/airflow/dags/clean_day_data.py
[2025-09-15T09:28:39.790+0000] {processor.py:840} INFO - DAG(s) 'clean_day_data' retrieved from /opt/airflow/dags/clean_day_data.py
[2025-09-15T09:28:39.821+0000] {logging_mixin.py:188} INFO - [2025-09-15T09:28:39.820+0000] {dag.py:3096} INFO - Sync 1 DAGs
[2025-09-15T09:28:39.834+0000] {logging_mixin.py:188} INFO - [2025-09-15T09:28:39.833+0000] {dag.py:3954} INFO - Setting next_dagrun for clean_day_data to None, run_after=None
[2025-09-15T09:28:39.857+0000] {processor.py:183} INFO - Processing /opt/airflow/dags/clean_day_data.py took 0.097 seconds
[2025-09-15T09:29:10.391+0000] {processor.py:161} INFO - Started process (PID=1085) to work on /opt/airflow/dags/clean_day_data.py
[2025-09-15T09:29:10.393+0000] {processor.py:830} INFO - Processing file /opt/airflow/dags/clean_day_data.py for tasks to queue
[2025-09-15T09:29:10.394+0000] {logging_mixin.py:188} INFO - [2025-09-15T09:29:10.393+0000] {dagbag.py:540} INFO - Filling up the DagBag from /opt/airflow/dags/clean_day_data.py
[2025-09-15T09:29:10.423+0000] {processor.py:840} INFO - DAG(s) 'clean_day_data' retrieved from /opt/airflow/dags/clean_day_data.py
[2025-09-15T09:29:10.472+0000] {logging_mixin.py:188} INFO - [2025-09-15T09:29:10.471+0000] {dag.py:3096} INFO - Sync 1 DAGs
[2025-09-15T09:29:10.488+0000] {logging_mixin.py:188} INFO - [2025-09-15T09:29:10.488+0000] {dag.py:3954} INFO - Setting next_dagrun for clean_day_data to None, run_after=None
[2025-09-15T09:29:10.516+0000] {processor.py:183} INFO - Processing /opt/airflow/dags/clean_day_data.py took 0.131 seconds
[2025-09-15T09:29:41.010+0000] {processor.py:161} INFO - Started process (PID=1120) to work on /opt/airflow/dags/clean_day_data.py
[2025-09-15T09:29:41.011+0000] {processor.py:830} INFO - Processing file /opt/airflow/dags/clean_day_data.py for tasks to queue
[2025-09-15T09:29:41.012+0000] {logging_mixin.py:188} INFO - [2025-09-15T09:29:41.012+0000] {dagbag.py:540} INFO - Filling up the DagBag from /opt/airflow/dags/clean_day_data.py
[2025-09-15T09:29:41.045+0000] {processor.py:840} INFO - DAG(s) 'clean_day_data' retrieved from /opt/airflow/dags/clean_day_data.py
[2025-09-15T09:29:41.082+0000] {logging_mixin.py:188} INFO - [2025-09-15T09:29:41.082+0000] {dag.py:3096} INFO - Sync 1 DAGs
[2025-09-15T09:29:41.095+0000] {logging_mixin.py:188} INFO - [2025-09-15T09:29:41.095+0000] {dag.py:3954} INFO - Setting next_dagrun for clean_day_data to None, run_after=None
[2025-09-15T09:29:41.116+0000] {processor.py:183} INFO - Processing /opt/airflow/dags/clean_day_data.py took 0.114 seconds
[2025-09-15T09:30:11.560+0000] {processor.py:161} INFO - Started process (PID=1159) to work on /opt/airflow/dags/clean_day_data.py
[2025-09-15T09:30:11.561+0000] {processor.py:830} INFO - Processing file /opt/airflow/dags/clean_day_data.py for tasks to queue
[2025-09-15T09:30:11.563+0000] {logging_mixin.py:188} INFO - [2025-09-15T09:30:11.562+0000] {dagbag.py:540} INFO - Filling up the DagBag from /opt/airflow/dags/clean_day_data.py
[2025-09-15T09:30:11.605+0000] {processor.py:840} INFO - DAG(s) 'clean_day_data' retrieved from /opt/airflow/dags/clean_day_data.py
[2025-09-15T09:30:11.646+0000] {logging_mixin.py:188} INFO - [2025-09-15T09:30:11.646+0000] {dag.py:3096} INFO - Sync 1 DAGs
[2025-09-15T09:30:11.663+0000] {logging_mixin.py:188} INFO - [2025-09-15T09:30:11.663+0000] {dag.py:3954} INFO - Setting next_dagrun for clean_day_data to None, run_after=None
[2025-09-15T09:30:11.694+0000] {processor.py:183} INFO - Processing /opt/airflow/dags/clean_day_data.py took 0.146 seconds
[2025-09-15T09:30:42.561+0000] {processor.py:161} INFO - Started process (PID=1194) to work on /opt/airflow/dags/clean_day_data.py
[2025-09-15T09:30:42.563+0000] {processor.py:830} INFO - Processing file /opt/airflow/dags/clean_day_data.py for tasks to queue
[2025-09-15T09:30:42.565+0000] {logging_mixin.py:188} INFO - [2025-09-15T09:30:42.564+0000] {dagbag.py:540} INFO - Filling up the DagBag from /opt/airflow/dags/clean_day_data.py
[2025-09-15T09:30:42.591+0000] {processor.py:840} INFO - DAG(s) 'clean_day_data' retrieved from /opt/airflow/dags/clean_day_data.py
[2025-09-15T09:30:42.623+0000] {logging_mixin.py:188} INFO - [2025-09-15T09:30:42.622+0000] {dag.py:3096} INFO - Sync 1 DAGs
[2025-09-15T09:30:42.643+0000] {logging_mixin.py:188} INFO - [2025-09-15T09:30:42.641+0000] {dag.py:3954} INFO - Setting next_dagrun for clean_day_data to None, run_after=None
[2025-09-15T09:30:42.683+0000] {processor.py:183} INFO - Processing /opt/airflow/dags/clean_day_data.py took 0.129 seconds
[2025-09-15T09:31:13.142+0000] {processor.py:161} INFO - Started process (PID=1229) to work on /opt/airflow/dags/clean_day_data.py
[2025-09-15T09:31:13.143+0000] {processor.py:830} INFO - Processing file /opt/airflow/dags/clean_day_data.py for tasks to queue
[2025-09-15T09:31:13.145+0000] {logging_mixin.py:188} INFO - [2025-09-15T09:31:13.144+0000] {dagbag.py:540} INFO - Filling up the DagBag from /opt/airflow/dags/clean_day_data.py
[2025-09-15T09:31:13.172+0000] {processor.py:840} INFO - DAG(s) 'clean_day_data' retrieved from /opt/airflow/dags/clean_day_data.py
[2025-09-15T09:31:13.207+0000] {logging_mixin.py:188} INFO - [2025-09-15T09:31:13.207+0000] {dag.py:3096} INFO - Sync 1 DAGs
[2025-09-15T09:31:13.222+0000] {logging_mixin.py:188} INFO - [2025-09-15T09:31:13.222+0000] {dag.py:3954} INFO - Setting next_dagrun for clean_day_data to None, run_after=None
[2025-09-15T09:31:13.244+0000] {processor.py:183} INFO - Processing /opt/airflow/dags/clean_day_data.py took 0.109 seconds
[2025-09-15T09:31:44.135+0000] {processor.py:161} INFO - Started process (PID=1264) to work on /opt/airflow/dags/clean_day_data.py
[2025-09-15T09:31:44.137+0000] {processor.py:830} INFO - Processing file /opt/airflow/dags/clean_day_data.py for tasks to queue
[2025-09-15T09:31:44.138+0000] {logging_mixin.py:188} INFO - [2025-09-15T09:31:44.137+0000] {dagbag.py:540} INFO - Filling up the DagBag from /opt/airflow/dags/clean_day_data.py
[2025-09-15T09:31:44.157+0000] {processor.py:840} INFO - DAG(s) 'clean_day_data' retrieved from /opt/airflow/dags/clean_day_data.py
[2025-09-15T09:31:44.189+0000] {logging_mixin.py:188} INFO - [2025-09-15T09:31:44.188+0000] {dag.py:3096} INFO - Sync 1 DAGs
[2025-09-15T09:31:44.202+0000] {logging_mixin.py:188} INFO - [2025-09-15T09:31:44.202+0000] {dag.py:3954} INFO - Setting next_dagrun for clean_day_data to None, run_after=None
[2025-09-15T09:31:44.256+0000] {processor.py:183} INFO - Processing /opt/airflow/dags/clean_day_data.py took 0.127 seconds
[2025-09-15T09:32:14.596+0000] {processor.py:161} INFO - Started process (PID=1299) to work on /opt/airflow/dags/clean_day_data.py
[2025-09-15T09:32:14.597+0000] {processor.py:830} INFO - Processing file /opt/airflow/dags/clean_day_data.py for tasks to queue
[2025-09-15T09:32:14.598+0000] {logging_mixin.py:188} INFO - [2025-09-15T09:32:14.598+0000] {dagbag.py:540} INFO - Filling up the DagBag from /opt/airflow/dags/clean_day_data.py
[2025-09-15T09:32:14.616+0000] {processor.py:840} INFO - DAG(s) 'clean_day_data' retrieved from /opt/airflow/dags/clean_day_data.py
[2025-09-15T09:32:14.641+0000] {logging_mixin.py:188} INFO - [2025-09-15T09:32:14.640+0000] {dag.py:3096} INFO - Sync 1 DAGs
[2025-09-15T09:32:14.652+0000] {logging_mixin.py:188} INFO - [2025-09-15T09:32:14.652+0000] {dag.py:3954} INFO - Setting next_dagrun for clean_day_data to None, run_after=None
[2025-09-15T09:32:14.671+0000] {processor.py:183} INFO - Processing /opt/airflow/dags/clean_day_data.py took 0.081 seconds
[2025-09-15T09:32:45.535+0000] {processor.py:161} INFO - Started process (PID=1334) to work on /opt/airflow/dags/clean_day_data.py
[2025-09-15T09:32:45.537+0000] {processor.py:830} INFO - Processing file /opt/airflow/dags/clean_day_data.py for tasks to queue
[2025-09-15T09:32:45.538+0000] {logging_mixin.py:188} INFO - [2025-09-15T09:32:45.538+0000] {dagbag.py:540} INFO - Filling up the DagBag from /opt/airflow/dags/clean_day_data.py
[2025-09-15T09:32:45.561+0000] {processor.py:840} INFO - DAG(s) 'clean_day_data' retrieved from /opt/airflow/dags/clean_day_data.py
[2025-09-15T09:32:45.587+0000] {logging_mixin.py:188} INFO - [2025-09-15T09:32:45.586+0000] {dag.py:3096} INFO - Sync 1 DAGs
[2025-09-15T09:32:45.599+0000] {logging_mixin.py:188} INFO - [2025-09-15T09:32:45.598+0000] {dag.py:3954} INFO - Setting next_dagrun for clean_day_data to None, run_after=None
[2025-09-15T09:32:45.617+0000] {processor.py:183} INFO - Processing /opt/airflow/dags/clean_day_data.py took 0.088 seconds
[2025-09-15T09:33:16.221+0000] {processor.py:161} INFO - Started process (PID=1375) to work on /opt/airflow/dags/clean_day_data.py
[2025-09-15T09:33:16.222+0000] {processor.py:830} INFO - Processing file /opt/airflow/dags/clean_day_data.py for tasks to queue
[2025-09-15T09:33:16.223+0000] {logging_mixin.py:188} INFO - [2025-09-15T09:33:16.223+0000] {dagbag.py:540} INFO - Filling up the DagBag from /opt/airflow/dags/clean_day_data.py
[2025-09-15T09:33:16.241+0000] {processor.py:840} INFO - DAG(s) 'clean_day_data' retrieved from /opt/airflow/dags/clean_day_data.py
[2025-09-15T09:33:16.266+0000] {logging_mixin.py:188} INFO - [2025-09-15T09:33:16.266+0000] {dag.py:3096} INFO - Sync 1 DAGs
[2025-09-15T09:33:16.278+0000] {logging_mixin.py:188} INFO - [2025-09-15T09:33:16.277+0000] {dag.py:3954} INFO - Setting next_dagrun for clean_day_data to None, run_after=None
[2025-09-15T09:33:16.298+0000] {processor.py:183} INFO - Processing /opt/airflow/dags/clean_day_data.py took 0.083 seconds
[2025-09-15T09:33:46.701+0000] {processor.py:161} INFO - Started process (PID=1408) to work on /opt/airflow/dags/clean_day_data.py
[2025-09-15T09:33:46.702+0000] {processor.py:830} INFO - Processing file /opt/airflow/dags/clean_day_data.py for tasks to queue
[2025-09-15T09:33:46.703+0000] {logging_mixin.py:188} INFO - [2025-09-15T09:33:46.703+0000] {dagbag.py:540} INFO - Filling up the DagBag from /opt/airflow/dags/clean_day_data.py
[2025-09-15T09:33:46.724+0000] {processor.py:840} INFO - DAG(s) 'clean_day_data' retrieved from /opt/airflow/dags/clean_day_data.py
[2025-09-15T09:33:46.748+0000] {logging_mixin.py:188} INFO - [2025-09-15T09:33:46.748+0000] {dag.py:3096} INFO - Sync 1 DAGs
[2025-09-15T09:33:46.759+0000] {logging_mixin.py:188} INFO - [2025-09-15T09:33:46.759+0000] {dag.py:3954} INFO - Setting next_dagrun for clean_day_data to None, run_after=None
[2025-09-15T09:33:46.776+0000] {processor.py:183} INFO - Processing /opt/airflow/dags/clean_day_data.py took 0.081 seconds
[2025-09-15T09:34:17.223+0000] {processor.py:161} INFO - Started process (PID=1443) to work on /opt/airflow/dags/clean_day_data.py
[2025-09-15T09:34:17.224+0000] {processor.py:830} INFO - Processing file /opt/airflow/dags/clean_day_data.py for tasks to queue
[2025-09-15T09:34:17.225+0000] {logging_mixin.py:188} INFO - [2025-09-15T09:34:17.225+0000] {dagbag.py:540} INFO - Filling up the DagBag from /opt/airflow/dags/clean_day_data.py
[2025-09-15T09:34:17.244+0000] {processor.py:840} INFO - DAG(s) 'clean_day_data' retrieved from /opt/airflow/dags/clean_day_data.py
[2025-09-15T09:34:17.271+0000] {logging_mixin.py:188} INFO - [2025-09-15T09:34:17.270+0000] {dag.py:3096} INFO - Sync 1 DAGs
[2025-09-15T09:34:17.285+0000] {logging_mixin.py:188} INFO - [2025-09-15T09:34:17.284+0000] {dag.py:3954} INFO - Setting next_dagrun for clean_day_data to None, run_after=None
[2025-09-15T09:34:17.305+0000] {processor.py:183} INFO - Processing /opt/airflow/dags/clean_day_data.py took 0.087 seconds
[2025-09-15T09:34:47.964+0000] {processor.py:161} INFO - Started process (PID=1478) to work on /opt/airflow/dags/clean_day_data.py
[2025-09-15T09:34:47.965+0000] {processor.py:830} INFO - Processing file /opt/airflow/dags/clean_day_data.py for tasks to queue
[2025-09-15T09:34:47.966+0000] {logging_mixin.py:188} INFO - [2025-09-15T09:34:47.966+0000] {dagbag.py:540} INFO - Filling up the DagBag from /opt/airflow/dags/clean_day_data.py
[2025-09-15T09:34:47.986+0000] {processor.py:840} INFO - DAG(s) 'clean_day_data' retrieved from /opt/airflow/dags/clean_day_data.py
[2025-09-15T09:34:48.010+0000] {logging_mixin.py:188} INFO - [2025-09-15T09:34:48.010+0000] {dag.py:3096} INFO - Sync 1 DAGs
[2025-09-15T09:34:48.021+0000] {logging_mixin.py:188} INFO - [2025-09-15T09:34:48.021+0000] {dag.py:3954} INFO - Setting next_dagrun for clean_day_data to None, run_after=None
[2025-09-15T09:34:48.040+0000] {processor.py:183} INFO - Processing /opt/airflow/dags/clean_day_data.py took 0.081 seconds
[2025-09-15T09:35:18.566+0000] {processor.py:161} INFO - Started process (PID=1513) to work on /opt/airflow/dags/clean_day_data.py
[2025-09-15T09:35:18.567+0000] {processor.py:830} INFO - Processing file /opt/airflow/dags/clean_day_data.py for tasks to queue
[2025-09-15T09:35:18.568+0000] {logging_mixin.py:188} INFO - [2025-09-15T09:35:18.567+0000] {dagbag.py:540} INFO - Filling up the DagBag from /opt/airflow/dags/clean_day_data.py
[2025-09-15T09:35:18.586+0000] {processor.py:840} INFO - DAG(s) 'clean_day_data' retrieved from /opt/airflow/dags/clean_day_data.py
[2025-09-15T09:35:18.611+0000] {logging_mixin.py:188} INFO - [2025-09-15T09:35:18.611+0000] {dag.py:3096} INFO - Sync 1 DAGs
[2025-09-15T09:35:18.623+0000] {logging_mixin.py:188} INFO - [2025-09-15T09:35:18.623+0000] {dag.py:3954} INFO - Setting next_dagrun for clean_day_data to None, run_after=None
[2025-09-15T09:35:18.642+0000] {processor.py:183} INFO - Processing /opt/airflow/dags/clean_day_data.py took 0.082 seconds
[2025-09-15T09:35:49.188+0000] {processor.py:161} INFO - Started process (PID=1548) to work on /opt/airflow/dags/clean_day_data.py
[2025-09-15T09:35:49.189+0000] {processor.py:830} INFO - Processing file /opt/airflow/dags/clean_day_data.py for tasks to queue
[2025-09-15T09:35:49.190+0000] {logging_mixin.py:188} INFO - [2025-09-15T09:35:49.190+0000] {dagbag.py:540} INFO - Filling up the DagBag from /opt/airflow/dags/clean_day_data.py
[2025-09-15T09:35:49.214+0000] {processor.py:840} INFO - DAG(s) 'clean_day_data' retrieved from /opt/airflow/dags/clean_day_data.py
[2025-09-15T09:35:49.240+0000] {logging_mixin.py:188} INFO - [2025-09-15T09:35:49.240+0000] {dag.py:3096} INFO - Sync 1 DAGs
[2025-09-15T09:35:49.252+0000] {logging_mixin.py:188} INFO - [2025-09-15T09:35:49.252+0000] {dag.py:3954} INFO - Setting next_dagrun for clean_day_data to None, run_after=None
[2025-09-15T09:35:49.271+0000] {processor.py:183} INFO - Processing /opt/airflow/dags/clean_day_data.py took 0.089 seconds
[2025-09-15T09:36:20.012+0000] {processor.py:161} INFO - Started process (PID=1583) to work on /opt/airflow/dags/clean_day_data.py
[2025-09-15T09:36:20.013+0000] {processor.py:830} INFO - Processing file /opt/airflow/dags/clean_day_data.py for tasks to queue
[2025-09-15T09:36:20.014+0000] {logging_mixin.py:188} INFO - [2025-09-15T09:36:20.014+0000] {dagbag.py:540} INFO - Filling up the DagBag from /opt/airflow/dags/clean_day_data.py
[2025-09-15T09:36:20.040+0000] {processor.py:840} INFO - DAG(s) 'clean_day_data' retrieved from /opt/airflow/dags/clean_day_data.py
[2025-09-15T09:36:20.067+0000] {logging_mixin.py:188} INFO - [2025-09-15T09:36:20.067+0000] {dag.py:3096} INFO - Sync 1 DAGs
[2025-09-15T09:36:20.080+0000] {logging_mixin.py:188} INFO - [2025-09-15T09:36:20.079+0000] {dag.py:3954} INFO - Setting next_dagrun for clean_day_data to None, run_after=None
[2025-09-15T09:36:20.114+0000] {processor.py:183} INFO - Processing /opt/airflow/dags/clean_day_data.py took 0.110 seconds
[2025-09-15T09:36:50.489+0000] {processor.py:161} INFO - Started process (PID=1618) to work on /opt/airflow/dags/clean_day_data.py
[2025-09-15T09:36:50.491+0000] {processor.py:830} INFO - Processing file /opt/airflow/dags/clean_day_data.py for tasks to queue
[2025-09-15T09:36:50.491+0000] {logging_mixin.py:188} INFO - [2025-09-15T09:36:50.491+0000] {dagbag.py:540} INFO - Filling up the DagBag from /opt/airflow/dags/clean_day_data.py
[2025-09-15T09:36:50.511+0000] {processor.py:840} INFO - DAG(s) 'clean_day_data' retrieved from /opt/airflow/dags/clean_day_data.py
[2025-09-15T09:36:50.537+0000] {logging_mixin.py:188} INFO - [2025-09-15T09:36:50.537+0000] {dag.py:3096} INFO - Sync 1 DAGs
[2025-09-15T09:36:50.548+0000] {logging_mixin.py:188} INFO - [2025-09-15T09:36:50.548+0000] {dag.py:3954} INFO - Setting next_dagrun for clean_day_data to None, run_after=None
[2025-09-15T09:36:50.565+0000] {processor.py:183} INFO - Processing /opt/airflow/dags/clean_day_data.py took 0.081 seconds
[2025-09-15T09:37:21.302+0000] {processor.py:161} INFO - Started process (PID=1653) to work on /opt/airflow/dags/clean_day_data.py
[2025-09-15T09:37:21.303+0000] {processor.py:830} INFO - Processing file /opt/airflow/dags/clean_day_data.py for tasks to queue
[2025-09-15T09:37:21.303+0000] {logging_mixin.py:188} INFO - [2025-09-15T09:37:21.303+0000] {dagbag.py:540} INFO - Filling up the DagBag from /opt/airflow/dags/clean_day_data.py
[2025-09-15T09:37:21.327+0000] {processor.py:840} INFO - DAG(s) 'clean_day_data' retrieved from /opt/airflow/dags/clean_day_data.py
[2025-09-15T09:37:21.361+0000] {logging_mixin.py:188} INFO - [2025-09-15T09:37:21.361+0000] {dag.py:3096} INFO - Sync 1 DAGs
[2025-09-15T09:37:21.379+0000] {logging_mixin.py:188} INFO - [2025-09-15T09:37:21.379+0000] {dag.py:3954} INFO - Setting next_dagrun for clean_day_data to None, run_after=None
[2025-09-15T09:37:21.410+0000] {processor.py:183} INFO - Processing /opt/airflow/dags/clean_day_data.py took 0.114 seconds
[2025-09-15T09:37:51.893+0000] {processor.py:161} INFO - Started process (PID=1688) to work on /opt/airflow/dags/clean_day_data.py
[2025-09-15T09:37:51.894+0000] {processor.py:830} INFO - Processing file /opt/airflow/dags/clean_day_data.py for tasks to queue
[2025-09-15T09:37:51.895+0000] {logging_mixin.py:188} INFO - [2025-09-15T09:37:51.895+0000] {dagbag.py:540} INFO - Filling up the DagBag from /opt/airflow/dags/clean_day_data.py
[2025-09-15T09:37:51.919+0000] {processor.py:840} INFO - DAG(s) 'clean_day_data' retrieved from /opt/airflow/dags/clean_day_data.py
[2025-09-15T09:37:51.952+0000] {logging_mixin.py:188} INFO - [2025-09-15T09:37:51.951+0000] {dag.py:3096} INFO - Sync 1 DAGs
[2025-09-15T09:37:51.965+0000] {logging_mixin.py:188} INFO - [2025-09-15T09:37:51.964+0000] {dag.py:3954} INFO - Setting next_dagrun for clean_day_data to None, run_after=None
[2025-09-15T09:37:51.982+0000] {processor.py:183} INFO - Processing /opt/airflow/dags/clean_day_data.py took 0.095 seconds
[2025-09-15T09:38:22.855+0000] {processor.py:161} INFO - Started process (PID=1723) to work on /opt/airflow/dags/clean_day_data.py
[2025-09-15T09:38:22.856+0000] {processor.py:830} INFO - Processing file /opt/airflow/dags/clean_day_data.py for tasks to queue
[2025-09-15T09:38:22.857+0000] {logging_mixin.py:188} INFO - [2025-09-15T09:38:22.856+0000] {dagbag.py:540} INFO - Filling up the DagBag from /opt/airflow/dags/clean_day_data.py
[2025-09-15T09:38:22.894+0000] {processor.py:840} INFO - DAG(s) 'clean_day_data' retrieved from /opt/airflow/dags/clean_day_data.py
[2025-09-15T09:38:22.938+0000] {logging_mixin.py:188} INFO - [2025-09-15T09:38:22.937+0000] {dag.py:3096} INFO - Sync 1 DAGs
[2025-09-15T09:38:22.957+0000] {logging_mixin.py:188} INFO - [2025-09-15T09:38:22.957+0000] {dag.py:3954} INFO - Setting next_dagrun for clean_day_data to None, run_after=None
[2025-09-15T09:38:22.986+0000] {processor.py:183} INFO - Processing /opt/airflow/dags/clean_day_data.py took 0.139 seconds
[2025-09-15T09:38:55.432+0000] {processor.py:161} INFO - Started process (PID=1760) to work on /opt/airflow/dags/clean_day_data.py
[2025-09-15T09:38:55.440+0000] {processor.py:830} INFO - Processing file /opt/airflow/dags/clean_day_data.py for tasks to queue
[2025-09-15T09:38:55.445+0000] {logging_mixin.py:188} INFO - [2025-09-15T09:38:55.443+0000] {dagbag.py:540} INFO - Filling up the DagBag from /opt/airflow/dags/clean_day_data.py
[2025-09-15T09:38:55.549+0000] {processor.py:840} INFO - DAG(s) 'clean_day_data' retrieved from /opt/airflow/dags/clean_day_data.py
[2025-09-15T09:38:55.623+0000] {logging_mixin.py:188} INFO - [2025-09-15T09:38:55.622+0000] {dag.py:3096} INFO - Sync 1 DAGs
[2025-09-15T09:38:55.640+0000] {logging_mixin.py:188} INFO - [2025-09-15T09:38:55.639+0000] {dag.py:3954} INFO - Setting next_dagrun for clean_day_data to None, run_after=None
[2025-09-15T09:38:55.103+0000] {processor.py:183} INFO - Processing /opt/airflow/dags/clean_day_data.py took 0.255 seconds
[2025-09-15T09:39:25.849+0000] {processor.py:161} INFO - Started process (PID=1797) to work on /opt/airflow/dags/clean_day_data.py
[2025-09-15T09:39:25.851+0000] {processor.py:830} INFO - Processing file /opt/airflow/dags/clean_day_data.py for tasks to queue
[2025-09-15T09:39:25.859+0000] {logging_mixin.py:188} INFO - [2025-09-15T09:39:25.858+0000] {dagbag.py:540} INFO - Filling up the DagBag from /opt/airflow/dags/clean_day_data.py
[2025-09-15T09:39:25.879+0000] {processor.py:840} INFO - DAG(s) 'clean_day_data' retrieved from /opt/airflow/dags/clean_day_data.py
[2025-09-15T09:39:25.905+0000] {logging_mixin.py:188} INFO - [2025-09-15T09:39:25.905+0000] {dag.py:3096} INFO - Sync 1 DAGs
[2025-09-15T09:39:25.919+0000] {logging_mixin.py:188} INFO - [2025-09-15T09:39:25.918+0000] {dag.py:3954} INFO - Setting next_dagrun for clean_day_data to None, run_after=None
[2025-09-15T09:39:25.942+0000] {processor.py:183} INFO - Processing /opt/airflow/dags/clean_day_data.py took 0.099 seconds
[2025-09-15T09:39:56.384+0000] {processor.py:161} INFO - Started process (PID=1832) to work on /opt/airflow/dags/clean_day_data.py
[2025-09-15T09:39:56.385+0000] {processor.py:830} INFO - Processing file /opt/airflow/dags/clean_day_data.py for tasks to queue
[2025-09-15T09:39:56.387+0000] {logging_mixin.py:188} INFO - [2025-09-15T09:39:56.386+0000] {dagbag.py:540} INFO - Filling up the DagBag from /opt/airflow/dags/clean_day_data.py
[2025-09-15T09:39:56.408+0000] {processor.py:840} INFO - DAG(s) 'clean_day_data' retrieved from /opt/airflow/dags/clean_day_data.py
[2025-09-15T09:39:56.434+0000] {logging_mixin.py:188} INFO - [2025-09-15T09:39:56.434+0000] {dag.py:3096} INFO - Sync 1 DAGs
[2025-09-15T09:39:56.446+0000] {logging_mixin.py:188} INFO - [2025-09-15T09:39:56.446+0000] {dag.py:3954} INFO - Setting next_dagrun for clean_day_data to None, run_after=None
[2025-09-15T09:39:56.473+0000] {processor.py:183} INFO - Processing /opt/airflow/dags/clean_day_data.py took 0.096 seconds
[2025-09-15T09:40:27.113+0000] {processor.py:161} INFO - Started process (PID=1867) to work on /opt/airflow/dags/clean_day_data.py
[2025-09-15T09:40:27.114+0000] {processor.py:830} INFO - Processing file /opt/airflow/dags/clean_day_data.py for tasks to queue
[2025-09-15T09:40:27.116+0000] {logging_mixin.py:188} INFO - [2025-09-15T09:40:27.115+0000] {dagbag.py:540} INFO - Filling up the DagBag from /opt/airflow/dags/clean_day_data.py
[2025-09-15T09:40:27.136+0000] {processor.py:840} INFO - DAG(s) 'clean_day_data' retrieved from /opt/airflow/dags/clean_day_data.py
[2025-09-15T09:40:27.162+0000] {logging_mixin.py:188} INFO - [2025-09-15T09:40:27.162+0000] {dag.py:3096} INFO - Sync 1 DAGs
[2025-09-15T09:40:27.173+0000] {logging_mixin.py:188} INFO - [2025-09-15T09:40:27.173+0000] {dag.py:3954} INFO - Setting next_dagrun for clean_day_data to None, run_after=None
[2025-09-15T09:40:27.196+0000] {processor.py:183} INFO - Processing /opt/airflow/dags/clean_day_data.py took 0.089 seconds
[2025-09-15T09:40:57.752+0000] {processor.py:161} INFO - Started process (PID=1902) to work on /opt/airflow/dags/clean_day_data.py
[2025-09-15T09:40:57.753+0000] {processor.py:830} INFO - Processing file /opt/airflow/dags/clean_day_data.py for tasks to queue
[2025-09-15T09:40:57.754+0000] {logging_mixin.py:188} INFO - [2025-09-15T09:40:57.754+0000] {dagbag.py:540} INFO - Filling up the DagBag from /opt/airflow/dags/clean_day_data.py
[2025-09-15T09:40:57.784+0000] {processor.py:840} INFO - DAG(s) 'clean_day_data' retrieved from /opt/airflow/dags/clean_day_data.py
[2025-09-15T09:40:57.810+0000] {logging_mixin.py:188} INFO - [2025-09-15T09:40:57.810+0000] {dag.py:3096} INFO - Sync 1 DAGs
[2025-09-15T09:40:57.823+0000] {logging_mixin.py:188} INFO - [2025-09-15T09:40:57.823+0000] {dag.py:3954} INFO - Setting next_dagrun for clean_day_data to None, run_after=None
[2025-09-15T09:40:57.849+0000] {processor.py:183} INFO - Processing /opt/airflow/dags/clean_day_data.py took 0.102 seconds
[2025-09-15T09:41:28.276+0000] {processor.py:161} INFO - Started process (PID=1937) to work on /opt/airflow/dags/clean_day_data.py
[2025-09-15T09:41:28.278+0000] {processor.py:830} INFO - Processing file /opt/airflow/dags/clean_day_data.py for tasks to queue
[2025-09-15T09:41:28.279+0000] {logging_mixin.py:188} INFO - [2025-09-15T09:41:28.278+0000] {dagbag.py:540} INFO - Filling up the DagBag from /opt/airflow/dags/clean_day_data.py
[2025-09-15T09:41:28.298+0000] {processor.py:840} INFO - DAG(s) 'clean_day_data' retrieved from /opt/airflow/dags/clean_day_data.py
[2025-09-15T09:41:28.325+0000] {logging_mixin.py:188} INFO - [2025-09-15T09:41:28.324+0000] {dag.py:3096} INFO - Sync 1 DAGs
[2025-09-15T09:41:28.335+0000] {logging_mixin.py:188} INFO - [2025-09-15T09:41:28.335+0000] {dag.py:3954} INFO - Setting next_dagrun for clean_day_data to None, run_after=None
[2025-09-15T09:41:28.354+0000] {processor.py:183} INFO - Processing /opt/airflow/dags/clean_day_data.py took 0.084 seconds
[2025-09-15T09:41:59.154+0000] {processor.py:161} INFO - Started process (PID=1972) to work on /opt/airflow/dags/clean_day_data.py
[2025-09-15T09:41:59.155+0000] {processor.py:830} INFO - Processing file /opt/airflow/dags/clean_day_data.py for tasks to queue
[2025-09-15T09:41:59.156+0000] {logging_mixin.py:188} INFO - [2025-09-15T09:41:59.156+0000] {dagbag.py:540} INFO - Filling up the DagBag from /opt/airflow/dags/clean_day_data.py
[2025-09-15T09:41:59.175+0000] {processor.py:840} INFO - DAG(s) 'clean_day_data' retrieved from /opt/airflow/dags/clean_day_data.py
[2025-09-15T09:41:59.201+0000] {logging_mixin.py:188} INFO - [2025-09-15T09:41:59.200+0000] {dag.py:3096} INFO - Sync 1 DAGs
[2025-09-15T09:41:59.212+0000] {logging_mixin.py:188} INFO - [2025-09-15T09:41:59.211+0000] {dag.py:3954} INFO - Setting next_dagrun for clean_day_data to None, run_after=None
[2025-09-15T09:41:59.231+0000] {processor.py:183} INFO - Processing /opt/airflow/dags/clean_day_data.py took 0.083 seconds
[2025-09-15T09:42:29.635+0000] {processor.py:161} INFO - Started process (PID=2007) to work on /opt/airflow/dags/clean_day_data.py
[2025-09-15T09:42:29.636+0000] {processor.py:830} INFO - Processing file /opt/airflow/dags/clean_day_data.py for tasks to queue
[2025-09-15T09:42:29.636+0000] {logging_mixin.py:188} INFO - [2025-09-15T09:42:29.636+0000] {dagbag.py:540} INFO - Filling up the DagBag from /opt/airflow/dags/clean_day_data.py
[2025-09-15T09:42:29.654+0000] {processor.py:840} INFO - DAG(s) 'clean_day_data' retrieved from /opt/airflow/dags/clean_day_data.py
[2025-09-15T09:42:29.683+0000] {logging_mixin.py:188} INFO - [2025-09-15T09:42:29.682+0000] {dag.py:3096} INFO - Sync 1 DAGs
[2025-09-15T09:42:29.697+0000] {logging_mixin.py:188} INFO - [2025-09-15T09:42:29.696+0000] {dag.py:3954} INFO - Setting next_dagrun for clean_day_data to None, run_after=None
[2025-09-15T09:42:29.719+0000] {processor.py:183} INFO - Processing /opt/airflow/dags/clean_day_data.py took 0.090 seconds
[2025-09-15T09:42:59.908+0000] {processor.py:161} INFO - Started process (PID=2042) to work on /opt/airflow/dags/clean_day_data.py
[2025-09-15T09:42:59.909+0000] {processor.py:830} INFO - Processing file /opt/airflow/dags/clean_day_data.py for tasks to queue
[2025-09-15T09:42:59.910+0000] {logging_mixin.py:188} INFO - [2025-09-15T09:42:59.909+0000] {dagbag.py:540} INFO - Filling up the DagBag from /opt/airflow/dags/clean_day_data.py
[2025-09-15T09:42:59.930+0000] {processor.py:840} INFO - DAG(s) 'clean_day_data' retrieved from /opt/airflow/dags/clean_day_data.py
[2025-09-15T09:42:59.965+0000] {logging_mixin.py:188} INFO - [2025-09-15T09:42:59.964+0000] {dag.py:3096} INFO - Sync 1 DAGs
[2025-09-15T09:42:59.979+0000] {logging_mixin.py:188} INFO - [2025-09-15T09:42:59.978+0000] {dag.py:3954} INFO - Setting next_dagrun for clean_day_data to None, run_after=None
[2025-09-15T09:42:58.619+0000] {processor.py:183} INFO - Processing /opt/airflow/dags/clean_day_data.py took 0.102 seconds
[2025-09-15T09:43:28.747+0000] {processor.py:161} INFO - Started process (PID=2069) to work on /opt/airflow/dags/clean_day_data.py
[2025-09-15T09:43:28.748+0000] {processor.py:830} INFO - Processing file /opt/airflow/dags/clean_day_data.py for tasks to queue
[2025-09-15T09:43:28.749+0000] {logging_mixin.py:188} INFO - [2025-09-15T09:43:28.749+0000] {dagbag.py:540} INFO - Filling up the DagBag from /opt/airflow/dags/clean_day_data.py
[2025-09-15T09:43:28.768+0000] {processor.py:840} INFO - DAG(s) 'clean_day_data' retrieved from /opt/airflow/dags/clean_day_data.py
[2025-09-15T09:43:28.799+0000] {logging_mixin.py:188} INFO - [2025-09-15T09:43:28.799+0000] {dag.py:3096} INFO - Sync 1 DAGs
[2025-09-15T09:43:28.813+0000] {logging_mixin.py:188} INFO - [2025-09-15T09:43:28.812+0000] {dag.py:3954} INFO - Setting next_dagrun for clean_day_data to None, run_after=None
[2025-09-15T09:43:28.832+0000] {processor.py:183} INFO - Processing /opt/airflow/dags/clean_day_data.py took 0.091 seconds
[2025-09-15T09:43:59.348+0000] {processor.py:161} INFO - Started process (PID=2106) to work on /opt/airflow/dags/clean_day_data.py
[2025-09-15T09:43:59.350+0000] {processor.py:830} INFO - Processing file /opt/airflow/dags/clean_day_data.py for tasks to queue
[2025-09-15T09:43:59.354+0000] {logging_mixin.py:188} INFO - [2025-09-15T09:43:59.353+0000] {dagbag.py:540} INFO - Filling up the DagBag from /opt/airflow/dags/clean_day_data.py
[2025-09-15T09:43:59.390+0000] {processor.py:840} INFO - DAG(s) 'clean_day_data' retrieved from /opt/airflow/dags/clean_day_data.py
[2025-09-15T09:43:59.442+0000] {logging_mixin.py:188} INFO - [2025-09-15T09:43:59.441+0000] {dag.py:3096} INFO - Sync 1 DAGs
[2025-09-15T09:43:59.462+0000] {logging_mixin.py:188} INFO - [2025-09-15T09:43:59.462+0000] {dag.py:3954} INFO - Setting next_dagrun for clean_day_data to None, run_after=None
[2025-09-15T09:43:59.497+0000] {processor.py:183} INFO - Processing /opt/airflow/dags/clean_day_data.py took 0.162 seconds
[2025-09-15T09:44:29.851+0000] {processor.py:161} INFO - Started process (PID=2143) to work on /opt/airflow/dags/clean_day_data.py
[2025-09-15T09:44:29.853+0000] {processor.py:830} INFO - Processing file /opt/airflow/dags/clean_day_data.py for tasks to queue
[2025-09-15T09:44:29.854+0000] {logging_mixin.py:188} INFO - [2025-09-15T09:44:29.853+0000] {dagbag.py:540} INFO - Filling up the DagBag from /opt/airflow/dags/clean_day_data.py
[2025-09-15T09:44:29.877+0000] {processor.py:840} INFO - DAG(s) 'clean_day_data' retrieved from /opt/airflow/dags/clean_day_data.py
[2025-09-15T09:44:29.935+0000] {logging_mixin.py:188} INFO - [2025-09-15T09:44:29.935+0000] {dag.py:3096} INFO - Sync 1 DAGs
[2025-09-15T09:44:29.950+0000] {logging_mixin.py:188} INFO - [2025-09-15T09:44:29.950+0000] {dag.py:3954} INFO - Setting next_dagrun for clean_day_data to None, run_after=None
[2025-09-15T09:44:29.991+0000] {processor.py:183} INFO - Processing /opt/airflow/dags/clean_day_data.py took 0.147 seconds
[2025-09-15T09:45:00.443+0000] {processor.py:161} INFO - Started process (PID=2178) to work on /opt/airflow/dags/clean_day_data.py
[2025-09-15T09:45:00.444+0000] {processor.py:830} INFO - Processing file /opt/airflow/dags/clean_day_data.py for tasks to queue
[2025-09-15T09:45:00.445+0000] {logging_mixin.py:188} INFO - [2025-09-15T09:45:00.445+0000] {dagbag.py:540} INFO - Filling up the DagBag from /opt/airflow/dags/clean_day_data.py
[2025-09-15T09:45:00.465+0000] {processor.py:840} INFO - DAG(s) 'clean_day_data' retrieved from /opt/airflow/dags/clean_day_data.py
[2025-09-15T09:45:00.497+0000] {logging_mixin.py:188} INFO - [2025-09-15T09:45:00.497+0000] {dag.py:3096} INFO - Sync 1 DAGs
[2025-09-15T09:45:00.518+0000] {logging_mixin.py:188} INFO - [2025-09-15T09:45:00.518+0000] {dag.py:3954} INFO - Setting next_dagrun for clean_day_data to None, run_after=None
[2025-09-15T09:45:00.540+0000] {processor.py:183} INFO - Processing /opt/airflow/dags/clean_day_data.py took 0.103 seconds
[2025-09-15T09:45:30.854+0000] {processor.py:161} INFO - Started process (PID=2213) to work on /opt/airflow/dags/clean_day_data.py
[2025-09-15T09:45:30.855+0000] {processor.py:830} INFO - Processing file /opt/airflow/dags/clean_day_data.py for tasks to queue
[2025-09-15T09:45:30.857+0000] {logging_mixin.py:188} INFO - [2025-09-15T09:45:30.856+0000] {dagbag.py:540} INFO - Filling up the DagBag from /opt/airflow/dags/clean_day_data.py
[2025-09-15T09:45:30.879+0000] {processor.py:840} INFO - DAG(s) 'clean_day_data' retrieved from /opt/airflow/dags/clean_day_data.py
[2025-09-15T09:45:30.912+0000] {logging_mixin.py:188} INFO - [2025-09-15T09:45:30.912+0000] {dag.py:3096} INFO - Sync 1 DAGs
[2025-09-15T09:45:30.926+0000] {logging_mixin.py:188} INFO - [2025-09-15T09:45:30.926+0000] {dag.py:3954} INFO - Setting next_dagrun for clean_day_data to None, run_after=None
[2025-09-15T09:45:30.948+0000] {processor.py:183} INFO - Processing /opt/airflow/dags/clean_day_data.py took 0.101 seconds
[2025-09-15T09:46:01.466+0000] {processor.py:161} INFO - Started process (PID=2250) to work on /opt/airflow/dags/clean_day_data.py
[2025-09-15T09:46:01.468+0000] {processor.py:830} INFO - Processing file /opt/airflow/dags/clean_day_data.py for tasks to queue
[2025-09-15T09:46:01.469+0000] {logging_mixin.py:188} INFO - [2025-09-15T09:46:01.469+0000] {dagbag.py:540} INFO - Filling up the DagBag from /opt/airflow/dags/clean_day_data.py
[2025-09-15T09:46:01.492+0000] {processor.py:840} INFO - DAG(s) 'clean_day_data' retrieved from /opt/airflow/dags/clean_day_data.py
[2025-09-15T09:46:01.531+0000] {logging_mixin.py:188} INFO - [2025-09-15T09:46:01.530+0000] {dag.py:3096} INFO - Sync 1 DAGs
[2025-09-15T09:46:01.549+0000] {logging_mixin.py:188} INFO - [2025-09-15T09:46:01.549+0000] {dag.py:3954} INFO - Setting next_dagrun for clean_day_data to None, run_after=None
[2025-09-15T09:46:01.579+0000] {processor.py:183} INFO - Processing /opt/airflow/dags/clean_day_data.py took 0.123 seconds
[2025-09-15T09:46:31.945+0000] {processor.py:161} INFO - Started process (PID=2287) to work on /opt/airflow/dags/clean_day_data.py
[2025-09-15T09:46:31.946+0000] {processor.py:830} INFO - Processing file /opt/airflow/dags/clean_day_data.py for tasks to queue
[2025-09-15T09:46:31.947+0000] {logging_mixin.py:188} INFO - [2025-09-15T09:46:31.947+0000] {dagbag.py:540} INFO - Filling up the DagBag from /opt/airflow/dags/clean_day_data.py
[2025-09-15T09:46:31.964+0000] {processor.py:840} INFO - DAG(s) 'clean_day_data' retrieved from /opt/airflow/dags/clean_day_data.py
[2025-09-15T09:46:31.994+0000] {logging_mixin.py:188} INFO - [2025-09-15T09:46:31.994+0000] {dag.py:3096} INFO - Sync 1 DAGs
[2025-09-15T09:46:32.007+0000] {logging_mixin.py:188} INFO - [2025-09-15T09:46:32.007+0000] {dag.py:3954} INFO - Setting next_dagrun for clean_day_data to None, run_after=None
[2025-09-15T09:46:32.029+0000] {processor.py:183} INFO - Processing /opt/airflow/dags/clean_day_data.py took 0.090 seconds
[2025-09-15T09:47:02.858+0000] {processor.py:161} INFO - Started process (PID=2322) to work on /opt/airflow/dags/clean_day_data.py
[2025-09-15T09:47:02.859+0000] {processor.py:830} INFO - Processing file /opt/airflow/dags/clean_day_data.py for tasks to queue
[2025-09-15T09:47:02.860+0000] {logging_mixin.py:188} INFO - [2025-09-15T09:47:02.860+0000] {dagbag.py:540} INFO - Filling up the DagBag from /opt/airflow/dags/clean_day_data.py
[2025-09-15T09:47:02.880+0000] {processor.py:840} INFO - DAG(s) 'clean_day_data' retrieved from /opt/airflow/dags/clean_day_data.py
[2025-09-15T09:47:02.907+0000] {logging_mixin.py:188} INFO - [2025-09-15T09:47:02.907+0000] {dag.py:3096} INFO - Sync 1 DAGs
[2025-09-15T09:47:02.920+0000] {logging_mixin.py:188} INFO - [2025-09-15T09:47:02.920+0000] {dag.py:3954} INFO - Setting next_dagrun for clean_day_data to None, run_after=None
[2025-09-15T09:47:02.941+0000] {processor.py:183} INFO - Processing /opt/airflow/dags/clean_day_data.py took 0.089 seconds
[2025-09-15T09:47:32.999+0000] {processor.py:161} INFO - Started process (PID=2357) to work on /opt/airflow/dags/clean_day_data.py
[2025-09-15T09:47:33.000+0000] {processor.py:830} INFO - Processing file /opt/airflow/dags/clean_day_data.py for tasks to queue
[2025-09-15T09:47:33.001+0000] {logging_mixin.py:188} INFO - [2025-09-15T09:47:33.001+0000] {dagbag.py:540} INFO - Filling up the DagBag from /opt/airflow/dags/clean_day_data.py
[2025-09-15T09:47:33.020+0000] {processor.py:840} INFO - DAG(s) 'clean_day_data' retrieved from /opt/airflow/dags/clean_day_data.py
[2025-09-15T09:47:33.048+0000] {logging_mixin.py:188} INFO - [2025-09-15T09:47:33.047+0000] {dag.py:3096} INFO - Sync 1 DAGs
[2025-09-15T09:47:33.062+0000] {logging_mixin.py:188} INFO - [2025-09-15T09:47:33.062+0000] {dag.py:3954} INFO - Setting next_dagrun for clean_day_data to None, run_after=None
[2025-09-15T09:47:33.085+0000] {processor.py:183} INFO - Processing /opt/airflow/dags/clean_day_data.py took 0.091 seconds
[2025-09-15T09:48:03.547+0000] {processor.py:161} INFO - Started process (PID=2392) to work on /opt/airflow/dags/clean_day_data.py
[2025-09-15T09:48:03.548+0000] {processor.py:830} INFO - Processing file /opt/airflow/dags/clean_day_data.py for tasks to queue
[2025-09-15T09:48:03.549+0000] {logging_mixin.py:188} INFO - [2025-09-15T09:48:03.548+0000] {dagbag.py:540} INFO - Filling up the DagBag from /opt/airflow/dags/clean_day_data.py
[2025-09-15T09:48:03.568+0000] {processor.py:840} INFO - DAG(s) 'clean_day_data' retrieved from /opt/airflow/dags/clean_day_data.py
[2025-09-15T09:48:03.596+0000] {logging_mixin.py:188} INFO - [2025-09-15T09:48:03.596+0000] {dag.py:3096} INFO - Sync 1 DAGs
[2025-09-15T09:48:03.609+0000] {logging_mixin.py:188} INFO - [2025-09-15T09:48:03.608+0000] {dag.py:3954} INFO - Setting next_dagrun for clean_day_data to None, run_after=None
[2025-09-15T09:48:03.630+0000] {processor.py:183} INFO - Processing /opt/airflow/dags/clean_day_data.py took 0.089 seconds
[2025-09-15T09:48:34.048+0000] {processor.py:161} INFO - Started process (PID=2427) to work on /opt/airflow/dags/clean_day_data.py
[2025-09-15T09:48:34.050+0000] {processor.py:830} INFO - Processing file /opt/airflow/dags/clean_day_data.py for tasks to queue
[2025-09-15T09:48:34.051+0000] {logging_mixin.py:188} INFO - [2025-09-15T09:48:34.051+0000] {dagbag.py:540} INFO - Filling up the DagBag from /opt/airflow/dags/clean_day_data.py
[2025-09-15T09:48:34.074+0000] {processor.py:840} INFO - DAG(s) 'clean_day_data' retrieved from /opt/airflow/dags/clean_day_data.py
[2025-09-15T09:48:34.110+0000] {logging_mixin.py:188} INFO - [2025-09-15T09:48:34.109+0000] {dag.py:3096} INFO - Sync 1 DAGs
[2025-09-15T09:48:34.132+0000] {logging_mixin.py:188} INFO - [2025-09-15T09:48:34.132+0000] {dag.py:3954} INFO - Setting next_dagrun for clean_day_data to None, run_after=None
[2025-09-15T09:48:34.165+0000] {processor.py:183} INFO - Processing /opt/airflow/dags/clean_day_data.py took 0.125 seconds
[2025-09-15T09:49:04.337+0000] {processor.py:161} INFO - Started process (PID=2462) to work on /opt/airflow/dags/clean_day_data.py
[2025-09-15T09:49:04.340+0000] {processor.py:830} INFO - Processing file /opt/airflow/dags/clean_day_data.py for tasks to queue
[2025-09-15T09:49:04.342+0000] {logging_mixin.py:188} INFO - [2025-09-15T09:49:04.341+0000] {dagbag.py:540} INFO - Filling up the DagBag from /opt/airflow/dags/clean_day_data.py
[2025-09-15T09:49:04.364+0000] {processor.py:840} INFO - DAG(s) 'clean_day_data' retrieved from /opt/airflow/dags/clean_day_data.py
[2025-09-15T09:49:04.402+0000] {logging_mixin.py:188} INFO - [2025-09-15T09:49:04.401+0000] {dag.py:3096} INFO - Sync 1 DAGs
[2025-09-15T09:49:04.424+0000] {logging_mixin.py:188} INFO - [2025-09-15T09:49:04.424+0000] {dag.py:3954} INFO - Setting next_dagrun for clean_day_data to None, run_after=None
[2025-09-15T09:49:04.452+0000] {processor.py:183} INFO - Processing /opt/airflow/dags/clean_day_data.py took 0.122 seconds
[2025-09-15T09:49:35.109+0000] {processor.py:161} INFO - Started process (PID=2497) to work on /opt/airflow/dags/clean_day_data.py
[2025-09-15T09:49:35.111+0000] {processor.py:830} INFO - Processing file /opt/airflow/dags/clean_day_data.py for tasks to queue
[2025-09-15T09:49:35.112+0000] {logging_mixin.py:188} INFO - [2025-09-15T09:49:35.111+0000] {dagbag.py:540} INFO - Filling up the DagBag from /opt/airflow/dags/clean_day_data.py
[2025-09-15T09:49:35.132+0000] {processor.py:840} INFO - DAG(s) 'clean_day_data' retrieved from /opt/airflow/dags/clean_day_data.py
[2025-09-15T09:49:35.162+0000] {logging_mixin.py:188} INFO - [2025-09-15T09:49:35.162+0000] {dag.py:3096} INFO - Sync 1 DAGs
[2025-09-15T09:49:35.175+0000] {logging_mixin.py:188} INFO - [2025-09-15T09:49:35.175+0000] {dag.py:3954} INFO - Setting next_dagrun for clean_day_data to None, run_after=None
[2025-09-15T09:49:35.197+0000] {processor.py:183} INFO - Processing /opt/airflow/dags/clean_day_data.py took 0.093 seconds
[2025-09-15T09:50:05.991+0000] {processor.py:161} INFO - Started process (PID=2532) to work on /opt/airflow/dags/clean_day_data.py
[2025-09-15T09:50:05.992+0000] {processor.py:830} INFO - Processing file /opt/airflow/dags/clean_day_data.py for tasks to queue
[2025-09-15T09:50:05.993+0000] {logging_mixin.py:188} INFO - [2025-09-15T09:50:05.992+0000] {dagbag.py:540} INFO - Filling up the DagBag from /opt/airflow/dags/clean_day_data.py
[2025-09-15T09:50:06.009+0000] {processor.py:840} INFO - DAG(s) 'clean_day_data' retrieved from /opt/airflow/dags/clean_day_data.py
[2025-09-15T09:50:06.037+0000] {logging_mixin.py:188} INFO - [2025-09-15T09:50:06.037+0000] {dag.py:3096} INFO - Sync 1 DAGs
[2025-09-15T09:50:06.051+0000] {logging_mixin.py:188} INFO - [2025-09-15T09:50:06.050+0000] {dag.py:3954} INFO - Setting next_dagrun for clean_day_data to None, run_after=None
[2025-09-15T09:50:06.072+0000] {processor.py:183} INFO - Processing /opt/airflow/dags/clean_day_data.py took 0.088 seconds
[2025-09-15T09:50:36.395+0000] {processor.py:161} INFO - Started process (PID=2567) to work on /opt/airflow/dags/clean_day_data.py
[2025-09-15T09:50:36.396+0000] {processor.py:830} INFO - Processing file /opt/airflow/dags/clean_day_data.py for tasks to queue
[2025-09-15T09:50:36.398+0000] {logging_mixin.py:188} INFO - [2025-09-15T09:50:36.397+0000] {dagbag.py:540} INFO - Filling up the DagBag from /opt/airflow/dags/clean_day_data.py
[2025-09-15T09:50:36.419+0000] {processor.py:840} INFO - DAG(s) 'clean_day_data' retrieved from /opt/airflow/dags/clean_day_data.py
[2025-09-15T09:50:36.452+0000] {logging_mixin.py:188} INFO - [2025-09-15T09:50:36.451+0000] {dag.py:3096} INFO - Sync 1 DAGs
[2025-09-15T09:50:36.466+0000] {logging_mixin.py:188} INFO - [2025-09-15T09:50:36.466+0000] {dag.py:3954} INFO - Setting next_dagrun for clean_day_data to None, run_after=None
[2025-09-15T09:50:36.491+0000] {processor.py:183} INFO - Processing /opt/airflow/dags/clean_day_data.py took 0.103 seconds
[2025-09-15T09:51:06.937+0000] {processor.py:161} INFO - Started process (PID=2602) to work on /opt/airflow/dags/clean_day_data.py
[2025-09-15T09:51:06.939+0000] {processor.py:830} INFO - Processing file /opt/airflow/dags/clean_day_data.py for tasks to queue
[2025-09-15T09:51:06.941+0000] {logging_mixin.py:188} INFO - [2025-09-15T09:51:06.940+0000] {dagbag.py:540} INFO - Filling up the DagBag from /opt/airflow/dags/clean_day_data.py
[2025-09-15T09:51:06.970+0000] {processor.py:840} INFO - DAG(s) 'clean_day_data' retrieved from /opt/airflow/dags/clean_day_data.py
[2025-09-15T09:51:07.009+0000] {logging_mixin.py:188} INFO - [2025-09-15T09:51:07.009+0000] {dag.py:3096} INFO - Sync 1 DAGs
[2025-09-15T09:51:07.026+0000] {logging_mixin.py:188} INFO - [2025-09-15T09:51:07.025+0000] {dag.py:3954} INFO - Setting next_dagrun for clean_day_data to None, run_after=None
[2025-09-15T09:51:07.050+0000] {processor.py:183} INFO - Processing /opt/airflow/dags/clean_day_data.py took 0.123 seconds
[2025-09-15T09:51:37.613+0000] {processor.py:161} INFO - Started process (PID=2637) to work on /opt/airflow/dags/clean_day_data.py
[2025-09-15T09:51:37.613+0000] {processor.py:830} INFO - Processing file /opt/airflow/dags/clean_day_data.py for tasks to queue
[2025-09-15T09:51:37.614+0000] {logging_mixin.py:188} INFO - [2025-09-15T09:51:37.614+0000] {dagbag.py:540} INFO - Filling up the DagBag from /opt/airflow/dags/clean_day_data.py
[2025-09-15T09:51:37.633+0000] {processor.py:840} INFO - DAG(s) 'clean_day_data' retrieved from /opt/airflow/dags/clean_day_data.py
[2025-09-15T09:51:37.664+0000] {logging_mixin.py:188} INFO - [2025-09-15T09:51:37.663+0000] {dag.py:3096} INFO - Sync 1 DAGs
[2025-09-15T09:51:37.678+0000] {logging_mixin.py:188} INFO - [2025-09-15T09:51:37.678+0000] {dag.py:3954} INFO - Setting next_dagrun for clean_day_data to None, run_after=None
[2025-09-15T09:51:37.699+0000] {processor.py:183} INFO - Processing /opt/airflow/dags/clean_day_data.py took 0.092 seconds
[2025-09-15T09:52:08.274+0000] {processor.py:161} INFO - Started process (PID=2672) to work on /opt/airflow/dags/clean_day_data.py
[2025-09-15T09:52:08.276+0000] {processor.py:830} INFO - Processing file /opt/airflow/dags/clean_day_data.py for tasks to queue
[2025-09-15T09:52:08.277+0000] {logging_mixin.py:188} INFO - [2025-09-15T09:52:08.277+0000] {dagbag.py:540} INFO - Filling up the DagBag from /opt/airflow/dags/clean_day_data.py
[2025-09-15T09:52:08.299+0000] {processor.py:840} INFO - DAG(s) 'clean_day_data' retrieved from /opt/airflow/dags/clean_day_data.py
[2025-09-15T09:52:08.381+0000] {logging_mixin.py:188} INFO - [2025-09-15T09:52:08.380+0000] {dag.py:3096} INFO - Sync 1 DAGs
[2025-09-15T09:52:08.452+0000] {logging_mixin.py:188} INFO - [2025-09-15T09:52:08.451+0000] {dag.py:3954} INFO - Setting next_dagrun for clean_day_data to None, run_after=None
[2025-09-15T09:52:08.506+0000] {processor.py:183} INFO - Processing /opt/airflow/dags/clean_day_data.py took 0.239 seconds
[2025-09-15T09:52:40.046+0000] {processor.py:161} INFO - Started process (PID=2715) to work on /opt/airflow/dags/clean_day_data.py
[2025-09-15T09:52:40.050+0000] {processor.py:830} INFO - Processing file /opt/airflow/dags/clean_day_data.py for tasks to queue
[2025-09-15T09:52:40.061+0000] {logging_mixin.py:188} INFO - [2025-09-15T09:52:40.056+0000] {dagbag.py:540} INFO - Filling up the DagBag from /opt/airflow/dags/clean_day_data.py
[2025-09-15T09:52:40.164+0000] {processor.py:840} INFO - DAG(s) 'clean_day_data' retrieved from /opt/airflow/dags/clean_day_data.py
[2025-09-15T09:52:40.248+0000] {logging_mixin.py:188} INFO - [2025-09-15T09:52:40.247+0000] {dag.py:3096} INFO - Sync 1 DAGs
[2025-09-15T09:52:40.272+0000] {logging_mixin.py:188} INFO - [2025-09-15T09:52:40.272+0000] {dag.py:3954} INFO - Setting next_dagrun for clean_day_data to None, run_after=None
[2025-09-15T09:52:40.313+0000] {processor.py:183} INFO - Processing /opt/airflow/dags/clean_day_data.py took 0.296 seconds
[2025-09-15T09:53:10.999+0000] {processor.py:161} INFO - Started process (PID=2750) to work on /opt/airflow/dags/clean_day_data.py
[2025-09-15T09:53:11.001+0000] {processor.py:830} INFO - Processing file /opt/airflow/dags/clean_day_data.py for tasks to queue
[2025-09-15T09:53:11.002+0000] {logging_mixin.py:188} INFO - [2025-09-15T09:53:11.001+0000] {dagbag.py:540} INFO - Filling up the DagBag from /opt/airflow/dags/clean_day_data.py
[2025-09-15T09:53:11.021+0000] {processor.py:840} INFO - DAG(s) 'clean_day_data' retrieved from /opt/airflow/dags/clean_day_data.py
[2025-09-15T09:53:11.049+0000] {logging_mixin.py:188} INFO - [2025-09-15T09:53:11.049+0000] {dag.py:3096} INFO - Sync 1 DAGs
[2025-09-15T09:53:11.061+0000] {logging_mixin.py:188} INFO - [2025-09-15T09:53:11.061+0000] {dag.py:3954} INFO - Setting next_dagrun for clean_day_data to None, run_after=None
[2025-09-15T09:53:11.082+0000] {processor.py:183} INFO - Processing /opt/airflow/dags/clean_day_data.py took 0.090 seconds
[2025-09-15T09:53:41.686+0000] {processor.py:161} INFO - Started process (PID=2785) to work on /opt/airflow/dags/clean_day_data.py
[2025-09-15T09:53:41.687+0000] {processor.py:830} INFO - Processing file /opt/airflow/dags/clean_day_data.py for tasks to queue
[2025-09-15T09:53:41.688+0000] {logging_mixin.py:188} INFO - [2025-09-15T09:53:41.688+0000] {dagbag.py:540} INFO - Filling up the DagBag from /opt/airflow/dags/clean_day_data.py
[2025-09-15T09:53:41.707+0000] {processor.py:840} INFO - DAG(s) 'clean_day_data' retrieved from /opt/airflow/dags/clean_day_data.py
[2025-09-15T09:53:41.734+0000] {logging_mixin.py:188} INFO - [2025-09-15T09:53:41.734+0000] {dag.py:3096} INFO - Sync 1 DAGs
[2025-09-15T09:53:41.751+0000] {logging_mixin.py:188} INFO - [2025-09-15T09:53:41.751+0000] {dag.py:3954} INFO - Setting next_dagrun for clean_day_data to None, run_after=None
[2025-09-15T09:53:41.776+0000] {processor.py:183} INFO - Processing /opt/airflow/dags/clean_day_data.py took 0.096 seconds
[2025-09-15T09:54:12.275+0000] {processor.py:161} INFO - Started process (PID=2820) to work on /opt/airflow/dags/clean_day_data.py
[2025-09-15T09:54:12.276+0000] {processor.py:830} INFO - Processing file /opt/airflow/dags/clean_day_data.py for tasks to queue
[2025-09-15T09:54:12.278+0000] {logging_mixin.py:188} INFO - [2025-09-15T09:54:12.277+0000] {dagbag.py:540} INFO - Filling up the DagBag from /opt/airflow/dags/clean_day_data.py
[2025-09-15T09:54:12.298+0000] {processor.py:840} INFO - DAG(s) 'clean_day_data' retrieved from /opt/airflow/dags/clean_day_data.py
[2025-09-15T09:54:12.327+0000] {logging_mixin.py:188} INFO - [2025-09-15T09:54:12.327+0000] {dag.py:3096} INFO - Sync 1 DAGs
[2025-09-15T09:54:12.342+0000] {logging_mixin.py:188} INFO - [2025-09-15T09:54:12.342+0000] {dag.py:3954} INFO - Setting next_dagrun for clean_day_data to None, run_after=None
[2025-09-15T09:54:12.368+0000] {processor.py:183} INFO - Processing /opt/airflow/dags/clean_day_data.py took 0.099 seconds
[2025-09-15T09:54:42.541+0000] {processor.py:161} INFO - Started process (PID=2857) to work on /opt/airflow/dags/clean_day_data.py
[2025-09-15T09:54:42.542+0000] {processor.py:830} INFO - Processing file /opt/airflow/dags/clean_day_data.py for tasks to queue
[2025-09-15T09:54:42.543+0000] {logging_mixin.py:188} INFO - [2025-09-15T09:54:42.543+0000] {dagbag.py:540} INFO - Filling up the DagBag from /opt/airflow/dags/clean_day_data.py
[2025-09-15T09:54:42.559+0000] {processor.py:840} INFO - DAG(s) 'clean_day_data' retrieved from /opt/airflow/dags/clean_day_data.py
[2025-09-15T09:54:42.584+0000] {logging_mixin.py:188} INFO - [2025-09-15T09:54:42.584+0000] {dag.py:3096} INFO - Sync 1 DAGs
[2025-09-15T09:54:42.594+0000] {logging_mixin.py:188} INFO - [2025-09-15T09:54:42.594+0000] {dag.py:3954} INFO - Setting next_dagrun for clean_day_data to None, run_after=None
[2025-09-15T09:54:42.613+0000] {processor.py:183} INFO - Processing /opt/airflow/dags/clean_day_data.py took 0.077 seconds
[2025-09-15T09:55:13.236+0000] {processor.py:161} INFO - Started process (PID=2890) to work on /opt/airflow/dags/clean_day_data.py
[2025-09-15T09:55:13.237+0000] {processor.py:830} INFO - Processing file /opt/airflow/dags/clean_day_data.py for tasks to queue
[2025-09-15T09:55:13.237+0000] {logging_mixin.py:188} INFO - [2025-09-15T09:55:13.237+0000] {dagbag.py:540} INFO - Filling up the DagBag from /opt/airflow/dags/clean_day_data.py
[2025-09-15T09:55:13.263+0000] {processor.py:840} INFO - DAG(s) 'clean_day_data' retrieved from /opt/airflow/dags/clean_day_data.py
[2025-09-15T09:55:13.296+0000] {logging_mixin.py:188} INFO - [2025-09-15T09:55:13.295+0000] {dag.py:3096} INFO - Sync 1 DAGs
[2025-09-15T09:55:13.311+0000] {logging_mixin.py:188} INFO - [2025-09-15T09:55:13.311+0000] {dag.py:3954} INFO - Setting next_dagrun for clean_day_data to None, run_after=None
[2025-09-15T09:55:13.335+0000] {processor.py:183} INFO - Processing /opt/airflow/dags/clean_day_data.py took 0.105 seconds
[2025-09-15T09:55:44.047+0000] {processor.py:161} INFO - Started process (PID=2925) to work on /opt/airflow/dags/clean_day_data.py
[2025-09-15T09:55:44.048+0000] {processor.py:830} INFO - Processing file /opt/airflow/dags/clean_day_data.py for tasks to queue
[2025-09-15T09:55:44.048+0000] {logging_mixin.py:188} INFO - [2025-09-15T09:55:44.048+0000] {dagbag.py:540} INFO - Filling up the DagBag from /opt/airflow/dags/clean_day_data.py
[2025-09-15T09:55:44.066+0000] {processor.py:840} INFO - DAG(s) 'clean_day_data' retrieved from /opt/airflow/dags/clean_day_data.py
[2025-09-15T09:55:44.094+0000] {logging_mixin.py:188} INFO - [2025-09-15T09:55:44.094+0000] {dag.py:3096} INFO - Sync 1 DAGs
[2025-09-15T09:55:44.117+0000] {logging_mixin.py:188} INFO - [2025-09-15T09:55:44.116+0000] {dag.py:3954} INFO - Setting next_dagrun for clean_day_data to None, run_after=None
[2025-09-15T09:55:44.190+0000] {processor.py:183} INFO - Processing /opt/airflow/dags/clean_day_data.py took 0.149 seconds
[2025-09-15T09:56:14.971+0000] {processor.py:161} INFO - Started process (PID=2960) to work on /opt/airflow/dags/clean_day_data.py
[2025-09-15T09:56:14.976+0000] {processor.py:830} INFO - Processing file /opt/airflow/dags/clean_day_data.py for tasks to queue
[2025-09-15T09:56:14.980+0000] {logging_mixin.py:188} INFO - [2025-09-15T09:56:14.979+0000] {dagbag.py:540} INFO - Filling up the DagBag from /opt/airflow/dags/clean_day_data.py
[2025-09-15T09:56:15.052+0000] {processor.py:840} INFO - DAG(s) 'clean_day_data' retrieved from /opt/airflow/dags/clean_day_data.py
[2025-09-15T09:56:15.109+0000] {logging_mixin.py:188} INFO - [2025-09-15T09:56:15.109+0000] {dag.py:3096} INFO - Sync 1 DAGs
[2025-09-15T09:56:15.131+0000] {logging_mixin.py:188} INFO - [2025-09-15T09:56:15.131+0000] {dag.py:3954} INFO - Setting next_dagrun for clean_day_data to None, run_after=None
[2025-09-15T09:56:15.161+0000] {processor.py:183} INFO - Processing /opt/airflow/dags/clean_day_data.py took 0.219 seconds
[2025-09-15T09:56:46.114+0000] {processor.py:161} INFO - Started process (PID=2999) to work on /opt/airflow/dags/clean_day_data.py
[2025-09-15T09:56:46.116+0000] {processor.py:830} INFO - Processing file /opt/airflow/dags/clean_day_data.py for tasks to queue
[2025-09-15T09:56:46.118+0000] {logging_mixin.py:188} INFO - [2025-09-15T09:56:46.118+0000] {dagbag.py:540} INFO - Filling up the DagBag from /opt/airflow/dags/clean_day_data.py
[2025-09-15T09:56:46.139+0000] {processor.py:840} INFO - DAG(s) 'clean_day_data' retrieved from /opt/airflow/dags/clean_day_data.py
[2025-09-15T09:56:46.168+0000] {logging_mixin.py:188} INFO - [2025-09-15T09:56:46.168+0000] {dag.py:3096} INFO - Sync 1 DAGs
[2025-09-15T09:56:46.193+0000] {logging_mixin.py:188} INFO - [2025-09-15T09:56:46.192+0000] {dag.py:3954} INFO - Setting next_dagrun for clean_day_data to None, run_after=None
[2025-09-15T09:56:46.223+0000] {processor.py:183} INFO - Processing /opt/airflow/dags/clean_day_data.py took 0.115 seconds
[2025-09-15T09:57:16.903+0000] {processor.py:161} INFO - Started process (PID=3034) to work on /opt/airflow/dags/clean_day_data.py
[2025-09-15T09:57:16.903+0000] {processor.py:830} INFO - Processing file /opt/airflow/dags/clean_day_data.py for tasks to queue
[2025-09-15T09:57:16.904+0000] {logging_mixin.py:188} INFO - [2025-09-15T09:57:16.904+0000] {dagbag.py:540} INFO - Filling up the DagBag from /opt/airflow/dags/clean_day_data.py
[2025-09-15T09:57:16.920+0000] {processor.py:840} INFO - DAG(s) 'clean_day_data' retrieved from /opt/airflow/dags/clean_day_data.py
[2025-09-15T09:57:16.947+0000] {logging_mixin.py:188} INFO - [2025-09-15T09:57:16.947+0000] {dag.py:3096} INFO - Sync 1 DAGs
[2025-09-15T09:57:16.960+0000] {logging_mixin.py:188} INFO - [2025-09-15T09:57:16.959+0000] {dag.py:3954} INFO - Setting next_dagrun for clean_day_data to None, run_after=None
[2025-09-15T09:57:16.981+0000] {processor.py:183} INFO - Processing /opt/airflow/dags/clean_day_data.py took 0.083 seconds
[2025-09-15T09:57:47.608+0000] {processor.py:161} INFO - Started process (PID=3069) to work on /opt/airflow/dags/clean_day_data.py
[2025-09-15T09:57:47.609+0000] {processor.py:830} INFO - Processing file /opt/airflow/dags/clean_day_data.py for tasks to queue
[2025-09-15T09:57:47.610+0000] {logging_mixin.py:188} INFO - [2025-09-15T09:57:47.610+0000] {dagbag.py:540} INFO - Filling up the DagBag from /opt/airflow/dags/clean_day_data.py
[2025-09-15T09:57:47.636+0000] {processor.py:840} INFO - DAG(s) 'clean_day_data' retrieved from /opt/airflow/dags/clean_day_data.py
[2025-09-15T09:57:47.669+0000] {logging_mixin.py:188} INFO - [2025-09-15T09:57:47.668+0000] {dag.py:3096} INFO - Sync 1 DAGs
[2025-09-15T09:57:47.684+0000] {logging_mixin.py:188} INFO - [2025-09-15T09:57:47.684+0000] {dag.py:3954} INFO - Setting next_dagrun for clean_day_data to None, run_after=None
[2025-09-15T09:57:47.707+0000] {processor.py:183} INFO - Processing /opt/airflow/dags/clean_day_data.py took 0.105 seconds
[2025-09-15T09:58:18.433+0000] {processor.py:161} INFO - Started process (PID=3104) to work on /opt/airflow/dags/clean_day_data.py
[2025-09-15T09:58:18.434+0000] {processor.py:830} INFO - Processing file /opt/airflow/dags/clean_day_data.py for tasks to queue
[2025-09-15T09:58:18.435+0000] {logging_mixin.py:188} INFO - [2025-09-15T09:58:18.435+0000] {dagbag.py:540} INFO - Filling up the DagBag from /opt/airflow/dags/clean_day_data.py
[2025-09-15T09:58:18.455+0000] {processor.py:840} INFO - DAG(s) 'clean_day_data' retrieved from /opt/airflow/dags/clean_day_data.py
[2025-09-15T09:58:18.485+0000] {logging_mixin.py:188} INFO - [2025-09-15T09:58:18.485+0000] {dag.py:3096} INFO - Sync 1 DAGs
[2025-09-15T09:58:18.498+0000] {logging_mixin.py:188} INFO - [2025-09-15T09:58:18.498+0000] {dag.py:3954} INFO - Setting next_dagrun for clean_day_data to None, run_after=None
[2025-09-15T09:58:18.519+0000] {processor.py:183} INFO - Processing /opt/airflow/dags/clean_day_data.py took 0.093 seconds
[2025-09-15T09:58:48.633+0000] {processor.py:161} INFO - Started process (PID=3143) to work on /opt/airflow/dags/clean_day_data.py
[2025-09-15T09:58:48.634+0000] {processor.py:830} INFO - Processing file /opt/airflow/dags/clean_day_data.py for tasks to queue
[2025-09-15T09:58:48.635+0000] {logging_mixin.py:188} INFO - [2025-09-15T09:58:48.635+0000] {dagbag.py:540} INFO - Filling up the DagBag from /opt/airflow/dags/clean_day_data.py
[2025-09-15T09:58:48.664+0000] {processor.py:840} INFO - DAG(s) 'clean_day_data' retrieved from /opt/airflow/dags/clean_day_data.py
[2025-09-15T09:58:48.740+0000] {logging_mixin.py:188} INFO - [2025-09-15T09:58:48.739+0000] {dag.py:3096} INFO - Sync 1 DAGs
[2025-09-15T09:58:48.785+0000] {logging_mixin.py:188} INFO - [2025-09-15T09:58:48.785+0000] {dag.py:3954} INFO - Setting next_dagrun for clean_day_data to None, run_after=None
[2025-09-15T09:58:48.824+0000] {processor.py:183} INFO - Processing /opt/airflow/dags/clean_day_data.py took 0.211 seconds
[2025-09-15T09:59:19.077+0000] {processor.py:161} INFO - Started process (PID=3182) to work on /opt/airflow/dags/clean_day_data.py
[2025-09-15T09:59:19.078+0000] {processor.py:830} INFO - Processing file /opt/airflow/dags/clean_day_data.py for tasks to queue
[2025-09-15T09:59:19.079+0000] {logging_mixin.py:188} INFO - [2025-09-15T09:59:19.079+0000] {dagbag.py:540} INFO - Filling up the DagBag from /opt/airflow/dags/clean_day_data.py
[2025-09-15T09:59:19.099+0000] {processor.py:840} INFO - DAG(s) 'clean_day_data' retrieved from /opt/airflow/dags/clean_day_data.py
[2025-09-15T09:59:19.128+0000] {logging_mixin.py:188} INFO - [2025-09-15T09:59:19.127+0000] {dag.py:3096} INFO - Sync 1 DAGs
[2025-09-15T09:59:19.142+0000] {logging_mixin.py:188} INFO - [2025-09-15T09:59:19.142+0000] {dag.py:3954} INFO - Setting next_dagrun for clean_day_data to None, run_after=None
[2025-09-15T09:59:19.166+0000] {processor.py:183} INFO - Processing /opt/airflow/dags/clean_day_data.py took 0.096 seconds
[2025-09-15T09:59:49.672+0000] {processor.py:161} INFO - Started process (PID=3217) to work on /opt/airflow/dags/clean_day_data.py
[2025-09-15T09:59:49.674+0000] {processor.py:830} INFO - Processing file /opt/airflow/dags/clean_day_data.py for tasks to queue
[2025-09-15T09:59:49.676+0000] {logging_mixin.py:188} INFO - [2025-09-15T09:59:49.676+0000] {dagbag.py:540} INFO - Filling up the DagBag from /opt/airflow/dags/clean_day_data.py
[2025-09-15T09:59:49.709+0000] {processor.py:840} INFO - DAG(s) 'clean_day_data' retrieved from /opt/airflow/dags/clean_day_data.py
[2025-09-15T09:59:49.753+0000] {logging_mixin.py:188} INFO - [2025-09-15T09:59:49.752+0000] {dag.py:3096} INFO - Sync 1 DAGs
[2025-09-15T09:59:49.777+0000] {logging_mixin.py:188} INFO - [2025-09-15T09:59:49.776+0000] {dag.py:3954} INFO - Setting next_dagrun for clean_day_data to None, run_after=None
[2025-09-15T09:59:49.831+0000] {processor.py:183} INFO - Processing /opt/airflow/dags/clean_day_data.py took 0.174 seconds
[2025-09-15T10:00:20.369+0000] {processor.py:161} INFO - Started process (PID=3256) to work on /opt/airflow/dags/clean_day_data.py
[2025-09-15T10:00:20.370+0000] {processor.py:830} INFO - Processing file /opt/airflow/dags/clean_day_data.py for tasks to queue
[2025-09-15T10:00:20.372+0000] {logging_mixin.py:188} INFO - [2025-09-15T10:00:20.371+0000] {dagbag.py:540} INFO - Filling up the DagBag from /opt/airflow/dags/clean_day_data.py
[2025-09-15T10:00:20.394+0000] {processor.py:840} INFO - DAG(s) 'clean_day_data' retrieved from /opt/airflow/dags/clean_day_data.py
[2025-09-15T10:00:20.531+0000] {logging_mixin.py:188} INFO - [2025-09-15T10:00:20.530+0000] {dag.py:3096} INFO - Sync 1 DAGs
[2025-09-15T10:00:20.562+0000] {logging_mixin.py:188} INFO - [2025-09-15T10:00:20.562+0000] {dag.py:3954} INFO - Setting next_dagrun for clean_day_data to None, run_after=None
[2025-09-15T10:00:20.929+0000] {processor.py:183} INFO - Processing /opt/airflow/dags/clean_day_data.py took 0.571 seconds
[2025-09-15T10:00:51.672+0000] {processor.py:161} INFO - Started process (PID=3291) to work on /opt/airflow/dags/clean_day_data.py
[2025-09-15T10:00:51.673+0000] {processor.py:830} INFO - Processing file /opt/airflow/dags/clean_day_data.py for tasks to queue
[2025-09-15T10:00:51.674+0000] {logging_mixin.py:188} INFO - [2025-09-15T10:00:51.673+0000] {dagbag.py:540} INFO - Filling up the DagBag from /opt/airflow/dags/clean_day_data.py
[2025-09-15T10:00:51.692+0000] {processor.py:840} INFO - DAG(s) 'clean_day_data' retrieved from /opt/airflow/dags/clean_day_data.py
[2025-09-15T10:00:51.741+0000] {logging_mixin.py:188} INFO - [2025-09-15T10:00:51.741+0000] {dag.py:3096} INFO - Sync 1 DAGs
[2025-09-15T10:00:51.753+0000] {logging_mixin.py:188} INFO - [2025-09-15T10:00:51.753+0000] {dag.py:3954} INFO - Setting next_dagrun for clean_day_data to None, run_after=None
[2025-09-15T10:00:51.777+0000] {processor.py:183} INFO - Processing /opt/airflow/dags/clean_day_data.py took 0.112 seconds
[2025-09-15T10:01:22.347+0000] {processor.py:161} INFO - Started process (PID=3326) to work on /opt/airflow/dags/clean_day_data.py
[2025-09-15T10:01:22.348+0000] {processor.py:830} INFO - Processing file /opt/airflow/dags/clean_day_data.py for tasks to queue
[2025-09-15T10:01:22.349+0000] {logging_mixin.py:188} INFO - [2025-09-15T10:01:22.348+0000] {dagbag.py:540} INFO - Filling up the DagBag from /opt/airflow/dags/clean_day_data.py
[2025-09-15T10:01:22.367+0000] {processor.py:840} INFO - DAG(s) 'clean_day_data' retrieved from /opt/airflow/dags/clean_day_data.py
[2025-09-15T10:01:22.402+0000] {logging_mixin.py:188} INFO - [2025-09-15T10:01:22.402+0000] {dag.py:3096} INFO - Sync 1 DAGs
[2025-09-15T10:01:22.415+0000] {logging_mixin.py:188} INFO - [2025-09-15T10:01:22.415+0000] {dag.py:3954} INFO - Setting next_dagrun for clean_day_data to None, run_after=None
[2025-09-15T10:01:22.439+0000] {processor.py:183} INFO - Processing /opt/airflow/dags/clean_day_data.py took 0.100 seconds
[2025-09-15T10:01:52.538+0000] {processor.py:161} INFO - Started process (PID=3361) to work on /opt/airflow/dags/clean_day_data.py
[2025-09-15T10:01:52.539+0000] {processor.py:830} INFO - Processing file /opt/airflow/dags/clean_day_data.py for tasks to queue
[2025-09-15T10:01:52.540+0000] {logging_mixin.py:188} INFO - [2025-09-15T10:01:52.540+0000] {dagbag.py:540} INFO - Filling up the DagBag from /opt/airflow/dags/clean_day_data.py
[2025-09-15T10:01:52.558+0000] {processor.py:840} INFO - DAG(s) 'clean_day_data' retrieved from /opt/airflow/dags/clean_day_data.py
[2025-09-15T10:01:52.586+0000] {logging_mixin.py:188} INFO - [2025-09-15T10:01:52.586+0000] {dag.py:3096} INFO - Sync 1 DAGs
[2025-09-15T10:01:52.599+0000] {logging_mixin.py:188} INFO - [2025-09-15T10:01:52.598+0000] {dag.py:3954} INFO - Setting next_dagrun for clean_day_data to None, run_after=None
[2025-09-15T10:01:52.625+0000] {processor.py:183} INFO - Processing /opt/airflow/dags/clean_day_data.py took 0.091 seconds
[2025-09-15T10:02:23.293+0000] {processor.py:161} INFO - Started process (PID=3396) to work on /opt/airflow/dags/clean_day_data.py
[2025-09-15T10:02:23.294+0000] {processor.py:830} INFO - Processing file /opt/airflow/dags/clean_day_data.py for tasks to queue
[2025-09-15T10:02:23.295+0000] {logging_mixin.py:188} INFO - [2025-09-15T10:02:23.295+0000] {dagbag.py:540} INFO - Filling up the DagBag from /opt/airflow/dags/clean_day_data.py
[2025-09-15T10:02:23.313+0000] {processor.py:840} INFO - DAG(s) 'clean_day_data' retrieved from /opt/airflow/dags/clean_day_data.py
[2025-09-15T10:02:23.344+0000] {logging_mixin.py:188} INFO - [2025-09-15T10:02:23.344+0000] {dag.py:3096} INFO - Sync 1 DAGs
[2025-09-15T10:02:23.357+0000] {logging_mixin.py:188} INFO - [2025-09-15T10:02:23.357+0000] {dag.py:3954} INFO - Setting next_dagrun for clean_day_data to None, run_after=None
[2025-09-15T10:02:23.378+0000] {processor.py:183} INFO - Processing /opt/airflow/dags/clean_day_data.py took 0.091 seconds
[2025-09-15T10:02:53.855+0000] {processor.py:161} INFO - Started process (PID=3431) to work on /opt/airflow/dags/clean_day_data.py
[2025-09-15T10:02:53.856+0000] {processor.py:830} INFO - Processing file /opt/airflow/dags/clean_day_data.py for tasks to queue
[2025-09-15T10:02:53.856+0000] {logging_mixin.py:188} INFO - [2025-09-15T10:02:53.856+0000] {dagbag.py:540} INFO - Filling up the DagBag from /opt/airflow/dags/clean_day_data.py
[2025-09-15T10:02:53.874+0000] {processor.py:840} INFO - DAG(s) 'clean_day_data' retrieved from /opt/airflow/dags/clean_day_data.py
[2025-09-15T10:02:53.903+0000] {logging_mixin.py:188} INFO - [2025-09-15T10:02:53.902+0000] {dag.py:3096} INFO - Sync 1 DAGs
[2025-09-15T10:02:53.915+0000] {logging_mixin.py:188} INFO - [2025-09-15T10:02:53.914+0000] {dag.py:3954} INFO - Setting next_dagrun for clean_day_data to None, run_after=None
[2025-09-15T10:02:53.935+0000] {processor.py:183} INFO - Processing /opt/airflow/dags/clean_day_data.py took 0.086 seconds
[2025-09-15T10:03:24.446+0000] {processor.py:161} INFO - Started process (PID=3466) to work on /opt/airflow/dags/clean_day_data.py
[2025-09-15T10:03:24.447+0000] {processor.py:830} INFO - Processing file /opt/airflow/dags/clean_day_data.py for tasks to queue
[2025-09-15T10:03:24.448+0000] {logging_mixin.py:188} INFO - [2025-09-15T10:03:24.448+0000] {dagbag.py:540} INFO - Filling up the DagBag from /opt/airflow/dags/clean_day_data.py
[2025-09-15T10:03:24.466+0000] {processor.py:840} INFO - DAG(s) 'clean_day_data' retrieved from /opt/airflow/dags/clean_day_data.py
[2025-09-15T10:03:24.492+0000] {logging_mixin.py:188} INFO - [2025-09-15T10:03:24.492+0000] {dag.py:3096} INFO - Sync 1 DAGs
[2025-09-15T10:03:24.504+0000] {logging_mixin.py:188} INFO - [2025-09-15T10:03:24.503+0000] {dag.py:3954} INFO - Setting next_dagrun for clean_day_data to None, run_after=None
[2025-09-15T10:03:24.525+0000] {processor.py:183} INFO - Processing /opt/airflow/dags/clean_day_data.py took 0.084 seconds
[2025-09-15T10:03:55.022+0000] {processor.py:161} INFO - Started process (PID=3501) to work on /opt/airflow/dags/clean_day_data.py
[2025-09-15T10:03:55.023+0000] {processor.py:830} INFO - Processing file /opt/airflow/dags/clean_day_data.py for tasks to queue
[2025-09-15T10:03:55.023+0000] {logging_mixin.py:188} INFO - [2025-09-15T10:03:55.023+0000] {dagbag.py:540} INFO - Filling up the DagBag from /opt/airflow/dags/clean_day_data.py
[2025-09-15T10:03:55.041+0000] {processor.py:840} INFO - DAG(s) 'clean_day_data' retrieved from /opt/airflow/dags/clean_day_data.py
[2025-09-15T10:03:55.068+0000] {logging_mixin.py:188} INFO - [2025-09-15T10:03:55.068+0000] {dag.py:3096} INFO - Sync 1 DAGs
[2025-09-15T10:03:55.080+0000] {logging_mixin.py:188} INFO - [2025-09-15T10:03:55.080+0000] {dag.py:3954} INFO - Setting next_dagrun for clean_day_data to None, run_after=None
[2025-09-15T10:03:55.100+0000] {processor.py:183} INFO - Processing /opt/airflow/dags/clean_day_data.py took 0.085 seconds
[2025-09-15T10:04:25.631+0000] {processor.py:161} INFO - Started process (PID=3536) to work on /opt/airflow/dags/clean_day_data.py
[2025-09-15T10:04:25.631+0000] {processor.py:830} INFO - Processing file /opt/airflow/dags/clean_day_data.py for tasks to queue
[2025-09-15T10:04:25.632+0000] {logging_mixin.py:188} INFO - [2025-09-15T10:04:25.632+0000] {dagbag.py:540} INFO - Filling up the DagBag from /opt/airflow/dags/clean_day_data.py
[2025-09-15T10:04:25.649+0000] {processor.py:840} INFO - DAG(s) 'clean_day_data' retrieved from /opt/airflow/dags/clean_day_data.py
[2025-09-15T10:04:25.677+0000] {logging_mixin.py:188} INFO - [2025-09-15T10:04:25.676+0000] {dag.py:3096} INFO - Sync 1 DAGs
[2025-09-15T10:04:25.688+0000] {logging_mixin.py:188} INFO - [2025-09-15T10:04:25.688+0000] {dag.py:3954} INFO - Setting next_dagrun for clean_day_data to None, run_after=None
[2025-09-15T10:04:25.711+0000] {processor.py:183} INFO - Processing /opt/airflow/dags/clean_day_data.py took 0.086 seconds
[2025-09-15T10:04:56.264+0000] {processor.py:161} INFO - Started process (PID=3571) to work on /opt/airflow/dags/clean_day_data.py
[2025-09-15T10:04:56.265+0000] {processor.py:830} INFO - Processing file /opt/airflow/dags/clean_day_data.py for tasks to queue
[2025-09-15T10:04:56.266+0000] {logging_mixin.py:188} INFO - [2025-09-15T10:04:56.266+0000] {dagbag.py:540} INFO - Filling up the DagBag from /opt/airflow/dags/clean_day_data.py
[2025-09-15T10:04:56.282+0000] {processor.py:840} INFO - DAG(s) 'clean_day_data' retrieved from /opt/airflow/dags/clean_day_data.py
[2025-09-15T10:04:56.308+0000] {logging_mixin.py:188} INFO - [2025-09-15T10:04:56.307+0000] {dag.py:3096} INFO - Sync 1 DAGs
[2025-09-15T10:04:56.320+0000] {logging_mixin.py:188} INFO - [2025-09-15T10:04:56.320+0000] {dag.py:3954} INFO - Setting next_dagrun for clean_day_data to None, run_after=None
[2025-09-15T10:04:56.341+0000] {processor.py:183} INFO - Processing /opt/airflow/dags/clean_day_data.py took 0.082 seconds
[2025-09-15T10:05:26.837+0000] {processor.py:161} INFO - Started process (PID=3606) to work on /opt/airflow/dags/clean_day_data.py
[2025-09-15T10:05:26.838+0000] {processor.py:830} INFO - Processing file /opt/airflow/dags/clean_day_data.py for tasks to queue
[2025-09-15T10:05:26.839+0000] {logging_mixin.py:188} INFO - [2025-09-15T10:05:26.839+0000] {dagbag.py:540} INFO - Filling up the DagBag from /opt/airflow/dags/clean_day_data.py
[2025-09-15T10:05:26.855+0000] {processor.py:840} INFO - DAG(s) 'clean_day_data' retrieved from /opt/airflow/dags/clean_day_data.py
[2025-09-15T10:05:26.881+0000] {logging_mixin.py:188} INFO - [2025-09-15T10:05:26.881+0000] {dag.py:3096} INFO - Sync 1 DAGs
[2025-09-15T10:05:26.894+0000] {logging_mixin.py:188} INFO - [2025-09-15T10:05:26.894+0000] {dag.py:3954} INFO - Setting next_dagrun for clean_day_data to None, run_after=None
[2025-09-15T10:05:26.913+0000] {processor.py:183} INFO - Processing /opt/airflow/dags/clean_day_data.py took 0.081 seconds
[2025-09-15T10:05:57.255+0000] {processor.py:161} INFO - Started process (PID=3641) to work on /opt/airflow/dags/clean_day_data.py
[2025-09-15T10:05:57.256+0000] {processor.py:830} INFO - Processing file /opt/airflow/dags/clean_day_data.py for tasks to queue
[2025-09-15T10:05:57.257+0000] {logging_mixin.py:188} INFO - [2025-09-15T10:05:57.256+0000] {dagbag.py:540} INFO - Filling up the DagBag from /opt/airflow/dags/clean_day_data.py
[2025-09-15T10:05:57.273+0000] {processor.py:840} INFO - DAG(s) 'clean_day_data' retrieved from /opt/airflow/dags/clean_day_data.py
[2025-09-15T10:05:57.301+0000] {logging_mixin.py:188} INFO - [2025-09-15T10:05:57.300+0000] {dag.py:3096} INFO - Sync 1 DAGs
[2025-09-15T10:05:57.313+0000] {logging_mixin.py:188} INFO - [2025-09-15T10:05:57.313+0000] {dag.py:3954} INFO - Setting next_dagrun for clean_day_data to None, run_after=None
[2025-09-15T10:05:57.335+0000] {processor.py:183} INFO - Processing /opt/airflow/dags/clean_day_data.py took 0.086 seconds
[2025-09-15T10:06:28.236+0000] {processor.py:161} INFO - Started process (PID=3676) to work on /opt/airflow/dags/clean_day_data.py
[2025-09-15T10:06:28.237+0000] {processor.py:830} INFO - Processing file /opt/airflow/dags/clean_day_data.py for tasks to queue
[2025-09-15T10:06:28.237+0000] {logging_mixin.py:188} INFO - [2025-09-15T10:06:28.237+0000] {dagbag.py:540} INFO - Filling up the DagBag from /opt/airflow/dags/clean_day_data.py
[2025-09-15T10:06:28.255+0000] {processor.py:840} INFO - DAG(s) 'clean_day_data' retrieved from /opt/airflow/dags/clean_day_data.py
[2025-09-15T10:06:28.283+0000] {logging_mixin.py:188} INFO - [2025-09-15T10:06:28.282+0000] {dag.py:3096} INFO - Sync 1 DAGs
[2025-09-15T10:06:28.295+0000] {logging_mixin.py:188} INFO - [2025-09-15T10:06:28.295+0000] {dag.py:3954} INFO - Setting next_dagrun for clean_day_data to None, run_after=None
[2025-09-15T10:06:28.315+0000] {processor.py:183} INFO - Processing /opt/airflow/dags/clean_day_data.py took 0.084 seconds
[2025-09-15T10:06:59.072+0000] {processor.py:161} INFO - Started process (PID=3711) to work on /opt/airflow/dags/clean_day_data.py
[2025-09-15T10:06:59.073+0000] {processor.py:830} INFO - Processing file /opt/airflow/dags/clean_day_data.py for tasks to queue
[2025-09-15T10:06:59.074+0000] {logging_mixin.py:188} INFO - [2025-09-15T10:06:59.074+0000] {dagbag.py:540} INFO - Filling up the DagBag from /opt/airflow/dags/clean_day_data.py
[2025-09-15T10:06:59.090+0000] {processor.py:840} INFO - DAG(s) 'clean_day_data' retrieved from /opt/airflow/dags/clean_day_data.py
[2025-09-15T10:06:59.117+0000] {logging_mixin.py:188} INFO - [2025-09-15T10:06:59.117+0000] {dag.py:3096} INFO - Sync 1 DAGs
[2025-09-15T10:06:59.130+0000] {logging_mixin.py:188} INFO - [2025-09-15T10:06:59.129+0000] {dag.py:3954} INFO - Setting next_dagrun for clean_day_data to None, run_after=None
[2025-09-15T10:06:59.149+0000] {processor.py:183} INFO - Processing /opt/airflow/dags/clean_day_data.py took 0.084 seconds
[2025-09-15T10:07:29.431+0000] {processor.py:161} INFO - Started process (PID=3746) to work on /opt/airflow/dags/clean_day_data.py
[2025-09-15T10:07:29.435+0000] {processor.py:830} INFO - Processing file /opt/airflow/dags/clean_day_data.py for tasks to queue
[2025-09-15T10:07:29.436+0000] {logging_mixin.py:188} INFO - [2025-09-15T10:07:29.436+0000] {dagbag.py:540} INFO - Filling up the DagBag from /opt/airflow/dags/clean_day_data.py
[2025-09-15T10:07:29.463+0000] {processor.py:840} INFO - DAG(s) 'clean_day_data' retrieved from /opt/airflow/dags/clean_day_data.py
[2025-09-15T10:07:29.511+0000] {logging_mixin.py:188} INFO - [2025-09-15T10:07:29.511+0000] {dag.py:3096} INFO - Sync 1 DAGs
[2025-09-15T10:07:29.535+0000] {logging_mixin.py:188} INFO - [2025-09-15T10:07:29.534+0000] {dag.py:3954} INFO - Setting next_dagrun for clean_day_data to None, run_after=None
[2025-09-15T10:07:29.579+0000] {processor.py:183} INFO - Processing /opt/airflow/dags/clean_day_data.py took 0.158 seconds
[2025-09-15T10:08:00.094+0000] {processor.py:161} INFO - Started process (PID=3781) to work on /opt/airflow/dags/clean_day_data.py
[2025-09-15T10:08:00.097+0000] {processor.py:830} INFO - Processing file /opt/airflow/dags/clean_day_data.py for tasks to queue
[2025-09-15T10:08:00.099+0000] {logging_mixin.py:188} INFO - [2025-09-15T10:08:00.098+0000] {dagbag.py:540} INFO - Filling up the DagBag from /opt/airflow/dags/clean_day_data.py
[2025-09-15T10:08:00.162+0000] {processor.py:840} INFO - DAG(s) 'clean_day_data' retrieved from /opt/airflow/dags/clean_day_data.py
[2025-09-15T10:08:00.223+0000] {logging_mixin.py:188} INFO - [2025-09-15T10:08:00.223+0000] {dag.py:3096} INFO - Sync 1 DAGs
[2025-09-15T10:08:00.280+0000] {logging_mixin.py:188} INFO - [2025-09-15T10:08:00.278+0000] {dag.py:3954} INFO - Setting next_dagrun for clean_day_data to None, run_after=None
[2025-09-15T10:08:00.442+0000] {processor.py:183} INFO - Processing /opt/airflow/dags/clean_day_data.py took 0.358 seconds
[2025-09-15T10:08:31.454+0000] {processor.py:161} INFO - Started process (PID=3816) to work on /opt/airflow/dags/clean_day_data.py
[2025-09-15T10:08:31.457+0000] {processor.py:830} INFO - Processing file /opt/airflow/dags/clean_day_data.py for tasks to queue
[2025-09-15T10:08:31.460+0000] {logging_mixin.py:188} INFO - [2025-09-15T10:08:31.459+0000] {dagbag.py:540} INFO - Filling up the DagBag from /opt/airflow/dags/clean_day_data.py
[2025-09-15T10:08:31.500+0000] {processor.py:840} INFO - DAG(s) 'clean_day_data' retrieved from /opt/airflow/dags/clean_day_data.py
[2025-09-15T10:08:31.555+0000] {logging_mixin.py:188} INFO - [2025-09-15T10:08:31.554+0000] {dag.py:3096} INFO - Sync 1 DAGs
[2025-09-15T10:08:31.571+0000] {logging_mixin.py:188} INFO - [2025-09-15T10:08:31.571+0000] {dag.py:3954} INFO - Setting next_dagrun for clean_day_data to None, run_after=None
[2025-09-15T10:08:31.599+0000] {processor.py:183} INFO - Processing /opt/airflow/dags/clean_day_data.py took 0.155 seconds
[2025-09-15T10:09:02.399+0000] {processor.py:161} INFO - Started process (PID=3851) to work on /opt/airflow/dags/clean_day_data.py
[2025-09-15T10:09:02.400+0000] {processor.py:830} INFO - Processing file /opt/airflow/dags/clean_day_data.py for tasks to queue
[2025-09-15T10:09:02.401+0000] {logging_mixin.py:188} INFO - [2025-09-15T10:09:02.401+0000] {dagbag.py:540} INFO - Filling up the DagBag from /opt/airflow/dags/clean_day_data.py
[2025-09-15T10:09:02.422+0000] {processor.py:840} INFO - DAG(s) 'clean_day_data' retrieved from /opt/airflow/dags/clean_day_data.py
[2025-09-15T10:09:02.459+0000] {logging_mixin.py:188} INFO - [2025-09-15T10:09:02.458+0000] {dag.py:3096} INFO - Sync 1 DAGs
[2025-09-15T10:09:02.474+0000] {logging_mixin.py:188} INFO - [2025-09-15T10:09:02.473+0000] {dag.py:3954} INFO - Setting next_dagrun for clean_day_data to None, run_after=None
[2025-09-15T10:09:02.501+0000] {processor.py:183} INFO - Processing /opt/airflow/dags/clean_day_data.py took 0.108 seconds
[2025-09-15T10:09:32.700+0000] {processor.py:161} INFO - Started process (PID=3886) to work on /opt/airflow/dags/clean_day_data.py
[2025-09-15T10:09:32.701+0000] {processor.py:830} INFO - Processing file /opt/airflow/dags/clean_day_data.py for tasks to queue
[2025-09-15T10:09:32.702+0000] {logging_mixin.py:188} INFO - [2025-09-15T10:09:32.701+0000] {dagbag.py:540} INFO - Filling up the DagBag from /opt/airflow/dags/clean_day_data.py
[2025-09-15T10:09:32.723+0000] {processor.py:840} INFO - DAG(s) 'clean_day_data' retrieved from /opt/airflow/dags/clean_day_data.py
[2025-09-15T10:09:32.756+0000] {logging_mixin.py:188} INFO - [2025-09-15T10:09:32.756+0000] {dag.py:3096} INFO - Sync 1 DAGs
[2025-09-15T10:09:32.771+0000] {logging_mixin.py:188} INFO - [2025-09-15T10:09:32.771+0000] {dag.py:3954} INFO - Setting next_dagrun for clean_day_data to None, run_after=None
[2025-09-15T10:09:32.802+0000] {processor.py:183} INFO - Processing /opt/airflow/dags/clean_day_data.py took 0.108 seconds
[2025-09-15T10:10:03.378+0000] {processor.py:161} INFO - Started process (PID=3921) to work on /opt/airflow/dags/clean_day_data.py
[2025-09-15T10:10:03.380+0000] {processor.py:830} INFO - Processing file /opt/airflow/dags/clean_day_data.py for tasks to queue
[2025-09-15T10:10:03.382+0000] {logging_mixin.py:188} INFO - [2025-09-15T10:10:03.381+0000] {dagbag.py:540} INFO - Filling up the DagBag from /opt/airflow/dags/clean_day_data.py
[2025-09-15T10:10:03.405+0000] {processor.py:840} INFO - DAG(s) 'clean_day_data' retrieved from /opt/airflow/dags/clean_day_data.py
[2025-09-15T10:10:03.440+0000] {logging_mixin.py:188} INFO - [2025-09-15T10:10:03.440+0000] {dag.py:3096} INFO - Sync 1 DAGs
[2025-09-15T10:10:03.457+0000] {logging_mixin.py:188} INFO - [2025-09-15T10:10:03.457+0000] {dag.py:3954} INFO - Setting next_dagrun for clean_day_data to None, run_after=None
[2025-09-15T10:10:03.484+0000] {processor.py:183} INFO - Processing /opt/airflow/dags/clean_day_data.py took 0.113 seconds
[2025-09-15T10:10:33.957+0000] {processor.py:161} INFO - Started process (PID=3956) to work on /opt/airflow/dags/clean_day_data.py
[2025-09-15T10:10:33.959+0000] {processor.py:830} INFO - Processing file /opt/airflow/dags/clean_day_data.py for tasks to queue
[2025-09-15T10:10:33.960+0000] {logging_mixin.py:188} INFO - [2025-09-15T10:10:33.959+0000] {dagbag.py:540} INFO - Filling up the DagBag from /opt/airflow/dags/clean_day_data.py
[2025-09-15T10:10:33.982+0000] {processor.py:840} INFO - DAG(s) 'clean_day_data' retrieved from /opt/airflow/dags/clean_day_data.py
[2025-09-15T10:10:34.014+0000] {logging_mixin.py:188} INFO - [2025-09-15T10:10:34.014+0000] {dag.py:3096} INFO - Sync 1 DAGs
[2025-09-15T10:10:34.029+0000] {logging_mixin.py:188} INFO - [2025-09-15T10:10:34.029+0000] {dag.py:3954} INFO - Setting next_dagrun for clean_day_data to None, run_after=None
[2025-09-15T10:10:34.053+0000] {processor.py:183} INFO - Processing /opt/airflow/dags/clean_day_data.py took 0.103 seconds
[2025-09-15T10:11:04.476+0000] {processor.py:161} INFO - Started process (PID=3991) to work on /opt/airflow/dags/clean_day_data.py
[2025-09-15T10:11:04.477+0000] {processor.py:830} INFO - Processing file /opt/airflow/dags/clean_day_data.py for tasks to queue
[2025-09-15T10:11:04.479+0000] {logging_mixin.py:188} INFO - [2025-09-15T10:11:04.478+0000] {dagbag.py:540} INFO - Filling up the DagBag from /opt/airflow/dags/clean_day_data.py
[2025-09-15T10:11:04.509+0000] {processor.py:840} INFO - DAG(s) 'clean_day_data' retrieved from /opt/airflow/dags/clean_day_data.py
[2025-09-15T10:11:04.583+0000] {logging_mixin.py:188} INFO - [2025-09-15T10:11:04.581+0000] {dag.py:3096} INFO - Sync 1 DAGs
[2025-09-15T10:11:04.640+0000] {logging_mixin.py:188} INFO - [2025-09-15T10:11:04.639+0000] {dag.py:3954} INFO - Setting next_dagrun for clean_day_data to None, run_after=None
[2025-09-15T10:11:04.699+0000] {processor.py:183} INFO - Processing /opt/airflow/dags/clean_day_data.py took 0.230 seconds
[2025-09-15T10:11:35.309+0000] {processor.py:161} INFO - Started process (PID=4026) to work on /opt/airflow/dags/clean_day_data.py
[2025-09-15T10:11:35.310+0000] {processor.py:830} INFO - Processing file /opt/airflow/dags/clean_day_data.py for tasks to queue
[2025-09-15T10:11:35.311+0000] {logging_mixin.py:188} INFO - [2025-09-15T10:11:35.311+0000] {dagbag.py:540} INFO - Filling up the DagBag from /opt/airflow/dags/clean_day_data.py
[2025-09-15T10:11:35.332+0000] {processor.py:840} INFO - DAG(s) 'clean_day_data' retrieved from /opt/airflow/dags/clean_day_data.py
[2025-09-15T10:11:35.364+0000] {logging_mixin.py:188} INFO - [2025-09-15T10:11:35.363+0000] {dag.py:3096} INFO - Sync 1 DAGs
[2025-09-15T10:11:35.383+0000] {logging_mixin.py:188} INFO - [2025-09-15T10:11:35.383+0000] {dag.py:3954} INFO - Setting next_dagrun for clean_day_data to None, run_after=None
[2025-09-15T10:11:35.414+0000] {processor.py:183} INFO - Processing /opt/airflow/dags/clean_day_data.py took 0.111 seconds
[2025-09-15T10:12:06.031+0000] {processor.py:161} INFO - Started process (PID=4061) to work on /opt/airflow/dags/clean_day_data.py
[2025-09-15T10:12:06.032+0000] {processor.py:830} INFO - Processing file /opt/airflow/dags/clean_day_data.py for tasks to queue
[2025-09-15T10:12:06.033+0000] {logging_mixin.py:188} INFO - [2025-09-15T10:12:06.033+0000] {dagbag.py:540} INFO - Filling up the DagBag from /opt/airflow/dags/clean_day_data.py
[2025-09-15T10:12:06.052+0000] {processor.py:840} INFO - DAG(s) 'clean_day_data' retrieved from /opt/airflow/dags/clean_day_data.py
[2025-09-15T10:12:06.080+0000] {logging_mixin.py:188} INFO - [2025-09-15T10:12:06.080+0000] {dag.py:3096} INFO - Sync 1 DAGs
[2025-09-15T10:12:06.095+0000] {logging_mixin.py:188} INFO - [2025-09-15T10:12:06.094+0000] {dag.py:3954} INFO - Setting next_dagrun for clean_day_data to None, run_after=None
[2025-09-15T10:12:06.117+0000] {processor.py:183} INFO - Processing /opt/airflow/dags/clean_day_data.py took 0.092 seconds
[2025-09-15T10:12:36.682+0000] {processor.py:161} INFO - Started process (PID=4096) to work on /opt/airflow/dags/clean_day_data.py
[2025-09-15T10:12:36.683+0000] {processor.py:830} INFO - Processing file /opt/airflow/dags/clean_day_data.py for tasks to queue
[2025-09-15T10:12:36.685+0000] {logging_mixin.py:188} INFO - [2025-09-15T10:12:36.684+0000] {dagbag.py:540} INFO - Filling up the DagBag from /opt/airflow/dags/clean_day_data.py
[2025-09-15T10:12:36.777+0000] {processor.py:840} INFO - DAG(s) 'clean_day_data' retrieved from /opt/airflow/dags/clean_day_data.py
[2025-09-15T10:12:36.843+0000] {logging_mixin.py:188} INFO - [2025-09-15T10:12:36.842+0000] {dag.py:3096} INFO - Sync 1 DAGs
[2025-09-15T10:12:36.871+0000] {logging_mixin.py:188} INFO - [2025-09-15T10:12:36.869+0000] {dag.py:3954} INFO - Setting next_dagrun for clean_day_data to None, run_after=None
[2025-09-15T10:12:36.905+0000] {processor.py:183} INFO - Processing /opt/airflow/dags/clean_day_data.py took 0.231 seconds
[2025-09-15T10:13:07.460+0000] {processor.py:161} INFO - Started process (PID=4131) to work on /opt/airflow/dags/clean_day_data.py
[2025-09-15T10:13:07.461+0000] {processor.py:830} INFO - Processing file /opt/airflow/dags/clean_day_data.py for tasks to queue
[2025-09-15T10:13:07.462+0000] {logging_mixin.py:188} INFO - [2025-09-15T10:13:07.462+0000] {dagbag.py:540} INFO - Filling up the DagBag from /opt/airflow/dags/clean_day_data.py
[2025-09-15T10:13:07.481+0000] {processor.py:840} INFO - DAG(s) 'clean_day_data' retrieved from /opt/airflow/dags/clean_day_data.py
[2025-09-15T10:13:07.513+0000] {logging_mixin.py:188} INFO - [2025-09-15T10:13:07.512+0000] {dag.py:3096} INFO - Sync 1 DAGs
[2025-09-15T10:13:07.529+0000] {logging_mixin.py:188} INFO - [2025-09-15T10:13:07.529+0000] {dag.py:3954} INFO - Setting next_dagrun for clean_day_data to None, run_after=None
[2025-09-15T10:13:07.550+0000] {processor.py:183} INFO - Processing /opt/airflow/dags/clean_day_data.py took 0.096 seconds
[2025-09-15T10:13:38.072+0000] {processor.py:161} INFO - Started process (PID=4166) to work on /opt/airflow/dags/clean_day_data.py
[2025-09-15T10:13:38.074+0000] {processor.py:830} INFO - Processing file /opt/airflow/dags/clean_day_data.py for tasks to queue
[2025-09-15T10:13:38.075+0000] {logging_mixin.py:188} INFO - [2025-09-15T10:13:38.074+0000] {dagbag.py:540} INFO - Filling up the DagBag from /opt/airflow/dags/clean_day_data.py
[2025-09-15T10:13:38.098+0000] {processor.py:840} INFO - DAG(s) 'clean_day_data' retrieved from /opt/airflow/dags/clean_day_data.py
[2025-09-15T10:13:38.131+0000] {logging_mixin.py:188} INFO - [2025-09-15T10:13:38.131+0000] {dag.py:3096} INFO - Sync 1 DAGs
[2025-09-15T10:13:38.150+0000] {logging_mixin.py:188} INFO - [2025-09-15T10:13:38.150+0000] {dag.py:3954} INFO - Setting next_dagrun for clean_day_data to None, run_after=None
[2025-09-15T10:13:38.173+0000] {processor.py:183} INFO - Processing /opt/airflow/dags/clean_day_data.py took 0.109 seconds
[2025-09-15T10:14:08.597+0000] {processor.py:161} INFO - Started process (PID=4201) to work on /opt/airflow/dags/clean_day_data.py
[2025-09-15T10:14:08.598+0000] {processor.py:830} INFO - Processing file /opt/airflow/dags/clean_day_data.py for tasks to queue
[2025-09-15T10:14:08.599+0000] {logging_mixin.py:188} INFO - [2025-09-15T10:14:08.599+0000] {dagbag.py:540} INFO - Filling up the DagBag from /opt/airflow/dags/clean_day_data.py
[2025-09-15T10:14:08.627+0000] {processor.py:840} INFO - DAG(s) 'clean_day_data' retrieved from /opt/airflow/dags/clean_day_data.py
[2025-09-15T10:14:08.658+0000] {logging_mixin.py:188} INFO - [2025-09-15T10:14:08.658+0000] {dag.py:3096} INFO - Sync 1 DAGs
[2025-09-15T10:14:08.674+0000] {logging_mixin.py:188} INFO - [2025-09-15T10:14:08.674+0000] {dag.py:3954} INFO - Setting next_dagrun for clean_day_data to None, run_after=None
[2025-09-15T10:14:08.695+0000] {processor.py:183} INFO - Processing /opt/airflow/dags/clean_day_data.py took 0.106 seconds
[2025-09-15T10:14:39.234+0000] {processor.py:161} INFO - Started process (PID=4236) to work on /opt/airflow/dags/clean_day_data.py
[2025-09-15T10:14:39.236+0000] {processor.py:830} INFO - Processing file /opt/airflow/dags/clean_day_data.py for tasks to queue
[2025-09-15T10:14:39.238+0000] {logging_mixin.py:188} INFO - [2025-09-15T10:14:39.237+0000] {dagbag.py:540} INFO - Filling up the DagBag from /opt/airflow/dags/clean_day_data.py
[2025-09-15T10:14:39.267+0000] {processor.py:840} INFO - DAG(s) 'clean_day_data' retrieved from /opt/airflow/dags/clean_day_data.py
[2025-09-15T10:14:39.303+0000] {logging_mixin.py:188} INFO - [2025-09-15T10:14:39.302+0000] {dag.py:3096} INFO - Sync 1 DAGs
[2025-09-15T10:14:39.321+0000] {logging_mixin.py:188} INFO - [2025-09-15T10:14:39.320+0000] {dag.py:3954} INFO - Setting next_dagrun for clean_day_data to None, run_after=None
[2025-09-15T10:14:39.388+0000] {processor.py:183} INFO - Processing /opt/airflow/dags/clean_day_data.py took 0.162 seconds
[2025-09-15T10:15:09.895+0000] {processor.py:161} INFO - Started process (PID=4271) to work on /opt/airflow/dags/clean_day_data.py
[2025-09-15T10:15:09.896+0000] {processor.py:830} INFO - Processing file /opt/airflow/dags/clean_day_data.py for tasks to queue
[2025-09-15T10:15:09.898+0000] {logging_mixin.py:188} INFO - [2025-09-15T10:15:09.897+0000] {dagbag.py:540} INFO - Filling up the DagBag from /opt/airflow/dags/clean_day_data.py
[2025-09-15T10:15:09.920+0000] {processor.py:840} INFO - DAG(s) 'clean_day_data' retrieved from /opt/airflow/dags/clean_day_data.py
[2025-09-15T10:15:09.953+0000] {logging_mixin.py:188} INFO - [2025-09-15T10:15:09.952+0000] {dag.py:3096} INFO - Sync 1 DAGs
[2025-09-15T10:15:09.968+0000] {logging_mixin.py:188} INFO - [2025-09-15T10:15:09.968+0000] {dag.py:3954} INFO - Setting next_dagrun for clean_day_data to None, run_after=None
[2025-09-15T10:15:09.991+0000] {processor.py:183} INFO - Processing /opt/airflow/dags/clean_day_data.py took 0.103 seconds
[2025-09-15T10:15:40.404+0000] {processor.py:161} INFO - Started process (PID=4306) to work on /opt/airflow/dags/clean_day_data.py
[2025-09-15T10:15:40.405+0000] {processor.py:830} INFO - Processing file /opt/airflow/dags/clean_day_data.py for tasks to queue
[2025-09-15T10:15:40.405+0000] {logging_mixin.py:188} INFO - [2025-09-15T10:15:40.405+0000] {dagbag.py:540} INFO - Filling up the DagBag from /opt/airflow/dags/clean_day_data.py
[2025-09-15T10:15:40.425+0000] {processor.py:840} INFO - DAG(s) 'clean_day_data' retrieved from /opt/airflow/dags/clean_day_data.py
[2025-09-15T10:15:40.459+0000] {logging_mixin.py:188} INFO - [2025-09-15T10:15:40.458+0000] {dag.py:3096} INFO - Sync 1 DAGs
[2025-09-15T10:15:40.479+0000] {logging_mixin.py:188} INFO - [2025-09-15T10:15:40.479+0000] {dag.py:3954} INFO - Setting next_dagrun for clean_day_data to None, run_after=None
[2025-09-15T10:15:40.510+0000] {processor.py:183} INFO - Processing /opt/airflow/dags/clean_day_data.py took 0.113 seconds
[2025-09-15T10:16:11.315+0000] {processor.py:161} INFO - Started process (PID=4341) to work on /opt/airflow/dags/clean_day_data.py
[2025-09-15T10:16:11.317+0000] {processor.py:830} INFO - Processing file /opt/airflow/dags/clean_day_data.py for tasks to queue
[2025-09-15T10:16:11.318+0000] {logging_mixin.py:188} INFO - [2025-09-15T10:16:11.318+0000] {dagbag.py:540} INFO - Filling up the DagBag from /opt/airflow/dags/clean_day_data.py
[2025-09-15T10:16:11.341+0000] {processor.py:840} INFO - DAG(s) 'clean_day_data' retrieved from /opt/airflow/dags/clean_day_data.py
[2025-09-15T10:16:11.375+0000] {logging_mixin.py:188} INFO - [2025-09-15T10:16:11.375+0000] {dag.py:3096} INFO - Sync 1 DAGs
[2025-09-15T10:16:11.395+0000] {logging_mixin.py:188} INFO - [2025-09-15T10:16:11.393+0000] {dag.py:3954} INFO - Setting next_dagrun for clean_day_data to None, run_after=None
[2025-09-15T10:16:11.416+0000] {processor.py:183} INFO - Processing /opt/airflow/dags/clean_day_data.py took 0.110 seconds
[2025-09-15T10:16:41.662+0000] {processor.py:161} INFO - Started process (PID=4376) to work on /opt/airflow/dags/clean_day_data.py
[2025-09-15T10:16:41.663+0000] {processor.py:830} INFO - Processing file /opt/airflow/dags/clean_day_data.py for tasks to queue
[2025-09-15T10:16:41.663+0000] {logging_mixin.py:188} INFO - [2025-09-15T10:16:41.663+0000] {dagbag.py:540} INFO - Filling up the DagBag from /opt/airflow/dags/clean_day_data.py
[2025-09-15T10:16:41.681+0000] {processor.py:840} INFO - DAG(s) 'clean_day_data' retrieved from /opt/airflow/dags/clean_day_data.py
[2025-09-15T10:16:41.712+0000] {logging_mixin.py:188} INFO - [2025-09-15T10:16:41.711+0000] {dag.py:3096} INFO - Sync 1 DAGs
[2025-09-15T10:16:41.727+0000] {logging_mixin.py:188} INFO - [2025-09-15T10:16:41.725+0000] {dag.py:3954} INFO - Setting next_dagrun for clean_day_data to None, run_after=None
[2025-09-15T10:16:41.750+0000] {processor.py:183} INFO - Processing /opt/airflow/dags/clean_day_data.py took 0.094 seconds
[2025-09-15T10:17:12.331+0000] {processor.py:161} INFO - Started process (PID=4411) to work on /opt/airflow/dags/clean_day_data.py
[2025-09-15T10:17:12.332+0000] {processor.py:830} INFO - Processing file /opt/airflow/dags/clean_day_data.py for tasks to queue
[2025-09-15T10:17:12.333+0000] {logging_mixin.py:188} INFO - [2025-09-15T10:17:12.333+0000] {dagbag.py:540} INFO - Filling up the DagBag from /opt/airflow/dags/clean_day_data.py
[2025-09-15T10:17:12.355+0000] {processor.py:840} INFO - DAG(s) 'clean_day_data' retrieved from /opt/airflow/dags/clean_day_data.py
[2025-09-15T10:17:12.390+0000] {logging_mixin.py:188} INFO - [2025-09-15T10:17:12.389+0000] {dag.py:3096} INFO - Sync 1 DAGs
[2025-09-15T10:17:12.404+0000] {logging_mixin.py:188} INFO - [2025-09-15T10:17:12.404+0000] {dag.py:3954} INFO - Setting next_dagrun for clean_day_data to None, run_after=None
[2025-09-15T10:17:12.432+0000] {processor.py:183} INFO - Processing /opt/airflow/dags/clean_day_data.py took 0.106 seconds
[2025-09-15T10:17:42.982+0000] {processor.py:161} INFO - Started process (PID=4446) to work on /opt/airflow/dags/clean_day_data.py
[2025-09-15T10:17:42.983+0000] {processor.py:830} INFO - Processing file /opt/airflow/dags/clean_day_data.py for tasks to queue
[2025-09-15T10:17:42.984+0000] {logging_mixin.py:188} INFO - [2025-09-15T10:17:42.984+0000] {dagbag.py:540} INFO - Filling up the DagBag from /opt/airflow/dags/clean_day_data.py
[2025-09-15T10:17:43.010+0000] {processor.py:840} INFO - DAG(s) 'clean_day_data' retrieved from /opt/airflow/dags/clean_day_data.py
[2025-09-15T10:17:43.042+0000] {logging_mixin.py:188} INFO - [2025-09-15T10:17:43.042+0000] {dag.py:3096} INFO - Sync 1 DAGs
[2025-09-15T10:17:43.065+0000] {logging_mixin.py:188} INFO - [2025-09-15T10:17:43.065+0000] {dag.py:3954} INFO - Setting next_dagrun for clean_day_data to None, run_after=None
[2025-09-15T10:17:43.158+0000] {processor.py:183} INFO - Processing /opt/airflow/dags/clean_day_data.py took 0.181 seconds
[2025-09-15T10:18:13.773+0000] {processor.py:161} INFO - Started process (PID=4481) to work on /opt/airflow/dags/clean_day_data.py
[2025-09-15T10:18:13.774+0000] {processor.py:830} INFO - Processing file /opt/airflow/dags/clean_day_data.py for tasks to queue
[2025-09-15T10:18:13.776+0000] {logging_mixin.py:188} INFO - [2025-09-15T10:18:13.775+0000] {dagbag.py:540} INFO - Filling up the DagBag from /opt/airflow/dags/clean_day_data.py
[2025-09-15T10:18:13.794+0000] {processor.py:840} INFO - DAG(s) 'clean_day_data' retrieved from /opt/airflow/dags/clean_day_data.py
[2025-09-15T10:18:13.826+0000] {logging_mixin.py:188} INFO - [2025-09-15T10:18:13.825+0000] {dag.py:3096} INFO - Sync 1 DAGs
[2025-09-15T10:18:13.839+0000] {logging_mixin.py:188} INFO - [2025-09-15T10:18:13.839+0000] {dag.py:3954} INFO - Setting next_dagrun for clean_day_data to None, run_after=None
[2025-09-15T10:18:13.862+0000] {processor.py:183} INFO - Processing /opt/airflow/dags/clean_day_data.py took 0.096 seconds
[2025-09-15T10:18:44.431+0000] {processor.py:161} INFO - Started process (PID=4516) to work on /opt/airflow/dags/clean_day_data.py
[2025-09-15T10:18:44.432+0000] {processor.py:830} INFO - Processing file /opt/airflow/dags/clean_day_data.py for tasks to queue
[2025-09-15T10:18:44.434+0000] {logging_mixin.py:188} INFO - [2025-09-15T10:18:44.433+0000] {dagbag.py:540} INFO - Filling up the DagBag from /opt/airflow/dags/clean_day_data.py
[2025-09-15T10:18:44.458+0000] {processor.py:840} INFO - DAG(s) 'clean_day_data' retrieved from /opt/airflow/dags/clean_day_data.py
[2025-09-15T10:18:44.490+0000] {logging_mixin.py:188} INFO - [2025-09-15T10:18:44.490+0000] {dag.py:3096} INFO - Sync 1 DAGs
[2025-09-15T10:18:44.506+0000] {logging_mixin.py:188} INFO - [2025-09-15T10:18:44.506+0000] {dag.py:3954} INFO - Setting next_dagrun for clean_day_data to None, run_after=None
[2025-09-15T10:18:44.529+0000] {processor.py:183} INFO - Processing /opt/airflow/dags/clean_day_data.py took 0.105 seconds
[2025-09-15T10:19:15.044+0000] {processor.py:161} INFO - Started process (PID=4551) to work on /opt/airflow/dags/clean_day_data.py
[2025-09-15T10:19:15.045+0000] {processor.py:830} INFO - Processing file /opt/airflow/dags/clean_day_data.py for tasks to queue
[2025-09-15T10:19:15.046+0000] {logging_mixin.py:188} INFO - [2025-09-15T10:19:15.046+0000] {dagbag.py:540} INFO - Filling up the DagBag from /opt/airflow/dags/clean_day_data.py
[2025-09-15T10:19:15.067+0000] {processor.py:840} INFO - DAG(s) 'clean_day_data' retrieved from /opt/airflow/dags/clean_day_data.py
[2025-09-15T10:19:15.096+0000] {logging_mixin.py:188} INFO - [2025-09-15T10:19:15.096+0000] {dag.py:3096} INFO - Sync 1 DAGs
[2025-09-15T10:19:15.111+0000] {logging_mixin.py:188} INFO - [2025-09-15T10:19:15.110+0000] {dag.py:3954} INFO - Setting next_dagrun for clean_day_data to None, run_after=None
[2025-09-15T10:19:15.134+0000] {processor.py:183} INFO - Processing /opt/airflow/dags/clean_day_data.py took 0.096 seconds
[2025-09-15T10:19:45.516+0000] {processor.py:161} INFO - Started process (PID=4586) to work on /opt/airflow/dags/clean_day_data.py
[2025-09-15T10:19:45.517+0000] {processor.py:830} INFO - Processing file /opt/airflow/dags/clean_day_data.py for tasks to queue
[2025-09-15T10:19:45.520+0000] {logging_mixin.py:188} INFO - [2025-09-15T10:19:45.519+0000] {dagbag.py:540} INFO - Filling up the DagBag from /opt/airflow/dags/clean_day_data.py
[2025-09-15T10:19:45.543+0000] {processor.py:840} INFO - DAG(s) 'clean_day_data' retrieved from /opt/airflow/dags/clean_day_data.py
[2025-09-15T10:19:45.575+0000] {logging_mixin.py:188} INFO - [2025-09-15T10:19:45.574+0000] {dag.py:3096} INFO - Sync 1 DAGs
[2025-09-15T10:19:45.614+0000] {logging_mixin.py:188} INFO - [2025-09-15T10:19:45.614+0000] {dag.py:3954} INFO - Setting next_dagrun for clean_day_data to None, run_after=None
[2025-09-15T10:19:46.015+0000] {processor.py:183} INFO - Processing /opt/airflow/dags/clean_day_data.py took 0.505 seconds
[2025-09-15T10:20:16.922+0000] {processor.py:161} INFO - Started process (PID=4621) to work on /opt/airflow/dags/clean_day_data.py
[2025-09-15T10:20:16.924+0000] {processor.py:830} INFO - Processing file /opt/airflow/dags/clean_day_data.py for tasks to queue
[2025-09-15T10:20:16.925+0000] {logging_mixin.py:188} INFO - [2025-09-15T10:20:16.925+0000] {dagbag.py:540} INFO - Filling up the DagBag from /opt/airflow/dags/clean_day_data.py
[2025-09-15T10:20:16.945+0000] {processor.py:840} INFO - DAG(s) 'clean_day_data' retrieved from /opt/airflow/dags/clean_day_data.py
[2025-09-15T10:20:16.972+0000] {logging_mixin.py:188} INFO - [2025-09-15T10:20:16.972+0000] {dag.py:3096} INFO - Sync 1 DAGs
[2025-09-15T10:20:16.986+0000] {logging_mixin.py:188} INFO - [2025-09-15T10:20:16.985+0000] {dag.py:3954} INFO - Setting next_dagrun for clean_day_data to None, run_after=None
[2025-09-15T10:20:17.006+0000] {processor.py:183} INFO - Processing /opt/airflow/dags/clean_day_data.py took 0.089 seconds
[2025-09-15T10:20:47.647+0000] {processor.py:161} INFO - Started process (PID=4656) to work on /opt/airflow/dags/clean_day_data.py
[2025-09-15T10:20:47.649+0000] {processor.py:830} INFO - Processing file /opt/airflow/dags/clean_day_data.py for tasks to queue
[2025-09-15T10:20:47.651+0000] {logging_mixin.py:188} INFO - [2025-09-15T10:20:47.650+0000] {dagbag.py:540} INFO - Filling up the DagBag from /opt/airflow/dags/clean_day_data.py
[2025-09-15T10:20:47.691+0000] {processor.py:840} INFO - DAG(s) 'clean_day_data' retrieved from /opt/airflow/dags/clean_day_data.py
[2025-09-15T10:20:47.724+0000] {logging_mixin.py:188} INFO - [2025-09-15T10:20:47.724+0000] {dag.py:3096} INFO - Sync 1 DAGs
[2025-09-15T10:20:47.738+0000] {logging_mixin.py:188} INFO - [2025-09-15T10:20:47.738+0000] {dag.py:3954} INFO - Setting next_dagrun for clean_day_data to None, run_after=None
[2025-09-15T10:20:47.763+0000] {processor.py:183} INFO - Processing /opt/airflow/dags/clean_day_data.py took 0.123 seconds
[2025-09-15T10:21:18.456+0000] {processor.py:161} INFO - Started process (PID=4691) to work on /opt/airflow/dags/clean_day_data.py
[2025-09-15T10:21:18.457+0000] {processor.py:830} INFO - Processing file /opt/airflow/dags/clean_day_data.py for tasks to queue
[2025-09-15T10:21:18.458+0000] {logging_mixin.py:188} INFO - [2025-09-15T10:21:18.457+0000] {dagbag.py:540} INFO - Filling up the DagBag from /opt/airflow/dags/clean_day_data.py
[2025-09-15T10:21:18.474+0000] {processor.py:840} INFO - DAG(s) 'clean_day_data' retrieved from /opt/airflow/dags/clean_day_data.py
[2025-09-15T10:21:18.501+0000] {logging_mixin.py:188} INFO - [2025-09-15T10:21:18.501+0000] {dag.py:3096} INFO - Sync 1 DAGs
[2025-09-15T10:21:18.514+0000] {logging_mixin.py:188} INFO - [2025-09-15T10:21:18.514+0000] {dag.py:3954} INFO - Setting next_dagrun for clean_day_data to None, run_after=None
[2025-09-15T10:21:18.536+0000] {processor.py:183} INFO - Processing /opt/airflow/dags/clean_day_data.py took 0.086 seconds
[2025-09-15T10:21:49.096+0000] {processor.py:161} INFO - Started process (PID=4726) to work on /opt/airflow/dags/clean_day_data.py
[2025-09-15T10:21:49.097+0000] {processor.py:830} INFO - Processing file /opt/airflow/dags/clean_day_data.py for tasks to queue
[2025-09-15T10:21:49.097+0000] {logging_mixin.py:188} INFO - [2025-09-15T10:21:49.097+0000] {dagbag.py:540} INFO - Filling up the DagBag from /opt/airflow/dags/clean_day_data.py
[2025-09-15T10:21:49.116+0000] {processor.py:840} INFO - DAG(s) 'clean_day_data' retrieved from /opt/airflow/dags/clean_day_data.py
[2025-09-15T10:21:49.143+0000] {logging_mixin.py:188} INFO - [2025-09-15T10:21:49.143+0000] {dag.py:3096} INFO - Sync 1 DAGs
[2025-09-15T10:21:49.156+0000] {logging_mixin.py:188} INFO - [2025-09-15T10:21:49.156+0000] {dag.py:3954} INFO - Setting next_dagrun for clean_day_data to None, run_after=None
[2025-09-15T10:21:49.178+0000] {processor.py:183} INFO - Processing /opt/airflow/dags/clean_day_data.py took 0.088 seconds
[2025-09-15T10:22:20.218+0000] {processor.py:161} INFO - Started process (PID=4761) to work on /opt/airflow/dags/clean_day_data.py
[2025-09-15T10:22:20.219+0000] {processor.py:830} INFO - Processing file /opt/airflow/dags/clean_day_data.py for tasks to queue
[2025-09-15T10:22:20.220+0000] {logging_mixin.py:188} INFO - [2025-09-15T10:22:20.219+0000] {dagbag.py:540} INFO - Filling up the DagBag from /opt/airflow/dags/clean_day_data.py
[2025-09-15T10:22:20.238+0000] {processor.py:840} INFO - DAG(s) 'clean_day_data' retrieved from /opt/airflow/dags/clean_day_data.py
[2025-09-15T10:22:20.271+0000] {logging_mixin.py:188} INFO - [2025-09-15T10:22:20.271+0000] {dag.py:3096} INFO - Sync 1 DAGs
[2025-09-15T10:22:20.285+0000] {logging_mixin.py:188} INFO - [2025-09-15T10:22:20.285+0000] {dag.py:3954} INFO - Setting next_dagrun for clean_day_data to None, run_after=None
[2025-09-15T10:22:20.311+0000] {processor.py:183} INFO - Processing /opt/airflow/dags/clean_day_data.py took 0.098 seconds
[2025-09-15T10:22:50.632+0000] {processor.py:161} INFO - Started process (PID=4796) to work on /opt/airflow/dags/clean_day_data.py
[2025-09-15T10:22:50.633+0000] {processor.py:830} INFO - Processing file /opt/airflow/dags/clean_day_data.py for tasks to queue
[2025-09-15T10:22:50.634+0000] {logging_mixin.py:188} INFO - [2025-09-15T10:22:50.633+0000] {dagbag.py:540} INFO - Filling up the DagBag from /opt/airflow/dags/clean_day_data.py
[2025-09-15T10:22:50.651+0000] {processor.py:840} INFO - DAG(s) 'clean_day_data' retrieved from /opt/airflow/dags/clean_day_data.py
[2025-09-15T10:22:50.678+0000] {logging_mixin.py:188} INFO - [2025-09-15T10:22:50.677+0000] {dag.py:3096} INFO - Sync 1 DAGs
[2025-09-15T10:22:50.689+0000] {logging_mixin.py:188} INFO - [2025-09-15T10:22:50.689+0000] {dag.py:3954} INFO - Setting next_dagrun for clean_day_data to None, run_after=None
[2025-09-15T10:22:50.712+0000] {processor.py:183} INFO - Processing /opt/airflow/dags/clean_day_data.py took 0.085 seconds
[2025-09-15T10:23:21.199+0000] {processor.py:161} INFO - Started process (PID=4831) to work on /opt/airflow/dags/clean_day_data.py
[2025-09-15T10:23:21.200+0000] {processor.py:830} INFO - Processing file /opt/airflow/dags/clean_day_data.py for tasks to queue
[2025-09-15T10:23:21.201+0000] {logging_mixin.py:188} INFO - [2025-09-15T10:23:21.201+0000] {dagbag.py:540} INFO - Filling up the DagBag from /opt/airflow/dags/clean_day_data.py
[2025-09-15T10:23:21.221+0000] {processor.py:840} INFO - DAG(s) 'clean_day_data' retrieved from /opt/airflow/dags/clean_day_data.py
[2025-09-15T10:23:21.247+0000] {logging_mixin.py:188} INFO - [2025-09-15T10:23:21.247+0000] {dag.py:3096} INFO - Sync 1 DAGs
[2025-09-15T10:23:21.259+0000] {logging_mixin.py:188} INFO - [2025-09-15T10:23:21.259+0000] {dag.py:3954} INFO - Setting next_dagrun for clean_day_data to None, run_after=None
[2025-09-15T10:23:21.279+0000] {processor.py:183} INFO - Processing /opt/airflow/dags/clean_day_data.py took 0.086 seconds
[2025-09-15T10:23:51.829+0000] {processor.py:161} INFO - Started process (PID=4866) to work on /opt/airflow/dags/clean_day_data.py
[2025-09-15T10:23:51.830+0000] {processor.py:830} INFO - Processing file /opt/airflow/dags/clean_day_data.py for tasks to queue
[2025-09-15T10:23:51.831+0000] {logging_mixin.py:188} INFO - [2025-09-15T10:23:51.830+0000] {dagbag.py:540} INFO - Filling up the DagBag from /opt/airflow/dags/clean_day_data.py
[2025-09-15T10:23:51.255+0000] {processor.py:840} INFO - DAG(s) 'clean_day_data' retrieved from /opt/airflow/dags/clean_day_data.py
[2025-09-15T10:23:51.282+0000] {logging_mixin.py:188} INFO - [2025-09-15T10:23:51.282+0000] {dag.py:3096} INFO - Sync 1 DAGs
[2025-09-15T10:23:51.294+0000] {logging_mixin.py:188} INFO - [2025-09-15T10:23:51.294+0000] {dag.py:3954} INFO - Setting next_dagrun for clean_day_data to None, run_after=None
[2025-09-15T10:23:51.317+0000] {processor.py:183} INFO - Processing /opt/airflow/dags/clean_day_data.py took 0.087 seconds
[2025-09-15T10:24:22.079+0000] {processor.py:161} INFO - Started process (PID=4906) to work on /opt/airflow/dags/clean_day_data.py
[2025-09-15T10:24:22.080+0000] {processor.py:830} INFO - Processing file /opt/airflow/dags/clean_day_data.py for tasks to queue
[2025-09-15T10:24:22.081+0000] {logging_mixin.py:188} INFO - [2025-09-15T10:24:22.081+0000] {dagbag.py:540} INFO - Filling up the DagBag from /opt/airflow/dags/clean_day_data.py
[2025-09-15T10:24:22.098+0000] {processor.py:840} INFO - DAG(s) 'clean_day_data' retrieved from /opt/airflow/dags/clean_day_data.py
[2025-09-15T10:24:22.126+0000] {logging_mixin.py:188} INFO - [2025-09-15T10:24:22.126+0000] {dag.py:3096} INFO - Sync 1 DAGs
[2025-09-15T10:24:22.142+0000] {logging_mixin.py:188} INFO - [2025-09-15T10:24:22.142+0000] {dag.py:3954} INFO - Setting next_dagrun for clean_day_data to None, run_after=None
[2025-09-15T10:24:22.181+0000] {processor.py:183} INFO - Processing /opt/airflow/dags/clean_day_data.py took 0.107 seconds
[2025-09-15T10:24:52.542+0000] {processor.py:161} INFO - Started process (PID=4941) to work on /opt/airflow/dags/clean_day_data.py
[2025-09-15T10:24:52.544+0000] {processor.py:830} INFO - Processing file /opt/airflow/dags/clean_day_data.py for tasks to queue
[2025-09-15T10:24:52.545+0000] {logging_mixin.py:188} INFO - [2025-09-15T10:24:52.544+0000] {dagbag.py:540} INFO - Filling up the DagBag from /opt/airflow/dags/clean_day_data.py
[2025-09-15T10:24:52.574+0000] {processor.py:840} INFO - DAG(s) 'clean_day_data' retrieved from /opt/airflow/dags/clean_day_data.py
[2025-09-15T10:24:52.612+0000] {logging_mixin.py:188} INFO - [2025-09-15T10:24:52.612+0000] {dag.py:3096} INFO - Sync 1 DAGs
[2025-09-15T10:24:52.629+0000] {logging_mixin.py:188} INFO - [2025-09-15T10:24:52.629+0000] {dag.py:3954} INFO - Setting next_dagrun for clean_day_data to None, run_after=None
[2025-09-15T10:24:52.661+0000] {processor.py:183} INFO - Processing /opt/airflow/dags/clean_day_data.py took 0.128 seconds
[2025-09-15T10:25:23.023+0000] {processor.py:161} INFO - Started process (PID=4976) to work on /opt/airflow/dags/clean_day_data.py
[2025-09-15T10:25:23.024+0000] {processor.py:830} INFO - Processing file /opt/airflow/dags/clean_day_data.py for tasks to queue
[2025-09-15T10:25:23.026+0000] {logging_mixin.py:188} INFO - [2025-09-15T10:25:23.026+0000] {dagbag.py:540} INFO - Filling up the DagBag from /opt/airflow/dags/clean_day_data.py
[2025-09-15T10:25:23.049+0000] {processor.py:840} INFO - DAG(s) 'clean_day_data' retrieved from /opt/airflow/dags/clean_day_data.py
[2025-09-15T10:25:23.086+0000] {logging_mixin.py:188} INFO - [2025-09-15T10:25:23.085+0000] {dag.py:3096} INFO - Sync 1 DAGs
[2025-09-15T10:25:23.099+0000] {logging_mixin.py:188} INFO - [2025-09-15T10:25:23.099+0000] {dag.py:3954} INFO - Setting next_dagrun for clean_day_data to None, run_after=None
[2025-09-15T10:25:23.136+0000] {processor.py:183} INFO - Processing /opt/airflow/dags/clean_day_data.py took 0.119 seconds
[2025-09-15T10:25:53.573+0000] {processor.py:161} INFO - Started process (PID=5011) to work on /opt/airflow/dags/clean_day_data.py
[2025-09-15T10:25:53.575+0000] {processor.py:830} INFO - Processing file /opt/airflow/dags/clean_day_data.py for tasks to queue
[2025-09-15T10:25:53.576+0000] {logging_mixin.py:188} INFO - [2025-09-15T10:25:53.576+0000] {dagbag.py:540} INFO - Filling up the DagBag from /opt/airflow/dags/clean_day_data.py
[2025-09-15T10:25:53.594+0000] {processor.py:840} INFO - DAG(s) 'clean_day_data' retrieved from /opt/airflow/dags/clean_day_data.py
[2025-09-15T10:25:53.624+0000] {logging_mixin.py:188} INFO - [2025-09-15T10:25:53.624+0000] {dag.py:3096} INFO - Sync 1 DAGs
[2025-09-15T10:25:53.639+0000] {logging_mixin.py:188} INFO - [2025-09-15T10:25:53.639+0000] {dag.py:3954} INFO - Setting next_dagrun for clean_day_data to None, run_after=None
[2025-09-15T10:25:53.665+0000] {processor.py:183} INFO - Processing /opt/airflow/dags/clean_day_data.py took 0.098 seconds
[2025-09-15T10:26:24.004+0000] {processor.py:161} INFO - Started process (PID=5046) to work on /opt/airflow/dags/clean_day_data.py
[2025-09-15T10:26:24.005+0000] {processor.py:830} INFO - Processing file /opt/airflow/dags/clean_day_data.py for tasks to queue
[2025-09-15T10:26:24.006+0000] {logging_mixin.py:188} INFO - [2025-09-15T10:26:24.006+0000] {dagbag.py:540} INFO - Filling up the DagBag from /opt/airflow/dags/clean_day_data.py
[2025-09-15T10:26:24.025+0000] {processor.py:840} INFO - DAG(s) 'clean_day_data' retrieved from /opt/airflow/dags/clean_day_data.py
[2025-09-15T10:26:24.057+0000] {logging_mixin.py:188} INFO - [2025-09-15T10:26:24.056+0000] {dag.py:3096} INFO - Sync 1 DAGs
[2025-09-15T10:26:24.085+0000] {logging_mixin.py:188} INFO - [2025-09-15T10:26:24.084+0000] {dag.py:3954} INFO - Setting next_dagrun for clean_day_data to None, run_after=None
[2025-09-15T10:26:24.123+0000] {processor.py:183} INFO - Processing /opt/airflow/dags/clean_day_data.py took 0.125 seconds
[2025-09-15T10:26:54.546+0000] {processor.py:161} INFO - Started process (PID=5081) to work on /opt/airflow/dags/clean_day_data.py
[2025-09-15T10:26:54.547+0000] {processor.py:830} INFO - Processing file /opt/airflow/dags/clean_day_data.py for tasks to queue
[2025-09-15T10:26:54.548+0000] {logging_mixin.py:188} INFO - [2025-09-15T10:26:54.548+0000] {dagbag.py:540} INFO - Filling up the DagBag from /opt/airflow/dags/clean_day_data.py
[2025-09-15T10:26:54.566+0000] {processor.py:840} INFO - DAG(s) 'clean_day_data' retrieved from /opt/airflow/dags/clean_day_data.py
[2025-09-15T10:26:54.597+0000] {logging_mixin.py:188} INFO - [2025-09-15T10:26:54.597+0000] {dag.py:3096} INFO - Sync 1 DAGs
[2025-09-15T10:26:54.612+0000] {logging_mixin.py:188} INFO - [2025-09-15T10:26:54.612+0000] {dag.py:3954} INFO - Setting next_dagrun for clean_day_data to None, run_after=None
[2025-09-15T10:26:54.634+0000] {processor.py:183} INFO - Processing /opt/airflow/dags/clean_day_data.py took 0.094 seconds
[2025-09-15T10:27:25.286+0000] {processor.py:161} INFO - Started process (PID=5116) to work on /opt/airflow/dags/clean_day_data.py
[2025-09-15T10:27:25.287+0000] {processor.py:830} INFO - Processing file /opt/airflow/dags/clean_day_data.py for tasks to queue
[2025-09-15T10:27:25.288+0000] {logging_mixin.py:188} INFO - [2025-09-15T10:27:25.288+0000] {dagbag.py:540} INFO - Filling up the DagBag from /opt/airflow/dags/clean_day_data.py
[2025-09-15T10:27:25.311+0000] {processor.py:840} INFO - DAG(s) 'clean_day_data' retrieved from /opt/airflow/dags/clean_day_data.py
[2025-09-15T10:27:25.346+0000] {logging_mixin.py:188} INFO - [2025-09-15T10:27:25.346+0000] {dag.py:3096} INFO - Sync 1 DAGs
[2025-09-15T10:27:25.366+0000] {logging_mixin.py:188} INFO - [2025-09-15T10:27:25.365+0000] {dag.py:3954} INFO - Setting next_dagrun for clean_day_data to None, run_after=None
[2025-09-15T10:27:25.401+0000] {processor.py:183} INFO - Processing /opt/airflow/dags/clean_day_data.py took 0.121 seconds
[2025-09-15T10:27:55.959+0000] {processor.py:161} INFO - Started process (PID=5151) to work on /opt/airflow/dags/clean_day_data.py
[2025-09-15T10:27:55.961+0000] {processor.py:830} INFO - Processing file /opt/airflow/dags/clean_day_data.py for tasks to queue
[2025-09-15T10:27:55.962+0000] {logging_mixin.py:188} INFO - [2025-09-15T10:27:55.962+0000] {dagbag.py:540} INFO - Filling up the DagBag from /opt/airflow/dags/clean_day_data.py
[2025-09-15T10:27:55.981+0000] {processor.py:840} INFO - DAG(s) 'clean_day_data' retrieved from /opt/airflow/dags/clean_day_data.py
[2025-09-15T10:27:56.010+0000] {logging_mixin.py:188} INFO - [2025-09-15T10:27:56.010+0000] {dag.py:3096} INFO - Sync 1 DAGs
[2025-09-15T10:27:56.024+0000] {logging_mixin.py:188} INFO - [2025-09-15T10:27:56.024+0000] {dag.py:3954} INFO - Setting next_dagrun for clean_day_data to None, run_after=None
[2025-09-15T10:27:56.047+0000] {processor.py:183} INFO - Processing /opt/airflow/dags/clean_day_data.py took 0.093 seconds
[2025-09-15T10:28:26.781+0000] {processor.py:161} INFO - Started process (PID=5186) to work on /opt/airflow/dags/clean_day_data.py
[2025-09-15T10:28:26.782+0000] {processor.py:830} INFO - Processing file /opt/airflow/dags/clean_day_data.py for tasks to queue
[2025-09-15T10:28:26.783+0000] {logging_mixin.py:188} INFO - [2025-09-15T10:28:26.783+0000] {dagbag.py:540} INFO - Filling up the DagBag from /opt/airflow/dags/clean_day_data.py
[2025-09-15T10:28:26.804+0000] {processor.py:840} INFO - DAG(s) 'clean_day_data' retrieved from /opt/airflow/dags/clean_day_data.py
[2025-09-15T10:28:26.839+0000] {logging_mixin.py:188} INFO - [2025-09-15T10:28:26.839+0000] {dag.py:3096} INFO - Sync 1 DAGs
[2025-09-15T10:28:26.869+0000] {logging_mixin.py:188} INFO - [2025-09-15T10:28:26.868+0000] {dag.py:3954} INFO - Setting next_dagrun for clean_day_data to None, run_after=None
[2025-09-15T10:28:26.943+0000] {processor.py:183} INFO - Processing /opt/airflow/dags/clean_day_data.py took 0.168 seconds
[2025-09-15T10:28:57.033+0000] {processor.py:161} INFO - Started process (PID=5221) to work on /opt/airflow/dags/clean_day_data.py
[2025-09-15T10:28:57.034+0000] {processor.py:830} INFO - Processing file /opt/airflow/dags/clean_day_data.py for tasks to queue
[2025-09-15T10:28:57.035+0000] {logging_mixin.py:188} INFO - [2025-09-15T10:28:57.035+0000] {dagbag.py:540} INFO - Filling up the DagBag from /opt/airflow/dags/clean_day_data.py
[2025-09-15T10:28:57.058+0000] {processor.py:840} INFO - DAG(s) 'clean_day_data' retrieved from /opt/airflow/dags/clean_day_data.py
[2025-09-15T10:28:57.095+0000] {logging_mixin.py:188} INFO - [2025-09-15T10:28:57.094+0000] {dag.py:3096} INFO - Sync 1 DAGs
[2025-09-15T10:28:57.110+0000] {logging_mixin.py:188} INFO - [2025-09-15T10:28:57.110+0000] {dag.py:3954} INFO - Setting next_dagrun for clean_day_data to None, run_after=None
[2025-09-15T10:28:57.153+0000] {processor.py:183} INFO - Processing /opt/airflow/dags/clean_day_data.py took 0.127 seconds
[2025-09-15T10:29:27.587+0000] {processor.py:161} INFO - Started process (PID=5251) to work on /opt/airflow/dags/clean_day_data.py
[2025-09-15T10:29:27.588+0000] {processor.py:830} INFO - Processing file /opt/airflow/dags/clean_day_data.py for tasks to queue
[2025-09-15T10:29:27.589+0000] {logging_mixin.py:188} INFO - [2025-09-15T10:29:27.588+0000] {dagbag.py:540} INFO - Filling up the DagBag from /opt/airflow/dags/clean_day_data.py
[2025-09-15T10:29:27.607+0000] {processor.py:840} INFO - DAG(s) 'clean_day_data' retrieved from /opt/airflow/dags/clean_day_data.py
[2025-09-15T10:29:27.639+0000] {logging_mixin.py:188} INFO - [2025-09-15T10:29:27.639+0000] {dag.py:3096} INFO - Sync 1 DAGs
[2025-09-15T10:29:27.656+0000] {logging_mixin.py:188} INFO - [2025-09-15T10:29:27.655+0000] {dag.py:3954} INFO - Setting next_dagrun for clean_day_data to None, run_after=None
[2025-09-15T10:29:27.681+0000] {processor.py:183} INFO - Processing /opt/airflow/dags/clean_day_data.py took 0.100 seconds
[2025-09-15T10:29:58.221+0000] {processor.py:161} INFO - Started process (PID=5286) to work on /opt/airflow/dags/clean_day_data.py
[2025-09-15T10:29:58.222+0000] {processor.py:830} INFO - Processing file /opt/airflow/dags/clean_day_data.py for tasks to queue
[2025-09-15T10:29:58.223+0000] {logging_mixin.py:188} INFO - [2025-09-15T10:29:58.223+0000] {dagbag.py:540} INFO - Filling up the DagBag from /opt/airflow/dags/clean_day_data.py
[2025-09-15T10:29:58.241+0000] {processor.py:840} INFO - DAG(s) 'clean_day_data' retrieved from /opt/airflow/dags/clean_day_data.py
[2025-09-15T10:29:58.268+0000] {logging_mixin.py:188} INFO - [2025-09-15T10:29:58.268+0000] {dag.py:3096} INFO - Sync 1 DAGs
[2025-09-15T10:29:58.281+0000] {logging_mixin.py:188} INFO - [2025-09-15T10:29:58.281+0000] {dag.py:3954} INFO - Setting next_dagrun for clean_day_data to None, run_after=None
[2025-09-15T10:29:58.307+0000] {processor.py:183} INFO - Processing /opt/airflow/dags/clean_day_data.py took 0.093 seconds
[2025-09-15T10:30:28.687+0000] {processor.py:161} INFO - Started process (PID=5321) to work on /opt/airflow/dags/clean_day_data.py
[2025-09-15T10:30:28.689+0000] {processor.py:830} INFO - Processing file /opt/airflow/dags/clean_day_data.py for tasks to queue
[2025-09-15T10:30:28.690+0000] {logging_mixin.py:188} INFO - [2025-09-15T10:30:28.690+0000] {dagbag.py:540} INFO - Filling up the DagBag from /opt/airflow/dags/clean_day_data.py
[2025-09-15T10:30:28.713+0000] {processor.py:840} INFO - DAG(s) 'clean_day_data' retrieved from /opt/airflow/dags/clean_day_data.py
[2025-09-15T10:30:28.752+0000] {logging_mixin.py:188} INFO - [2025-09-15T10:30:28.752+0000] {dag.py:3096} INFO - Sync 1 DAGs
[2025-09-15T10:30:28.770+0000] {logging_mixin.py:188} INFO - [2025-09-15T10:30:28.769+0000] {dag.py:3954} INFO - Setting next_dagrun for clean_day_data to None, run_after=None
[2025-09-15T10:30:28.799+0000] {processor.py:183} INFO - Processing /opt/airflow/dags/clean_day_data.py took 0.119 seconds
[2025-09-15T10:30:59.431+0000] {processor.py:161} INFO - Started process (PID=5356) to work on /opt/airflow/dags/clean_day_data.py
[2025-09-15T10:30:59.432+0000] {processor.py:830} INFO - Processing file /opt/airflow/dags/clean_day_data.py for tasks to queue
[2025-09-15T10:30:59.433+0000] {logging_mixin.py:188} INFO - [2025-09-15T10:30:59.433+0000] {dagbag.py:540} INFO - Filling up the DagBag from /opt/airflow/dags/clean_day_data.py
[2025-09-15T10:30:59.453+0000] {processor.py:840} INFO - DAG(s) 'clean_day_data' retrieved from /opt/airflow/dags/clean_day_data.py
[2025-09-15T10:30:59.483+0000] {logging_mixin.py:188} INFO - [2025-09-15T10:30:59.483+0000] {dag.py:3096} INFO - Sync 1 DAGs
[2025-09-15T10:30:59.497+0000] {logging_mixin.py:188} INFO - [2025-09-15T10:30:59.496+0000] {dag.py:3954} INFO - Setting next_dagrun for clean_day_data to None, run_after=None
[2025-09-15T10:30:59.522+0000] {processor.py:183} INFO - Processing /opt/airflow/dags/clean_day_data.py took 0.097 seconds
[2025-09-15T10:31:30.201+0000] {processor.py:161} INFO - Started process (PID=5391) to work on /opt/airflow/dags/clean_day_data.py
[2025-09-15T10:31:30.202+0000] {processor.py:830} INFO - Processing file /opt/airflow/dags/clean_day_data.py for tasks to queue
[2025-09-15T10:31:30.202+0000] {logging_mixin.py:188} INFO - [2025-09-15T10:31:30.202+0000] {dagbag.py:540} INFO - Filling up the DagBag from /opt/airflow/dags/clean_day_data.py
[2025-09-15T10:31:30.223+0000] {processor.py:840} INFO - DAG(s) 'clean_day_data' retrieved from /opt/airflow/dags/clean_day_data.py
[2025-09-15T10:31:30.260+0000] {logging_mixin.py:188} INFO - [2025-09-15T10:31:30.259+0000] {dag.py:3096} INFO - Sync 1 DAGs
[2025-09-15T10:31:30.346+0000] {logging_mixin.py:188} INFO - [2025-09-15T10:31:30.345+0000] {dag.py:3954} INFO - Setting next_dagrun for clean_day_data to None, run_after=None
[2025-09-15T10:31:29.808+0000] {processor.py:183} INFO - Processing /opt/airflow/dags/clean_day_data.py took 0.206 seconds
[2025-09-15T10:32:00.280+0000] {processor.py:161} INFO - Started process (PID=5438) to work on /opt/airflow/dags/clean_day_data.py
[2025-09-15T10:32:00.281+0000] {processor.py:830} INFO - Processing file /opt/airflow/dags/clean_day_data.py for tasks to queue
[2025-09-15T10:32:00.282+0000] {logging_mixin.py:188} INFO - [2025-09-15T10:32:00.282+0000] {dagbag.py:540} INFO - Filling up the DagBag from /opt/airflow/dags/clean_day_data.py
[2025-09-15T10:32:00.299+0000] {processor.py:840} INFO - DAG(s) 'clean_day_data' retrieved from /opt/airflow/dags/clean_day_data.py
[2025-09-15T10:32:00.330+0000] {logging_mixin.py:188} INFO - [2025-09-15T10:32:00.330+0000] {dag.py:3096} INFO - Sync 1 DAGs
[2025-09-15T10:32:00.342+0000] {logging_mixin.py:188} INFO - [2025-09-15T10:32:00.342+0000] {dag.py:3954} INFO - Setting next_dagrun for clean_day_data to None, run_after=None
[2025-09-15T10:32:00.366+0000] {processor.py:183} INFO - Processing /opt/airflow/dags/clean_day_data.py took 0.093 seconds
[2025-09-15T10:32:30.497+0000] {processor.py:161} INFO - Started process (PID=5461) to work on /opt/airflow/dags/clean_day_data.py
[2025-09-15T10:32:30.498+0000] {processor.py:830} INFO - Processing file /opt/airflow/dags/clean_day_data.py for tasks to queue
[2025-09-15T10:32:30.499+0000] {logging_mixin.py:188} INFO - [2025-09-15T10:32:30.499+0000] {dagbag.py:540} INFO - Filling up the DagBag from /opt/airflow/dags/clean_day_data.py
[2025-09-15T10:32:30.521+0000] {processor.py:840} INFO - DAG(s) 'clean_day_data' retrieved from /opt/airflow/dags/clean_day_data.py
[2025-09-15T10:32:30.558+0000] {logging_mixin.py:188} INFO - [2025-09-15T10:32:30.558+0000] {dag.py:3096} INFO - Sync 1 DAGs
[2025-09-15T10:32:30.580+0000] {logging_mixin.py:188} INFO - [2025-09-15T10:32:30.580+0000] {dag.py:3954} INFO - Setting next_dagrun for clean_day_data to None, run_after=None
[2025-09-15T10:32:30.612+0000] {processor.py:183} INFO - Processing /opt/airflow/dags/clean_day_data.py took 0.122 seconds
[2025-09-15T10:33:01.587+0000] {processor.py:161} INFO - Started process (PID=5496) to work on /opt/airflow/dags/clean_day_data.py
[2025-09-15T10:33:01.588+0000] {processor.py:830} INFO - Processing file /opt/airflow/dags/clean_day_data.py for tasks to queue
[2025-09-15T10:33:01.589+0000] {logging_mixin.py:188} INFO - [2025-09-15T10:33:01.589+0000] {dagbag.py:540} INFO - Filling up the DagBag from /opt/airflow/dags/clean_day_data.py
[2025-09-15T10:33:01.612+0000] {processor.py:840} INFO - DAG(s) 'clean_day_data' retrieved from /opt/airflow/dags/clean_day_data.py
[2025-09-15T10:33:01.648+0000] {logging_mixin.py:188} INFO - [2025-09-15T10:33:01.648+0000] {dag.py:3096} INFO - Sync 1 DAGs
[2025-09-15T10:33:01.676+0000] {logging_mixin.py:188} INFO - [2025-09-15T10:33:01.676+0000] {dag.py:3954} INFO - Setting next_dagrun for clean_day_data to None, run_after=None
[2025-09-15T10:33:01.723+0000] {processor.py:183} INFO - Processing /opt/airflow/dags/clean_day_data.py took 0.142 seconds
[2025-09-15T10:33:32.253+0000] {processor.py:161} INFO - Started process (PID=5531) to work on /opt/airflow/dags/clean_day_data.py
[2025-09-15T10:33:32.255+0000] {processor.py:830} INFO - Processing file /opt/airflow/dags/clean_day_data.py for tasks to queue
[2025-09-15T10:33:32.255+0000] {logging_mixin.py:188} INFO - [2025-09-15T10:33:32.255+0000] {dagbag.py:540} INFO - Filling up the DagBag from /opt/airflow/dags/clean_day_data.py
[2025-09-15T10:33:32.276+0000] {processor.py:840} INFO - DAG(s) 'clean_day_data' retrieved from /opt/airflow/dags/clean_day_data.py
[2025-09-15T10:33:32.304+0000] {logging_mixin.py:188} INFO - [2025-09-15T10:33:32.303+0000] {dag.py:3096} INFO - Sync 1 DAGs
[2025-09-15T10:33:32.317+0000] {logging_mixin.py:188} INFO - [2025-09-15T10:33:32.317+0000] {dag.py:3954} INFO - Setting next_dagrun for clean_day_data to None, run_after=None
[2025-09-15T10:33:32.339+0000] {processor.py:183} INFO - Processing /opt/airflow/dags/clean_day_data.py took 0.092 seconds
[2025-09-15T10:34:02.971+0000] {processor.py:161} INFO - Started process (PID=5566) to work on /opt/airflow/dags/clean_day_data.py
[2025-09-15T10:34:02.972+0000] {processor.py:830} INFO - Processing file /opt/airflow/dags/clean_day_data.py for tasks to queue
[2025-09-15T10:34:02.973+0000] {logging_mixin.py:188} INFO - [2025-09-15T10:34:02.972+0000] {dagbag.py:540} INFO - Filling up the DagBag from /opt/airflow/dags/clean_day_data.py
[2025-09-15T10:34:02.992+0000] {processor.py:840} INFO - DAG(s) 'clean_day_data' retrieved from /opt/airflow/dags/clean_day_data.py
[2025-09-15T10:34:03.021+0000] {logging_mixin.py:188} INFO - [2025-09-15T10:34:03.021+0000] {dag.py:3096} INFO - Sync 1 DAGs
[2025-09-15T10:34:03.050+0000] {logging_mixin.py:188} INFO - [2025-09-15T10:34:03.050+0000] {dag.py:3954} INFO - Setting next_dagrun for clean_day_data to None, run_after=None
[2025-09-15T10:34:03.106+0000] {processor.py:183} INFO - Processing /opt/airflow/dags/clean_day_data.py took 0.141 seconds
[2025-09-15T10:34:33.991+0000] {processor.py:161} INFO - Started process (PID=5601) to work on /opt/airflow/dags/clean_day_data.py
[2025-09-15T10:34:33.992+0000] {processor.py:830} INFO - Processing file /opt/airflow/dags/clean_day_data.py for tasks to queue
[2025-09-15T10:34:33.993+0000] {logging_mixin.py:188} INFO - [2025-09-15T10:34:33.993+0000] {dagbag.py:540} INFO - Filling up the DagBag from /opt/airflow/dags/clean_day_data.py
[2025-09-15T10:34:34.016+0000] {processor.py:840} INFO - DAG(s) 'clean_day_data' retrieved from /opt/airflow/dags/clean_day_data.py
[2025-09-15T10:34:34.051+0000] {logging_mixin.py:188} INFO - [2025-09-15T10:34:34.051+0000] {dag.py:3096} INFO - Sync 1 DAGs
[2025-09-15T10:34:34.066+0000] {logging_mixin.py:188} INFO - [2025-09-15T10:34:34.066+0000] {dag.py:3954} INFO - Setting next_dagrun for clean_day_data to None, run_after=None
[2025-09-15T10:34:34.089+0000] {processor.py:183} INFO - Processing /opt/airflow/dags/clean_day_data.py took 0.104 seconds
[2025-09-15T10:35:04.727+0000] {processor.py:161} INFO - Started process (PID=5636) to work on /opt/airflow/dags/clean_day_data.py
[2025-09-15T10:35:04.729+0000] {processor.py:830} INFO - Processing file /opt/airflow/dags/clean_day_data.py for tasks to queue
[2025-09-15T10:35:04.730+0000] {logging_mixin.py:188} INFO - [2025-09-15T10:35:04.729+0000] {dagbag.py:540} INFO - Filling up the DagBag from /opt/airflow/dags/clean_day_data.py
[2025-09-15T10:35:04.754+0000] {processor.py:840} INFO - DAG(s) 'clean_day_data' retrieved from /opt/airflow/dags/clean_day_data.py
[2025-09-15T10:35:04.783+0000] {logging_mixin.py:188} INFO - [2025-09-15T10:35:04.782+0000] {dag.py:3096} INFO - Sync 1 DAGs
[2025-09-15T10:35:04.797+0000] {logging_mixin.py:188} INFO - [2025-09-15T10:35:04.796+0000] {dag.py:3954} INFO - Setting next_dagrun for clean_day_data to None, run_after=None
[2025-09-15T10:35:04.819+0000] {processor.py:183} INFO - Processing /opt/airflow/dags/clean_day_data.py took 0.100 seconds
[2025-09-15T10:35:35.499+0000] {processor.py:161} INFO - Started process (PID=5671) to work on /opt/airflow/dags/clean_day_data.py
[2025-09-15T10:35:35.500+0000] {processor.py:830} INFO - Processing file /opt/airflow/dags/clean_day_data.py for tasks to queue
[2025-09-15T10:35:35.501+0000] {logging_mixin.py:188} INFO - [2025-09-15T10:35:35.500+0000] {dagbag.py:540} INFO - Filling up the DagBag from /opt/airflow/dags/clean_day_data.py
[2025-09-15T10:35:35.521+0000] {processor.py:840} INFO - DAG(s) 'clean_day_data' retrieved from /opt/airflow/dags/clean_day_data.py
[2025-09-15T10:35:35.553+0000] {logging_mixin.py:188} INFO - [2025-09-15T10:35:35.553+0000] {dag.py:3096} INFO - Sync 1 DAGs
[2025-09-15T10:35:35.572+0000] {logging_mixin.py:188} INFO - [2025-09-15T10:35:35.572+0000] {dag.py:3954} INFO - Setting next_dagrun for clean_day_data to None, run_after=None
[2025-09-15T10:35:35.637+0000] {processor.py:183} INFO - Processing /opt/airflow/dags/clean_day_data.py took 0.144 seconds
[2025-09-15T10:36:06.219+0000] {processor.py:161} INFO - Started process (PID=5706) to work on /opt/airflow/dags/clean_day_data.py
[2025-09-15T10:36:06.220+0000] {processor.py:830} INFO - Processing file /opt/airflow/dags/clean_day_data.py for tasks to queue
[2025-09-15T10:36:06.221+0000] {logging_mixin.py:188} INFO - [2025-09-15T10:36:06.220+0000] {dagbag.py:540} INFO - Filling up the DagBag from /opt/airflow/dags/clean_day_data.py
[2025-09-15T10:36:06.241+0000] {processor.py:840} INFO - DAG(s) 'clean_day_data' retrieved from /opt/airflow/dags/clean_day_data.py
[2025-09-15T10:36:06.270+0000] {logging_mixin.py:188} INFO - [2025-09-15T10:36:06.270+0000] {dag.py:3096} INFO - Sync 1 DAGs
[2025-09-15T10:36:06.282+0000] {logging_mixin.py:188} INFO - [2025-09-15T10:36:06.282+0000] {dag.py:3954} INFO - Setting next_dagrun for clean_day_data to None, run_after=None
[2025-09-15T10:36:06.308+0000] {processor.py:183} INFO - Processing /opt/airflow/dags/clean_day_data.py took 0.096 seconds
[2025-09-15T10:36:36.654+0000] {processor.py:161} INFO - Started process (PID=5741) to work on /opt/airflow/dags/clean_day_data.py
[2025-09-15T10:36:36.655+0000] {processor.py:830} INFO - Processing file /opt/airflow/dags/clean_day_data.py for tasks to queue
[2025-09-15T10:36:36.656+0000] {logging_mixin.py:188} INFO - [2025-09-15T10:36:36.656+0000] {dagbag.py:540} INFO - Filling up the DagBag from /opt/airflow/dags/clean_day_data.py
[2025-09-15T10:36:36.675+0000] {processor.py:840} INFO - DAG(s) 'clean_day_data' retrieved from /opt/airflow/dags/clean_day_data.py
[2025-09-15T10:36:36.703+0000] {logging_mixin.py:188} INFO - [2025-09-15T10:36:36.703+0000] {dag.py:3096} INFO - Sync 1 DAGs
[2025-09-15T10:36:36.738+0000] {logging_mixin.py:188} INFO - [2025-09-15T10:36:36.736+0000] {dag.py:3954} INFO - Setting next_dagrun for clean_day_data to None, run_after=None
[2025-09-15T10:36:37.099+0000] {processor.py:183} INFO - Processing /opt/airflow/dags/clean_day_data.py took 0.452 seconds
[2025-09-15T10:37:07.919+0000] {processor.py:161} INFO - Started process (PID=5776) to work on /opt/airflow/dags/clean_day_data.py
[2025-09-15T10:37:07.920+0000] {processor.py:830} INFO - Processing file /opt/airflow/dags/clean_day_data.py for tasks to queue
[2025-09-15T10:37:07.921+0000] {logging_mixin.py:188} INFO - [2025-09-15T10:37:07.920+0000] {dagbag.py:540} INFO - Filling up the DagBag from /opt/airflow/dags/clean_day_data.py
[2025-09-15T10:37:07.942+0000] {processor.py:840} INFO - DAG(s) 'clean_day_data' retrieved from /opt/airflow/dags/clean_day_data.py
[2025-09-15T10:37:07.975+0000] {logging_mixin.py:188} INFO - [2025-09-15T10:37:07.974+0000] {dag.py:3096} INFO - Sync 1 DAGs
[2025-09-15T10:37:07.990+0000] {logging_mixin.py:188} INFO - [2025-09-15T10:37:07.989+0000] {dag.py:3954} INFO - Setting next_dagrun for clean_day_data to None, run_after=None
[2025-09-15T10:37:08.016+0000] {processor.py:183} INFO - Processing /opt/airflow/dags/clean_day_data.py took 0.103 seconds
[2025-09-15T10:37:38.449+0000] {processor.py:161} INFO - Started process (PID=5811) to work on /opt/airflow/dags/clean_day_data.py
[2025-09-15T10:37:38.450+0000] {processor.py:830} INFO - Processing file /opt/airflow/dags/clean_day_data.py for tasks to queue
[2025-09-15T10:37:38.451+0000] {logging_mixin.py:188} INFO - [2025-09-15T10:37:38.451+0000] {dagbag.py:540} INFO - Filling up the DagBag from /opt/airflow/dags/clean_day_data.py
[2025-09-15T10:37:38.471+0000] {processor.py:840} INFO - DAG(s) 'clean_day_data' retrieved from /opt/airflow/dags/clean_day_data.py
[2025-09-15T10:37:38.505+0000] {logging_mixin.py:188} INFO - [2025-09-15T10:37:38.504+0000] {dag.py:3096} INFO - Sync 1 DAGs
[2025-09-15T10:37:38.520+0000] {logging_mixin.py:188} INFO - [2025-09-15T10:37:38.519+0000] {dag.py:3954} INFO - Setting next_dagrun for clean_day_data to None, run_after=None
[2025-09-15T10:37:38.549+0000] {processor.py:183} INFO - Processing /opt/airflow/dags/clean_day_data.py took 0.106 seconds
[2025-09-15T10:38:09.032+0000] {processor.py:161} INFO - Started process (PID=5846) to work on /opt/airflow/dags/clean_day_data.py
[2025-09-15T10:38:09.034+0000] {processor.py:830} INFO - Processing file /opt/airflow/dags/clean_day_data.py for tasks to queue
[2025-09-15T10:38:09.035+0000] {logging_mixin.py:188} INFO - [2025-09-15T10:38:09.034+0000] {dagbag.py:540} INFO - Filling up the DagBag from /opt/airflow/dags/clean_day_data.py
[2025-09-15T10:38:09.057+0000] {processor.py:840} INFO - DAG(s) 'clean_day_data' retrieved from /opt/airflow/dags/clean_day_data.py
[2025-09-15T10:38:09.086+0000] {logging_mixin.py:188} INFO - [2025-09-15T10:38:09.086+0000] {dag.py:3096} INFO - Sync 1 DAGs
[2025-09-15T10:38:09.099+0000] {logging_mixin.py:188} INFO - [2025-09-15T10:38:09.099+0000] {dag.py:3954} INFO - Setting next_dagrun for clean_day_data to None, run_after=None
[2025-09-15T10:38:09.123+0000] {processor.py:183} INFO - Processing /opt/airflow/dags/clean_day_data.py took 0.098 seconds
[2025-09-15T10:38:39.638+0000] {processor.py:161} INFO - Started process (PID=5881) to work on /opt/airflow/dags/clean_day_data.py
[2025-09-15T10:38:39.640+0000] {processor.py:830} INFO - Processing file /opt/airflow/dags/clean_day_data.py for tasks to queue
[2025-09-15T10:38:39.641+0000] {logging_mixin.py:188} INFO - [2025-09-15T10:38:39.640+0000] {dagbag.py:540} INFO - Filling up the DagBag from /opt/airflow/dags/clean_day_data.py
[2025-09-15T10:38:39.677+0000] {processor.py:840} INFO - DAG(s) 'clean_day_data' retrieved from /opt/airflow/dags/clean_day_data.py
[2025-09-15T10:38:39.723+0000] {logging_mixin.py:188} INFO - [2025-09-15T10:38:39.722+0000] {dag.py:3096} INFO - Sync 1 DAGs
[2025-09-15T10:38:39.742+0000] {logging_mixin.py:188} INFO - [2025-09-15T10:38:39.742+0000] {dag.py:3954} INFO - Setting next_dagrun for clean_day_data to None, run_after=None
[2025-09-15T10:38:39.776+0000] {processor.py:183} INFO - Processing /opt/airflow/dags/clean_day_data.py took 0.147 seconds
[2025-09-15T10:39:10.081+0000] {processor.py:161} INFO - Started process (PID=5916) to work on /opt/airflow/dags/clean_day_data.py
[2025-09-15T10:39:10.083+0000] {processor.py:830} INFO - Processing file /opt/airflow/dags/clean_day_data.py for tasks to queue
[2025-09-15T10:39:10.084+0000] {logging_mixin.py:188} INFO - [2025-09-15T10:39:10.083+0000] {dagbag.py:540} INFO - Filling up the DagBag from /opt/airflow/dags/clean_day_data.py
[2025-09-15T10:39:10.110+0000] {processor.py:840} INFO - DAG(s) 'clean_day_data' retrieved from /opt/airflow/dags/clean_day_data.py
[2025-09-15T10:39:10.143+0000] {logging_mixin.py:188} INFO - [2025-09-15T10:39:10.143+0000] {dag.py:3096} INFO - Sync 1 DAGs
[2025-09-15T10:39:10.157+0000] {logging_mixin.py:188} INFO - [2025-09-15T10:39:10.156+0000] {dag.py:3954} INFO - Setting next_dagrun for clean_day_data to None, run_after=None
[2025-09-15T10:39:10.198+0000] {processor.py:183} INFO - Processing /opt/airflow/dags/clean_day_data.py took 0.123 seconds
[2025-09-15T10:39:40.951+0000] {processor.py:161} INFO - Started process (PID=5951) to work on /opt/airflow/dags/clean_day_data.py
[2025-09-15T10:39:40.952+0000] {processor.py:830} INFO - Processing file /opt/airflow/dags/clean_day_data.py for tasks to queue
[2025-09-15T10:39:40.953+0000] {logging_mixin.py:188} INFO - [2025-09-15T10:39:40.953+0000] {dagbag.py:540} INFO - Filling up the DagBag from /opt/airflow/dags/clean_day_data.py
[2025-09-15T10:39:40.977+0000] {processor.py:840} INFO - DAG(s) 'clean_day_data' retrieved from /opt/airflow/dags/clean_day_data.py
[2025-09-15T10:39:41.008+0000] {logging_mixin.py:188} INFO - [2025-09-15T10:39:41.008+0000] {dag.py:3096} INFO - Sync 1 DAGs
[2025-09-15T10:39:41.022+0000] {logging_mixin.py:188} INFO - [2025-09-15T10:39:41.020+0000] {dag.py:3954} INFO - Setting next_dagrun for clean_day_data to None, run_after=None
[2025-09-15T10:39:41.050+0000] {processor.py:183} INFO - Processing /opt/airflow/dags/clean_day_data.py took 0.105 seconds
[2025-09-15T10:40:11.845+0000] {processor.py:161} INFO - Started process (PID=5986) to work on /opt/airflow/dags/clean_day_data.py
[2025-09-15T10:40:11.846+0000] {processor.py:830} INFO - Processing file /opt/airflow/dags/clean_day_data.py for tasks to queue
[2025-09-15T10:40:11.848+0000] {logging_mixin.py:188} INFO - [2025-09-15T10:40:11.847+0000] {dagbag.py:540} INFO - Filling up the DagBag from /opt/airflow/dags/clean_day_data.py
[2025-09-15T10:40:11.873+0000] {processor.py:840} INFO - DAG(s) 'clean_day_data' retrieved from /opt/airflow/dags/clean_day_data.py
[2025-09-15T10:40:11.912+0000] {logging_mixin.py:188} INFO - [2025-09-15T10:40:11.911+0000] {dag.py:3096} INFO - Sync 1 DAGs
[2025-09-15T10:40:11.930+0000] {logging_mixin.py:188} INFO - [2025-09-15T10:40:11.930+0000] {dag.py:3954} INFO - Setting next_dagrun for clean_day_data to None, run_after=None
[2025-09-15T10:40:11.984+0000] {processor.py:183} INFO - Processing /opt/airflow/dags/clean_day_data.py took 0.146 seconds
[2025-09-15T10:40:42.767+0000] {processor.py:161} INFO - Started process (PID=6021) to work on /opt/airflow/dags/clean_day_data.py
[2025-09-15T10:40:42.768+0000] {processor.py:830} INFO - Processing file /opt/airflow/dags/clean_day_data.py for tasks to queue
[2025-09-15T10:40:42.769+0000] {logging_mixin.py:188} INFO - [2025-09-15T10:40:42.768+0000] {dagbag.py:540} INFO - Filling up the DagBag from /opt/airflow/dags/clean_day_data.py
[2025-09-15T10:40:42.793+0000] {processor.py:840} INFO - DAG(s) 'clean_day_data' retrieved from /opt/airflow/dags/clean_day_data.py
[2025-09-15T10:40:42.829+0000] {logging_mixin.py:188} INFO - [2025-09-15T10:40:42.828+0000] {dag.py:3096} INFO - Sync 1 DAGs
[2025-09-15T10:40:42.842+0000] {logging_mixin.py:188} INFO - [2025-09-15T10:40:42.841+0000] {dag.py:3954} INFO - Setting next_dagrun for clean_day_data to None, run_after=None
[2025-09-15T10:40:42.872+0000] {processor.py:183} INFO - Processing /opt/airflow/dags/clean_day_data.py took 0.110 seconds
[2025-09-15T10:41:13.402+0000] {processor.py:161} INFO - Started process (PID=6056) to work on /opt/airflow/dags/clean_day_data.py
[2025-09-15T10:41:13.403+0000] {processor.py:830} INFO - Processing file /opt/airflow/dags/clean_day_data.py for tasks to queue
[2025-09-15T10:41:13.404+0000] {logging_mixin.py:188} INFO - [2025-09-15T10:41:13.404+0000] {dagbag.py:540} INFO - Filling up the DagBag from /opt/airflow/dags/clean_day_data.py
[2025-09-15T10:41:13.426+0000] {processor.py:840} INFO - DAG(s) 'clean_day_data' retrieved from /opt/airflow/dags/clean_day_data.py
[2025-09-15T10:41:13.456+0000] {logging_mixin.py:188} INFO - [2025-09-15T10:41:13.456+0000] {dag.py:3096} INFO - Sync 1 DAGs
[2025-09-15T10:41:13.470+0000] {logging_mixin.py:188} INFO - [2025-09-15T10:41:13.470+0000] {dag.py:3954} INFO - Setting next_dagrun for clean_day_data to None, run_after=None
[2025-09-15T10:41:13.491+0000] {processor.py:183} INFO - Processing /opt/airflow/dags/clean_day_data.py took 0.095 seconds
[2025-09-15T10:41:44.022+0000] {processor.py:161} INFO - Started process (PID=6091) to work on /opt/airflow/dags/clean_day_data.py
[2025-09-15T10:41:44.023+0000] {processor.py:830} INFO - Processing file /opt/airflow/dags/clean_day_data.py for tasks to queue
[2025-09-15T10:41:44.024+0000] {logging_mixin.py:188} INFO - [2025-09-15T10:41:44.023+0000] {dagbag.py:540} INFO - Filling up the DagBag from /opt/airflow/dags/clean_day_data.py
[2025-09-15T10:41:44.047+0000] {processor.py:840} INFO - DAG(s) 'clean_day_data' retrieved from /opt/airflow/dags/clean_day_data.py
[2025-09-15T10:41:44.080+0000] {logging_mixin.py:188} INFO - [2025-09-15T10:41:44.079+0000] {dag.py:3096} INFO - Sync 1 DAGs
[2025-09-15T10:41:44.094+0000] {logging_mixin.py:188} INFO - [2025-09-15T10:41:44.094+0000] {dag.py:3954} INFO - Setting next_dagrun for clean_day_data to None, run_after=None
[2025-09-15T10:41:44.117+0000] {processor.py:183} INFO - Processing /opt/airflow/dags/clean_day_data.py took 0.102 seconds
[2025-09-15T10:42:14.786+0000] {processor.py:161} INFO - Started process (PID=6126) to work on /opt/airflow/dags/clean_day_data.py
[2025-09-15T10:42:14.787+0000] {processor.py:830} INFO - Processing file /opt/airflow/dags/clean_day_data.py for tasks to queue
[2025-09-15T10:42:14.788+0000] {logging_mixin.py:188} INFO - [2025-09-15T10:42:14.787+0000] {dagbag.py:540} INFO - Filling up the DagBag from /opt/airflow/dags/clean_day_data.py
[2025-09-15T10:42:14.804+0000] {processor.py:840} INFO - DAG(s) 'clean_day_data' retrieved from /opt/airflow/dags/clean_day_data.py
[2025-09-15T10:42:14.834+0000] {logging_mixin.py:188} INFO - [2025-09-15T10:42:14.834+0000] {dag.py:3096} INFO - Sync 1 DAGs
[2025-09-15T10:42:14.848+0000] {logging_mixin.py:188} INFO - [2025-09-15T10:42:14.847+0000] {dag.py:3954} INFO - Setting next_dagrun for clean_day_data to None, run_after=None
[2025-09-15T10:42:14.871+0000] {processor.py:183} INFO - Processing /opt/airflow/dags/clean_day_data.py took 0.093 seconds
[2025-09-15T10:42:45.692+0000] {processor.py:161} INFO - Started process (PID=6161) to work on /opt/airflow/dags/clean_day_data.py
[2025-09-15T10:42:45.693+0000] {processor.py:830} INFO - Processing file /opt/airflow/dags/clean_day_data.py for tasks to queue
[2025-09-15T10:42:45.694+0000] {logging_mixin.py:188} INFO - [2025-09-15T10:42:45.694+0000] {dagbag.py:540} INFO - Filling up the DagBag from /opt/airflow/dags/clean_day_data.py
[2025-09-15T10:42:45.718+0000] {processor.py:840} INFO - DAG(s) 'clean_day_data' retrieved from /opt/airflow/dags/clean_day_data.py
[2025-09-15T10:42:45.751+0000] {logging_mixin.py:188} INFO - [2025-09-15T10:42:45.750+0000] {dag.py:3096} INFO - Sync 1 DAGs
[2025-09-15T10:42:45.766+0000] {logging_mixin.py:188} INFO - [2025-09-15T10:42:45.766+0000] {dag.py:3954} INFO - Setting next_dagrun for clean_day_data to None, run_after=None
[2025-09-15T10:42:45.785+0000] {processor.py:183} INFO - Processing /opt/airflow/dags/clean_day_data.py took 0.101 seconds
[2025-09-15T10:43:16.319+0000] {processor.py:161} INFO - Started process (PID=6196) to work on /opt/airflow/dags/clean_day_data.py
[2025-09-15T10:43:16.321+0000] {processor.py:830} INFO - Processing file /opt/airflow/dags/clean_day_data.py for tasks to queue
[2025-09-15T10:43:16.322+0000] {logging_mixin.py:188} INFO - [2025-09-15T10:43:16.321+0000] {dagbag.py:540} INFO - Filling up the DagBag from /opt/airflow/dags/clean_day_data.py
[2025-09-15T10:43:16.341+0000] {processor.py:840} INFO - DAG(s) 'clean_day_data' retrieved from /opt/airflow/dags/clean_day_data.py
[2025-09-15T10:43:16.375+0000] {logging_mixin.py:188} INFO - [2025-09-15T10:43:16.374+0000] {dag.py:3096} INFO - Sync 1 DAGs
[2025-09-15T10:43:16.387+0000] {logging_mixin.py:188} INFO - [2025-09-15T10:43:16.387+0000] {dag.py:3954} INFO - Setting next_dagrun for clean_day_data to None, run_after=None
[2025-09-15T10:43:16.407+0000] {processor.py:183} INFO - Processing /opt/airflow/dags/clean_day_data.py took 0.095 seconds
[2025-09-15T10:43:46.874+0000] {processor.py:161} INFO - Started process (PID=6231) to work on /opt/airflow/dags/clean_day_data.py
[2025-09-15T10:43:46.875+0000] {processor.py:830} INFO - Processing file /opt/airflow/dags/clean_day_data.py for tasks to queue
[2025-09-15T10:43:46.877+0000] {logging_mixin.py:188} INFO - [2025-09-15T10:43:46.876+0000] {dagbag.py:540} INFO - Filling up the DagBag from /opt/airflow/dags/clean_day_data.py
[2025-09-15T10:43:46.906+0000] {processor.py:840} INFO - DAG(s) 'clean_day_data' retrieved from /opt/airflow/dags/clean_day_data.py
[2025-09-15T10:43:46.942+0000] {logging_mixin.py:188} INFO - [2025-09-15T10:43:46.942+0000] {dag.py:3096} INFO - Sync 1 DAGs
[2025-09-15T10:43:46.956+0000] {logging_mixin.py:188} INFO - [2025-09-15T10:43:46.956+0000] {dag.py:3954} INFO - Setting next_dagrun for clean_day_data to None, run_after=None
[2025-09-15T10:43:46.976+0000] {processor.py:183} INFO - Processing /opt/airflow/dags/clean_day_data.py took 0.112 seconds
[2025-09-15T10:44:17.607+0000] {processor.py:161} INFO - Started process (PID=6266) to work on /opt/airflow/dags/clean_day_data.py
[2025-09-15T10:44:17.608+0000] {processor.py:830} INFO - Processing file /opt/airflow/dags/clean_day_data.py for tasks to queue
[2025-09-15T10:44:17.609+0000] {logging_mixin.py:188} INFO - [2025-09-15T10:44:17.609+0000] {dagbag.py:540} INFO - Filling up the DagBag from /opt/airflow/dags/clean_day_data.py
[2025-09-15T10:44:17.631+0000] {processor.py:840} INFO - DAG(s) 'clean_day_data' retrieved from /opt/airflow/dags/clean_day_data.py
[2025-09-15T10:44:17.663+0000] {logging_mixin.py:188} INFO - [2025-09-15T10:44:17.663+0000] {dag.py:3096} INFO - Sync 1 DAGs
[2025-09-15T10:44:17.680+0000] {logging_mixin.py:188} INFO - [2025-09-15T10:44:17.679+0000] {dag.py:3954} INFO - Setting next_dagrun for clean_day_data to None, run_after=None
[2025-09-15T10:44:17.700+0000] {processor.py:183} INFO - Processing /opt/airflow/dags/clean_day_data.py took 0.101 seconds
[2025-09-15T10:44:48.484+0000] {processor.py:161} INFO - Started process (PID=6301) to work on /opt/airflow/dags/clean_day_data.py
[2025-09-15T10:44:48.486+0000] {processor.py:830} INFO - Processing file /opt/airflow/dags/clean_day_data.py for tasks to queue
[2025-09-15T10:44:48.487+0000] {logging_mixin.py:188} INFO - [2025-09-15T10:44:48.486+0000] {dagbag.py:540} INFO - Filling up the DagBag from /opt/airflow/dags/clean_day_data.py
[2025-09-15T10:44:48.508+0000] {processor.py:840} INFO - DAG(s) 'clean_day_data' retrieved from /opt/airflow/dags/clean_day_data.py
[2025-09-15T10:44:48.538+0000] {logging_mixin.py:188} INFO - [2025-09-15T10:44:48.538+0000] {dag.py:3096} INFO - Sync 1 DAGs
[2025-09-15T10:44:48.551+0000] {logging_mixin.py:188} INFO - [2025-09-15T10:44:48.550+0000] {dag.py:3954} INFO - Setting next_dagrun for clean_day_data to None, run_after=None
[2025-09-15T10:44:48.570+0000] {processor.py:183} INFO - Processing /opt/airflow/dags/clean_day_data.py took 0.095 seconds
[2025-09-15T10:45:19.004+0000] {processor.py:161} INFO - Started process (PID=6336) to work on /opt/airflow/dags/clean_day_data.py
[2025-09-15T10:45:19.006+0000] {processor.py:830} INFO - Processing file /opt/airflow/dags/clean_day_data.py for tasks to queue
[2025-09-15T10:45:19.007+0000] {logging_mixin.py:188} INFO - [2025-09-15T10:45:19.006+0000] {dagbag.py:540} INFO - Filling up the DagBag from /opt/airflow/dags/clean_day_data.py
[2025-09-15T10:45:19.027+0000] {processor.py:840} INFO - DAG(s) 'clean_day_data' retrieved from /opt/airflow/dags/clean_day_data.py
[2025-09-15T10:45:19.058+0000] {logging_mixin.py:188} INFO - [2025-09-15T10:45:19.057+0000] {dag.py:3096} INFO - Sync 1 DAGs
[2025-09-15T10:45:19.071+0000] {logging_mixin.py:188} INFO - [2025-09-15T10:45:19.071+0000] {dag.py:3954} INFO - Setting next_dagrun for clean_day_data to None, run_after=None
[2025-09-15T10:45:19.103+0000] {processor.py:183} INFO - Processing /opt/airflow/dags/clean_day_data.py took 0.105 seconds
[2025-09-15T10:45:49.707+0000] {processor.py:161} INFO - Started process (PID=6371) to work on /opt/airflow/dags/clean_day_data.py
[2025-09-15T10:45:49.708+0000] {processor.py:830} INFO - Processing file /opt/airflow/dags/clean_day_data.py for tasks to queue
[2025-09-15T10:45:49.710+0000] {logging_mixin.py:188} INFO - [2025-09-15T10:45:49.709+0000] {dagbag.py:540} INFO - Filling up the DagBag from /opt/airflow/dags/clean_day_data.py
[2025-09-15T10:45:49.731+0000] {processor.py:840} INFO - DAG(s) 'clean_day_data' retrieved from /opt/airflow/dags/clean_day_data.py
[2025-09-15T10:45:49.762+0000] {logging_mixin.py:188} INFO - [2025-09-15T10:45:49.762+0000] {dag.py:3096} INFO - Sync 1 DAGs
[2025-09-15T10:45:49.781+0000] {logging_mixin.py:188} INFO - [2025-09-15T10:45:49.781+0000] {dag.py:3954} INFO - Setting next_dagrun for clean_day_data to None, run_after=None
[2025-09-15T10:45:49.805+0000] {processor.py:183} INFO - Processing /opt/airflow/dags/clean_day_data.py took 0.104 seconds
[2025-09-15T10:46:20.046+0000] {processor.py:161} INFO - Started process (PID=6406) to work on /opt/airflow/dags/clean_day_data.py
[2025-09-15T10:46:20.047+0000] {processor.py:830} INFO - Processing file /opt/airflow/dags/clean_day_data.py for tasks to queue
[2025-09-15T10:46:20.048+0000] {logging_mixin.py:188} INFO - [2025-09-15T10:46:20.048+0000] {dagbag.py:540} INFO - Filling up the DagBag from /opt/airflow/dags/clean_day_data.py
[2025-09-15T10:46:20.068+0000] {processor.py:840} INFO - DAG(s) 'clean_day_data' retrieved from /opt/airflow/dags/clean_day_data.py
[2025-09-15T10:46:20.097+0000] {logging_mixin.py:188} INFO - [2025-09-15T10:46:20.097+0000] {dag.py:3096} INFO - Sync 1 DAGs
[2025-09-15T10:46:20.111+0000] {logging_mixin.py:188} INFO - [2025-09-15T10:46:20.111+0000] {dag.py:3954} INFO - Setting next_dagrun for clean_day_data to None, run_after=None
[2025-09-15T10:46:20.133+0000] {processor.py:183} INFO - Processing /opt/airflow/dags/clean_day_data.py took 0.094 seconds
[2025-09-15T10:46:50.627+0000] {processor.py:161} INFO - Started process (PID=6441) to work on /opt/airflow/dags/clean_day_data.py
[2025-09-15T10:46:50.628+0000] {processor.py:830} INFO - Processing file /opt/airflow/dags/clean_day_data.py for tasks to queue
[2025-09-15T10:46:50.629+0000] {logging_mixin.py:188} INFO - [2025-09-15T10:46:50.629+0000] {dagbag.py:540} INFO - Filling up the DagBag from /opt/airflow/dags/clean_day_data.py
[2025-09-15T10:46:50.650+0000] {processor.py:840} INFO - DAG(s) 'clean_day_data' retrieved from /opt/airflow/dags/clean_day_data.py
[2025-09-15T10:46:50.681+0000] {logging_mixin.py:188} INFO - [2025-09-15T10:46:50.681+0000] {dag.py:3096} INFO - Sync 1 DAGs
[2025-09-15T10:46:50.694+0000] {logging_mixin.py:188} INFO - [2025-09-15T10:46:50.694+0000] {dag.py:3954} INFO - Setting next_dagrun for clean_day_data to None, run_after=None
[2025-09-15T10:46:50.718+0000] {processor.py:183} INFO - Processing /opt/airflow/dags/clean_day_data.py took 0.097 seconds
[2025-09-15T10:47:21.539+0000] {processor.py:161} INFO - Started process (PID=6476) to work on /opt/airflow/dags/clean_day_data.py
[2025-09-15T10:47:21.540+0000] {processor.py:830} INFO - Processing file /opt/airflow/dags/clean_day_data.py for tasks to queue
[2025-09-15T10:47:21.541+0000] {logging_mixin.py:188} INFO - [2025-09-15T10:47:21.540+0000] {dagbag.py:540} INFO - Filling up the DagBag from /opt/airflow/dags/clean_day_data.py
[2025-09-15T10:47:21.560+0000] {processor.py:840} INFO - DAG(s) 'clean_day_data' retrieved from /opt/airflow/dags/clean_day_data.py
[2025-09-15T10:47:21.594+0000] {logging_mixin.py:188} INFO - [2025-09-15T10:47:21.593+0000] {dag.py:3096} INFO - Sync 1 DAGs
[2025-09-15T10:47:21.609+0000] {logging_mixin.py:188} INFO - [2025-09-15T10:47:21.608+0000] {dag.py:3954} INFO - Setting next_dagrun for clean_day_data to None, run_after=None
[2025-09-15T10:47:21.637+0000] {processor.py:183} INFO - Processing /opt/airflow/dags/clean_day_data.py took 0.105 seconds
[2025-09-15T10:47:52.160+0000] {processor.py:161} INFO - Started process (PID=6511) to work on /opt/airflow/dags/clean_day_data.py
[2025-09-15T10:47:52.161+0000] {processor.py:830} INFO - Processing file /opt/airflow/dags/clean_day_data.py for tasks to queue
[2025-09-15T10:47:52.162+0000] {logging_mixin.py:188} INFO - [2025-09-15T10:47:52.162+0000] {dagbag.py:540} INFO - Filling up the DagBag from /opt/airflow/dags/clean_day_data.py
[2025-09-15T10:47:52.184+0000] {processor.py:840} INFO - DAG(s) 'clean_day_data' retrieved from /opt/airflow/dags/clean_day_data.py
[2025-09-15T10:47:52.214+0000] {logging_mixin.py:188} INFO - [2025-09-15T10:47:52.214+0000] {dag.py:3096} INFO - Sync 1 DAGs
[2025-09-15T10:47:52.229+0000] {logging_mixin.py:188} INFO - [2025-09-15T10:47:52.228+0000] {dag.py:3954} INFO - Setting next_dagrun for clean_day_data to None, run_after=None
[2025-09-15T10:47:52.249+0000] {processor.py:183} INFO - Processing /opt/airflow/dags/clean_day_data.py took 0.096 seconds
[2025-09-15T10:48:22.645+0000] {processor.py:161} INFO - Started process (PID=6546) to work on /opt/airflow/dags/clean_day_data.py
[2025-09-15T10:48:22.646+0000] {processor.py:830} INFO - Processing file /opt/airflow/dags/clean_day_data.py for tasks to queue
[2025-09-15T10:48:22.647+0000] {logging_mixin.py:188} INFO - [2025-09-15T10:48:22.647+0000] {dagbag.py:540} INFO - Filling up the DagBag from /opt/airflow/dags/clean_day_data.py
[2025-09-15T10:48:22.665+0000] {processor.py:840} INFO - DAG(s) 'clean_day_data' retrieved from /opt/airflow/dags/clean_day_data.py
[2025-09-15T10:48:22.694+0000] {logging_mixin.py:188} INFO - [2025-09-15T10:48:22.694+0000] {dag.py:3096} INFO - Sync 1 DAGs
[2025-09-15T10:48:22.708+0000] {logging_mixin.py:188} INFO - [2025-09-15T10:48:22.707+0000] {dag.py:3954} INFO - Setting next_dagrun for clean_day_data to None, run_after=None
[2025-09-15T10:48:22.730+0000] {processor.py:183} INFO - Processing /opt/airflow/dags/clean_day_data.py took 0.090 seconds
[2025-09-15T10:48:53.377+0000] {processor.py:161} INFO - Started process (PID=6581) to work on /opt/airflow/dags/clean_day_data.py
[2025-09-15T10:48:53.378+0000] {processor.py:830} INFO - Processing file /opt/airflow/dags/clean_day_data.py for tasks to queue
[2025-09-15T10:48:53.379+0000] {logging_mixin.py:188} INFO - [2025-09-15T10:48:53.379+0000] {dagbag.py:540} INFO - Filling up the DagBag from /opt/airflow/dags/clean_day_data.py
[2025-09-15T10:48:53.401+0000] {processor.py:840} INFO - DAG(s) 'clean_day_data' retrieved from /opt/airflow/dags/clean_day_data.py
[2025-09-15T10:48:53.433+0000] {logging_mixin.py:188} INFO - [2025-09-15T10:48:53.432+0000] {dag.py:3096} INFO - Sync 1 DAGs
[2025-09-15T10:48:53.456+0000] {logging_mixin.py:188} INFO - [2025-09-15T10:48:53.456+0000] {dag.py:3954} INFO - Setting next_dagrun for clean_day_data to None, run_after=None
[2025-09-15T10:48:53.475+0000] {processor.py:183} INFO - Processing /opt/airflow/dags/clean_day_data.py took 0.105 seconds
[2025-09-15T10:49:24.021+0000] {processor.py:161} INFO - Started process (PID=6616) to work on /opt/airflow/dags/clean_day_data.py
[2025-09-15T10:49:24.022+0000] {processor.py:830} INFO - Processing file /opt/airflow/dags/clean_day_data.py for tasks to queue
[2025-09-15T10:49:24.023+0000] {logging_mixin.py:188} INFO - [2025-09-15T10:49:24.023+0000] {dagbag.py:540} INFO - Filling up the DagBag from /opt/airflow/dags/clean_day_data.py
[2025-09-15T10:49:24.045+0000] {processor.py:840} INFO - DAG(s) 'clean_day_data' retrieved from /opt/airflow/dags/clean_day_data.py
[2025-09-15T10:49:24.089+0000] {logging_mixin.py:188} INFO - [2025-09-15T10:49:24.089+0000] {dag.py:3096} INFO - Sync 1 DAGs
[2025-09-15T10:49:24.108+0000] {logging_mixin.py:188} INFO - [2025-09-15T10:49:24.107+0000] {dag.py:3954} INFO - Setting next_dagrun for clean_day_data to None, run_after=None
[2025-09-15T10:49:24.135+0000] {processor.py:183} INFO - Processing /opt/airflow/dags/clean_day_data.py took 0.120 seconds
[2025-09-15T10:49:54.458+0000] {processor.py:161} INFO - Started process (PID=6651) to work on /opt/airflow/dags/clean_day_data.py
[2025-09-15T10:49:54.459+0000] {processor.py:830} INFO - Processing file /opt/airflow/dags/clean_day_data.py for tasks to queue
[2025-09-15T10:49:54.460+0000] {logging_mixin.py:188} INFO - [2025-09-15T10:49:54.459+0000] {dagbag.py:540} INFO - Filling up the DagBag from /opt/airflow/dags/clean_day_data.py
[2025-09-15T10:49:54.479+0000] {processor.py:840} INFO - DAG(s) 'clean_day_data' retrieved from /opt/airflow/dags/clean_day_data.py
[2025-09-15T10:49:54.508+0000] {logging_mixin.py:188} INFO - [2025-09-15T10:49:54.507+0000] {dag.py:3096} INFO - Sync 1 DAGs
[2025-09-15T10:49:54.521+0000] {logging_mixin.py:188} INFO - [2025-09-15T10:49:54.521+0000] {dag.py:3954} INFO - Setting next_dagrun for clean_day_data to None, run_after=None
[2025-09-15T10:49:54.541+0000] {processor.py:183} INFO - Processing /opt/airflow/dags/clean_day_data.py took 0.089 seconds
[2025-09-15T10:50:25.206+0000] {processor.py:161} INFO - Started process (PID=6686) to work on /opt/airflow/dags/clean_day_data.py
[2025-09-15T10:50:25.207+0000] {processor.py:830} INFO - Processing file /opt/airflow/dags/clean_day_data.py for tasks to queue
[2025-09-15T10:50:25.208+0000] {logging_mixin.py:188} INFO - [2025-09-15T10:50:25.208+0000] {dagbag.py:540} INFO - Filling up the DagBag from /opt/airflow/dags/clean_day_data.py
[2025-09-15T10:50:25.228+0000] {processor.py:840} INFO - DAG(s) 'clean_day_data' retrieved from /opt/airflow/dags/clean_day_data.py
[2025-09-15T10:50:25.262+0000] {logging_mixin.py:188} INFO - [2025-09-15T10:50:25.262+0000] {dag.py:3096} INFO - Sync 1 DAGs
[2025-09-15T10:50:25.276+0000] {logging_mixin.py:188} INFO - [2025-09-15T10:50:25.276+0000] {dag.py:3954} INFO - Setting next_dagrun for clean_day_data to None, run_after=None
[2025-09-15T10:50:25.298+0000] {processor.py:183} INFO - Processing /opt/airflow/dags/clean_day_data.py took 0.098 seconds
[2025-09-15T10:50:55.872+0000] {processor.py:161} INFO - Started process (PID=6721) to work on /opt/airflow/dags/clean_day_data.py
[2025-09-15T10:50:55.874+0000] {processor.py:830} INFO - Processing file /opt/airflow/dags/clean_day_data.py for tasks to queue
[2025-09-15T10:50:55.875+0000] {logging_mixin.py:188} INFO - [2025-09-15T10:50:55.875+0000] {dagbag.py:540} INFO - Filling up the DagBag from /opt/airflow/dags/clean_day_data.py
[2025-09-15T10:50:55.898+0000] {processor.py:840} INFO - DAG(s) 'clean_day_data' retrieved from /opt/airflow/dags/clean_day_data.py
[2025-09-15T10:50:55.929+0000] {logging_mixin.py:188} INFO - [2025-09-15T10:50:55.928+0000] {dag.py:3096} INFO - Sync 1 DAGs
[2025-09-15T10:50:55.945+0000] {logging_mixin.py:188} INFO - [2025-09-15T10:50:55.945+0000] {dag.py:3954} INFO - Setting next_dagrun for clean_day_data to None, run_after=None
[2025-09-15T10:50:55.978+0000] {processor.py:183} INFO - Processing /opt/airflow/dags/clean_day_data.py took 0.114 seconds
[2025-09-15T10:51:26.621+0000] {processor.py:161} INFO - Started process (PID=6756) to work on /opt/airflow/dags/clean_day_data.py
[2025-09-15T10:51:26.623+0000] {processor.py:830} INFO - Processing file /opt/airflow/dags/clean_day_data.py for tasks to queue
[2025-09-15T10:51:26.624+0000] {logging_mixin.py:188} INFO - [2025-09-15T10:51:26.623+0000] {dagbag.py:540} INFO - Filling up the DagBag from /opt/airflow/dags/clean_day_data.py
[2025-09-15T10:51:26.644+0000] {processor.py:840} INFO - DAG(s) 'clean_day_data' retrieved from /opt/airflow/dags/clean_day_data.py
[2025-09-15T10:51:26.673+0000] {logging_mixin.py:188} INFO - [2025-09-15T10:51:26.673+0000] {dag.py:3096} INFO - Sync 1 DAGs
[2025-09-15T10:51:26.688+0000] {logging_mixin.py:188} INFO - [2025-09-15T10:51:26.687+0000] {dag.py:3954} INFO - Setting next_dagrun for clean_day_data to None, run_after=None
[2025-09-15T10:51:26.709+0000] {processor.py:183} INFO - Processing /opt/airflow/dags/clean_day_data.py took 0.094 seconds
[2025-09-15T10:51:57.086+0000] {processor.py:161} INFO - Started process (PID=6791) to work on /opt/airflow/dags/clean_day_data.py
[2025-09-15T10:51:57.087+0000] {processor.py:830} INFO - Processing file /opt/airflow/dags/clean_day_data.py for tasks to queue
[2025-09-15T10:51:57.088+0000] {logging_mixin.py:188} INFO - [2025-09-15T10:51:57.088+0000] {dagbag.py:540} INFO - Filling up the DagBag from /opt/airflow/dags/clean_day_data.py
[2025-09-15T10:51:57.106+0000] {processor.py:840} INFO - DAG(s) 'clean_day_data' retrieved from /opt/airflow/dags/clean_day_data.py
[2025-09-15T10:51:57.136+0000] {logging_mixin.py:188} INFO - [2025-09-15T10:51:57.136+0000] {dag.py:3096} INFO - Sync 1 DAGs
[2025-09-15T10:51:57.150+0000] {logging_mixin.py:188} INFO - [2025-09-15T10:51:57.150+0000] {dag.py:3954} INFO - Setting next_dagrun for clean_day_data to None, run_after=None
[2025-09-15T10:51:57.170+0000] {processor.py:183} INFO - Processing /opt/airflow/dags/clean_day_data.py took 0.090 seconds
[2025-09-15T10:52:27.839+0000] {processor.py:161} INFO - Started process (PID=6826) to work on /opt/airflow/dags/clean_day_data.py
[2025-09-15T10:52:27.840+0000] {processor.py:830} INFO - Processing file /opt/airflow/dags/clean_day_data.py for tasks to queue
[2025-09-15T10:52:27.842+0000] {logging_mixin.py:188} INFO - [2025-09-15T10:52:27.842+0000] {dagbag.py:540} INFO - Filling up the DagBag from /opt/airflow/dags/clean_day_data.py
[2025-09-15T10:52:27.861+0000] {processor.py:840} INFO - DAG(s) 'clean_day_data' retrieved from /opt/airflow/dags/clean_day_data.py
[2025-09-15T10:52:27.891+0000] {logging_mixin.py:188} INFO - [2025-09-15T10:52:27.890+0000] {dag.py:3096} INFO - Sync 1 DAGs
[2025-09-15T10:52:27.905+0000] {logging_mixin.py:188} INFO - [2025-09-15T10:52:27.905+0000] {dag.py:3954} INFO - Setting next_dagrun for clean_day_data to None, run_after=None
[2025-09-15T10:52:27.926+0000] {processor.py:183} INFO - Processing /opt/airflow/dags/clean_day_data.py took 0.095 seconds
[2025-09-15T10:52:58.699+0000] {processor.py:161} INFO - Started process (PID=6861) to work on /opt/airflow/dags/clean_day_data.py
[2025-09-15T10:52:58.701+0000] {processor.py:830} INFO - Processing file /opt/airflow/dags/clean_day_data.py for tasks to queue
[2025-09-15T10:52:58.702+0000] {logging_mixin.py:188} INFO - [2025-09-15T10:52:58.702+0000] {dagbag.py:540} INFO - Filling up the DagBag from /opt/airflow/dags/clean_day_data.py
[2025-09-15T10:52:58.733+0000] {processor.py:840} INFO - DAG(s) 'clean_day_data' retrieved from /opt/airflow/dags/clean_day_data.py
[2025-09-15T10:52:58.770+0000] {logging_mixin.py:188} INFO - [2025-09-15T10:52:58.770+0000] {dag.py:3096} INFO - Sync 1 DAGs
[2025-09-15T10:52:58.792+0000] {logging_mixin.py:188} INFO - [2025-09-15T10:52:58.792+0000] {dag.py:3954} INFO - Setting next_dagrun for clean_day_data to None, run_after=None
[2025-09-15T10:52:58.816+0000] {processor.py:183} INFO - Processing /opt/airflow/dags/clean_day_data.py took 0.126 seconds
[2025-09-15T10:53:29.005+0000] {processor.py:161} INFO - Started process (PID=6896) to work on /opt/airflow/dags/clean_day_data.py
[2025-09-15T10:53:29.007+0000] {processor.py:830} INFO - Processing file /opt/airflow/dags/clean_day_data.py for tasks to queue
[2025-09-15T10:53:29.008+0000] {logging_mixin.py:188} INFO - [2025-09-15T10:53:29.007+0000] {dagbag.py:540} INFO - Filling up the DagBag from /opt/airflow/dags/clean_day_data.py
[2025-09-15T10:53:29.033+0000] {processor.py:840} INFO - DAG(s) 'clean_day_data' retrieved from /opt/airflow/dags/clean_day_data.py
[2025-09-15T10:53:29.065+0000] {logging_mixin.py:188} INFO - [2025-09-15T10:53:29.065+0000] {dag.py:3096} INFO - Sync 1 DAGs
[2025-09-15T10:53:29.081+0000] {logging_mixin.py:188} INFO - [2025-09-15T10:53:29.081+0000] {dag.py:3954} INFO - Setting next_dagrun for clean_day_data to None, run_after=None
[2025-09-15T10:53:29.102+0000] {processor.py:183} INFO - Processing /opt/airflow/dags/clean_day_data.py took 0.106 seconds
[2025-09-15T10:53:59.394+0000] {processor.py:161} INFO - Started process (PID=6931) to work on /opt/airflow/dags/clean_day_data.py
[2025-09-15T10:53:59.396+0000] {processor.py:830} INFO - Processing file /opt/airflow/dags/clean_day_data.py for tasks to queue
[2025-09-15T10:53:59.397+0000] {logging_mixin.py:188} INFO - [2025-09-15T10:53:59.397+0000] {dagbag.py:540} INFO - Filling up the DagBag from /opt/airflow/dags/clean_day_data.py
[2025-09-15T10:53:59.421+0000] {processor.py:840} INFO - DAG(s) 'clean_day_data' retrieved from /opt/airflow/dags/clean_day_data.py
[2025-09-15T10:53:59.457+0000] {logging_mixin.py:188} INFO - [2025-09-15T10:53:59.456+0000] {dag.py:3096} INFO - Sync 1 DAGs
[2025-09-15T10:53:59.474+0000] {logging_mixin.py:188} INFO - [2025-09-15T10:53:59.474+0000] {dag.py:3954} INFO - Setting next_dagrun for clean_day_data to None, run_after=None
[2025-09-15T10:53:59.504+0000] {processor.py:183} INFO - Processing /opt/airflow/dags/clean_day_data.py took 0.117 seconds
[2025-09-15T10:54:30.571+0000] {processor.py:161} INFO - Started process (PID=6966) to work on /opt/airflow/dags/clean_day_data.py
[2025-09-15T10:54:30.572+0000] {processor.py:830} INFO - Processing file /opt/airflow/dags/clean_day_data.py for tasks to queue
[2025-09-15T10:54:30.572+0000] {logging_mixin.py:188} INFO - [2025-09-15T10:54:30.572+0000] {dagbag.py:540} INFO - Filling up the DagBag from /opt/airflow/dags/clean_day_data.py
[2025-09-15T10:54:30.588+0000] {processor.py:840} INFO - DAG(s) 'clean_day_data' retrieved from /opt/airflow/dags/clean_day_data.py
[2025-09-15T10:54:30.616+0000] {logging_mixin.py:188} INFO - [2025-09-15T10:54:30.615+0000] {dag.py:3096} INFO - Sync 1 DAGs
[2025-09-15T10:54:30.631+0000] {logging_mixin.py:188} INFO - [2025-09-15T10:54:30.630+0000] {dag.py:3954} INFO - Setting next_dagrun for clean_day_data to None, run_after=None
[2025-09-15T10:54:30.662+0000] {processor.py:183} INFO - Processing /opt/airflow/dags/clean_day_data.py took 0.097 seconds
[2025-09-15T10:55:01.177+0000] {processor.py:161} INFO - Started process (PID=7001) to work on /opt/airflow/dags/clean_day_data.py
[2025-09-15T10:55:01.178+0000] {processor.py:830} INFO - Processing file /opt/airflow/dags/clean_day_data.py for tasks to queue
[2025-09-15T10:55:01.180+0000] {logging_mixin.py:188} INFO - [2025-09-15T10:55:01.179+0000] {dagbag.py:540} INFO - Filling up the DagBag from /opt/airflow/dags/clean_day_data.py
[2025-09-15T10:55:01.204+0000] {processor.py:840} INFO - DAG(s) 'clean_day_data' retrieved from /opt/airflow/dags/clean_day_data.py
[2025-09-15T10:55:01.247+0000] {logging_mixin.py:188} INFO - [2025-09-15T10:55:01.246+0000] {dag.py:3096} INFO - Sync 1 DAGs
[2025-09-15T10:55:01.265+0000] {logging_mixin.py:188} INFO - [2025-09-15T10:55:01.265+0000] {dag.py:3954} INFO - Setting next_dagrun for clean_day_data to None, run_after=None
[2025-09-15T10:55:01.292+0000] {processor.py:183} INFO - Processing /opt/airflow/dags/clean_day_data.py took 0.121 seconds
[2025-09-15T10:55:32.040+0000] {processor.py:161} INFO - Started process (PID=7036) to work on /opt/airflow/dags/clean_day_data.py
[2025-09-15T10:55:32.041+0000] {processor.py:830} INFO - Processing file /opt/airflow/dags/clean_day_data.py for tasks to queue
[2025-09-15T10:55:32.042+0000] {logging_mixin.py:188} INFO - [2025-09-15T10:55:32.042+0000] {dagbag.py:540} INFO - Filling up the DagBag from /opt/airflow/dags/clean_day_data.py
[2025-09-15T10:55:32.070+0000] {processor.py:840} INFO - DAG(s) 'clean_day_data' retrieved from /opt/airflow/dags/clean_day_data.py
[2025-09-15T10:55:32.106+0000] {logging_mixin.py:188} INFO - [2025-09-15T10:55:32.106+0000] {dag.py:3096} INFO - Sync 1 DAGs
[2025-09-15T10:55:32.122+0000] {logging_mixin.py:188} INFO - [2025-09-15T10:55:32.122+0000] {dag.py:3954} INFO - Setting next_dagrun for clean_day_data to None, run_after=None
[2025-09-15T10:55:32.154+0000] {processor.py:183} INFO - Processing /opt/airflow/dags/clean_day_data.py took 0.123 seconds
[2025-09-15T10:56:02.921+0000] {processor.py:161} INFO - Started process (PID=7071) to work on /opt/airflow/dags/clean_day_data.py
[2025-09-15T10:56:02.922+0000] {processor.py:830} INFO - Processing file /opt/airflow/dags/clean_day_data.py for tasks to queue
[2025-09-15T10:56:02.924+0000] {logging_mixin.py:188} INFO - [2025-09-15T10:56:02.923+0000] {dagbag.py:540} INFO - Filling up the DagBag from /opt/airflow/dags/clean_day_data.py
[2025-09-15T10:56:02.945+0000] {processor.py:840} INFO - DAG(s) 'clean_day_data' retrieved from /opt/airflow/dags/clean_day_data.py
[2025-09-15T10:56:02.979+0000] {logging_mixin.py:188} INFO - [2025-09-15T10:56:02.979+0000] {dag.py:3096} INFO - Sync 1 DAGs
[2025-09-15T10:56:02.998+0000] {logging_mixin.py:188} INFO - [2025-09-15T10:56:02.997+0000] {dag.py:3954} INFO - Setting next_dagrun for clean_day_data to None, run_after=None
[2025-09-15T10:56:03.023+0000] {processor.py:183} INFO - Processing /opt/airflow/dags/clean_day_data.py took 0.109 seconds
[2025-09-15T10:56:33.540+0000] {processor.py:161} INFO - Started process (PID=7106) to work on /opt/airflow/dags/clean_day_data.py
[2025-09-15T10:56:33.541+0000] {processor.py:830} INFO - Processing file /opt/airflow/dags/clean_day_data.py for tasks to queue
[2025-09-15T10:56:33.542+0000] {logging_mixin.py:188} INFO - [2025-09-15T10:56:33.541+0000] {dagbag.py:540} INFO - Filling up the DagBag from /opt/airflow/dags/clean_day_data.py
[2025-09-15T10:56:33.563+0000] {processor.py:840} INFO - DAG(s) 'clean_day_data' retrieved from /opt/airflow/dags/clean_day_data.py
[2025-09-15T10:56:33.595+0000] {logging_mixin.py:188} INFO - [2025-09-15T10:56:33.595+0000] {dag.py:3096} INFO - Sync 1 DAGs
[2025-09-15T10:56:33.610+0000] {logging_mixin.py:188} INFO - [2025-09-15T10:56:33.610+0000] {dag.py:3954} INFO - Setting next_dagrun for clean_day_data to None, run_after=None
[2025-09-15T10:56:33.632+0000] {processor.py:183} INFO - Processing /opt/airflow/dags/clean_day_data.py took 0.098 seconds
[2025-09-15T10:57:04.319+0000] {processor.py:161} INFO - Started process (PID=7141) to work on /opt/airflow/dags/clean_day_data.py
[2025-09-15T10:57:04.320+0000] {processor.py:830} INFO - Processing file /opt/airflow/dags/clean_day_data.py for tasks to queue
[2025-09-15T10:57:04.321+0000] {logging_mixin.py:188} INFO - [2025-09-15T10:57:04.321+0000] {dagbag.py:540} INFO - Filling up the DagBag from /opt/airflow/dags/clean_day_data.py
[2025-09-15T10:57:04.343+0000] {processor.py:840} INFO - DAG(s) 'clean_day_data' retrieved from /opt/airflow/dags/clean_day_data.py
[2025-09-15T10:57:04.378+0000] {logging_mixin.py:188} INFO - [2025-09-15T10:57:04.377+0000] {dag.py:3096} INFO - Sync 1 DAGs
[2025-09-15T10:57:04.392+0000] {logging_mixin.py:188} INFO - [2025-09-15T10:57:04.392+0000] {dag.py:3954} INFO - Setting next_dagrun for clean_day_data to None, run_after=None
[2025-09-15T10:57:04.414+0000] {processor.py:183} INFO - Processing /opt/airflow/dags/clean_day_data.py took 0.100 seconds
[2025-09-15T10:57:34.900+0000] {processor.py:161} INFO - Started process (PID=7176) to work on /opt/airflow/dags/clean_day_data.py
[2025-09-15T10:57:34.901+0000] {processor.py:830} INFO - Processing file /opt/airflow/dags/clean_day_data.py for tasks to queue
[2025-09-15T10:57:34.902+0000] {logging_mixin.py:188} INFO - [2025-09-15T10:57:34.902+0000] {dagbag.py:540} INFO - Filling up the DagBag from /opt/airflow/dags/clean_day_data.py
[2025-09-15T10:57:34.920+0000] {processor.py:840} INFO - DAG(s) 'clean_day_data' retrieved from /opt/airflow/dags/clean_day_data.py
[2025-09-15T10:57:34.953+0000] {logging_mixin.py:188} INFO - [2025-09-15T10:57:34.953+0000] {dag.py:3096} INFO - Sync 1 DAGs
[2025-09-15T10:57:34.967+0000] {logging_mixin.py:188} INFO - [2025-09-15T10:57:34.967+0000] {dag.py:3954} INFO - Setting next_dagrun for clean_day_data to None, run_after=None
[2025-09-15T10:57:34.990+0000] {processor.py:183} INFO - Processing /opt/airflow/dags/clean_day_data.py took 0.097 seconds
[2025-09-15T10:58:05.296+0000] {processor.py:161} INFO - Started process (PID=7211) to work on /opt/airflow/dags/clean_day_data.py
[2025-09-15T10:58:05.297+0000] {processor.py:830} INFO - Processing file /opt/airflow/dags/clean_day_data.py for tasks to queue
[2025-09-15T10:58:05.299+0000] {logging_mixin.py:188} INFO - [2025-09-15T10:58:05.298+0000] {dagbag.py:540} INFO - Filling up the DagBag from /opt/airflow/dags/clean_day_data.py
[2025-09-15T10:58:05.318+0000] {processor.py:840} INFO - DAG(s) 'clean_day_data' retrieved from /opt/airflow/dags/clean_day_data.py
[2025-09-15T10:58:05.351+0000] {logging_mixin.py:188} INFO - [2025-09-15T10:58:05.351+0000] {dag.py:3096} INFO - Sync 1 DAGs
[2025-09-15T10:58:05.368+0000] {logging_mixin.py:188} INFO - [2025-09-15T10:58:05.368+0000] {dag.py:3954} INFO - Setting next_dagrun for clean_day_data to None, run_after=None
[2025-09-15T10:58:05.394+0000] {processor.py:183} INFO - Processing /opt/airflow/dags/clean_day_data.py took 0.105 seconds
[2025-09-15T10:58:35.895+0000] {processor.py:161} INFO - Started process (PID=7246) to work on /opt/airflow/dags/clean_day_data.py
[2025-09-15T10:58:35.895+0000] {processor.py:830} INFO - Processing file /opt/airflow/dags/clean_day_data.py for tasks to queue
[2025-09-15T10:58:35.896+0000] {logging_mixin.py:188} INFO - [2025-09-15T10:58:35.896+0000] {dagbag.py:540} INFO - Filling up the DagBag from /opt/airflow/dags/clean_day_data.py
[2025-09-15T10:58:35.916+0000] {processor.py:840} INFO - DAG(s) 'clean_day_data' retrieved from /opt/airflow/dags/clean_day_data.py
[2025-09-15T10:58:35.947+0000] {logging_mixin.py:188} INFO - [2025-09-15T10:58:35.947+0000] {dag.py:3096} INFO - Sync 1 DAGs
[2025-09-15T10:58:35.963+0000] {logging_mixin.py:188} INFO - [2025-09-15T10:58:35.963+0000] {dag.py:3954} INFO - Setting next_dagrun for clean_day_data to None, run_after=None
[2025-09-15T10:58:35.986+0000] {processor.py:183} INFO - Processing /opt/airflow/dags/clean_day_data.py took 0.097 seconds
[2025-09-15T10:59:06.561+0000] {processor.py:161} INFO - Started process (PID=7281) to work on /opt/airflow/dags/clean_day_data.py
[2025-09-15T10:59:06.562+0000] {processor.py:830} INFO - Processing file /opt/airflow/dags/clean_day_data.py for tasks to queue
[2025-09-15T10:59:06.563+0000] {logging_mixin.py:188} INFO - [2025-09-15T10:59:06.563+0000] {dagbag.py:540} INFO - Filling up the DagBag from /opt/airflow/dags/clean_day_data.py
[2025-09-15T10:59:06.583+0000] {processor.py:840} INFO - DAG(s) 'clean_day_data' retrieved from /opt/airflow/dags/clean_day_data.py
[2025-09-15T10:59:06.611+0000] {logging_mixin.py:188} INFO - [2025-09-15T10:59:06.611+0000] {dag.py:3096} INFO - Sync 1 DAGs
[2025-09-15T10:59:06.625+0000] {logging_mixin.py:188} INFO - [2025-09-15T10:59:06.625+0000] {dag.py:3954} INFO - Setting next_dagrun for clean_day_data to None, run_after=None
[2025-09-15T10:59:06.650+0000] {processor.py:183} INFO - Processing /opt/airflow/dags/clean_day_data.py took 0.095 seconds
[2025-09-15T10:59:37.114+0000] {processor.py:161} INFO - Started process (PID=7316) to work on /opt/airflow/dags/clean_day_data.py
[2025-09-15T10:59:37.117+0000] {processor.py:830} INFO - Processing file /opt/airflow/dags/clean_day_data.py for tasks to queue
[2025-09-15T10:59:37.120+0000] {logging_mixin.py:188} INFO - [2025-09-15T10:59:37.119+0000] {dagbag.py:540} INFO - Filling up the DagBag from /opt/airflow/dags/clean_day_data.py
[2025-09-15T10:59:37.163+0000] {processor.py:840} INFO - DAG(s) 'clean_day_data' retrieved from /opt/airflow/dags/clean_day_data.py
[2025-09-15T10:59:37.288+0000] {logging_mixin.py:188} INFO - [2025-09-15T10:59:37.287+0000] {dag.py:3096} INFO - Sync 1 DAGs
[2025-09-15T10:59:37.351+0000] {logging_mixin.py:188} INFO - [2025-09-15T10:59:37.349+0000] {dag.py:3954} INFO - Setting next_dagrun for clean_day_data to None, run_after=None
[2025-09-15T10:59:37.513+0000] {processor.py:183} INFO - Processing /opt/airflow/dags/clean_day_data.py took 0.410 seconds
[2025-09-15T11:00:08.514+0000] {processor.py:161} INFO - Started process (PID=7351) to work on /opt/airflow/dags/clean_day_data.py
[2025-09-15T11:00:08.515+0000] {processor.py:830} INFO - Processing file /opt/airflow/dags/clean_day_data.py for tasks to queue
[2025-09-15T11:00:08.516+0000] {logging_mixin.py:188} INFO - [2025-09-15T11:00:08.516+0000] {dagbag.py:540} INFO - Filling up the DagBag from /opt/airflow/dags/clean_day_data.py
[2025-09-15T11:00:08.536+0000] {processor.py:840} INFO - DAG(s) 'clean_day_data' retrieved from /opt/airflow/dags/clean_day_data.py
[2025-09-15T11:00:08.566+0000] {logging_mixin.py:188} INFO - [2025-09-15T11:00:08.566+0000] {dag.py:3096} INFO - Sync 1 DAGs
[2025-09-15T11:00:08.580+0000] {logging_mixin.py:188} INFO - [2025-09-15T11:00:08.579+0000] {dag.py:3954} INFO - Setting next_dagrun for clean_day_data to None, run_after=None
[2025-09-15T11:00:08.599+0000] {processor.py:183} INFO - Processing /opt/airflow/dags/clean_day_data.py took 0.092 seconds
[2025-09-15T11:00:38.877+0000] {processor.py:161} INFO - Started process (PID=7386) to work on /opt/airflow/dags/clean_day_data.py
[2025-09-15T11:00:38.878+0000] {processor.py:830} INFO - Processing file /opt/airflow/dags/clean_day_data.py for tasks to queue
[2025-09-15T11:00:38.879+0000] {logging_mixin.py:188} INFO - [2025-09-15T11:00:38.879+0000] {dagbag.py:540} INFO - Filling up the DagBag from /opt/airflow/dags/clean_day_data.py
[2025-09-15T11:00:38.911+0000] {processor.py:840} INFO - DAG(s) 'clean_day_data' retrieved from /opt/airflow/dags/clean_day_data.py
[2025-09-15T11:00:38.950+0000] {logging_mixin.py:188} INFO - [2025-09-15T11:00:38.949+0000] {dag.py:3096} INFO - Sync 1 DAGs
[2025-09-15T11:00:38.970+0000] {logging_mixin.py:188} INFO - [2025-09-15T11:00:38.969+0000] {dag.py:3954} INFO - Setting next_dagrun for clean_day_data to None, run_after=None
[2025-09-15T11:00:38.997+0000] {processor.py:183} INFO - Processing /opt/airflow/dags/clean_day_data.py took 0.128 seconds
[2025-09-15T11:01:09.669+0000] {processor.py:161} INFO - Started process (PID=7421) to work on /opt/airflow/dags/clean_day_data.py
[2025-09-15T11:01:09.670+0000] {processor.py:830} INFO - Processing file /opt/airflow/dags/clean_day_data.py for tasks to queue
[2025-09-15T11:01:09.672+0000] {logging_mixin.py:188} INFO - [2025-09-15T11:01:09.671+0000] {dagbag.py:540} INFO - Filling up the DagBag from /opt/airflow/dags/clean_day_data.py
[2025-09-15T11:01:09.695+0000] {processor.py:840} INFO - DAG(s) 'clean_day_data' retrieved from /opt/airflow/dags/clean_day_data.py
[2025-09-15T11:01:09.737+0000] {logging_mixin.py:188} INFO - [2025-09-15T11:01:09.735+0000] {dag.py:3096} INFO - Sync 1 DAGs
[2025-09-15T11:01:09.775+0000] {logging_mixin.py:188} INFO - [2025-09-15T11:01:09.773+0000] {dag.py:3954} INFO - Setting next_dagrun for clean_day_data to None, run_after=None
[2025-09-15T11:01:09.831+0000] {processor.py:183} INFO - Processing /opt/airflow/dags/clean_day_data.py took 0.172 seconds
[2025-09-15T11:01:40.390+0000] {processor.py:161} INFO - Started process (PID=7456) to work on /opt/airflow/dags/clean_day_data.py
[2025-09-15T11:01:40.394+0000] {processor.py:830} INFO - Processing file /opt/airflow/dags/clean_day_data.py for tasks to queue
[2025-09-15T11:01:40.398+0000] {logging_mixin.py:188} INFO - [2025-09-15T11:01:40.397+0000] {dagbag.py:540} INFO - Filling up the DagBag from /opt/airflow/dags/clean_day_data.py
[2025-09-15T11:01:40.460+0000] {processor.py:840} INFO - DAG(s) 'clean_day_data' retrieved from /opt/airflow/dags/clean_day_data.py
[2025-09-15T11:01:40.565+0000] {logging_mixin.py:188} INFO - [2025-09-15T11:01:40.564+0000] {dag.py:3096} INFO - Sync 1 DAGs
[2025-09-15T11:01:40.601+0000] {logging_mixin.py:188} INFO - [2025-09-15T11:01:40.601+0000] {dag.py:3954} INFO - Setting next_dagrun for clean_day_data to None, run_after=None
[2025-09-15T11:01:40.643+0000] {processor.py:183} INFO - Processing /opt/airflow/dags/clean_day_data.py took 0.275 seconds
[2025-09-15T11:02:11.503+0000] {processor.py:161} INFO - Started process (PID=7491) to work on /opt/airflow/dags/clean_day_data.py
[2025-09-15T11:02:11.505+0000] {processor.py:830} INFO - Processing file /opt/airflow/dags/clean_day_data.py for tasks to queue
[2025-09-15T11:02:11.506+0000] {logging_mixin.py:188} INFO - [2025-09-15T11:02:11.506+0000] {dagbag.py:540} INFO - Filling up the DagBag from /opt/airflow/dags/clean_day_data.py
[2025-09-15T11:02:11.534+0000] {processor.py:840} INFO - DAG(s) 'clean_day_data' retrieved from /opt/airflow/dags/clean_day_data.py
[2025-09-15T11:02:11.581+0000] {logging_mixin.py:188} INFO - [2025-09-15T11:02:11.581+0000] {dag.py:3096} INFO - Sync 1 DAGs
[2025-09-15T11:02:11.602+0000] {logging_mixin.py:188} INFO - [2025-09-15T11:02:11.601+0000] {dag.py:3954} INFO - Setting next_dagrun for clean_day_data to None, run_after=None
[2025-09-15T11:02:11.632+0000] {processor.py:183} INFO - Processing /opt/airflow/dags/clean_day_data.py took 0.142 seconds
[2025-09-15T11:02:42.081+0000] {processor.py:161} INFO - Started process (PID=7526) to work on /opt/airflow/dags/clean_day_data.py
[2025-09-15T11:02:42.083+0000] {processor.py:830} INFO - Processing file /opt/airflow/dags/clean_day_data.py for tasks to queue
[2025-09-15T11:02:42.084+0000] {logging_mixin.py:188} INFO - [2025-09-15T11:02:42.084+0000] {dagbag.py:540} INFO - Filling up the DagBag from /opt/airflow/dags/clean_day_data.py
[2025-09-15T11:02:42.131+0000] {processor.py:840} INFO - DAG(s) 'clean_day_data' retrieved from /opt/airflow/dags/clean_day_data.py
[2025-09-15T11:02:42.185+0000] {logging_mixin.py:188} INFO - [2025-09-15T11:02:42.184+0000] {dag.py:3096} INFO - Sync 1 DAGs
[2025-09-15T11:02:42.210+0000] {logging_mixin.py:188} INFO - [2025-09-15T11:02:42.210+0000] {dag.py:3954} INFO - Setting next_dagrun for clean_day_data to None, run_after=None
[2025-09-15T11:02:42.250+0000] {processor.py:183} INFO - Processing /opt/airflow/dags/clean_day_data.py took 0.182 seconds
[2025-09-15T11:03:12.799+0000] {processor.py:161} INFO - Started process (PID=7561) to work on /opt/airflow/dags/clean_day_data.py
[2025-09-15T11:03:12.801+0000] {processor.py:830} INFO - Processing file /opt/airflow/dags/clean_day_data.py for tasks to queue
[2025-09-15T11:03:12.803+0000] {logging_mixin.py:188} INFO - [2025-09-15T11:03:12.802+0000] {dagbag.py:540} INFO - Filling up the DagBag from /opt/airflow/dags/clean_day_data.py
[2025-09-15T11:03:12.828+0000] {processor.py:840} INFO - DAG(s) 'clean_day_data' retrieved from /opt/airflow/dags/clean_day_data.py
[2025-09-15T11:03:12.864+0000] {logging_mixin.py:188} INFO - [2025-09-15T11:03:12.864+0000] {dag.py:3096} INFO - Sync 1 DAGs
[2025-09-15T11:03:12.877+0000] {logging_mixin.py:188} INFO - [2025-09-15T11:03:12.877+0000] {dag.py:3954} INFO - Setting next_dagrun for clean_day_data to None, run_after=None
[2025-09-15T11:03:12.895+0000] {processor.py:183} INFO - Processing /opt/airflow/dags/clean_day_data.py took 0.115 seconds
[2025-09-15T11:03:43.280+0000] {processor.py:161} INFO - Started process (PID=7596) to work on /opt/airflow/dags/clean_day_data.py
[2025-09-15T11:03:43.281+0000] {processor.py:830} INFO - Processing file /opt/airflow/dags/clean_day_data.py for tasks to queue
[2025-09-15T11:03:43.282+0000] {logging_mixin.py:188} INFO - [2025-09-15T11:03:43.282+0000] {dagbag.py:540} INFO - Filling up the DagBag from /opt/airflow/dags/clean_day_data.py
[2025-09-15T11:03:43.302+0000] {processor.py:840} INFO - DAG(s) 'clean_day_data' retrieved from /opt/airflow/dags/clean_day_data.py
[2025-09-15T11:03:43.332+0000] {logging_mixin.py:188} INFO - [2025-09-15T11:03:43.331+0000] {dag.py:3096} INFO - Sync 1 DAGs
[2025-09-15T11:03:43.346+0000] {logging_mixin.py:188} INFO - [2025-09-15T11:03:43.346+0000] {dag.py:3954} INFO - Setting next_dagrun for clean_day_data to None, run_after=None
[2025-09-15T11:03:43.366+0000] {processor.py:183} INFO - Processing /opt/airflow/dags/clean_day_data.py took 0.091 seconds
[2025-09-15T11:04:13.824+0000] {processor.py:161} INFO - Started process (PID=7631) to work on /opt/airflow/dags/clean_day_data.py
[2025-09-15T11:04:13.825+0000] {processor.py:830} INFO - Processing file /opt/airflow/dags/clean_day_data.py for tasks to queue
[2025-09-15T11:04:13.826+0000] {logging_mixin.py:188} INFO - [2025-09-15T11:04:13.826+0000] {dagbag.py:540} INFO - Filling up the DagBag from /opt/airflow/dags/clean_day_data.py
[2025-09-15T11:04:13.844+0000] {processor.py:840} INFO - DAG(s) 'clean_day_data' retrieved from /opt/airflow/dags/clean_day_data.py
[2025-09-15T11:04:13.873+0000] {logging_mixin.py:188} INFO - [2025-09-15T11:04:13.872+0000] {dag.py:3096} INFO - Sync 1 DAGs
[2025-09-15T11:04:13.886+0000] {logging_mixin.py:188} INFO - [2025-09-15T11:04:13.885+0000] {dag.py:3954} INFO - Setting next_dagrun for clean_day_data to None, run_after=None
[2025-09-15T11:04:13.912+0000] {processor.py:183} INFO - Processing /opt/airflow/dags/clean_day_data.py took 0.094 seconds
[2025-09-15T11:04:44.330+0000] {processor.py:161} INFO - Started process (PID=7666) to work on /opt/airflow/dags/clean_day_data.py
[2025-09-15T11:04:44.331+0000] {processor.py:830} INFO - Processing file /opt/airflow/dags/clean_day_data.py for tasks to queue
[2025-09-15T11:04:44.332+0000] {logging_mixin.py:188} INFO - [2025-09-15T11:04:44.331+0000] {dagbag.py:540} INFO - Filling up the DagBag from /opt/airflow/dags/clean_day_data.py
[2025-09-15T11:04:44.352+0000] {processor.py:840} INFO - DAG(s) 'clean_day_data' retrieved from /opt/airflow/dags/clean_day_data.py
[2025-09-15T11:04:44.381+0000] {logging_mixin.py:188} INFO - [2025-09-15T11:04:44.381+0000] {dag.py:3096} INFO - Sync 1 DAGs
[2025-09-15T11:04:44.394+0000] {logging_mixin.py:188} INFO - [2025-09-15T11:04:44.394+0000] {dag.py:3954} INFO - Setting next_dagrun for clean_day_data to None, run_after=None
[2025-09-15T11:04:44.416+0000] {processor.py:183} INFO - Processing /opt/airflow/dags/clean_day_data.py took 0.092 seconds
[2025-09-15T11:05:14.815+0000] {processor.py:161} INFO - Started process (PID=7701) to work on /opt/airflow/dags/clean_day_data.py
[2025-09-15T11:05:14.816+0000] {processor.py:830} INFO - Processing file /opt/airflow/dags/clean_day_data.py for tasks to queue
[2025-09-15T11:05:14.816+0000] {logging_mixin.py:188} INFO - [2025-09-15T11:05:14.816+0000] {dagbag.py:540} INFO - Filling up the DagBag from /opt/airflow/dags/clean_day_data.py
[2025-09-15T11:05:14.833+0000] {processor.py:840} INFO - DAG(s) 'clean_day_data' retrieved from /opt/airflow/dags/clean_day_data.py
[2025-09-15T11:05:14.862+0000] {logging_mixin.py:188} INFO - [2025-09-15T11:05:14.861+0000] {dag.py:3096} INFO - Sync 1 DAGs
[2025-09-15T11:05:14.875+0000] {logging_mixin.py:188} INFO - [2025-09-15T11:05:14.875+0000] {dag.py:3954} INFO - Setting next_dagrun for clean_day_data to None, run_after=None
[2025-09-15T11:05:14.895+0000] {processor.py:183} INFO - Processing /opt/airflow/dags/clean_day_data.py took 0.087 seconds
[2025-09-15T11:05:45.323+0000] {processor.py:161} INFO - Started process (PID=7736) to work on /opt/airflow/dags/clean_day_data.py
[2025-09-15T11:05:45.324+0000] {processor.py:830} INFO - Processing file /opt/airflow/dags/clean_day_data.py for tasks to queue
[2025-09-15T11:05:45.326+0000] {logging_mixin.py:188} INFO - [2025-09-15T11:05:45.325+0000] {dagbag.py:540} INFO - Filling up the DagBag from /opt/airflow/dags/clean_day_data.py
[2025-09-15T11:05:45.345+0000] {processor.py:840} INFO - DAG(s) 'clean_day_data' retrieved from /opt/airflow/dags/clean_day_data.py
[2025-09-15T11:05:45.379+0000] {logging_mixin.py:188} INFO - [2025-09-15T11:05:45.378+0000] {dag.py:3096} INFO - Sync 1 DAGs
[2025-09-15T11:05:45.392+0000] {logging_mixin.py:188} INFO - [2025-09-15T11:05:45.392+0000] {dag.py:3954} INFO - Setting next_dagrun for clean_day_data to None, run_after=None
[2025-09-15T11:05:45.419+0000] {processor.py:183} INFO - Processing /opt/airflow/dags/clean_day_data.py took 0.102 seconds
[2025-09-15T11:06:15.835+0000] {processor.py:161} INFO - Started process (PID=7771) to work on /opt/airflow/dags/clean_day_data.py
[2025-09-15T11:06:15.836+0000] {processor.py:830} INFO - Processing file /opt/airflow/dags/clean_day_data.py for tasks to queue
[2025-09-15T11:06:15.837+0000] {logging_mixin.py:188} INFO - [2025-09-15T11:06:15.837+0000] {dagbag.py:540} INFO - Filling up the DagBag from /opt/airflow/dags/clean_day_data.py
[2025-09-15T11:06:15.857+0000] {processor.py:840} INFO - DAG(s) 'clean_day_data' retrieved from /opt/airflow/dags/clean_day_data.py
[2025-09-15T11:06:15.887+0000] {logging_mixin.py:188} INFO - [2025-09-15T11:06:15.886+0000] {dag.py:3096} INFO - Sync 1 DAGs
[2025-09-15T11:06:15.900+0000] {logging_mixin.py:188} INFO - [2025-09-15T11:06:15.900+0000] {dag.py:3954} INFO - Setting next_dagrun for clean_day_data to None, run_after=None
[2025-09-15T11:06:15.926+0000] {processor.py:183} INFO - Processing /opt/airflow/dags/clean_day_data.py took 0.096 seconds
[2025-09-15T11:06:46.603+0000] {processor.py:161} INFO - Started process (PID=7806) to work on /opt/airflow/dags/clean_day_data.py
[2025-09-15T11:06:46.604+0000] {processor.py:830} INFO - Processing file /opt/airflow/dags/clean_day_data.py for tasks to queue
[2025-09-15T11:06:46.604+0000] {logging_mixin.py:188} INFO - [2025-09-15T11:06:46.604+0000] {dagbag.py:540} INFO - Filling up the DagBag from /opt/airflow/dags/clean_day_data.py
[2025-09-15T11:06:46.624+0000] {processor.py:840} INFO - DAG(s) 'clean_day_data' retrieved from /opt/airflow/dags/clean_day_data.py
[2025-09-15T11:06:46.652+0000] {logging_mixin.py:188} INFO - [2025-09-15T11:06:46.652+0000] {dag.py:3096} INFO - Sync 1 DAGs
[2025-09-15T11:06:46.665+0000] {logging_mixin.py:188} INFO - [2025-09-15T11:06:46.664+0000] {dag.py:3954} INFO - Setting next_dagrun for clean_day_data to None, run_after=None
[2025-09-15T11:06:46.684+0000] {processor.py:183} INFO - Processing /opt/airflow/dags/clean_day_data.py took 0.088 seconds
[2025-09-15T11:07:16.808+0000] {processor.py:161} INFO - Started process (PID=7856) to work on /opt/airflow/dags/clean_day_data.py
[2025-09-15T11:07:16.809+0000] {processor.py:830} INFO - Processing file /opt/airflow/dags/clean_day_data.py for tasks to queue
[2025-09-15T11:07:16.810+0000] {logging_mixin.py:188} INFO - [2025-09-15T11:07:16.810+0000] {dagbag.py:540} INFO - Filling up the DagBag from /opt/airflow/dags/clean_day_data.py
[2025-09-15T11:07:16.831+0000] {processor.py:840} INFO - DAG(s) 'clean_day_data' retrieved from /opt/airflow/dags/clean_day_data.py
[2025-09-15T11:07:16.860+0000] {logging_mixin.py:188} INFO - [2025-09-15T11:07:16.860+0000] {dag.py:3096} INFO - Sync 1 DAGs
[2025-09-15T11:07:16.873+0000] {logging_mixin.py:188} INFO - [2025-09-15T11:07:16.873+0000] {dag.py:3954} INFO - Setting next_dagrun for clean_day_data to None, run_after=None
[2025-09-15T11:07:16.898+0000] {processor.py:183} INFO - Processing /opt/airflow/dags/clean_day_data.py took 0.097 seconds
[2025-09-15T11:07:47.298+0000] {processor.py:161} INFO - Started process (PID=7891) to work on /opt/airflow/dags/clean_day_data.py
[2025-09-15T11:07:47.305+0000] {processor.py:830} INFO - Processing file /opt/airflow/dags/clean_day_data.py for tasks to queue
[2025-09-15T11:07:47.309+0000] {logging_mixin.py:188} INFO - [2025-09-15T11:07:47.308+0000] {dagbag.py:540} INFO - Filling up the DagBag from /opt/airflow/dags/clean_day_data.py
[2025-09-15T11:07:47.334+0000] {processor.py:840} INFO - DAG(s) 'clean_day_data' retrieved from /opt/airflow/dags/clean_day_data.py
[2025-09-15T11:07:47.377+0000] {logging_mixin.py:188} INFO - [2025-09-15T11:07:47.376+0000] {dag.py:3096} INFO - Sync 1 DAGs
[2025-09-15T11:07:47.400+0000] {logging_mixin.py:188} INFO - [2025-09-15T11:07:47.399+0000] {dag.py:3954} INFO - Setting next_dagrun for clean_day_data to None, run_after=None
[2025-09-15T11:07:47.426+0000] {processor.py:183} INFO - Processing /opt/airflow/dags/clean_day_data.py took 0.138 seconds
[2025-09-15T11:08:17.924+0000] {processor.py:161} INFO - Started process (PID=7926) to work on /opt/airflow/dags/clean_day_data.py
[2025-09-15T11:08:17.925+0000] {processor.py:830} INFO - Processing file /opt/airflow/dags/clean_day_data.py for tasks to queue
[2025-09-15T11:08:17.926+0000] {logging_mixin.py:188} INFO - [2025-09-15T11:08:17.926+0000] {dagbag.py:540} INFO - Filling up the DagBag from /opt/airflow/dags/clean_day_data.py
[2025-09-15T11:08:17.985+0000] {processor.py:840} INFO - DAG(s) 'clean_day_data' retrieved from /opt/airflow/dags/clean_day_data.py
[2025-09-15T11:08:18.081+0000] {logging_mixin.py:188} INFO - [2025-09-15T11:08:18.080+0000] {dag.py:3096} INFO - Sync 1 DAGs
[2025-09-15T11:08:18.126+0000] {logging_mixin.py:188} INFO - [2025-09-15T11:08:18.126+0000] {dag.py:3954} INFO - Setting next_dagrun for clean_day_data to None, run_after=None
[2025-09-15T11:08:18.239+0000] {processor.py:183} INFO - Processing /opt/airflow/dags/clean_day_data.py took 0.333 seconds
[2025-09-15T11:08:48.586+0000] {processor.py:161} INFO - Started process (PID=7961) to work on /opt/airflow/dags/clean_day_data.py
[2025-09-15T11:08:48.589+0000] {processor.py:830} INFO - Processing file /opt/airflow/dags/clean_day_data.py for tasks to queue
[2025-09-15T11:08:48.591+0000] {logging_mixin.py:188} INFO - [2025-09-15T11:08:48.590+0000] {dagbag.py:540} INFO - Filling up the DagBag from /opt/airflow/dags/clean_day_data.py
[2025-09-15T11:08:48.730+0000] {processor.py:840} INFO - DAG(s) 'clean_day_data' retrieved from /opt/airflow/dags/clean_day_data.py
[2025-09-15T11:08:48.968+0000] {logging_mixin.py:188} INFO - [2025-09-15T11:08:48.965+0000] {dag.py:3096} INFO - Sync 1 DAGs
[2025-09-15T11:08:49.057+0000] {logging_mixin.py:188} INFO - [2025-09-15T11:08:49.056+0000] {dag.py:3954} INFO - Setting next_dagrun for clean_day_data to None, run_after=None
[2025-09-15T11:08:49.095+0000] {processor.py:183} INFO - Processing /opt/airflow/dags/clean_day_data.py took 0.524 seconds
[2025-09-15T11:09:19.889+0000] {processor.py:161} INFO - Started process (PID=8006) to work on /opt/airflow/dags/clean_day_data.py
[2025-09-15T11:09:19.891+0000] {processor.py:830} INFO - Processing file /opt/airflow/dags/clean_day_data.py for tasks to queue
[2025-09-15T11:09:19.892+0000] {logging_mixin.py:188} INFO - [2025-09-15T11:09:19.892+0000] {dagbag.py:540} INFO - Filling up the DagBag from /opt/airflow/dags/clean_day_data.py
[2025-09-15T11:09:19.919+0000] {processor.py:840} INFO - DAG(s) 'clean_day_data' retrieved from /opt/airflow/dags/clean_day_data.py
[2025-09-15T11:09:19.967+0000] {logging_mixin.py:188} INFO - [2025-09-15T11:09:19.966+0000] {dag.py:3096} INFO - Sync 1 DAGs
[2025-09-15T11:09:19.981+0000] {logging_mixin.py:188} INFO - [2025-09-15T11:09:19.980+0000] {dag.py:3954} INFO - Setting next_dagrun for clean_day_data to None, run_after=None
[2025-09-15T11:09:20.031+0000] {processor.py:183} INFO - Processing /opt/airflow/dags/clean_day_data.py took 0.163 seconds
[2025-09-15T11:09:50.411+0000] {processor.py:161} INFO - Started process (PID=8041) to work on /opt/airflow/dags/clean_day_data.py
[2025-09-15T11:09:50.412+0000] {processor.py:830} INFO - Processing file /opt/airflow/dags/clean_day_data.py for tasks to queue
[2025-09-15T11:09:50.414+0000] {logging_mixin.py:188} INFO - [2025-09-15T11:09:50.413+0000] {dagbag.py:540} INFO - Filling up the DagBag from /opt/airflow/dags/clean_day_data.py
[2025-09-15T11:09:50.439+0000] {processor.py:840} INFO - DAG(s) 'clean_day_data' retrieved from /opt/airflow/dags/clean_day_data.py
[2025-09-15T11:09:50.482+0000] {logging_mixin.py:188} INFO - [2025-09-15T11:09:50.482+0000] {dag.py:3096} INFO - Sync 1 DAGs
[2025-09-15T11:09:50.498+0000] {logging_mixin.py:188} INFO - [2025-09-15T11:09:50.497+0000] {dag.py:3954} INFO - Setting next_dagrun for clean_day_data to None, run_after=None
[2025-09-15T11:09:50.525+0000] {processor.py:183} INFO - Processing /opt/airflow/dags/clean_day_data.py took 0.121 seconds
[2025-09-15T11:10:21.226+0000] {processor.py:161} INFO - Started process (PID=8091) to work on /opt/airflow/dags/clean_day_data.py
[2025-09-15T11:10:21.227+0000] {processor.py:830} INFO - Processing file /opt/airflow/dags/clean_day_data.py for tasks to queue
[2025-09-15T11:10:21.229+0000] {logging_mixin.py:188} INFO - [2025-09-15T11:10:21.228+0000] {dagbag.py:540} INFO - Filling up the DagBag from /opt/airflow/dags/clean_day_data.py
[2025-09-15T11:10:21.307+0000] {processor.py:840} INFO - DAG(s) 'clean_day_data' retrieved from /opt/airflow/dags/clean_day_data.py
[2025-09-15T11:10:21.367+0000] {logging_mixin.py:188} INFO - [2025-09-15T11:10:21.366+0000] {dag.py:3096} INFO - Sync 1 DAGs
[2025-09-15T11:10:21.393+0000] {logging_mixin.py:188} INFO - [2025-09-15T11:10:21.392+0000] {dag.py:3954} INFO - Setting next_dagrun for clean_day_data to None, run_after=None
[2025-09-15T11:10:21.429+0000] {processor.py:183} INFO - Processing /opt/airflow/dags/clean_day_data.py took 0.215 seconds
[2025-09-15T11:10:51.705+0000] {processor.py:161} INFO - Started process (PID=8126) to work on /opt/airflow/dags/clean_day_data.py
[2025-09-15T11:10:51.706+0000] {processor.py:830} INFO - Processing file /opt/airflow/dags/clean_day_data.py for tasks to queue
[2025-09-15T11:10:51.707+0000] {logging_mixin.py:188} INFO - [2025-09-15T11:10:51.707+0000] {dagbag.py:540} INFO - Filling up the DagBag from /opt/airflow/dags/clean_day_data.py
[2025-09-15T11:10:51.725+0000] {processor.py:840} INFO - DAG(s) 'clean_day_data' retrieved from /opt/airflow/dags/clean_day_data.py
[2025-09-15T11:10:51.757+0000] {logging_mixin.py:188} INFO - [2025-09-15T11:10:51.756+0000] {dag.py:3096} INFO - Sync 1 DAGs
[2025-09-15T11:10:51.769+0000] {logging_mixin.py:188} INFO - [2025-09-15T11:10:51.768+0000] {dag.py:3954} INFO - Setting next_dagrun for clean_day_data to None, run_after=None
[2025-09-15T11:10:51.789+0000] {processor.py:183} INFO - Processing /opt/airflow/dags/clean_day_data.py took 0.089 seconds
[2025-09-15T11:11:22.240+0000] {processor.py:161} INFO - Started process (PID=8161) to work on /opt/airflow/dags/clean_day_data.py
[2025-09-15T11:11:22.241+0000] {processor.py:830} INFO - Processing file /opt/airflow/dags/clean_day_data.py for tasks to queue
[2025-09-15T11:11:22.242+0000] {logging_mixin.py:188} INFO - [2025-09-15T11:11:22.241+0000] {dagbag.py:540} INFO - Filling up the DagBag from /opt/airflow/dags/clean_day_data.py
[2025-09-15T11:11:22.260+0000] {processor.py:840} INFO - DAG(s) 'clean_day_data' retrieved from /opt/airflow/dags/clean_day_data.py
[2025-09-15T11:11:22.287+0000] {logging_mixin.py:188} INFO - [2025-09-15T11:11:22.286+0000] {dag.py:3096} INFO - Sync 1 DAGs
[2025-09-15T11:11:22.301+0000] {logging_mixin.py:188} INFO - [2025-09-15T11:11:22.301+0000] {dag.py:3954} INFO - Setting next_dagrun for clean_day_data to None, run_after=None
[2025-09-15T11:11:22.324+0000] {processor.py:183} INFO - Processing /opt/airflow/dags/clean_day_data.py took 0.090 seconds
[2025-09-15T11:11:52.834+0000] {processor.py:161} INFO - Started process (PID=8196) to work on /opt/airflow/dags/clean_day_data.py
[2025-09-15T11:11:52.835+0000] {processor.py:830} INFO - Processing file /opt/airflow/dags/clean_day_data.py for tasks to queue
[2025-09-15T11:11:52.835+0000] {logging_mixin.py:188} INFO - [2025-09-15T11:11:52.835+0000] {dagbag.py:540} INFO - Filling up the DagBag from /opt/airflow/dags/clean_day_data.py
[2025-09-15T11:11:52.856+0000] {processor.py:840} INFO - DAG(s) 'clean_day_data' retrieved from /opt/airflow/dags/clean_day_data.py
[2025-09-15T11:11:52.887+0000] {logging_mixin.py:188} INFO - [2025-09-15T11:11:52.887+0000] {dag.py:3096} INFO - Sync 1 DAGs
[2025-09-15T11:11:52.901+0000] {logging_mixin.py:188} INFO - [2025-09-15T11:11:52.901+0000] {dag.py:3954} INFO - Setting next_dagrun for clean_day_data to None, run_after=None
[2025-09-15T11:11:52.920+0000] {processor.py:183} INFO - Processing /opt/airflow/dags/clean_day_data.py took 0.092 seconds
[2025-09-15T11:12:23.512+0000] {processor.py:161} INFO - Started process (PID=8231) to work on /opt/airflow/dags/clean_day_data.py
[2025-09-15T11:12:23.513+0000] {processor.py:830} INFO - Processing file /opt/airflow/dags/clean_day_data.py for tasks to queue
[2025-09-15T11:12:23.514+0000] {logging_mixin.py:188} INFO - [2025-09-15T11:12:23.514+0000] {dagbag.py:540} INFO - Filling up the DagBag from /opt/airflow/dags/clean_day_data.py
[2025-09-15T11:12:23.532+0000] {processor.py:840} INFO - DAG(s) 'clean_day_data' retrieved from /opt/airflow/dags/clean_day_data.py
[2025-09-15T11:12:23.561+0000] {logging_mixin.py:188} INFO - [2025-09-15T11:12:23.561+0000] {dag.py:3096} INFO - Sync 1 DAGs
[2025-09-15T11:12:23.581+0000] {logging_mixin.py:188} INFO - [2025-09-15T11:12:23.581+0000] {dag.py:3954} INFO - Setting next_dagrun for clean_day_data to None, run_after=None
[2025-09-15T11:12:23.601+0000] {processor.py:183} INFO - Processing /opt/airflow/dags/clean_day_data.py took 0.095 seconds
[2025-09-15T11:12:53.950+0000] {processor.py:161} INFO - Started process (PID=8266) to work on /opt/airflow/dags/clean_day_data.py
[2025-09-15T11:12:53.951+0000] {processor.py:830} INFO - Processing file /opt/airflow/dags/clean_day_data.py for tasks to queue
[2025-09-15T11:12:53.952+0000] {logging_mixin.py:188} INFO - [2025-09-15T11:12:53.952+0000] {dagbag.py:540} INFO - Filling up the DagBag from /opt/airflow/dags/clean_day_data.py
[2025-09-15T11:12:53.968+0000] {processor.py:840} INFO - DAG(s) 'clean_day_data' retrieved from /opt/airflow/dags/clean_day_data.py
[2025-09-15T11:12:54.008+0000] {logging_mixin.py:188} INFO - [2025-09-15T11:12:54.008+0000] {dag.py:3096} INFO - Sync 1 DAGs
[2025-09-15T11:12:54.022+0000] {logging_mixin.py:188} INFO - [2025-09-15T11:12:54.021+0000] {dag.py:3954} INFO - Setting next_dagrun for clean_day_data to None, run_after=None
[2025-09-15T11:12:54.040+0000] {processor.py:183} INFO - Processing /opt/airflow/dags/clean_day_data.py took 0.096 seconds
[2025-09-15T11:13:24.516+0000] {processor.py:161} INFO - Started process (PID=8301) to work on /opt/airflow/dags/clean_day_data.py
[2025-09-15T11:13:24.517+0000] {processor.py:830} INFO - Processing file /opt/airflow/dags/clean_day_data.py for tasks to queue
[2025-09-15T11:13:24.518+0000] {logging_mixin.py:188} INFO - [2025-09-15T11:13:24.518+0000] {dagbag.py:540} INFO - Filling up the DagBag from /opt/airflow/dags/clean_day_data.py
[2025-09-15T11:13:24.543+0000] {processor.py:840} INFO - DAG(s) 'clean_day_data' retrieved from /opt/airflow/dags/clean_day_data.py
[2025-09-15T11:13:24.573+0000] {logging_mixin.py:188} INFO - [2025-09-15T11:13:24.573+0000] {dag.py:3096} INFO - Sync 1 DAGs
[2025-09-15T11:13:24.586+0000] {logging_mixin.py:188} INFO - [2025-09-15T11:13:24.586+0000] {dag.py:3954} INFO - Setting next_dagrun for clean_day_data to None, run_after=None
[2025-09-15T11:13:24.608+0000] {processor.py:183} INFO - Processing /opt/airflow/dags/clean_day_data.py took 0.098 seconds
[2025-09-15T11:13:55.134+0000] {processor.py:161} INFO - Started process (PID=8336) to work on /opt/airflow/dags/clean_day_data.py
[2025-09-15T11:13:55.156+0000] {processor.py:830} INFO - Processing file /opt/airflow/dags/clean_day_data.py for tasks to queue
[2025-09-15T11:13:55.160+0000] {logging_mixin.py:188} INFO - [2025-09-15T11:13:55.159+0000] {dagbag.py:540} INFO - Filling up the DagBag from /opt/airflow/dags/clean_day_data.py
[2025-09-15T11:13:55.218+0000] {processor.py:840} INFO - DAG(s) 'clean_day_data' retrieved from /opt/airflow/dags/clean_day_data.py
[2025-09-15T11:13:55.317+0000] {logging_mixin.py:188} INFO - [2025-09-15T11:13:55.316+0000] {dag.py:3096} INFO - Sync 1 DAGs
[2025-09-15T11:13:55.344+0000] {logging_mixin.py:188} INFO - [2025-09-15T11:13:55.344+0000] {dag.py:3954} INFO - Setting next_dagrun for clean_day_data to None, run_after=None
[2025-09-15T11:13:55.425+0000] {processor.py:183} INFO - Processing /opt/airflow/dags/clean_day_data.py took 0.315 seconds
[2025-09-15T11:14:25.547+0000] {processor.py:161} INFO - Started process (PID=8371) to work on /opt/airflow/dags/clean_day_data.py
[2025-09-15T11:14:25.548+0000] {processor.py:830} INFO - Processing file /opt/airflow/dags/clean_day_data.py for tasks to queue
[2025-09-15T11:14:25.548+0000] {logging_mixin.py:188} INFO - [2025-09-15T11:14:25.548+0000] {dagbag.py:540} INFO - Filling up the DagBag from /opt/airflow/dags/clean_day_data.py
[2025-09-15T11:14:25.567+0000] {processor.py:840} INFO - DAG(s) 'clean_day_data' retrieved from /opt/airflow/dags/clean_day_data.py
[2025-09-15T11:14:25.604+0000] {logging_mixin.py:188} INFO - [2025-09-15T11:14:25.604+0000] {dag.py:3096} INFO - Sync 1 DAGs
[2025-09-15T11:14:25.620+0000] {logging_mixin.py:188} INFO - [2025-09-15T11:14:25.620+0000] {dag.py:3954} INFO - Setting next_dagrun for clean_day_data to None, run_after=None
[2025-09-15T11:14:25.643+0000] {processor.py:183} INFO - Processing /opt/airflow/dags/clean_day_data.py took 0.103 seconds
[2025-09-15T11:14:56.124+0000] {processor.py:161} INFO - Started process (PID=8406) to work on /opt/airflow/dags/clean_day_data.py
[2025-09-15T11:14:56.126+0000] {processor.py:830} INFO - Processing file /opt/airflow/dags/clean_day_data.py for tasks to queue
[2025-09-15T11:14:56.127+0000] {logging_mixin.py:188} INFO - [2025-09-15T11:14:56.127+0000] {dagbag.py:540} INFO - Filling up the DagBag from /opt/airflow/dags/clean_day_data.py
[2025-09-15T11:14:56.159+0000] {processor.py:840} INFO - DAG(s) 'clean_day_data' retrieved from /opt/airflow/dags/clean_day_data.py
[2025-09-15T11:14:56.211+0000] {logging_mixin.py:188} INFO - [2025-09-15T11:14:56.210+0000] {dag.py:3096} INFO - Sync 1 DAGs
[2025-09-15T11:14:56.243+0000] {logging_mixin.py:188} INFO - [2025-09-15T11:14:56.243+0000] {dag.py:3954} INFO - Setting next_dagrun for clean_day_data to None, run_after=None
[2025-09-15T11:14:56.283+0000] {processor.py:183} INFO - Processing /opt/airflow/dags/clean_day_data.py took 0.168 seconds
[2025-09-15T11:15:26.603+0000] {processor.py:161} INFO - Started process (PID=8441) to work on /opt/airflow/dags/clean_day_data.py
[2025-09-15T11:15:26.607+0000] {processor.py:830} INFO - Processing file /opt/airflow/dags/clean_day_data.py for tasks to queue
[2025-09-15T11:15:26.610+0000] {logging_mixin.py:188} INFO - [2025-09-15T11:15:26.609+0000] {dagbag.py:540} INFO - Filling up the DagBag from /opt/airflow/dags/clean_day_data.py
[2025-09-15T11:15:26.657+0000] {processor.py:840} INFO - DAG(s) 'clean_day_data' retrieved from /opt/airflow/dags/clean_day_data.py
[2025-09-15T11:15:26.761+0000] {logging_mixin.py:188} INFO - [2025-09-15T11:15:26.760+0000] {dag.py:3096} INFO - Sync 1 DAGs
[2025-09-15T11:15:26.842+0000] {logging_mixin.py:188} INFO - [2025-09-15T11:15:26.842+0000] {dag.py:3954} INFO - Setting next_dagrun for clean_day_data to None, run_after=None
[2025-09-15T11:15:26.894+0000] {processor.py:183} INFO - Processing /opt/airflow/dags/clean_day_data.py took 0.305 seconds
[2025-09-15T11:15:57.471+0000] {processor.py:161} INFO - Started process (PID=8476) to work on /opt/airflow/dags/clean_day_data.py
[2025-09-15T11:15:57.473+0000] {processor.py:830} INFO - Processing file /opt/airflow/dags/clean_day_data.py for tasks to queue
[2025-09-15T11:15:57.474+0000] {logging_mixin.py:188} INFO - [2025-09-15T11:15:57.474+0000] {dagbag.py:540} INFO - Filling up the DagBag from /opt/airflow/dags/clean_day_data.py
[2025-09-15T11:15:57.499+0000] {processor.py:840} INFO - DAG(s) 'clean_day_data' retrieved from /opt/airflow/dags/clean_day_data.py
[2025-09-15T11:15:57.528+0000] {logging_mixin.py:188} INFO - [2025-09-15T11:15:57.528+0000] {dag.py:3096} INFO - Sync 1 DAGs
[2025-09-15T11:15:57.542+0000] {logging_mixin.py:188} INFO - [2025-09-15T11:15:57.542+0000] {dag.py:3954} INFO - Setting next_dagrun for clean_day_data to None, run_after=None
[2025-09-15T11:15:57.564+0000] {processor.py:183} INFO - Processing /opt/airflow/dags/clean_day_data.py took 0.100 seconds
[2025-09-15T11:16:28.198+0000] {processor.py:161} INFO - Started process (PID=8511) to work on /opt/airflow/dags/clean_day_data.py
[2025-09-15T11:16:28.199+0000] {processor.py:830} INFO - Processing file /opt/airflow/dags/clean_day_data.py for tasks to queue
[2025-09-15T11:16:28.200+0000] {logging_mixin.py:188} INFO - [2025-09-15T11:16:28.200+0000] {dagbag.py:540} INFO - Filling up the DagBag from /opt/airflow/dags/clean_day_data.py
[2025-09-15T11:16:28.222+0000] {processor.py:840} INFO - DAG(s) 'clean_day_data' retrieved from /opt/airflow/dags/clean_day_data.py
[2025-09-15T11:16:28.256+0000] {logging_mixin.py:188} INFO - [2025-09-15T11:16:28.256+0000] {dag.py:3096} INFO - Sync 1 DAGs
[2025-09-15T11:16:28.271+0000] {logging_mixin.py:188} INFO - [2025-09-15T11:16:28.270+0000] {dag.py:3954} INFO - Setting next_dagrun for clean_day_data to None, run_after=None
[2025-09-15T11:16:28.295+0000] {processor.py:183} INFO - Processing /opt/airflow/dags/clean_day_data.py took 0.102 seconds
[2025-09-15T11:16:58.945+0000] {processor.py:161} INFO - Started process (PID=8546) to work on /opt/airflow/dags/clean_day_data.py
[2025-09-15T11:16:58.947+0000] {processor.py:830} INFO - Processing file /opt/airflow/dags/clean_day_data.py for tasks to queue
[2025-09-15T11:16:58.948+0000] {logging_mixin.py:188} INFO - [2025-09-15T11:16:58.948+0000] {dagbag.py:540} INFO - Filling up the DagBag from /opt/airflow/dags/clean_day_data.py
[2025-09-15T11:16:58.971+0000] {processor.py:840} INFO - DAG(s) 'clean_day_data' retrieved from /opt/airflow/dags/clean_day_data.py
[2025-09-15T11:16:59.010+0000] {logging_mixin.py:188} INFO - [2025-09-15T11:16:59.010+0000] {dag.py:3096} INFO - Sync 1 DAGs
[2025-09-15T11:16:59.030+0000] {logging_mixin.py:188} INFO - [2025-09-15T11:16:59.029+0000] {dag.py:3954} INFO - Setting next_dagrun for clean_day_data to None, run_after=None
[2025-09-15T11:16:59.059+0000] {processor.py:183} INFO - Processing /opt/airflow/dags/clean_day_data.py took 0.120 seconds
[2025-09-15T11:17:29.626+0000] {processor.py:161} INFO - Started process (PID=8581) to work on /opt/airflow/dags/clean_day_data.py
[2025-09-15T11:17:29.627+0000] {processor.py:830} INFO - Processing file /opt/airflow/dags/clean_day_data.py for tasks to queue
[2025-09-15T11:17:29.628+0000] {logging_mixin.py:188} INFO - [2025-09-15T11:17:29.628+0000] {dagbag.py:540} INFO - Filling up the DagBag from /opt/airflow/dags/clean_day_data.py
[2025-09-15T11:17:29.649+0000] {processor.py:840} INFO - DAG(s) 'clean_day_data' retrieved from /opt/airflow/dags/clean_day_data.py
[2025-09-15T11:17:29.679+0000] {logging_mixin.py:188} INFO - [2025-09-15T11:17:29.679+0000] {dag.py:3096} INFO - Sync 1 DAGs
[2025-09-15T11:17:29.692+0000] {logging_mixin.py:188} INFO - [2025-09-15T11:17:29.692+0000] {dag.py:3954} INFO - Setting next_dagrun for clean_day_data to None, run_after=None
[2025-09-15T11:17:29.713+0000] {processor.py:183} INFO - Processing /opt/airflow/dags/clean_day_data.py took 0.094 seconds
[2025-09-15T11:18:00.184+0000] {processor.py:161} INFO - Started process (PID=8616) to work on /opt/airflow/dags/clean_day_data.py
[2025-09-15T11:18:00.186+0000] {processor.py:830} INFO - Processing file /opt/airflow/dags/clean_day_data.py for tasks to queue
[2025-09-15T11:18:00.187+0000] {logging_mixin.py:188} INFO - [2025-09-15T11:18:00.187+0000] {dagbag.py:540} INFO - Filling up the DagBag from /opt/airflow/dags/clean_day_data.py
[2025-09-15T11:18:00.207+0000] {processor.py:840} INFO - DAG(s) 'clean_day_data' retrieved from /opt/airflow/dags/clean_day_data.py
[2025-09-15T11:18:00.239+0000] {logging_mixin.py:188} INFO - [2025-09-15T11:18:00.239+0000] {dag.py:3096} INFO - Sync 1 DAGs
[2025-09-15T11:18:00.253+0000] {logging_mixin.py:188} INFO - [2025-09-15T11:18:00.253+0000] {dag.py:3954} INFO - Setting next_dagrun for clean_day_data to None, run_after=None
[2025-09-15T11:18:00.275+0000] {processor.py:183} INFO - Processing /opt/airflow/dags/clean_day_data.py took 0.099 seconds
[2025-09-15T11:18:30.706+0000] {processor.py:161} INFO - Started process (PID=8651) to work on /opt/airflow/dags/clean_day_data.py
[2025-09-15T11:18:30.707+0000] {processor.py:830} INFO - Processing file /opt/airflow/dags/clean_day_data.py for tasks to queue
[2025-09-15T11:18:30.708+0000] {logging_mixin.py:188} INFO - [2025-09-15T11:18:30.708+0000] {dagbag.py:540} INFO - Filling up the DagBag from /opt/airflow/dags/clean_day_data.py
[2025-09-15T11:18:30.730+0000] {processor.py:840} INFO - DAG(s) 'clean_day_data' retrieved from /opt/airflow/dags/clean_day_data.py
[2025-09-15T11:18:30.759+0000] {logging_mixin.py:188} INFO - [2025-09-15T11:18:30.759+0000] {dag.py:3096} INFO - Sync 1 DAGs
[2025-09-15T11:18:30.773+0000] {logging_mixin.py:188} INFO - [2025-09-15T11:18:30.773+0000] {dag.py:3954} INFO - Setting next_dagrun for clean_day_data to None, run_after=None
[2025-09-15T11:18:30.794+0000] {processor.py:183} INFO - Processing /opt/airflow/dags/clean_day_data.py took 0.094 seconds
[2025-09-15T11:19:01.284+0000] {processor.py:161} INFO - Started process (PID=8686) to work on /opt/airflow/dags/clean_day_data.py
[2025-09-15T11:19:01.285+0000] {processor.py:830} INFO - Processing file /opt/airflow/dags/clean_day_data.py for tasks to queue
[2025-09-15T11:19:01.286+0000] {logging_mixin.py:188} INFO - [2025-09-15T11:19:01.286+0000] {dagbag.py:540} INFO - Filling up the DagBag from /opt/airflow/dags/clean_day_data.py
[2025-09-15T11:19:01.306+0000] {processor.py:840} INFO - DAG(s) 'clean_day_data' retrieved from /opt/airflow/dags/clean_day_data.py
[2025-09-15T11:19:01.337+0000] {logging_mixin.py:188} INFO - [2025-09-15T11:19:01.336+0000] {dag.py:3096} INFO - Sync 1 DAGs
[2025-09-15T11:19:01.351+0000] {logging_mixin.py:188} INFO - [2025-09-15T11:19:01.351+0000] {dag.py:3954} INFO - Setting next_dagrun for clean_day_data to None, run_after=None
[2025-09-15T11:19:01.373+0000] {processor.py:183} INFO - Processing /opt/airflow/dags/clean_day_data.py took 0.095 seconds
[2025-09-15T11:19:31.715+0000] {processor.py:161} INFO - Started process (PID=8721) to work on /opt/airflow/dags/clean_day_data.py
[2025-09-15T11:19:31.717+0000] {processor.py:830} INFO - Processing file /opt/airflow/dags/clean_day_data.py for tasks to queue
[2025-09-15T11:19:31.718+0000] {logging_mixin.py:188} INFO - [2025-09-15T11:19:31.717+0000] {dagbag.py:540} INFO - Filling up the DagBag from /opt/airflow/dags/clean_day_data.py
[2025-09-15T11:19:31.741+0000] {processor.py:840} INFO - DAG(s) 'clean_day_data' retrieved from /opt/airflow/dags/clean_day_data.py
[2025-09-15T11:19:31.771+0000] {logging_mixin.py:188} INFO - [2025-09-15T11:19:31.771+0000] {dag.py:3096} INFO - Sync 1 DAGs
[2025-09-15T11:19:31.785+0000] {logging_mixin.py:188} INFO - [2025-09-15T11:19:31.785+0000] {dag.py:3954} INFO - Setting next_dagrun for clean_day_data to None, run_after=None
[2025-09-15T11:19:31.806+0000] {processor.py:183} INFO - Processing /opt/airflow/dags/clean_day_data.py took 0.099 seconds
[2025-09-15T11:20:02.324+0000] {processor.py:161} INFO - Started process (PID=8756) to work on /opt/airflow/dags/clean_day_data.py
[2025-09-15T11:20:02.325+0000] {processor.py:830} INFO - Processing file /opt/airflow/dags/clean_day_data.py for tasks to queue
[2025-09-15T11:20:02.326+0000] {logging_mixin.py:188} INFO - [2025-09-15T11:20:02.325+0000] {dagbag.py:540} INFO - Filling up the DagBag from /opt/airflow/dags/clean_day_data.py
[2025-09-15T11:20:02.346+0000] {processor.py:840} INFO - DAG(s) 'clean_day_data' retrieved from /opt/airflow/dags/clean_day_data.py
[2025-09-15T11:20:02.382+0000] {logging_mixin.py:188} INFO - [2025-09-15T11:20:02.381+0000] {dag.py:3096} INFO - Sync 1 DAGs
[2025-09-15T11:20:02.406+0000] {logging_mixin.py:188} INFO - [2025-09-15T11:20:02.406+0000] {dag.py:3954} INFO - Setting next_dagrun for clean_day_data to None, run_after=None
[2025-09-15T11:20:02.438+0000] {processor.py:183} INFO - Processing /opt/airflow/dags/clean_day_data.py took 0.120 seconds
[2025-09-15T11:20:32.943+0000] {processor.py:161} INFO - Started process (PID=8791) to work on /opt/airflow/dags/clean_day_data.py
[2025-09-15T11:20:32.944+0000] {processor.py:830} INFO - Processing file /opt/airflow/dags/clean_day_data.py for tasks to queue
[2025-09-15T11:20:32.945+0000] {logging_mixin.py:188} INFO - [2025-09-15T11:20:32.944+0000] {dagbag.py:540} INFO - Filling up the DagBag from /opt/airflow/dags/clean_day_data.py
[2025-09-15T11:20:32.964+0000] {processor.py:840} INFO - DAG(s) 'clean_day_data' retrieved from /opt/airflow/dags/clean_day_data.py
[2025-09-15T11:20:32.996+0000] {logging_mixin.py:188} INFO - [2025-09-15T11:20:32.995+0000] {dag.py:3096} INFO - Sync 1 DAGs
[2025-09-15T11:20:33.009+0000] {logging_mixin.py:188} INFO - [2025-09-15T11:20:33.008+0000] {dag.py:3954} INFO - Setting next_dagrun for clean_day_data to None, run_after=None
[2025-09-15T11:20:33.036+0000] {processor.py:183} INFO - Processing /opt/airflow/dags/clean_day_data.py took 0.099 seconds
[2025-09-15T11:21:03.443+0000] {processor.py:161} INFO - Started process (PID=8826) to work on /opt/airflow/dags/clean_day_data.py
[2025-09-15T11:21:03.444+0000] {processor.py:830} INFO - Processing file /opt/airflow/dags/clean_day_data.py for tasks to queue
[2025-09-15T11:21:03.445+0000] {logging_mixin.py:188} INFO - [2025-09-15T11:21:03.445+0000] {dagbag.py:540} INFO - Filling up the DagBag from /opt/airflow/dags/clean_day_data.py
[2025-09-15T11:21:03.463+0000] {processor.py:840} INFO - DAG(s) 'clean_day_data' retrieved from /opt/airflow/dags/clean_day_data.py
[2025-09-15T11:21:03.491+0000] {logging_mixin.py:188} INFO - [2025-09-15T11:21:03.491+0000] {dag.py:3096} INFO - Sync 1 DAGs
[2025-09-15T11:21:03.505+0000] {logging_mixin.py:188} INFO - [2025-09-15T11:21:03.505+0000] {dag.py:3954} INFO - Setting next_dagrun for clean_day_data to None, run_after=None
[2025-09-15T11:21:03.524+0000] {processor.py:183} INFO - Processing /opt/airflow/dags/clean_day_data.py took 0.086 seconds
[2025-09-15T11:21:33.932+0000] {processor.py:161} INFO - Started process (PID=8861) to work on /opt/airflow/dags/clean_day_data.py
[2025-09-15T11:21:33.933+0000] {processor.py:830} INFO - Processing file /opt/airflow/dags/clean_day_data.py for tasks to queue
[2025-09-15T11:21:33.934+0000] {logging_mixin.py:188} INFO - [2025-09-15T11:21:33.934+0000] {dagbag.py:540} INFO - Filling up the DagBag from /opt/airflow/dags/clean_day_data.py
[2025-09-15T11:21:33.963+0000] {processor.py:840} INFO - DAG(s) 'clean_day_data' retrieved from /opt/airflow/dags/clean_day_data.py
[2025-09-15T11:21:33.992+0000] {logging_mixin.py:188} INFO - [2025-09-15T11:21:33.992+0000] {dag.py:3096} INFO - Sync 1 DAGs
[2025-09-15T11:21:34.006+0000] {logging_mixin.py:188} INFO - [2025-09-15T11:21:34.006+0000] {dag.py:3954} INFO - Setting next_dagrun for clean_day_data to None, run_after=None
[2025-09-15T11:21:34.027+0000] {processor.py:183} INFO - Processing /opt/airflow/dags/clean_day_data.py took 0.101 seconds
[2025-09-15T11:22:04.707+0000] {processor.py:161} INFO - Started process (PID=8896) to work on /opt/airflow/dags/clean_day_data.py
[2025-09-15T11:22:04.708+0000] {processor.py:830} INFO - Processing file /opt/airflow/dags/clean_day_data.py for tasks to queue
[2025-09-15T11:22:04.709+0000] {logging_mixin.py:188} INFO - [2025-09-15T11:22:04.708+0000] {dagbag.py:540} INFO - Filling up the DagBag from /opt/airflow/dags/clean_day_data.py
[2025-09-15T11:22:04.731+0000] {processor.py:840} INFO - DAG(s) 'clean_day_data' retrieved from /opt/airflow/dags/clean_day_data.py
[2025-09-15T11:22:04.825+0000] {logging_mixin.py:188} INFO - [2025-09-15T11:22:04.825+0000] {dag.py:3096} INFO - Sync 1 DAGs
[2025-09-15T11:22:04.855+0000] {logging_mixin.py:188} INFO - [2025-09-15T11:22:04.854+0000] {dag.py:3954} INFO - Setting next_dagrun for clean_day_data to None, run_after=None
[2025-09-15T11:22:04.916+0000] {processor.py:183} INFO - Processing /opt/airflow/dags/clean_day_data.py took 0.219 seconds
[2025-09-15T11:22:35.929+0000] {processor.py:161} INFO - Started process (PID=8931) to work on /opt/airflow/dags/clean_day_data.py
[2025-09-15T11:22:35.930+0000] {processor.py:830} INFO - Processing file /opt/airflow/dags/clean_day_data.py for tasks to queue
[2025-09-15T11:22:35.931+0000] {logging_mixin.py:188} INFO - [2025-09-15T11:22:35.931+0000] {dagbag.py:540} INFO - Filling up the DagBag from /opt/airflow/dags/clean_day_data.py
[2025-09-15T11:22:35.949+0000] {processor.py:840} INFO - DAG(s) 'clean_day_data' retrieved from /opt/airflow/dags/clean_day_data.py
[2025-09-15T11:22:35.989+0000] {logging_mixin.py:188} INFO - [2025-09-15T11:22:35.989+0000] {dag.py:3096} INFO - Sync 1 DAGs
[2025-09-15T11:22:36.001+0000] {logging_mixin.py:188} INFO - [2025-09-15T11:22:36.001+0000] {dag.py:3954} INFO - Setting next_dagrun for clean_day_data to None, run_after=None
[2025-09-15T11:22:36.028+0000] {processor.py:183} INFO - Processing /opt/airflow/dags/clean_day_data.py took 0.104 seconds
[2025-09-15T11:23:06.585+0000] {processor.py:161} INFO - Started process (PID=8966) to work on /opt/airflow/dags/clean_day_data.py
[2025-09-15T11:23:06.586+0000] {processor.py:830} INFO - Processing file /opt/airflow/dags/clean_day_data.py for tasks to queue
[2025-09-15T11:23:06.587+0000] {logging_mixin.py:188} INFO - [2025-09-15T11:23:06.587+0000] {dagbag.py:540} INFO - Filling up the DagBag from /opt/airflow/dags/clean_day_data.py
[2025-09-15T11:23:06.607+0000] {processor.py:840} INFO - DAG(s) 'clean_day_data' retrieved from /opt/airflow/dags/clean_day_data.py
[2025-09-15T11:23:06.638+0000] {logging_mixin.py:188} INFO - [2025-09-15T11:23:06.637+0000] {dag.py:3096} INFO - Sync 1 DAGs
[2025-09-15T11:23:06.651+0000] {logging_mixin.py:188} INFO - [2025-09-15T11:23:06.651+0000] {dag.py:3954} INFO - Setting next_dagrun for clean_day_data to None, run_after=None
[2025-09-15T11:23:06.673+0000] {processor.py:183} INFO - Processing /opt/airflow/dags/clean_day_data.py took 0.094 seconds
[2025-09-15T11:23:37.113+0000] {processor.py:161} INFO - Started process (PID=9001) to work on /opt/airflow/dags/clean_day_data.py
[2025-09-15T11:23:37.114+0000] {processor.py:830} INFO - Processing file /opt/airflow/dags/clean_day_data.py for tasks to queue
[2025-09-15T11:23:37.115+0000] {logging_mixin.py:188} INFO - [2025-09-15T11:23:37.114+0000] {dagbag.py:540} INFO - Filling up the DagBag from /opt/airflow/dags/clean_day_data.py
[2025-09-15T11:23:37.134+0000] {processor.py:840} INFO - DAG(s) 'clean_day_data' retrieved from /opt/airflow/dags/clean_day_data.py
[2025-09-15T11:23:37.161+0000] {logging_mixin.py:188} INFO - [2025-09-15T11:23:37.160+0000] {dag.py:3096} INFO - Sync 1 DAGs
[2025-09-15T11:23:37.173+0000] {logging_mixin.py:188} INFO - [2025-09-15T11:23:37.172+0000] {dag.py:3954} INFO - Setting next_dagrun for clean_day_data to None, run_after=None
[2025-09-15T11:23:37.193+0000] {processor.py:183} INFO - Processing /opt/airflow/dags/clean_day_data.py took 0.086 seconds
[2025-09-15T11:24:07.586+0000] {processor.py:161} INFO - Started process (PID=9036) to work on /opt/airflow/dags/clean_day_data.py
[2025-09-15T11:24:07.587+0000] {processor.py:830} INFO - Processing file /opt/airflow/dags/clean_day_data.py for tasks to queue
[2025-09-15T11:24:07.587+0000] {logging_mixin.py:188} INFO - [2025-09-15T11:24:07.587+0000] {dagbag.py:540} INFO - Filling up the DagBag from /opt/airflow/dags/clean_day_data.py
[2025-09-15T11:24:07.606+0000] {processor.py:840} INFO - DAG(s) 'clean_day_data' retrieved from /opt/airflow/dags/clean_day_data.py
[2025-09-15T11:24:07.633+0000] {logging_mixin.py:188} INFO - [2025-09-15T11:24:07.633+0000] {dag.py:3096} INFO - Sync 1 DAGs
[2025-09-15T11:24:07.648+0000] {logging_mixin.py:188} INFO - [2025-09-15T11:24:07.647+0000] {dag.py:3954} INFO - Setting next_dagrun for clean_day_data to None, run_after=None
[2025-09-15T11:24:07.677+0000] {processor.py:183} INFO - Processing /opt/airflow/dags/clean_day_data.py took 0.096 seconds
[2025-09-15T11:24:38.082+0000] {processor.py:161} INFO - Started process (PID=9071) to work on /opt/airflow/dags/clean_day_data.py
[2025-09-15T11:24:38.083+0000] {processor.py:830} INFO - Processing file /opt/airflow/dags/clean_day_data.py for tasks to queue
[2025-09-15T11:24:38.084+0000] {logging_mixin.py:188} INFO - [2025-09-15T11:24:38.084+0000] {dagbag.py:540} INFO - Filling up the DagBag from /opt/airflow/dags/clean_day_data.py
[2025-09-15T11:24:38.102+0000] {processor.py:840} INFO - DAG(s) 'clean_day_data' retrieved from /opt/airflow/dags/clean_day_data.py
[2025-09-15T11:24:38.129+0000] {logging_mixin.py:188} INFO - [2025-09-15T11:24:38.129+0000] {dag.py:3096} INFO - Sync 1 DAGs
[2025-09-15T11:24:38.141+0000] {logging_mixin.py:188} INFO - [2025-09-15T11:24:38.141+0000] {dag.py:3954} INFO - Setting next_dagrun for clean_day_data to None, run_after=None
[2025-09-15T11:24:38.161+0000] {processor.py:183} INFO - Processing /opt/airflow/dags/clean_day_data.py took 0.085 seconds
[2025-09-15T11:25:08.576+0000] {processor.py:161} INFO - Started process (PID=9106) to work on /opt/airflow/dags/clean_day_data.py
[2025-09-15T11:25:08.577+0000] {processor.py:830} INFO - Processing file /opt/airflow/dags/clean_day_data.py for tasks to queue
[2025-09-15T11:25:08.579+0000] {logging_mixin.py:188} INFO - [2025-09-15T11:25:08.578+0000] {dagbag.py:540} INFO - Filling up the DagBag from /opt/airflow/dags/clean_day_data.py
[2025-09-15T11:25:08.605+0000] {processor.py:840} INFO - DAG(s) 'clean_day_data' retrieved from /opt/airflow/dags/clean_day_data.py
[2025-09-15T11:25:08.643+0000] {logging_mixin.py:188} INFO - [2025-09-15T11:25:08.642+0000] {dag.py:3096} INFO - Sync 1 DAGs
[2025-09-15T11:25:08.658+0000] {logging_mixin.py:188} INFO - [2025-09-15T11:25:08.658+0000] {dag.py:3954} INFO - Setting next_dagrun for clean_day_data to None, run_after=None
[2025-09-15T11:25:08.684+0000] {processor.py:183} INFO - Processing /opt/airflow/dags/clean_day_data.py took 0.115 seconds
[2025-09-15T11:25:39.256+0000] {processor.py:161} INFO - Started process (PID=9141) to work on /opt/airflow/dags/clean_day_data.py
[2025-09-15T11:25:39.257+0000] {processor.py:830} INFO - Processing file /opt/airflow/dags/clean_day_data.py for tasks to queue
[2025-09-15T11:25:39.258+0000] {logging_mixin.py:188} INFO - [2025-09-15T11:25:39.257+0000] {dagbag.py:540} INFO - Filling up the DagBag from /opt/airflow/dags/clean_day_data.py
[2025-09-15T11:25:39.274+0000] {processor.py:840} INFO - DAG(s) 'clean_day_data' retrieved from /opt/airflow/dags/clean_day_data.py
[2025-09-15T11:25:39.309+0000] {logging_mixin.py:188} INFO - [2025-09-15T11:25:39.309+0000] {dag.py:3096} INFO - Sync 1 DAGs
[2025-09-15T11:25:39.320+0000] {logging_mixin.py:188} INFO - [2025-09-15T11:25:39.320+0000] {dag.py:3954} INFO - Setting next_dagrun for clean_day_data to None, run_after=None
[2025-09-15T11:25:39.346+0000] {processor.py:183} INFO - Processing /opt/airflow/dags/clean_day_data.py took 0.095 seconds
[2025-09-15T11:26:09.610+0000] {processor.py:161} INFO - Started process (PID=9176) to work on /opt/airflow/dags/clean_day_data.py
[2025-09-15T11:26:09.611+0000] {processor.py:830} INFO - Processing file /opt/airflow/dags/clean_day_data.py for tasks to queue
[2025-09-15T11:26:09.612+0000] {logging_mixin.py:188} INFO - [2025-09-15T11:26:09.612+0000] {dagbag.py:540} INFO - Filling up the DagBag from /opt/airflow/dags/clean_day_data.py
[2025-09-15T11:26:09.634+0000] {processor.py:840} INFO - DAG(s) 'clean_day_data' retrieved from /opt/airflow/dags/clean_day_data.py
[2025-09-15T11:26:09.663+0000] {logging_mixin.py:188} INFO - [2025-09-15T11:26:09.662+0000] {dag.py:3096} INFO - Sync 1 DAGs
[2025-09-15T11:26:09.677+0000] {logging_mixin.py:188} INFO - [2025-09-15T11:26:09.676+0000] {dag.py:3954} INFO - Setting next_dagrun for clean_day_data to None, run_after=None
[2025-09-15T11:26:09.698+0000] {processor.py:183} INFO - Processing /opt/airflow/dags/clean_day_data.py took 0.095 seconds
[2025-09-15T11:26:40.212+0000] {processor.py:161} INFO - Started process (PID=9211) to work on /opt/airflow/dags/clean_day_data.py
[2025-09-15T11:26:40.213+0000] {processor.py:830} INFO - Processing file /opt/airflow/dags/clean_day_data.py for tasks to queue
[2025-09-15T11:26:40.214+0000] {logging_mixin.py:188} INFO - [2025-09-15T11:26:40.214+0000] {dagbag.py:540} INFO - Filling up the DagBag from /opt/airflow/dags/clean_day_data.py
[2025-09-15T11:26:40.236+0000] {processor.py:840} INFO - DAG(s) 'clean_day_data' retrieved from /opt/airflow/dags/clean_day_data.py
[2025-09-15T11:26:40.266+0000] {logging_mixin.py:188} INFO - [2025-09-15T11:26:40.266+0000] {dag.py:3096} INFO - Sync 1 DAGs
[2025-09-15T11:26:40.290+0000] {logging_mixin.py:188} INFO - [2025-09-15T11:26:40.289+0000] {dag.py:3954} INFO - Setting next_dagrun for clean_day_data to None, run_after=None
[2025-09-15T11:26:40.311+0000] {processor.py:183} INFO - Processing /opt/airflow/dags/clean_day_data.py took 0.105 seconds
[2025-09-15T11:27:11.011+0000] {processor.py:161} INFO - Started process (PID=9246) to work on /opt/airflow/dags/clean_day_data.py
[2025-09-15T11:27:11.012+0000] {processor.py:830} INFO - Processing file /opt/airflow/dags/clean_day_data.py for tasks to queue
[2025-09-15T11:27:11.013+0000] {logging_mixin.py:188} INFO - [2025-09-15T11:27:11.013+0000] {dagbag.py:540} INFO - Filling up the DagBag from /opt/airflow/dags/clean_day_data.py
[2025-09-15T11:27:11.033+0000] {processor.py:840} INFO - DAG(s) 'clean_day_data' retrieved from /opt/airflow/dags/clean_day_data.py
[2025-09-15T11:27:11.060+0000] {logging_mixin.py:188} INFO - [2025-09-15T11:27:11.060+0000] {dag.py:3096} INFO - Sync 1 DAGs
[2025-09-15T11:27:11.072+0000] {logging_mixin.py:188} INFO - [2025-09-15T11:27:11.072+0000] {dag.py:3954} INFO - Setting next_dagrun for clean_day_data to None, run_after=None
[2025-09-15T11:27:11.101+0000] {processor.py:183} INFO - Processing /opt/airflow/dags/clean_day_data.py took 0.096 seconds
[2025-09-15T11:27:41.616+0000] {processor.py:161} INFO - Started process (PID=9281) to work on /opt/airflow/dags/clean_day_data.py
[2025-09-15T11:27:41.617+0000] {processor.py:830} INFO - Processing file /opt/airflow/dags/clean_day_data.py for tasks to queue
[2025-09-15T11:27:41.618+0000] {logging_mixin.py:188} INFO - [2025-09-15T11:27:41.618+0000] {dagbag.py:540} INFO - Filling up the DagBag from /opt/airflow/dags/clean_day_data.py
[2025-09-15T11:27:41.644+0000] {processor.py:840} INFO - DAG(s) 'clean_day_data' retrieved from /opt/airflow/dags/clean_day_data.py
[2025-09-15T11:27:41.675+0000] {logging_mixin.py:188} INFO - [2025-09-15T11:27:41.675+0000] {dag.py:3096} INFO - Sync 1 DAGs
[2025-09-15T11:27:41.692+0000] {logging_mixin.py:188} INFO - [2025-09-15T11:27:41.691+0000] {dag.py:3954} INFO - Setting next_dagrun for clean_day_data to None, run_after=None
[2025-09-15T11:27:41.719+0000] {processor.py:183} INFO - Processing /opt/airflow/dags/clean_day_data.py took 0.109 seconds
[2025-09-15T11:28:12.138+0000] {processor.py:161} INFO - Started process (PID=9316) to work on /opt/airflow/dags/clean_day_data.py
[2025-09-15T11:28:12.139+0000] {processor.py:830} INFO - Processing file /opt/airflow/dags/clean_day_data.py for tasks to queue
[2025-09-15T11:28:12.139+0000] {logging_mixin.py:188} INFO - [2025-09-15T11:28:12.139+0000] {dagbag.py:540} INFO - Filling up the DagBag from /opt/airflow/dags/clean_day_data.py
[2025-09-15T11:28:12.156+0000] {processor.py:840} INFO - DAG(s) 'clean_day_data' retrieved from /opt/airflow/dags/clean_day_data.py
[2025-09-15T11:28:12.183+0000] {logging_mixin.py:188} INFO - [2025-09-15T11:28:12.183+0000] {dag.py:3096} INFO - Sync 1 DAGs
[2025-09-15T11:28:12.195+0000] {logging_mixin.py:188} INFO - [2025-09-15T11:28:12.195+0000] {dag.py:3954} INFO - Setting next_dagrun for clean_day_data to None, run_after=None
[2025-09-15T11:28:12.218+0000] {processor.py:183} INFO - Processing /opt/airflow/dags/clean_day_data.py took 0.087 seconds
[2025-09-15T11:28:42.671+0000] {processor.py:161} INFO - Started process (PID=9351) to work on /opt/airflow/dags/clean_day_data.py
[2025-09-15T11:28:42.672+0000] {processor.py:830} INFO - Processing file /opt/airflow/dags/clean_day_data.py for tasks to queue
[2025-09-15T11:28:42.673+0000] {logging_mixin.py:188} INFO - [2025-09-15T11:28:42.673+0000] {dagbag.py:540} INFO - Filling up the DagBag from /opt/airflow/dags/clean_day_data.py
[2025-09-15T11:28:42.697+0000] {processor.py:840} INFO - DAG(s) 'clean_day_data' retrieved from /opt/airflow/dags/clean_day_data.py
[2025-09-15T11:28:42.725+0000] {logging_mixin.py:188} INFO - [2025-09-15T11:28:42.725+0000] {dag.py:3096} INFO - Sync 1 DAGs
[2025-09-15T11:28:42.738+0000] {logging_mixin.py:188} INFO - [2025-09-15T11:28:42.737+0000] {dag.py:3954} INFO - Setting next_dagrun for clean_day_data to None, run_after=None
[2025-09-15T11:28:42.760+0000] {processor.py:183} INFO - Processing /opt/airflow/dags/clean_day_data.py took 0.094 seconds
[2025-09-15T11:29:13.071+0000] {processor.py:161} INFO - Started process (PID=9386) to work on /opt/airflow/dags/clean_day_data.py
[2025-09-15T11:29:13.072+0000] {processor.py:830} INFO - Processing file /opt/airflow/dags/clean_day_data.py for tasks to queue
[2025-09-15T11:29:13.073+0000] {logging_mixin.py:188} INFO - [2025-09-15T11:29:13.072+0000] {dagbag.py:540} INFO - Filling up the DagBag from /opt/airflow/dags/clean_day_data.py
[2025-09-15T11:29:13.091+0000] {processor.py:840} INFO - DAG(s) 'clean_day_data' retrieved from /opt/airflow/dags/clean_day_data.py
[2025-09-15T11:29:13.119+0000] {logging_mixin.py:188} INFO - [2025-09-15T11:29:13.119+0000] {dag.py:3096} INFO - Sync 1 DAGs
[2025-09-15T11:29:13.132+0000] {logging_mixin.py:188} INFO - [2025-09-15T11:29:13.132+0000] {dag.py:3954} INFO - Setting next_dagrun for clean_day_data to None, run_after=None
[2025-09-15T11:29:13.167+0000] {processor.py:183} INFO - Processing /opt/airflow/dags/clean_day_data.py took 0.102 seconds
[2025-09-15T11:29:43.550+0000] {processor.py:161} INFO - Started process (PID=9421) to work on /opt/airflow/dags/clean_day_data.py
[2025-09-15T11:29:43.551+0000] {processor.py:830} INFO - Processing file /opt/airflow/dags/clean_day_data.py for tasks to queue
[2025-09-15T11:29:43.552+0000] {logging_mixin.py:188} INFO - [2025-09-15T11:29:43.552+0000] {dagbag.py:540} INFO - Filling up the DagBag from /opt/airflow/dags/clean_day_data.py
[2025-09-15T11:29:43.575+0000] {processor.py:840} INFO - DAG(s) 'clean_day_data' retrieved from /opt/airflow/dags/clean_day_data.py
[2025-09-15T11:29:43.612+0000] {logging_mixin.py:188} INFO - [2025-09-15T11:29:43.612+0000] {dag.py:3096} INFO - Sync 1 DAGs
[2025-09-15T11:29:43.631+0000] {logging_mixin.py:188} INFO - [2025-09-15T11:29:43.630+0000] {dag.py:3954} INFO - Setting next_dagrun for clean_day_data to None, run_after=None
[2025-09-15T11:29:43.654+0000] {processor.py:183} INFO - Processing /opt/airflow/dags/clean_day_data.py took 0.110 seconds
[2025-09-15T11:30:13.846+0000] {processor.py:161} INFO - Started process (PID=9461) to work on /opt/airflow/dags/clean_day_data.py
[2025-09-15T11:30:13.847+0000] {processor.py:830} INFO - Processing file /opt/airflow/dags/clean_day_data.py for tasks to queue
[2025-09-15T11:30:13.848+0000] {logging_mixin.py:188} INFO - [2025-09-15T11:30:13.848+0000] {dagbag.py:540} INFO - Filling up the DagBag from /opt/airflow/dags/clean_day_data.py
[2025-09-15T11:30:13.866+0000] {processor.py:840} INFO - DAG(s) 'clean_day_data' retrieved from /opt/airflow/dags/clean_day_data.py
[2025-09-15T11:30:13.892+0000] {logging_mixin.py:188} INFO - [2025-09-15T11:30:13.892+0000] {dag.py:3096} INFO - Sync 1 DAGs
[2025-09-15T11:30:13.904+0000] {logging_mixin.py:188} INFO - [2025-09-15T11:30:13.904+0000] {dag.py:3954} INFO - Setting next_dagrun for clean_day_data to None, run_after=None
[2025-09-15T11:30:13.924+0000] {processor.py:183} INFO - Processing /opt/airflow/dags/clean_day_data.py took 0.084 seconds
[2025-09-15T11:30:44.115+0000] {processor.py:161} INFO - Started process (PID=9491) to work on /opt/airflow/dags/clean_day_data.py
[2025-09-15T11:30:44.116+0000] {processor.py:830} INFO - Processing file /opt/airflow/dags/clean_day_data.py for tasks to queue
[2025-09-15T11:30:44.116+0000] {logging_mixin.py:188} INFO - [2025-09-15T11:30:44.116+0000] {dagbag.py:540} INFO - Filling up the DagBag from /opt/airflow/dags/clean_day_data.py
[2025-09-15T11:30:44.133+0000] {processor.py:840} INFO - DAG(s) 'clean_day_data' retrieved from /opt/airflow/dags/clean_day_data.py
[2025-09-15T11:30:44.159+0000] {logging_mixin.py:188} INFO - [2025-09-15T11:30:44.159+0000] {dag.py:3096} INFO - Sync 1 DAGs
[2025-09-15T11:30:44.172+0000] {logging_mixin.py:188} INFO - [2025-09-15T11:30:44.171+0000] {dag.py:3954} INFO - Setting next_dagrun for clean_day_data to None, run_after=None
[2025-09-15T11:30:44.194+0000] {processor.py:183} INFO - Processing /opt/airflow/dags/clean_day_data.py took 0.085 seconds
[2025-09-15T11:31:14.733+0000] {processor.py:161} INFO - Started process (PID=9526) to work on /opt/airflow/dags/clean_day_data.py
[2025-09-15T11:31:14.734+0000] {processor.py:830} INFO - Processing file /opt/airflow/dags/clean_day_data.py for tasks to queue
[2025-09-15T11:31:14.735+0000] {logging_mixin.py:188} INFO - [2025-09-15T11:31:14.735+0000] {dagbag.py:540} INFO - Filling up the DagBag from /opt/airflow/dags/clean_day_data.py
[2025-09-15T11:31:14.757+0000] {processor.py:840} INFO - DAG(s) 'clean_day_data' retrieved from /opt/airflow/dags/clean_day_data.py
[2025-09-15T11:31:14.785+0000] {logging_mixin.py:188} INFO - [2025-09-15T11:31:14.785+0000] {dag.py:3096} INFO - Sync 1 DAGs
[2025-09-15T11:31:14.807+0000] {logging_mixin.py:188} INFO - [2025-09-15T11:31:14.806+0000] {dag.py:3954} INFO - Setting next_dagrun for clean_day_data to None, run_after=None
[2025-09-15T11:31:14.829+0000] {processor.py:183} INFO - Processing /opt/airflow/dags/clean_day_data.py took 0.103 seconds
[2025-09-15T11:31:45.233+0000] {processor.py:161} INFO - Started process (PID=9561) to work on /opt/airflow/dags/clean_day_data.py
[2025-09-15T11:31:45.234+0000] {processor.py:830} INFO - Processing file /opt/airflow/dags/clean_day_data.py for tasks to queue
[2025-09-15T11:31:45.234+0000] {logging_mixin.py:188} INFO - [2025-09-15T11:31:45.234+0000] {dagbag.py:540} INFO - Filling up the DagBag from /opt/airflow/dags/clean_day_data.py
[2025-09-15T11:31:45.253+0000] {processor.py:840} INFO - DAG(s) 'clean_day_data' retrieved from /opt/airflow/dags/clean_day_data.py
[2025-09-15T11:31:45.290+0000] {logging_mixin.py:188} INFO - [2025-09-15T11:31:45.289+0000] {dag.py:3096} INFO - Sync 1 DAGs
[2025-09-15T11:31:45.305+0000] {logging_mixin.py:188} INFO - [2025-09-15T11:31:45.305+0000] {dag.py:3954} INFO - Setting next_dagrun for clean_day_data to None, run_after=None
[2025-09-15T11:31:45.323+0000] {processor.py:183} INFO - Processing /opt/airflow/dags/clean_day_data.py took 0.096 seconds
[2025-09-15T11:32:15.727+0000] {processor.py:161} INFO - Started process (PID=9596) to work on /opt/airflow/dags/clean_day_data.py
[2025-09-15T11:32:15.728+0000] {processor.py:830} INFO - Processing file /opt/airflow/dags/clean_day_data.py for tasks to queue
[2025-09-15T11:32:15.729+0000] {logging_mixin.py:188} INFO - [2025-09-15T11:32:15.729+0000] {dagbag.py:540} INFO - Filling up the DagBag from /opt/airflow/dags/clean_day_data.py
[2025-09-15T11:32:15.747+0000] {processor.py:840} INFO - DAG(s) 'clean_day_data' retrieved from /opt/airflow/dags/clean_day_data.py
[2025-09-15T11:32:15.785+0000] {logging_mixin.py:188} INFO - [2025-09-15T11:32:15.785+0000] {dag.py:3096} INFO - Sync 1 DAGs
[2025-09-15T11:32:15.798+0000] {logging_mixin.py:188} INFO - [2025-09-15T11:32:15.797+0000] {dag.py:3954} INFO - Setting next_dagrun for clean_day_data to None, run_after=None
[2025-09-15T11:32:15.818+0000] {processor.py:183} INFO - Processing /opt/airflow/dags/clean_day_data.py took 0.096 seconds
[2025-09-15T11:32:46.151+0000] {processor.py:161} INFO - Started process (PID=9631) to work on /opt/airflow/dags/clean_day_data.py
[2025-09-15T11:32:46.152+0000] {processor.py:830} INFO - Processing file /opt/airflow/dags/clean_day_data.py for tasks to queue
[2025-09-15T11:32:46.153+0000] {logging_mixin.py:188} INFO - [2025-09-15T11:32:46.153+0000] {dagbag.py:540} INFO - Filling up the DagBag from /opt/airflow/dags/clean_day_data.py
[2025-09-15T11:32:46.170+0000] {processor.py:840} INFO - DAG(s) 'clean_day_data' retrieved from /opt/airflow/dags/clean_day_data.py
[2025-09-15T11:32:46.195+0000] {logging_mixin.py:188} INFO - [2025-09-15T11:32:46.195+0000] {dag.py:3096} INFO - Sync 1 DAGs
[2025-09-15T11:32:46.208+0000] {logging_mixin.py:188} INFO - [2025-09-15T11:32:46.208+0000] {dag.py:3954} INFO - Setting next_dagrun for clean_day_data to None, run_after=None
[2025-09-15T11:32:46.228+0000] {processor.py:183} INFO - Processing /opt/airflow/dags/clean_day_data.py took 0.082 seconds
[2025-09-15T11:33:16.643+0000] {processor.py:161} INFO - Started process (PID=9666) to work on /opt/airflow/dags/clean_day_data.py
[2025-09-15T11:33:16.644+0000] {processor.py:830} INFO - Processing file /opt/airflow/dags/clean_day_data.py for tasks to queue
[2025-09-15T11:33:16.645+0000] {logging_mixin.py:188} INFO - [2025-09-15T11:33:16.645+0000] {dagbag.py:540} INFO - Filling up the DagBag from /opt/airflow/dags/clean_day_data.py
[2025-09-15T11:33:16.667+0000] {processor.py:840} INFO - DAG(s) 'clean_day_data' retrieved from /opt/airflow/dags/clean_day_data.py
[2025-09-15T11:33:16.698+0000] {logging_mixin.py:188} INFO - [2025-09-15T11:33:16.698+0000] {dag.py:3096} INFO - Sync 1 DAGs
[2025-09-15T11:33:16.712+0000] {logging_mixin.py:188} INFO - [2025-09-15T11:33:16.712+0000] {dag.py:3954} INFO - Setting next_dagrun for clean_day_data to None, run_after=None
[2025-09-15T11:33:16.736+0000] {processor.py:183} INFO - Processing /opt/airflow/dags/clean_day_data.py took 0.099 seconds
[2025-09-15T11:33:47.313+0000] {processor.py:161} INFO - Started process (PID=9701) to work on /opt/airflow/dags/clean_day_data.py
[2025-09-15T11:33:47.315+0000] {processor.py:830} INFO - Processing file /opt/airflow/dags/clean_day_data.py for tasks to queue
[2025-09-15T11:33:47.315+0000] {logging_mixin.py:188} INFO - [2025-09-15T11:33:47.315+0000] {dagbag.py:540} INFO - Filling up the DagBag from /opt/airflow/dags/clean_day_data.py
[2025-09-15T11:33:47.338+0000] {processor.py:840} INFO - DAG(s) 'clean_day_data' retrieved from /opt/airflow/dags/clean_day_data.py
[2025-09-15T11:33:47.370+0000] {logging_mixin.py:188} INFO - [2025-09-15T11:33:47.370+0000] {dag.py:3096} INFO - Sync 1 DAGs
[2025-09-15T11:33:47.392+0000] {logging_mixin.py:188} INFO - [2025-09-15T11:33:47.392+0000] {dag.py:3954} INFO - Setting next_dagrun for clean_day_data to None, run_after=None
[2025-09-15T11:33:47.447+0000] {processor.py:183} INFO - Processing /opt/airflow/dags/clean_day_data.py took 0.140 seconds
[2025-09-15T11:34:18.057+0000] {processor.py:161} INFO - Started process (PID=9736) to work on /opt/airflow/dags/clean_day_data.py
[2025-09-15T11:34:18.058+0000] {processor.py:830} INFO - Processing file /opt/airflow/dags/clean_day_data.py for tasks to queue
[2025-09-15T11:34:18.059+0000] {logging_mixin.py:188} INFO - [2025-09-15T11:34:18.059+0000] {dagbag.py:540} INFO - Filling up the DagBag from /opt/airflow/dags/clean_day_data.py
[2025-09-15T11:34:18.082+0000] {processor.py:840} INFO - DAG(s) 'clean_day_data' retrieved from /opt/airflow/dags/clean_day_data.py
[2025-09-15T11:34:18.148+0000] {logging_mixin.py:188} INFO - [2025-09-15T11:34:18.148+0000] {dag.py:3096} INFO - Sync 1 DAGs
[2025-09-15T11:34:18.193+0000] {logging_mixin.py:188} INFO - [2025-09-15T11:34:18.192+0000] {dag.py:3954} INFO - Setting next_dagrun for clean_day_data to None, run_after=None
[2025-09-15T11:34:18.631+0000] {processor.py:183} INFO - Processing /opt/airflow/dags/clean_day_data.py took 0.586 seconds
[2025-09-15T11:34:48.817+0000] {processor.py:161} INFO - Started process (PID=9773) to work on /opt/airflow/dags/clean_day_data.py
[2025-09-15T11:34:48.820+0000] {processor.py:830} INFO - Processing file /opt/airflow/dags/clean_day_data.py for tasks to queue
[2025-09-15T11:34:48.821+0000] {logging_mixin.py:188} INFO - [2025-09-15T11:34:48.821+0000] {dagbag.py:540} INFO - Filling up the DagBag from /opt/airflow/dags/clean_day_data.py
[2025-09-15T11:34:48.845+0000] {processor.py:840} INFO - DAG(s) 'clean_day_data' retrieved from /opt/airflow/dags/clean_day_data.py
[2025-09-15T11:34:48.888+0000] {logging_mixin.py:188} INFO - [2025-09-15T11:34:48.887+0000] {dag.py:3096} INFO - Sync 1 DAGs
[2025-09-15T11:34:48.906+0000] {logging_mixin.py:188} INFO - [2025-09-15T11:34:48.905+0000] {dag.py:3954} INFO - Setting next_dagrun for clean_day_data to None, run_after=None
[2025-09-15T11:34:48.936+0000] {processor.py:183} INFO - Processing /opt/airflow/dags/clean_day_data.py took 0.126 seconds
[2025-09-15T11:35:19.346+0000] {processor.py:161} INFO - Started process (PID=9806) to work on /opt/airflow/dags/clean_day_data.py
[2025-09-15T11:35:19.349+0000] {processor.py:830} INFO - Processing file /opt/airflow/dags/clean_day_data.py for tasks to queue
[2025-09-15T11:35:19.352+0000] {logging_mixin.py:188} INFO - [2025-09-15T11:35:19.351+0000] {dagbag.py:540} INFO - Filling up the DagBag from /opt/airflow/dags/clean_day_data.py
[2025-09-15T11:35:19.397+0000] {processor.py:840} INFO - DAG(s) 'clean_day_data' retrieved from /opt/airflow/dags/clean_day_data.py
[2025-09-15T11:35:19.435+0000] {logging_mixin.py:188} INFO - [2025-09-15T11:35:19.434+0000] {dag.py:3096} INFO - Sync 1 DAGs
[2025-09-15T11:35:19.451+0000] {logging_mixin.py:188} INFO - [2025-09-15T11:35:19.451+0000] {dag.py:3954} INFO - Setting next_dagrun for clean_day_data to None, run_after=None
[2025-09-15T11:35:19.476+0000] {processor.py:183} INFO - Processing /opt/airflow/dags/clean_day_data.py took 0.141 seconds
[2025-09-15T11:35:50.067+0000] {processor.py:161} INFO - Started process (PID=9841) to work on /opt/airflow/dags/clean_day_data.py
[2025-09-15T11:35:50.070+0000] {processor.py:830} INFO - Processing file /opt/airflow/dags/clean_day_data.py for tasks to queue
[2025-09-15T11:35:50.071+0000] {logging_mixin.py:188} INFO - [2025-09-15T11:35:50.071+0000] {dagbag.py:540} INFO - Filling up the DagBag from /opt/airflow/dags/clean_day_data.py
[2025-09-15T11:35:50.098+0000] {processor.py:840} INFO - DAG(s) 'clean_day_data' retrieved from /opt/airflow/dags/clean_day_data.py
[2025-09-15T11:35:50.133+0000] {logging_mixin.py:188} INFO - [2025-09-15T11:35:50.132+0000] {dag.py:3096} INFO - Sync 1 DAGs
[2025-09-15T11:35:50.160+0000] {logging_mixin.py:188} INFO - [2025-09-15T11:35:50.159+0000] {dag.py:3954} INFO - Setting next_dagrun for clean_day_data to None, run_after=None
[2025-09-15T11:35:50.191+0000] {processor.py:183} INFO - Processing /opt/airflow/dags/clean_day_data.py took 0.133 seconds
[2025-09-15T11:36:20.616+0000] {processor.py:161} INFO - Started process (PID=9876) to work on /opt/airflow/dags/clean_day_data.py
[2025-09-15T11:36:20.622+0000] {processor.py:830} INFO - Processing file /opt/airflow/dags/clean_day_data.py for tasks to queue
[2025-09-15T11:36:20.626+0000] {logging_mixin.py:188} INFO - [2025-09-15T11:36:20.624+0000] {dagbag.py:540} INFO - Filling up the DagBag from /opt/airflow/dags/clean_day_data.py
[2025-09-15T11:36:20.708+0000] {processor.py:840} INFO - DAG(s) 'clean_day_data' retrieved from /opt/airflow/dags/clean_day_data.py
[2025-09-15T11:36:20.824+0000] {logging_mixin.py:188} INFO - [2025-09-15T11:36:20.823+0000] {dag.py:3096} INFO - Sync 1 DAGs
[2025-09-15T11:36:20.888+0000] {logging_mixin.py:188} INFO - [2025-09-15T11:36:20.887+0000] {dag.py:3954} INFO - Setting next_dagrun for clean_day_data to None, run_after=None
[2025-09-15T11:36:20.967+0000] {processor.py:183} INFO - Processing /opt/airflow/dags/clean_day_data.py took 0.367 seconds
[2025-09-15T11:36:51.540+0000] {processor.py:161} INFO - Started process (PID=9911) to work on /opt/airflow/dags/clean_day_data.py
[2025-09-15T11:36:51.542+0000] {processor.py:830} INFO - Processing file /opt/airflow/dags/clean_day_data.py for tasks to queue
[2025-09-15T11:36:51.546+0000] {logging_mixin.py:188} INFO - [2025-09-15T11:36:51.546+0000] {dagbag.py:540} INFO - Filling up the DagBag from /opt/airflow/dags/clean_day_data.py
[2025-09-15T11:36:51.612+0000] {processor.py:840} INFO - DAG(s) 'clean_day_data' retrieved from /opt/airflow/dags/clean_day_data.py
[2025-09-15T11:36:51.692+0000] {logging_mixin.py:188} INFO - [2025-09-15T11:36:51.691+0000] {dag.py:3096} INFO - Sync 1 DAGs
[2025-09-15T11:36:51.731+0000] {logging_mixin.py:188} INFO - [2025-09-15T11:36:51.730+0000] {dag.py:3954} INFO - Setting next_dagrun for clean_day_data to None, run_after=None
[2025-09-15T11:36:51.794+0000] {processor.py:183} INFO - Processing /opt/airflow/dags/clean_day_data.py took 0.268 seconds
[2025-09-15T11:37:22.668+0000] {processor.py:161} INFO - Started process (PID=9946) to work on /opt/airflow/dags/clean_day_data.py
[2025-09-15T11:37:22.670+0000] {processor.py:830} INFO - Processing file /opt/airflow/dags/clean_day_data.py for tasks to queue
[2025-09-15T11:37:22.672+0000] {logging_mixin.py:188} INFO - [2025-09-15T11:37:22.671+0000] {dagbag.py:540} INFO - Filling up the DagBag from /opt/airflow/dags/clean_day_data.py
[2025-09-15T11:37:22.691+0000] {processor.py:840} INFO - DAG(s) 'clean_day_data' retrieved from /opt/airflow/dags/clean_day_data.py
[2025-09-15T11:37:22.719+0000] {logging_mixin.py:188} INFO - [2025-09-15T11:37:22.719+0000] {dag.py:3096} INFO - Sync 1 DAGs
[2025-09-15T11:37:22.731+0000] {logging_mixin.py:188} INFO - [2025-09-15T11:37:22.731+0000] {dag.py:3954} INFO - Setting next_dagrun for clean_day_data to None, run_after=None
[2025-09-15T11:37:22.752+0000] {processor.py:183} INFO - Processing /opt/airflow/dags/clean_day_data.py took 0.091 seconds
[2025-09-15T11:37:53.163+0000] {processor.py:161} INFO - Started process (PID=9981) to work on /opt/airflow/dags/clean_day_data.py
[2025-09-15T11:37:53.164+0000] {processor.py:830} INFO - Processing file /opt/airflow/dags/clean_day_data.py for tasks to queue
[2025-09-15T11:37:53.165+0000] {logging_mixin.py:188} INFO - [2025-09-15T11:37:53.165+0000] {dagbag.py:540} INFO - Filling up the DagBag from /opt/airflow/dags/clean_day_data.py
[2025-09-15T11:37:53.182+0000] {processor.py:840} INFO - DAG(s) 'clean_day_data' retrieved from /opt/airflow/dags/clean_day_data.py
[2025-09-15T11:37:53.211+0000] {logging_mixin.py:188} INFO - [2025-09-15T11:37:53.211+0000] {dag.py:3096} INFO - Sync 1 DAGs
[2025-09-15T11:37:53.233+0000] {logging_mixin.py:188} INFO - [2025-09-15T11:37:53.233+0000] {dag.py:3954} INFO - Setting next_dagrun for clean_day_data to None, run_after=None
[2025-09-15T11:37:53.256+0000] {processor.py:183} INFO - Processing /opt/airflow/dags/clean_day_data.py took 0.098 seconds
[2025-09-15T11:38:23.701+0000] {processor.py:161} INFO - Started process (PID=10016) to work on /opt/airflow/dags/clean_day_data.py
[2025-09-15T11:38:23.702+0000] {processor.py:830} INFO - Processing file /opt/airflow/dags/clean_day_data.py for tasks to queue
[2025-09-15T11:38:23.702+0000] {logging_mixin.py:188} INFO - [2025-09-15T11:38:23.702+0000] {dagbag.py:540} INFO - Filling up the DagBag from /opt/airflow/dags/clean_day_data.py
[2025-09-15T11:38:23.720+0000] {processor.py:840} INFO - DAG(s) 'clean_day_data' retrieved from /opt/airflow/dags/clean_day_data.py
[2025-09-15T11:38:23.750+0000] {logging_mixin.py:188} INFO - [2025-09-15T11:38:23.750+0000] {dag.py:3096} INFO - Sync 1 DAGs
[2025-09-15T11:38:23.764+0000] {logging_mixin.py:188} INFO - [2025-09-15T11:38:23.764+0000] {dag.py:3954} INFO - Setting next_dagrun for clean_day_data to None, run_after=None
[2025-09-15T11:38:23.791+0000] {processor.py:183} INFO - Processing /opt/airflow/dags/clean_day_data.py took 0.096 seconds
[2025-09-15T11:38:54.262+0000] {processor.py:161} INFO - Started process (PID=10051) to work on /opt/airflow/dags/clean_day_data.py
[2025-09-15T11:38:54.263+0000] {processor.py:830} INFO - Processing file /opt/airflow/dags/clean_day_data.py for tasks to queue
[2025-09-15T11:38:54.264+0000] {logging_mixin.py:188} INFO - [2025-09-15T11:38:54.264+0000] {dagbag.py:540} INFO - Filling up the DagBag from /opt/airflow/dags/clean_day_data.py
[2025-09-15T11:38:54.289+0000] {processor.py:840} INFO - DAG(s) 'clean_day_data' retrieved from /opt/airflow/dags/clean_day_data.py
[2025-09-15T11:38:54.332+0000] {logging_mixin.py:188} INFO - [2025-09-15T11:38:54.331+0000] {dag.py:3096} INFO - Sync 1 DAGs
[2025-09-15T11:38:54.351+0000] {logging_mixin.py:188} INFO - [2025-09-15T11:38:54.351+0000] {dag.py:3954} INFO - Setting next_dagrun for clean_day_data to None, run_after=None
[2025-09-15T11:38:54.389+0000] {processor.py:183} INFO - Processing /opt/airflow/dags/clean_day_data.py took 0.135 seconds
[2025-09-15T11:39:24.778+0000] {processor.py:161} INFO - Started process (PID=10086) to work on /opt/airflow/dags/clean_day_data.py
[2025-09-15T11:39:24.779+0000] {processor.py:830} INFO - Processing file /opt/airflow/dags/clean_day_data.py for tasks to queue
[2025-09-15T11:39:24.780+0000] {logging_mixin.py:188} INFO - [2025-09-15T11:39:24.780+0000] {dagbag.py:540} INFO - Filling up the DagBag from /opt/airflow/dags/clean_day_data.py
[2025-09-15T11:39:24.799+0000] {processor.py:840} INFO - DAG(s) 'clean_day_data' retrieved from /opt/airflow/dags/clean_day_data.py
[2025-09-15T11:39:24.831+0000] {logging_mixin.py:188} INFO - [2025-09-15T11:39:24.830+0000] {dag.py:3096} INFO - Sync 1 DAGs
[2025-09-15T11:39:24.853+0000] {logging_mixin.py:188} INFO - [2025-09-15T11:39:24.853+0000] {dag.py:3954} INFO - Setting next_dagrun for clean_day_data to None, run_after=None
[2025-09-15T11:39:24.876+0000] {processor.py:183} INFO - Processing /opt/airflow/dags/clean_day_data.py took 0.103 seconds
[2025-09-15T11:39:55.365+0000] {processor.py:161} INFO - Started process (PID=10121) to work on /opt/airflow/dags/clean_day_data.py
[2025-09-15T11:39:55.366+0000] {processor.py:830} INFO - Processing file /opt/airflow/dags/clean_day_data.py for tasks to queue
[2025-09-15T11:39:55.368+0000] {logging_mixin.py:188} INFO - [2025-09-15T11:39:55.367+0000] {dagbag.py:540} INFO - Filling up the DagBag from /opt/airflow/dags/clean_day_data.py
[2025-09-15T11:39:55.405+0000] {processor.py:840} INFO - DAG(s) 'clean_day_data' retrieved from /opt/airflow/dags/clean_day_data.py
[2025-09-15T11:39:55.443+0000] {logging_mixin.py:188} INFO - [2025-09-15T11:39:55.443+0000] {dag.py:3096} INFO - Sync 1 DAGs
[2025-09-15T11:39:55.459+0000] {logging_mixin.py:188} INFO - [2025-09-15T11:39:55.458+0000] {dag.py:3954} INFO - Setting next_dagrun for clean_day_data to None, run_after=None
[2025-09-15T11:39:55.482+0000] {processor.py:183} INFO - Processing /opt/airflow/dags/clean_day_data.py took 0.125 seconds
[2025-09-15T11:40:26.057+0000] {processor.py:161} INFO - Started process (PID=10156) to work on /opt/airflow/dags/clean_day_data.py
[2025-09-15T11:40:26.058+0000] {processor.py:830} INFO - Processing file /opt/airflow/dags/clean_day_data.py for tasks to queue
[2025-09-15T11:40:26.058+0000] {logging_mixin.py:188} INFO - [2025-09-15T11:40:26.058+0000] {dagbag.py:540} INFO - Filling up the DagBag from /opt/airflow/dags/clean_day_data.py
[2025-09-15T11:40:26.080+0000] {processor.py:840} INFO - DAG(s) 'clean_day_data' retrieved from /opt/airflow/dags/clean_day_data.py
[2025-09-15T11:40:26.113+0000] {logging_mixin.py:188} INFO - [2025-09-15T11:40:26.113+0000] {dag.py:3096} INFO - Sync 1 DAGs
[2025-09-15T11:40:26.127+0000] {logging_mixin.py:188} INFO - [2025-09-15T11:40:26.127+0000] {dag.py:3954} INFO - Setting next_dagrun for clean_day_data to None, run_after=None
[2025-09-15T11:40:26.151+0000] {processor.py:183} INFO - Processing /opt/airflow/dags/clean_day_data.py took 0.100 seconds
[2025-09-15T11:40:56.569+0000] {processor.py:161} INFO - Started process (PID=10191) to work on /opt/airflow/dags/clean_day_data.py
[2025-09-15T11:40:56.570+0000] {processor.py:830} INFO - Processing file /opt/airflow/dags/clean_day_data.py for tasks to queue
[2025-09-15T11:40:56.571+0000] {logging_mixin.py:188} INFO - [2025-09-15T11:40:56.571+0000] {dagbag.py:540} INFO - Filling up the DagBag from /opt/airflow/dags/clean_day_data.py
[2025-09-15T11:40:56.589+0000] {processor.py:840} INFO - DAG(s) 'clean_day_data' retrieved from /opt/airflow/dags/clean_day_data.py
[2025-09-15T11:40:56.617+0000] {logging_mixin.py:188} INFO - [2025-09-15T11:40:56.617+0000] {dag.py:3096} INFO - Sync 1 DAGs
[2025-09-15T11:40:56.631+0000] {logging_mixin.py:188} INFO - [2025-09-15T11:40:56.630+0000] {dag.py:3954} INFO - Setting next_dagrun for clean_day_data to None, run_after=None
[2025-09-15T11:40:56.653+0000] {processor.py:183} INFO - Processing /opt/airflow/dags/clean_day_data.py took 0.091 seconds
[2025-09-15T11:41:27.233+0000] {processor.py:161} INFO - Started process (PID=10226) to work on /opt/airflow/dags/clean_day_data.py
[2025-09-15T11:41:27.234+0000] {processor.py:830} INFO - Processing file /opt/airflow/dags/clean_day_data.py for tasks to queue
[2025-09-15T11:41:27.235+0000] {logging_mixin.py:188} INFO - [2025-09-15T11:41:27.235+0000] {dagbag.py:540} INFO - Filling up the DagBag from /opt/airflow/dags/clean_day_data.py
[2025-09-15T11:41:27.258+0000] {processor.py:840} INFO - DAG(s) 'clean_day_data' retrieved from /opt/airflow/dags/clean_day_data.py
[2025-09-15T11:41:27.292+0000] {logging_mixin.py:188} INFO - [2025-09-15T11:41:27.292+0000] {dag.py:3096} INFO - Sync 1 DAGs
[2025-09-15T11:41:27.309+0000] {logging_mixin.py:188} INFO - [2025-09-15T11:41:27.308+0000] {dag.py:3954} INFO - Setting next_dagrun for clean_day_data to None, run_after=None
[2025-09-15T11:41:27.330+0000] {processor.py:183} INFO - Processing /opt/airflow/dags/clean_day_data.py took 0.103 seconds
[2025-09-15T11:41:57.768+0000] {processor.py:161} INFO - Started process (PID=10261) to work on /opt/airflow/dags/clean_day_data.py
[2025-09-15T11:41:57.770+0000] {processor.py:830} INFO - Processing file /opt/airflow/dags/clean_day_data.py for tasks to queue
[2025-09-15T11:41:57.771+0000] {logging_mixin.py:188} INFO - [2025-09-15T11:41:57.770+0000] {dagbag.py:540} INFO - Filling up the DagBag from /opt/airflow/dags/clean_day_data.py
[2025-09-15T11:41:57.789+0000] {processor.py:840} INFO - DAG(s) 'clean_day_data' retrieved from /opt/airflow/dags/clean_day_data.py
[2025-09-15T11:41:57.821+0000] {logging_mixin.py:188} INFO - [2025-09-15T11:41:57.820+0000] {dag.py:3096} INFO - Sync 1 DAGs
[2025-09-15T11:41:57.834+0000] {logging_mixin.py:188} INFO - [2025-09-15T11:41:57.834+0000] {dag.py:3954} INFO - Setting next_dagrun for clean_day_data to None, run_after=None
[2025-09-15T11:41:57.856+0000] {processor.py:183} INFO - Processing /opt/airflow/dags/clean_day_data.py took 0.093 seconds
[2025-09-15T11:42:28.359+0000] {processor.py:161} INFO - Started process (PID=10296) to work on /opt/airflow/dags/clean_day_data.py
[2025-09-15T11:42:28.361+0000] {processor.py:830} INFO - Processing file /opt/airflow/dags/clean_day_data.py for tasks to queue
[2025-09-15T11:42:28.362+0000] {logging_mixin.py:188} INFO - [2025-09-15T11:42:28.362+0000] {dagbag.py:540} INFO - Filling up the DagBag from /opt/airflow/dags/clean_day_data.py
[2025-09-15T11:42:28.389+0000] {processor.py:840} INFO - DAG(s) 'clean_day_data' retrieved from /opt/airflow/dags/clean_day_data.py
[2025-09-15T11:42:28.423+0000] {logging_mixin.py:188} INFO - [2025-09-15T11:42:28.422+0000] {dag.py:3096} INFO - Sync 1 DAGs
[2025-09-15T11:42:28.437+0000] {logging_mixin.py:188} INFO - [2025-09-15T11:42:28.437+0000] {dag.py:3954} INFO - Setting next_dagrun for clean_day_data to None, run_after=None
[2025-09-15T11:42:28.462+0000] {processor.py:183} INFO - Processing /opt/airflow/dags/clean_day_data.py took 0.111 seconds
[2025-09-15T11:42:58.806+0000] {processor.py:161} INFO - Started process (PID=10331) to work on /opt/airflow/dags/clean_day_data.py
[2025-09-15T11:42:58.808+0000] {processor.py:830} INFO - Processing file /opt/airflow/dags/clean_day_data.py for tasks to queue
[2025-09-15T11:42:58.809+0000] {logging_mixin.py:188} INFO - [2025-09-15T11:42:58.808+0000] {dagbag.py:540} INFO - Filling up the DagBag from /opt/airflow/dags/clean_day_data.py
[2025-09-15T11:42:58.838+0000] {processor.py:840} INFO - DAG(s) 'clean_day_data' retrieved from /opt/airflow/dags/clean_day_data.py
[2025-09-15T11:42:58.887+0000] {logging_mixin.py:188} INFO - [2025-09-15T11:42:58.887+0000] {dag.py:3096} INFO - Sync 1 DAGs
[2025-09-15T11:42:58.902+0000] {logging_mixin.py:188} INFO - [2025-09-15T11:42:58.902+0000] {dag.py:3954} INFO - Setting next_dagrun for clean_day_data to None, run_after=None
[2025-09-15T11:42:58.925+0000] {processor.py:183} INFO - Processing /opt/airflow/dags/clean_day_data.py took 0.127 seconds
[2025-09-15T11:43:29.390+0000] {processor.py:161} INFO - Started process (PID=10366) to work on /opt/airflow/dags/clean_day_data.py
[2025-09-15T11:43:29.391+0000] {processor.py:830} INFO - Processing file /opt/airflow/dags/clean_day_data.py for tasks to queue
[2025-09-15T11:43:29.392+0000] {logging_mixin.py:188} INFO - [2025-09-15T11:43:29.392+0000] {dagbag.py:540} INFO - Filling up the DagBag from /opt/airflow/dags/clean_day_data.py
[2025-09-15T11:43:29.418+0000] {processor.py:840} INFO - DAG(s) 'clean_day_data' retrieved from /opt/airflow/dags/clean_day_data.py
[2025-09-15T11:43:29.457+0000] {logging_mixin.py:188} INFO - [2025-09-15T11:43:29.456+0000] {dag.py:3096} INFO - Sync 1 DAGs
[2025-09-15T11:43:29.472+0000] {logging_mixin.py:188} INFO - [2025-09-15T11:43:29.472+0000] {dag.py:3954} INFO - Setting next_dagrun for clean_day_data to None, run_after=None
[2025-09-15T11:43:29.498+0000] {processor.py:183} INFO - Processing /opt/airflow/dags/clean_day_data.py took 0.114 seconds
[2025-09-15T11:43:59.886+0000] {processor.py:161} INFO - Started process (PID=10401) to work on /opt/airflow/dags/clean_day_data.py
[2025-09-15T11:43:59.890+0000] {processor.py:830} INFO - Processing file /opt/airflow/dags/clean_day_data.py for tasks to queue
[2025-09-15T11:43:59.892+0000] {logging_mixin.py:188} INFO - [2025-09-15T11:43:59.892+0000] {dagbag.py:540} INFO - Filling up the DagBag from /opt/airflow/dags/clean_day_data.py
[2025-09-15T11:43:59.919+0000] {processor.py:840} INFO - DAG(s) 'clean_day_data' retrieved from /opt/airflow/dags/clean_day_data.py
[2025-09-15T11:43:59.954+0000] {logging_mixin.py:188} INFO - [2025-09-15T11:43:59.954+0000] {dag.py:3096} INFO - Sync 1 DAGs
[2025-09-15T11:43:59.970+0000] {logging_mixin.py:188} INFO - [2025-09-15T11:43:59.970+0000] {dag.py:3954} INFO - Setting next_dagrun for clean_day_data to None, run_after=None
[2025-09-15T11:43:59.993+0000] {processor.py:183} INFO - Processing /opt/airflow/dags/clean_day_data.py took 0.117 seconds
[2025-09-15T11:44:30.519+0000] {processor.py:161} INFO - Started process (PID=10436) to work on /opt/airflow/dags/clean_day_data.py
[2025-09-15T11:44:30.520+0000] {processor.py:830} INFO - Processing file /opt/airflow/dags/clean_day_data.py for tasks to queue
[2025-09-15T11:44:30.521+0000] {logging_mixin.py:188} INFO - [2025-09-15T11:44:30.520+0000] {dagbag.py:540} INFO - Filling up the DagBag from /opt/airflow/dags/clean_day_data.py
[2025-09-15T11:44:30.542+0000] {processor.py:840} INFO - DAG(s) 'clean_day_data' retrieved from /opt/airflow/dags/clean_day_data.py
[2025-09-15T11:44:30.575+0000] {logging_mixin.py:188} INFO - [2025-09-15T11:44:30.575+0000] {dag.py:3096} INFO - Sync 1 DAGs
[2025-09-15T11:44:30.590+0000] {logging_mixin.py:188} INFO - [2025-09-15T11:44:30.589+0000] {dag.py:3954} INFO - Setting next_dagrun for clean_day_data to None, run_after=None
[2025-09-15T11:44:30.620+0000] {processor.py:183} INFO - Processing /opt/airflow/dags/clean_day_data.py took 0.107 seconds
[2025-09-15T11:45:00.655+0000] {processor.py:161} INFO - Started process (PID=10476) to work on /opt/airflow/dags/clean_day_data.py
[2025-09-15T11:45:00.656+0000] {processor.py:830} INFO - Processing file /opt/airflow/dags/clean_day_data.py for tasks to queue
[2025-09-15T11:45:00.657+0000] {logging_mixin.py:188} INFO - [2025-09-15T11:45:00.656+0000] {dagbag.py:540} INFO - Filling up the DagBag from /opt/airflow/dags/clean_day_data.py
[2025-09-15T11:45:00.679+0000] {processor.py:840} INFO - DAG(s) 'clean_day_data' retrieved from /opt/airflow/dags/clean_day_data.py
[2025-09-15T11:45:00.720+0000] {logging_mixin.py:188} INFO - [2025-09-15T11:45:00.719+0000] {dag.py:3096} INFO - Sync 1 DAGs
[2025-09-15T11:45:00.734+0000] {logging_mixin.py:188} INFO - [2025-09-15T11:45:00.734+0000] {dag.py:3954} INFO - Setting next_dagrun for clean_day_data to None, run_after=None
[2025-09-15T11:45:00.756+0000] {processor.py:183} INFO - Processing /opt/airflow/dags/clean_day_data.py took 0.107 seconds
[2025-09-15T11:45:31.201+0000] {processor.py:161} INFO - Started process (PID=10511) to work on /opt/airflow/dags/clean_day_data.py
[2025-09-15T11:45:31.203+0000] {processor.py:830} INFO - Processing file /opt/airflow/dags/clean_day_data.py for tasks to queue
[2025-09-15T11:45:31.204+0000] {logging_mixin.py:188} INFO - [2025-09-15T11:45:31.204+0000] {dagbag.py:540} INFO - Filling up the DagBag from /opt/airflow/dags/clean_day_data.py
[2025-09-15T11:45:31.268+0000] {processor.py:840} INFO - DAG(s) 'clean_day_data' retrieved from /opt/airflow/dags/clean_day_data.py
[2025-09-15T11:45:31.585+0000] {logging_mixin.py:188} INFO - [2025-09-15T11:45:31.584+0000] {dag.py:3096} INFO - Sync 1 DAGs
[2025-09-15T11:45:31.707+0000] {logging_mixin.py:188} INFO - [2025-09-15T11:45:31.706+0000] {dag.py:3954} INFO - Setting next_dagrun for clean_day_data to None, run_after=None
[2025-09-15T11:45:31.734+0000] {processor.py:183} INFO - Processing /opt/airflow/dags/clean_day_data.py took 0.541 seconds
[2025-09-15T11:46:02.410+0000] {processor.py:161} INFO - Started process (PID=10551) to work on /opt/airflow/dags/clean_day_data.py
[2025-09-15T11:46:02.412+0000] {processor.py:830} INFO - Processing file /opt/airflow/dags/clean_day_data.py for tasks to queue
[2025-09-15T11:46:02.414+0000] {logging_mixin.py:188} INFO - [2025-09-15T11:46:02.413+0000] {dagbag.py:540} INFO - Filling up the DagBag from /opt/airflow/dags/clean_day_data.py
[2025-09-15T11:46:02.443+0000] {processor.py:840} INFO - DAG(s) 'clean_day_data' retrieved from /opt/airflow/dags/clean_day_data.py
[2025-09-15T11:46:02.480+0000] {logging_mixin.py:188} INFO - [2025-09-15T11:46:02.479+0000] {dag.py:3096} INFO - Sync 1 DAGs
[2025-09-15T11:46:02.492+0000] {logging_mixin.py:188} INFO - [2025-09-15T11:46:02.492+0000] {dag.py:3954} INFO - Setting next_dagrun for clean_day_data to None, run_after=None
[2025-09-15T11:46:02.512+0000] {processor.py:183} INFO - Processing /opt/airflow/dags/clean_day_data.py took 0.110 seconds
[2025-09-15T11:46:33.200+0000] {processor.py:161} INFO - Started process (PID=10586) to work on /opt/airflow/dags/clean_day_data.py
[2025-09-15T11:46:33.203+0000] {processor.py:830} INFO - Processing file /opt/airflow/dags/clean_day_data.py for tasks to queue
[2025-09-15T11:46:33.204+0000] {logging_mixin.py:188} INFO - [2025-09-15T11:46:33.204+0000] {dagbag.py:540} INFO - Filling up the DagBag from /opt/airflow/dags/clean_day_data.py
[2025-09-15T11:46:33.234+0000] {processor.py:840} INFO - DAG(s) 'clean_day_data' retrieved from /opt/airflow/dags/clean_day_data.py
[2025-09-15T11:46:33.283+0000] {logging_mixin.py:188} INFO - [2025-09-15T11:46:33.283+0000] {dag.py:3096} INFO - Sync 1 DAGs
[2025-09-15T11:46:33.305+0000] {logging_mixin.py:188} INFO - [2025-09-15T11:46:33.305+0000] {dag.py:3954} INFO - Setting next_dagrun for clean_day_data to None, run_after=None
[2025-09-15T11:46:33.343+0000] {processor.py:183} INFO - Processing /opt/airflow/dags/clean_day_data.py took 0.157 seconds
[2025-09-15T11:47:03.896+0000] {processor.py:161} INFO - Started process (PID=10621) to work on /opt/airflow/dags/clean_day_data.py
[2025-09-15T11:47:03.898+0000] {processor.py:830} INFO - Processing file /opt/airflow/dags/clean_day_data.py for tasks to queue
[2025-09-15T11:47:03.899+0000] {logging_mixin.py:188} INFO - [2025-09-15T11:47:03.898+0000] {dagbag.py:540} INFO - Filling up the DagBag from /opt/airflow/dags/clean_day_data.py
[2025-09-15T11:47:03.919+0000] {processor.py:840} INFO - DAG(s) 'clean_day_data' retrieved from /opt/airflow/dags/clean_day_data.py
[2025-09-15T11:47:03.947+0000] {logging_mixin.py:188} INFO - [2025-09-15T11:47:03.947+0000] {dag.py:3096} INFO - Sync 1 DAGs
[2025-09-15T11:47:03.958+0000] {logging_mixin.py:188} INFO - [2025-09-15T11:47:03.958+0000] {dag.py:3954} INFO - Setting next_dagrun for clean_day_data to None, run_after=None
[2025-09-15T11:47:03.985+0000] {processor.py:183} INFO - Processing /opt/airflow/dags/clean_day_data.py took 0.096 seconds
[2025-09-15T11:47:34.606+0000] {processor.py:161} INFO - Started process (PID=10656) to work on /opt/airflow/dags/clean_day_data.py
[2025-09-15T11:47:34.608+0000] {processor.py:830} INFO - Processing file /opt/airflow/dags/clean_day_data.py for tasks to queue
[2025-09-15T11:47:34.609+0000] {logging_mixin.py:188} INFO - [2025-09-15T11:47:34.609+0000] {dagbag.py:540} INFO - Filling up the DagBag from /opt/airflow/dags/clean_day_data.py
[2025-09-15T11:47:34.642+0000] {processor.py:840} INFO - DAG(s) 'clean_day_data' retrieved from /opt/airflow/dags/clean_day_data.py
[2025-09-15T11:47:34.687+0000] {logging_mixin.py:188} INFO - [2025-09-15T11:47:34.687+0000] {dag.py:3096} INFO - Sync 1 DAGs
[2025-09-15T11:47:34.712+0000] {logging_mixin.py:188} INFO - [2025-09-15T11:47:34.712+0000] {dag.py:3954} INFO - Setting next_dagrun for clean_day_data to None, run_after=None
[2025-09-15T11:47:34.740+0000] {processor.py:183} INFO - Processing /opt/airflow/dags/clean_day_data.py took 0.141 seconds
[2025-09-15T11:48:05.126+0000] {processor.py:161} INFO - Started process (PID=10691) to work on /opt/airflow/dags/clean_day_data.py
[2025-09-15T11:48:05.127+0000] {processor.py:830} INFO - Processing file /opt/airflow/dags/clean_day_data.py for tasks to queue
[2025-09-15T11:48:05.128+0000] {logging_mixin.py:188} INFO - [2025-09-15T11:48:05.128+0000] {dagbag.py:540} INFO - Filling up the DagBag from /opt/airflow/dags/clean_day_data.py
[2025-09-15T11:48:05.148+0000] {processor.py:840} INFO - DAG(s) 'clean_day_data' retrieved from /opt/airflow/dags/clean_day_data.py
[2025-09-15T11:48:05.175+0000] {logging_mixin.py:188} INFO - [2025-09-15T11:48:05.175+0000] {dag.py:3096} INFO - Sync 1 DAGs
[2025-09-15T11:48:05.187+0000] {logging_mixin.py:188} INFO - [2025-09-15T11:48:05.186+0000] {dag.py:3954} INFO - Setting next_dagrun for clean_day_data to None, run_after=None
[2025-09-15T11:48:05.205+0000] {processor.py:183} INFO - Processing /opt/airflow/dags/clean_day_data.py took 0.085 seconds
[2025-09-15T11:48:35.795+0000] {processor.py:161} INFO - Started process (PID=10726) to work on /opt/airflow/dags/clean_day_data.py
[2025-09-15T11:48:35.796+0000] {processor.py:830} INFO - Processing file /opt/airflow/dags/clean_day_data.py for tasks to queue
[2025-09-15T11:48:35.797+0000] {logging_mixin.py:188} INFO - [2025-09-15T11:48:35.797+0000] {dagbag.py:540} INFO - Filling up the DagBag from /opt/airflow/dags/clean_day_data.py
[2025-09-15T11:48:35.823+0000] {processor.py:840} INFO - DAG(s) 'clean_day_data' retrieved from /opt/airflow/dags/clean_day_data.py
[2025-09-15T11:48:35.856+0000] {logging_mixin.py:188} INFO - [2025-09-15T11:48:35.856+0000] {dag.py:3096} INFO - Sync 1 DAGs
[2025-09-15T11:48:35.872+0000] {logging_mixin.py:188} INFO - [2025-09-15T11:48:35.871+0000] {dag.py:3954} INFO - Setting next_dagrun for clean_day_data to None, run_after=None
[2025-09-15T11:48:35.910+0000] {processor.py:183} INFO - Processing /opt/airflow/dags/clean_day_data.py took 0.123 seconds
[2025-09-15T11:49:06.258+0000] {processor.py:161} INFO - Started process (PID=10761) to work on /opt/airflow/dags/clean_day_data.py
[2025-09-15T11:49:06.259+0000] {processor.py:830} INFO - Processing file /opt/airflow/dags/clean_day_data.py for tasks to queue
[2025-09-15T11:49:06.261+0000] {logging_mixin.py:188} INFO - [2025-09-15T11:49:06.260+0000] {dagbag.py:540} INFO - Filling up the DagBag from /opt/airflow/dags/clean_day_data.py
[2025-09-15T11:49:06.286+0000] {processor.py:840} INFO - DAG(s) 'clean_day_data' retrieved from /opt/airflow/dags/clean_day_data.py
[2025-09-15T11:49:06.320+0000] {logging_mixin.py:188} INFO - [2025-09-15T11:49:06.319+0000] {dag.py:3096} INFO - Sync 1 DAGs
[2025-09-15T11:49:06.334+0000] {logging_mixin.py:188} INFO - [2025-09-15T11:49:06.333+0000] {dag.py:3954} INFO - Setting next_dagrun for clean_day_data to None, run_after=None
[2025-09-15T11:49:06.354+0000] {processor.py:183} INFO - Processing /opt/airflow/dags/clean_day_data.py took 0.104 seconds
[2025-09-15T11:49:36.752+0000] {processor.py:161} INFO - Started process (PID=10796) to work on /opt/airflow/dags/clean_day_data.py
[2025-09-15T11:49:36.754+0000] {processor.py:830} INFO - Processing file /opt/airflow/dags/clean_day_data.py for tasks to queue
[2025-09-15T11:49:36.755+0000] {logging_mixin.py:188} INFO - [2025-09-15T11:49:36.755+0000] {dagbag.py:540} INFO - Filling up the DagBag from /opt/airflow/dags/clean_day_data.py
[2025-09-15T11:49:36.779+0000] {processor.py:840} INFO - DAG(s) 'clean_day_data' retrieved from /opt/airflow/dags/clean_day_data.py
[2025-09-15T11:49:36.814+0000] {logging_mixin.py:188} INFO - [2025-09-15T11:49:36.814+0000] {dag.py:3096} INFO - Sync 1 DAGs
[2025-09-15T11:49:36.827+0000] {logging_mixin.py:188} INFO - [2025-09-15T11:49:36.826+0000] {dag.py:3954} INFO - Setting next_dagrun for clean_day_data to None, run_after=None
[2025-09-15T11:49:36.848+0000] {processor.py:183} INFO - Processing /opt/airflow/dags/clean_day_data.py took 0.104 seconds
[2025-09-15T11:50:07.281+0000] {processor.py:161} INFO - Started process (PID=10831) to work on /opt/airflow/dags/clean_day_data.py
[2025-09-15T11:50:07.282+0000] {processor.py:830} INFO - Processing file /opt/airflow/dags/clean_day_data.py for tasks to queue
[2025-09-15T11:50:07.283+0000] {logging_mixin.py:188} INFO - [2025-09-15T11:50:07.283+0000] {dagbag.py:540} INFO - Filling up the DagBag from /opt/airflow/dags/clean_day_data.py
[2025-09-15T11:50:07.303+0000] {processor.py:840} INFO - DAG(s) 'clean_day_data' retrieved from /opt/airflow/dags/clean_day_data.py
[2025-09-15T11:50:07.345+0000] {logging_mixin.py:188} INFO - [2025-09-15T11:50:07.345+0000] {dag.py:3096} INFO - Sync 1 DAGs
[2025-09-15T11:50:07.359+0000] {logging_mixin.py:188} INFO - [2025-09-15T11:50:07.359+0000] {dag.py:3954} INFO - Setting next_dagrun for clean_day_data to None, run_after=None
[2025-09-15T11:50:07.384+0000] {processor.py:183} INFO - Processing /opt/airflow/dags/clean_day_data.py took 0.110 seconds
[2025-09-15T11:50:37.877+0000] {processor.py:161} INFO - Started process (PID=10866) to work on /opt/airflow/dags/clean_day_data.py
[2025-09-15T11:50:37.880+0000] {processor.py:830} INFO - Processing file /opt/airflow/dags/clean_day_data.py for tasks to queue
[2025-09-15T11:50:37.882+0000] {logging_mixin.py:188} INFO - [2025-09-15T11:50:37.881+0000] {dagbag.py:540} INFO - Filling up the DagBag from /opt/airflow/dags/clean_day_data.py
[2025-09-15T11:50:37.974+0000] {processor.py:840} INFO - DAG(s) 'clean_day_data' retrieved from /opt/airflow/dags/clean_day_data.py
[2025-09-15T11:50:38.115+0000] {logging_mixin.py:188} INFO - [2025-09-15T11:50:38.114+0000] {dag.py:3096} INFO - Sync 1 DAGs
[2025-09-15T11:50:38.129+0000] {logging_mixin.py:188} INFO - [2025-09-15T11:50:38.129+0000] {dag.py:3954} INFO - Setting next_dagrun for clean_day_data to None, run_after=None
[2025-09-15T11:50:38.157+0000] {processor.py:183} INFO - Processing /opt/airflow/dags/clean_day_data.py took 0.289 seconds
[2025-09-15T11:51:08.715+0000] {processor.py:161} INFO - Started process (PID=10901) to work on /opt/airflow/dags/clean_day_data.py
[2025-09-15T11:51:08.716+0000] {processor.py:830} INFO - Processing file /opt/airflow/dags/clean_day_data.py for tasks to queue
[2025-09-15T11:51:08.717+0000] {logging_mixin.py:188} INFO - [2025-09-15T11:51:08.716+0000] {dagbag.py:540} INFO - Filling up the DagBag from /opt/airflow/dags/clean_day_data.py
[2025-09-15T11:51:08.735+0000] {processor.py:840} INFO - DAG(s) 'clean_day_data' retrieved from /opt/airflow/dags/clean_day_data.py
[2025-09-15T11:51:08.763+0000] {logging_mixin.py:188} INFO - [2025-09-15T11:51:08.763+0000] {dag.py:3096} INFO - Sync 1 DAGs
[2025-09-15T11:51:08.776+0000] {logging_mixin.py:188} INFO - [2025-09-15T11:51:08.776+0000] {dag.py:3954} INFO - Setting next_dagrun for clean_day_data to None, run_after=None
[2025-09-15T11:51:08.802+0000] {processor.py:183} INFO - Processing /opt/airflow/dags/clean_day_data.py took 0.093 seconds
