[2025-09-15T06:01:11.831+0000] {processor.py:161} INFO - Started process (PID=177) to work on /opt/airflow/dags/load_hour_to_snowflake.py
[2025-09-15T06:01:11.834+0000] {processor.py:830} INFO - Processing file /opt/airflow/dags/load_hour_to_snowflake.py for tasks to queue
[2025-09-15T06:01:11.838+0000] {logging_mixin.py:188} INFO - [2025-09-15T06:01:11.838+0000] {dagbag.py:540} INFO - Filling up the DagBag from /opt/airflow/dags/load_hour_to_snowflake.py
[2025-09-15T06:01:11.877+0000] {processor.py:840} INFO - DAG(s) 'load_hour_to_snowflake' retrieved from /opt/airflow/dags/load_hour_to_snowflake.py
[2025-09-15T06:01:12.101+0000] {logging_mixin.py:188} INFO - [2025-09-15T06:01:12.100+0000] {dag.py:3096} INFO - Sync 1 DAGs
[2025-09-15T06:01:12.122+0000] {logging_mixin.py:188} INFO - [2025-09-15T06:01:12.121+0000] {dag.py:3954} INFO - Setting next_dagrun for load_hour_to_snowflake to None, run_after=None
[2025-09-15T06:01:12.166+0000] {processor.py:183} INFO - Processing /opt/airflow/dags/load_hour_to_snowflake.py took 0.345 seconds
[2025-09-15T06:01:43.078+0000] {processor.py:161} INFO - Started process (PID=212) to work on /opt/airflow/dags/load_hour_to_snowflake.py
[2025-09-15T06:01:43.101+0000] {processor.py:830} INFO - Processing file /opt/airflow/dags/load_hour_to_snowflake.py for tasks to queue
[2025-09-15T06:01:43.121+0000] {logging_mixin.py:188} INFO - [2025-09-15T06:01:43.120+0000] {dagbag.py:540} INFO - Filling up the DagBag from /opt/airflow/dags/load_hour_to_snowflake.py
[2025-09-15T06:01:43.215+0000] {processor.py:840} INFO - DAG(s) 'load_hour_to_snowflake' retrieved from /opt/airflow/dags/load_hour_to_snowflake.py
[2025-09-15T06:01:43.118+0000] {logging_mixin.py:188} INFO - [2025-09-15T06:01:43.117+0000] {dag.py:3096} INFO - Sync 1 DAGs
[2025-09-15T06:01:42.140+0000] {logging_mixin.py:188} INFO - [2025-09-15T06:01:42.140+0000] {dag.py:3954} INFO - Setting next_dagrun for load_hour_to_snowflake to None, run_after=None
[2025-09-15T06:01:42.218+0000] {processor.py:183} INFO - Processing /opt/airflow/dags/load_hour_to_snowflake.py took 0.759 seconds
[2025-09-15T06:02:12.976+0000] {processor.py:161} INFO - Started process (PID=247) to work on /opt/airflow/dags/load_hour_to_snowflake.py
[2025-09-15T06:02:12.982+0000] {processor.py:830} INFO - Processing file /opt/airflow/dags/load_hour_to_snowflake.py for tasks to queue
[2025-09-15T06:02:13.002+0000] {logging_mixin.py:188} INFO - [2025-09-15T06:02:13.000+0000] {dagbag.py:540} INFO - Filling up the DagBag from /opt/airflow/dags/load_hour_to_snowflake.py
[2025-09-15T06:02:13.108+0000] {processor.py:840} INFO - DAG(s) 'load_hour_to_snowflake' retrieved from /opt/airflow/dags/load_hour_to_snowflake.py
[2025-09-15T06:02:13.182+0000] {logging_mixin.py:188} INFO - [2025-09-15T06:02:13.180+0000] {dag.py:3096} INFO - Sync 1 DAGs
[2025-09-15T06:02:13.251+0000] {logging_mixin.py:188} INFO - [2025-09-15T06:02:13.251+0000] {dag.py:3954} INFO - Setting next_dagrun for load_hour_to_snowflake to None, run_after=None
[2025-09-15T06:02:13.306+0000] {processor.py:183} INFO - Processing /opt/airflow/dags/load_hour_to_snowflake.py took 0.420 seconds
[2025-09-15T06:02:43.741+0000] {processor.py:161} INFO - Started process (PID=282) to work on /opt/airflow/dags/load_hour_to_snowflake.py
[2025-09-15T06:02:43.742+0000] {processor.py:830} INFO - Processing file /opt/airflow/dags/load_hour_to_snowflake.py for tasks to queue
[2025-09-15T06:02:43.744+0000] {logging_mixin.py:188} INFO - [2025-09-15T06:02:43.744+0000] {dagbag.py:540} INFO - Filling up the DagBag from /opt/airflow/dags/load_hour_to_snowflake.py
[2025-09-15T06:02:43.760+0000] {processor.py:840} INFO - DAG(s) 'load_hour_to_snowflake' retrieved from /opt/airflow/dags/load_hour_to_snowflake.py
[2025-09-15T06:02:43.788+0000] {logging_mixin.py:188} INFO - [2025-09-15T06:02:43.788+0000] {dag.py:3096} INFO - Sync 1 DAGs
[2025-09-15T06:02:43.801+0000] {logging_mixin.py:188} INFO - [2025-09-15T06:02:43.801+0000] {dag.py:3954} INFO - Setting next_dagrun for load_hour_to_snowflake to None, run_after=None
[2025-09-15T06:02:43.819+0000] {processor.py:183} INFO - Processing /opt/airflow/dags/load_hour_to_snowflake.py took 0.084 seconds
[2025-09-15T06:03:14.323+0000] {processor.py:161} INFO - Started process (PID=321) to work on /opt/airflow/dags/load_hour_to_snowflake.py
[2025-09-15T06:03:14.327+0000] {processor.py:830} INFO - Processing file /opt/airflow/dags/load_hour_to_snowflake.py for tasks to queue
[2025-09-15T06:03:14.331+0000] {logging_mixin.py:188} INFO - [2025-09-15T06:03:14.330+0000] {dagbag.py:540} INFO - Filling up the DagBag from /opt/airflow/dags/load_hour_to_snowflake.py
[2025-09-15T06:03:14.355+0000] {processor.py:840} INFO - DAG(s) 'load_hour_to_snowflake' retrieved from /opt/airflow/dags/load_hour_to_snowflake.py
[2025-09-15T06:03:14.460+0000] {logging_mixin.py:188} INFO - [2025-09-15T06:03:14.458+0000] {dag.py:3096} INFO - Sync 1 DAGs
[2025-09-15T06:03:14.525+0000] {logging_mixin.py:188} INFO - [2025-09-15T06:03:14.524+0000] {dag.py:3954} INFO - Setting next_dagrun for load_hour_to_snowflake to None, run_after=None
[2025-09-15T06:03:14.632+0000] {processor.py:183} INFO - Processing /opt/airflow/dags/load_hour_to_snowflake.py took 0.317 seconds
[2025-09-15T06:03:44.778+0000] {processor.py:161} INFO - Started process (PID=361) to work on /opt/airflow/dags/load_hour_to_snowflake.py
[2025-09-15T06:03:44.780+0000] {processor.py:830} INFO - Processing file /opt/airflow/dags/load_hour_to_snowflake.py for tasks to queue
[2025-09-15T06:03:44.782+0000] {logging_mixin.py:188} INFO - [2025-09-15T06:03:44.781+0000] {dagbag.py:540} INFO - Filling up the DagBag from /opt/airflow/dags/load_hour_to_snowflake.py
[2025-09-15T06:03:44.803+0000] {processor.py:840} INFO - DAG(s) 'load_hour_to_snowflake' retrieved from /opt/airflow/dags/load_hour_to_snowflake.py
[2025-09-15T06:03:44.844+0000] {logging_mixin.py:188} INFO - [2025-09-15T06:03:44.842+0000] {dag.py:3096} INFO - Sync 1 DAGs
[2025-09-15T06:03:44.860+0000] {logging_mixin.py:188} INFO - [2025-09-15T06:03:44.860+0000] {dag.py:3954} INFO - Setting next_dagrun for load_hour_to_snowflake to None, run_after=None
[2025-09-15T06:03:44.892+0000] {processor.py:183} INFO - Processing /opt/airflow/dags/load_hour_to_snowflake.py took 0.121 seconds
[2025-09-15T06:04:15.018+0000] {processor.py:161} INFO - Started process (PID=396) to work on /opt/airflow/dags/load_hour_to_snowflake.py
[2025-09-15T06:04:15.019+0000] {processor.py:830} INFO - Processing file /opt/airflow/dags/load_hour_to_snowflake.py for tasks to queue
[2025-09-15T06:04:15.022+0000] {logging_mixin.py:188} INFO - [2025-09-15T06:04:15.022+0000] {dagbag.py:540} INFO - Filling up the DagBag from /opt/airflow/dags/load_hour_to_snowflake.py
[2025-09-15T06:04:15.042+0000] {processor.py:840} INFO - DAG(s) 'load_hour_to_snowflake' retrieved from /opt/airflow/dags/load_hour_to_snowflake.py
[2025-09-15T06:04:15.075+0000] {logging_mixin.py:188} INFO - [2025-09-15T06:04:15.075+0000] {dag.py:3096} INFO - Sync 1 DAGs
[2025-09-15T06:04:15.090+0000] {logging_mixin.py:188} INFO - [2025-09-15T06:04:15.090+0000] {dag.py:3954} INFO - Setting next_dagrun for load_hour_to_snowflake to None, run_after=None
[2025-09-15T06:04:15.115+0000] {processor.py:183} INFO - Processing /opt/airflow/dags/load_hour_to_snowflake.py took 0.103 seconds
[2025-09-15T06:04:45.385+0000] {processor.py:161} INFO - Started process (PID=431) to work on /opt/airflow/dags/load_hour_to_snowflake.py
[2025-09-15T06:04:45.388+0000] {processor.py:830} INFO - Processing file /opt/airflow/dags/load_hour_to_snowflake.py for tasks to queue
[2025-09-15T06:04:45.394+0000] {logging_mixin.py:188} INFO - [2025-09-15T06:04:45.393+0000] {dagbag.py:540} INFO - Filling up the DagBag from /opt/airflow/dags/load_hour_to_snowflake.py
[2025-09-15T06:04:45.436+0000] {processor.py:840} INFO - DAG(s) 'load_hour_to_snowflake' retrieved from /opt/airflow/dags/load_hour_to_snowflake.py
[2025-09-15T06:04:45.510+0000] {logging_mixin.py:188} INFO - [2025-09-15T06:04:45.509+0000] {dag.py:3096} INFO - Sync 1 DAGs
[2025-09-15T06:04:45.542+0000] {logging_mixin.py:188} INFO - [2025-09-15T06:04:45.541+0000] {dag.py:3954} INFO - Setting next_dagrun for load_hour_to_snowflake to None, run_after=None
[2025-09-15T06:04:45.606+0000] {processor.py:183} INFO - Processing /opt/airflow/dags/load_hour_to_snowflake.py took 0.234 seconds
[2025-09-15T06:05:16.352+0000] {processor.py:161} INFO - Started process (PID=466) to work on /opt/airflow/dags/load_hour_to_snowflake.py
[2025-09-15T06:05:16.354+0000] {processor.py:830} INFO - Processing file /opt/airflow/dags/load_hour_to_snowflake.py for tasks to queue
[2025-09-15T06:05:16.356+0000] {logging_mixin.py:188} INFO - [2025-09-15T06:05:16.356+0000] {dagbag.py:540} INFO - Filling up the DagBag from /opt/airflow/dags/load_hour_to_snowflake.py
[2025-09-15T06:05:16.376+0000] {processor.py:840} INFO - DAG(s) 'load_hour_to_snowflake' retrieved from /opt/airflow/dags/load_hour_to_snowflake.py
[2025-09-15T06:05:16.409+0000] {logging_mixin.py:188} INFO - [2025-09-15T06:05:16.408+0000] {dag.py:3096} INFO - Sync 1 DAGs
[2025-09-15T06:05:16.424+0000] {logging_mixin.py:188} INFO - [2025-09-15T06:05:16.423+0000] {dag.py:3954} INFO - Setting next_dagrun for load_hour_to_snowflake to None, run_after=None
[2025-09-15T06:05:16.446+0000] {processor.py:183} INFO - Processing /opt/airflow/dags/load_hour_to_snowflake.py took 0.100 seconds
[2025-09-15T06:05:47.015+0000] {processor.py:161} INFO - Started process (PID=501) to work on /opt/airflow/dags/load_hour_to_snowflake.py
[2025-09-15T06:05:47.017+0000] {processor.py:830} INFO - Processing file /opt/airflow/dags/load_hour_to_snowflake.py for tasks to queue
[2025-09-15T06:05:47.019+0000] {logging_mixin.py:188} INFO - [2025-09-15T06:05:47.018+0000] {dagbag.py:540} INFO - Filling up the DagBag from /opt/airflow/dags/load_hour_to_snowflake.py
[2025-09-15T06:05:47.046+0000] {processor.py:840} INFO - DAG(s) 'load_hour_to_snowflake' retrieved from /opt/airflow/dags/load_hour_to_snowflake.py
[2025-09-15T06:05:47.106+0000] {logging_mixin.py:188} INFO - [2025-09-15T06:05:47.105+0000] {dag.py:3096} INFO - Sync 1 DAGs
[2025-09-15T06:05:47.125+0000] {logging_mixin.py:188} INFO - [2025-09-15T06:05:47.125+0000] {dag.py:3954} INFO - Setting next_dagrun for load_hour_to_snowflake to None, run_after=None
[2025-09-15T06:05:47.160+0000] {processor.py:183} INFO - Processing /opt/airflow/dags/load_hour_to_snowflake.py took 0.154 seconds
[2025-09-15T06:06:18.030+0000] {processor.py:161} INFO - Started process (PID=536) to work on /opt/airflow/dags/load_hour_to_snowflake.py
[2025-09-15T06:06:18.031+0000] {processor.py:830} INFO - Processing file /opt/airflow/dags/load_hour_to_snowflake.py for tasks to queue
[2025-09-15T06:06:18.034+0000] {logging_mixin.py:188} INFO - [2025-09-15T06:06:18.033+0000] {dagbag.py:540} INFO - Filling up the DagBag from /opt/airflow/dags/load_hour_to_snowflake.py
[2025-09-15T06:06:18.053+0000] {processor.py:840} INFO - DAG(s) 'load_hour_to_snowflake' retrieved from /opt/airflow/dags/load_hour_to_snowflake.py
[2025-09-15T06:06:18.084+0000] {logging_mixin.py:188} INFO - [2025-09-15T06:06:18.083+0000] {dag.py:3096} INFO - Sync 1 DAGs
[2025-09-15T06:06:18.098+0000] {logging_mixin.py:188} INFO - [2025-09-15T06:06:18.098+0000] {dag.py:3954} INFO - Setting next_dagrun for load_hour_to_snowflake to None, run_after=None
[2025-09-15T06:06:18.120+0000] {processor.py:183} INFO - Processing /opt/airflow/dags/load_hour_to_snowflake.py took 0.098 seconds
[2025-09-15T06:06:48.822+0000] {processor.py:161} INFO - Started process (PID=571) to work on /opt/airflow/dags/load_hour_to_snowflake.py
[2025-09-15T06:06:48.823+0000] {processor.py:830} INFO - Processing file /opt/airflow/dags/load_hour_to_snowflake.py for tasks to queue
[2025-09-15T06:06:48.825+0000] {logging_mixin.py:188} INFO - [2025-09-15T06:06:48.825+0000] {dagbag.py:540} INFO - Filling up the DagBag from /opt/airflow/dags/load_hour_to_snowflake.py
[2025-09-15T06:06:48.842+0000] {processor.py:840} INFO - DAG(s) 'load_hour_to_snowflake' retrieved from /opt/airflow/dags/load_hour_to_snowflake.py
[2025-09-15T06:06:48.870+0000] {logging_mixin.py:188} INFO - [2025-09-15T06:06:48.870+0000] {dag.py:3096} INFO - Sync 1 DAGs
[2025-09-15T06:06:48.882+0000] {logging_mixin.py:188} INFO - [2025-09-15T06:06:48.882+0000] {dag.py:3954} INFO - Setting next_dagrun for load_hour_to_snowflake to None, run_after=None
[2025-09-15T06:06:48.903+0000] {processor.py:183} INFO - Processing /opt/airflow/dags/load_hour_to_snowflake.py took 0.086 seconds
[2025-09-15T06:07:19.299+0000] {processor.py:161} INFO - Started process (PID=606) to work on /opt/airflow/dags/load_hour_to_snowflake.py
[2025-09-15T06:07:19.300+0000] {processor.py:830} INFO - Processing file /opt/airflow/dags/load_hour_to_snowflake.py for tasks to queue
[2025-09-15T06:07:19.302+0000] {logging_mixin.py:188} INFO - [2025-09-15T06:07:19.302+0000] {dagbag.py:540} INFO - Filling up the DagBag from /opt/airflow/dags/load_hour_to_snowflake.py
[2025-09-15T06:07:19.319+0000] {processor.py:840} INFO - DAG(s) 'load_hour_to_snowflake' retrieved from /opt/airflow/dags/load_hour_to_snowflake.py
[2025-09-15T06:07:19.361+0000] {logging_mixin.py:188} INFO - [2025-09-15T06:07:19.361+0000] {dag.py:3096} INFO - Sync 1 DAGs
[2025-09-15T06:07:19.374+0000] {logging_mixin.py:188} INFO - [2025-09-15T06:07:19.374+0000] {dag.py:3954} INFO - Setting next_dagrun for load_hour_to_snowflake to None, run_after=None
[2025-09-15T06:07:19.394+0000] {processor.py:183} INFO - Processing /opt/airflow/dags/load_hour_to_snowflake.py took 0.101 seconds
[2025-09-15T06:07:50.006+0000] {processor.py:161} INFO - Started process (PID=641) to work on /opt/airflow/dags/load_hour_to_snowflake.py
[2025-09-15T06:07:50.007+0000] {processor.py:830} INFO - Processing file /opt/airflow/dags/load_hour_to_snowflake.py for tasks to queue
[2025-09-15T06:07:50.008+0000] {logging_mixin.py:188} INFO - [2025-09-15T06:07:50.008+0000] {dagbag.py:540} INFO - Filling up the DagBag from /opt/airflow/dags/load_hour_to_snowflake.py
[2025-09-15T06:07:50.029+0000] {processor.py:840} INFO - DAG(s) 'load_hour_to_snowflake' retrieved from /opt/airflow/dags/load_hour_to_snowflake.py
[2025-09-15T06:07:50.059+0000] {logging_mixin.py:188} INFO - [2025-09-15T06:07:50.058+0000] {dag.py:3096} INFO - Sync 1 DAGs
[2025-09-15T06:07:50.072+0000] {logging_mixin.py:188} INFO - [2025-09-15T06:07:50.072+0000] {dag.py:3954} INFO - Setting next_dagrun for load_hour_to_snowflake to None, run_after=None
[2025-09-15T06:07:50.094+0000] {processor.py:183} INFO - Processing /opt/airflow/dags/load_hour_to_snowflake.py took 0.095 seconds
[2025-09-15T06:08:20.622+0000] {processor.py:161} INFO - Started process (PID=676) to work on /opt/airflow/dags/load_hour_to_snowflake.py
[2025-09-15T06:08:20.623+0000] {processor.py:830} INFO - Processing file /opt/airflow/dags/load_hour_to_snowflake.py for tasks to queue
[2025-09-15T06:08:20.625+0000] {logging_mixin.py:188} INFO - [2025-09-15T06:08:20.625+0000] {dagbag.py:540} INFO - Filling up the DagBag from /opt/airflow/dags/load_hour_to_snowflake.py
[2025-09-15T06:08:20.642+0000] {processor.py:840} INFO - DAG(s) 'load_hour_to_snowflake' retrieved from /opt/airflow/dags/load_hour_to_snowflake.py
[2025-09-15T06:08:20.672+0000] {logging_mixin.py:188} INFO - [2025-09-15T06:08:20.672+0000] {dag.py:3096} INFO - Sync 1 DAGs
[2025-09-15T06:08:20.686+0000] {logging_mixin.py:188} INFO - [2025-09-15T06:08:20.686+0000] {dag.py:3954} INFO - Setting next_dagrun for load_hour_to_snowflake to None, run_after=None
[2025-09-15T06:08:20.712+0000] {processor.py:183} INFO - Processing /opt/airflow/dags/load_hour_to_snowflake.py took 0.095 seconds
[2025-09-15T06:08:50.928+0000] {processor.py:161} INFO - Started process (PID=711) to work on /opt/airflow/dags/load_hour_to_snowflake.py
[2025-09-15T06:08:50.930+0000] {processor.py:830} INFO - Processing file /opt/airflow/dags/load_hour_to_snowflake.py for tasks to queue
[2025-09-15T06:08:50.942+0000] {logging_mixin.py:188} INFO - [2025-09-15T06:08:50.941+0000] {dagbag.py:540} INFO - Filling up the DagBag from /opt/airflow/dags/load_hour_to_snowflake.py
[2025-09-15T06:08:51.052+0000] {processor.py:840} INFO - DAG(s) 'load_hour_to_snowflake' retrieved from /opt/airflow/dags/load_hour_to_snowflake.py
[2025-09-15T06:08:51.156+0000] {logging_mixin.py:188} INFO - [2025-09-15T06:08:51.155+0000] {dag.py:3096} INFO - Sync 1 DAGs
[2025-09-15T06:08:51.193+0000] {logging_mixin.py:188} INFO - [2025-09-15T06:08:51.193+0000] {dag.py:3954} INFO - Setting next_dagrun for load_hour_to_snowflake to None, run_after=None
[2025-09-15T06:08:51.266+0000] {processor.py:183} INFO - Processing /opt/airflow/dags/load_hour_to_snowflake.py took 0.356 seconds
[2025-09-15T06:09:22.114+0000] {processor.py:161} INFO - Started process (PID=746) to work on /opt/airflow/dags/load_hour_to_snowflake.py
[2025-09-15T06:09:22.116+0000] {processor.py:830} INFO - Processing file /opt/airflow/dags/load_hour_to_snowflake.py for tasks to queue
[2025-09-15T06:09:22.118+0000] {logging_mixin.py:188} INFO - [2025-09-15T06:09:22.118+0000] {dagbag.py:540} INFO - Filling up the DagBag from /opt/airflow/dags/load_hour_to_snowflake.py
[2025-09-15T06:09:22.154+0000] {processor.py:840} INFO - DAG(s) 'load_hour_to_snowflake' retrieved from /opt/airflow/dags/load_hour_to_snowflake.py
[2025-09-15T06:09:22.201+0000] {logging_mixin.py:188} INFO - [2025-09-15T06:09:22.201+0000] {dag.py:3096} INFO - Sync 1 DAGs
[2025-09-15T06:09:22.225+0000] {logging_mixin.py:188} INFO - [2025-09-15T06:09:22.224+0000] {dag.py:3954} INFO - Setting next_dagrun for load_hour_to_snowflake to None, run_after=None
[2025-09-15T06:09:22.251+0000] {processor.py:183} INFO - Processing /opt/airflow/dags/load_hour_to_snowflake.py took 0.143 seconds
[2025-09-15T06:09:52.474+0000] {processor.py:161} INFO - Started process (PID=781) to work on /opt/airflow/dags/load_hour_to_snowflake.py
[2025-09-15T06:09:52.478+0000] {processor.py:830} INFO - Processing file /opt/airflow/dags/load_hour_to_snowflake.py for tasks to queue
[2025-09-15T06:09:52.481+0000] {logging_mixin.py:188} INFO - [2025-09-15T06:09:52.481+0000] {dagbag.py:540} INFO - Filling up the DagBag from /opt/airflow/dags/load_hour_to_snowflake.py
[2025-09-15T06:09:52.536+0000] {processor.py:840} INFO - DAG(s) 'load_hour_to_snowflake' retrieved from /opt/airflow/dags/load_hour_to_snowflake.py
[2025-09-15T06:09:52.620+0000] {logging_mixin.py:188} INFO - [2025-09-15T06:09:52.619+0000] {dag.py:3096} INFO - Sync 1 DAGs
[2025-09-15T06:09:52.645+0000] {logging_mixin.py:188} INFO - [2025-09-15T06:09:52.644+0000] {dag.py:3954} INFO - Setting next_dagrun for load_hour_to_snowflake to None, run_after=None
[2025-09-15T06:09:52.700+0000] {processor.py:183} INFO - Processing /opt/airflow/dags/load_hour_to_snowflake.py took 0.243 seconds
[2025-09-15T06:10:23.470+0000] {processor.py:161} INFO - Started process (PID=816) to work on /opt/airflow/dags/load_hour_to_snowflake.py
[2025-09-15T06:10:23.474+0000] {processor.py:830} INFO - Processing file /opt/airflow/dags/load_hour_to_snowflake.py for tasks to queue
[2025-09-15T06:10:23.476+0000] {logging_mixin.py:188} INFO - [2025-09-15T06:10:23.476+0000] {dagbag.py:540} INFO - Filling up the DagBag from /opt/airflow/dags/load_hour_to_snowflake.py
[2025-09-15T06:10:23.498+0000] {processor.py:840} INFO - DAG(s) 'load_hour_to_snowflake' retrieved from /opt/airflow/dags/load_hour_to_snowflake.py
[2025-09-15T06:10:23.535+0000] {logging_mixin.py:188} INFO - [2025-09-15T06:10:23.534+0000] {dag.py:3096} INFO - Sync 1 DAGs
[2025-09-15T06:10:23.550+0000] {logging_mixin.py:188} INFO - [2025-09-15T06:10:23.549+0000] {dag.py:3954} INFO - Setting next_dagrun for load_hour_to_snowflake to None, run_after=None
[2025-09-15T06:10:23.574+0000] {processor.py:183} INFO - Processing /opt/airflow/dags/load_hour_to_snowflake.py took 0.113 seconds
[2025-09-15T06:10:54.075+0000] {processor.py:161} INFO - Started process (PID=851) to work on /opt/airflow/dags/load_hour_to_snowflake.py
[2025-09-15T06:10:54.077+0000] {processor.py:830} INFO - Processing file /opt/airflow/dags/load_hour_to_snowflake.py for tasks to queue
[2025-09-15T06:10:54.079+0000] {logging_mixin.py:188} INFO - [2025-09-15T06:10:54.079+0000] {dagbag.py:540} INFO - Filling up the DagBag from /opt/airflow/dags/load_hour_to_snowflake.py
[2025-09-15T06:10:54.100+0000] {processor.py:840} INFO - DAG(s) 'load_hour_to_snowflake' retrieved from /opt/airflow/dags/load_hour_to_snowflake.py
[2025-09-15T06:10:54.132+0000] {logging_mixin.py:188} INFO - [2025-09-15T06:10:54.132+0000] {dag.py:3096} INFO - Sync 1 DAGs
[2025-09-15T06:10:54.146+0000] {logging_mixin.py:188} INFO - [2025-09-15T06:10:54.146+0000] {dag.py:3954} INFO - Setting next_dagrun for load_hour_to_snowflake to None, run_after=None
[2025-09-15T06:10:54.174+0000] {processor.py:183} INFO - Processing /opt/airflow/dags/load_hour_to_snowflake.py took 0.107 seconds
[2025-09-15T06:11:24.263+0000] {processor.py:161} INFO - Started process (PID=886) to work on /opt/airflow/dags/load_hour_to_snowflake.py
[2025-09-15T06:11:24.265+0000] {processor.py:830} INFO - Processing file /opt/airflow/dags/load_hour_to_snowflake.py for tasks to queue
[2025-09-15T06:11:24.270+0000] {logging_mixin.py:188} INFO - [2025-09-15T06:11:24.270+0000] {dagbag.py:540} INFO - Filling up the DagBag from /opt/airflow/dags/load_hour_to_snowflake.py
[2025-09-15T06:11:24.316+0000] {processor.py:840} INFO - DAG(s) 'load_hour_to_snowflake' retrieved from /opt/airflow/dags/load_hour_to_snowflake.py
[2025-09-15T06:11:24.368+0000] {logging_mixin.py:188} INFO - [2025-09-15T06:11:24.367+0000] {dag.py:3096} INFO - Sync 1 DAGs
[2025-09-15T06:11:24.391+0000] {logging_mixin.py:188} INFO - [2025-09-15T06:11:24.390+0000] {dag.py:3954} INFO - Setting next_dagrun for load_hour_to_snowflake to None, run_after=None
[2025-09-15T06:11:24.424+0000] {processor.py:183} INFO - Processing /opt/airflow/dags/load_hour_to_snowflake.py took 0.170 seconds
[2025-09-15T06:11:55.268+0000] {processor.py:161} INFO - Started process (PID=916) to work on /opt/airflow/dags/load_hour_to_snowflake.py
[2025-09-15T06:11:55.269+0000] {processor.py:830} INFO - Processing file /opt/airflow/dags/load_hour_to_snowflake.py for tasks to queue
[2025-09-15T06:11:55.272+0000] {logging_mixin.py:188} INFO - [2025-09-15T06:11:55.271+0000] {dagbag.py:540} INFO - Filling up the DagBag from /opt/airflow/dags/load_hour_to_snowflake.py
[2025-09-15T06:11:55.292+0000] {processor.py:840} INFO - DAG(s) 'load_hour_to_snowflake' retrieved from /opt/airflow/dags/load_hour_to_snowflake.py
[2025-09-15T06:11:55.327+0000] {logging_mixin.py:188} INFO - [2025-09-15T06:11:55.325+0000] {dag.py:3096} INFO - Sync 1 DAGs
[2025-09-15T06:11:55.346+0000] {logging_mixin.py:188} INFO - [2025-09-15T06:11:55.345+0000] {dag.py:3954} INFO - Setting next_dagrun for load_hour_to_snowflake to None, run_after=None
[2025-09-15T06:11:55.372+0000] {processor.py:183} INFO - Processing /opt/airflow/dags/load_hour_to_snowflake.py took 0.116 seconds
[2025-09-15T06:12:25.917+0000] {processor.py:161} INFO - Started process (PID=951) to work on /opt/airflow/dags/load_hour_to_snowflake.py
[2025-09-15T06:12:25.918+0000] {processor.py:830} INFO - Processing file /opt/airflow/dags/load_hour_to_snowflake.py for tasks to queue
[2025-09-15T06:12:25.921+0000] {logging_mixin.py:188} INFO - [2025-09-15T06:12:25.921+0000] {dagbag.py:540} INFO - Filling up the DagBag from /opt/airflow/dags/load_hour_to_snowflake.py
[2025-09-15T06:12:25.943+0000] {processor.py:840} INFO - DAG(s) 'load_hour_to_snowflake' retrieved from /opt/airflow/dags/load_hour_to_snowflake.py
[2025-09-15T06:12:25.977+0000] {logging_mixin.py:188} INFO - [2025-09-15T06:12:25.976+0000] {dag.py:3096} INFO - Sync 1 DAGs
[2025-09-15T06:12:25.991+0000] {logging_mixin.py:188} INFO - [2025-09-15T06:12:25.991+0000] {dag.py:3954} INFO - Setting next_dagrun for load_hour_to_snowflake to None, run_after=None
[2025-09-15T06:12:26.022+0000] {processor.py:183} INFO - Processing /opt/airflow/dags/load_hour_to_snowflake.py took 0.111 seconds
[2025-09-15T06:12:56.420+0000] {processor.py:161} INFO - Started process (PID=986) to work on /opt/airflow/dags/load_hour_to_snowflake.py
[2025-09-15T06:12:56.421+0000] {processor.py:830} INFO - Processing file /opt/airflow/dags/load_hour_to_snowflake.py for tasks to queue
[2025-09-15T06:12:56.423+0000] {logging_mixin.py:188} INFO - [2025-09-15T06:12:56.422+0000] {dagbag.py:540} INFO - Filling up the DagBag from /opt/airflow/dags/load_hour_to_snowflake.py
[2025-09-15T06:12:56.439+0000] {processor.py:840} INFO - DAG(s) 'load_hour_to_snowflake' retrieved from /opt/airflow/dags/load_hour_to_snowflake.py
[2025-09-15T06:12:56.467+0000] {logging_mixin.py:188} INFO - [2025-09-15T06:12:56.466+0000] {dag.py:3096} INFO - Sync 1 DAGs
[2025-09-15T06:12:56.480+0000] {logging_mixin.py:188} INFO - [2025-09-15T06:12:56.480+0000] {dag.py:3954} INFO - Setting next_dagrun for load_hour_to_snowflake to None, run_after=None
[2025-09-15T06:12:56.501+0000] {processor.py:183} INFO - Processing /opt/airflow/dags/load_hour_to_snowflake.py took 0.087 seconds
[2025-09-15T06:13:26.825+0000] {processor.py:161} INFO - Started process (PID=1021) to work on /opt/airflow/dags/load_hour_to_snowflake.py
[2025-09-15T06:13:26.848+0000] {processor.py:830} INFO - Processing file /opt/airflow/dags/load_hour_to_snowflake.py for tasks to queue
[2025-09-15T06:13:26.871+0000] {logging_mixin.py:188} INFO - [2025-09-15T06:13:26.870+0000] {dagbag.py:540} INFO - Filling up the DagBag from /opt/airflow/dags/load_hour_to_snowflake.py
[2025-09-15T06:13:26.944+0000] {processor.py:840} INFO - DAG(s) 'load_hour_to_snowflake' retrieved from /opt/airflow/dags/load_hour_to_snowflake.py
[2025-09-15T06:13:27.046+0000] {logging_mixin.py:188} INFO - [2025-09-15T06:13:27.046+0000] {dag.py:3096} INFO - Sync 1 DAGs
[2025-09-15T06:13:27.061+0000] {logging_mixin.py:188} INFO - [2025-09-15T06:13:27.061+0000] {dag.py:3954} INFO - Setting next_dagrun for load_hour_to_snowflake to None, run_after=None
[2025-09-15T06:13:27.094+0000] {processor.py:183} INFO - Processing /opt/airflow/dags/load_hour_to_snowflake.py took 0.336 seconds
[2025-09-15T06:13:57.714+0000] {processor.py:161} INFO - Started process (PID=1056) to work on /opt/airflow/dags/load_hour_to_snowflake.py
[2025-09-15T06:13:57.721+0000] {processor.py:830} INFO - Processing file /opt/airflow/dags/load_hour_to_snowflake.py for tasks to queue
[2025-09-15T06:13:57.730+0000] {logging_mixin.py:188} INFO - [2025-09-15T06:13:57.728+0000] {dagbag.py:540} INFO - Filling up the DagBag from /opt/airflow/dags/load_hour_to_snowflake.py
[2025-09-15T06:13:58.130+0000] {processor.py:840} INFO - DAG(s) 'load_hour_to_snowflake' retrieved from /opt/airflow/dags/load_hour_to_snowflake.py
[2025-09-15T06:13:58.215+0000] {logging_mixin.py:188} INFO - [2025-09-15T06:13:58.213+0000] {dag.py:3096} INFO - Sync 1 DAGs
[2025-09-15T06:13:58.257+0000] {logging_mixin.py:188} INFO - [2025-09-15T06:13:58.256+0000] {dag.py:3954} INFO - Setting next_dagrun for load_hour_to_snowflake to None, run_after=None
[2025-09-15T06:13:58.312+0000] {processor.py:183} INFO - Processing /opt/airflow/dags/load_hour_to_snowflake.py took 0.624 seconds
[2025-09-15T06:14:28.862+0000] {processor.py:161} INFO - Started process (PID=1091) to work on /opt/airflow/dags/load_hour_to_snowflake.py
[2025-09-15T06:14:28.868+0000] {processor.py:830} INFO - Processing file /opt/airflow/dags/load_hour_to_snowflake.py for tasks to queue
[2025-09-15T06:14:28.879+0000] {logging_mixin.py:188} INFO - [2025-09-15T06:14:28.878+0000] {dagbag.py:540} INFO - Filling up the DagBag from /opt/airflow/dags/load_hour_to_snowflake.py
[2025-09-15T06:14:28.912+0000] {processor.py:840} INFO - DAG(s) 'load_hour_to_snowflake' retrieved from /opt/airflow/dags/load_hour_to_snowflake.py
[2025-09-15T06:14:28.966+0000] {logging_mixin.py:188} INFO - [2025-09-15T06:14:28.965+0000] {dag.py:3096} INFO - Sync 1 DAGs
[2025-09-15T06:14:28.999+0000] {logging_mixin.py:188} INFO - [2025-09-15T06:14:28.998+0000] {dag.py:3954} INFO - Setting next_dagrun for load_hour_to_snowflake to None, run_after=None
[2025-09-15T06:14:29.025+0000] {processor.py:183} INFO - Processing /opt/airflow/dags/load_hour_to_snowflake.py took 0.176 seconds
[2025-09-15T06:14:59.376+0000] {processor.py:161} INFO - Started process (PID=1130) to work on /opt/airflow/dags/load_hour_to_snowflake.py
[2025-09-15T06:14:59.378+0000] {processor.py:830} INFO - Processing file /opt/airflow/dags/load_hour_to_snowflake.py for tasks to queue
[2025-09-15T06:14:59.380+0000] {logging_mixin.py:188} INFO - [2025-09-15T06:14:59.380+0000] {dagbag.py:540} INFO - Filling up the DagBag from /opt/airflow/dags/load_hour_to_snowflake.py
[2025-09-15T06:14:59.401+0000] {processor.py:840} INFO - DAG(s) 'load_hour_to_snowflake' retrieved from /opt/airflow/dags/load_hour_to_snowflake.py
[2025-09-15T06:14:59.434+0000] {logging_mixin.py:188} INFO - [2025-09-15T06:14:59.434+0000] {dag.py:3096} INFO - Sync 1 DAGs
[2025-09-15T06:14:59.449+0000] {logging_mixin.py:188} INFO - [2025-09-15T06:14:59.448+0000] {dag.py:3954} INFO - Setting next_dagrun for load_hour_to_snowflake to None, run_after=None
[2025-09-15T06:14:59.477+0000] {processor.py:183} INFO - Processing /opt/airflow/dags/load_hour_to_snowflake.py took 0.109 seconds
[2025-09-15T06:15:30.038+0000] {processor.py:161} INFO - Started process (PID=1165) to work on /opt/airflow/dags/load_hour_to_snowflake.py
[2025-09-15T06:15:30.039+0000] {processor.py:830} INFO - Processing file /opt/airflow/dags/load_hour_to_snowflake.py for tasks to queue
[2025-09-15T06:15:30.043+0000] {logging_mixin.py:188} INFO - [2025-09-15T06:15:30.043+0000] {dagbag.py:540} INFO - Filling up the DagBag from /opt/airflow/dags/load_hour_to_snowflake.py
[2025-09-15T06:15:30.065+0000] {processor.py:840} INFO - DAG(s) 'load_hour_to_snowflake' retrieved from /opt/airflow/dags/load_hour_to_snowflake.py
[2025-09-15T06:15:30.104+0000] {logging_mixin.py:188} INFO - [2025-09-15T06:15:30.103+0000] {dag.py:3096} INFO - Sync 1 DAGs
[2025-09-15T06:15:30.116+0000] {logging_mixin.py:188} INFO - [2025-09-15T06:15:30.116+0000] {dag.py:3954} INFO - Setting next_dagrun for load_hour_to_snowflake to None, run_after=None
[2025-09-15T06:15:30.135+0000] {processor.py:183} INFO - Processing /opt/airflow/dags/load_hour_to_snowflake.py took 0.106 seconds
[2025-09-15T06:16:00.355+0000] {processor.py:161} INFO - Started process (PID=1200) to work on /opt/airflow/dags/load_hour_to_snowflake.py
[2025-09-15T06:16:00.356+0000] {processor.py:830} INFO - Processing file /opt/airflow/dags/load_hour_to_snowflake.py for tasks to queue
[2025-09-15T06:16:00.358+0000] {logging_mixin.py:188} INFO - [2025-09-15T06:16:00.358+0000] {dagbag.py:540} INFO - Filling up the DagBag from /opt/airflow/dags/load_hour_to_snowflake.py
[2025-09-15T06:16:00.385+0000] {processor.py:840} INFO - DAG(s) 'load_hour_to_snowflake' retrieved from /opt/airflow/dags/load_hour_to_snowflake.py
[2025-09-15T06:16:00.415+0000] {logging_mixin.py:188} INFO - [2025-09-15T06:16:00.415+0000] {dag.py:3096} INFO - Sync 1 DAGs
[2025-09-15T06:16:00.427+0000] {logging_mixin.py:188} INFO - [2025-09-15T06:16:00.427+0000] {dag.py:3954} INFO - Setting next_dagrun for load_hour_to_snowflake to None, run_after=None
[2025-09-15T06:16:00.447+0000] {processor.py:183} INFO - Processing /opt/airflow/dags/load_hour_to_snowflake.py took 0.099 seconds
[2025-09-15T06:16:31.346+0000] {processor.py:161} INFO - Started process (PID=1235) to work on /opt/airflow/dags/load_hour_to_snowflake.py
[2025-09-15T06:16:31.348+0000] {processor.py:830} INFO - Processing file /opt/airflow/dags/load_hour_to_snowflake.py for tasks to queue
[2025-09-15T06:16:31.351+0000] {logging_mixin.py:188} INFO - [2025-09-15T06:16:31.350+0000] {dagbag.py:540} INFO - Filling up the DagBag from /opt/airflow/dags/load_hour_to_snowflake.py
[2025-09-15T06:16:31.370+0000] {processor.py:840} INFO - DAG(s) 'load_hour_to_snowflake' retrieved from /opt/airflow/dags/load_hour_to_snowflake.py
[2025-09-15T06:16:31.401+0000] {logging_mixin.py:188} INFO - [2025-09-15T06:16:31.401+0000] {dag.py:3096} INFO - Sync 1 DAGs
[2025-09-15T06:16:31.417+0000] {logging_mixin.py:188} INFO - [2025-09-15T06:16:31.417+0000] {dag.py:3954} INFO - Setting next_dagrun for load_hour_to_snowflake to None, run_after=None
[2025-09-15T06:16:31.440+0000] {processor.py:183} INFO - Processing /opt/airflow/dags/load_hour_to_snowflake.py took 0.102 seconds
[2025-09-15T06:17:01.687+0000] {processor.py:161} INFO - Started process (PID=1270) to work on /opt/airflow/dags/load_hour_to_snowflake.py
[2025-09-15T06:17:01.688+0000] {processor.py:830} INFO - Processing file /opt/airflow/dags/load_hour_to_snowflake.py for tasks to queue
[2025-09-15T06:17:01.691+0000] {logging_mixin.py:188} INFO - [2025-09-15T06:17:01.690+0000] {dagbag.py:540} INFO - Filling up the DagBag from /opt/airflow/dags/load_hour_to_snowflake.py
[2025-09-15T06:17:01.712+0000] {processor.py:840} INFO - DAG(s) 'load_hour_to_snowflake' retrieved from /opt/airflow/dags/load_hour_to_snowflake.py
[2025-09-15T06:17:01.750+0000] {logging_mixin.py:188} INFO - [2025-09-15T06:17:01.749+0000] {dag.py:3096} INFO - Sync 1 DAGs
[2025-09-15T06:17:01.765+0000] {logging_mixin.py:188} INFO - [2025-09-15T06:17:01.765+0000] {dag.py:3954} INFO - Setting next_dagrun for load_hour_to_snowflake to None, run_after=None
[2025-09-15T06:17:01.790+0000] {processor.py:183} INFO - Processing /opt/airflow/dags/load_hour_to_snowflake.py took 0.111 seconds
[2025-09-15T06:17:32.175+0000] {processor.py:161} INFO - Started process (PID=1305) to work on /opt/airflow/dags/load_hour_to_snowflake.py
[2025-09-15T06:17:32.176+0000] {processor.py:830} INFO - Processing file /opt/airflow/dags/load_hour_to_snowflake.py for tasks to queue
[2025-09-15T06:17:32.177+0000] {logging_mixin.py:188} INFO - [2025-09-15T06:17:32.177+0000] {dagbag.py:540} INFO - Filling up the DagBag from /opt/airflow/dags/load_hour_to_snowflake.py
[2025-09-15T06:17:32.195+0000] {processor.py:840} INFO - DAG(s) 'load_hour_to_snowflake' retrieved from /opt/airflow/dags/load_hour_to_snowflake.py
[2025-09-15T06:17:32.226+0000] {logging_mixin.py:188} INFO - [2025-09-15T06:17:32.226+0000] {dag.py:3096} INFO - Sync 1 DAGs
[2025-09-15T06:17:32.241+0000] {logging_mixin.py:188} INFO - [2025-09-15T06:17:32.240+0000] {dag.py:3954} INFO - Setting next_dagrun for load_hour_to_snowflake to None, run_after=None
[2025-09-15T06:17:32.258+0000] {processor.py:183} INFO - Processing /opt/airflow/dags/load_hour_to_snowflake.py took 0.089 seconds
[2025-09-15T06:18:02.564+0000] {processor.py:161} INFO - Started process (PID=1340) to work on /opt/airflow/dags/load_hour_to_snowflake.py
[2025-09-15T06:18:02.565+0000] {processor.py:830} INFO - Processing file /opt/airflow/dags/load_hour_to_snowflake.py for tasks to queue
[2025-09-15T06:18:02.568+0000] {logging_mixin.py:188} INFO - [2025-09-15T06:18:02.567+0000] {dagbag.py:540} INFO - Filling up the DagBag from /opt/airflow/dags/load_hour_to_snowflake.py
[2025-09-15T06:18:02.584+0000] {processor.py:840} INFO - DAG(s) 'load_hour_to_snowflake' retrieved from /opt/airflow/dags/load_hour_to_snowflake.py
[2025-09-15T06:18:02.615+0000] {logging_mixin.py:188} INFO - [2025-09-15T06:18:02.614+0000] {dag.py:3096} INFO - Sync 1 DAGs
[2025-09-15T06:18:02.627+0000] {logging_mixin.py:188} INFO - [2025-09-15T06:18:02.627+0000] {dag.py:3954} INFO - Setting next_dagrun for load_hour_to_snowflake to None, run_after=None
[2025-09-15T06:18:02.647+0000] {processor.py:183} INFO - Processing /opt/airflow/dags/load_hour_to_snowflake.py took 0.090 seconds
[2025-09-15T06:18:32.862+0000] {processor.py:161} INFO - Started process (PID=1375) to work on /opt/airflow/dags/load_hour_to_snowflake.py
[2025-09-15T06:18:32.863+0000] {processor.py:830} INFO - Processing file /opt/airflow/dags/load_hour_to_snowflake.py for tasks to queue
[2025-09-15T06:18:32.866+0000] {logging_mixin.py:188} INFO - [2025-09-15T06:18:32.865+0000] {dagbag.py:540} INFO - Filling up the DagBag from /opt/airflow/dags/load_hour_to_snowflake.py
[2025-09-15T06:18:32.882+0000] {processor.py:840} INFO - DAG(s) 'load_hour_to_snowflake' retrieved from /opt/airflow/dags/load_hour_to_snowflake.py
[2025-09-15T06:18:32.911+0000] {logging_mixin.py:188} INFO - [2025-09-15T06:18:32.911+0000] {dag.py:3096} INFO - Sync 1 DAGs
[2025-09-15T06:18:32.924+0000] {logging_mixin.py:188} INFO - [2025-09-15T06:18:32.923+0000] {dag.py:3954} INFO - Setting next_dagrun for load_hour_to_snowflake to None, run_after=None
[2025-09-15T06:18:32.943+0000] {processor.py:183} INFO - Processing /opt/airflow/dags/load_hour_to_snowflake.py took 0.088 seconds
[2025-09-15T06:19:03.291+0000] {processor.py:161} INFO - Started process (PID=1410) to work on /opt/airflow/dags/load_hour_to_snowflake.py
[2025-09-15T06:19:03.292+0000] {processor.py:830} INFO - Processing file /opt/airflow/dags/load_hour_to_snowflake.py for tasks to queue
[2025-09-15T06:19:03.294+0000] {logging_mixin.py:188} INFO - [2025-09-15T06:19:03.294+0000] {dagbag.py:540} INFO - Filling up the DagBag from /opt/airflow/dags/load_hour_to_snowflake.py
[2025-09-15T06:19:03.312+0000] {processor.py:840} INFO - DAG(s) 'load_hour_to_snowflake' retrieved from /opt/airflow/dags/load_hour_to_snowflake.py
[2025-09-15T06:19:03.353+0000] {logging_mixin.py:188} INFO - [2025-09-15T06:19:03.353+0000] {dag.py:3096} INFO - Sync 1 DAGs
[2025-09-15T06:19:03.366+0000] {logging_mixin.py:188} INFO - [2025-09-15T06:19:03.366+0000] {dag.py:3954} INFO - Setting next_dagrun for load_hour_to_snowflake to None, run_after=None
[2025-09-15T06:19:03.390+0000] {processor.py:183} INFO - Processing /opt/airflow/dags/load_hour_to_snowflake.py took 0.105 seconds
[2025-09-15T06:19:33.743+0000] {processor.py:161} INFO - Started process (PID=1445) to work on /opt/airflow/dags/load_hour_to_snowflake.py
[2025-09-15T06:19:33.745+0000] {processor.py:830} INFO - Processing file /opt/airflow/dags/load_hour_to_snowflake.py for tasks to queue
[2025-09-15T06:19:33.748+0000] {logging_mixin.py:188} INFO - [2025-09-15T06:19:33.747+0000] {dagbag.py:540} INFO - Filling up the DagBag from /opt/airflow/dags/load_hour_to_snowflake.py
[2025-09-15T06:19:33.770+0000] {processor.py:840} INFO - DAG(s) 'load_hour_to_snowflake' retrieved from /opt/airflow/dags/load_hour_to_snowflake.py
[2025-09-15T06:19:33.809+0000] {logging_mixin.py:188} INFO - [2025-09-15T06:19:33.809+0000] {dag.py:3096} INFO - Sync 1 DAGs
[2025-09-15T06:19:33.824+0000] {logging_mixin.py:188} INFO - [2025-09-15T06:19:33.824+0000] {dag.py:3954} INFO - Setting next_dagrun for load_hour_to_snowflake to None, run_after=None
[2025-09-15T06:19:33.853+0000] {processor.py:183} INFO - Processing /opt/airflow/dags/load_hour_to_snowflake.py took 0.119 seconds
[2025-09-15T06:20:04.183+0000] {processor.py:161} INFO - Started process (PID=1480) to work on /opt/airflow/dags/load_hour_to_snowflake.py
[2025-09-15T06:20:04.184+0000] {processor.py:830} INFO - Processing file /opt/airflow/dags/load_hour_to_snowflake.py for tasks to queue
[2025-09-15T06:20:04.186+0000] {logging_mixin.py:188} INFO - [2025-09-15T06:20:04.186+0000] {dagbag.py:540} INFO - Filling up the DagBag from /opt/airflow/dags/load_hour_to_snowflake.py
[2025-09-15T06:20:04.210+0000] {processor.py:840} INFO - DAG(s) 'load_hour_to_snowflake' retrieved from /opt/airflow/dags/load_hour_to_snowflake.py
[2025-09-15T06:20:04.247+0000] {logging_mixin.py:188} INFO - [2025-09-15T06:20:04.246+0000] {dag.py:3096} INFO - Sync 1 DAGs
[2025-09-15T06:20:04.268+0000] {logging_mixin.py:188} INFO - [2025-09-15T06:20:04.267+0000] {dag.py:3954} INFO - Setting next_dagrun for load_hour_to_snowflake to None, run_after=None
[2025-09-15T06:20:04.299+0000] {processor.py:183} INFO - Processing /opt/airflow/dags/load_hour_to_snowflake.py took 0.128 seconds
[2025-09-15T06:20:34.640+0000] {processor.py:161} INFO - Started process (PID=1515) to work on /opt/airflow/dags/load_hour_to_snowflake.py
[2025-09-15T06:20:34.641+0000] {processor.py:830} INFO - Processing file /opt/airflow/dags/load_hour_to_snowflake.py for tasks to queue
[2025-09-15T06:20:34.644+0000] {logging_mixin.py:188} INFO - [2025-09-15T06:20:34.643+0000] {dagbag.py:540} INFO - Filling up the DagBag from /opt/airflow/dags/load_hour_to_snowflake.py
[2025-09-15T06:20:34.661+0000] {processor.py:840} INFO - DAG(s) 'load_hour_to_snowflake' retrieved from /opt/airflow/dags/load_hour_to_snowflake.py
[2025-09-15T06:20:34.691+0000] {logging_mixin.py:188} INFO - [2025-09-15T06:20:34.691+0000] {dag.py:3096} INFO - Sync 1 DAGs
[2025-09-15T06:20:34.705+0000] {logging_mixin.py:188} INFO - [2025-09-15T06:20:34.705+0000] {dag.py:3954} INFO - Setting next_dagrun for load_hour_to_snowflake to None, run_after=None
[2025-09-15T06:20:34.727+0000] {processor.py:183} INFO - Processing /opt/airflow/dags/load_hour_to_snowflake.py took 0.094 seconds
[2025-09-15T06:21:05.064+0000] {processor.py:161} INFO - Started process (PID=1550) to work on /opt/airflow/dags/load_hour_to_snowflake.py
[2025-09-15T06:21:05.066+0000] {processor.py:830} INFO - Processing file /opt/airflow/dags/load_hour_to_snowflake.py for tasks to queue
[2025-09-15T06:21:05.069+0000] {logging_mixin.py:188} INFO - [2025-09-15T06:21:05.068+0000] {dagbag.py:540} INFO - Filling up the DagBag from /opt/airflow/dags/load_hour_to_snowflake.py
[2025-09-15T06:21:05.086+0000] {processor.py:840} INFO - DAG(s) 'load_hour_to_snowflake' retrieved from /opt/airflow/dags/load_hour_to_snowflake.py
[2025-09-15T06:21:05.116+0000] {logging_mixin.py:188} INFO - [2025-09-15T06:21:05.116+0000] {dag.py:3096} INFO - Sync 1 DAGs
[2025-09-15T06:21:05.129+0000] {logging_mixin.py:188} INFO - [2025-09-15T06:21:05.129+0000] {dag.py:3954} INFO - Setting next_dagrun for load_hour_to_snowflake to None, run_after=None
[2025-09-15T06:21:05.149+0000] {processor.py:183} INFO - Processing /opt/airflow/dags/load_hour_to_snowflake.py took 0.093 seconds
[2025-09-15T06:21:35.453+0000] {processor.py:161} INFO - Started process (PID=1585) to work on /opt/airflow/dags/load_hour_to_snowflake.py
[2025-09-15T06:21:35.454+0000] {processor.py:830} INFO - Processing file /opt/airflow/dags/load_hour_to_snowflake.py for tasks to queue
[2025-09-15T06:21:35.456+0000] {logging_mixin.py:188} INFO - [2025-09-15T06:21:35.456+0000] {dagbag.py:540} INFO - Filling up the DagBag from /opt/airflow/dags/load_hour_to_snowflake.py
[2025-09-15T06:21:35.475+0000] {processor.py:840} INFO - DAG(s) 'load_hour_to_snowflake' retrieved from /opt/airflow/dags/load_hour_to_snowflake.py
[2025-09-15T06:21:35.505+0000] {logging_mixin.py:188} INFO - [2025-09-15T06:21:35.505+0000] {dag.py:3096} INFO - Sync 1 DAGs
[2025-09-15T06:21:35.518+0000] {logging_mixin.py:188} INFO - [2025-09-15T06:21:35.517+0000] {dag.py:3954} INFO - Setting next_dagrun for load_hour_to_snowflake to None, run_after=None
[2025-09-15T06:21:35.537+0000] {processor.py:183} INFO - Processing /opt/airflow/dags/load_hour_to_snowflake.py took 0.090 seconds
[2025-09-15T06:22:05.755+0000] {processor.py:161} INFO - Started process (PID=1620) to work on /opt/airflow/dags/load_hour_to_snowflake.py
[2025-09-15T06:22:05.756+0000] {processor.py:830} INFO - Processing file /opt/airflow/dags/load_hour_to_snowflake.py for tasks to queue
[2025-09-15T06:22:05.758+0000] {logging_mixin.py:188} INFO - [2025-09-15T06:22:05.758+0000] {dagbag.py:540} INFO - Filling up the DagBag from /opt/airflow/dags/load_hour_to_snowflake.py
[2025-09-15T06:22:05.777+0000] {processor.py:840} INFO - DAG(s) 'load_hour_to_snowflake' retrieved from /opt/airflow/dags/load_hour_to_snowflake.py
[2025-09-15T06:22:05.813+0000] {logging_mixin.py:188} INFO - [2025-09-15T06:22:05.812+0000] {dag.py:3096} INFO - Sync 1 DAGs
[2025-09-15T06:22:05.827+0000] {logging_mixin.py:188} INFO - [2025-09-15T06:22:05.827+0000] {dag.py:3954} INFO - Setting next_dagrun for load_hour_to_snowflake to None, run_after=None
[2025-09-15T06:22:05.850+0000] {processor.py:183} INFO - Processing /opt/airflow/dags/load_hour_to_snowflake.py took 0.101 seconds
[2025-09-15T06:22:36.154+0000] {processor.py:161} INFO - Started process (PID=1655) to work on /opt/airflow/dags/load_hour_to_snowflake.py
[2025-09-15T06:22:36.155+0000] {processor.py:830} INFO - Processing file /opt/airflow/dags/load_hour_to_snowflake.py for tasks to queue
[2025-09-15T06:22:36.157+0000] {logging_mixin.py:188} INFO - [2025-09-15T06:22:36.156+0000] {dagbag.py:540} INFO - Filling up the DagBag from /opt/airflow/dags/load_hour_to_snowflake.py
[2025-09-15T06:22:36.175+0000] {processor.py:840} INFO - DAG(s) 'load_hour_to_snowflake' retrieved from /opt/airflow/dags/load_hour_to_snowflake.py
[2025-09-15T06:22:36.205+0000] {logging_mixin.py:188} INFO - [2025-09-15T06:22:36.204+0000] {dag.py:3096} INFO - Sync 1 DAGs
[2025-09-15T06:22:36.222+0000] {logging_mixin.py:188} INFO - [2025-09-15T06:22:36.222+0000] {dag.py:3954} INFO - Setting next_dagrun for load_hour_to_snowflake to None, run_after=None
[2025-09-15T06:22:36.244+0000] {processor.py:183} INFO - Processing /opt/airflow/dags/load_hour_to_snowflake.py took 0.096 seconds
[2025-09-15T06:23:06.514+0000] {processor.py:161} INFO - Started process (PID=1690) to work on /opt/airflow/dags/load_hour_to_snowflake.py
[2025-09-15T06:23:06.515+0000] {processor.py:830} INFO - Processing file /opt/airflow/dags/load_hour_to_snowflake.py for tasks to queue
[2025-09-15T06:23:06.517+0000] {logging_mixin.py:188} INFO - [2025-09-15T06:23:06.517+0000] {dagbag.py:540} INFO - Filling up the DagBag from /opt/airflow/dags/load_hour_to_snowflake.py
[2025-09-15T06:23:06.533+0000] {processor.py:840} INFO - DAG(s) 'load_hour_to_snowflake' retrieved from /opt/airflow/dags/load_hour_to_snowflake.py
[2025-09-15T06:23:06.623+0000] {logging_mixin.py:188} INFO - [2025-09-15T06:23:06.623+0000] {dag.py:3096} INFO - Sync 1 DAGs
[2025-09-15T06:23:06.635+0000] {logging_mixin.py:188} INFO - [2025-09-15T06:23:06.635+0000] {dag.py:3954} INFO - Setting next_dagrun for load_hour_to_snowflake to None, run_after=None
[2025-09-15T06:23:06.667+0000] {processor.py:183} INFO - Processing /opt/airflow/dags/load_hour_to_snowflake.py took 0.160 seconds
[2025-09-15T06:23:36.927+0000] {processor.py:161} INFO - Started process (PID=1725) to work on /opt/airflow/dags/load_hour_to_snowflake.py
[2025-09-15T06:23:36.928+0000] {processor.py:830} INFO - Processing file /opt/airflow/dags/load_hour_to_snowflake.py for tasks to queue
[2025-09-15T06:23:36.930+0000] {logging_mixin.py:188} INFO - [2025-09-15T06:23:36.930+0000] {dagbag.py:540} INFO - Filling up the DagBag from /opt/airflow/dags/load_hour_to_snowflake.py
[2025-09-15T06:23:36.946+0000] {processor.py:840} INFO - DAG(s) 'load_hour_to_snowflake' retrieved from /opt/airflow/dags/load_hour_to_snowflake.py
[2025-09-15T06:23:36.980+0000] {logging_mixin.py:188} INFO - [2025-09-15T06:23:36.980+0000] {dag.py:3096} INFO - Sync 1 DAGs
[2025-09-15T06:23:36.994+0000] {logging_mixin.py:188} INFO - [2025-09-15T06:23:36.993+0000] {dag.py:3954} INFO - Setting next_dagrun for load_hour_to_snowflake to None, run_after=None
[2025-09-15T06:23:37.014+0000] {processor.py:183} INFO - Processing /opt/airflow/dags/load_hour_to_snowflake.py took 0.093 seconds
[2025-09-15T06:24:07.720+0000] {processor.py:161} INFO - Started process (PID=1760) to work on /opt/airflow/dags/load_hour_to_snowflake.py
[2025-09-15T06:24:07.731+0000] {processor.py:830} INFO - Processing file /opt/airflow/dags/load_hour_to_snowflake.py for tasks to queue
[2025-09-15T06:24:07.785+0000] {logging_mixin.py:188} INFO - [2025-09-15T06:24:07.776+0000] {dagbag.py:540} INFO - Filling up the DagBag from /opt/airflow/dags/load_hour_to_snowflake.py
[2025-09-15T06:24:07.862+0000] {processor.py:840} INFO - DAG(s) 'load_hour_to_snowflake' retrieved from /opt/airflow/dags/load_hour_to_snowflake.py
[2025-09-15T06:24:07.993+0000] {logging_mixin.py:188} INFO - [2025-09-15T06:24:07.992+0000] {dag.py:3096} INFO - Sync 1 DAGs
[2025-09-15T06:24:08.023+0000] {logging_mixin.py:188} INFO - [2025-09-15T06:24:08.023+0000] {dag.py:3954} INFO - Setting next_dagrun for load_hour_to_snowflake to None, run_after=None
[2025-09-15T06:24:08.053+0000] {processor.py:183} INFO - Processing /opt/airflow/dags/load_hour_to_snowflake.py took 0.381 seconds
[2025-09-15T06:24:38.265+0000] {processor.py:161} INFO - Started process (PID=1795) to work on /opt/airflow/dags/load_hour_to_snowflake.py
[2025-09-15T06:24:38.266+0000] {processor.py:830} INFO - Processing file /opt/airflow/dags/load_hour_to_snowflake.py for tasks to queue
[2025-09-15T06:24:38.269+0000] {logging_mixin.py:188} INFO - [2025-09-15T06:24:38.268+0000] {dagbag.py:540} INFO - Filling up the DagBag from /opt/airflow/dags/load_hour_to_snowflake.py
[2025-09-15T06:24:38.289+0000] {processor.py:840} INFO - DAG(s) 'load_hour_to_snowflake' retrieved from /opt/airflow/dags/load_hour_to_snowflake.py
[2025-09-15T06:24:38.323+0000] {logging_mixin.py:188} INFO - [2025-09-15T06:24:38.323+0000] {dag.py:3096} INFO - Sync 1 DAGs
[2025-09-15T06:24:38.337+0000] {logging_mixin.py:188} INFO - [2025-09-15T06:24:38.336+0000] {dag.py:3954} INFO - Setting next_dagrun for load_hour_to_snowflake to None, run_after=None
[2025-09-15T06:24:38.356+0000] {processor.py:183} INFO - Processing /opt/airflow/dags/load_hour_to_snowflake.py took 0.101 seconds
[2025-09-15T06:25:08.823+0000] {processor.py:161} INFO - Started process (PID=1830) to work on /opt/airflow/dags/load_hour_to_snowflake.py
[2025-09-15T06:25:08.824+0000] {processor.py:830} INFO - Processing file /opt/airflow/dags/load_hour_to_snowflake.py for tasks to queue
[2025-09-15T06:25:08.827+0000] {logging_mixin.py:188} INFO - [2025-09-15T06:25:08.827+0000] {dagbag.py:540} INFO - Filling up the DagBag from /opt/airflow/dags/load_hour_to_snowflake.py
[2025-09-15T06:25:08.847+0000] {processor.py:840} INFO - DAG(s) 'load_hour_to_snowflake' retrieved from /opt/airflow/dags/load_hour_to_snowflake.py
[2025-09-15T06:25:08.876+0000] {logging_mixin.py:188} INFO - [2025-09-15T06:25:08.875+0000] {dag.py:3096} INFO - Sync 1 DAGs
[2025-09-15T06:25:08.896+0000] {logging_mixin.py:188} INFO - [2025-09-15T06:25:08.895+0000] {dag.py:3954} INFO - Setting next_dagrun for load_hour_to_snowflake to None, run_after=None
[2025-09-15T06:25:08.920+0000] {processor.py:183} INFO - Processing /opt/airflow/dags/load_hour_to_snowflake.py took 0.104 seconds
[2025-09-15T06:25:39.375+0000] {processor.py:161} INFO - Started process (PID=1865) to work on /opt/airflow/dags/load_hour_to_snowflake.py
[2025-09-15T06:25:39.376+0000] {processor.py:830} INFO - Processing file /opt/airflow/dags/load_hour_to_snowflake.py for tasks to queue
[2025-09-15T06:25:39.379+0000] {logging_mixin.py:188} INFO - [2025-09-15T06:25:39.379+0000] {dagbag.py:540} INFO - Filling up the DagBag from /opt/airflow/dags/load_hour_to_snowflake.py
[2025-09-15T06:25:39.400+0000] {processor.py:840} INFO - DAG(s) 'load_hour_to_snowflake' retrieved from /opt/airflow/dags/load_hour_to_snowflake.py
[2025-09-15T06:25:39.445+0000] {logging_mixin.py:188} INFO - [2025-09-15T06:25:39.443+0000] {dag.py:3096} INFO - Sync 1 DAGs
[2025-09-15T06:25:39.465+0000] {logging_mixin.py:188} INFO - [2025-09-15T06:25:39.465+0000] {dag.py:3954} INFO - Setting next_dagrun for load_hour_to_snowflake to None, run_after=None
[2025-09-15T06:25:39.490+0000] {processor.py:183} INFO - Processing /opt/airflow/dags/load_hour_to_snowflake.py took 0.122 seconds
[2025-09-15T06:26:10.146+0000] {processor.py:161} INFO - Started process (PID=1900) to work on /opt/airflow/dags/load_hour_to_snowflake.py
[2025-09-15T06:26:10.147+0000] {processor.py:830} INFO - Processing file /opt/airflow/dags/load_hour_to_snowflake.py for tasks to queue
[2025-09-15T06:26:10.149+0000] {logging_mixin.py:188} INFO - [2025-09-15T06:26:10.149+0000] {dagbag.py:540} INFO - Filling up the DagBag from /opt/airflow/dags/load_hour_to_snowflake.py
[2025-09-15T06:26:10.166+0000] {processor.py:840} INFO - DAG(s) 'load_hour_to_snowflake' retrieved from /opt/airflow/dags/load_hour_to_snowflake.py
[2025-09-15T06:26:10.196+0000] {logging_mixin.py:188} INFO - [2025-09-15T06:26:10.195+0000] {dag.py:3096} INFO - Sync 1 DAGs
[2025-09-15T06:26:10.207+0000] {logging_mixin.py:188} INFO - [2025-09-15T06:26:10.207+0000] {dag.py:3954} INFO - Setting next_dagrun for load_hour_to_snowflake to None, run_after=None
[2025-09-15T06:26:10.228+0000] {processor.py:183} INFO - Processing /opt/airflow/dags/load_hour_to_snowflake.py took 0.088 seconds
[2025-09-15T06:26:40.858+0000] {processor.py:161} INFO - Started process (PID=1935) to work on /opt/airflow/dags/load_hour_to_snowflake.py
[2025-09-15T06:26:40.860+0000] {processor.py:830} INFO - Processing file /opt/airflow/dags/load_hour_to_snowflake.py for tasks to queue
[2025-09-15T06:26:40.863+0000] {logging_mixin.py:188} INFO - [2025-09-15T06:26:40.862+0000] {dagbag.py:540} INFO - Filling up the DagBag from /opt/airflow/dags/load_hour_to_snowflake.py
[2025-09-15T06:26:40.886+0000] {processor.py:840} INFO - DAG(s) 'load_hour_to_snowflake' retrieved from /opt/airflow/dags/load_hour_to_snowflake.py
[2025-09-15T06:26:40.914+0000] {logging_mixin.py:188} INFO - [2025-09-15T06:26:40.914+0000] {dag.py:3096} INFO - Sync 1 DAGs
[2025-09-15T06:26:40.927+0000] {logging_mixin.py:188} INFO - [2025-09-15T06:26:40.927+0000] {dag.py:3954} INFO - Setting next_dagrun for load_hour_to_snowflake to None, run_after=None
[2025-09-15T06:26:40.946+0000] {processor.py:183} INFO - Processing /opt/airflow/dags/load_hour_to_snowflake.py took 0.104 seconds
[2025-09-15T06:27:11.156+0000] {processor.py:161} INFO - Started process (PID=1970) to work on /opt/airflow/dags/load_hour_to_snowflake.py
[2025-09-15T06:27:11.157+0000] {processor.py:830} INFO - Processing file /opt/airflow/dags/load_hour_to_snowflake.py for tasks to queue
[2025-09-15T06:27:11.159+0000] {logging_mixin.py:188} INFO - [2025-09-15T06:27:11.159+0000] {dagbag.py:540} INFO - Filling up the DagBag from /opt/airflow/dags/load_hour_to_snowflake.py
[2025-09-15T06:27:11.182+0000] {processor.py:840} INFO - DAG(s) 'load_hour_to_snowflake' retrieved from /opt/airflow/dags/load_hour_to_snowflake.py
[2025-09-15T06:27:11.210+0000] {logging_mixin.py:188} INFO - [2025-09-15T06:27:11.210+0000] {dag.py:3096} INFO - Sync 1 DAGs
[2025-09-15T06:27:11.223+0000] {logging_mixin.py:188} INFO - [2025-09-15T06:27:11.223+0000] {dag.py:3954} INFO - Setting next_dagrun for load_hour_to_snowflake to None, run_after=None
[2025-09-15T06:27:11.247+0000] {processor.py:183} INFO - Processing /opt/airflow/dags/load_hour_to_snowflake.py took 0.100 seconds
[2025-09-15T06:27:41.758+0000] {processor.py:161} INFO - Started process (PID=2005) to work on /opt/airflow/dags/load_hour_to_snowflake.py
[2025-09-15T06:27:41.760+0000] {processor.py:830} INFO - Processing file /opt/airflow/dags/load_hour_to_snowflake.py for tasks to queue
[2025-09-15T06:27:41.762+0000] {logging_mixin.py:188} INFO - [2025-09-15T06:27:41.762+0000] {dagbag.py:540} INFO - Filling up the DagBag from /opt/airflow/dags/load_hour_to_snowflake.py
[2025-09-15T06:27:41.785+0000] {processor.py:840} INFO - DAG(s) 'load_hour_to_snowflake' retrieved from /opt/airflow/dags/load_hour_to_snowflake.py
[2025-09-15T06:27:41.825+0000] {logging_mixin.py:188} INFO - [2025-09-15T06:27:41.824+0000] {dag.py:3096} INFO - Sync 1 DAGs
[2025-09-15T06:27:41.845+0000] {logging_mixin.py:188} INFO - [2025-09-15T06:27:41.845+0000] {dag.py:3954} INFO - Setting next_dagrun for load_hour_to_snowflake to None, run_after=None
[2025-09-15T06:27:41.870+0000] {processor.py:183} INFO - Processing /opt/airflow/dags/load_hour_to_snowflake.py took 0.119 seconds
[2025-09-15T06:28:12.438+0000] {processor.py:161} INFO - Started process (PID=2040) to work on /opt/airflow/dags/load_hour_to_snowflake.py
[2025-09-15T06:28:12.439+0000] {processor.py:830} INFO - Processing file /opt/airflow/dags/load_hour_to_snowflake.py for tasks to queue
[2025-09-15T06:28:12.441+0000] {logging_mixin.py:188} INFO - [2025-09-15T06:28:12.441+0000] {dagbag.py:540} INFO - Filling up the DagBag from /opt/airflow/dags/load_hour_to_snowflake.py
[2025-09-15T06:28:12.458+0000] {processor.py:840} INFO - DAG(s) 'load_hour_to_snowflake' retrieved from /opt/airflow/dags/load_hour_to_snowflake.py
[2025-09-15T06:28:12.555+0000] {logging_mixin.py:188} INFO - [2025-09-15T06:28:12.555+0000] {dag.py:3096} INFO - Sync 1 DAGs
[2025-09-15T06:28:12.575+0000] {logging_mixin.py:188} INFO - [2025-09-15T06:28:12.575+0000] {dag.py:3954} INFO - Setting next_dagrun for load_hour_to_snowflake to None, run_after=None
[2025-09-15T06:28:12.599+0000] {processor.py:183} INFO - Processing /opt/airflow/dags/load_hour_to_snowflake.py took 0.167 seconds
[2025-09-15T06:28:43.091+0000] {processor.py:161} INFO - Started process (PID=2075) to work on /opt/airflow/dags/load_hour_to_snowflake.py
[2025-09-15T06:28:43.093+0000] {processor.py:830} INFO - Processing file /opt/airflow/dags/load_hour_to_snowflake.py for tasks to queue
[2025-09-15T06:28:43.095+0000] {logging_mixin.py:188} INFO - [2025-09-15T06:28:43.095+0000] {dagbag.py:540} INFO - Filling up the DagBag from /opt/airflow/dags/load_hour_to_snowflake.py
[2025-09-15T06:28:43.116+0000] {processor.py:840} INFO - DAG(s) 'load_hour_to_snowflake' retrieved from /opt/airflow/dags/load_hour_to_snowflake.py
[2025-09-15T06:28:43.147+0000] {logging_mixin.py:188} INFO - [2025-09-15T06:28:43.147+0000] {dag.py:3096} INFO - Sync 1 DAGs
[2025-09-15T06:28:43.162+0000] {logging_mixin.py:188} INFO - [2025-09-15T06:28:43.162+0000] {dag.py:3954} INFO - Setting next_dagrun for load_hour_to_snowflake to None, run_after=None
[2025-09-15T06:28:43.187+0000] {processor.py:183} INFO - Processing /opt/airflow/dags/load_hour_to_snowflake.py took 0.103 seconds
[2025-09-15T06:29:13.685+0000] {processor.py:161} INFO - Started process (PID=2110) to work on /opt/airflow/dags/load_hour_to_snowflake.py
[2025-09-15T06:29:13.686+0000] {processor.py:830} INFO - Processing file /opt/airflow/dags/load_hour_to_snowflake.py for tasks to queue
[2025-09-15T06:29:13.688+0000] {logging_mixin.py:188} INFO - [2025-09-15T06:29:13.688+0000] {dagbag.py:540} INFO - Filling up the DagBag from /opt/airflow/dags/load_hour_to_snowflake.py
[2025-09-15T06:29:13.707+0000] {processor.py:840} INFO - DAG(s) 'load_hour_to_snowflake' retrieved from /opt/airflow/dags/load_hour_to_snowflake.py
[2025-09-15T06:29:13.760+0000] {logging_mixin.py:188} INFO - [2025-09-15T06:29:13.759+0000] {dag.py:3096} INFO - Sync 1 DAGs
[2025-09-15T06:29:13.816+0000] {logging_mixin.py:188} INFO - [2025-09-15T06:29:13.815+0000] {dag.py:3954} INFO - Setting next_dagrun for load_hour_to_snowflake to None, run_after=None
[2025-09-15T06:29:13.856+0000] {processor.py:183} INFO - Processing /opt/airflow/dags/load_hour_to_snowflake.py took 0.177 seconds
[2025-09-15T06:29:44.368+0000] {processor.py:161} INFO - Started process (PID=2145) to work on /opt/airflow/dags/load_hour_to_snowflake.py
[2025-09-15T06:29:44.369+0000] {processor.py:830} INFO - Processing file /opt/airflow/dags/load_hour_to_snowflake.py for tasks to queue
[2025-09-15T06:29:44.371+0000] {logging_mixin.py:188} INFO - [2025-09-15T06:29:44.371+0000] {dagbag.py:540} INFO - Filling up the DagBag from /opt/airflow/dags/load_hour_to_snowflake.py
[2025-09-15T06:29:44.389+0000] {processor.py:840} INFO - DAG(s) 'load_hour_to_snowflake' retrieved from /opt/airflow/dags/load_hour_to_snowflake.py
[2025-09-15T06:29:44.418+0000] {logging_mixin.py:188} INFO - [2025-09-15T06:29:44.418+0000] {dag.py:3096} INFO - Sync 1 DAGs
[2025-09-15T06:29:44.430+0000] {logging_mixin.py:188} INFO - [2025-09-15T06:29:44.430+0000] {dag.py:3954} INFO - Setting next_dagrun for load_hour_to_snowflake to None, run_after=None
[2025-09-15T06:29:44.451+0000] {processor.py:183} INFO - Processing /opt/airflow/dags/load_hour_to_snowflake.py took 0.089 seconds
[2025-09-15T06:34:18.726+0000] {processor.py:161} INFO - Started process (PID=2182) to work on /opt/airflow/dags/load_hour_to_snowflake.py
[2025-09-15T06:34:18.809+0000] {processor.py:830} INFO - Processing file /opt/airflow/dags/load_hour_to_snowflake.py for tasks to queue
[2025-09-15T06:34:19.206+0000] {logging_mixin.py:188} INFO - [2025-09-15T06:34:19.160+0000] {dagbag.py:540} INFO - Filling up the DagBag from /opt/airflow/dags/load_hour_to_snowflake.py
[2025-09-15T06:34:19.855+0000] {processor.py:840} INFO - DAG(s) 'load_hour_to_snowflake' retrieved from /opt/airflow/dags/load_hour_to_snowflake.py
[2025-09-15T06:34:20.189+0000] {logging_mixin.py:188} INFO - [2025-09-15T06:34:20.186+0000] {dag.py:3096} INFO - Sync 1 DAGs
[2025-09-15T06:34:18.691+0000] {logging_mixin.py:188} INFO - [2025-09-15T06:34:18.687+0000] {dag.py:3954} INFO - Setting next_dagrun for load_hour_to_snowflake to None, run_after=None
[2025-09-15T06:34:18.888+0000] {processor.py:183} INFO - Processing /opt/airflow/dags/load_hour_to_snowflake.py took 2.299 seconds
[2025-09-15T06:34:49.122+0000] {processor.py:161} INFO - Started process (PID=2217) to work on /opt/airflow/dags/load_hour_to_snowflake.py
[2025-09-15T06:34:49.124+0000] {processor.py:830} INFO - Processing file /opt/airflow/dags/load_hour_to_snowflake.py for tasks to queue
[2025-09-15T06:34:49.126+0000] {logging_mixin.py:188} INFO - [2025-09-15T06:34:49.125+0000] {dagbag.py:540} INFO - Filling up the DagBag from /opt/airflow/dags/load_hour_to_snowflake.py
[2025-09-15T06:34:49.141+0000] {processor.py:840} INFO - DAG(s) 'load_hour_to_snowflake' retrieved from /opt/airflow/dags/load_hour_to_snowflake.py
[2025-09-15T06:34:49.167+0000] {logging_mixin.py:188} INFO - [2025-09-15T06:34:49.166+0000] {dag.py:3096} INFO - Sync 1 DAGs
[2025-09-15T06:34:49.177+0000] {logging_mixin.py:188} INFO - [2025-09-15T06:34:49.177+0000] {dag.py:3954} INFO - Setting next_dagrun for load_hour_to_snowflake to None, run_after=None
[2025-09-15T06:34:49.196+0000] {processor.py:183} INFO - Processing /opt/airflow/dags/load_hour_to_snowflake.py took 0.080 seconds
[2025-09-15T06:35:19.441+0000] {processor.py:161} INFO - Started process (PID=2252) to work on /opt/airflow/dags/load_hour_to_snowflake.py
[2025-09-15T06:35:19.442+0000] {processor.py:830} INFO - Processing file /opt/airflow/dags/load_hour_to_snowflake.py for tasks to queue
[2025-09-15T06:35:19.460+0000] {logging_mixin.py:188} INFO - [2025-09-15T06:35:19.458+0000] {dagbag.py:540} INFO - Filling up the DagBag from /opt/airflow/dags/load_hour_to_snowflake.py
[2025-09-15T06:35:19.497+0000] {processor.py:840} INFO - DAG(s) 'load_hour_to_snowflake' retrieved from /opt/airflow/dags/load_hour_to_snowflake.py
[2025-09-15T06:35:19.549+0000] {logging_mixin.py:188} INFO - [2025-09-15T06:35:19.549+0000] {dag.py:3096} INFO - Sync 1 DAGs
[2025-09-15T06:35:19.565+0000] {logging_mixin.py:188} INFO - [2025-09-15T06:35:19.565+0000] {dag.py:3954} INFO - Setting next_dagrun for load_hour_to_snowflake to None, run_after=None
[2025-09-15T06:35:19.588+0000] {processor.py:183} INFO - Processing /opt/airflow/dags/load_hour_to_snowflake.py took 0.158 seconds
[2025-09-15T06:35:49.788+0000] {processor.py:161} INFO - Started process (PID=2287) to work on /opt/airflow/dags/load_hour_to_snowflake.py
[2025-09-15T06:35:49.789+0000] {processor.py:830} INFO - Processing file /opt/airflow/dags/load_hour_to_snowflake.py for tasks to queue
[2025-09-15T06:35:49.792+0000] {logging_mixin.py:188} INFO - [2025-09-15T06:35:49.791+0000] {dagbag.py:540} INFO - Filling up the DagBag from /opt/airflow/dags/load_hour_to_snowflake.py
[2025-09-15T06:35:49.812+0000] {processor.py:840} INFO - DAG(s) 'load_hour_to_snowflake' retrieved from /opt/airflow/dags/load_hour_to_snowflake.py
[2025-09-15T06:35:49.849+0000] {logging_mixin.py:188} INFO - [2025-09-15T06:35:49.848+0000] {dag.py:3096} INFO - Sync 1 DAGs
[2025-09-15T06:35:49.866+0000] {logging_mixin.py:188} INFO - [2025-09-15T06:35:49.865+0000] {dag.py:3954} INFO - Setting next_dagrun for load_hour_to_snowflake to None, run_after=None
[2025-09-15T06:35:49.891+0000] {processor.py:183} INFO - Processing /opt/airflow/dags/load_hour_to_snowflake.py took 0.111 seconds
[2025-09-15T06:36:20.021+0000] {processor.py:161} INFO - Started process (PID=2322) to work on /opt/airflow/dags/load_hour_to_snowflake.py
[2025-09-15T06:36:20.026+0000] {processor.py:830} INFO - Processing file /opt/airflow/dags/load_hour_to_snowflake.py for tasks to queue
[2025-09-15T06:36:20.028+0000] {logging_mixin.py:188} INFO - [2025-09-15T06:36:20.027+0000] {dagbag.py:540} INFO - Filling up the DagBag from /opt/airflow/dags/load_hour_to_snowflake.py
[2025-09-15T06:36:20.045+0000] {processor.py:840} INFO - DAG(s) 'load_hour_to_snowflake' retrieved from /opt/airflow/dags/load_hour_to_snowflake.py
[2025-09-15T06:36:20.076+0000] {logging_mixin.py:188} INFO - [2025-09-15T06:36:20.076+0000] {dag.py:3096} INFO - Sync 1 DAGs
[2025-09-15T06:36:20.088+0000] {logging_mixin.py:188} INFO - [2025-09-15T06:36:20.088+0000] {dag.py:3954} INFO - Setting next_dagrun for load_hour_to_snowflake to None, run_after=None
[2025-09-15T06:36:20.108+0000] {processor.py:183} INFO - Processing /opt/airflow/dags/load_hour_to_snowflake.py took 0.093 seconds
[2025-09-15T06:36:50.421+0000] {processor.py:161} INFO - Started process (PID=2357) to work on /opt/airflow/dags/load_hour_to_snowflake.py
[2025-09-15T06:36:50.422+0000] {processor.py:830} INFO - Processing file /opt/airflow/dags/load_hour_to_snowflake.py for tasks to queue
[2025-09-15T06:36:50.424+0000] {logging_mixin.py:188} INFO - [2025-09-15T06:36:50.424+0000] {dagbag.py:540} INFO - Filling up the DagBag from /opt/airflow/dags/load_hour_to_snowflake.py
[2025-09-15T06:36:50.440+0000] {processor.py:840} INFO - DAG(s) 'load_hour_to_snowflake' retrieved from /opt/airflow/dags/load_hour_to_snowflake.py
[2025-09-15T06:36:50.468+0000] {logging_mixin.py:188} INFO - [2025-09-15T06:36:50.467+0000] {dag.py:3096} INFO - Sync 1 DAGs
[2025-09-15T06:36:50.479+0000] {logging_mixin.py:188} INFO - [2025-09-15T06:36:50.479+0000] {dag.py:3954} INFO - Setting next_dagrun for load_hour_to_snowflake to None, run_after=None
[2025-09-15T06:36:50.499+0000] {processor.py:183} INFO - Processing /opt/airflow/dags/load_hour_to_snowflake.py took 0.085 seconds
[2025-09-15T06:37:20.842+0000] {processor.py:161} INFO - Started process (PID=2392) to work on /opt/airflow/dags/load_hour_to_snowflake.py
[2025-09-15T06:37:20.843+0000] {processor.py:830} INFO - Processing file /opt/airflow/dags/load_hour_to_snowflake.py for tasks to queue
[2025-09-15T06:37:20.847+0000] {logging_mixin.py:188} INFO - [2025-09-15T06:37:20.846+0000] {dagbag.py:540} INFO - Filling up the DagBag from /opt/airflow/dags/load_hour_to_snowflake.py
[2025-09-15T06:37:20.863+0000] {processor.py:840} INFO - DAG(s) 'load_hour_to_snowflake' retrieved from /opt/airflow/dags/load_hour_to_snowflake.py
[2025-09-15T06:37:20.899+0000] {logging_mixin.py:188} INFO - [2025-09-15T06:37:20.899+0000] {dag.py:3096} INFO - Sync 1 DAGs
[2025-09-15T06:37:20.914+0000] {logging_mixin.py:188} INFO - [2025-09-15T06:37:20.913+0000] {dag.py:3954} INFO - Setting next_dagrun for load_hour_to_snowflake to None, run_after=None
[2025-09-15T06:37:20.938+0000] {processor.py:183} INFO - Processing /opt/airflow/dags/load_hour_to_snowflake.py took 0.103 seconds
[2025-09-15T06:37:51.224+0000] {processor.py:161} INFO - Started process (PID=2427) to work on /opt/airflow/dags/load_hour_to_snowflake.py
[2025-09-15T06:37:51.225+0000] {processor.py:830} INFO - Processing file /opt/airflow/dags/load_hour_to_snowflake.py for tasks to queue
[2025-09-15T06:37:51.227+0000] {logging_mixin.py:188} INFO - [2025-09-15T06:37:51.227+0000] {dagbag.py:540} INFO - Filling up the DagBag from /opt/airflow/dags/load_hour_to_snowflake.py
[2025-09-15T06:37:51.245+0000] {processor.py:840} INFO - DAG(s) 'load_hour_to_snowflake' retrieved from /opt/airflow/dags/load_hour_to_snowflake.py
[2025-09-15T06:37:51.277+0000] {logging_mixin.py:188} INFO - [2025-09-15T06:37:51.276+0000] {dag.py:3096} INFO - Sync 1 DAGs
[2025-09-15T06:37:51.290+0000] {logging_mixin.py:188} INFO - [2025-09-15T06:37:51.290+0000] {dag.py:3954} INFO - Setting next_dagrun for load_hour_to_snowflake to None, run_after=None
[2025-09-15T06:37:51.316+0000] {processor.py:183} INFO - Processing /opt/airflow/dags/load_hour_to_snowflake.py took 0.098 seconds
[2025-09-15T06:38:21.724+0000] {processor.py:161} INFO - Started process (PID=2462) to work on /opt/airflow/dags/load_hour_to_snowflake.py
[2025-09-15T06:38:21.725+0000] {processor.py:830} INFO - Processing file /opt/airflow/dags/load_hour_to_snowflake.py for tasks to queue
[2025-09-15T06:38:21.730+0000] {logging_mixin.py:188} INFO - [2025-09-15T06:38:21.729+0000] {dagbag.py:540} INFO - Filling up the DagBag from /opt/airflow/dags/load_hour_to_snowflake.py
[2025-09-15T06:38:21.746+0000] {processor.py:840} INFO - DAG(s) 'load_hour_to_snowflake' retrieved from /opt/airflow/dags/load_hour_to_snowflake.py
[2025-09-15T06:38:21.775+0000] {logging_mixin.py:188} INFO - [2025-09-15T06:38:21.774+0000] {dag.py:3096} INFO - Sync 1 DAGs
[2025-09-15T06:38:21.787+0000] {logging_mixin.py:188} INFO - [2025-09-15T06:38:21.786+0000] {dag.py:3954} INFO - Setting next_dagrun for load_hour_to_snowflake to None, run_after=None
[2025-09-15T06:38:21.808+0000] {processor.py:183} INFO - Processing /opt/airflow/dags/load_hour_to_snowflake.py took 0.091 seconds
[2025-09-15T06:38:52.077+0000] {processor.py:161} INFO - Started process (PID=2497) to work on /opt/airflow/dags/load_hour_to_snowflake.py
[2025-09-15T06:38:52.078+0000] {processor.py:830} INFO - Processing file /opt/airflow/dags/load_hour_to_snowflake.py for tasks to queue
[2025-09-15T06:38:52.080+0000] {logging_mixin.py:188} INFO - [2025-09-15T06:38:52.080+0000] {dagbag.py:540} INFO - Filling up the DagBag from /opt/airflow/dags/load_hour_to_snowflake.py
[2025-09-15T06:38:52.096+0000] {processor.py:840} INFO - DAG(s) 'load_hour_to_snowflake' retrieved from /opt/airflow/dags/load_hour_to_snowflake.py
[2025-09-15T06:38:52.122+0000] {logging_mixin.py:188} INFO - [2025-09-15T06:38:52.122+0000] {dag.py:3096} INFO - Sync 1 DAGs
[2025-09-15T06:38:52.133+0000] {logging_mixin.py:188} INFO - [2025-09-15T06:38:52.133+0000] {dag.py:3954} INFO - Setting next_dagrun for load_hour_to_snowflake to None, run_after=None
[2025-09-15T06:38:52.152+0000] {processor.py:183} INFO - Processing /opt/airflow/dags/load_hour_to_snowflake.py took 0.081 seconds
[2025-09-15T06:39:22.605+0000] {processor.py:161} INFO - Started process (PID=2532) to work on /opt/airflow/dags/load_hour_to_snowflake.py
[2025-09-15T06:39:22.606+0000] {processor.py:830} INFO - Processing file /opt/airflow/dags/load_hour_to_snowflake.py for tasks to queue
[2025-09-15T06:39:22.608+0000] {logging_mixin.py:188} INFO - [2025-09-15T06:39:22.608+0000] {dagbag.py:540} INFO - Filling up the DagBag from /opt/airflow/dags/load_hour_to_snowflake.py
[2025-09-15T06:39:22.624+0000] {processor.py:840} INFO - DAG(s) 'load_hour_to_snowflake' retrieved from /opt/airflow/dags/load_hour_to_snowflake.py
[2025-09-15T06:39:22.649+0000] {logging_mixin.py:188} INFO - [2025-09-15T06:39:22.649+0000] {dag.py:3096} INFO - Sync 1 DAGs
[2025-09-15T06:39:22.661+0000] {logging_mixin.py:188} INFO - [2025-09-15T06:39:22.661+0000] {dag.py:3954} INFO - Setting next_dagrun for load_hour_to_snowflake to None, run_after=None
[2025-09-15T06:39:22.681+0000] {processor.py:183} INFO - Processing /opt/airflow/dags/load_hour_to_snowflake.py took 0.081 seconds
[2025-09-15T06:39:53.114+0000] {processor.py:161} INFO - Started process (PID=2567) to work on /opt/airflow/dags/load_hour_to_snowflake.py
[2025-09-15T06:39:53.115+0000] {processor.py:830} INFO - Processing file /opt/airflow/dags/load_hour_to_snowflake.py for tasks to queue
[2025-09-15T06:39:53.117+0000] {logging_mixin.py:188} INFO - [2025-09-15T06:39:53.117+0000] {dagbag.py:540} INFO - Filling up the DagBag from /opt/airflow/dags/load_hour_to_snowflake.py
[2025-09-15T06:39:53.135+0000] {processor.py:840} INFO - DAG(s) 'load_hour_to_snowflake' retrieved from /opt/airflow/dags/load_hour_to_snowflake.py
[2025-09-15T06:39:53.163+0000] {logging_mixin.py:188} INFO - [2025-09-15T06:39:53.162+0000] {dag.py:3096} INFO - Sync 1 DAGs
[2025-09-15T06:39:53.175+0000] {logging_mixin.py:188} INFO - [2025-09-15T06:39:53.175+0000] {dag.py:3954} INFO - Setting next_dagrun for load_hour_to_snowflake to None, run_after=None
[2025-09-15T06:39:53.197+0000] {processor.py:183} INFO - Processing /opt/airflow/dags/load_hour_to_snowflake.py took 0.089 seconds
[2025-09-15T06:40:23.473+0000] {processor.py:161} INFO - Started process (PID=2602) to work on /opt/airflow/dags/load_hour_to_snowflake.py
[2025-09-15T06:40:23.474+0000] {processor.py:830} INFO - Processing file /opt/airflow/dags/load_hour_to_snowflake.py for tasks to queue
[2025-09-15T06:40:23.476+0000] {logging_mixin.py:188} INFO - [2025-09-15T06:40:23.476+0000] {dagbag.py:540} INFO - Filling up the DagBag from /opt/airflow/dags/load_hour_to_snowflake.py
[2025-09-15T06:40:23.492+0000] {processor.py:840} INFO - DAG(s) 'load_hour_to_snowflake' retrieved from /opt/airflow/dags/load_hour_to_snowflake.py
[2025-09-15T06:40:23.518+0000] {logging_mixin.py:188} INFO - [2025-09-15T06:40:23.518+0000] {dag.py:3096} INFO - Sync 1 DAGs
[2025-09-15T06:40:23.530+0000] {logging_mixin.py:188} INFO - [2025-09-15T06:40:23.530+0000] {dag.py:3954} INFO - Setting next_dagrun for load_hour_to_snowflake to None, run_after=None
[2025-09-15T06:40:23.552+0000] {processor.py:183} INFO - Processing /opt/airflow/dags/load_hour_to_snowflake.py took 0.084 seconds
[2025-09-15T06:40:54.009+0000] {processor.py:161} INFO - Started process (PID=2637) to work on /opt/airflow/dags/load_hour_to_snowflake.py
[2025-09-15T06:40:54.010+0000] {processor.py:830} INFO - Processing file /opt/airflow/dags/load_hour_to_snowflake.py for tasks to queue
[2025-09-15T06:40:54.012+0000] {logging_mixin.py:188} INFO - [2025-09-15T06:40:54.011+0000] {dagbag.py:540} INFO - Filling up the DagBag from /opt/airflow/dags/load_hour_to_snowflake.py
[2025-09-15T06:40:54.026+0000] {processor.py:840} INFO - DAG(s) 'load_hour_to_snowflake' retrieved from /opt/airflow/dags/load_hour_to_snowflake.py
[2025-09-15T06:40:54.051+0000] {logging_mixin.py:188} INFO - [2025-09-15T06:40:54.051+0000] {dag.py:3096} INFO - Sync 1 DAGs
[2025-09-15T06:40:54.063+0000] {logging_mixin.py:188} INFO - [2025-09-15T06:40:54.063+0000] {dag.py:3954} INFO - Setting next_dagrun for load_hour_to_snowflake to None, run_after=None
[2025-09-15T06:40:54.083+0000] {processor.py:183} INFO - Processing /opt/airflow/dags/load_hour_to_snowflake.py took 0.080 seconds
[2025-09-15T06:41:24.495+0000] {processor.py:161} INFO - Started process (PID=2672) to work on /opt/airflow/dags/load_hour_to_snowflake.py
[2025-09-15T06:41:24.495+0000] {processor.py:830} INFO - Processing file /opt/airflow/dags/load_hour_to_snowflake.py for tasks to queue
[2025-09-15T06:41:24.497+0000] {logging_mixin.py:188} INFO - [2025-09-15T06:41:24.497+0000] {dagbag.py:540} INFO - Filling up the DagBag from /opt/airflow/dags/load_hour_to_snowflake.py
[2025-09-15T06:41:24.514+0000] {processor.py:840} INFO - DAG(s) 'load_hour_to_snowflake' retrieved from /opt/airflow/dags/load_hour_to_snowflake.py
[2025-09-15T06:41:24.541+0000] {logging_mixin.py:188} INFO - [2025-09-15T06:41:24.541+0000] {dag.py:3096} INFO - Sync 1 DAGs
[2025-09-15T06:41:24.553+0000] {logging_mixin.py:188} INFO - [2025-09-15T06:41:24.553+0000] {dag.py:3954} INFO - Setting next_dagrun for load_hour_to_snowflake to None, run_after=None
[2025-09-15T06:41:24.575+0000] {processor.py:183} INFO - Processing /opt/airflow/dags/load_hour_to_snowflake.py took 0.086 seconds
[2025-09-15T06:41:55.024+0000] {processor.py:161} INFO - Started process (PID=2707) to work on /opt/airflow/dags/load_hour_to_snowflake.py
[2025-09-15T06:41:55.025+0000] {processor.py:830} INFO - Processing file /opt/airflow/dags/load_hour_to_snowflake.py for tasks to queue
[2025-09-15T06:41:55.028+0000] {logging_mixin.py:188} INFO - [2025-09-15T06:41:55.027+0000] {dagbag.py:540} INFO - Filling up the DagBag from /opt/airflow/dags/load_hour_to_snowflake.py
[2025-09-15T06:41:55.045+0000] {processor.py:840} INFO - DAG(s) 'load_hour_to_snowflake' retrieved from /opt/airflow/dags/load_hour_to_snowflake.py
[2025-09-15T06:41:55.075+0000] {logging_mixin.py:188} INFO - [2025-09-15T06:41:55.074+0000] {dag.py:3096} INFO - Sync 1 DAGs
[2025-09-15T06:41:55.089+0000] {logging_mixin.py:188} INFO - [2025-09-15T06:41:55.089+0000] {dag.py:3954} INFO - Setting next_dagrun for load_hour_to_snowflake to None, run_after=None
[2025-09-15T06:41:55.108+0000] {processor.py:183} INFO - Processing /opt/airflow/dags/load_hour_to_snowflake.py took 0.090 seconds
[2025-09-15T06:42:25.684+0000] {processor.py:161} INFO - Started process (PID=2742) to work on /opt/airflow/dags/load_hour_to_snowflake.py
[2025-09-15T06:42:25.685+0000] {processor.py:830} INFO - Processing file /opt/airflow/dags/load_hour_to_snowflake.py for tasks to queue
[2025-09-15T06:42:25.689+0000] {logging_mixin.py:188} INFO - [2025-09-15T06:42:25.688+0000] {dagbag.py:540} INFO - Filling up the DagBag from /opt/airflow/dags/load_hour_to_snowflake.py
[2025-09-15T06:42:25.707+0000] {processor.py:840} INFO - DAG(s) 'load_hour_to_snowflake' retrieved from /opt/airflow/dags/load_hour_to_snowflake.py
[2025-09-15T06:42:25.735+0000] {logging_mixin.py:188} INFO - [2025-09-15T06:42:25.734+0000] {dag.py:3096} INFO - Sync 1 DAGs
[2025-09-15T06:42:25.748+0000] {logging_mixin.py:188} INFO - [2025-09-15T06:42:25.748+0000] {dag.py:3954} INFO - Setting next_dagrun for load_hour_to_snowflake to None, run_after=None
[2025-09-15T06:42:25.770+0000] {processor.py:183} INFO - Processing /opt/airflow/dags/load_hour_to_snowflake.py took 0.092 seconds
[2025-09-15T06:42:56.175+0000] {processor.py:161} INFO - Started process (PID=2777) to work on /opt/airflow/dags/load_hour_to_snowflake.py
[2025-09-15T06:42:56.176+0000] {processor.py:830} INFO - Processing file /opt/airflow/dags/load_hour_to_snowflake.py for tasks to queue
[2025-09-15T06:42:56.178+0000] {logging_mixin.py:188} INFO - [2025-09-15T06:42:56.177+0000] {dagbag.py:540} INFO - Filling up the DagBag from /opt/airflow/dags/load_hour_to_snowflake.py
[2025-09-15T06:42:56.195+0000] {processor.py:840} INFO - DAG(s) 'load_hour_to_snowflake' retrieved from /opt/airflow/dags/load_hour_to_snowflake.py
[2025-09-15T06:42:56.224+0000] {logging_mixin.py:188} INFO - [2025-09-15T06:42:56.223+0000] {dag.py:3096} INFO - Sync 1 DAGs
[2025-09-15T06:42:56.237+0000] {logging_mixin.py:188} INFO - [2025-09-15T06:42:56.237+0000] {dag.py:3954} INFO - Setting next_dagrun for load_hour_to_snowflake to None, run_after=None
[2025-09-15T06:42:56.260+0000] {processor.py:183} INFO - Processing /opt/airflow/dags/load_hour_to_snowflake.py took 0.091 seconds
[2025-09-15T06:43:26.697+0000] {processor.py:161} INFO - Started process (PID=2812) to work on /opt/airflow/dags/load_hour_to_snowflake.py
[2025-09-15T06:43:26.698+0000] {processor.py:830} INFO - Processing file /opt/airflow/dags/load_hour_to_snowflake.py for tasks to queue
[2025-09-15T06:43:26.700+0000] {logging_mixin.py:188} INFO - [2025-09-15T06:43:26.700+0000] {dagbag.py:540} INFO - Filling up the DagBag from /opt/airflow/dags/load_hour_to_snowflake.py
[2025-09-15T06:43:26.714+0000] {processor.py:840} INFO - DAG(s) 'load_hour_to_snowflake' retrieved from /opt/airflow/dags/load_hour_to_snowflake.py
[2025-09-15T06:43:26.741+0000] {logging_mixin.py:188} INFO - [2025-09-15T06:43:26.741+0000] {dag.py:3096} INFO - Sync 1 DAGs
[2025-09-15T06:43:26.754+0000] {logging_mixin.py:188} INFO - [2025-09-15T06:43:26.754+0000] {dag.py:3954} INFO - Setting next_dagrun for load_hour_to_snowflake to None, run_after=None
[2025-09-15T06:43:26.773+0000] {processor.py:183} INFO - Processing /opt/airflow/dags/load_hour_to_snowflake.py took 0.081 seconds
[2025-09-15T06:43:57.124+0000] {processor.py:161} INFO - Started process (PID=2847) to work on /opt/airflow/dags/load_hour_to_snowflake.py
[2025-09-15T06:43:57.125+0000] {processor.py:830} INFO - Processing file /opt/airflow/dags/load_hour_to_snowflake.py for tasks to queue
[2025-09-15T06:43:57.128+0000] {logging_mixin.py:188} INFO - [2025-09-15T06:43:57.128+0000] {dagbag.py:540} INFO - Filling up the DagBag from /opt/airflow/dags/load_hour_to_snowflake.py
[2025-09-15T06:43:57.146+0000] {processor.py:840} INFO - DAG(s) 'load_hour_to_snowflake' retrieved from /opt/airflow/dags/load_hour_to_snowflake.py
[2025-09-15T06:43:57.175+0000] {logging_mixin.py:188} INFO - [2025-09-15T06:43:57.174+0000] {dag.py:3096} INFO - Sync 1 DAGs
[2025-09-15T06:43:57.187+0000] {logging_mixin.py:188} INFO - [2025-09-15T06:43:57.187+0000] {dag.py:3954} INFO - Setting next_dagrun for load_hour_to_snowflake to None, run_after=None
[2025-09-15T06:43:57.209+0000] {processor.py:183} INFO - Processing /opt/airflow/dags/load_hour_to_snowflake.py took 0.091 seconds
[2025-09-15T06:44:27.748+0000] {processor.py:161} INFO - Started process (PID=2882) to work on /opt/airflow/dags/load_hour_to_snowflake.py
[2025-09-15T06:44:27.750+0000] {processor.py:830} INFO - Processing file /opt/airflow/dags/load_hour_to_snowflake.py for tasks to queue
[2025-09-15T06:44:27.753+0000] {logging_mixin.py:188} INFO - [2025-09-15T06:44:27.752+0000] {dagbag.py:540} INFO - Filling up the DagBag from /opt/airflow/dags/load_hour_to_snowflake.py
[2025-09-15T06:44:27.770+0000] {processor.py:840} INFO - DAG(s) 'load_hour_to_snowflake' retrieved from /opt/airflow/dags/load_hour_to_snowflake.py
[2025-09-15T06:44:27.797+0000] {logging_mixin.py:188} INFO - [2025-09-15T06:44:27.797+0000] {dag.py:3096} INFO - Sync 1 DAGs
[2025-09-15T06:44:27.809+0000] {logging_mixin.py:188} INFO - [2025-09-15T06:44:27.809+0000] {dag.py:3954} INFO - Setting next_dagrun for load_hour_to_snowflake to None, run_after=None
[2025-09-15T06:44:27.830+0000] {processor.py:183} INFO - Processing /opt/airflow/dags/load_hour_to_snowflake.py took 0.088 seconds
[2025-09-15T06:44:58.334+0000] {processor.py:161} INFO - Started process (PID=2917) to work on /opt/airflow/dags/load_hour_to_snowflake.py
[2025-09-15T06:44:58.336+0000] {processor.py:830} INFO - Processing file /opt/airflow/dags/load_hour_to_snowflake.py for tasks to queue
[2025-09-15T06:44:58.338+0000] {logging_mixin.py:188} INFO - [2025-09-15T06:44:58.338+0000] {dagbag.py:540} INFO - Filling up the DagBag from /opt/airflow/dags/load_hour_to_snowflake.py
[2025-09-15T06:44:58.358+0000] {processor.py:840} INFO - DAG(s) 'load_hour_to_snowflake' retrieved from /opt/airflow/dags/load_hour_to_snowflake.py
[2025-09-15T06:44:58.390+0000] {logging_mixin.py:188} INFO - [2025-09-15T06:44:58.390+0000] {dag.py:3096} INFO - Sync 1 DAGs
[2025-09-15T06:44:58.404+0000] {logging_mixin.py:188} INFO - [2025-09-15T06:44:58.403+0000] {dag.py:3954} INFO - Setting next_dagrun for load_hour_to_snowflake to None, run_after=None
[2025-09-15T06:44:58.427+0000] {processor.py:183} INFO - Processing /opt/airflow/dags/load_hour_to_snowflake.py took 0.099 seconds
[2025-09-15T06:45:28.872+0000] {processor.py:161} INFO - Started process (PID=2952) to work on /opt/airflow/dags/load_hour_to_snowflake.py
[2025-09-15T06:45:28.873+0000] {processor.py:830} INFO - Processing file /opt/airflow/dags/load_hour_to_snowflake.py for tasks to queue
[2025-09-15T06:45:28.876+0000] {logging_mixin.py:188} INFO - [2025-09-15T06:45:28.876+0000] {dagbag.py:540} INFO - Filling up the DagBag from /opt/airflow/dags/load_hour_to_snowflake.py
[2025-09-15T06:45:28.893+0000] {processor.py:840} INFO - DAG(s) 'load_hour_to_snowflake' retrieved from /opt/airflow/dags/load_hour_to_snowflake.py
[2025-09-15T06:45:28.920+0000] {logging_mixin.py:188} INFO - [2025-09-15T06:45:28.920+0000] {dag.py:3096} INFO - Sync 1 DAGs
[2025-09-15T06:45:28.934+0000] {logging_mixin.py:188} INFO - [2025-09-15T06:45:28.934+0000] {dag.py:3954} INFO - Setting next_dagrun for load_hour_to_snowflake to None, run_after=None
[2025-09-15T06:45:28.954+0000] {processor.py:183} INFO - Processing /opt/airflow/dags/load_hour_to_snowflake.py took 0.088 seconds
[2025-09-15T06:45:59.465+0000] {processor.py:161} INFO - Started process (PID=2987) to work on /opt/airflow/dags/load_hour_to_snowflake.py
[2025-09-15T06:45:59.466+0000] {processor.py:830} INFO - Processing file /opt/airflow/dags/load_hour_to_snowflake.py for tasks to queue
[2025-09-15T06:45:59.468+0000] {logging_mixin.py:188} INFO - [2025-09-15T06:45:59.468+0000] {dagbag.py:540} INFO - Filling up the DagBag from /opt/airflow/dags/load_hour_to_snowflake.py
[2025-09-15T06:45:59.488+0000] {processor.py:840} INFO - DAG(s) 'load_hour_to_snowflake' retrieved from /opt/airflow/dags/load_hour_to_snowflake.py
[2025-09-15T06:45:59.518+0000] {logging_mixin.py:188} INFO - [2025-09-15T06:45:59.518+0000] {dag.py:3096} INFO - Sync 1 DAGs
[2025-09-15T06:45:59.532+0000] {logging_mixin.py:188} INFO - [2025-09-15T06:45:59.531+0000] {dag.py:3954} INFO - Setting next_dagrun for load_hour_to_snowflake to None, run_after=None
[2025-09-15T06:45:59.553+0000] {processor.py:183} INFO - Processing /opt/airflow/dags/load_hour_to_snowflake.py took 0.095 seconds
[2025-09-15T06:46:30.049+0000] {processor.py:161} INFO - Started process (PID=3022) to work on /opt/airflow/dags/load_hour_to_snowflake.py
[2025-09-15T06:46:30.050+0000] {processor.py:830} INFO - Processing file /opt/airflow/dags/load_hour_to_snowflake.py for tasks to queue
[2025-09-15T06:46:30.056+0000] {logging_mixin.py:188} INFO - [2025-09-15T06:46:30.055+0000] {dagbag.py:540} INFO - Filling up the DagBag from /opt/airflow/dags/load_hour_to_snowflake.py
[2025-09-15T06:46:30.074+0000] {processor.py:840} INFO - DAG(s) 'load_hour_to_snowflake' retrieved from /opt/airflow/dags/load_hour_to_snowflake.py
[2025-09-15T06:46:30.102+0000] {logging_mixin.py:188} INFO - [2025-09-15T06:46:30.102+0000] {dag.py:3096} INFO - Sync 1 DAGs
[2025-09-15T06:46:30.114+0000] {logging_mixin.py:188} INFO - [2025-09-15T06:46:30.114+0000] {dag.py:3954} INFO - Setting next_dagrun for load_hour_to_snowflake to None, run_after=None
[2025-09-15T06:46:30.137+0000] {processor.py:183} INFO - Processing /opt/airflow/dags/load_hour_to_snowflake.py took 0.095 seconds
[2025-09-15T06:47:00.742+0000] {processor.py:161} INFO - Started process (PID=3057) to work on /opt/airflow/dags/load_hour_to_snowflake.py
[2025-09-15T06:47:00.743+0000] {processor.py:830} INFO - Processing file /opt/airflow/dags/load_hour_to_snowflake.py for tasks to queue
[2025-09-15T06:47:00.745+0000] {logging_mixin.py:188} INFO - [2025-09-15T06:47:00.745+0000] {dagbag.py:540} INFO - Filling up the DagBag from /opt/airflow/dags/load_hour_to_snowflake.py
[2025-09-15T06:47:00.770+0000] {processor.py:840} INFO - DAG(s) 'load_hour_to_snowflake' retrieved from /opt/airflow/dags/load_hour_to_snowflake.py
[2025-09-15T06:47:00.798+0000] {logging_mixin.py:188} INFO - [2025-09-15T06:47:00.798+0000] {dag.py:3096} INFO - Sync 1 DAGs
[2025-09-15T06:47:00.810+0000] {logging_mixin.py:188} INFO - [2025-09-15T06:47:00.810+0000] {dag.py:3954} INFO - Setting next_dagrun for load_hour_to_snowflake to None, run_after=None
[2025-09-15T06:47:00.831+0000] {processor.py:183} INFO - Processing /opt/airflow/dags/load_hour_to_snowflake.py took 0.094 seconds
[2025-09-15T06:47:31.468+0000] {processor.py:161} INFO - Started process (PID=3092) to work on /opt/airflow/dags/load_hour_to_snowflake.py
[2025-09-15T06:47:31.482+0000] {processor.py:830} INFO - Processing file /opt/airflow/dags/load_hour_to_snowflake.py for tasks to queue
[2025-09-15T06:47:31.495+0000] {logging_mixin.py:188} INFO - [2025-09-15T06:47:31.494+0000] {dagbag.py:540} INFO - Filling up the DagBag from /opt/airflow/dags/load_hour_to_snowflake.py
[2025-09-15T06:47:31.563+0000] {processor.py:840} INFO - DAG(s) 'load_hour_to_snowflake' retrieved from /opt/airflow/dags/load_hour_to_snowflake.py
[2025-09-15T06:47:31.614+0000] {logging_mixin.py:188} INFO - [2025-09-15T06:47:31.614+0000] {dag.py:3096} INFO - Sync 1 DAGs
[2025-09-15T06:47:31.635+0000] {logging_mixin.py:188} INFO - [2025-09-15T06:47:31.635+0000] {dag.py:3954} INFO - Setting next_dagrun for load_hour_to_snowflake to None, run_after=None
[2025-09-15T06:47:31.797+0000] {processor.py:183} INFO - Processing /opt/airflow/dags/load_hour_to_snowflake.py took 0.354 seconds
[2025-09-15T06:54:06.351+0000] {processor.py:161} INFO - Started process (PID=3134) to work on /opt/airflow/dags/load_hour_to_snowflake.py
[2025-09-15T06:54:06.352+0000] {processor.py:830} INFO - Processing file /opt/airflow/dags/load_hour_to_snowflake.py for tasks to queue
[2025-09-15T06:54:06.353+0000] {logging_mixin.py:188} INFO - [2025-09-15T06:54:06.353+0000] {dagbag.py:540} INFO - Filling up the DagBag from /opt/airflow/dags/load_hour_to_snowflake.py
[2025-09-15T06:54:06.374+0000] {processor.py:840} INFO - DAG(s) 'load_hour_to_snowflake' retrieved from /opt/airflow/dags/load_hour_to_snowflake.py
[2025-09-15T06:54:06.816+0000] {logging_mixin.py:188} INFO - [2025-09-15T06:54:06.816+0000] {dag.py:3096} INFO - Sync 1 DAGs
[2025-09-15T06:54:06.825+0000] {logging_mixin.py:188} INFO - [2025-09-15T06:54:06.825+0000] {dag.py:3954} INFO - Setting next_dagrun for load_hour_to_snowflake to None, run_after=None
[2025-09-15T06:54:06.847+0000] {processor.py:183} INFO - Processing /opt/airflow/dags/load_hour_to_snowflake.py took 0.504 seconds
[2025-09-15T06:54:37.048+0000] {processor.py:161} INFO - Started process (PID=3169) to work on /opt/airflow/dags/load_hour_to_snowflake.py
[2025-09-15T06:54:37.049+0000] {processor.py:830} INFO - Processing file /opt/airflow/dags/load_hour_to_snowflake.py for tasks to queue
[2025-09-15T06:54:37.050+0000] {logging_mixin.py:188} INFO - [2025-09-15T06:54:37.050+0000] {dagbag.py:540} INFO - Filling up the DagBag from /opt/airflow/dags/load_hour_to_snowflake.py
[2025-09-15T06:54:37.066+0000] {processor.py:840} INFO - DAG(s) 'load_hour_to_snowflake' retrieved from /opt/airflow/dags/load_hour_to_snowflake.py
[2025-09-15T06:54:37.091+0000] {logging_mixin.py:188} INFO - [2025-09-15T06:54:37.091+0000] {dag.py:3096} INFO - Sync 1 DAGs
[2025-09-15T06:54:37.101+0000] {logging_mixin.py:188} INFO - [2025-09-15T06:54:37.101+0000] {dag.py:3954} INFO - Setting next_dagrun for load_hour_to_snowflake to None, run_after=None
[2025-09-15T06:54:37.121+0000] {processor.py:183} INFO - Processing /opt/airflow/dags/load_hour_to_snowflake.py took 0.078 seconds
[2025-09-15T06:55:07.802+0000] {processor.py:161} INFO - Started process (PID=3204) to work on /opt/airflow/dags/load_hour_to_snowflake.py
[2025-09-15T06:55:07.803+0000] {processor.py:830} INFO - Processing file /opt/airflow/dags/load_hour_to_snowflake.py for tasks to queue
[2025-09-15T06:55:07.803+0000] {logging_mixin.py:188} INFO - [2025-09-15T06:55:07.803+0000] {dagbag.py:540} INFO - Filling up the DagBag from /opt/airflow/dags/load_hour_to_snowflake.py
[2025-09-15T06:55:07.819+0000] {processor.py:840} INFO - DAG(s) 'load_hour_to_snowflake' retrieved from /opt/airflow/dags/load_hour_to_snowflake.py
[2025-09-15T06:55:07.842+0000] {logging_mixin.py:188} INFO - [2025-09-15T06:55:07.842+0000] {dag.py:3096} INFO - Sync 1 DAGs
[2025-09-15T06:55:07.853+0000] {logging_mixin.py:188} INFO - [2025-09-15T06:55:07.853+0000] {dag.py:3954} INFO - Setting next_dagrun for load_hour_to_snowflake to None, run_after=None
[2025-09-15T06:55:07.894+0000] {processor.py:183} INFO - Processing /opt/airflow/dags/load_hour_to_snowflake.py took 0.097 seconds
[2025-09-15T06:55:38.793+0000] {processor.py:161} INFO - Started process (PID=3239) to work on /opt/airflow/dags/load_hour_to_snowflake.py
[2025-09-15T06:55:38.794+0000] {processor.py:830} INFO - Processing file /opt/airflow/dags/load_hour_to_snowflake.py for tasks to queue
[2025-09-15T06:55:38.795+0000] {logging_mixin.py:188} INFO - [2025-09-15T06:55:38.795+0000] {dagbag.py:540} INFO - Filling up the DagBag from /opt/airflow/dags/load_hour_to_snowflake.py
[2025-09-15T06:55:38.811+0000] {processor.py:840} INFO - DAG(s) 'load_hour_to_snowflake' retrieved from /opt/airflow/dags/load_hour_to_snowflake.py
[2025-09-15T06:55:38.840+0000] {logging_mixin.py:188} INFO - [2025-09-15T06:55:38.840+0000] {dag.py:3096} INFO - Sync 1 DAGs
[2025-09-15T06:55:38.852+0000] {logging_mixin.py:188} INFO - [2025-09-15T06:55:38.852+0000] {dag.py:3954} INFO - Setting next_dagrun for load_hour_to_snowflake to None, run_after=None
[2025-09-15T06:55:38.873+0000] {processor.py:183} INFO - Processing /opt/airflow/dags/load_hour_to_snowflake.py took 0.086 seconds
[2025-09-15T06:56:09.534+0000] {processor.py:161} INFO - Started process (PID=3274) to work on /opt/airflow/dags/load_hour_to_snowflake.py
[2025-09-15T06:56:09.536+0000] {processor.py:830} INFO - Processing file /opt/airflow/dags/load_hour_to_snowflake.py for tasks to queue
[2025-09-15T06:56:09.537+0000] {logging_mixin.py:188} INFO - [2025-09-15T06:56:09.536+0000] {dagbag.py:540} INFO - Filling up the DagBag from /opt/airflow/dags/load_hour_to_snowflake.py
[2025-09-15T06:56:09.554+0000] {processor.py:840} INFO - DAG(s) 'load_hour_to_snowflake' retrieved from /opt/airflow/dags/load_hour_to_snowflake.py
[2025-09-15T06:56:09.582+0000] {logging_mixin.py:188} INFO - [2025-09-15T06:56:09.582+0000] {dag.py:3096} INFO - Sync 1 DAGs
[2025-09-15T06:56:09.593+0000] {logging_mixin.py:188} INFO - [2025-09-15T06:56:09.593+0000] {dag.py:3954} INFO - Setting next_dagrun for load_hour_to_snowflake to None, run_after=None
[2025-09-15T06:56:09.611+0000] {processor.py:183} INFO - Processing /opt/airflow/dags/load_hour_to_snowflake.py took 0.083 seconds
[2025-09-15T06:56:40.558+0000] {processor.py:161} INFO - Started process (PID=3309) to work on /opt/airflow/dags/load_hour_to_snowflake.py
[2025-09-15T06:56:40.559+0000] {processor.py:830} INFO - Processing file /opt/airflow/dags/load_hour_to_snowflake.py for tasks to queue
[2025-09-15T06:56:40.560+0000] {logging_mixin.py:188} INFO - [2025-09-15T06:56:40.559+0000] {dagbag.py:540} INFO - Filling up the DagBag from /opt/airflow/dags/load_hour_to_snowflake.py
[2025-09-15T06:56:40.576+0000] {processor.py:840} INFO - DAG(s) 'load_hour_to_snowflake' retrieved from /opt/airflow/dags/load_hour_to_snowflake.py
[2025-09-15T06:56:40.603+0000] {logging_mixin.py:188} INFO - [2025-09-15T06:56:40.603+0000] {dag.py:3096} INFO - Sync 1 DAGs
[2025-09-15T06:56:40.615+0000] {logging_mixin.py:188} INFO - [2025-09-15T06:56:40.614+0000] {dag.py:3954} INFO - Setting next_dagrun for load_hour_to_snowflake to None, run_after=None
[2025-09-15T06:56:40.634+0000] {processor.py:183} INFO - Processing /opt/airflow/dags/load_hour_to_snowflake.py took 0.082 seconds
[2025-09-15T06:57:11.285+0000] {processor.py:161} INFO - Started process (PID=3344) to work on /opt/airflow/dags/load_hour_to_snowflake.py
[2025-09-15T06:57:11.286+0000] {processor.py:830} INFO - Processing file /opt/airflow/dags/load_hour_to_snowflake.py for tasks to queue
[2025-09-15T06:57:11.287+0000] {logging_mixin.py:188} INFO - [2025-09-15T06:57:11.287+0000] {dagbag.py:540} INFO - Filling up the DagBag from /opt/airflow/dags/load_hour_to_snowflake.py
[2025-09-15T06:57:11.303+0000] {processor.py:840} INFO - DAG(s) 'load_hour_to_snowflake' retrieved from /opt/airflow/dags/load_hour_to_snowflake.py
[2025-09-15T06:57:11.330+0000] {logging_mixin.py:188} INFO - [2025-09-15T06:57:11.330+0000] {dag.py:3096} INFO - Sync 1 DAGs
[2025-09-15T06:57:11.344+0000] {logging_mixin.py:188} INFO - [2025-09-15T06:57:11.344+0000] {dag.py:3954} INFO - Setting next_dagrun for load_hour_to_snowflake to None, run_after=None
[2025-09-15T06:57:11.366+0000] {processor.py:183} INFO - Processing /opt/airflow/dags/load_hour_to_snowflake.py took 0.086 seconds
[2025-09-15T06:57:42.026+0000] {processor.py:161} INFO - Started process (PID=3379) to work on /opt/airflow/dags/load_hour_to_snowflake.py
[2025-09-15T06:57:42.035+0000] {processor.py:830} INFO - Processing file /opt/airflow/dags/load_hour_to_snowflake.py for tasks to queue
[2025-09-15T06:57:42.047+0000] {logging_mixin.py:188} INFO - [2025-09-15T06:57:42.043+0000] {dagbag.py:540} INFO - Filling up the DagBag from /opt/airflow/dags/load_hour_to_snowflake.py
[2025-09-15T06:57:42.176+0000] {processor.py:840} INFO - DAG(s) 'load_hour_to_snowflake' retrieved from /opt/airflow/dags/load_hour_to_snowflake.py
[2025-09-15T06:57:42.236+0000] {logging_mixin.py:188} INFO - [2025-09-15T06:57:42.236+0000] {dag.py:3096} INFO - Sync 1 DAGs
[2025-09-15T06:57:42.255+0000] {logging_mixin.py:188} INFO - [2025-09-15T06:57:42.255+0000] {dag.py:3954} INFO - Setting next_dagrun for load_hour_to_snowflake to None, run_after=None
[2025-09-15T06:57:42.287+0000] {processor.py:183} INFO - Processing /opt/airflow/dags/load_hour_to_snowflake.py took 0.287 seconds
[2025-09-15T06:58:12.365+0000] {processor.py:161} INFO - Started process (PID=3417) to work on /opt/airflow/dags/load_hour_to_snowflake.py
[2025-09-15T06:58:12.368+0000] {processor.py:830} INFO - Processing file /opt/airflow/dags/load_hour_to_snowflake.py for tasks to queue
[2025-09-15T06:58:12.369+0000] {logging_mixin.py:188} INFO - [2025-09-15T06:58:12.369+0000] {dagbag.py:540} INFO - Filling up the DagBag from /opt/airflow/dags/load_hour_to_snowflake.py
[2025-09-15T06:58:12.399+0000] {processor.py:840} INFO - DAG(s) 'load_hour_to_snowflake' retrieved from /opt/airflow/dags/load_hour_to_snowflake.py
[2025-09-15T06:58:12.433+0000] {logging_mixin.py:188} INFO - [2025-09-15T06:58:12.433+0000] {dag.py:3096} INFO - Sync 1 DAGs
[2025-09-15T06:58:12.452+0000] {logging_mixin.py:188} INFO - [2025-09-15T06:58:12.452+0000] {dag.py:3954} INFO - Setting next_dagrun for load_hour_to_snowflake to None, run_after=None
[2025-09-15T06:58:12.480+0000] {processor.py:183} INFO - Processing /opt/airflow/dags/load_hour_to_snowflake.py took 0.125 seconds
[2025-09-15T06:58:43.061+0000] {processor.py:161} INFO - Started process (PID=3449) to work on /opt/airflow/dags/load_hour_to_snowflake.py
[2025-09-15T06:58:43.062+0000] {processor.py:830} INFO - Processing file /opt/airflow/dags/load_hour_to_snowflake.py for tasks to queue
[2025-09-15T06:58:43.062+0000] {logging_mixin.py:188} INFO - [2025-09-15T06:58:43.062+0000] {dagbag.py:540} INFO - Filling up the DagBag from /opt/airflow/dags/load_hour_to_snowflake.py
[2025-09-15T06:58:43.083+0000] {processor.py:840} INFO - DAG(s) 'load_hour_to_snowflake' retrieved from /opt/airflow/dags/load_hour_to_snowflake.py
[2025-09-15T06:58:43.113+0000] {logging_mixin.py:188} INFO - [2025-09-15T06:58:43.113+0000] {dag.py:3096} INFO - Sync 1 DAGs
[2025-09-15T06:58:43.125+0000] {logging_mixin.py:188} INFO - [2025-09-15T06:58:43.124+0000] {dag.py:3954} INFO - Setting next_dagrun for load_hour_to_snowflake to None, run_after=None
[2025-09-15T06:58:43.142+0000] {processor.py:183} INFO - Processing /opt/airflow/dags/load_hour_to_snowflake.py took 0.087 seconds
[2025-09-15T06:59:13.672+0000] {processor.py:161} INFO - Started process (PID=3484) to work on /opt/airflow/dags/load_hour_to_snowflake.py
[2025-09-15T06:59:13.673+0000] {processor.py:830} INFO - Processing file /opt/airflow/dags/load_hour_to_snowflake.py for tasks to queue
[2025-09-15T06:59:13.674+0000] {logging_mixin.py:188} INFO - [2025-09-15T06:59:13.674+0000] {dagbag.py:540} INFO - Filling up the DagBag from /opt/airflow/dags/load_hour_to_snowflake.py
[2025-09-15T06:59:13.693+0000] {processor.py:840} INFO - DAG(s) 'load_hour_to_snowflake' retrieved from /opt/airflow/dags/load_hour_to_snowflake.py
[2025-09-15T06:59:13.720+0000] {logging_mixin.py:188} INFO - [2025-09-15T06:59:13.719+0000] {dag.py:3096} INFO - Sync 1 DAGs
[2025-09-15T06:59:13.732+0000] {logging_mixin.py:188} INFO - [2025-09-15T06:59:13.732+0000] {dag.py:3954} INFO - Setting next_dagrun for load_hour_to_snowflake to None, run_after=None
[2025-09-15T06:59:13.751+0000] {processor.py:183} INFO - Processing /opt/airflow/dags/load_hour_to_snowflake.py took 0.085 seconds
[2025-09-15T06:59:44.599+0000] {processor.py:161} INFO - Started process (PID=3519) to work on /opt/airflow/dags/load_hour_to_snowflake.py
[2025-09-15T06:59:44.601+0000] {processor.py:830} INFO - Processing file /opt/airflow/dags/load_hour_to_snowflake.py for tasks to queue
[2025-09-15T06:59:44.602+0000] {logging_mixin.py:188} INFO - [2025-09-15T06:59:44.602+0000] {dagbag.py:540} INFO - Filling up the DagBag from /opt/airflow/dags/load_hour_to_snowflake.py
[2025-09-15T06:59:44.638+0000] {processor.py:840} INFO - DAG(s) 'load_hour_to_snowflake' retrieved from /opt/airflow/dags/load_hour_to_snowflake.py
[2025-09-15T06:59:44.681+0000] {logging_mixin.py:188} INFO - [2025-09-15T06:59:44.681+0000] {dag.py:3096} INFO - Sync 1 DAGs
[2025-09-15T06:59:44.695+0000] {logging_mixin.py:188} INFO - [2025-09-15T06:59:44.695+0000] {dag.py:3954} INFO - Setting next_dagrun for load_hour_to_snowflake to None, run_after=None
[2025-09-15T06:59:44.750+0000] {processor.py:183} INFO - Processing /opt/airflow/dags/load_hour_to_snowflake.py took 0.159 seconds
[2025-09-15T07:00:15.240+0000] {processor.py:161} INFO - Started process (PID=3554) to work on /opt/airflow/dags/load_hour_to_snowflake.py
[2025-09-15T07:00:15.241+0000] {processor.py:830} INFO - Processing file /opt/airflow/dags/load_hour_to_snowflake.py for tasks to queue
[2025-09-15T07:00:15.243+0000] {logging_mixin.py:188} INFO - [2025-09-15T07:00:15.242+0000] {dagbag.py:540} INFO - Filling up the DagBag from /opt/airflow/dags/load_hour_to_snowflake.py
[2025-09-15T07:00:15.264+0000] {processor.py:840} INFO - DAG(s) 'load_hour_to_snowflake' retrieved from /opt/airflow/dags/load_hour_to_snowflake.py
[2025-09-15T07:00:15.294+0000] {logging_mixin.py:188} INFO - [2025-09-15T07:00:15.294+0000] {dag.py:3096} INFO - Sync 1 DAGs
[2025-09-15T07:00:15.308+0000] {logging_mixin.py:188} INFO - [2025-09-15T07:00:15.307+0000] {dag.py:3954} INFO - Setting next_dagrun for load_hour_to_snowflake to None, run_after=None
[2025-09-15T07:00:15.328+0000] {processor.py:183} INFO - Processing /opt/airflow/dags/load_hour_to_snowflake.py took 0.094 seconds
[2025-09-15T07:00:46.082+0000] {processor.py:161} INFO - Started process (PID=3589) to work on /opt/airflow/dags/load_hour_to_snowflake.py
[2025-09-15T07:00:46.083+0000] {processor.py:830} INFO - Processing file /opt/airflow/dags/load_hour_to_snowflake.py for tasks to queue
[2025-09-15T07:00:46.083+0000] {logging_mixin.py:188} INFO - [2025-09-15T07:00:46.083+0000] {dagbag.py:540} INFO - Filling up the DagBag from /opt/airflow/dags/load_hour_to_snowflake.py
[2025-09-15T07:00:46.101+0000] {processor.py:840} INFO - DAG(s) 'load_hour_to_snowflake' retrieved from /opt/airflow/dags/load_hour_to_snowflake.py
[2025-09-15T07:00:46.133+0000] {logging_mixin.py:188} INFO - [2025-09-15T07:00:46.133+0000] {dag.py:3096} INFO - Sync 1 DAGs
[2025-09-15T07:00:46.146+0000] {logging_mixin.py:188} INFO - [2025-09-15T07:00:46.146+0000] {dag.py:3954} INFO - Setting next_dagrun for load_hour_to_snowflake to None, run_after=None
[2025-09-15T07:00:46.166+0000] {processor.py:183} INFO - Processing /opt/airflow/dags/load_hour_to_snowflake.py took 0.091 seconds
[2025-09-15T07:01:16.839+0000] {processor.py:161} INFO - Started process (PID=3624) to work on /opt/airflow/dags/load_hour_to_snowflake.py
[2025-09-15T07:01:16.840+0000] {processor.py:830} INFO - Processing file /opt/airflow/dags/load_hour_to_snowflake.py for tasks to queue
[2025-09-15T07:01:16.841+0000] {logging_mixin.py:188} INFO - [2025-09-15T07:01:16.841+0000] {dagbag.py:540} INFO - Filling up the DagBag from /opt/airflow/dags/load_hour_to_snowflake.py
[2025-09-15T07:01:16.865+0000] {processor.py:840} INFO - DAG(s) 'load_hour_to_snowflake' retrieved from /opt/airflow/dags/load_hour_to_snowflake.py
[2025-09-15T07:01:16.899+0000] {logging_mixin.py:188} INFO - [2025-09-15T07:01:16.898+0000] {dag.py:3096} INFO - Sync 1 DAGs
[2025-09-15T07:01:16.911+0000] {logging_mixin.py:188} INFO - [2025-09-15T07:01:16.911+0000] {dag.py:3954} INFO - Setting next_dagrun for load_hour_to_snowflake to None, run_after=None
[2025-09-15T07:01:16.930+0000] {processor.py:183} INFO - Processing /opt/airflow/dags/load_hour_to_snowflake.py took 0.099 seconds
[2025-09-15T07:01:47.714+0000] {processor.py:161} INFO - Started process (PID=3659) to work on /opt/airflow/dags/load_hour_to_snowflake.py
[2025-09-15T07:01:47.715+0000] {processor.py:830} INFO - Processing file /opt/airflow/dags/load_hour_to_snowflake.py for tasks to queue
[2025-09-15T07:01:47.716+0000] {logging_mixin.py:188} INFO - [2025-09-15T07:01:47.715+0000] {dagbag.py:540} INFO - Filling up the DagBag from /opt/airflow/dags/load_hour_to_snowflake.py
[2025-09-15T07:01:47.734+0000] {processor.py:840} INFO - DAG(s) 'load_hour_to_snowflake' retrieved from /opt/airflow/dags/load_hour_to_snowflake.py
[2025-09-15T07:01:47.771+0000] {logging_mixin.py:188} INFO - [2025-09-15T07:01:47.770+0000] {dag.py:3096} INFO - Sync 1 DAGs
[2025-09-15T07:01:47.782+0000] {logging_mixin.py:188} INFO - [2025-09-15T07:01:47.782+0000] {dag.py:3954} INFO - Setting next_dagrun for load_hour_to_snowflake to None, run_after=None
[2025-09-15T07:01:47.802+0000] {processor.py:183} INFO - Processing /opt/airflow/dags/load_hour_to_snowflake.py took 0.094 seconds
[2025-09-15T07:02:18.564+0000] {processor.py:161} INFO - Started process (PID=3694) to work on /opt/airflow/dags/load_hour_to_snowflake.py
[2025-09-15T07:02:18.565+0000] {processor.py:830} INFO - Processing file /opt/airflow/dags/load_hour_to_snowflake.py for tasks to queue
[2025-09-15T07:02:18.566+0000] {logging_mixin.py:188} INFO - [2025-09-15T07:02:18.566+0000] {dagbag.py:540} INFO - Filling up the DagBag from /opt/airflow/dags/load_hour_to_snowflake.py
[2025-09-15T07:02:18.584+0000] {processor.py:840} INFO - DAG(s) 'load_hour_to_snowflake' retrieved from /opt/airflow/dags/load_hour_to_snowflake.py
[2025-09-15T07:02:18.614+0000] {logging_mixin.py:188} INFO - [2025-09-15T07:02:18.614+0000] {dag.py:3096} INFO - Sync 1 DAGs
[2025-09-15T07:02:18.627+0000] {logging_mixin.py:188} INFO - [2025-09-15T07:02:18.627+0000] {dag.py:3954} INFO - Setting next_dagrun for load_hour_to_snowflake to None, run_after=None
[2025-09-15T07:02:18.646+0000] {processor.py:183} INFO - Processing /opt/airflow/dags/load_hour_to_snowflake.py took 0.088 seconds
[2025-09-15T07:02:49.457+0000] {processor.py:161} INFO - Started process (PID=3729) to work on /opt/airflow/dags/load_hour_to_snowflake.py
[2025-09-15T07:02:49.458+0000] {processor.py:830} INFO - Processing file /opt/airflow/dags/load_hour_to_snowflake.py for tasks to queue
[2025-09-15T07:02:49.459+0000] {logging_mixin.py:188} INFO - [2025-09-15T07:02:49.459+0000] {dagbag.py:540} INFO - Filling up the DagBag from /opt/airflow/dags/load_hour_to_snowflake.py
[2025-09-15T07:02:49.476+0000] {processor.py:840} INFO - DAG(s) 'load_hour_to_snowflake' retrieved from /opt/airflow/dags/load_hour_to_snowflake.py
[2025-09-15T07:02:49.504+0000] {logging_mixin.py:188} INFO - [2025-09-15T07:02:49.504+0000] {dag.py:3096} INFO - Sync 1 DAGs
[2025-09-15T07:02:49.517+0000] {logging_mixin.py:188} INFO - [2025-09-15T07:02:49.516+0000] {dag.py:3954} INFO - Setting next_dagrun for load_hour_to_snowflake to None, run_after=None
[2025-09-15T07:02:49.537+0000] {processor.py:183} INFO - Processing /opt/airflow/dags/load_hour_to_snowflake.py took 0.086 seconds
[2025-09-15T07:03:20.082+0000] {processor.py:161} INFO - Started process (PID=3764) to work on /opt/airflow/dags/load_hour_to_snowflake.py
[2025-09-15T07:03:20.083+0000] {processor.py:830} INFO - Processing file /opt/airflow/dags/load_hour_to_snowflake.py for tasks to queue
[2025-09-15T07:03:20.084+0000] {logging_mixin.py:188} INFO - [2025-09-15T07:03:20.084+0000] {dagbag.py:540} INFO - Filling up the DagBag from /opt/airflow/dags/load_hour_to_snowflake.py
[2025-09-15T07:03:20.105+0000] {processor.py:840} INFO - DAG(s) 'load_hour_to_snowflake' retrieved from /opt/airflow/dags/load_hour_to_snowflake.py
[2025-09-15T07:03:20.132+0000] {logging_mixin.py:188} INFO - [2025-09-15T07:03:20.131+0000] {dag.py:3096} INFO - Sync 1 DAGs
[2025-09-15T07:03:20.144+0000] {logging_mixin.py:188} INFO - [2025-09-15T07:03:20.144+0000] {dag.py:3954} INFO - Setting next_dagrun for load_hour_to_snowflake to None, run_after=None
[2025-09-15T07:03:20.163+0000] {processor.py:183} INFO - Processing /opt/airflow/dags/load_hour_to_snowflake.py took 0.086 seconds
[2025-09-15T07:03:50.416+0000] {processor.py:161} INFO - Started process (PID=3799) to work on /opt/airflow/dags/load_hour_to_snowflake.py
[2025-09-15T07:03:50.422+0000] {processor.py:830} INFO - Processing file /opt/airflow/dags/load_hour_to_snowflake.py for tasks to queue
[2025-09-15T07:03:50.424+0000] {logging_mixin.py:188} INFO - [2025-09-15T07:03:50.423+0000] {dagbag.py:540} INFO - Filling up the DagBag from /opt/airflow/dags/load_hour_to_snowflake.py
[2025-09-15T07:03:50.446+0000] {processor.py:840} INFO - DAG(s) 'load_hour_to_snowflake' retrieved from /opt/airflow/dags/load_hour_to_snowflake.py
[2025-09-15T07:03:50.476+0000] {logging_mixin.py:188} INFO - [2025-09-15T07:03:50.476+0000] {dag.py:3096} INFO - Sync 1 DAGs
[2025-09-15T07:03:50.490+0000] {logging_mixin.py:188} INFO - [2025-09-15T07:03:50.489+0000] {dag.py:3954} INFO - Setting next_dagrun for load_hour_to_snowflake to None, run_after=None
[2025-09-15T07:03:50.543+0000] {processor.py:183} INFO - Processing /opt/airflow/dags/load_hour_to_snowflake.py took 0.133 seconds
[2025-09-15T07:04:21.381+0000] {processor.py:161} INFO - Started process (PID=3834) to work on /opt/airflow/dags/load_hour_to_snowflake.py
[2025-09-15T07:04:21.382+0000] {processor.py:830} INFO - Processing file /opt/airflow/dags/load_hour_to_snowflake.py for tasks to queue
[2025-09-15T07:04:21.383+0000] {logging_mixin.py:188} INFO - [2025-09-15T07:04:21.382+0000] {dagbag.py:540} INFO - Filling up the DagBag from /opt/airflow/dags/load_hour_to_snowflake.py
[2025-09-15T07:04:21.401+0000] {processor.py:840} INFO - DAG(s) 'load_hour_to_snowflake' retrieved from /opt/airflow/dags/load_hour_to_snowflake.py
[2025-09-15T07:04:21.432+0000] {logging_mixin.py:188} INFO - [2025-09-15T07:04:21.432+0000] {dag.py:3096} INFO - Sync 1 DAGs
[2025-09-15T07:04:21.444+0000] {logging_mixin.py:188} INFO - [2025-09-15T07:04:21.444+0000] {dag.py:3954} INFO - Setting next_dagrun for load_hour_to_snowflake to None, run_after=None
[2025-09-15T07:04:21.464+0000] {processor.py:183} INFO - Processing /opt/airflow/dags/load_hour_to_snowflake.py took 0.089 seconds
[2025-09-15T07:04:52.107+0000] {processor.py:161} INFO - Started process (PID=3869) to work on /opt/airflow/dags/load_hour_to_snowflake.py
[2025-09-15T07:04:52.108+0000] {processor.py:830} INFO - Processing file /opt/airflow/dags/load_hour_to_snowflake.py for tasks to queue
[2025-09-15T07:04:52.109+0000] {logging_mixin.py:188} INFO - [2025-09-15T07:04:52.109+0000] {dagbag.py:540} INFO - Filling up the DagBag from /opt/airflow/dags/load_hour_to_snowflake.py
[2025-09-15T07:04:52.127+0000] {processor.py:840} INFO - DAG(s) 'load_hour_to_snowflake' retrieved from /opt/airflow/dags/load_hour_to_snowflake.py
[2025-09-15T07:04:52.157+0000] {logging_mixin.py:188} INFO - [2025-09-15T07:04:52.156+0000] {dag.py:3096} INFO - Sync 1 DAGs
[2025-09-15T07:04:52.169+0000] {logging_mixin.py:188} INFO - [2025-09-15T07:04:52.169+0000] {dag.py:3954} INFO - Setting next_dagrun for load_hour_to_snowflake to None, run_after=None
[2025-09-15T07:04:52.188+0000] {processor.py:183} INFO - Processing /opt/airflow/dags/load_hour_to_snowflake.py took 0.086 seconds
[2025-09-15T07:05:22.704+0000] {processor.py:161} INFO - Started process (PID=3904) to work on /opt/airflow/dags/load_hour_to_snowflake.py
[2025-09-15T07:05:22.705+0000] {processor.py:830} INFO - Processing file /opt/airflow/dags/load_hour_to_snowflake.py for tasks to queue
[2025-09-15T07:05:22.706+0000] {logging_mixin.py:188} INFO - [2025-09-15T07:05:22.706+0000] {dagbag.py:540} INFO - Filling up the DagBag from /opt/airflow/dags/load_hour_to_snowflake.py
[2025-09-15T07:05:22.725+0000] {processor.py:840} INFO - DAG(s) 'load_hour_to_snowflake' retrieved from /opt/airflow/dags/load_hour_to_snowflake.py
[2025-09-15T07:05:22.754+0000] {logging_mixin.py:188} INFO - [2025-09-15T07:05:22.753+0000] {dag.py:3096} INFO - Sync 1 DAGs
[2025-09-15T07:05:22.765+0000] {logging_mixin.py:188} INFO - [2025-09-15T07:05:22.765+0000] {dag.py:3954} INFO - Setting next_dagrun for load_hour_to_snowflake to None, run_after=None
[2025-09-15T07:05:22.784+0000] {processor.py:183} INFO - Processing /opt/airflow/dags/load_hour_to_snowflake.py took 0.086 seconds
[2025-09-15T07:05:53.239+0000] {processor.py:161} INFO - Started process (PID=3939) to work on /opt/airflow/dags/load_hour_to_snowflake.py
[2025-09-15T07:05:53.240+0000] {processor.py:830} INFO - Processing file /opt/airflow/dags/load_hour_to_snowflake.py for tasks to queue
[2025-09-15T07:05:53.241+0000] {logging_mixin.py:188} INFO - [2025-09-15T07:05:53.240+0000] {dagbag.py:540} INFO - Filling up the DagBag from /opt/airflow/dags/load_hour_to_snowflake.py
[2025-09-15T07:05:53.259+0000] {processor.py:840} INFO - DAG(s) 'load_hour_to_snowflake' retrieved from /opt/airflow/dags/load_hour_to_snowflake.py
[2025-09-15T07:05:53.288+0000] {logging_mixin.py:188} INFO - [2025-09-15T07:05:53.288+0000] {dag.py:3096} INFO - Sync 1 DAGs
[2025-09-15T07:05:53.300+0000] {logging_mixin.py:188} INFO - [2025-09-15T07:05:53.300+0000] {dag.py:3954} INFO - Setting next_dagrun for load_hour_to_snowflake to None, run_after=None
[2025-09-15T07:05:53.320+0000] {processor.py:183} INFO - Processing /opt/airflow/dags/load_hour_to_snowflake.py took 0.088 seconds
[2025-09-15T07:06:23.852+0000] {processor.py:161} INFO - Started process (PID=3974) to work on /opt/airflow/dags/load_hour_to_snowflake.py
[2025-09-15T07:06:23.853+0000] {processor.py:830} INFO - Processing file /opt/airflow/dags/load_hour_to_snowflake.py for tasks to queue
[2025-09-15T07:06:23.854+0000] {logging_mixin.py:188} INFO - [2025-09-15T07:06:23.854+0000] {dagbag.py:540} INFO - Filling up the DagBag from /opt/airflow/dags/load_hour_to_snowflake.py
[2025-09-15T07:06:23.871+0000] {processor.py:840} INFO - DAG(s) 'load_hour_to_snowflake' retrieved from /opt/airflow/dags/load_hour_to_snowflake.py
[2025-09-15T07:06:23.898+0000] {logging_mixin.py:188} INFO - [2025-09-15T07:06:23.897+0000] {dag.py:3096} INFO - Sync 1 DAGs
[2025-09-15T07:06:23.910+0000] {logging_mixin.py:188} INFO - [2025-09-15T07:06:23.910+0000] {dag.py:3954} INFO - Setting next_dagrun for load_hour_to_snowflake to None, run_after=None
[2025-09-15T07:06:23.930+0000] {processor.py:183} INFO - Processing /opt/airflow/dags/load_hour_to_snowflake.py took 0.084 seconds
[2025-09-15T07:06:54.134+0000] {processor.py:161} INFO - Started process (PID=4009) to work on /opt/airflow/dags/load_hour_to_snowflake.py
[2025-09-15T07:06:54.135+0000] {processor.py:830} INFO - Processing file /opt/airflow/dags/load_hour_to_snowflake.py for tasks to queue
[2025-09-15T07:06:54.136+0000] {logging_mixin.py:188} INFO - [2025-09-15T07:06:54.136+0000] {dagbag.py:540} INFO - Filling up the DagBag from /opt/airflow/dags/load_hour_to_snowflake.py
[2025-09-15T07:06:54.155+0000] {processor.py:840} INFO - DAG(s) 'load_hour_to_snowflake' retrieved from /opt/airflow/dags/load_hour_to_snowflake.py
[2025-09-15T07:06:54.185+0000] {logging_mixin.py:188} INFO - [2025-09-15T07:06:54.185+0000] {dag.py:3096} INFO - Sync 1 DAGs
[2025-09-15T07:06:54.198+0000] {logging_mixin.py:188} INFO - [2025-09-15T07:06:54.198+0000] {dag.py:3954} INFO - Setting next_dagrun for load_hour_to_snowflake to None, run_after=None
[2025-09-15T07:06:54.217+0000] {processor.py:183} INFO - Processing /opt/airflow/dags/load_hour_to_snowflake.py took 0.090 seconds
[2025-09-15T07:07:24.696+0000] {processor.py:161} INFO - Started process (PID=4044) to work on /opt/airflow/dags/load_hour_to_snowflake.py
[2025-09-15T07:07:24.697+0000] {processor.py:830} INFO - Processing file /opt/airflow/dags/load_hour_to_snowflake.py for tasks to queue
[2025-09-15T07:07:24.698+0000] {logging_mixin.py:188} INFO - [2025-09-15T07:07:24.698+0000] {dagbag.py:540} INFO - Filling up the DagBag from /opt/airflow/dags/load_hour_to_snowflake.py
[2025-09-15T07:07:24.717+0000] {processor.py:840} INFO - DAG(s) 'load_hour_to_snowflake' retrieved from /opt/airflow/dags/load_hour_to_snowflake.py
[2025-09-15T07:07:24.745+0000] {logging_mixin.py:188} INFO - [2025-09-15T07:07:24.744+0000] {dag.py:3096} INFO - Sync 1 DAGs
[2025-09-15T07:07:24.757+0000] {logging_mixin.py:188} INFO - [2025-09-15T07:07:24.757+0000] {dag.py:3954} INFO - Setting next_dagrun for load_hour_to_snowflake to None, run_after=None
[2025-09-15T07:07:24.776+0000] {processor.py:183} INFO - Processing /opt/airflow/dags/load_hour_to_snowflake.py took 0.086 seconds
[2025-09-15T07:07:55.297+0000] {processor.py:161} INFO - Started process (PID=4079) to work on /opt/airflow/dags/load_hour_to_snowflake.py
[2025-09-15T07:07:55.298+0000] {processor.py:830} INFO - Processing file /opt/airflow/dags/load_hour_to_snowflake.py for tasks to queue
[2025-09-15T07:07:55.299+0000] {logging_mixin.py:188} INFO - [2025-09-15T07:07:55.299+0000] {dagbag.py:540} INFO - Filling up the DagBag from /opt/airflow/dags/load_hour_to_snowflake.py
[2025-09-15T07:07:55.317+0000] {processor.py:840} INFO - DAG(s) 'load_hour_to_snowflake' retrieved from /opt/airflow/dags/load_hour_to_snowflake.py
[2025-09-15T07:07:55.344+0000] {logging_mixin.py:188} INFO - [2025-09-15T07:07:55.343+0000] {dag.py:3096} INFO - Sync 1 DAGs
[2025-09-15T07:07:55.356+0000] {logging_mixin.py:188} INFO - [2025-09-15T07:07:55.355+0000] {dag.py:3954} INFO - Setting next_dagrun for load_hour_to_snowflake to None, run_after=None
[2025-09-15T07:07:55.376+0000] {processor.py:183} INFO - Processing /opt/airflow/dags/load_hour_to_snowflake.py took 0.087 seconds
[2025-09-15T07:38:46.584+0000] {processor.py:161} INFO - Started process (PID=4115) to work on /opt/airflow/dags/load_hour_to_snowflake.py
[2025-09-15T07:38:46.593+0000] {processor.py:830} INFO - Processing file /opt/airflow/dags/load_hour_to_snowflake.py for tasks to queue
[2025-09-15T07:38:46.603+0000] {logging_mixin.py:188} INFO - [2025-09-15T07:38:46.598+0000] {dagbag.py:540} INFO - Filling up the DagBag from /opt/airflow/dags/load_hour_to_snowflake.py
[2025-09-15T07:38:47.686+0000] {processor.py:840} INFO - DAG(s) 'load_hour_to_snowflake' retrieved from /opt/airflow/dags/load_hour_to_snowflake.py
[2025-09-15T07:38:48.192+0000] {logging_mixin.py:188} INFO - [2025-09-15T07:38:48.191+0000] {dag.py:3096} INFO - Sync 1 DAGs
[2025-09-15T07:38:48.970+0000] {logging_mixin.py:188} INFO - [2025-09-15T07:38:48.966+0000] {dag.py:3954} INFO - Setting next_dagrun for load_hour_to_snowflake to None, run_after=None
[2025-09-15T07:38:49.607+0000] {processor.py:183} INFO - Processing /opt/airflow/dags/load_hour_to_snowflake.py took 3.109 seconds
[2025-09-15T07:39:20.700+0000] {processor.py:161} INFO - Started process (PID=4155) to work on /opt/airflow/dags/load_hour_to_snowflake.py
[2025-09-15T07:39:20.701+0000] {processor.py:830} INFO - Processing file /opt/airflow/dags/load_hour_to_snowflake.py for tasks to queue
[2025-09-15T07:39:20.702+0000] {logging_mixin.py:188} INFO - [2025-09-15T07:39:20.702+0000] {dagbag.py:540} INFO - Filling up the DagBag from /opt/airflow/dags/load_hour_to_snowflake.py
[2025-09-15T07:39:20.728+0000] {processor.py:840} INFO - DAG(s) 'load_hour_to_snowflake' retrieved from /opt/airflow/dags/load_hour_to_snowflake.py
[2025-09-15T07:39:20.775+0000] {logging_mixin.py:188} INFO - [2025-09-15T07:39:20.775+0000] {dag.py:3096} INFO - Sync 1 DAGs
[2025-09-15T07:39:20.796+0000] {logging_mixin.py:188} INFO - [2025-09-15T07:39:20.796+0000] {dag.py:3954} INFO - Setting next_dagrun for load_hour_to_snowflake to None, run_after=None
[2025-09-15T07:39:20.826+0000] {processor.py:183} INFO - Processing /opt/airflow/dags/load_hour_to_snowflake.py took 0.131 seconds
[2025-09-15T07:39:51.297+0000] {processor.py:161} INFO - Started process (PID=4190) to work on /opt/airflow/dags/load_hour_to_snowflake.py
[2025-09-15T07:39:51.298+0000] {processor.py:830} INFO - Processing file /opt/airflow/dags/load_hour_to_snowflake.py for tasks to queue
[2025-09-15T07:39:51.299+0000] {logging_mixin.py:188} INFO - [2025-09-15T07:39:51.299+0000] {dagbag.py:540} INFO - Filling up the DagBag from /opt/airflow/dags/load_hour_to_snowflake.py
[2025-09-15T07:39:51.319+0000] {processor.py:840} INFO - DAG(s) 'load_hour_to_snowflake' retrieved from /opt/airflow/dags/load_hour_to_snowflake.py
[2025-09-15T07:39:51.356+0000] {logging_mixin.py:188} INFO - [2025-09-15T07:39:51.355+0000] {dag.py:3096} INFO - Sync 1 DAGs
[2025-09-15T07:39:51.369+0000] {logging_mixin.py:188} INFO - [2025-09-15T07:39:51.369+0000] {dag.py:3954} INFO - Setting next_dagrun for load_hour_to_snowflake to None, run_after=None
[2025-09-15T07:39:51.393+0000] {processor.py:183} INFO - Processing /opt/airflow/dags/load_hour_to_snowflake.py took 0.104 seconds
[2025-09-15T07:40:22.023+0000] {processor.py:161} INFO - Started process (PID=4225) to work on /opt/airflow/dags/load_hour_to_snowflake.py
[2025-09-15T07:40:22.024+0000] {processor.py:830} INFO - Processing file /opt/airflow/dags/load_hour_to_snowflake.py for tasks to queue
[2025-09-15T07:40:22.025+0000] {logging_mixin.py:188} INFO - [2025-09-15T07:40:22.025+0000] {dagbag.py:540} INFO - Filling up the DagBag from /opt/airflow/dags/load_hour_to_snowflake.py
[2025-09-15T07:40:22.046+0000] {processor.py:840} INFO - DAG(s) 'load_hour_to_snowflake' retrieved from /opt/airflow/dags/load_hour_to_snowflake.py
[2025-09-15T07:40:22.075+0000] {logging_mixin.py:188} INFO - [2025-09-15T07:40:22.075+0000] {dag.py:3096} INFO - Sync 1 DAGs
[2025-09-15T07:40:22.089+0000] {logging_mixin.py:188} INFO - [2025-09-15T07:40:22.089+0000] {dag.py:3954} INFO - Setting next_dagrun for load_hour_to_snowflake to None, run_after=None
[2025-09-15T07:40:22.111+0000] {processor.py:183} INFO - Processing /opt/airflow/dags/load_hour_to_snowflake.py took 0.093 seconds
[2025-09-15T07:40:52.588+0000] {processor.py:161} INFO - Started process (PID=4260) to work on /opt/airflow/dags/load_hour_to_snowflake.py
[2025-09-15T07:40:52.589+0000] {processor.py:830} INFO - Processing file /opt/airflow/dags/load_hour_to_snowflake.py for tasks to queue
[2025-09-15T07:40:52.590+0000] {logging_mixin.py:188} INFO - [2025-09-15T07:40:52.589+0000] {dagbag.py:540} INFO - Filling up the DagBag from /opt/airflow/dags/load_hour_to_snowflake.py
[2025-09-15T07:40:52.607+0000] {processor.py:840} INFO - DAG(s) 'load_hour_to_snowflake' retrieved from /opt/airflow/dags/load_hour_to_snowflake.py
[2025-09-15T07:40:52.633+0000] {logging_mixin.py:188} INFO - [2025-09-15T07:40:52.633+0000] {dag.py:3096} INFO - Sync 1 DAGs
[2025-09-15T07:40:52.645+0000] {logging_mixin.py:188} INFO - [2025-09-15T07:40:52.645+0000] {dag.py:3954} INFO - Setting next_dagrun for load_hour_to_snowflake to None, run_after=None
[2025-09-15T07:40:52.667+0000] {processor.py:183} INFO - Processing /opt/airflow/dags/load_hour_to_snowflake.py took 0.085 seconds
[2025-09-15T07:41:23.239+0000] {processor.py:161} INFO - Started process (PID=4295) to work on /opt/airflow/dags/load_hour_to_snowflake.py
[2025-09-15T07:41:23.240+0000] {processor.py:830} INFO - Processing file /opt/airflow/dags/load_hour_to_snowflake.py for tasks to queue
[2025-09-15T07:41:23.242+0000] {logging_mixin.py:188} INFO - [2025-09-15T07:41:23.241+0000] {dagbag.py:540} INFO - Filling up the DagBag from /opt/airflow/dags/load_hour_to_snowflake.py
[2025-09-15T07:41:23.263+0000] {processor.py:840} INFO - DAG(s) 'load_hour_to_snowflake' retrieved from /opt/airflow/dags/load_hour_to_snowflake.py
[2025-09-15T07:41:23.294+0000] {logging_mixin.py:188} INFO - [2025-09-15T07:41:23.294+0000] {dag.py:3096} INFO - Sync 1 DAGs
[2025-09-15T07:41:23.306+0000] {logging_mixin.py:188} INFO - [2025-09-15T07:41:23.306+0000] {dag.py:3954} INFO - Setting next_dagrun for load_hour_to_snowflake to None, run_after=None
[2025-09-15T07:41:23.328+0000] {processor.py:183} INFO - Processing /opt/airflow/dags/load_hour_to_snowflake.py took 0.096 seconds
[2025-09-15T07:41:53.912+0000] {processor.py:161} INFO - Started process (PID=4330) to work on /opt/airflow/dags/load_hour_to_snowflake.py
[2025-09-15T07:41:53.914+0000] {processor.py:830} INFO - Processing file /opt/airflow/dags/load_hour_to_snowflake.py for tasks to queue
[2025-09-15T07:41:53.915+0000] {logging_mixin.py:188} INFO - [2025-09-15T07:41:53.915+0000] {dagbag.py:540} INFO - Filling up the DagBag from /opt/airflow/dags/load_hour_to_snowflake.py
[2025-09-15T07:41:53.944+0000] {processor.py:840} INFO - DAG(s) 'load_hour_to_snowflake' retrieved from /opt/airflow/dags/load_hour_to_snowflake.py
[2025-09-15T07:41:53.982+0000] {logging_mixin.py:188} INFO - [2025-09-15T07:41:53.982+0000] {dag.py:3096} INFO - Sync 1 DAGs
[2025-09-15T07:41:54.003+0000] {logging_mixin.py:188} INFO - [2025-09-15T07:41:54.003+0000] {dag.py:3954} INFO - Setting next_dagrun for load_hour_to_snowflake to None, run_after=None
[2025-09-15T07:41:54.041+0000] {processor.py:183} INFO - Processing /opt/airflow/dags/load_hour_to_snowflake.py took 0.135 seconds
[2025-09-15T07:42:24.586+0000] {processor.py:161} INFO - Started process (PID=4365) to work on /opt/airflow/dags/load_hour_to_snowflake.py
[2025-09-15T07:42:24.587+0000] {processor.py:830} INFO - Processing file /opt/airflow/dags/load_hour_to_snowflake.py for tasks to queue
[2025-09-15T07:42:24.587+0000] {logging_mixin.py:188} INFO - [2025-09-15T07:42:24.587+0000] {dagbag.py:540} INFO - Filling up the DagBag from /opt/airflow/dags/load_hour_to_snowflake.py
[2025-09-15T07:42:24.607+0000] {processor.py:840} INFO - DAG(s) 'load_hour_to_snowflake' retrieved from /opt/airflow/dags/load_hour_to_snowflake.py
[2025-09-15T07:42:24.635+0000] {logging_mixin.py:188} INFO - [2025-09-15T07:42:24.634+0000] {dag.py:3096} INFO - Sync 1 DAGs
[2025-09-15T07:42:24.647+0000] {logging_mixin.py:188} INFO - [2025-09-15T07:42:24.647+0000] {dag.py:3954} INFO - Setting next_dagrun for load_hour_to_snowflake to None, run_after=None
[2025-09-15T07:42:24.668+0000] {processor.py:183} INFO - Processing /opt/airflow/dags/load_hour_to_snowflake.py took 0.088 seconds
[2025-09-15T07:42:55.245+0000] {processor.py:161} INFO - Started process (PID=4400) to work on /opt/airflow/dags/load_hour_to_snowflake.py
[2025-09-15T07:42:55.245+0000] {processor.py:830} INFO - Processing file /opt/airflow/dags/load_hour_to_snowflake.py for tasks to queue
[2025-09-15T07:42:55.246+0000] {logging_mixin.py:188} INFO - [2025-09-15T07:42:55.246+0000] {dagbag.py:540} INFO - Filling up the DagBag from /opt/airflow/dags/load_hour_to_snowflake.py
[2025-09-15T07:42:55.262+0000] {processor.py:840} INFO - DAG(s) 'load_hour_to_snowflake' retrieved from /opt/airflow/dags/load_hour_to_snowflake.py
[2025-09-15T07:42:55.290+0000] {logging_mixin.py:188} INFO - [2025-09-15T07:42:55.289+0000] {dag.py:3096} INFO - Sync 1 DAGs
[2025-09-15T07:42:55.302+0000] {logging_mixin.py:188} INFO - [2025-09-15T07:42:55.301+0000] {dag.py:3954} INFO - Setting next_dagrun for load_hour_to_snowflake to None, run_after=None
[2025-09-15T07:42:55.321+0000] {processor.py:183} INFO - Processing /opt/airflow/dags/load_hour_to_snowflake.py took 0.082 seconds
[2025-09-15T07:43:25.943+0000] {processor.py:161} INFO - Started process (PID=4435) to work on /opt/airflow/dags/load_hour_to_snowflake.py
[2025-09-15T07:43:25.944+0000] {processor.py:830} INFO - Processing file /opt/airflow/dags/load_hour_to_snowflake.py for tasks to queue
[2025-09-15T07:43:25.945+0000] {logging_mixin.py:188} INFO - [2025-09-15T07:43:25.945+0000] {dagbag.py:540} INFO - Filling up the DagBag from /opt/airflow/dags/load_hour_to_snowflake.py
[2025-09-15T07:43:25.968+0000] {processor.py:840} INFO - DAG(s) 'load_hour_to_snowflake' retrieved from /opt/airflow/dags/load_hour_to_snowflake.py
[2025-09-15T07:43:26.002+0000] {logging_mixin.py:188} INFO - [2025-09-15T07:43:26.002+0000] {dag.py:3096} INFO - Sync 1 DAGs
[2025-09-15T07:43:26.017+0000] {logging_mixin.py:188} INFO - [2025-09-15T07:43:26.017+0000] {dag.py:3954} INFO - Setting next_dagrun for load_hour_to_snowflake to None, run_after=None
[2025-09-15T07:43:26.043+0000] {processor.py:183} INFO - Processing /opt/airflow/dags/load_hour_to_snowflake.py took 0.107 seconds
[2025-09-15T07:43:56.642+0000] {processor.py:161} INFO - Started process (PID=4470) to work on /opt/airflow/dags/load_hour_to_snowflake.py
[2025-09-15T07:43:56.644+0000] {processor.py:830} INFO - Processing file /opt/airflow/dags/load_hour_to_snowflake.py for tasks to queue
[2025-09-15T07:43:56.646+0000] {logging_mixin.py:188} INFO - [2025-09-15T07:43:56.646+0000] {dagbag.py:540} INFO - Filling up the DagBag from /opt/airflow/dags/load_hour_to_snowflake.py
[2025-09-15T07:43:56.680+0000] {processor.py:840} INFO - DAG(s) 'load_hour_to_snowflake' retrieved from /opt/airflow/dags/load_hour_to_snowflake.py
[2025-09-15T07:43:56.718+0000] {logging_mixin.py:188} INFO - [2025-09-15T07:43:56.715+0000] {dag.py:3096} INFO - Sync 1 DAGs
[2025-09-15T07:43:56.734+0000] {logging_mixin.py:188} INFO - [2025-09-15T07:43:56.734+0000] {dag.py:3954} INFO - Setting next_dagrun for load_hour_to_snowflake to None, run_after=None
[2025-09-15T07:43:56.762+0000] {processor.py:183} INFO - Processing /opt/airflow/dags/load_hour_to_snowflake.py took 0.127 seconds
[2025-09-15T07:44:27.498+0000] {processor.py:161} INFO - Started process (PID=4505) to work on /opt/airflow/dags/load_hour_to_snowflake.py
[2025-09-15T07:44:27.500+0000] {processor.py:830} INFO - Processing file /opt/airflow/dags/load_hour_to_snowflake.py for tasks to queue
[2025-09-15T07:44:27.501+0000] {logging_mixin.py:188} INFO - [2025-09-15T07:44:27.501+0000] {dagbag.py:540} INFO - Filling up the DagBag from /opt/airflow/dags/load_hour_to_snowflake.py
[2025-09-15T07:44:27.521+0000] {processor.py:840} INFO - DAG(s) 'load_hour_to_snowflake' retrieved from /opt/airflow/dags/load_hour_to_snowflake.py
[2025-09-15T07:44:27.559+0000] {logging_mixin.py:188} INFO - [2025-09-15T07:44:27.558+0000] {dag.py:3096} INFO - Sync 1 DAGs
[2025-09-15T07:44:27.579+0000] {logging_mixin.py:188} INFO - [2025-09-15T07:44:27.579+0000] {dag.py:3954} INFO - Setting next_dagrun for load_hour_to_snowflake to None, run_after=None
[2025-09-15T07:44:27.608+0000] {processor.py:183} INFO - Processing /opt/airflow/dags/load_hour_to_snowflake.py took 0.117 seconds
[2025-09-15T07:44:58.517+0000] {processor.py:161} INFO - Started process (PID=4540) to work on /opt/airflow/dags/load_hour_to_snowflake.py
[2025-09-15T07:44:58.518+0000] {processor.py:830} INFO - Processing file /opt/airflow/dags/load_hour_to_snowflake.py for tasks to queue
[2025-09-15T07:44:58.521+0000] {logging_mixin.py:188} INFO - [2025-09-15T07:44:58.519+0000] {dagbag.py:540} INFO - Filling up the DagBag from /opt/airflow/dags/load_hour_to_snowflake.py
[2025-09-15T07:44:58.605+0000] {processor.py:840} INFO - DAG(s) 'load_hour_to_snowflake' retrieved from /opt/airflow/dags/load_hour_to_snowflake.py
[2025-09-15T07:44:58.734+0000] {logging_mixin.py:188} INFO - [2025-09-15T07:44:58.734+0000] {dag.py:3096} INFO - Sync 1 DAGs
[2025-09-15T07:44:58.792+0000] {logging_mixin.py:188} INFO - [2025-09-15T07:44:58.791+0000] {dag.py:3954} INFO - Setting next_dagrun for load_hour_to_snowflake to None, run_after=None
[2025-09-15T07:44:58.879+0000] {processor.py:183} INFO - Processing /opt/airflow/dags/load_hour_to_snowflake.py took 0.385 seconds
[2025-09-15T07:45:29.863+0000] {processor.py:161} INFO - Started process (PID=4575) to work on /opt/airflow/dags/load_hour_to_snowflake.py
[2025-09-15T07:45:29.864+0000] {processor.py:830} INFO - Processing file /opt/airflow/dags/load_hour_to_snowflake.py for tasks to queue
[2025-09-15T07:45:29.865+0000] {logging_mixin.py:188} INFO - [2025-09-15T07:45:29.865+0000] {dagbag.py:540} INFO - Filling up the DagBag from /opt/airflow/dags/load_hour_to_snowflake.py
[2025-09-15T07:45:29.883+0000] {processor.py:840} INFO - DAG(s) 'load_hour_to_snowflake' retrieved from /opt/airflow/dags/load_hour_to_snowflake.py
[2025-09-15T07:45:29.912+0000] {logging_mixin.py:188} INFO - [2025-09-15T07:45:29.912+0000] {dag.py:3096} INFO - Sync 1 DAGs
[2025-09-15T07:45:29.925+0000] {logging_mixin.py:188} INFO - [2025-09-15T07:45:29.924+0000] {dag.py:3954} INFO - Setting next_dagrun for load_hour_to_snowflake to None, run_after=None
[2025-09-15T07:45:29.946+0000] {processor.py:183} INFO - Processing /opt/airflow/dags/load_hour_to_snowflake.py took 0.089 seconds
[2025-09-15T07:46:00.802+0000] {processor.py:161} INFO - Started process (PID=4610) to work on /opt/airflow/dags/load_hour_to_snowflake.py
[2025-09-15T07:46:00.805+0000] {processor.py:830} INFO - Processing file /opt/airflow/dags/load_hour_to_snowflake.py for tasks to queue
[2025-09-15T07:46:00.810+0000] {logging_mixin.py:188} INFO - [2025-09-15T07:46:00.809+0000] {dagbag.py:540} INFO - Filling up the DagBag from /opt/airflow/dags/load_hour_to_snowflake.py
[2025-09-15T07:46:00.834+0000] {processor.py:840} INFO - DAG(s) 'load_hour_to_snowflake' retrieved from /opt/airflow/dags/load_hour_to_snowflake.py
[2025-09-15T07:46:00.865+0000] {logging_mixin.py:188} INFO - [2025-09-15T07:46:00.865+0000] {dag.py:3096} INFO - Sync 1 DAGs
[2025-09-15T07:46:00.880+0000] {logging_mixin.py:188} INFO - [2025-09-15T07:46:00.879+0000] {dag.py:3954} INFO - Setting next_dagrun for load_hour_to_snowflake to None, run_after=None
[2025-09-15T07:46:00.906+0000] {processor.py:183} INFO - Processing /opt/airflow/dags/load_hour_to_snowflake.py took 0.111 seconds
[2025-09-15T07:46:31.638+0000] {processor.py:161} INFO - Started process (PID=4645) to work on /opt/airflow/dags/load_hour_to_snowflake.py
[2025-09-15T07:46:31.639+0000] {processor.py:830} INFO - Processing file /opt/airflow/dags/load_hour_to_snowflake.py for tasks to queue
[2025-09-15T07:46:31.640+0000] {logging_mixin.py:188} INFO - [2025-09-15T07:46:31.640+0000] {dagbag.py:540} INFO - Filling up the DagBag from /opt/airflow/dags/load_hour_to_snowflake.py
[2025-09-15T07:46:31.656+0000] {processor.py:840} INFO - DAG(s) 'load_hour_to_snowflake' retrieved from /opt/airflow/dags/load_hour_to_snowflake.py
[2025-09-15T07:46:31.685+0000] {logging_mixin.py:188} INFO - [2025-09-15T07:46:31.685+0000] {dag.py:3096} INFO - Sync 1 DAGs
[2025-09-15T07:46:31.698+0000] {logging_mixin.py:188} INFO - [2025-09-15T07:46:31.698+0000] {dag.py:3954} INFO - Setting next_dagrun for load_hour_to_snowflake to None, run_after=None
[2025-09-15T07:46:31.718+0000] {processor.py:183} INFO - Processing /opt/airflow/dags/load_hour_to_snowflake.py took 0.085 seconds
[2025-09-15T07:47:02.372+0000] {processor.py:161} INFO - Started process (PID=4680) to work on /opt/airflow/dags/load_hour_to_snowflake.py
[2025-09-15T07:47:02.375+0000] {processor.py:830} INFO - Processing file /opt/airflow/dags/load_hour_to_snowflake.py for tasks to queue
[2025-09-15T07:47:02.376+0000] {logging_mixin.py:188} INFO - [2025-09-15T07:47:02.376+0000] {dagbag.py:540} INFO - Filling up the DagBag from /opt/airflow/dags/load_hour_to_snowflake.py
[2025-09-15T07:47:02.414+0000] {processor.py:840} INFO - DAG(s) 'load_hour_to_snowflake' retrieved from /opt/airflow/dags/load_hour_to_snowflake.py
[2025-09-15T07:47:02.585+0000] {logging_mixin.py:188} INFO - [2025-09-15T07:47:02.583+0000] {dag.py:3096} INFO - Sync 1 DAGs
[2025-09-15T07:47:02.685+0000] {logging_mixin.py:188} INFO - [2025-09-15T07:47:02.684+0000] {dag.py:3954} INFO - Setting next_dagrun for load_hour_to_snowflake to None, run_after=None
[2025-09-15T07:47:02.744+0000] {processor.py:183} INFO - Processing /opt/airflow/dags/load_hour_to_snowflake.py took 0.398 seconds
[2025-09-15T07:47:33.719+0000] {processor.py:161} INFO - Started process (PID=4715) to work on /opt/airflow/dags/load_hour_to_snowflake.py
[2025-09-15T07:47:33.721+0000] {processor.py:830} INFO - Processing file /opt/airflow/dags/load_hour_to_snowflake.py for tasks to queue
[2025-09-15T07:47:33.722+0000] {logging_mixin.py:188} INFO - [2025-09-15T07:47:33.722+0000] {dagbag.py:540} INFO - Filling up the DagBag from /opt/airflow/dags/load_hour_to_snowflake.py
[2025-09-15T07:47:33.742+0000] {processor.py:840} INFO - DAG(s) 'load_hour_to_snowflake' retrieved from /opt/airflow/dags/load_hour_to_snowflake.py
[2025-09-15T07:47:33.771+0000] {logging_mixin.py:188} INFO - [2025-09-15T07:47:33.771+0000] {dag.py:3096} INFO - Sync 1 DAGs
[2025-09-15T07:47:33.853+0000] {logging_mixin.py:188} INFO - [2025-09-15T07:47:33.853+0000] {dag.py:3954} INFO - Setting next_dagrun for load_hour_to_snowflake to None, run_after=None
[2025-09-15T07:47:33.885+0000] {processor.py:183} INFO - Processing /opt/airflow/dags/load_hour_to_snowflake.py took 0.171 seconds
[2025-09-15T07:48:04.705+0000] {processor.py:161} INFO - Started process (PID=4750) to work on /opt/airflow/dags/load_hour_to_snowflake.py
[2025-09-15T07:48:04.706+0000] {processor.py:830} INFO - Processing file /opt/airflow/dags/load_hour_to_snowflake.py for tasks to queue
[2025-09-15T07:48:04.707+0000] {logging_mixin.py:188} INFO - [2025-09-15T07:48:04.707+0000] {dagbag.py:540} INFO - Filling up the DagBag from /opt/airflow/dags/load_hour_to_snowflake.py
[2025-09-15T07:48:04.732+0000] {processor.py:840} INFO - DAG(s) 'load_hour_to_snowflake' retrieved from /opt/airflow/dags/load_hour_to_snowflake.py
[2025-09-15T07:48:04.765+0000] {logging_mixin.py:188} INFO - [2025-09-15T07:48:04.764+0000] {dag.py:3096} INFO - Sync 1 DAGs
[2025-09-15T07:48:04.779+0000] {logging_mixin.py:188} INFO - [2025-09-15T07:48:04.778+0000] {dag.py:3954} INFO - Setting next_dagrun for load_hour_to_snowflake to None, run_after=None
[2025-09-15T07:48:04.799+0000] {processor.py:183} INFO - Processing /opt/airflow/dags/load_hour_to_snowflake.py took 0.100 seconds
[2025-09-15T07:48:35.643+0000] {processor.py:161} INFO - Started process (PID=4785) to work on /opt/airflow/dags/load_hour_to_snowflake.py
[2025-09-15T07:48:35.644+0000] {processor.py:830} INFO - Processing file /opt/airflow/dags/load_hour_to_snowflake.py for tasks to queue
[2025-09-15T07:48:35.645+0000] {logging_mixin.py:188} INFO - [2025-09-15T07:48:35.645+0000] {dagbag.py:540} INFO - Filling up the DagBag from /opt/airflow/dags/load_hour_to_snowflake.py
[2025-09-15T07:48:35.669+0000] {processor.py:840} INFO - DAG(s) 'load_hour_to_snowflake' retrieved from /opt/airflow/dags/load_hour_to_snowflake.py
[2025-09-15T07:48:35.703+0000] {logging_mixin.py:188} INFO - [2025-09-15T07:48:35.702+0000] {dag.py:3096} INFO - Sync 1 DAGs
[2025-09-15T07:48:35.749+0000] {logging_mixin.py:188} INFO - [2025-09-15T07:48:35.749+0000] {dag.py:3954} INFO - Setting next_dagrun for load_hour_to_snowflake to None, run_after=None
[2025-09-15T07:48:35.811+0000] {processor.py:183} INFO - Processing /opt/airflow/dags/load_hour_to_snowflake.py took 0.174 seconds
[2025-09-15T07:49:06.633+0000] {processor.py:161} INFO - Started process (PID=4820) to work on /opt/airflow/dags/load_hour_to_snowflake.py
[2025-09-15T07:49:06.634+0000] {processor.py:830} INFO - Processing file /opt/airflow/dags/load_hour_to_snowflake.py for tasks to queue
[2025-09-15T07:49:06.635+0000] {logging_mixin.py:188} INFO - [2025-09-15T07:49:06.634+0000] {dagbag.py:540} INFO - Filling up the DagBag from /opt/airflow/dags/load_hour_to_snowflake.py
[2025-09-15T07:49:06.654+0000] {processor.py:840} INFO - DAG(s) 'load_hour_to_snowflake' retrieved from /opt/airflow/dags/load_hour_to_snowflake.py
[2025-09-15T07:49:06.684+0000] {logging_mixin.py:188} INFO - [2025-09-15T07:49:06.683+0000] {dag.py:3096} INFO - Sync 1 DAGs
[2025-09-15T07:49:06.697+0000] {logging_mixin.py:188} INFO - [2025-09-15T07:49:06.697+0000] {dag.py:3954} INFO - Setting next_dagrun for load_hour_to_snowflake to None, run_after=None
[2025-09-15T07:49:06.720+0000] {processor.py:183} INFO - Processing /opt/airflow/dags/load_hour_to_snowflake.py took 0.093 seconds
[2025-09-15T07:49:37.344+0000] {processor.py:161} INFO - Started process (PID=4855) to work on /opt/airflow/dags/load_hour_to_snowflake.py
[2025-09-15T07:49:37.345+0000] {processor.py:830} INFO - Processing file /opt/airflow/dags/load_hour_to_snowflake.py for tasks to queue
[2025-09-15T07:49:37.346+0000] {logging_mixin.py:188} INFO - [2025-09-15T07:49:37.345+0000] {dagbag.py:540} INFO - Filling up the DagBag from /opt/airflow/dags/load_hour_to_snowflake.py
[2025-09-15T07:49:37.366+0000] {processor.py:840} INFO - DAG(s) 'load_hour_to_snowflake' retrieved from /opt/airflow/dags/load_hour_to_snowflake.py
[2025-09-15T07:49:37.395+0000] {logging_mixin.py:188} INFO - [2025-09-15T07:49:37.395+0000] {dag.py:3096} INFO - Sync 1 DAGs
[2025-09-15T07:49:37.410+0000] {logging_mixin.py:188} INFO - [2025-09-15T07:49:37.410+0000] {dag.py:3954} INFO - Setting next_dagrun for load_hour_to_snowflake to None, run_after=None
[2025-09-15T07:49:37.437+0000] {processor.py:183} INFO - Processing /opt/airflow/dags/load_hour_to_snowflake.py took 0.100 seconds
[2025-09-15T07:50:08.204+0000] {processor.py:161} INFO - Started process (PID=4890) to work on /opt/airflow/dags/load_hour_to_snowflake.py
[2025-09-15T07:50:08.207+0000] {processor.py:830} INFO - Processing file /opt/airflow/dags/load_hour_to_snowflake.py for tasks to queue
[2025-09-15T07:50:08.209+0000] {logging_mixin.py:188} INFO - [2025-09-15T07:50:08.208+0000] {dagbag.py:540} INFO - Filling up the DagBag from /opt/airflow/dags/load_hour_to_snowflake.py
[2025-09-15T07:50:08.245+0000] {processor.py:840} INFO - DAG(s) 'load_hour_to_snowflake' retrieved from /opt/airflow/dags/load_hour_to_snowflake.py
[2025-09-15T07:50:08.284+0000] {logging_mixin.py:188} INFO - [2025-09-15T07:50:08.284+0000] {dag.py:3096} INFO - Sync 1 DAGs
[2025-09-15T07:50:08.298+0000] {logging_mixin.py:188} INFO - [2025-09-15T07:50:08.298+0000] {dag.py:3954} INFO - Setting next_dagrun for load_hour_to_snowflake to None, run_after=None
[2025-09-15T07:50:08.318+0000] {processor.py:183} INFO - Processing /opt/airflow/dags/load_hour_to_snowflake.py took 0.129 seconds
[2025-09-15T07:50:39.210+0000] {processor.py:161} INFO - Started process (PID=4925) to work on /opt/airflow/dags/load_hour_to_snowflake.py
[2025-09-15T07:50:39.211+0000] {processor.py:830} INFO - Processing file /opt/airflow/dags/load_hour_to_snowflake.py for tasks to queue
[2025-09-15T07:50:39.213+0000] {logging_mixin.py:188} INFO - [2025-09-15T07:50:39.212+0000] {dagbag.py:540} INFO - Filling up the DagBag from /opt/airflow/dags/load_hour_to_snowflake.py
[2025-09-15T07:50:39.238+0000] {processor.py:840} INFO - DAG(s) 'load_hour_to_snowflake' retrieved from /opt/airflow/dags/load_hour_to_snowflake.py
[2025-09-15T07:50:39.270+0000] {logging_mixin.py:188} INFO - [2025-09-15T07:50:39.270+0000] {dag.py:3096} INFO - Sync 1 DAGs
[2025-09-15T07:50:39.285+0000] {logging_mixin.py:188} INFO - [2025-09-15T07:50:39.285+0000] {dag.py:3954} INFO - Setting next_dagrun for load_hour_to_snowflake to None, run_after=None
[2025-09-15T07:50:39.312+0000] {processor.py:183} INFO - Processing /opt/airflow/dags/load_hour_to_snowflake.py took 0.112 seconds
[2025-09-15T07:51:09.964+0000] {processor.py:161} INFO - Started process (PID=4960) to work on /opt/airflow/dags/load_hour_to_snowflake.py
[2025-09-15T07:51:09.965+0000] {processor.py:830} INFO - Processing file /opt/airflow/dags/load_hour_to_snowflake.py for tasks to queue
[2025-09-15T07:51:09.966+0000] {logging_mixin.py:188} INFO - [2025-09-15T07:51:09.966+0000] {dagbag.py:540} INFO - Filling up the DagBag from /opt/airflow/dags/load_hour_to_snowflake.py
[2025-09-15T07:51:09.987+0000] {processor.py:840} INFO - DAG(s) 'load_hour_to_snowflake' retrieved from /opt/airflow/dags/load_hour_to_snowflake.py
[2025-09-15T07:51:10.017+0000] {logging_mixin.py:188} INFO - [2025-09-15T07:51:10.016+0000] {dag.py:3096} INFO - Sync 1 DAGs
[2025-09-15T07:51:10.032+0000] {logging_mixin.py:188} INFO - [2025-09-15T07:51:10.032+0000] {dag.py:3954} INFO - Setting next_dagrun for load_hour_to_snowflake to None, run_after=None
[2025-09-15T07:51:10.056+0000] {processor.py:183} INFO - Processing /opt/airflow/dags/load_hour_to_snowflake.py took 0.099 seconds
[2025-09-15T07:51:40.612+0000] {processor.py:161} INFO - Started process (PID=4995) to work on /opt/airflow/dags/load_hour_to_snowflake.py
[2025-09-15T07:51:40.613+0000] {processor.py:830} INFO - Processing file /opt/airflow/dags/load_hour_to_snowflake.py for tasks to queue
[2025-09-15T07:51:40.615+0000] {logging_mixin.py:188} INFO - [2025-09-15T07:51:40.614+0000] {dagbag.py:540} INFO - Filling up the DagBag from /opt/airflow/dags/load_hour_to_snowflake.py
[2025-09-15T07:51:40.633+0000] {processor.py:840} INFO - DAG(s) 'load_hour_to_snowflake' retrieved from /opt/airflow/dags/load_hour_to_snowflake.py
[2025-09-15T07:51:40.660+0000] {logging_mixin.py:188} INFO - [2025-09-15T07:51:40.660+0000] {dag.py:3096} INFO - Sync 1 DAGs
[2025-09-15T07:51:40.671+0000] {logging_mixin.py:188} INFO - [2025-09-15T07:51:40.671+0000] {dag.py:3954} INFO - Setting next_dagrun for load_hour_to_snowflake to None, run_after=None
[2025-09-15T07:51:40.693+0000] {processor.py:183} INFO - Processing /opt/airflow/dags/load_hour_to_snowflake.py took 0.087 seconds
[2025-09-15T07:52:11.461+0000] {processor.py:161} INFO - Started process (PID=5030) to work on /opt/airflow/dags/load_hour_to_snowflake.py
[2025-09-15T07:52:11.462+0000] {processor.py:830} INFO - Processing file /opt/airflow/dags/load_hour_to_snowflake.py for tasks to queue
[2025-09-15T07:52:11.463+0000] {logging_mixin.py:188} INFO - [2025-09-15T07:52:11.462+0000] {dagbag.py:540} INFO - Filling up the DagBag from /opt/airflow/dags/load_hour_to_snowflake.py
[2025-09-15T07:52:11.480+0000] {processor.py:840} INFO - DAG(s) 'load_hour_to_snowflake' retrieved from /opt/airflow/dags/load_hour_to_snowflake.py
[2025-09-15T07:52:11.507+0000] {logging_mixin.py:188} INFO - [2025-09-15T07:52:11.506+0000] {dag.py:3096} INFO - Sync 1 DAGs
[2025-09-15T07:52:11.518+0000] {logging_mixin.py:188} INFO - [2025-09-15T07:52:11.518+0000] {dag.py:3954} INFO - Setting next_dagrun for load_hour_to_snowflake to None, run_after=None
[2025-09-15T07:52:11.646+0000] {processor.py:183} INFO - Processing /opt/airflow/dags/load_hour_to_snowflake.py took 0.191 seconds
[2025-09-15T07:52:42.348+0000] {processor.py:161} INFO - Started process (PID=5065) to work on /opt/airflow/dags/load_hour_to_snowflake.py
[2025-09-15T07:52:42.350+0000] {processor.py:830} INFO - Processing file /opt/airflow/dags/load_hour_to_snowflake.py for tasks to queue
[2025-09-15T07:52:42.351+0000] {logging_mixin.py:188} INFO - [2025-09-15T07:52:42.351+0000] {dagbag.py:540} INFO - Filling up the DagBag from /opt/airflow/dags/load_hour_to_snowflake.py
[2025-09-15T07:52:42.386+0000] {processor.py:840} INFO - DAG(s) 'load_hour_to_snowflake' retrieved from /opt/airflow/dags/load_hour_to_snowflake.py
[2025-09-15T07:52:42.429+0000] {logging_mixin.py:188} INFO - [2025-09-15T07:52:42.429+0000] {dag.py:3096} INFO - Sync 1 DAGs
[2025-09-15T07:52:42.450+0000] {logging_mixin.py:188} INFO - [2025-09-15T07:52:42.450+0000] {dag.py:3954} INFO - Setting next_dagrun for load_hour_to_snowflake to None, run_after=None
[2025-09-15T07:52:42.491+0000] {processor.py:183} INFO - Processing /opt/airflow/dags/load_hour_to_snowflake.py took 0.153 seconds
[2025-09-15T07:53:13.205+0000] {processor.py:161} INFO - Started process (PID=5100) to work on /opt/airflow/dags/load_hour_to_snowflake.py
[2025-09-15T07:53:13.206+0000] {processor.py:830} INFO - Processing file /opt/airflow/dags/load_hour_to_snowflake.py for tasks to queue
[2025-09-15T07:53:13.208+0000] {logging_mixin.py:188} INFO - [2025-09-15T07:53:13.207+0000] {dagbag.py:540} INFO - Filling up the DagBag from /opt/airflow/dags/load_hour_to_snowflake.py
[2025-09-15T07:53:13.242+0000] {processor.py:840} INFO - DAG(s) 'load_hour_to_snowflake' retrieved from /opt/airflow/dags/load_hour_to_snowflake.py
[2025-09-15T07:53:13.284+0000] {logging_mixin.py:188} INFO - [2025-09-15T07:53:13.283+0000] {dag.py:3096} INFO - Sync 1 DAGs
[2025-09-15T07:53:13.304+0000] {logging_mixin.py:188} INFO - [2025-09-15T07:53:13.304+0000] {dag.py:3954} INFO - Setting next_dagrun for load_hour_to_snowflake to None, run_after=None
[2025-09-15T07:53:13.327+0000] {processor.py:183} INFO - Processing /opt/airflow/dags/load_hour_to_snowflake.py took 0.129 seconds
[2025-09-15T07:53:44.103+0000] {processor.py:161} INFO - Started process (PID=5135) to work on /opt/airflow/dags/load_hour_to_snowflake.py
[2025-09-15T07:53:44.104+0000] {processor.py:830} INFO - Processing file /opt/airflow/dags/load_hour_to_snowflake.py for tasks to queue
[2025-09-15T07:53:44.105+0000] {logging_mixin.py:188} INFO - [2025-09-15T07:53:44.104+0000] {dagbag.py:540} INFO - Filling up the DagBag from /opt/airflow/dags/load_hour_to_snowflake.py
[2025-09-15T07:53:44.126+0000] {processor.py:840} INFO - DAG(s) 'load_hour_to_snowflake' retrieved from /opt/airflow/dags/load_hour_to_snowflake.py
[2025-09-15T07:53:44.157+0000] {logging_mixin.py:188} INFO - [2025-09-15T07:53:44.157+0000] {dag.py:3096} INFO - Sync 1 DAGs
[2025-09-15T07:53:44.172+0000] {logging_mixin.py:188} INFO - [2025-09-15T07:53:44.172+0000] {dag.py:3954} INFO - Setting next_dagrun for load_hour_to_snowflake to None, run_after=None
[2025-09-15T07:53:44.197+0000] {processor.py:183} INFO - Processing /opt/airflow/dags/load_hour_to_snowflake.py took 0.099 seconds
[2025-09-15T07:54:14.911+0000] {processor.py:161} INFO - Started process (PID=5170) to work on /opt/airflow/dags/load_hour_to_snowflake.py
[2025-09-15T07:54:14.912+0000] {processor.py:830} INFO - Processing file /opt/airflow/dags/load_hour_to_snowflake.py for tasks to queue
[2025-09-15T07:54:14.913+0000] {logging_mixin.py:188} INFO - [2025-09-15T07:54:14.913+0000] {dagbag.py:540} INFO - Filling up the DagBag from /opt/airflow/dags/load_hour_to_snowflake.py
[2025-09-15T07:54:14.932+0000] {processor.py:840} INFO - DAG(s) 'load_hour_to_snowflake' retrieved from /opt/airflow/dags/load_hour_to_snowflake.py
[2025-09-15T07:54:14.961+0000] {logging_mixin.py:188} INFO - [2025-09-15T07:54:14.961+0000] {dag.py:3096} INFO - Sync 1 DAGs
[2025-09-15T07:54:14.977+0000] {logging_mixin.py:188} INFO - [2025-09-15T07:54:14.977+0000] {dag.py:3954} INFO - Setting next_dagrun for load_hour_to_snowflake to None, run_after=None
[2025-09-15T07:54:15.009+0000] {processor.py:183} INFO - Processing /opt/airflow/dags/load_hour_to_snowflake.py took 0.104 seconds
[2025-09-15T07:54:45.672+0000] {processor.py:161} INFO - Started process (PID=5205) to work on /opt/airflow/dags/load_hour_to_snowflake.py
[2025-09-15T07:54:45.673+0000] {processor.py:830} INFO - Processing file /opt/airflow/dags/load_hour_to_snowflake.py for tasks to queue
[2025-09-15T07:54:45.674+0000] {logging_mixin.py:188} INFO - [2025-09-15T07:54:45.674+0000] {dagbag.py:540} INFO - Filling up the DagBag from /opt/airflow/dags/load_hour_to_snowflake.py
[2025-09-15T07:54:45.695+0000] {processor.py:840} INFO - DAG(s) 'load_hour_to_snowflake' retrieved from /opt/airflow/dags/load_hour_to_snowflake.py
[2025-09-15T07:54:45.725+0000] {logging_mixin.py:188} INFO - [2025-09-15T07:54:45.724+0000] {dag.py:3096} INFO - Sync 1 DAGs
[2025-09-15T07:54:45.738+0000] {logging_mixin.py:188} INFO - [2025-09-15T07:54:45.738+0000] {dag.py:3954} INFO - Setting next_dagrun for load_hour_to_snowflake to None, run_after=None
[2025-09-15T07:54:45.761+0000] {processor.py:183} INFO - Processing /opt/airflow/dags/load_hour_to_snowflake.py took 0.094 seconds
[2025-09-15T07:55:16.467+0000] {processor.py:161} INFO - Started process (PID=5240) to work on /opt/airflow/dags/load_hour_to_snowflake.py
[2025-09-15T07:55:16.468+0000] {processor.py:830} INFO - Processing file /opt/airflow/dags/load_hour_to_snowflake.py for tasks to queue
[2025-09-15T07:55:16.469+0000] {logging_mixin.py:188} INFO - [2025-09-15T07:55:16.469+0000] {dagbag.py:540} INFO - Filling up the DagBag from /opt/airflow/dags/load_hour_to_snowflake.py
[2025-09-15T07:55:16.487+0000] {processor.py:840} INFO - DAG(s) 'load_hour_to_snowflake' retrieved from /opt/airflow/dags/load_hour_to_snowflake.py
[2025-09-15T07:55:16.515+0000] {logging_mixin.py:188} INFO - [2025-09-15T07:55:16.515+0000] {dag.py:3096} INFO - Sync 1 DAGs
[2025-09-15T07:55:16.528+0000] {logging_mixin.py:188} INFO - [2025-09-15T07:55:16.528+0000] {dag.py:3954} INFO - Setting next_dagrun for load_hour_to_snowflake to None, run_after=None
[2025-09-15T07:55:16.549+0000] {processor.py:183} INFO - Processing /opt/airflow/dags/load_hour_to_snowflake.py took 0.087 seconds
[2025-09-15T07:55:47.184+0000] {processor.py:161} INFO - Started process (PID=5275) to work on /opt/airflow/dags/load_hour_to_snowflake.py
[2025-09-15T07:55:47.185+0000] {processor.py:830} INFO - Processing file /opt/airflow/dags/load_hour_to_snowflake.py for tasks to queue
[2025-09-15T07:55:47.186+0000] {logging_mixin.py:188} INFO - [2025-09-15T07:55:47.186+0000] {dagbag.py:540} INFO - Filling up the DagBag from /opt/airflow/dags/load_hour_to_snowflake.py
[2025-09-15T07:55:47.203+0000] {processor.py:840} INFO - DAG(s) 'load_hour_to_snowflake' retrieved from /opt/airflow/dags/load_hour_to_snowflake.py
[2025-09-15T07:55:47.231+0000] {logging_mixin.py:188} INFO - [2025-09-15T07:55:47.231+0000] {dag.py:3096} INFO - Sync 1 DAGs
[2025-09-15T07:55:47.245+0000] {logging_mixin.py:188} INFO - [2025-09-15T07:55:47.245+0000] {dag.py:3954} INFO - Setting next_dagrun for load_hour_to_snowflake to None, run_after=None
[2025-09-15T07:55:47.270+0000] {processor.py:183} INFO - Processing /opt/airflow/dags/load_hour_to_snowflake.py took 0.091 seconds
[2025-09-15T07:56:17.854+0000] {processor.py:161} INFO - Started process (PID=5310) to work on /opt/airflow/dags/load_hour_to_snowflake.py
[2025-09-15T07:56:17.855+0000] {processor.py:830} INFO - Processing file /opt/airflow/dags/load_hour_to_snowflake.py for tasks to queue
[2025-09-15T07:56:17.856+0000] {logging_mixin.py:188} INFO - [2025-09-15T07:56:17.856+0000] {dagbag.py:540} INFO - Filling up the DagBag from /opt/airflow/dags/load_hour_to_snowflake.py
[2025-09-15T07:56:17.873+0000] {processor.py:840} INFO - DAG(s) 'load_hour_to_snowflake' retrieved from /opt/airflow/dags/load_hour_to_snowflake.py
[2025-09-15T07:56:17.900+0000] {logging_mixin.py:188} INFO - [2025-09-15T07:56:17.900+0000] {dag.py:3096} INFO - Sync 1 DAGs
[2025-09-15T07:56:17.912+0000] {logging_mixin.py:188} INFO - [2025-09-15T07:56:17.912+0000] {dag.py:3954} INFO - Setting next_dagrun for load_hour_to_snowflake to None, run_after=None
[2025-09-15T07:56:17.933+0000] {processor.py:183} INFO - Processing /opt/airflow/dags/load_hour_to_snowflake.py took 0.084 seconds
[2025-09-15T07:56:48.552+0000] {processor.py:161} INFO - Started process (PID=5345) to work on /opt/airflow/dags/load_hour_to_snowflake.py
[2025-09-15T07:56:48.553+0000] {processor.py:830} INFO - Processing file /opt/airflow/dags/load_hour_to_snowflake.py for tasks to queue
[2025-09-15T07:56:48.554+0000] {logging_mixin.py:188} INFO - [2025-09-15T07:56:48.554+0000] {dagbag.py:540} INFO - Filling up the DagBag from /opt/airflow/dags/load_hour_to_snowflake.py
[2025-09-15T07:56:48.571+0000] {processor.py:840} INFO - DAG(s) 'load_hour_to_snowflake' retrieved from /opt/airflow/dags/load_hour_to_snowflake.py
[2025-09-15T07:56:48.608+0000] {logging_mixin.py:188} INFO - [2025-09-15T07:56:48.608+0000] {dag.py:3096} INFO - Sync 1 DAGs
[2025-09-15T07:56:48.680+0000] {logging_mixin.py:188} INFO - [2025-09-15T07:56:48.679+0000] {dag.py:3954} INFO - Setting next_dagrun for load_hour_to_snowflake to None, run_after=None
[2025-09-15T07:56:48.749+0000] {processor.py:183} INFO - Processing /opt/airflow/dags/load_hour_to_snowflake.py took 0.204 seconds
[2025-09-15T07:57:19.395+0000] {processor.py:161} INFO - Started process (PID=5380) to work on /opt/airflow/dags/load_hour_to_snowflake.py
[2025-09-15T07:57:19.396+0000] {processor.py:830} INFO - Processing file /opt/airflow/dags/load_hour_to_snowflake.py for tasks to queue
[2025-09-15T07:57:19.397+0000] {logging_mixin.py:188} INFO - [2025-09-15T07:57:19.397+0000] {dagbag.py:540} INFO - Filling up the DagBag from /opt/airflow/dags/load_hour_to_snowflake.py
[2025-09-15T07:57:19.418+0000] {processor.py:840} INFO - DAG(s) 'load_hour_to_snowflake' retrieved from /opt/airflow/dags/load_hour_to_snowflake.py
[2025-09-15T07:57:19.449+0000] {logging_mixin.py:188} INFO - [2025-09-15T07:57:19.448+0000] {dag.py:3096} INFO - Sync 1 DAGs
[2025-09-15T07:57:19.462+0000] {logging_mixin.py:188} INFO - [2025-09-15T07:57:19.462+0000] {dag.py:3954} INFO - Setting next_dagrun for load_hour_to_snowflake to None, run_after=None
[2025-09-15T07:57:19.483+0000] {processor.py:183} INFO - Processing /opt/airflow/dags/load_hour_to_snowflake.py took 0.094 seconds
[2025-09-15T07:57:50.066+0000] {processor.py:161} INFO - Started process (PID=5415) to work on /opt/airflow/dags/load_hour_to_snowflake.py
[2025-09-15T07:57:50.067+0000] {processor.py:830} INFO - Processing file /opt/airflow/dags/load_hour_to_snowflake.py for tasks to queue
[2025-09-15T07:57:50.068+0000] {logging_mixin.py:188} INFO - [2025-09-15T07:57:50.067+0000] {dagbag.py:540} INFO - Filling up the DagBag from /opt/airflow/dags/load_hour_to_snowflake.py
[2025-09-15T07:57:50.083+0000] {processor.py:840} INFO - DAG(s) 'load_hour_to_snowflake' retrieved from /opt/airflow/dags/load_hour_to_snowflake.py
[2025-09-15T07:57:50.111+0000] {logging_mixin.py:188} INFO - [2025-09-15T07:57:50.111+0000] {dag.py:3096} INFO - Sync 1 DAGs
[2025-09-15T07:57:50.124+0000] {logging_mixin.py:188} INFO - [2025-09-15T07:57:50.124+0000] {dag.py:3954} INFO - Setting next_dagrun for load_hour_to_snowflake to None, run_after=None
[2025-09-15T07:57:50.146+0000] {processor.py:183} INFO - Processing /opt/airflow/dags/load_hour_to_snowflake.py took 0.086 seconds
[2025-09-15T07:58:20.698+0000] {processor.py:161} INFO - Started process (PID=5450) to work on /opt/airflow/dags/load_hour_to_snowflake.py
[2025-09-15T07:58:20.699+0000] {processor.py:830} INFO - Processing file /opt/airflow/dags/load_hour_to_snowflake.py for tasks to queue
[2025-09-15T07:58:20.700+0000] {logging_mixin.py:188} INFO - [2025-09-15T07:58:20.700+0000] {dagbag.py:540} INFO - Filling up the DagBag from /opt/airflow/dags/load_hour_to_snowflake.py
[2025-09-15T07:58:20.728+0000] {processor.py:840} INFO - DAG(s) 'load_hour_to_snowflake' retrieved from /opt/airflow/dags/load_hour_to_snowflake.py
[2025-09-15T07:58:20.754+0000] {logging_mixin.py:188} INFO - [2025-09-15T07:58:20.754+0000] {dag.py:3096} INFO - Sync 1 DAGs
[2025-09-15T07:58:20.766+0000] {logging_mixin.py:188} INFO - [2025-09-15T07:58:20.766+0000] {dag.py:3954} INFO - Setting next_dagrun for load_hour_to_snowflake to None, run_after=None
[2025-09-15T07:58:20.789+0000] {processor.py:183} INFO - Processing /opt/airflow/dags/load_hour_to_snowflake.py took 0.098 seconds
[2025-09-15T07:58:51.354+0000] {processor.py:161} INFO - Started process (PID=5485) to work on /opt/airflow/dags/load_hour_to_snowflake.py
[2025-09-15T07:58:51.356+0000] {processor.py:830} INFO - Processing file /opt/airflow/dags/load_hour_to_snowflake.py for tasks to queue
[2025-09-15T07:58:51.357+0000] {logging_mixin.py:188} INFO - [2025-09-15T07:58:51.356+0000] {dagbag.py:540} INFO - Filling up the DagBag from /opt/airflow/dags/load_hour_to_snowflake.py
[2025-09-15T07:58:51.374+0000] {processor.py:840} INFO - DAG(s) 'load_hour_to_snowflake' retrieved from /opt/airflow/dags/load_hour_to_snowflake.py
[2025-09-15T07:58:51.404+0000] {logging_mixin.py:188} INFO - [2025-09-15T07:58:51.403+0000] {dag.py:3096} INFO - Sync 1 DAGs
[2025-09-15T07:58:51.417+0000] {logging_mixin.py:188} INFO - [2025-09-15T07:58:51.417+0000] {dag.py:3954} INFO - Setting next_dagrun for load_hour_to_snowflake to None, run_after=None
[2025-09-15T07:58:51.438+0000] {processor.py:183} INFO - Processing /opt/airflow/dags/load_hour_to_snowflake.py took 0.094 seconds
[2025-09-15T07:59:22.042+0000] {processor.py:161} INFO - Started process (PID=5520) to work on /opt/airflow/dags/load_hour_to_snowflake.py
[2025-09-15T07:59:22.043+0000] {processor.py:830} INFO - Processing file /opt/airflow/dags/load_hour_to_snowflake.py for tasks to queue
[2025-09-15T07:59:22.043+0000] {logging_mixin.py:188} INFO - [2025-09-15T07:59:22.043+0000] {dagbag.py:540} INFO - Filling up the DagBag from /opt/airflow/dags/load_hour_to_snowflake.py
[2025-09-15T07:59:22.063+0000] {processor.py:840} INFO - DAG(s) 'load_hour_to_snowflake' retrieved from /opt/airflow/dags/load_hour_to_snowflake.py
[2025-09-15T07:59:22.093+0000] {logging_mixin.py:188} INFO - [2025-09-15T07:59:22.093+0000] {dag.py:3096} INFO - Sync 1 DAGs
[2025-09-15T07:59:22.106+0000] {logging_mixin.py:188} INFO - [2025-09-15T07:59:22.106+0000] {dag.py:3954} INFO - Setting next_dagrun for load_hour_to_snowflake to None, run_after=None
[2025-09-15T07:59:22.127+0000] {processor.py:183} INFO - Processing /opt/airflow/dags/load_hour_to_snowflake.py took 0.092 seconds
[2025-09-15T07:59:52.718+0000] {processor.py:161} INFO - Started process (PID=5555) to work on /opt/airflow/dags/load_hour_to_snowflake.py
[2025-09-15T07:59:52.719+0000] {processor.py:830} INFO - Processing file /opt/airflow/dags/load_hour_to_snowflake.py for tasks to queue
[2025-09-15T07:59:52.720+0000] {logging_mixin.py:188} INFO - [2025-09-15T07:59:52.720+0000] {dagbag.py:540} INFO - Filling up the DagBag from /opt/airflow/dags/load_hour_to_snowflake.py
[2025-09-15T07:59:52.741+0000] {processor.py:840} INFO - DAG(s) 'load_hour_to_snowflake' retrieved from /opt/airflow/dags/load_hour_to_snowflake.py
[2025-09-15T07:59:52.775+0000] {logging_mixin.py:188} INFO - [2025-09-15T07:59:52.774+0000] {dag.py:3096} INFO - Sync 1 DAGs
[2025-09-15T07:59:52.788+0000] {logging_mixin.py:188} INFO - [2025-09-15T07:59:52.788+0000] {dag.py:3954} INFO - Setting next_dagrun for load_hour_to_snowflake to None, run_after=None
[2025-09-15T07:59:52.809+0000] {processor.py:183} INFO - Processing /opt/airflow/dags/load_hour_to_snowflake.py took 0.100 seconds
[2025-09-15T08:00:23.362+0000] {processor.py:161} INFO - Started process (PID=5590) to work on /opt/airflow/dags/load_hour_to_snowflake.py
[2025-09-15T08:00:23.363+0000] {processor.py:830} INFO - Processing file /opt/airflow/dags/load_hour_to_snowflake.py for tasks to queue
[2025-09-15T08:00:23.364+0000] {logging_mixin.py:188} INFO - [2025-09-15T08:00:23.364+0000] {dagbag.py:540} INFO - Filling up the DagBag from /opt/airflow/dags/load_hour_to_snowflake.py
[2025-09-15T08:00:23.381+0000] {processor.py:840} INFO - DAG(s) 'load_hour_to_snowflake' retrieved from /opt/airflow/dags/load_hour_to_snowflake.py
[2025-09-15T08:00:23.407+0000] {logging_mixin.py:188} INFO - [2025-09-15T08:00:23.407+0000] {dag.py:3096} INFO - Sync 1 DAGs
[2025-09-15T08:00:23.420+0000] {logging_mixin.py:188} INFO - [2025-09-15T08:00:23.419+0000] {dag.py:3954} INFO - Setting next_dagrun for load_hour_to_snowflake to None, run_after=None
[2025-09-15T08:00:23.441+0000] {processor.py:183} INFO - Processing /opt/airflow/dags/load_hour_to_snowflake.py took 0.085 seconds
[2025-09-15T08:00:53.961+0000] {processor.py:161} INFO - Started process (PID=5625) to work on /opt/airflow/dags/load_hour_to_snowflake.py
[2025-09-15T08:00:53.962+0000] {processor.py:830} INFO - Processing file /opt/airflow/dags/load_hour_to_snowflake.py for tasks to queue
[2025-09-15T08:00:53.963+0000] {logging_mixin.py:188} INFO - [2025-09-15T08:00:53.962+0000] {dagbag.py:540} INFO - Filling up the DagBag from /opt/airflow/dags/load_hour_to_snowflake.py
[2025-09-15T08:00:53.979+0000] {processor.py:840} INFO - DAG(s) 'load_hour_to_snowflake' retrieved from /opt/airflow/dags/load_hour_to_snowflake.py
[2025-09-15T08:00:54.007+0000] {logging_mixin.py:188} INFO - [2025-09-15T08:00:54.006+0000] {dag.py:3096} INFO - Sync 1 DAGs
[2025-09-15T08:00:54.019+0000] {logging_mixin.py:188} INFO - [2025-09-15T08:00:54.019+0000] {dag.py:3954} INFO - Setting next_dagrun for load_hour_to_snowflake to None, run_after=None
[2025-09-15T08:00:54.048+0000] {processor.py:183} INFO - Processing /opt/airflow/dags/load_hour_to_snowflake.py took 0.092 seconds
[2025-09-15T08:01:24.591+0000] {processor.py:161} INFO - Started process (PID=5660) to work on /opt/airflow/dags/load_hour_to_snowflake.py
[2025-09-15T08:01:24.592+0000] {processor.py:830} INFO - Processing file /opt/airflow/dags/load_hour_to_snowflake.py for tasks to queue
[2025-09-15T08:01:24.593+0000] {logging_mixin.py:188} INFO - [2025-09-15T08:01:24.593+0000] {dagbag.py:540} INFO - Filling up the DagBag from /opt/airflow/dags/load_hour_to_snowflake.py
[2025-09-15T08:01:24.617+0000] {processor.py:840} INFO - DAG(s) 'load_hour_to_snowflake' retrieved from /opt/airflow/dags/load_hour_to_snowflake.py
[2025-09-15T08:01:24.646+0000] {logging_mixin.py:188} INFO - [2025-09-15T08:01:24.646+0000] {dag.py:3096} INFO - Sync 1 DAGs
[2025-09-15T08:01:24.659+0000] {logging_mixin.py:188} INFO - [2025-09-15T08:01:24.659+0000] {dag.py:3954} INFO - Setting next_dagrun for load_hour_to_snowflake to None, run_after=None
[2025-09-15T08:01:24.681+0000] {processor.py:183} INFO - Processing /opt/airflow/dags/load_hour_to_snowflake.py took 0.096 seconds
[2025-09-15T08:01:55.250+0000] {processor.py:161} INFO - Started process (PID=5695) to work on /opt/airflow/dags/load_hour_to_snowflake.py
[2025-09-15T08:01:55.251+0000] {processor.py:830} INFO - Processing file /opt/airflow/dags/load_hour_to_snowflake.py for tasks to queue
[2025-09-15T08:01:55.252+0000] {logging_mixin.py:188} INFO - [2025-09-15T08:01:55.251+0000] {dagbag.py:540} INFO - Filling up the DagBag from /opt/airflow/dags/load_hour_to_snowflake.py
[2025-09-15T08:01:55.270+0000] {processor.py:840} INFO - DAG(s) 'load_hour_to_snowflake' retrieved from /opt/airflow/dags/load_hour_to_snowflake.py
[2025-09-15T08:01:55.298+0000] {logging_mixin.py:188} INFO - [2025-09-15T08:01:55.298+0000] {dag.py:3096} INFO - Sync 1 DAGs
[2025-09-15T08:01:55.310+0000] {logging_mixin.py:188} INFO - [2025-09-15T08:01:55.310+0000] {dag.py:3954} INFO - Setting next_dagrun for load_hour_to_snowflake to None, run_after=None
[2025-09-15T08:01:55.335+0000] {processor.py:183} INFO - Processing /opt/airflow/dags/load_hour_to_snowflake.py took 0.090 seconds
[2025-09-15T08:02:25.956+0000] {processor.py:161} INFO - Started process (PID=5730) to work on /opt/airflow/dags/load_hour_to_snowflake.py
[2025-09-15T08:02:25.958+0000] {processor.py:830} INFO - Processing file /opt/airflow/dags/load_hour_to_snowflake.py for tasks to queue
[2025-09-15T08:02:25.958+0000] {logging_mixin.py:188} INFO - [2025-09-15T08:02:25.958+0000] {dagbag.py:540} INFO - Filling up the DagBag from /opt/airflow/dags/load_hour_to_snowflake.py
[2025-09-15T08:02:25.977+0000] {processor.py:840} INFO - DAG(s) 'load_hour_to_snowflake' retrieved from /opt/airflow/dags/load_hour_to_snowflake.py
[2025-09-15T08:02:26.007+0000] {logging_mixin.py:188} INFO - [2025-09-15T08:02:26.007+0000] {dag.py:3096} INFO - Sync 1 DAGs
[2025-09-15T08:02:26.020+0000] {logging_mixin.py:188} INFO - [2025-09-15T08:02:26.020+0000] {dag.py:3954} INFO - Setting next_dagrun for load_hour_to_snowflake to None, run_after=None
[2025-09-15T08:02:26.072+0000] {processor.py:183} INFO - Processing /opt/airflow/dags/load_hour_to_snowflake.py took 0.121 seconds
[2025-09-15T08:02:56.655+0000] {processor.py:161} INFO - Started process (PID=5765) to work on /opt/airflow/dags/load_hour_to_snowflake.py
[2025-09-15T08:02:56.656+0000] {processor.py:830} INFO - Processing file /opt/airflow/dags/load_hour_to_snowflake.py for tasks to queue
[2025-09-15T08:02:56.657+0000] {logging_mixin.py:188} INFO - [2025-09-15T08:02:56.657+0000] {dagbag.py:540} INFO - Filling up the DagBag from /opt/airflow/dags/load_hour_to_snowflake.py
[2025-09-15T08:02:56.677+0000] {processor.py:840} INFO - DAG(s) 'load_hour_to_snowflake' retrieved from /opt/airflow/dags/load_hour_to_snowflake.py
[2025-09-15T08:02:56.705+0000] {logging_mixin.py:188} INFO - [2025-09-15T08:02:56.705+0000] {dag.py:3096} INFO - Sync 1 DAGs
[2025-09-15T08:02:56.717+0000] {logging_mixin.py:188} INFO - [2025-09-15T08:02:56.717+0000] {dag.py:3954} INFO - Setting next_dagrun for load_hour_to_snowflake to None, run_after=None
[2025-09-15T08:02:56.743+0000] {processor.py:183} INFO - Processing /opt/airflow/dags/load_hour_to_snowflake.py took 0.094 seconds
[2025-09-15T08:03:27.254+0000] {processor.py:161} INFO - Started process (PID=5800) to work on /opt/airflow/dags/load_hour_to_snowflake.py
[2025-09-15T08:03:27.255+0000] {processor.py:830} INFO - Processing file /opt/airflow/dags/load_hour_to_snowflake.py for tasks to queue
[2025-09-15T08:03:27.256+0000] {logging_mixin.py:188} INFO - [2025-09-15T08:03:27.256+0000] {dagbag.py:540} INFO - Filling up the DagBag from /opt/airflow/dags/load_hour_to_snowflake.py
[2025-09-15T08:03:27.277+0000] {processor.py:840} INFO - DAG(s) 'load_hour_to_snowflake' retrieved from /opt/airflow/dags/load_hour_to_snowflake.py
[2025-09-15T08:03:27.305+0000] {logging_mixin.py:188} INFO - [2025-09-15T08:03:27.305+0000] {dag.py:3096} INFO - Sync 1 DAGs
[2025-09-15T08:03:27.318+0000] {logging_mixin.py:188} INFO - [2025-09-15T08:03:27.317+0000] {dag.py:3954} INFO - Setting next_dagrun for load_hour_to_snowflake to None, run_after=None
[2025-09-15T08:03:27.354+0000] {processor.py:183} INFO - Processing /opt/airflow/dags/load_hour_to_snowflake.py took 0.106 seconds
[2025-09-15T08:03:58.363+0000] {processor.py:161} INFO - Started process (PID=5835) to work on /opt/airflow/dags/load_hour_to_snowflake.py
[2025-09-15T08:03:58.364+0000] {processor.py:830} INFO - Processing file /opt/airflow/dags/load_hour_to_snowflake.py for tasks to queue
[2025-09-15T08:03:58.365+0000] {logging_mixin.py:188} INFO - [2025-09-15T08:03:58.365+0000] {dagbag.py:540} INFO - Filling up the DagBag from /opt/airflow/dags/load_hour_to_snowflake.py
[2025-09-15T08:03:58.391+0000] {processor.py:840} INFO - DAG(s) 'load_hour_to_snowflake' retrieved from /opt/airflow/dags/load_hour_to_snowflake.py
[2025-09-15T08:03:58.418+0000] {logging_mixin.py:188} INFO - [2025-09-15T08:03:58.418+0000] {dag.py:3096} INFO - Sync 1 DAGs
[2025-09-15T08:03:58.433+0000] {logging_mixin.py:188} INFO - [2025-09-15T08:03:58.433+0000] {dag.py:3954} INFO - Setting next_dagrun for load_hour_to_snowflake to None, run_after=None
[2025-09-15T08:03:58.452+0000] {processor.py:183} INFO - Processing /opt/airflow/dags/load_hour_to_snowflake.py took 0.097 seconds
[2025-09-15T08:04:28.997+0000] {processor.py:161} INFO - Started process (PID=5870) to work on /opt/airflow/dags/load_hour_to_snowflake.py
[2025-09-15T08:04:29.002+0000] {processor.py:830} INFO - Processing file /opt/airflow/dags/load_hour_to_snowflake.py for tasks to queue
[2025-09-15T08:04:29.004+0000] {logging_mixin.py:188} INFO - [2025-09-15T08:04:29.003+0000] {dagbag.py:540} INFO - Filling up the DagBag from /opt/airflow/dags/load_hour_to_snowflake.py
[2025-09-15T08:04:29.045+0000] {processor.py:840} INFO - DAG(s) 'load_hour_to_snowflake' retrieved from /opt/airflow/dags/load_hour_to_snowflake.py
[2025-09-15T08:04:29.098+0000] {logging_mixin.py:188} INFO - [2025-09-15T08:04:29.098+0000] {dag.py:3096} INFO - Sync 1 DAGs
[2025-09-15T08:04:29.112+0000] {logging_mixin.py:188} INFO - [2025-09-15T08:04:29.111+0000] {dag.py:3954} INFO - Setting next_dagrun for load_hour_to_snowflake to None, run_after=None
[2025-09-15T08:04:29.139+0000] {processor.py:183} INFO - Processing /opt/airflow/dags/load_hour_to_snowflake.py took 0.155 seconds
[2025-09-15T08:05:00.037+0000] {processor.py:161} INFO - Started process (PID=5905) to work on /opt/airflow/dags/load_hour_to_snowflake.py
[2025-09-15T08:05:00.039+0000] {processor.py:830} INFO - Processing file /opt/airflow/dags/load_hour_to_snowflake.py for tasks to queue
[2025-09-15T08:05:00.041+0000] {logging_mixin.py:188} INFO - [2025-09-15T08:05:00.040+0000] {dagbag.py:540} INFO - Filling up the DagBag from /opt/airflow/dags/load_hour_to_snowflake.py
[2025-09-15T08:05:00.071+0000] {processor.py:840} INFO - DAG(s) 'load_hour_to_snowflake' retrieved from /opt/airflow/dags/load_hour_to_snowflake.py
[2025-09-15T08:05:00.103+0000] {logging_mixin.py:188} INFO - [2025-09-15T08:05:00.103+0000] {dag.py:3096} INFO - Sync 1 DAGs
[2025-09-15T08:05:00.117+0000] {logging_mixin.py:188} INFO - [2025-09-15T08:05:00.117+0000] {dag.py:3954} INFO - Setting next_dagrun for load_hour_to_snowflake to None, run_after=None
[2025-09-15T08:05:00.146+0000] {processor.py:183} INFO - Processing /opt/airflow/dags/load_hour_to_snowflake.py took 0.116 seconds
[2025-09-15T08:05:30.682+0000] {processor.py:161} INFO - Started process (PID=5940) to work on /opt/airflow/dags/load_hour_to_snowflake.py
[2025-09-15T08:05:30.684+0000] {processor.py:830} INFO - Processing file /opt/airflow/dags/load_hour_to_snowflake.py for tasks to queue
[2025-09-15T08:05:30.685+0000] {logging_mixin.py:188} INFO - [2025-09-15T08:05:30.684+0000] {dagbag.py:540} INFO - Filling up the DagBag from /opt/airflow/dags/load_hour_to_snowflake.py
[2025-09-15T08:05:30.703+0000] {processor.py:840} INFO - DAG(s) 'load_hour_to_snowflake' retrieved from /opt/airflow/dags/load_hour_to_snowflake.py
[2025-09-15T08:05:30.732+0000] {logging_mixin.py:188} INFO - [2025-09-15T08:05:30.732+0000] {dag.py:3096} INFO - Sync 1 DAGs
[2025-09-15T08:05:30.747+0000] {logging_mixin.py:188} INFO - [2025-09-15T08:05:30.747+0000] {dag.py:3954} INFO - Setting next_dagrun for load_hour_to_snowflake to None, run_after=None
[2025-09-15T08:05:30.768+0000] {processor.py:183} INFO - Processing /opt/airflow/dags/load_hour_to_snowflake.py took 0.092 seconds
[2025-09-15T08:06:01.470+0000] {processor.py:161} INFO - Started process (PID=5975) to work on /opt/airflow/dags/load_hour_to_snowflake.py
[2025-09-15T08:06:01.471+0000] {processor.py:830} INFO - Processing file /opt/airflow/dags/load_hour_to_snowflake.py for tasks to queue
[2025-09-15T08:06:01.472+0000] {logging_mixin.py:188} INFO - [2025-09-15T08:06:01.472+0000] {dagbag.py:540} INFO - Filling up the DagBag from /opt/airflow/dags/load_hour_to_snowflake.py
[2025-09-15T08:06:01.494+0000] {processor.py:840} INFO - DAG(s) 'load_hour_to_snowflake' retrieved from /opt/airflow/dags/load_hour_to_snowflake.py
[2025-09-15T08:06:01.527+0000] {logging_mixin.py:188} INFO - [2025-09-15T08:06:01.526+0000] {dag.py:3096} INFO - Sync 1 DAGs
[2025-09-15T08:06:01.545+0000] {logging_mixin.py:188} INFO - [2025-09-15T08:06:01.545+0000] {dag.py:3954} INFO - Setting next_dagrun for load_hour_to_snowflake to None, run_after=None
[2025-09-15T08:06:01.578+0000] {processor.py:183} INFO - Processing /opt/airflow/dags/load_hour_to_snowflake.py took 0.115 seconds
[2025-09-15T08:06:32.027+0000] {processor.py:161} INFO - Started process (PID=6010) to work on /opt/airflow/dags/load_hour_to_snowflake.py
[2025-09-15T08:06:32.028+0000] {processor.py:830} INFO - Processing file /opt/airflow/dags/load_hour_to_snowflake.py for tasks to queue
[2025-09-15T08:06:32.029+0000] {logging_mixin.py:188} INFO - [2025-09-15T08:06:32.028+0000] {dagbag.py:540} INFO - Filling up the DagBag from /opt/airflow/dags/load_hour_to_snowflake.py
[2025-09-15T08:06:32.047+0000] {processor.py:840} INFO - DAG(s) 'load_hour_to_snowflake' retrieved from /opt/airflow/dags/load_hour_to_snowflake.py
[2025-09-15T08:06:32.075+0000] {logging_mixin.py:188} INFO - [2025-09-15T08:06:32.075+0000] {dag.py:3096} INFO - Sync 1 DAGs
[2025-09-15T08:06:32.089+0000] {logging_mixin.py:188} INFO - [2025-09-15T08:06:32.089+0000] {dag.py:3954} INFO - Setting next_dagrun for load_hour_to_snowflake to None, run_after=None
[2025-09-15T08:06:32.111+0000] {processor.py:183} INFO - Processing /opt/airflow/dags/load_hour_to_snowflake.py took 0.089 seconds
[2025-09-15T08:07:02.694+0000] {processor.py:161} INFO - Started process (PID=6045) to work on /opt/airflow/dags/load_hour_to_snowflake.py
[2025-09-15T08:07:02.695+0000] {processor.py:830} INFO - Processing file /opt/airflow/dags/load_hour_to_snowflake.py for tasks to queue
[2025-09-15T08:07:02.697+0000] {logging_mixin.py:188} INFO - [2025-09-15T08:07:02.697+0000] {dagbag.py:540} INFO - Filling up the DagBag from /opt/airflow/dags/load_hour_to_snowflake.py
[2025-09-15T08:07:02.715+0000] {processor.py:840} INFO - DAG(s) 'load_hour_to_snowflake' retrieved from /opt/airflow/dags/load_hour_to_snowflake.py
[2025-09-15T08:07:02.747+0000] {logging_mixin.py:188} INFO - [2025-09-15T08:07:02.747+0000] {dag.py:3096} INFO - Sync 1 DAGs
[2025-09-15T08:07:02.760+0000] {logging_mixin.py:188} INFO - [2025-09-15T08:07:02.760+0000] {dag.py:3954} INFO - Setting next_dagrun for load_hour_to_snowflake to None, run_after=None
[2025-09-15T08:07:02.780+0000] {processor.py:183} INFO - Processing /opt/airflow/dags/load_hour_to_snowflake.py took 0.092 seconds
[2025-09-15T08:07:33.359+0000] {processor.py:161} INFO - Started process (PID=6080) to work on /opt/airflow/dags/load_hour_to_snowflake.py
[2025-09-15T08:07:33.360+0000] {processor.py:830} INFO - Processing file /opt/airflow/dags/load_hour_to_snowflake.py for tasks to queue
[2025-09-15T08:07:33.361+0000] {logging_mixin.py:188} INFO - [2025-09-15T08:07:33.361+0000] {dagbag.py:540} INFO - Filling up the DagBag from /opt/airflow/dags/load_hour_to_snowflake.py
[2025-09-15T08:07:33.381+0000] {processor.py:840} INFO - DAG(s) 'load_hour_to_snowflake' retrieved from /opt/airflow/dags/load_hour_to_snowflake.py
[2025-09-15T08:07:33.414+0000] {logging_mixin.py:188} INFO - [2025-09-15T08:07:33.414+0000] {dag.py:3096} INFO - Sync 1 DAGs
[2025-09-15T08:07:33.428+0000] {logging_mixin.py:188} INFO - [2025-09-15T08:07:33.428+0000] {dag.py:3954} INFO - Setting next_dagrun for load_hour_to_snowflake to None, run_after=None
[2025-09-15T08:07:33.452+0000] {processor.py:183} INFO - Processing /opt/airflow/dags/load_hour_to_snowflake.py took 0.101 seconds
[2025-09-15T08:08:04.045+0000] {processor.py:161} INFO - Started process (PID=6115) to work on /opt/airflow/dags/load_hour_to_snowflake.py
[2025-09-15T08:08:04.046+0000] {processor.py:830} INFO - Processing file /opt/airflow/dags/load_hour_to_snowflake.py for tasks to queue
[2025-09-15T08:08:04.046+0000] {logging_mixin.py:188} INFO - [2025-09-15T08:08:04.046+0000] {dagbag.py:540} INFO - Filling up the DagBag from /opt/airflow/dags/load_hour_to_snowflake.py
[2025-09-15T08:08:04.069+0000] {processor.py:840} INFO - DAG(s) 'load_hour_to_snowflake' retrieved from /opt/airflow/dags/load_hour_to_snowflake.py
[2025-09-15T08:08:04.108+0000] {logging_mixin.py:188} INFO - [2025-09-15T08:08:04.108+0000] {dag.py:3096} INFO - Sync 1 DAGs
[2025-09-15T08:08:04.123+0000] {logging_mixin.py:188} INFO - [2025-09-15T08:08:04.123+0000] {dag.py:3954} INFO - Setting next_dagrun for load_hour_to_snowflake to None, run_after=None
[2025-09-15T08:08:04.159+0000] {processor.py:183} INFO - Processing /opt/airflow/dags/load_hour_to_snowflake.py took 0.121 seconds
[2025-09-15T08:08:34.792+0000] {processor.py:161} INFO - Started process (PID=6150) to work on /opt/airflow/dags/load_hour_to_snowflake.py
[2025-09-15T08:08:34.793+0000] {processor.py:830} INFO - Processing file /opt/airflow/dags/load_hour_to_snowflake.py for tasks to queue
[2025-09-15T08:08:34.794+0000] {logging_mixin.py:188} INFO - [2025-09-15T08:08:34.794+0000] {dagbag.py:540} INFO - Filling up the DagBag from /opt/airflow/dags/load_hour_to_snowflake.py
[2025-09-15T08:08:34.827+0000] {processor.py:840} INFO - DAG(s) 'load_hour_to_snowflake' retrieved from /opt/airflow/dags/load_hour_to_snowflake.py
[2025-09-15T08:08:34.874+0000] {logging_mixin.py:188} INFO - [2025-09-15T08:08:34.873+0000] {dag.py:3096} INFO - Sync 1 DAGs
[2025-09-15T08:08:34.896+0000] {logging_mixin.py:188} INFO - [2025-09-15T08:08:34.895+0000] {dag.py:3954} INFO - Setting next_dagrun for load_hour_to_snowflake to None, run_after=None
[2025-09-15T08:08:34.930+0000] {processor.py:183} INFO - Processing /opt/airflow/dags/load_hour_to_snowflake.py took 0.149 seconds
[2025-09-15T08:09:05.411+0000] {processor.py:161} INFO - Started process (PID=6185) to work on /opt/airflow/dags/load_hour_to_snowflake.py
[2025-09-15T08:09:05.412+0000] {processor.py:830} INFO - Processing file /opt/airflow/dags/load_hour_to_snowflake.py for tasks to queue
[2025-09-15T08:09:05.414+0000] {logging_mixin.py:188} INFO - [2025-09-15T08:09:05.413+0000] {dagbag.py:540} INFO - Filling up the DagBag from /opt/airflow/dags/load_hour_to_snowflake.py
[2025-09-15T08:09:05.441+0000] {processor.py:840} INFO - DAG(s) 'load_hour_to_snowflake' retrieved from /opt/airflow/dags/load_hour_to_snowflake.py
[2025-09-15T08:09:05.476+0000] {logging_mixin.py:188} INFO - [2025-09-15T08:09:05.476+0000] {dag.py:3096} INFO - Sync 1 DAGs
[2025-09-15T08:09:05.490+0000] {logging_mixin.py:188} INFO - [2025-09-15T08:09:05.490+0000] {dag.py:3954} INFO - Setting next_dagrun for load_hour_to_snowflake to None, run_after=None
[2025-09-15T08:09:05.514+0000] {processor.py:183} INFO - Processing /opt/airflow/dags/load_hour_to_snowflake.py took 0.110 seconds
[2025-09-15T08:09:36.327+0000] {processor.py:161} INFO - Started process (PID=6230) to work on /opt/airflow/dags/load_hour_to_snowflake.py
[2025-09-15T08:09:36.329+0000] {processor.py:830} INFO - Processing file /opt/airflow/dags/load_hour_to_snowflake.py for tasks to queue
[2025-09-15T08:09:36.331+0000] {logging_mixin.py:188} INFO - [2025-09-15T08:09:36.330+0000] {dagbag.py:540} INFO - Filling up the DagBag from /opt/airflow/dags/load_hour_to_snowflake.py
[2025-09-15T08:09:36.387+0000] {processor.py:840} INFO - DAG(s) 'load_hour_to_snowflake' retrieved from /opt/airflow/dags/load_hour_to_snowflake.py
[2025-09-15T08:09:36.446+0000] {logging_mixin.py:188} INFO - [2025-09-15T08:09:36.446+0000] {dag.py:3096} INFO - Sync 1 DAGs
[2025-09-15T08:09:36.472+0000] {logging_mixin.py:188} INFO - [2025-09-15T08:09:36.471+0000] {dag.py:3954} INFO - Setting next_dagrun for load_hour_to_snowflake to None, run_after=None
[2025-09-15T08:09:36.510+0000] {processor.py:183} INFO - Processing /opt/airflow/dags/load_hour_to_snowflake.py took 0.198 seconds
[2025-09-15T08:10:06.932+0000] {processor.py:161} INFO - Started process (PID=6265) to work on /opt/airflow/dags/load_hour_to_snowflake.py
[2025-09-15T08:10:06.934+0000] {processor.py:830} INFO - Processing file /opt/airflow/dags/load_hour_to_snowflake.py for tasks to queue
[2025-09-15T08:10:06.935+0000] {logging_mixin.py:188} INFO - [2025-09-15T08:10:06.934+0000] {dagbag.py:540} INFO - Filling up the DagBag from /opt/airflow/dags/load_hour_to_snowflake.py
[2025-09-15T08:10:06.962+0000] {processor.py:840} INFO - DAG(s) 'load_hour_to_snowflake' retrieved from /opt/airflow/dags/load_hour_to_snowflake.py
[2025-09-15T08:10:07.000+0000] {logging_mixin.py:188} INFO - [2025-09-15T08:10:07.000+0000] {dag.py:3096} INFO - Sync 1 DAGs
[2025-09-15T08:10:07.017+0000] {logging_mixin.py:188} INFO - [2025-09-15T08:10:07.016+0000] {dag.py:3954} INFO - Setting next_dagrun for load_hour_to_snowflake to None, run_after=None
[2025-09-15T08:10:07.051+0000] {processor.py:183} INFO - Processing /opt/airflow/dags/load_hour_to_snowflake.py took 0.125 seconds
[2025-09-15T08:10:37.500+0000] {processor.py:161} INFO - Started process (PID=6300) to work on /opt/airflow/dags/load_hour_to_snowflake.py
[2025-09-15T08:10:37.501+0000] {processor.py:830} INFO - Processing file /opt/airflow/dags/load_hour_to_snowflake.py for tasks to queue
[2025-09-15T08:10:37.502+0000] {logging_mixin.py:188} INFO - [2025-09-15T08:10:37.502+0000] {dagbag.py:540} INFO - Filling up the DagBag from /opt/airflow/dags/load_hour_to_snowflake.py
[2025-09-15T08:10:37.520+0000] {processor.py:840} INFO - DAG(s) 'load_hour_to_snowflake' retrieved from /opt/airflow/dags/load_hour_to_snowflake.py
[2025-09-15T08:10:37.549+0000] {logging_mixin.py:188} INFO - [2025-09-15T08:10:37.548+0000] {dag.py:3096} INFO - Sync 1 DAGs
[2025-09-15T08:10:37.561+0000] {logging_mixin.py:188} INFO - [2025-09-15T08:10:37.561+0000] {dag.py:3954} INFO - Setting next_dagrun for load_hour_to_snowflake to None, run_after=None
[2025-09-15T08:10:37.589+0000] {processor.py:183} INFO - Processing /opt/airflow/dags/load_hour_to_snowflake.py took 0.094 seconds
[2025-09-15T08:11:07.890+0000] {processor.py:161} INFO - Started process (PID=6335) to work on /opt/airflow/dags/load_hour_to_snowflake.py
[2025-09-15T08:11:07.892+0000] {processor.py:830} INFO - Processing file /opt/airflow/dags/load_hour_to_snowflake.py for tasks to queue
[2025-09-15T08:11:07.893+0000] {logging_mixin.py:188} INFO - [2025-09-15T08:11:07.893+0000] {dagbag.py:540} INFO - Filling up the DagBag from /opt/airflow/dags/load_hour_to_snowflake.py
[2025-09-15T08:11:07.915+0000] {processor.py:840} INFO - DAG(s) 'load_hour_to_snowflake' retrieved from /opt/airflow/dags/load_hour_to_snowflake.py
[2025-09-15T08:11:07.954+0000] {logging_mixin.py:188} INFO - [2025-09-15T08:11:07.953+0000] {dag.py:3096} INFO - Sync 1 DAGs
[2025-09-15T08:11:07.969+0000] {logging_mixin.py:188} INFO - [2025-09-15T08:11:07.969+0000] {dag.py:3954} INFO - Setting next_dagrun for load_hour_to_snowflake to None, run_after=None
[2025-09-15T08:11:07.995+0000] {processor.py:183} INFO - Processing /opt/airflow/dags/load_hour_to_snowflake.py took 0.111 seconds
[2025-09-15T08:11:38.498+0000] {processor.py:161} INFO - Started process (PID=6370) to work on /opt/airflow/dags/load_hour_to_snowflake.py
[2025-09-15T08:11:38.499+0000] {processor.py:830} INFO - Processing file /opt/airflow/dags/load_hour_to_snowflake.py for tasks to queue
[2025-09-15T08:11:38.499+0000] {logging_mixin.py:188} INFO - [2025-09-15T08:11:38.499+0000] {dagbag.py:540} INFO - Filling up the DagBag from /opt/airflow/dags/load_hour_to_snowflake.py
[2025-09-15T08:11:38.519+0000] {processor.py:840} INFO - DAG(s) 'load_hour_to_snowflake' retrieved from /opt/airflow/dags/load_hour_to_snowflake.py
[2025-09-15T08:11:38.551+0000] {logging_mixin.py:188} INFO - [2025-09-15T08:11:38.551+0000] {dag.py:3096} INFO - Sync 1 DAGs
[2025-09-15T08:11:38.565+0000] {logging_mixin.py:188} INFO - [2025-09-15T08:11:38.564+0000] {dag.py:3954} INFO - Setting next_dagrun for load_hour_to_snowflake to None, run_after=None
[2025-09-15T08:11:38.595+0000] {processor.py:183} INFO - Processing /opt/airflow/dags/load_hour_to_snowflake.py took 0.104 seconds
[2025-09-15T08:12:09.165+0000] {processor.py:161} INFO - Started process (PID=6405) to work on /opt/airflow/dags/load_hour_to_snowflake.py
[2025-09-15T08:12:09.166+0000] {processor.py:830} INFO - Processing file /opt/airflow/dags/load_hour_to_snowflake.py for tasks to queue
[2025-09-15T08:12:09.167+0000] {logging_mixin.py:188} INFO - [2025-09-15T08:12:09.166+0000] {dagbag.py:540} INFO - Filling up the DagBag from /opt/airflow/dags/load_hour_to_snowflake.py
[2025-09-15T08:12:09.184+0000] {processor.py:840} INFO - DAG(s) 'load_hour_to_snowflake' retrieved from /opt/airflow/dags/load_hour_to_snowflake.py
[2025-09-15T08:12:09.211+0000] {logging_mixin.py:188} INFO - [2025-09-15T08:12:09.211+0000] {dag.py:3096} INFO - Sync 1 DAGs
[2025-09-15T08:12:09.223+0000] {logging_mixin.py:188} INFO - [2025-09-15T08:12:09.223+0000] {dag.py:3954} INFO - Setting next_dagrun for load_hour_to_snowflake to None, run_after=None
[2025-09-15T08:12:09.244+0000] {processor.py:183} INFO - Processing /opt/airflow/dags/load_hour_to_snowflake.py took 0.086 seconds
[2025-09-15T08:12:39.770+0000] {processor.py:161} INFO - Started process (PID=6440) to work on /opt/airflow/dags/load_hour_to_snowflake.py
[2025-09-15T08:12:39.771+0000] {processor.py:830} INFO - Processing file /opt/airflow/dags/load_hour_to_snowflake.py for tasks to queue
[2025-09-15T08:12:39.772+0000] {logging_mixin.py:188} INFO - [2025-09-15T08:12:39.772+0000] {dagbag.py:540} INFO - Filling up the DagBag from /opt/airflow/dags/load_hour_to_snowflake.py
[2025-09-15T08:12:39.789+0000] {processor.py:840} INFO - DAG(s) 'load_hour_to_snowflake' retrieved from /opt/airflow/dags/load_hour_to_snowflake.py
[2025-09-15T08:12:39.821+0000] {logging_mixin.py:188} INFO - [2025-09-15T08:12:39.820+0000] {dag.py:3096} INFO - Sync 1 DAGs
[2025-09-15T08:12:39.837+0000] {logging_mixin.py:188} INFO - [2025-09-15T08:12:39.837+0000] {dag.py:3954} INFO - Setting next_dagrun for load_hour_to_snowflake to None, run_after=None
[2025-09-15T08:12:39.916+0000] {processor.py:183} INFO - Processing /opt/airflow/dags/load_hour_to_snowflake.py took 0.152 seconds
[2025-09-15T08:13:10.798+0000] {processor.py:161} INFO - Started process (PID=6495) to work on /opt/airflow/dags/load_hour_to_snowflake.py
[2025-09-15T08:13:10.803+0000] {processor.py:830} INFO - Processing file /opt/airflow/dags/load_hour_to_snowflake.py for tasks to queue
[2025-09-15T08:13:10.803+0000] {logging_mixin.py:188} INFO - [2025-09-15T08:13:10.803+0000] {dagbag.py:540} INFO - Filling up the DagBag from /opt/airflow/dags/load_hour_to_snowflake.py
[2025-09-15T08:13:10.822+0000] {processor.py:840} INFO - DAG(s) 'load_hour_to_snowflake' retrieved from /opt/airflow/dags/load_hour_to_snowflake.py
[2025-09-15T08:13:10.847+0000] {logging_mixin.py:188} INFO - [2025-09-15T08:13:10.847+0000] {dag.py:3096} INFO - Sync 1 DAGs
[2025-09-15T08:13:10.862+0000] {logging_mixin.py:188} INFO - [2025-09-15T08:13:10.861+0000] {dag.py:3954} INFO - Setting next_dagrun for load_hour_to_snowflake to None, run_after=None
[2025-09-15T08:13:10.888+0000] {processor.py:183} INFO - Processing /opt/airflow/dags/load_hour_to_snowflake.py took 0.096 seconds
[2025-09-15T08:13:41.497+0000] {processor.py:161} INFO - Started process (PID=6530) to work on /opt/airflow/dags/load_hour_to_snowflake.py
[2025-09-15T08:13:41.498+0000] {processor.py:830} INFO - Processing file /opt/airflow/dags/load_hour_to_snowflake.py for tasks to queue
[2025-09-15T08:13:41.499+0000] {logging_mixin.py:188} INFO - [2025-09-15T08:13:41.499+0000] {dagbag.py:540} INFO - Filling up the DagBag from /opt/airflow/dags/load_hour_to_snowflake.py
[2025-09-15T08:13:41.515+0000] {processor.py:840} INFO - DAG(s) 'load_hour_to_snowflake' retrieved from /opt/airflow/dags/load_hour_to_snowflake.py
[2025-09-15T08:13:41.542+0000] {logging_mixin.py:188} INFO - [2025-09-15T08:13:41.542+0000] {dag.py:3096} INFO - Sync 1 DAGs
[2025-09-15T08:13:41.554+0000] {logging_mixin.py:188} INFO - [2025-09-15T08:13:41.554+0000] {dag.py:3954} INFO - Setting next_dagrun for load_hour_to_snowflake to None, run_after=None
[2025-09-15T08:13:41.578+0000] {processor.py:183} INFO - Processing /opt/airflow/dags/load_hour_to_snowflake.py took 0.087 seconds
[2025-09-15T08:14:11.941+0000] {processor.py:161} INFO - Started process (PID=6565) to work on /opt/airflow/dags/load_hour_to_snowflake.py
[2025-09-15T08:14:11.943+0000] {processor.py:830} INFO - Processing file /opt/airflow/dags/load_hour_to_snowflake.py for tasks to queue
[2025-09-15T08:14:11.947+0000] {logging_mixin.py:188} INFO - [2025-09-15T08:14:11.945+0000] {dagbag.py:540} INFO - Filling up the DagBag from /opt/airflow/dags/load_hour_to_snowflake.py
[2025-09-15T08:14:12.094+0000] {processor.py:840} INFO - DAG(s) 'load_hour_to_snowflake' retrieved from /opt/airflow/dags/load_hour_to_snowflake.py
[2025-09-15T08:14:12.267+0000] {logging_mixin.py:188} INFO - [2025-09-15T08:14:12.266+0000] {dag.py:3096} INFO - Sync 1 DAGs
[2025-09-15T08:14:12.386+0000] {logging_mixin.py:188} INFO - [2025-09-15T08:14:12.385+0000] {dag.py:3954} INFO - Setting next_dagrun for load_hour_to_snowflake to None, run_after=None
[2025-09-15T08:14:12.420+0000] {processor.py:183} INFO - Processing /opt/airflow/dags/load_hour_to_snowflake.py took 0.499 seconds
[2025-09-15T08:14:43.166+0000] {processor.py:161} INFO - Started process (PID=6630) to work on /opt/airflow/dags/load_hour_to_snowflake.py
[2025-09-15T08:14:43.168+0000] {processor.py:830} INFO - Processing file /opt/airflow/dags/load_hour_to_snowflake.py for tasks to queue
[2025-09-15T08:14:43.170+0000] {logging_mixin.py:188} INFO - [2025-09-15T08:14:43.169+0000] {dagbag.py:540} INFO - Filling up the DagBag from /opt/airflow/dags/load_hour_to_snowflake.py
[2025-09-15T08:14:43.195+0000] {processor.py:840} INFO - DAG(s) 'load_hour_to_snowflake' retrieved from /opt/airflow/dags/load_hour_to_snowflake.py
[2025-09-15T08:14:43.232+0000] {logging_mixin.py:188} INFO - [2025-09-15T08:14:43.232+0000] {dag.py:3096} INFO - Sync 1 DAGs
[2025-09-15T08:14:43.249+0000] {logging_mixin.py:188} INFO - [2025-09-15T08:14:43.249+0000] {dag.py:3954} INFO - Setting next_dagrun for load_hour_to_snowflake to None, run_after=None
[2025-09-15T08:14:43.275+0000] {processor.py:183} INFO - Processing /opt/airflow/dags/load_hour_to_snowflake.py took 0.117 seconds
[2025-09-15T08:15:13.965+0000] {processor.py:161} INFO - Started process (PID=6665) to work on /opt/airflow/dags/load_hour_to_snowflake.py
[2025-09-15T08:15:13.966+0000] {processor.py:830} INFO - Processing file /opt/airflow/dags/load_hour_to_snowflake.py for tasks to queue
[2025-09-15T08:15:13.967+0000] {logging_mixin.py:188} INFO - [2025-09-15T08:15:13.967+0000] {dagbag.py:540} INFO - Filling up the DagBag from /opt/airflow/dags/load_hour_to_snowflake.py
[2025-09-15T08:15:13.984+0000] {processor.py:840} INFO - DAG(s) 'load_hour_to_snowflake' retrieved from /opt/airflow/dags/load_hour_to_snowflake.py
[2025-09-15T08:15:14.013+0000] {logging_mixin.py:188} INFO - [2025-09-15T08:15:14.013+0000] {dag.py:3096} INFO - Sync 1 DAGs
[2025-09-15T08:15:14.026+0000] {logging_mixin.py:188} INFO - [2025-09-15T08:15:14.026+0000] {dag.py:3954} INFO - Setting next_dagrun for load_hour_to_snowflake to None, run_after=None
[2025-09-15T08:15:14.048+0000] {processor.py:183} INFO - Processing /opt/airflow/dags/load_hour_to_snowflake.py took 0.089 seconds
[2025-09-15T08:15:44.677+0000] {processor.py:161} INFO - Started process (PID=6700) to work on /opt/airflow/dags/load_hour_to_snowflake.py
[2025-09-15T08:15:44.678+0000] {processor.py:830} INFO - Processing file /opt/airflow/dags/load_hour_to_snowflake.py for tasks to queue
[2025-09-15T08:15:44.679+0000] {logging_mixin.py:188} INFO - [2025-09-15T08:15:44.678+0000] {dagbag.py:540} INFO - Filling up the DagBag from /opt/airflow/dags/load_hour_to_snowflake.py
[2025-09-15T08:15:44.708+0000] {processor.py:840} INFO - DAG(s) 'load_hour_to_snowflake' retrieved from /opt/airflow/dags/load_hour_to_snowflake.py
[2025-09-15T08:15:44.735+0000] {logging_mixin.py:188} INFO - [2025-09-15T08:15:44.735+0000] {dag.py:3096} INFO - Sync 1 DAGs
[2025-09-15T08:15:44.749+0000] {logging_mixin.py:188} INFO - [2025-09-15T08:15:44.749+0000] {dag.py:3954} INFO - Setting next_dagrun for load_hour_to_snowflake to None, run_after=None
[2025-09-15T08:15:44.770+0000] {processor.py:183} INFO - Processing /opt/airflow/dags/load_hour_to_snowflake.py took 0.100 seconds
[2025-09-15T08:16:15.456+0000] {processor.py:161} INFO - Started process (PID=6735) to work on /opt/airflow/dags/load_hour_to_snowflake.py
[2025-09-15T08:16:15.457+0000] {processor.py:830} INFO - Processing file /opt/airflow/dags/load_hour_to_snowflake.py for tasks to queue
[2025-09-15T08:16:15.459+0000] {logging_mixin.py:188} INFO - [2025-09-15T08:16:15.458+0000] {dagbag.py:540} INFO - Filling up the DagBag from /opt/airflow/dags/load_hour_to_snowflake.py
[2025-09-15T08:16:15.479+0000] {processor.py:840} INFO - DAG(s) 'load_hour_to_snowflake' retrieved from /opt/airflow/dags/load_hour_to_snowflake.py
[2025-09-15T08:16:15.516+0000] {logging_mixin.py:188} INFO - [2025-09-15T08:16:15.516+0000] {dag.py:3096} INFO - Sync 1 DAGs
[2025-09-15T08:16:15.535+0000] {logging_mixin.py:188} INFO - [2025-09-15T08:16:15.535+0000] {dag.py:3954} INFO - Setting next_dagrun for load_hour_to_snowflake to None, run_after=None
[2025-09-15T08:16:15.558+0000] {processor.py:183} INFO - Processing /opt/airflow/dags/load_hour_to_snowflake.py took 0.110 seconds
[2025-09-15T08:16:46.090+0000] {processor.py:161} INFO - Started process (PID=6770) to work on /opt/airflow/dags/load_hour_to_snowflake.py
[2025-09-15T08:16:46.091+0000] {processor.py:830} INFO - Processing file /opt/airflow/dags/load_hour_to_snowflake.py for tasks to queue
[2025-09-15T08:16:46.092+0000] {logging_mixin.py:188} INFO - [2025-09-15T08:16:46.092+0000] {dagbag.py:540} INFO - Filling up the DagBag from /opt/airflow/dags/load_hour_to_snowflake.py
[2025-09-15T08:16:46.113+0000] {processor.py:840} INFO - DAG(s) 'load_hour_to_snowflake' retrieved from /opt/airflow/dags/load_hour_to_snowflake.py
[2025-09-15T08:16:46.148+0000] {logging_mixin.py:188} INFO - [2025-09-15T08:16:46.148+0000] {dag.py:3096} INFO - Sync 1 DAGs
[2025-09-15T08:16:46.163+0000] {logging_mixin.py:188} INFO - [2025-09-15T08:16:46.163+0000] {dag.py:3954} INFO - Setting next_dagrun for load_hour_to_snowflake to None, run_after=None
[2025-09-15T08:16:46.190+0000] {processor.py:183} INFO - Processing /opt/airflow/dags/load_hour_to_snowflake.py took 0.106 seconds
[2025-09-15T08:17:16.836+0000] {processor.py:161} INFO - Started process (PID=6805) to work on /opt/airflow/dags/load_hour_to_snowflake.py
[2025-09-15T08:17:16.838+0000] {processor.py:830} INFO - Processing file /opt/airflow/dags/load_hour_to_snowflake.py for tasks to queue
[2025-09-15T08:17:16.840+0000] {logging_mixin.py:188} INFO - [2025-09-15T08:17:16.839+0000] {dagbag.py:540} INFO - Filling up the DagBag from /opt/airflow/dags/load_hour_to_snowflake.py
[2025-09-15T08:17:16.864+0000] {processor.py:840} INFO - DAG(s) 'load_hour_to_snowflake' retrieved from /opt/airflow/dags/load_hour_to_snowflake.py
[2025-09-15T08:17:16.902+0000] {logging_mixin.py:188} INFO - [2025-09-15T08:17:16.902+0000] {dag.py:3096} INFO - Sync 1 DAGs
[2025-09-15T08:17:16.919+0000] {logging_mixin.py:188} INFO - [2025-09-15T08:17:16.918+0000] {dag.py:3954} INFO - Setting next_dagrun for load_hour_to_snowflake to None, run_after=None
[2025-09-15T08:17:16.947+0000] {processor.py:183} INFO - Processing /opt/airflow/dags/load_hour_to_snowflake.py took 0.119 seconds
[2025-09-15T08:17:47.471+0000] {processor.py:161} INFO - Started process (PID=6840) to work on /opt/airflow/dags/load_hour_to_snowflake.py
[2025-09-15T08:17:47.472+0000] {processor.py:830} INFO - Processing file /opt/airflow/dags/load_hour_to_snowflake.py for tasks to queue
[2025-09-15T08:17:47.473+0000] {logging_mixin.py:188} INFO - [2025-09-15T08:17:47.473+0000] {dagbag.py:540} INFO - Filling up the DagBag from /opt/airflow/dags/load_hour_to_snowflake.py
[2025-09-15T08:17:47.491+0000] {processor.py:840} INFO - DAG(s) 'load_hour_to_snowflake' retrieved from /opt/airflow/dags/load_hour_to_snowflake.py
[2025-09-15T08:17:47.529+0000] {logging_mixin.py:188} INFO - [2025-09-15T08:17:47.529+0000] {dag.py:3096} INFO - Sync 1 DAGs
[2025-09-15T08:17:47.545+0000] {logging_mixin.py:188} INFO - [2025-09-15T08:17:47.544+0000] {dag.py:3954} INFO - Setting next_dagrun for load_hour_to_snowflake to None, run_after=None
[2025-09-15T08:17:47.570+0000] {processor.py:183} INFO - Processing /opt/airflow/dags/load_hour_to_snowflake.py took 0.106 seconds
[2025-09-15T08:18:18.349+0000] {processor.py:161} INFO - Started process (PID=6875) to work on /opt/airflow/dags/load_hour_to_snowflake.py
[2025-09-15T08:18:18.354+0000] {processor.py:830} INFO - Processing file /opt/airflow/dags/load_hour_to_snowflake.py for tasks to queue
[2025-09-15T08:18:18.355+0000] {logging_mixin.py:188} INFO - [2025-09-15T08:18:18.354+0000] {dagbag.py:540} INFO - Filling up the DagBag from /opt/airflow/dags/load_hour_to_snowflake.py
[2025-09-15T08:18:18.407+0000] {processor.py:840} INFO - DAG(s) 'load_hour_to_snowflake' retrieved from /opt/airflow/dags/load_hour_to_snowflake.py
[2025-09-15T08:18:18.454+0000] {logging_mixin.py:188} INFO - [2025-09-15T08:18:18.453+0000] {dag.py:3096} INFO - Sync 1 DAGs
[2025-09-15T08:18:18.475+0000] {logging_mixin.py:188} INFO - [2025-09-15T08:18:18.475+0000] {dag.py:3954} INFO - Setting next_dagrun for load_hour_to_snowflake to None, run_after=None
[2025-09-15T08:18:18.507+0000] {processor.py:183} INFO - Processing /opt/airflow/dags/load_hour_to_snowflake.py took 0.164 seconds
[2025-09-15T08:18:49.425+0000] {processor.py:161} INFO - Started process (PID=6910) to work on /opt/airflow/dags/load_hour_to_snowflake.py
[2025-09-15T08:18:49.427+0000] {processor.py:830} INFO - Processing file /opt/airflow/dags/load_hour_to_snowflake.py for tasks to queue
[2025-09-15T08:18:49.429+0000] {logging_mixin.py:188} INFO - [2025-09-15T08:18:49.428+0000] {dagbag.py:540} INFO - Filling up the DagBag from /opt/airflow/dags/load_hour_to_snowflake.py
[2025-09-15T08:18:49.469+0000] {processor.py:840} INFO - DAG(s) 'load_hour_to_snowflake' retrieved from /opt/airflow/dags/load_hour_to_snowflake.py
[2025-09-15T08:18:49.529+0000] {logging_mixin.py:188} INFO - [2025-09-15T08:18:49.528+0000] {dag.py:3096} INFO - Sync 1 DAGs
[2025-09-15T08:18:49.561+0000] {logging_mixin.py:188} INFO - [2025-09-15T08:18:49.561+0000] {dag.py:3954} INFO - Setting next_dagrun for load_hour_to_snowflake to None, run_after=None
[2025-09-15T08:18:49.598+0000] {processor.py:183} INFO - Processing /opt/airflow/dags/load_hour_to_snowflake.py took 0.180 seconds
[2025-09-15T08:19:20.375+0000] {processor.py:161} INFO - Started process (PID=6945) to work on /opt/airflow/dags/load_hour_to_snowflake.py
[2025-09-15T08:19:20.376+0000] {processor.py:830} INFO - Processing file /opt/airflow/dags/load_hour_to_snowflake.py for tasks to queue
[2025-09-15T08:19:20.377+0000] {logging_mixin.py:188} INFO - [2025-09-15T08:19:20.377+0000] {dagbag.py:540} INFO - Filling up the DagBag from /opt/airflow/dags/load_hour_to_snowflake.py
[2025-09-15T08:19:20.395+0000] {processor.py:840} INFO - DAG(s) 'load_hour_to_snowflake' retrieved from /opt/airflow/dags/load_hour_to_snowflake.py
[2025-09-15T08:19:20.423+0000] {logging_mixin.py:188} INFO - [2025-09-15T08:19:20.423+0000] {dag.py:3096} INFO - Sync 1 DAGs
[2025-09-15T08:19:20.436+0000] {logging_mixin.py:188} INFO - [2025-09-15T08:19:20.436+0000] {dag.py:3954} INFO - Setting next_dagrun for load_hour_to_snowflake to None, run_after=None
[2025-09-15T08:19:20.461+0000] {processor.py:183} INFO - Processing /opt/airflow/dags/load_hour_to_snowflake.py took 0.091 seconds
[2025-09-15T08:19:51.066+0000] {processor.py:161} INFO - Started process (PID=6981) to work on /opt/airflow/dags/load_hour_to_snowflake.py
[2025-09-15T08:19:51.070+0000] {processor.py:830} INFO - Processing file /opt/airflow/dags/load_hour_to_snowflake.py for tasks to queue
[2025-09-15T08:19:51.073+0000] {logging_mixin.py:188} INFO - [2025-09-15T08:19:51.072+0000] {dagbag.py:540} INFO - Filling up the DagBag from /opt/airflow/dags/load_hour_to_snowflake.py
[2025-09-15T08:19:51.138+0000] {processor.py:840} INFO - DAG(s) 'load_hour_to_snowflake' retrieved from /opt/airflow/dags/load_hour_to_snowflake.py
[2025-09-15T08:19:51.179+0000] {logging_mixin.py:188} INFO - [2025-09-15T08:19:51.179+0000] {dag.py:3096} INFO - Sync 1 DAGs
[2025-09-15T08:19:51.195+0000] {logging_mixin.py:188} INFO - [2025-09-15T08:19:51.194+0000] {dag.py:3954} INFO - Setting next_dagrun for load_hour_to_snowflake to None, run_after=None
[2025-09-15T08:19:51.224+0000] {processor.py:183} INFO - Processing /opt/airflow/dags/load_hour_to_snowflake.py took 0.174 seconds
[2025-09-15T08:20:21.811+0000] {processor.py:161} INFO - Started process (PID=7030) to work on /opt/airflow/dags/load_hour_to_snowflake.py
[2025-09-15T08:20:21.812+0000] {processor.py:830} INFO - Processing file /opt/airflow/dags/load_hour_to_snowflake.py for tasks to queue
[2025-09-15T08:20:21.813+0000] {logging_mixin.py:188} INFO - [2025-09-15T08:20:21.813+0000] {dagbag.py:540} INFO - Filling up the DagBag from /opt/airflow/dags/load_hour_to_snowflake.py
[2025-09-15T08:20:21.835+0000] {processor.py:840} INFO - DAG(s) 'load_hour_to_snowflake' retrieved from /opt/airflow/dags/load_hour_to_snowflake.py
[2025-09-15T08:20:21.866+0000] {logging_mixin.py:188} INFO - [2025-09-15T08:20:21.866+0000] {dag.py:3096} INFO - Sync 1 DAGs
[2025-09-15T08:20:21.884+0000] {logging_mixin.py:188} INFO - [2025-09-15T08:20:21.884+0000] {dag.py:3954} INFO - Setting next_dagrun for load_hour_to_snowflake to None, run_after=None
[2025-09-15T08:20:21.907+0000] {processor.py:183} INFO - Processing /opt/airflow/dags/load_hour_to_snowflake.py took 0.105 seconds
[2025-09-15T08:20:52.310+0000] {processor.py:161} INFO - Started process (PID=7065) to work on /opt/airflow/dags/load_hour_to_snowflake.py
[2025-09-15T08:20:52.312+0000] {processor.py:830} INFO - Processing file /opt/airflow/dags/load_hour_to_snowflake.py for tasks to queue
[2025-09-15T08:20:52.313+0000] {logging_mixin.py:188} INFO - [2025-09-15T08:20:52.313+0000] {dagbag.py:540} INFO - Filling up the DagBag from /opt/airflow/dags/load_hour_to_snowflake.py
[2025-09-15T08:20:52.342+0000] {processor.py:840} INFO - DAG(s) 'load_hour_to_snowflake' retrieved from /opt/airflow/dags/load_hour_to_snowflake.py
[2025-09-15T08:20:52.377+0000] {logging_mixin.py:188} INFO - [2025-09-15T08:20:52.376+0000] {dag.py:3096} INFO - Sync 1 DAGs
[2025-09-15T08:20:52.395+0000] {logging_mixin.py:188} INFO - [2025-09-15T08:20:52.395+0000] {dag.py:3954} INFO - Setting next_dagrun for load_hour_to_snowflake to None, run_after=None
[2025-09-15T08:20:52.430+0000] {processor.py:183} INFO - Processing /opt/airflow/dags/load_hour_to_snowflake.py took 0.128 seconds
[2025-09-15T08:21:21.976+0000] {processor.py:161} INFO - Started process (PID=7100) to work on /opt/airflow/dags/load_hour_to_snowflake.py
[2025-09-15T08:21:21.977+0000] {processor.py:830} INFO - Processing file /opt/airflow/dags/load_hour_to_snowflake.py for tasks to queue
[2025-09-15T08:21:21.978+0000] {logging_mixin.py:188} INFO - [2025-09-15T08:21:21.978+0000] {dagbag.py:540} INFO - Filling up the DagBag from /opt/airflow/dags/load_hour_to_snowflake.py
[2025-09-15T08:21:22.002+0000] {processor.py:840} INFO - DAG(s) 'load_hour_to_snowflake' retrieved from /opt/airflow/dags/load_hour_to_snowflake.py
[2025-09-15T08:21:22.047+0000] {logging_mixin.py:188} INFO - [2025-09-15T08:21:22.046+0000] {dag.py:3096} INFO - Sync 1 DAGs
[2025-09-15T08:21:22.069+0000] {logging_mixin.py:188} INFO - [2025-09-15T08:21:22.069+0000] {dag.py:3954} INFO - Setting next_dagrun for load_hour_to_snowflake to None, run_after=None
[2025-09-15T08:21:22.097+0000] {processor.py:183} INFO - Processing /opt/airflow/dags/load_hour_to_snowflake.py took 0.128 seconds
[2025-09-15T08:21:52.443+0000] {processor.py:161} INFO - Started process (PID=7135) to work on /opt/airflow/dags/load_hour_to_snowflake.py
[2025-09-15T08:21:52.444+0000] {processor.py:830} INFO - Processing file /opt/airflow/dags/load_hour_to_snowflake.py for tasks to queue
[2025-09-15T08:21:52.445+0000] {logging_mixin.py:188} INFO - [2025-09-15T08:21:52.445+0000] {dagbag.py:540} INFO - Filling up the DagBag from /opt/airflow/dags/load_hour_to_snowflake.py
[2025-09-15T08:21:52.466+0000] {processor.py:840} INFO - DAG(s) 'load_hour_to_snowflake' retrieved from /opt/airflow/dags/load_hour_to_snowflake.py
[2025-09-15T08:21:52.501+0000] {logging_mixin.py:188} INFO - [2025-09-15T08:21:52.501+0000] {dag.py:3096} INFO - Sync 1 DAGs
[2025-09-15T08:21:52.515+0000] {logging_mixin.py:188} INFO - [2025-09-15T08:21:52.515+0000] {dag.py:3954} INFO - Setting next_dagrun for load_hour_to_snowflake to None, run_after=None
[2025-09-15T08:21:52.537+0000] {processor.py:183} INFO - Processing /opt/airflow/dags/load_hour_to_snowflake.py took 0.101 seconds
[2025-09-15T08:22:23.040+0000] {processor.py:161} INFO - Started process (PID=7170) to work on /opt/airflow/dags/load_hour_to_snowflake.py
[2025-09-15T08:22:23.043+0000] {processor.py:830} INFO - Processing file /opt/airflow/dags/load_hour_to_snowflake.py for tasks to queue
[2025-09-15T08:22:23.046+0000] {logging_mixin.py:188} INFO - [2025-09-15T08:22:23.046+0000] {dagbag.py:540} INFO - Filling up the DagBag from /opt/airflow/dags/load_hour_to_snowflake.py
[2025-09-15T08:22:23.080+0000] {processor.py:840} INFO - DAG(s) 'load_hour_to_snowflake' retrieved from /opt/airflow/dags/load_hour_to_snowflake.py
[2025-09-15T08:22:23.132+0000] {logging_mixin.py:188} INFO - [2025-09-15T08:22:23.132+0000] {dag.py:3096} INFO - Sync 1 DAGs
[2025-09-15T08:22:23.145+0000] {logging_mixin.py:188} INFO - [2025-09-15T08:22:23.145+0000] {dag.py:3954} INFO - Setting next_dagrun for load_hour_to_snowflake to None, run_after=None
[2025-09-15T08:22:23.165+0000] {processor.py:183} INFO - Processing /opt/airflow/dags/load_hour_to_snowflake.py took 0.138 seconds
[2025-09-15T08:22:53.779+0000] {processor.py:161} INFO - Started process (PID=7205) to work on /opt/airflow/dags/load_hour_to_snowflake.py
[2025-09-15T08:22:53.782+0000] {processor.py:830} INFO - Processing file /opt/airflow/dags/load_hour_to_snowflake.py for tasks to queue
[2025-09-15T08:22:53.784+0000] {logging_mixin.py:188} INFO - [2025-09-15T08:22:53.783+0000] {dagbag.py:540} INFO - Filling up the DagBag from /opt/airflow/dags/load_hour_to_snowflake.py
[2025-09-15T08:22:53.814+0000] {processor.py:840} INFO - DAG(s) 'load_hour_to_snowflake' retrieved from /opt/airflow/dags/load_hour_to_snowflake.py
[2025-09-15T08:22:53.867+0000] {logging_mixin.py:188} INFO - [2025-09-15T08:22:53.866+0000] {dag.py:3096} INFO - Sync 1 DAGs
[2025-09-15T08:22:53.900+0000] {logging_mixin.py:188} INFO - [2025-09-15T08:22:53.900+0000] {dag.py:3954} INFO - Setting next_dagrun for load_hour_to_snowflake to None, run_after=None
[2025-09-15T08:22:53.929+0000] {processor.py:183} INFO - Processing /opt/airflow/dags/load_hour_to_snowflake.py took 0.169 seconds
[2025-09-15T08:23:24.469+0000] {processor.py:161} INFO - Started process (PID=7240) to work on /opt/airflow/dags/load_hour_to_snowflake.py
[2025-09-15T08:23:24.470+0000] {processor.py:830} INFO - Processing file /opt/airflow/dags/load_hour_to_snowflake.py for tasks to queue
[2025-09-15T08:23:24.471+0000] {logging_mixin.py:188} INFO - [2025-09-15T08:23:24.470+0000] {dagbag.py:540} INFO - Filling up the DagBag from /opt/airflow/dags/load_hour_to_snowflake.py
[2025-09-15T08:23:24.487+0000] {processor.py:840} INFO - DAG(s) 'load_hour_to_snowflake' retrieved from /opt/airflow/dags/load_hour_to_snowflake.py
[2025-09-15T08:23:24.516+0000] {logging_mixin.py:188} INFO - [2025-09-15T08:23:24.516+0000] {dag.py:3096} INFO - Sync 1 DAGs
[2025-09-15T08:23:24.529+0000] {logging_mixin.py:188} INFO - [2025-09-15T08:23:24.529+0000] {dag.py:3954} INFO - Setting next_dagrun for load_hour_to_snowflake to None, run_after=None
[2025-09-15T08:23:24.552+0000] {processor.py:183} INFO - Processing /opt/airflow/dags/load_hour_to_snowflake.py took 0.092 seconds
[2025-09-15T08:23:55.139+0000] {processor.py:161} INFO - Started process (PID=7275) to work on /opt/airflow/dags/load_hour_to_snowflake.py
[2025-09-15T08:23:55.140+0000] {processor.py:830} INFO - Processing file /opt/airflow/dags/load_hour_to_snowflake.py for tasks to queue
[2025-09-15T08:23:55.141+0000] {logging_mixin.py:188} INFO - [2025-09-15T08:23:55.141+0000] {dagbag.py:540} INFO - Filling up the DagBag from /opt/airflow/dags/load_hour_to_snowflake.py
[2025-09-15T08:23:55.160+0000] {processor.py:840} INFO - DAG(s) 'load_hour_to_snowflake' retrieved from /opt/airflow/dags/load_hour_to_snowflake.py
[2025-09-15T08:23:55.190+0000] {logging_mixin.py:188} INFO - [2025-09-15T08:23:55.190+0000] {dag.py:3096} INFO - Sync 1 DAGs
[2025-09-15T08:23:55.203+0000] {logging_mixin.py:188} INFO - [2025-09-15T08:23:55.203+0000] {dag.py:3954} INFO - Setting next_dagrun for load_hour_to_snowflake to None, run_after=None
[2025-09-15T08:23:55.223+0000] {processor.py:183} INFO - Processing /opt/airflow/dags/load_hour_to_snowflake.py took 0.091 seconds
[2025-09-15T08:24:25.756+0000] {processor.py:161} INFO - Started process (PID=7310) to work on /opt/airflow/dags/load_hour_to_snowflake.py
[2025-09-15T08:24:25.758+0000] {processor.py:830} INFO - Processing file /opt/airflow/dags/load_hour_to_snowflake.py for tasks to queue
[2025-09-15T08:24:25.759+0000] {logging_mixin.py:188} INFO - [2025-09-15T08:24:25.758+0000] {dagbag.py:540} INFO - Filling up the DagBag from /opt/airflow/dags/load_hour_to_snowflake.py
[2025-09-15T08:24:25.776+0000] {processor.py:840} INFO - DAG(s) 'load_hour_to_snowflake' retrieved from /opt/airflow/dags/load_hour_to_snowflake.py
[2025-09-15T08:24:25.803+0000] {logging_mixin.py:188} INFO - [2025-09-15T08:24:25.803+0000] {dag.py:3096} INFO - Sync 1 DAGs
[2025-09-15T08:24:25.815+0000] {logging_mixin.py:188} INFO - [2025-09-15T08:24:25.815+0000] {dag.py:3954} INFO - Setting next_dagrun for load_hour_to_snowflake to None, run_after=None
[2025-09-15T08:24:25.836+0000] {processor.py:183} INFO - Processing /opt/airflow/dags/load_hour_to_snowflake.py took 0.088 seconds
[2025-09-15T08:24:56.431+0000] {processor.py:161} INFO - Started process (PID=7345) to work on /opt/airflow/dags/load_hour_to_snowflake.py
[2025-09-15T08:24:56.432+0000] {processor.py:830} INFO - Processing file /opt/airflow/dags/load_hour_to_snowflake.py for tasks to queue
[2025-09-15T08:24:56.433+0000] {logging_mixin.py:188} INFO - [2025-09-15T08:24:56.433+0000] {dagbag.py:540} INFO - Filling up the DagBag from /opt/airflow/dags/load_hour_to_snowflake.py
[2025-09-15T08:24:56.455+0000] {processor.py:840} INFO - DAG(s) 'load_hour_to_snowflake' retrieved from /opt/airflow/dags/load_hour_to_snowflake.py
[2025-09-15T08:24:56.489+0000] {logging_mixin.py:188} INFO - [2025-09-15T08:24:56.489+0000] {dag.py:3096} INFO - Sync 1 DAGs
[2025-09-15T08:24:56.503+0000] {logging_mixin.py:188} INFO - [2025-09-15T08:24:56.503+0000] {dag.py:3954} INFO - Setting next_dagrun for load_hour_to_snowflake to None, run_after=None
[2025-09-15T08:24:56.523+0000] {processor.py:183} INFO - Processing /opt/airflow/dags/load_hour_to_snowflake.py took 0.104 seconds
[2025-09-15T08:25:27.010+0000] {processor.py:161} INFO - Started process (PID=7380) to work on /opt/airflow/dags/load_hour_to_snowflake.py
[2025-09-15T08:25:27.011+0000] {processor.py:830} INFO - Processing file /opt/airflow/dags/load_hour_to_snowflake.py for tasks to queue
[2025-09-15T08:25:27.012+0000] {logging_mixin.py:188} INFO - [2025-09-15T08:25:27.012+0000] {dagbag.py:540} INFO - Filling up the DagBag from /opt/airflow/dags/load_hour_to_snowflake.py
[2025-09-15T08:25:27.035+0000] {processor.py:840} INFO - DAG(s) 'load_hour_to_snowflake' retrieved from /opt/airflow/dags/load_hour_to_snowflake.py
[2025-09-15T08:25:27.074+0000] {logging_mixin.py:188} INFO - [2025-09-15T08:25:27.074+0000] {dag.py:3096} INFO - Sync 1 DAGs
[2025-09-15T08:25:27.095+0000] {logging_mixin.py:188} INFO - [2025-09-15T08:25:27.095+0000] {dag.py:3954} INFO - Setting next_dagrun for load_hour_to_snowflake to None, run_after=None
[2025-09-15T08:25:27.122+0000] {processor.py:183} INFO - Processing /opt/airflow/dags/load_hour_to_snowflake.py took 0.118 seconds
[2025-09-15T08:25:57.487+0000] {processor.py:161} INFO - Started process (PID=7415) to work on /opt/airflow/dags/load_hour_to_snowflake.py
[2025-09-15T08:25:57.488+0000] {processor.py:830} INFO - Processing file /opt/airflow/dags/load_hour_to_snowflake.py for tasks to queue
[2025-09-15T08:25:57.489+0000] {logging_mixin.py:188} INFO - [2025-09-15T08:25:57.489+0000] {dagbag.py:540} INFO - Filling up the DagBag from /opt/airflow/dags/load_hour_to_snowflake.py
[2025-09-15T08:25:57.506+0000] {processor.py:840} INFO - DAG(s) 'load_hour_to_snowflake' retrieved from /opt/airflow/dags/load_hour_to_snowflake.py
[2025-09-15T08:25:57.533+0000] {logging_mixin.py:188} INFO - [2025-09-15T08:25:57.533+0000] {dag.py:3096} INFO - Sync 1 DAGs
[2025-09-15T08:25:57.547+0000] {logging_mixin.py:188} INFO - [2025-09-15T08:25:57.546+0000] {dag.py:3954} INFO - Setting next_dagrun for load_hour_to_snowflake to None, run_after=None
[2025-09-15T08:25:57.567+0000] {processor.py:183} INFO - Processing /opt/airflow/dags/load_hour_to_snowflake.py took 0.094 seconds
[2025-09-15T08:26:28.254+0000] {processor.py:161} INFO - Started process (PID=7450) to work on /opt/airflow/dags/load_hour_to_snowflake.py
[2025-09-15T08:26:28.257+0000] {processor.py:830} INFO - Processing file /opt/airflow/dags/load_hour_to_snowflake.py for tasks to queue
[2025-09-15T08:26:28.258+0000] {logging_mixin.py:188} INFO - [2025-09-15T08:26:28.258+0000] {dagbag.py:540} INFO - Filling up the DagBag from /opt/airflow/dags/load_hour_to_snowflake.py
[2025-09-15T08:26:28.298+0000] {processor.py:840} INFO - DAG(s) 'load_hour_to_snowflake' retrieved from /opt/airflow/dags/load_hour_to_snowflake.py
[2025-09-15T08:26:28.365+0000] {logging_mixin.py:188} INFO - [2025-09-15T08:26:28.364+0000] {dag.py:3096} INFO - Sync 1 DAGs
[2025-09-15T08:26:28.398+0000] {logging_mixin.py:188} INFO - [2025-09-15T08:26:28.397+0000] {dag.py:3954} INFO - Setting next_dagrun for load_hour_to_snowflake to None, run_after=None
[2025-09-15T08:26:28.445+0000] {processor.py:183} INFO - Processing /opt/airflow/dags/load_hour_to_snowflake.py took 0.202 seconds
[2025-09-15T08:26:59.069+0000] {processor.py:161} INFO - Started process (PID=7485) to work on /opt/airflow/dags/load_hour_to_snowflake.py
[2025-09-15T08:26:59.070+0000] {processor.py:830} INFO - Processing file /opt/airflow/dags/load_hour_to_snowflake.py for tasks to queue
[2025-09-15T08:26:59.071+0000] {logging_mixin.py:188} INFO - [2025-09-15T08:26:59.070+0000] {dagbag.py:540} INFO - Filling up the DagBag from /opt/airflow/dags/load_hour_to_snowflake.py
[2025-09-15T08:26:59.088+0000] {processor.py:840} INFO - DAG(s) 'load_hour_to_snowflake' retrieved from /opt/airflow/dags/load_hour_to_snowflake.py
[2025-09-15T08:26:59.117+0000] {logging_mixin.py:188} INFO - [2025-09-15T08:26:59.117+0000] {dag.py:3096} INFO - Sync 1 DAGs
[2025-09-15T08:26:59.131+0000] {logging_mixin.py:188} INFO - [2025-09-15T08:26:59.130+0000] {dag.py:3954} INFO - Setting next_dagrun for load_hour_to_snowflake to None, run_after=None
[2025-09-15T08:26:59.152+0000] {processor.py:183} INFO - Processing /opt/airflow/dags/load_hour_to_snowflake.py took 0.089 seconds
[2025-09-15T08:27:29.897+0000] {processor.py:161} INFO - Started process (PID=7520) to work on /opt/airflow/dags/load_hour_to_snowflake.py
[2025-09-15T08:27:29.916+0000] {processor.py:830} INFO - Processing file /opt/airflow/dags/load_hour_to_snowflake.py for tasks to queue
[2025-09-15T08:27:29.927+0000] {logging_mixin.py:188} INFO - [2025-09-15T08:27:29.923+0000] {dagbag.py:540} INFO - Filling up the DagBag from /opt/airflow/dags/load_hour_to_snowflake.py
[2025-09-15T08:27:30.005+0000] {processor.py:840} INFO - DAG(s) 'load_hour_to_snowflake' retrieved from /opt/airflow/dags/load_hour_to_snowflake.py
[2025-09-15T08:27:30.084+0000] {logging_mixin.py:188} INFO - [2025-09-15T08:27:30.084+0000] {dag.py:3096} INFO - Sync 1 DAGs
[2025-09-15T08:27:30.114+0000] {logging_mixin.py:188} INFO - [2025-09-15T08:27:30.113+0000] {dag.py:3954} INFO - Setting next_dagrun for load_hour_to_snowflake to None, run_after=None
[2025-09-15T08:27:30.146+0000] {processor.py:183} INFO - Processing /opt/airflow/dags/load_hour_to_snowflake.py took 0.454 seconds
[2025-09-15T08:28:00.757+0000] {processor.py:161} INFO - Started process (PID=7555) to work on /opt/airflow/dags/load_hour_to_snowflake.py
[2025-09-15T08:28:00.759+0000] {processor.py:830} INFO - Processing file /opt/airflow/dags/load_hour_to_snowflake.py for tasks to queue
[2025-09-15T08:28:00.760+0000] {logging_mixin.py:188} INFO - [2025-09-15T08:28:00.759+0000] {dagbag.py:540} INFO - Filling up the DagBag from /opt/airflow/dags/load_hour_to_snowflake.py
[2025-09-15T08:28:00.783+0000] {processor.py:840} INFO - DAG(s) 'load_hour_to_snowflake' retrieved from /opt/airflow/dags/load_hour_to_snowflake.py
[2025-09-15T08:28:00.818+0000] {logging_mixin.py:188} INFO - [2025-09-15T08:28:00.817+0000] {dag.py:3096} INFO - Sync 1 DAGs
[2025-09-15T08:28:00.832+0000] {logging_mixin.py:188} INFO - [2025-09-15T08:28:00.832+0000] {dag.py:3954} INFO - Setting next_dagrun for load_hour_to_snowflake to None, run_after=None
[2025-09-15T08:28:00.858+0000] {processor.py:183} INFO - Processing /opt/airflow/dags/load_hour_to_snowflake.py took 0.107 seconds
[2025-09-15T08:28:31.226+0000] {processor.py:161} INFO - Started process (PID=7590) to work on /opt/airflow/dags/load_hour_to_snowflake.py
[2025-09-15T08:28:31.236+0000] {processor.py:830} INFO - Processing file /opt/airflow/dags/load_hour_to_snowflake.py for tasks to queue
[2025-09-15T08:28:31.242+0000] {logging_mixin.py:188} INFO - [2025-09-15T08:28:31.241+0000] {dagbag.py:540} INFO - Filling up the DagBag from /opt/airflow/dags/load_hour_to_snowflake.py
[2025-09-15T08:28:31.291+0000] {processor.py:840} INFO - DAG(s) 'load_hour_to_snowflake' retrieved from /opt/airflow/dags/load_hour_to_snowflake.py
[2025-09-15T08:28:31.344+0000] {logging_mixin.py:188} INFO - [2025-09-15T08:28:31.344+0000] {dag.py:3096} INFO - Sync 1 DAGs
[2025-09-15T08:28:31.359+0000] {logging_mixin.py:188} INFO - [2025-09-15T08:28:31.359+0000] {dag.py:3954} INFO - Setting next_dagrun for load_hour_to_snowflake to None, run_after=None
[2025-09-15T08:28:31.381+0000] {processor.py:183} INFO - Processing /opt/airflow/dags/load_hour_to_snowflake.py took 0.185 seconds
[2025-09-15T08:29:02.230+0000] {processor.py:161} INFO - Started process (PID=7625) to work on /opt/airflow/dags/load_hour_to_snowflake.py
[2025-09-15T08:29:02.231+0000] {processor.py:830} INFO - Processing file /opt/airflow/dags/load_hour_to_snowflake.py for tasks to queue
[2025-09-15T08:29:02.232+0000] {logging_mixin.py:188} INFO - [2025-09-15T08:29:02.232+0000] {dagbag.py:540} INFO - Filling up the DagBag from /opt/airflow/dags/load_hour_to_snowflake.py
[2025-09-15T08:29:02.249+0000] {processor.py:840} INFO - DAG(s) 'load_hour_to_snowflake' retrieved from /opt/airflow/dags/load_hour_to_snowflake.py
[2025-09-15T08:29:02.279+0000] {logging_mixin.py:188} INFO - [2025-09-15T08:29:02.279+0000] {dag.py:3096} INFO - Sync 1 DAGs
[2025-09-15T08:29:02.293+0000] {logging_mixin.py:188} INFO - [2025-09-15T08:29:02.293+0000] {dag.py:3954} INFO - Setting next_dagrun for load_hour_to_snowflake to None, run_after=None
[2025-09-15T08:29:02.315+0000] {processor.py:183} INFO - Processing /opt/airflow/dags/load_hour_to_snowflake.py took 0.090 seconds
[2025-09-15T08:29:32.493+0000] {processor.py:161} INFO - Started process (PID=7660) to work on /opt/airflow/dags/load_hour_to_snowflake.py
[2025-09-15T08:29:32.495+0000] {processor.py:830} INFO - Processing file /opt/airflow/dags/load_hour_to_snowflake.py for tasks to queue
[2025-09-15T08:29:32.499+0000] {logging_mixin.py:188} INFO - [2025-09-15T08:29:32.498+0000] {dagbag.py:540} INFO - Filling up the DagBag from /opt/airflow/dags/load_hour_to_snowflake.py
[2025-09-15T08:29:32.528+0000] {processor.py:840} INFO - DAG(s) 'load_hour_to_snowflake' retrieved from /opt/airflow/dags/load_hour_to_snowflake.py
[2025-09-15T08:29:32.565+0000] {logging_mixin.py:188} INFO - [2025-09-15T08:29:32.565+0000] {dag.py:3096} INFO - Sync 1 DAGs
[2025-09-15T08:29:32.579+0000] {logging_mixin.py:188} INFO - [2025-09-15T08:29:32.579+0000] {dag.py:3954} INFO - Setting next_dagrun for load_hour_to_snowflake to None, run_after=None
[2025-09-15T08:29:32.602+0000] {processor.py:183} INFO - Processing /opt/airflow/dags/load_hour_to_snowflake.py took 0.121 seconds
[2025-09-15T08:30:02.978+0000] {processor.py:161} INFO - Started process (PID=7695) to work on /opt/airflow/dags/load_hour_to_snowflake.py
[2025-09-15T08:30:02.979+0000] {processor.py:830} INFO - Processing file /opt/airflow/dags/load_hour_to_snowflake.py for tasks to queue
[2025-09-15T08:30:02.980+0000] {logging_mixin.py:188} INFO - [2025-09-15T08:30:02.980+0000] {dagbag.py:540} INFO - Filling up the DagBag from /opt/airflow/dags/load_hour_to_snowflake.py
[2025-09-15T08:30:03.027+0000] {processor.py:840} INFO - DAG(s) 'load_hour_to_snowflake' retrieved from /opt/airflow/dags/load_hour_to_snowflake.py
[2025-09-15T08:30:03.146+0000] {logging_mixin.py:188} INFO - [2025-09-15T08:30:03.145+0000] {dag.py:3096} INFO - Sync 1 DAGs
[2025-09-15T08:30:03.179+0000] {logging_mixin.py:188} INFO - [2025-09-15T08:30:03.178+0000] {dag.py:3954} INFO - Setting next_dagrun for load_hour_to_snowflake to None, run_after=None
[2025-09-15T08:30:03.219+0000] {processor.py:183} INFO - Processing /opt/airflow/dags/load_hour_to_snowflake.py took 0.248 seconds
[2025-09-15T08:30:33.769+0000] {processor.py:161} INFO - Started process (PID=7730) to work on /opt/airflow/dags/load_hour_to_snowflake.py
[2025-09-15T08:30:33.770+0000] {processor.py:830} INFO - Processing file /opt/airflow/dags/load_hour_to_snowflake.py for tasks to queue
[2025-09-15T08:30:33.772+0000] {logging_mixin.py:188} INFO - [2025-09-15T08:30:33.771+0000] {dagbag.py:540} INFO - Filling up the DagBag from /opt/airflow/dags/load_hour_to_snowflake.py
[2025-09-15T08:30:33.794+0000] {processor.py:840} INFO - DAG(s) 'load_hour_to_snowflake' retrieved from /opt/airflow/dags/load_hour_to_snowflake.py
[2025-09-15T08:30:33.831+0000] {logging_mixin.py:188} INFO - [2025-09-15T08:30:33.830+0000] {dag.py:3096} INFO - Sync 1 DAGs
[2025-09-15T08:30:33.847+0000] {logging_mixin.py:188} INFO - [2025-09-15T08:30:33.847+0000] {dag.py:3954} INFO - Setting next_dagrun for load_hour_to_snowflake to None, run_after=None
[2025-09-15T08:30:33.873+0000] {processor.py:183} INFO - Processing /opt/airflow/dags/load_hour_to_snowflake.py took 0.112 seconds
[2025-09-15T08:31:04.413+0000] {processor.py:161} INFO - Started process (PID=7765) to work on /opt/airflow/dags/load_hour_to_snowflake.py
[2025-09-15T08:31:04.414+0000] {processor.py:830} INFO - Processing file /opt/airflow/dags/load_hour_to_snowflake.py for tasks to queue
[2025-09-15T08:31:04.416+0000] {logging_mixin.py:188} INFO - [2025-09-15T08:31:04.415+0000] {dagbag.py:540} INFO - Filling up the DagBag from /opt/airflow/dags/load_hour_to_snowflake.py
[2025-09-15T08:31:04.442+0000] {processor.py:840} INFO - DAG(s) 'load_hour_to_snowflake' retrieved from /opt/airflow/dags/load_hour_to_snowflake.py
[2025-09-15T08:31:04.503+0000] {logging_mixin.py:188} INFO - [2025-09-15T08:31:04.502+0000] {dag.py:3096} INFO - Sync 1 DAGs
[2025-09-15T08:31:04.524+0000] {logging_mixin.py:188} INFO - [2025-09-15T08:31:04.524+0000] {dag.py:3954} INFO - Setting next_dagrun for load_hour_to_snowflake to None, run_after=None
[2025-09-15T08:31:04.555+0000] {processor.py:183} INFO - Processing /opt/airflow/dags/load_hour_to_snowflake.py took 0.160 seconds
[2025-09-15T08:31:34.968+0000] {processor.py:161} INFO - Started process (PID=7800) to work on /opt/airflow/dags/load_hour_to_snowflake.py
[2025-09-15T08:31:34.970+0000] {processor.py:830} INFO - Processing file /opt/airflow/dags/load_hour_to_snowflake.py for tasks to queue
[2025-09-15T08:31:34.971+0000] {logging_mixin.py:188} INFO - [2025-09-15T08:31:34.970+0000] {dagbag.py:540} INFO - Filling up the DagBag from /opt/airflow/dags/load_hour_to_snowflake.py
[2025-09-15T08:31:34.991+0000] {processor.py:840} INFO - DAG(s) 'load_hour_to_snowflake' retrieved from /opt/airflow/dags/load_hour_to_snowflake.py
[2025-09-15T08:31:35.024+0000] {logging_mixin.py:188} INFO - [2025-09-15T08:31:35.024+0000] {dag.py:3096} INFO - Sync 1 DAGs
[2025-09-15T08:31:35.038+0000] {logging_mixin.py:188} INFO - [2025-09-15T08:31:35.038+0000] {dag.py:3954} INFO - Setting next_dagrun for load_hour_to_snowflake to None, run_after=None
[2025-09-15T08:31:35.060+0000] {processor.py:183} INFO - Processing /opt/airflow/dags/load_hour_to_snowflake.py took 0.099 seconds
[2025-09-15T08:32:05.389+0000] {processor.py:161} INFO - Started process (PID=7835) to work on /opt/airflow/dags/load_hour_to_snowflake.py
[2025-09-15T08:32:05.391+0000] {processor.py:830} INFO - Processing file /opt/airflow/dags/load_hour_to_snowflake.py for tasks to queue
[2025-09-15T08:32:05.392+0000] {logging_mixin.py:188} INFO - [2025-09-15T08:32:05.391+0000] {dagbag.py:540} INFO - Filling up the DagBag from /opt/airflow/dags/load_hour_to_snowflake.py
[2025-09-15T08:32:05.413+0000] {processor.py:840} INFO - DAG(s) 'load_hour_to_snowflake' retrieved from /opt/airflow/dags/load_hour_to_snowflake.py
[2025-09-15T08:32:05.441+0000] {logging_mixin.py:188} INFO - [2025-09-15T08:32:05.441+0000] {dag.py:3096} INFO - Sync 1 DAGs
[2025-09-15T08:32:05.454+0000] {logging_mixin.py:188} INFO - [2025-09-15T08:32:05.453+0000] {dag.py:3954} INFO - Setting next_dagrun for load_hour_to_snowflake to None, run_after=None
[2025-09-15T08:32:05.476+0000] {processor.py:183} INFO - Processing /opt/airflow/dags/load_hour_to_snowflake.py took 0.093 seconds
[2025-09-15T08:32:36.085+0000] {processor.py:161} INFO - Started process (PID=7870) to work on /opt/airflow/dags/load_hour_to_snowflake.py
[2025-09-15T08:32:36.087+0000] {processor.py:830} INFO - Processing file /opt/airflow/dags/load_hour_to_snowflake.py for tasks to queue
[2025-09-15T08:32:36.088+0000] {logging_mixin.py:188} INFO - [2025-09-15T08:32:36.087+0000] {dagbag.py:540} INFO - Filling up the DagBag from /opt/airflow/dags/load_hour_to_snowflake.py
[2025-09-15T08:32:36.109+0000] {processor.py:840} INFO - DAG(s) 'load_hour_to_snowflake' retrieved from /opt/airflow/dags/load_hour_to_snowflake.py
[2025-09-15T08:32:36.140+0000] {logging_mixin.py:188} INFO - [2025-09-15T08:32:36.140+0000] {dag.py:3096} INFO - Sync 1 DAGs
[2025-09-15T08:32:36.153+0000] {logging_mixin.py:188} INFO - [2025-09-15T08:32:36.153+0000] {dag.py:3954} INFO - Setting next_dagrun for load_hour_to_snowflake to None, run_after=None
[2025-09-15T08:32:36.176+0000] {processor.py:183} INFO - Processing /opt/airflow/dags/load_hour_to_snowflake.py took 0.099 seconds
[2025-09-15T08:33:06.680+0000] {processor.py:161} INFO - Started process (PID=7905) to work on /opt/airflow/dags/load_hour_to_snowflake.py
[2025-09-15T08:33:06.682+0000] {processor.py:830} INFO - Processing file /opt/airflow/dags/load_hour_to_snowflake.py for tasks to queue
[2025-09-15T08:33:06.683+0000] {logging_mixin.py:188} INFO - [2025-09-15T08:33:06.682+0000] {dagbag.py:540} INFO - Filling up the DagBag from /opt/airflow/dags/load_hour_to_snowflake.py
[2025-09-15T08:33:06.699+0000] {processor.py:840} INFO - DAG(s) 'load_hour_to_snowflake' retrieved from /opt/airflow/dags/load_hour_to_snowflake.py
[2025-09-15T08:33:06.725+0000] {logging_mixin.py:188} INFO - [2025-09-15T08:33:06.724+0000] {dag.py:3096} INFO - Sync 1 DAGs
[2025-09-15T08:33:06.737+0000] {logging_mixin.py:188} INFO - [2025-09-15T08:33:06.737+0000] {dag.py:3954} INFO - Setting next_dagrun for load_hour_to_snowflake to None, run_after=None
[2025-09-15T08:33:06.757+0000] {processor.py:183} INFO - Processing /opt/airflow/dags/load_hour_to_snowflake.py took 0.084 seconds
[2025-09-15T08:33:37.350+0000] {processor.py:161} INFO - Started process (PID=7940) to work on /opt/airflow/dags/load_hour_to_snowflake.py
[2025-09-15T08:33:37.355+0000] {processor.py:830} INFO - Processing file /opt/airflow/dags/load_hour_to_snowflake.py for tasks to queue
[2025-09-15T08:33:37.358+0000] {logging_mixin.py:188} INFO - [2025-09-15T08:33:37.357+0000] {dagbag.py:540} INFO - Filling up the DagBag from /opt/airflow/dags/load_hour_to_snowflake.py
[2025-09-15T08:33:37.406+0000] {processor.py:840} INFO - DAG(s) 'load_hour_to_snowflake' retrieved from /opt/airflow/dags/load_hour_to_snowflake.py
[2025-09-15T08:33:37.499+0000] {logging_mixin.py:188} INFO - [2025-09-15T08:33:37.497+0000] {dag.py:3096} INFO - Sync 1 DAGs
[2025-09-15T08:33:37.554+0000] {logging_mixin.py:188} INFO - [2025-09-15T08:33:37.554+0000] {dag.py:3954} INFO - Setting next_dagrun for load_hour_to_snowflake to None, run_after=None
[2025-09-15T08:33:37.653+0000] {processor.py:183} INFO - Processing /opt/airflow/dags/load_hour_to_snowflake.py took 0.329 seconds
[2025-09-15T08:34:07.746+0000] {processor.py:161} INFO - Started process (PID=7975) to work on /opt/airflow/dags/load_hour_to_snowflake.py
[2025-09-15T08:34:07.747+0000] {processor.py:830} INFO - Processing file /opt/airflow/dags/load_hour_to_snowflake.py for tasks to queue
[2025-09-15T08:34:07.748+0000] {logging_mixin.py:188} INFO - [2025-09-15T08:34:07.748+0000] {dagbag.py:540} INFO - Filling up the DagBag from /opt/airflow/dags/load_hour_to_snowflake.py
[2025-09-15T08:34:07.766+0000] {processor.py:840} INFO - DAG(s) 'load_hour_to_snowflake' retrieved from /opt/airflow/dags/load_hour_to_snowflake.py
[2025-09-15T08:34:07.791+0000] {logging_mixin.py:188} INFO - [2025-09-15T08:34:07.791+0000] {dag.py:3096} INFO - Sync 1 DAGs
[2025-09-15T08:34:07.803+0000] {logging_mixin.py:188} INFO - [2025-09-15T08:34:07.803+0000] {dag.py:3954} INFO - Setting next_dagrun for load_hour_to_snowflake to None, run_after=None
[2025-09-15T08:34:07.827+0000] {processor.py:183} INFO - Processing /opt/airflow/dags/load_hour_to_snowflake.py took 0.086 seconds
[2025-09-15T08:34:38.275+0000] {processor.py:161} INFO - Started process (PID=8010) to work on /opt/airflow/dags/load_hour_to_snowflake.py
[2025-09-15T08:34:38.278+0000] {processor.py:830} INFO - Processing file /opt/airflow/dags/load_hour_to_snowflake.py for tasks to queue
[2025-09-15T08:34:38.281+0000] {logging_mixin.py:188} INFO - [2025-09-15T08:34:38.280+0000] {dagbag.py:540} INFO - Filling up the DagBag from /opt/airflow/dags/load_hour_to_snowflake.py
[2025-09-15T08:34:38.344+0000] {processor.py:840} INFO - DAG(s) 'load_hour_to_snowflake' retrieved from /opt/airflow/dags/load_hour_to_snowflake.py
[2025-09-15T08:34:38.424+0000] {logging_mixin.py:188} INFO - [2025-09-15T08:34:38.423+0000] {dag.py:3096} INFO - Sync 1 DAGs
[2025-09-15T08:34:38.451+0000] {logging_mixin.py:188} INFO - [2025-09-15T08:34:38.450+0000] {dag.py:3954} INFO - Setting next_dagrun for load_hour_to_snowflake to None, run_after=None
[2025-09-15T08:34:38.504+0000] {processor.py:183} INFO - Processing /opt/airflow/dags/load_hour_to_snowflake.py took 0.249 seconds
[2025-09-15T08:35:08.871+0000] {processor.py:161} INFO - Started process (PID=8045) to work on /opt/airflow/dags/load_hour_to_snowflake.py
[2025-09-15T08:35:08.876+0000] {processor.py:830} INFO - Processing file /opt/airflow/dags/load_hour_to_snowflake.py for tasks to queue
[2025-09-15T08:35:08.878+0000] {logging_mixin.py:188} INFO - [2025-09-15T08:35:08.877+0000] {dagbag.py:540} INFO - Filling up the DagBag from /opt/airflow/dags/load_hour_to_snowflake.py
[2025-09-15T08:35:08.899+0000] {processor.py:840} INFO - DAG(s) 'load_hour_to_snowflake' retrieved from /opt/airflow/dags/load_hour_to_snowflake.py
[2025-09-15T08:35:08.935+0000] {logging_mixin.py:188} INFO - [2025-09-15T08:35:08.935+0000] {dag.py:3096} INFO - Sync 1 DAGs
[2025-09-15T08:35:08.948+0000] {logging_mixin.py:188} INFO - [2025-09-15T08:35:08.947+0000] {dag.py:3954} INFO - Setting next_dagrun for load_hour_to_snowflake to None, run_after=None
[2025-09-15T08:35:08.967+0000] {processor.py:183} INFO - Processing /opt/airflow/dags/load_hour_to_snowflake.py took 0.103 seconds
[2025-09-15T08:35:39.544+0000] {processor.py:161} INFO - Started process (PID=8080) to work on /opt/airflow/dags/load_hour_to_snowflake.py
[2025-09-15T08:35:39.545+0000] {processor.py:830} INFO - Processing file /opt/airflow/dags/load_hour_to_snowflake.py for tasks to queue
[2025-09-15T08:35:39.546+0000] {logging_mixin.py:188} INFO - [2025-09-15T08:35:39.546+0000] {dagbag.py:540} INFO - Filling up the DagBag from /opt/airflow/dags/load_hour_to_snowflake.py
[2025-09-15T08:35:39.565+0000] {processor.py:840} INFO - DAG(s) 'load_hour_to_snowflake' retrieved from /opt/airflow/dags/load_hour_to_snowflake.py
[2025-09-15T08:35:39.590+0000] {logging_mixin.py:188} INFO - [2025-09-15T08:35:39.590+0000] {dag.py:3096} INFO - Sync 1 DAGs
[2025-09-15T08:35:39.603+0000] {logging_mixin.py:188} INFO - [2025-09-15T08:35:39.603+0000] {dag.py:3954} INFO - Setting next_dagrun for load_hour_to_snowflake to None, run_after=None
[2025-09-15T08:35:39.627+0000] {processor.py:183} INFO - Processing /opt/airflow/dags/load_hour_to_snowflake.py took 0.089 seconds
[2025-09-15T08:36:10.161+0000] {processor.py:161} INFO - Started process (PID=8115) to work on /opt/airflow/dags/load_hour_to_snowflake.py
[2025-09-15T08:36:10.162+0000] {processor.py:830} INFO - Processing file /opt/airflow/dags/load_hour_to_snowflake.py for tasks to queue
[2025-09-15T08:36:10.163+0000] {logging_mixin.py:188} INFO - [2025-09-15T08:36:10.162+0000] {dagbag.py:540} INFO - Filling up the DagBag from /opt/airflow/dags/load_hour_to_snowflake.py
[2025-09-15T08:36:10.181+0000] {processor.py:840} INFO - DAG(s) 'load_hour_to_snowflake' retrieved from /opt/airflow/dags/load_hour_to_snowflake.py
[2025-09-15T08:36:10.208+0000] {logging_mixin.py:188} INFO - [2025-09-15T08:36:10.208+0000] {dag.py:3096} INFO - Sync 1 DAGs
[2025-09-15T08:36:10.220+0000] {logging_mixin.py:188} INFO - [2025-09-15T08:36:10.220+0000] {dag.py:3954} INFO - Setting next_dagrun for load_hour_to_snowflake to None, run_after=None
[2025-09-15T08:36:10.241+0000] {processor.py:183} INFO - Processing /opt/airflow/dags/load_hour_to_snowflake.py took 0.086 seconds
[2025-09-15T08:36:40.723+0000] {processor.py:161} INFO - Started process (PID=8150) to work on /opt/airflow/dags/load_hour_to_snowflake.py
[2025-09-15T08:36:40.724+0000] {processor.py:830} INFO - Processing file /opt/airflow/dags/load_hour_to_snowflake.py for tasks to queue
[2025-09-15T08:36:40.725+0000] {logging_mixin.py:188} INFO - [2025-09-15T08:36:40.725+0000] {dagbag.py:540} INFO - Filling up the DagBag from /opt/airflow/dags/load_hour_to_snowflake.py
[2025-09-15T08:36:40.744+0000] {processor.py:840} INFO - DAG(s) 'load_hour_to_snowflake' retrieved from /opt/airflow/dags/load_hour_to_snowflake.py
[2025-09-15T08:36:40.769+0000] {logging_mixin.py:188} INFO - [2025-09-15T08:36:40.769+0000] {dag.py:3096} INFO - Sync 1 DAGs
[2025-09-15T08:36:40.779+0000] {logging_mixin.py:188} INFO - [2025-09-15T08:36:40.779+0000] {dag.py:3954} INFO - Setting next_dagrun for load_hour_to_snowflake to None, run_after=None
[2025-09-15T08:36:40.806+0000] {processor.py:183} INFO - Processing /opt/airflow/dags/load_hour_to_snowflake.py took 0.088 seconds
[2025-09-15T08:37:11.308+0000] {processor.py:161} INFO - Started process (PID=8185) to work on /opt/airflow/dags/load_hour_to_snowflake.py
[2025-09-15T08:37:11.309+0000] {processor.py:830} INFO - Processing file /opt/airflow/dags/load_hour_to_snowflake.py for tasks to queue
[2025-09-15T08:37:11.310+0000] {logging_mixin.py:188} INFO - [2025-09-15T08:37:11.310+0000] {dagbag.py:540} INFO - Filling up the DagBag from /opt/airflow/dags/load_hour_to_snowflake.py
[2025-09-15T08:37:11.331+0000] {processor.py:840} INFO - DAG(s) 'load_hour_to_snowflake' retrieved from /opt/airflow/dags/load_hour_to_snowflake.py
[2025-09-15T08:37:11.358+0000] {logging_mixin.py:188} INFO - [2025-09-15T08:37:11.357+0000] {dag.py:3096} INFO - Sync 1 DAGs
[2025-09-15T08:37:11.370+0000] {logging_mixin.py:188} INFO - [2025-09-15T08:37:11.369+0000] {dag.py:3954} INFO - Setting next_dagrun for load_hour_to_snowflake to None, run_after=None
[2025-09-15T08:37:11.389+0000] {processor.py:183} INFO - Processing /opt/airflow/dags/load_hour_to_snowflake.py took 0.087 seconds
[2025-09-15T08:37:41.607+0000] {processor.py:161} INFO - Started process (PID=8220) to work on /opt/airflow/dags/load_hour_to_snowflake.py
[2025-09-15T08:37:41.608+0000] {processor.py:830} INFO - Processing file /opt/airflow/dags/load_hour_to_snowflake.py for tasks to queue
[2025-09-15T08:37:41.609+0000] {logging_mixin.py:188} INFO - [2025-09-15T08:37:41.609+0000] {dagbag.py:540} INFO - Filling up the DagBag from /opt/airflow/dags/load_hour_to_snowflake.py
[2025-09-15T08:37:41.625+0000] {processor.py:840} INFO - DAG(s) 'load_hour_to_snowflake' retrieved from /opt/airflow/dags/load_hour_to_snowflake.py
[2025-09-15T08:37:41.652+0000] {logging_mixin.py:188} INFO - [2025-09-15T08:37:41.652+0000] {dag.py:3096} INFO - Sync 1 DAGs
[2025-09-15T08:37:41.665+0000] {logging_mixin.py:188} INFO - [2025-09-15T08:37:41.665+0000] {dag.py:3954} INFO - Setting next_dagrun for load_hour_to_snowflake to None, run_after=None
[2025-09-15T08:37:41.687+0000] {processor.py:183} INFO - Processing /opt/airflow/dags/load_hour_to_snowflake.py took 0.085 seconds
[2025-09-15T08:38:12.367+0000] {processor.py:161} INFO - Started process (PID=8255) to work on /opt/airflow/dags/load_hour_to_snowflake.py
[2025-09-15T08:38:12.368+0000] {processor.py:830} INFO - Processing file /opt/airflow/dags/load_hour_to_snowflake.py for tasks to queue
[2025-09-15T08:38:12.369+0000] {logging_mixin.py:188} INFO - [2025-09-15T08:38:12.368+0000] {dagbag.py:540} INFO - Filling up the DagBag from /opt/airflow/dags/load_hour_to_snowflake.py
[2025-09-15T08:38:12.386+0000] {processor.py:840} INFO - DAG(s) 'load_hour_to_snowflake' retrieved from /opt/airflow/dags/load_hour_to_snowflake.py
[2025-09-15T08:38:12.413+0000] {logging_mixin.py:188} INFO - [2025-09-15T08:38:12.413+0000] {dag.py:3096} INFO - Sync 1 DAGs
[2025-09-15T08:38:12.424+0000] {logging_mixin.py:188} INFO - [2025-09-15T08:38:12.424+0000] {dag.py:3954} INFO - Setting next_dagrun for load_hour_to_snowflake to None, run_after=None
[2025-09-15T08:38:12.444+0000] {processor.py:183} INFO - Processing /opt/airflow/dags/load_hour_to_snowflake.py took 0.085 seconds
[2025-09-15T08:38:43.221+0000] {processor.py:161} INFO - Started process (PID=8290) to work on /opt/airflow/dags/load_hour_to_snowflake.py
[2025-09-15T08:38:43.222+0000] {processor.py:830} INFO - Processing file /opt/airflow/dags/load_hour_to_snowflake.py for tasks to queue
[2025-09-15T08:38:43.223+0000] {logging_mixin.py:188} INFO - [2025-09-15T08:38:43.223+0000] {dagbag.py:540} INFO - Filling up the DagBag from /opt/airflow/dags/load_hour_to_snowflake.py
[2025-09-15T08:38:43.242+0000] {processor.py:840} INFO - DAG(s) 'load_hour_to_snowflake' retrieved from /opt/airflow/dags/load_hour_to_snowflake.py
[2025-09-15T08:38:43.272+0000] {logging_mixin.py:188} INFO - [2025-09-15T08:38:43.272+0000] {dag.py:3096} INFO - Sync 1 DAGs
[2025-09-15T08:38:43.284+0000] {logging_mixin.py:188} INFO - [2025-09-15T08:38:43.283+0000] {dag.py:3954} INFO - Setting next_dagrun for load_hour_to_snowflake to None, run_after=None
[2025-09-15T08:38:43.304+0000] {processor.py:183} INFO - Processing /opt/airflow/dags/load_hour_to_snowflake.py took 0.088 seconds
[2025-09-15T08:39:13.913+0000] {processor.py:161} INFO - Started process (PID=8325) to work on /opt/airflow/dags/load_hour_to_snowflake.py
[2025-09-15T08:39:13.915+0000] {processor.py:830} INFO - Processing file /opt/airflow/dags/load_hour_to_snowflake.py for tasks to queue
[2025-09-15T08:39:13.916+0000] {logging_mixin.py:188} INFO - [2025-09-15T08:39:13.915+0000] {dagbag.py:540} INFO - Filling up the DagBag from /opt/airflow/dags/load_hour_to_snowflake.py
[2025-09-15T08:39:13.931+0000] {processor.py:840} INFO - DAG(s) 'load_hour_to_snowflake' retrieved from /opt/airflow/dags/load_hour_to_snowflake.py
[2025-09-15T08:39:13.954+0000] {logging_mixin.py:188} INFO - [2025-09-15T08:39:13.954+0000] {dag.py:3096} INFO - Sync 1 DAGs
[2025-09-15T08:39:13.964+0000] {logging_mixin.py:188} INFO - [2025-09-15T08:39:13.964+0000] {dag.py:3954} INFO - Setting next_dagrun for load_hour_to_snowflake to None, run_after=None
[2025-09-15T08:39:13.983+0000] {processor.py:183} INFO - Processing /opt/airflow/dags/load_hour_to_snowflake.py took 0.075 seconds
[2025-09-15T08:39:44.542+0000] {processor.py:161} INFO - Started process (PID=8360) to work on /opt/airflow/dags/load_hour_to_snowflake.py
[2025-09-15T08:39:44.544+0000] {processor.py:830} INFO - Processing file /opt/airflow/dags/load_hour_to_snowflake.py for tasks to queue
[2025-09-15T08:39:44.545+0000] {logging_mixin.py:188} INFO - [2025-09-15T08:39:44.545+0000] {dagbag.py:540} INFO - Filling up the DagBag from /opt/airflow/dags/load_hour_to_snowflake.py
[2025-09-15T08:39:44.567+0000] {processor.py:840} INFO - DAG(s) 'load_hour_to_snowflake' retrieved from /opt/airflow/dags/load_hour_to_snowflake.py
[2025-09-15T08:39:44.595+0000] {logging_mixin.py:188} INFO - [2025-09-15T08:39:44.595+0000] {dag.py:3096} INFO - Sync 1 DAGs
[2025-09-15T08:39:44.608+0000] {logging_mixin.py:188} INFO - [2025-09-15T08:39:44.608+0000] {dag.py:3954} INFO - Setting next_dagrun for load_hour_to_snowflake to None, run_after=None
[2025-09-15T08:39:44.629+0000] {processor.py:183} INFO - Processing /opt/airflow/dags/load_hour_to_snowflake.py took 0.103 seconds
[2025-09-15T08:40:15.345+0000] {processor.py:161} INFO - Started process (PID=8395) to work on /opt/airflow/dags/load_hour_to_snowflake.py
[2025-09-15T08:40:15.346+0000] {processor.py:830} INFO - Processing file /opt/airflow/dags/load_hour_to_snowflake.py for tasks to queue
[2025-09-15T08:40:15.347+0000] {logging_mixin.py:188} INFO - [2025-09-15T08:40:15.347+0000] {dagbag.py:540} INFO - Filling up the DagBag from /opt/airflow/dags/load_hour_to_snowflake.py
[2025-09-15T08:40:15.365+0000] {processor.py:840} INFO - DAG(s) 'load_hour_to_snowflake' retrieved from /opt/airflow/dags/load_hour_to_snowflake.py
[2025-09-15T08:40:15.390+0000] {logging_mixin.py:188} INFO - [2025-09-15T08:40:15.390+0000] {dag.py:3096} INFO - Sync 1 DAGs
[2025-09-15T08:40:15.403+0000] {logging_mixin.py:188} INFO - [2025-09-15T08:40:15.403+0000] {dag.py:3954} INFO - Setting next_dagrun for load_hour_to_snowflake to None, run_after=None
[2025-09-15T08:40:15.425+0000] {processor.py:183} INFO - Processing /opt/airflow/dags/load_hour_to_snowflake.py took 0.086 seconds
[2025-09-15T08:40:46.274+0000] {processor.py:161} INFO - Started process (PID=8430) to work on /opt/airflow/dags/load_hour_to_snowflake.py
[2025-09-15T08:40:46.275+0000] {processor.py:830} INFO - Processing file /opt/airflow/dags/load_hour_to_snowflake.py for tasks to queue
[2025-09-15T08:40:46.276+0000] {logging_mixin.py:188} INFO - [2025-09-15T08:40:46.276+0000] {dagbag.py:540} INFO - Filling up the DagBag from /opt/airflow/dags/load_hour_to_snowflake.py
[2025-09-15T08:40:46.293+0000] {processor.py:840} INFO - DAG(s) 'load_hour_to_snowflake' retrieved from /opt/airflow/dags/load_hour_to_snowflake.py
[2025-09-15T08:40:46.315+0000] {logging_mixin.py:188} INFO - [2025-09-15T08:40:46.315+0000] {dag.py:3096} INFO - Sync 1 DAGs
[2025-09-15T08:40:46.325+0000] {logging_mixin.py:188} INFO - [2025-09-15T08:40:46.325+0000] {dag.py:3954} INFO - Setting next_dagrun for load_hour_to_snowflake to None, run_after=None
[2025-09-15T08:40:46.344+0000] {processor.py:183} INFO - Processing /opt/airflow/dags/load_hour_to_snowflake.py took 0.076 seconds
[2025-09-15T08:41:16.812+0000] {processor.py:161} INFO - Started process (PID=8465) to work on /opt/airflow/dags/load_hour_to_snowflake.py
[2025-09-15T08:41:16.814+0000] {processor.py:830} INFO - Processing file /opt/airflow/dags/load_hour_to_snowflake.py for tasks to queue
[2025-09-15T08:41:16.814+0000] {logging_mixin.py:188} INFO - [2025-09-15T08:41:16.814+0000] {dagbag.py:540} INFO - Filling up the DagBag from /opt/airflow/dags/load_hour_to_snowflake.py
[2025-09-15T08:41:16.831+0000] {processor.py:840} INFO - DAG(s) 'load_hour_to_snowflake' retrieved from /opt/airflow/dags/load_hour_to_snowflake.py
[2025-09-15T08:41:16.856+0000] {logging_mixin.py:188} INFO - [2025-09-15T08:41:16.856+0000] {dag.py:3096} INFO - Sync 1 DAGs
[2025-09-15T08:41:16.867+0000] {logging_mixin.py:188} INFO - [2025-09-15T08:41:16.867+0000] {dag.py:3954} INFO - Setting next_dagrun for load_hour_to_snowflake to None, run_after=None
[2025-09-15T08:41:16.886+0000] {processor.py:183} INFO - Processing /opt/airflow/dags/load_hour_to_snowflake.py took 0.079 seconds
[2025-09-15T08:41:47.327+0000] {processor.py:161} INFO - Started process (PID=8500) to work on /opt/airflow/dags/load_hour_to_snowflake.py
[2025-09-15T08:41:47.328+0000] {processor.py:830} INFO - Processing file /opt/airflow/dags/load_hour_to_snowflake.py for tasks to queue
[2025-09-15T08:41:47.329+0000] {logging_mixin.py:188} INFO - [2025-09-15T08:41:47.329+0000] {dagbag.py:540} INFO - Filling up the DagBag from /opt/airflow/dags/load_hour_to_snowflake.py
[2025-09-15T08:41:47.347+0000] {processor.py:840} INFO - DAG(s) 'load_hour_to_snowflake' retrieved from /opt/airflow/dags/load_hour_to_snowflake.py
[2025-09-15T08:41:47.371+0000] {logging_mixin.py:188} INFO - [2025-09-15T08:41:47.371+0000] {dag.py:3096} INFO - Sync 1 DAGs
[2025-09-15T08:41:47.381+0000] {logging_mixin.py:188} INFO - [2025-09-15T08:41:47.381+0000] {dag.py:3954} INFO - Setting next_dagrun for load_hour_to_snowflake to None, run_after=None
[2025-09-15T08:41:47.399+0000] {processor.py:183} INFO - Processing /opt/airflow/dags/load_hour_to_snowflake.py took 0.078 seconds
[2025-09-15T08:42:17.986+0000] {processor.py:161} INFO - Started process (PID=8535) to work on /opt/airflow/dags/load_hour_to_snowflake.py
[2025-09-15T08:42:17.987+0000] {processor.py:830} INFO - Processing file /opt/airflow/dags/load_hour_to_snowflake.py for tasks to queue
[2025-09-15T08:42:17.988+0000] {logging_mixin.py:188} INFO - [2025-09-15T08:42:17.988+0000] {dagbag.py:540} INFO - Filling up the DagBag from /opt/airflow/dags/load_hour_to_snowflake.py
[2025-09-15T08:42:18.004+0000] {processor.py:840} INFO - DAG(s) 'load_hour_to_snowflake' retrieved from /opt/airflow/dags/load_hour_to_snowflake.py
[2025-09-15T08:42:18.028+0000] {logging_mixin.py:188} INFO - [2025-09-15T08:42:18.028+0000] {dag.py:3096} INFO - Sync 1 DAGs
[2025-09-15T08:42:18.039+0000] {logging_mixin.py:188} INFO - [2025-09-15T08:42:18.039+0000] {dag.py:3954} INFO - Setting next_dagrun for load_hour_to_snowflake to None, run_after=None
[2025-09-15T08:42:18.060+0000] {processor.py:183} INFO - Processing /opt/airflow/dags/load_hour_to_snowflake.py took 0.079 seconds
[2025-09-15T08:42:48.564+0000] {processor.py:161} INFO - Started process (PID=8570) to work on /opt/airflow/dags/load_hour_to_snowflake.py
[2025-09-15T08:42:48.565+0000] {processor.py:830} INFO - Processing file /opt/airflow/dags/load_hour_to_snowflake.py for tasks to queue
[2025-09-15T08:42:48.566+0000] {logging_mixin.py:188} INFO - [2025-09-15T08:42:48.566+0000] {dagbag.py:540} INFO - Filling up the DagBag from /opt/airflow/dags/load_hour_to_snowflake.py
[2025-09-15T08:42:48.591+0000] {processor.py:840} INFO - DAG(s) 'load_hour_to_snowflake' retrieved from /opt/airflow/dags/load_hour_to_snowflake.py
[2025-09-15T08:42:48.621+0000] {logging_mixin.py:188} INFO - [2025-09-15T08:42:48.621+0000] {dag.py:3096} INFO - Sync 1 DAGs
[2025-09-15T08:42:48.638+0000] {logging_mixin.py:188} INFO - [2025-09-15T08:42:48.637+0000] {dag.py:3954} INFO - Setting next_dagrun for load_hour_to_snowflake to None, run_after=None
[2025-09-15T08:42:48.659+0000] {processor.py:183} INFO - Processing /opt/airflow/dags/load_hour_to_snowflake.py took 0.101 seconds
[2025-09-15T08:43:19.304+0000] {processor.py:161} INFO - Started process (PID=8605) to work on /opt/airflow/dags/load_hour_to_snowflake.py
[2025-09-15T08:43:19.305+0000] {processor.py:830} INFO - Processing file /opt/airflow/dags/load_hour_to_snowflake.py for tasks to queue
[2025-09-15T08:43:19.306+0000] {logging_mixin.py:188} INFO - [2025-09-15T08:43:19.306+0000] {dagbag.py:540} INFO - Filling up the DagBag from /opt/airflow/dags/load_hour_to_snowflake.py
[2025-09-15T08:43:19.324+0000] {processor.py:840} INFO - DAG(s) 'load_hour_to_snowflake' retrieved from /opt/airflow/dags/load_hour_to_snowflake.py
[2025-09-15T08:43:19.352+0000] {logging_mixin.py:188} INFO - [2025-09-15T08:43:19.352+0000] {dag.py:3096} INFO - Sync 1 DAGs
[2025-09-15T08:43:19.364+0000] {logging_mixin.py:188} INFO - [2025-09-15T08:43:19.363+0000] {dag.py:3954} INFO - Setting next_dagrun for load_hour_to_snowflake to None, run_after=None
[2025-09-15T08:43:19.383+0000] {processor.py:183} INFO - Processing /opt/airflow/dags/load_hour_to_snowflake.py took 0.085 seconds
[2025-09-15T08:43:50.037+0000] {processor.py:161} INFO - Started process (PID=8640) to work on /opt/airflow/dags/load_hour_to_snowflake.py
[2025-09-15T08:43:50.038+0000] {processor.py:830} INFO - Processing file /opt/airflow/dags/load_hour_to_snowflake.py for tasks to queue
[2025-09-15T08:43:50.039+0000] {logging_mixin.py:188} INFO - [2025-09-15T08:43:50.039+0000] {dagbag.py:540} INFO - Filling up the DagBag from /opt/airflow/dags/load_hour_to_snowflake.py
[2025-09-15T08:43:50.056+0000] {processor.py:840} INFO - DAG(s) 'load_hour_to_snowflake' retrieved from /opt/airflow/dags/load_hour_to_snowflake.py
[2025-09-15T08:43:50.081+0000] {logging_mixin.py:188} INFO - [2025-09-15T08:43:50.081+0000] {dag.py:3096} INFO - Sync 1 DAGs
[2025-09-15T08:43:50.092+0000] {logging_mixin.py:188} INFO - [2025-09-15T08:43:50.092+0000] {dag.py:3954} INFO - Setting next_dagrun for load_hour_to_snowflake to None, run_after=None
[2025-09-15T08:43:50.112+0000] {processor.py:183} INFO - Processing /opt/airflow/dags/load_hour_to_snowflake.py took 0.081 seconds
[2025-09-15T08:44:20.730+0000] {processor.py:161} INFO - Started process (PID=8675) to work on /opt/airflow/dags/load_hour_to_snowflake.py
[2025-09-15T08:44:20.733+0000] {processor.py:830} INFO - Processing file /opt/airflow/dags/load_hour_to_snowflake.py for tasks to queue
[2025-09-15T08:44:20.735+0000] {logging_mixin.py:188} INFO - [2025-09-15T08:44:20.734+0000] {dagbag.py:540} INFO - Filling up the DagBag from /opt/airflow/dags/load_hour_to_snowflake.py
[2025-09-15T08:44:20.758+0000] {processor.py:840} INFO - DAG(s) 'load_hour_to_snowflake' retrieved from /opt/airflow/dags/load_hour_to_snowflake.py
[2025-09-15T08:44:20.786+0000] {logging_mixin.py:188} INFO - [2025-09-15T08:44:20.786+0000] {dag.py:3096} INFO - Sync 1 DAGs
[2025-09-15T08:44:20.798+0000] {logging_mixin.py:188} INFO - [2025-09-15T08:44:20.798+0000] {dag.py:3954} INFO - Setting next_dagrun for load_hour_to_snowflake to None, run_after=None
[2025-09-15T08:44:20.817+0000] {processor.py:183} INFO - Processing /opt/airflow/dags/load_hour_to_snowflake.py took 0.094 seconds
[2025-09-15T08:44:51.227+0000] {processor.py:161} INFO - Started process (PID=8710) to work on /opt/airflow/dags/load_hour_to_snowflake.py
[2025-09-15T08:44:51.228+0000] {processor.py:830} INFO - Processing file /opt/airflow/dags/load_hour_to_snowflake.py for tasks to queue
[2025-09-15T08:44:51.229+0000] {logging_mixin.py:188} INFO - [2025-09-15T08:44:51.229+0000] {dagbag.py:540} INFO - Filling up the DagBag from /opt/airflow/dags/load_hour_to_snowflake.py
[2025-09-15T08:44:50.689+0000] {processor.py:840} INFO - DAG(s) 'load_hour_to_snowflake' retrieved from /opt/airflow/dags/load_hour_to_snowflake.py
[2025-09-15T08:44:50.716+0000] {logging_mixin.py:188} INFO - [2025-09-15T08:44:50.716+0000] {dag.py:3096} INFO - Sync 1 DAGs
[2025-09-15T08:44:50.728+0000] {logging_mixin.py:188} INFO - [2025-09-15T08:44:50.728+0000] {dag.py:3954} INFO - Setting next_dagrun for load_hour_to_snowflake to None, run_after=None
[2025-09-15T08:44:50.751+0000] {processor.py:183} INFO - Processing /opt/airflow/dags/load_hour_to_snowflake.py took 0.091 seconds
[2025-09-15T08:45:20.811+0000] {processor.py:161} INFO - Started process (PID=8745) to work on /opt/airflow/dags/load_hour_to_snowflake.py
[2025-09-15T08:45:20.812+0000] {processor.py:830} INFO - Processing file /opt/airflow/dags/load_hour_to_snowflake.py for tasks to queue
[2025-09-15T08:45:20.813+0000] {logging_mixin.py:188} INFO - [2025-09-15T08:45:20.813+0000] {dagbag.py:540} INFO - Filling up the DagBag from /opt/airflow/dags/load_hour_to_snowflake.py
[2025-09-15T08:45:20.831+0000] {processor.py:840} INFO - DAG(s) 'load_hour_to_snowflake' retrieved from /opt/airflow/dags/load_hour_to_snowflake.py
[2025-09-15T08:45:20.857+0000] {logging_mixin.py:188} INFO - [2025-09-15T08:45:20.857+0000] {dag.py:3096} INFO - Sync 1 DAGs
[2025-09-15T08:45:20.872+0000] {logging_mixin.py:188} INFO - [2025-09-15T08:45:20.872+0000] {dag.py:3954} INFO - Setting next_dagrun for load_hour_to_snowflake to None, run_after=None
[2025-09-15T08:45:20.891+0000] {processor.py:183} INFO - Processing /opt/airflow/dags/load_hour_to_snowflake.py took 0.087 seconds
[2025-09-15T08:45:51.418+0000] {processor.py:161} INFO - Started process (PID=8780) to work on /opt/airflow/dags/load_hour_to_snowflake.py
[2025-09-15T08:45:51.419+0000] {processor.py:830} INFO - Processing file /opt/airflow/dags/load_hour_to_snowflake.py for tasks to queue
[2025-09-15T08:45:51.420+0000] {logging_mixin.py:188} INFO - [2025-09-15T08:45:51.420+0000] {dagbag.py:540} INFO - Filling up the DagBag from /opt/airflow/dags/load_hour_to_snowflake.py
[2025-09-15T08:45:51.440+0000] {processor.py:840} INFO - DAG(s) 'load_hour_to_snowflake' retrieved from /opt/airflow/dags/load_hour_to_snowflake.py
[2025-09-15T08:45:51.467+0000] {logging_mixin.py:188} INFO - [2025-09-15T08:45:51.467+0000] {dag.py:3096} INFO - Sync 1 DAGs
[2025-09-15T08:45:51.480+0000] {logging_mixin.py:188} INFO - [2025-09-15T08:45:51.480+0000] {dag.py:3954} INFO - Setting next_dagrun for load_hour_to_snowflake to None, run_after=None
[2025-09-15T08:45:51.502+0000] {processor.py:183} INFO - Processing /opt/airflow/dags/load_hour_to_snowflake.py took 0.091 seconds
[2025-09-15T08:46:21.986+0000] {processor.py:161} INFO - Started process (PID=8815) to work on /opt/airflow/dags/load_hour_to_snowflake.py
[2025-09-15T08:46:21.988+0000] {processor.py:830} INFO - Processing file /opt/airflow/dags/load_hour_to_snowflake.py for tasks to queue
[2025-09-15T08:46:21.989+0000] {logging_mixin.py:188} INFO - [2025-09-15T08:46:21.989+0000] {dagbag.py:540} INFO - Filling up the DagBag from /opt/airflow/dags/load_hour_to_snowflake.py
[2025-09-15T08:46:22.007+0000] {processor.py:840} INFO - DAG(s) 'load_hour_to_snowflake' retrieved from /opt/airflow/dags/load_hour_to_snowflake.py
[2025-09-15T08:46:22.034+0000] {logging_mixin.py:188} INFO - [2025-09-15T08:46:22.033+0000] {dag.py:3096} INFO - Sync 1 DAGs
[2025-09-15T08:46:22.046+0000] {logging_mixin.py:188} INFO - [2025-09-15T08:46:22.045+0000] {dag.py:3954} INFO - Setting next_dagrun for load_hour_to_snowflake to None, run_after=None
[2025-09-15T08:46:22.066+0000] {processor.py:183} INFO - Processing /opt/airflow/dags/load_hour_to_snowflake.py took 0.086 seconds
[2025-09-15T08:46:53.102+0000] {processor.py:161} INFO - Started process (PID=8850) to work on /opt/airflow/dags/load_hour_to_snowflake.py
[2025-09-15T08:46:53.103+0000] {processor.py:830} INFO - Processing file /opt/airflow/dags/load_hour_to_snowflake.py for tasks to queue
[2025-09-15T08:46:53.104+0000] {logging_mixin.py:188} INFO - [2025-09-15T08:46:53.103+0000] {dagbag.py:540} INFO - Filling up the DagBag from /opt/airflow/dags/load_hour_to_snowflake.py
[2025-09-15T08:46:53.122+0000] {processor.py:840} INFO - DAG(s) 'load_hour_to_snowflake' retrieved from /opt/airflow/dags/load_hour_to_snowflake.py
[2025-09-15T08:46:53.150+0000] {logging_mixin.py:188} INFO - [2025-09-15T08:46:53.149+0000] {dag.py:3096} INFO - Sync 1 DAGs
[2025-09-15T08:46:53.162+0000] {logging_mixin.py:188} INFO - [2025-09-15T08:46:53.162+0000] {dag.py:3954} INFO - Setting next_dagrun for load_hour_to_snowflake to None, run_after=None
[2025-09-15T08:46:53.182+0000] {processor.py:183} INFO - Processing /opt/airflow/dags/load_hour_to_snowflake.py took 0.086 seconds
[2025-09-15T08:47:23.916+0000] {processor.py:161} INFO - Started process (PID=8885) to work on /opt/airflow/dags/load_hour_to_snowflake.py
[2025-09-15T08:47:23.917+0000] {processor.py:830} INFO - Processing file /opt/airflow/dags/load_hour_to_snowflake.py for tasks to queue
[2025-09-15T08:47:23.918+0000] {logging_mixin.py:188} INFO - [2025-09-15T08:47:23.917+0000] {dagbag.py:540} INFO - Filling up the DagBag from /opt/airflow/dags/load_hour_to_snowflake.py
[2025-09-15T08:47:23.936+0000] {processor.py:840} INFO - DAG(s) 'load_hour_to_snowflake' retrieved from /opt/airflow/dags/load_hour_to_snowflake.py
[2025-09-15T08:47:23.962+0000] {logging_mixin.py:188} INFO - [2025-09-15T08:47:23.962+0000] {dag.py:3096} INFO - Sync 1 DAGs
[2025-09-15T08:47:23.975+0000] {logging_mixin.py:188} INFO - [2025-09-15T08:47:23.975+0000] {dag.py:3954} INFO - Setting next_dagrun for load_hour_to_snowflake to None, run_after=None
[2025-09-15T08:47:23.995+0000] {processor.py:183} INFO - Processing /opt/airflow/dags/load_hour_to_snowflake.py took 0.085 seconds
[2025-09-15T08:47:54.437+0000] {processor.py:161} INFO - Started process (PID=8920) to work on /opt/airflow/dags/load_hour_to_snowflake.py
[2025-09-15T08:47:54.439+0000] {processor.py:830} INFO - Processing file /opt/airflow/dags/load_hour_to_snowflake.py for tasks to queue
[2025-09-15T08:47:54.441+0000] {logging_mixin.py:188} INFO - [2025-09-15T08:47:54.440+0000] {dagbag.py:540} INFO - Filling up the DagBag from /opt/airflow/dags/load_hour_to_snowflake.py
[2025-09-15T08:47:54.479+0000] {processor.py:840} INFO - DAG(s) 'load_hour_to_snowflake' retrieved from /opt/airflow/dags/load_hour_to_snowflake.py
[2025-09-15T08:47:54.532+0000] {logging_mixin.py:188} INFO - [2025-09-15T08:47:54.531+0000] {dag.py:3096} INFO - Sync 1 DAGs
[2025-09-15T08:47:54.553+0000] {logging_mixin.py:188} INFO - [2025-09-15T08:47:54.553+0000] {dag.py:3954} INFO - Setting next_dagrun for load_hour_to_snowflake to None, run_after=None
[2025-09-15T08:47:54.573+0000] {processor.py:183} INFO - Processing /opt/airflow/dags/load_hour_to_snowflake.py took 0.147 seconds
[2025-09-15T08:48:25.307+0000] {processor.py:161} INFO - Started process (PID=8955) to work on /opt/airflow/dags/load_hour_to_snowflake.py
[2025-09-15T08:48:25.308+0000] {processor.py:830} INFO - Processing file /opt/airflow/dags/load_hour_to_snowflake.py for tasks to queue
[2025-09-15T08:48:25.309+0000] {logging_mixin.py:188} INFO - [2025-09-15T08:48:25.308+0000] {dagbag.py:540} INFO - Filling up the DagBag from /opt/airflow/dags/load_hour_to_snowflake.py
[2025-09-15T08:48:25.327+0000] {processor.py:840} INFO - DAG(s) 'load_hour_to_snowflake' retrieved from /opt/airflow/dags/load_hour_to_snowflake.py
[2025-09-15T08:48:25.353+0000] {logging_mixin.py:188} INFO - [2025-09-15T08:48:25.353+0000] {dag.py:3096} INFO - Sync 1 DAGs
[2025-09-15T08:48:25.365+0000] {logging_mixin.py:188} INFO - [2025-09-15T08:48:25.365+0000] {dag.py:3954} INFO - Setting next_dagrun for load_hour_to_snowflake to None, run_after=None
[2025-09-15T08:48:25.384+0000] {processor.py:183} INFO - Processing /opt/airflow/dags/load_hour_to_snowflake.py took 0.083 seconds
[2025-09-15T08:48:55.694+0000] {processor.py:161} INFO - Started process (PID=8990) to work on /opt/airflow/dags/load_hour_to_snowflake.py
[2025-09-15T08:48:55.695+0000] {processor.py:830} INFO - Processing file /opt/airflow/dags/load_hour_to_snowflake.py for tasks to queue
[2025-09-15T08:48:55.696+0000] {logging_mixin.py:188} INFO - [2025-09-15T08:48:55.696+0000] {dagbag.py:540} INFO - Filling up the DagBag from /opt/airflow/dags/load_hour_to_snowflake.py
[2025-09-15T08:48:55.711+0000] {processor.py:840} INFO - DAG(s) 'load_hour_to_snowflake' retrieved from /opt/airflow/dags/load_hour_to_snowflake.py
[2025-09-15T08:48:55.735+0000] {logging_mixin.py:188} INFO - [2025-09-15T08:48:55.735+0000] {dag.py:3096} INFO - Sync 1 DAGs
[2025-09-15T08:48:55.746+0000] {logging_mixin.py:188} INFO - [2025-09-15T08:48:55.746+0000] {dag.py:3954} INFO - Setting next_dagrun for load_hour_to_snowflake to None, run_after=None
[2025-09-15T08:48:55.766+0000] {processor.py:183} INFO - Processing /opt/airflow/dags/load_hour_to_snowflake.py took 0.078 seconds
[2025-09-15T08:49:26.436+0000] {processor.py:161} INFO - Started process (PID=9025) to work on /opt/airflow/dags/load_hour_to_snowflake.py
[2025-09-15T08:49:26.437+0000] {processor.py:830} INFO - Processing file /opt/airflow/dags/load_hour_to_snowflake.py for tasks to queue
[2025-09-15T08:49:26.438+0000] {logging_mixin.py:188} INFO - [2025-09-15T08:49:26.438+0000] {dagbag.py:540} INFO - Filling up the DagBag from /opt/airflow/dags/load_hour_to_snowflake.py
[2025-09-15T08:49:26.456+0000] {processor.py:840} INFO - DAG(s) 'load_hour_to_snowflake' retrieved from /opt/airflow/dags/load_hour_to_snowflake.py
[2025-09-15T08:49:26.483+0000] {logging_mixin.py:188} INFO - [2025-09-15T08:49:26.483+0000] {dag.py:3096} INFO - Sync 1 DAGs
[2025-09-15T08:49:26.495+0000] {logging_mixin.py:188} INFO - [2025-09-15T08:49:26.494+0000] {dag.py:3954} INFO - Setting next_dagrun for load_hour_to_snowflake to None, run_after=None
[2025-09-15T08:49:26.516+0000] {processor.py:183} INFO - Processing /opt/airflow/dags/load_hour_to_snowflake.py took 0.085 seconds
[2025-09-15T08:49:57.023+0000] {processor.py:161} INFO - Started process (PID=9060) to work on /opt/airflow/dags/load_hour_to_snowflake.py
[2025-09-15T08:49:57.024+0000] {processor.py:830} INFO - Processing file /opt/airflow/dags/load_hour_to_snowflake.py for tasks to queue
[2025-09-15T08:49:57.025+0000] {logging_mixin.py:188} INFO - [2025-09-15T08:49:57.024+0000] {dagbag.py:540} INFO - Filling up the DagBag from /opt/airflow/dags/load_hour_to_snowflake.py
[2025-09-15T08:49:57.044+0000] {processor.py:840} INFO - DAG(s) 'load_hour_to_snowflake' retrieved from /opt/airflow/dags/load_hour_to_snowflake.py
[2025-09-15T08:49:57.070+0000] {logging_mixin.py:188} INFO - [2025-09-15T08:49:57.070+0000] {dag.py:3096} INFO - Sync 1 DAGs
[2025-09-15T08:49:57.082+0000] {logging_mixin.py:188} INFO - [2025-09-15T08:49:57.082+0000] {dag.py:3954} INFO - Setting next_dagrun for load_hour_to_snowflake to None, run_after=None
[2025-09-15T08:49:57.103+0000] {processor.py:183} INFO - Processing /opt/airflow/dags/load_hour_to_snowflake.py took 0.086 seconds
[2025-09-15T08:50:27.703+0000] {processor.py:161} INFO - Started process (PID=9095) to work on /opt/airflow/dags/load_hour_to_snowflake.py
[2025-09-15T08:50:27.704+0000] {processor.py:830} INFO - Processing file /opt/airflow/dags/load_hour_to_snowflake.py for tasks to queue
[2025-09-15T08:50:27.704+0000] {logging_mixin.py:188} INFO - [2025-09-15T08:50:27.704+0000] {dagbag.py:540} INFO - Filling up the DagBag from /opt/airflow/dags/load_hour_to_snowflake.py
[2025-09-15T08:50:27.720+0000] {processor.py:840} INFO - DAG(s) 'load_hour_to_snowflake' retrieved from /opt/airflow/dags/load_hour_to_snowflake.py
[2025-09-15T08:50:27.745+0000] {logging_mixin.py:188} INFO - [2025-09-15T08:50:27.744+0000] {dag.py:3096} INFO - Sync 1 DAGs
[2025-09-15T08:50:27.756+0000] {logging_mixin.py:188} INFO - [2025-09-15T08:50:27.755+0000] {dag.py:3954} INFO - Setting next_dagrun for load_hour_to_snowflake to None, run_after=None
[2025-09-15T08:50:27.775+0000] {processor.py:183} INFO - Processing /opt/airflow/dags/load_hour_to_snowflake.py took 0.079 seconds
[2025-09-15T08:50:58.334+0000] {processor.py:161} INFO - Started process (PID=9130) to work on /opt/airflow/dags/load_hour_to_snowflake.py
[2025-09-15T08:50:58.336+0000] {processor.py:830} INFO - Processing file /opt/airflow/dags/load_hour_to_snowflake.py for tasks to queue
[2025-09-15T08:50:58.337+0000] {logging_mixin.py:188} INFO - [2025-09-15T08:50:58.337+0000] {dagbag.py:540} INFO - Filling up the DagBag from /opt/airflow/dags/load_hour_to_snowflake.py
[2025-09-15T08:50:58.362+0000] {processor.py:840} INFO - DAG(s) 'load_hour_to_snowflake' retrieved from /opt/airflow/dags/load_hour_to_snowflake.py
[2025-09-15T08:50:58.394+0000] {logging_mixin.py:188} INFO - [2025-09-15T08:50:58.394+0000] {dag.py:3096} INFO - Sync 1 DAGs
[2025-09-15T08:50:58.410+0000] {logging_mixin.py:188} INFO - [2025-09-15T08:50:58.410+0000] {dag.py:3954} INFO - Setting next_dagrun for load_hour_to_snowflake to None, run_after=None
[2025-09-15T08:50:58.434+0000] {processor.py:183} INFO - Processing /opt/airflow/dags/load_hour_to_snowflake.py took 0.107 seconds
[2025-09-15T08:51:28.913+0000] {processor.py:161} INFO - Started process (PID=9165) to work on /opt/airflow/dags/load_hour_to_snowflake.py
[2025-09-15T08:51:28.914+0000] {processor.py:830} INFO - Processing file /opt/airflow/dags/load_hour_to_snowflake.py for tasks to queue
[2025-09-15T08:51:28.915+0000] {logging_mixin.py:188} INFO - [2025-09-15T08:51:28.915+0000] {dagbag.py:540} INFO - Filling up the DagBag from /opt/airflow/dags/load_hour_to_snowflake.py
[2025-09-15T08:51:28.939+0000] {processor.py:840} INFO - DAG(s) 'load_hour_to_snowflake' retrieved from /opt/airflow/dags/load_hour_to_snowflake.py
[2025-09-15T08:51:28.967+0000] {logging_mixin.py:188} INFO - [2025-09-15T08:51:28.967+0000] {dag.py:3096} INFO - Sync 1 DAGs
[2025-09-15T08:51:28.981+0000] {logging_mixin.py:188} INFO - [2025-09-15T08:51:28.981+0000] {dag.py:3954} INFO - Setting next_dagrun for load_hour_to_snowflake to None, run_after=None
[2025-09-15T08:51:29.004+0000] {processor.py:183} INFO - Processing /opt/airflow/dags/load_hour_to_snowflake.py took 0.097 seconds
[2025-09-15T08:51:59.391+0000] {processor.py:161} INFO - Started process (PID=9200) to work on /opt/airflow/dags/load_hour_to_snowflake.py
[2025-09-15T08:51:59.392+0000] {processor.py:830} INFO - Processing file /opt/airflow/dags/load_hour_to_snowflake.py for tasks to queue
[2025-09-15T08:51:59.394+0000] {logging_mixin.py:188} INFO - [2025-09-15T08:51:59.394+0000] {dagbag.py:540} INFO - Filling up the DagBag from /opt/airflow/dags/load_hour_to_snowflake.py
[2025-09-15T08:51:59.417+0000] {processor.py:840} INFO - DAG(s) 'load_hour_to_snowflake' retrieved from /opt/airflow/dags/load_hour_to_snowflake.py
[2025-09-15T08:51:59.449+0000] {logging_mixin.py:188} INFO - [2025-09-15T08:51:59.449+0000] {dag.py:3096} INFO - Sync 1 DAGs
[2025-09-15T08:51:59.463+0000] {logging_mixin.py:188} INFO - [2025-09-15T08:51:59.463+0000] {dag.py:3954} INFO - Setting next_dagrun for load_hour_to_snowflake to None, run_after=None
[2025-09-15T08:51:59.491+0000] {processor.py:183} INFO - Processing /opt/airflow/dags/load_hour_to_snowflake.py took 0.108 seconds
[2025-09-15T08:52:29.901+0000] {processor.py:161} INFO - Started process (PID=9235) to work on /opt/airflow/dags/load_hour_to_snowflake.py
[2025-09-15T08:52:29.903+0000] {processor.py:830} INFO - Processing file /opt/airflow/dags/load_hour_to_snowflake.py for tasks to queue
[2025-09-15T08:52:29.904+0000] {logging_mixin.py:188} INFO - [2025-09-15T08:52:29.903+0000] {dagbag.py:540} INFO - Filling up the DagBag from /opt/airflow/dags/load_hour_to_snowflake.py
[2025-09-15T08:52:29.930+0000] {processor.py:840} INFO - DAG(s) 'load_hour_to_snowflake' retrieved from /opt/airflow/dags/load_hour_to_snowflake.py
[2025-09-15T08:52:29.957+0000] {logging_mixin.py:188} INFO - [2025-09-15T08:52:29.956+0000] {dag.py:3096} INFO - Sync 1 DAGs
[2025-09-15T08:52:29.969+0000] {logging_mixin.py:188} INFO - [2025-09-15T08:52:29.969+0000] {dag.py:3954} INFO - Setting next_dagrun for load_hour_to_snowflake to None, run_after=None
[2025-09-15T08:52:29.987+0000] {processor.py:183} INFO - Processing /opt/airflow/dags/load_hour_to_snowflake.py took 0.092 seconds
[2025-09-15T08:53:00.105+0000] {processor.py:161} INFO - Started process (PID=9270) to work on /opt/airflow/dags/load_hour_to_snowflake.py
[2025-09-15T08:53:00.107+0000] {processor.py:830} INFO - Processing file /opt/airflow/dags/load_hour_to_snowflake.py for tasks to queue
[2025-09-15T08:53:00.108+0000] {logging_mixin.py:188} INFO - [2025-09-15T08:53:00.107+0000] {dagbag.py:540} INFO - Filling up the DagBag from /opt/airflow/dags/load_hour_to_snowflake.py
[2025-09-15T08:53:00.127+0000] {processor.py:840} INFO - DAG(s) 'load_hour_to_snowflake' retrieved from /opt/airflow/dags/load_hour_to_snowflake.py
[2025-09-15T08:53:00.152+0000] {logging_mixin.py:188} INFO - [2025-09-15T08:53:00.151+0000] {dag.py:3096} INFO - Sync 1 DAGs
[2025-09-15T08:53:00.163+0000] {logging_mixin.py:188} INFO - [2025-09-15T08:53:00.163+0000] {dag.py:3954} INFO - Setting next_dagrun for load_hour_to_snowflake to None, run_after=None
[2025-09-15T08:53:00.181+0000] {processor.py:183} INFO - Processing /opt/airflow/dags/load_hour_to_snowflake.py took 0.082 seconds
[2025-09-15T08:53:30.683+0000] {processor.py:161} INFO - Started process (PID=9305) to work on /opt/airflow/dags/load_hour_to_snowflake.py
[2025-09-15T08:53:30.685+0000] {processor.py:830} INFO - Processing file /opt/airflow/dags/load_hour_to_snowflake.py for tasks to queue
[2025-09-15T08:53:30.687+0000] {logging_mixin.py:188} INFO - [2025-09-15T08:53:30.686+0000] {dagbag.py:540} INFO - Filling up the DagBag from /opt/airflow/dags/load_hour_to_snowflake.py
[2025-09-15T08:53:30.706+0000] {processor.py:840} INFO - DAG(s) 'load_hour_to_snowflake' retrieved from /opt/airflow/dags/load_hour_to_snowflake.py
[2025-09-15T08:53:30.734+0000] {logging_mixin.py:188} INFO - [2025-09-15T08:53:30.734+0000] {dag.py:3096} INFO - Sync 1 DAGs
[2025-09-15T08:53:30.750+0000] {logging_mixin.py:188} INFO - [2025-09-15T08:53:30.749+0000] {dag.py:3954} INFO - Setting next_dagrun for load_hour_to_snowflake to None, run_after=None
[2025-09-15T08:53:30.777+0000] {processor.py:183} INFO - Processing /opt/airflow/dags/load_hour_to_snowflake.py took 0.102 seconds
[2025-09-15T08:54:01.518+0000] {processor.py:161} INFO - Started process (PID=9340) to work on /opt/airflow/dags/load_hour_to_snowflake.py
[2025-09-15T08:54:01.519+0000] {processor.py:830} INFO - Processing file /opt/airflow/dags/load_hour_to_snowflake.py for tasks to queue
[2025-09-15T08:54:01.520+0000] {logging_mixin.py:188} INFO - [2025-09-15T08:54:01.520+0000] {dagbag.py:540} INFO - Filling up the DagBag from /opt/airflow/dags/load_hour_to_snowflake.py
[2025-09-15T08:54:01.545+0000] {processor.py:840} INFO - DAG(s) 'load_hour_to_snowflake' retrieved from /opt/airflow/dags/load_hour_to_snowflake.py
[2025-09-15T08:54:01.576+0000] {logging_mixin.py:188} INFO - [2025-09-15T08:54:01.576+0000] {dag.py:3096} INFO - Sync 1 DAGs
[2025-09-15T08:54:01.590+0000] {logging_mixin.py:188} INFO - [2025-09-15T08:54:01.590+0000] {dag.py:3954} INFO - Setting next_dagrun for load_hour_to_snowflake to None, run_after=None
[2025-09-15T08:54:01.614+0000] {processor.py:183} INFO - Processing /opt/airflow/dags/load_hour_to_snowflake.py took 0.102 seconds
[2025-09-15T08:54:32.293+0000] {processor.py:161} INFO - Started process (PID=9375) to work on /opt/airflow/dags/load_hour_to_snowflake.py
[2025-09-15T08:54:32.294+0000] {processor.py:830} INFO - Processing file /opt/airflow/dags/load_hour_to_snowflake.py for tasks to queue
[2025-09-15T08:54:32.296+0000] {logging_mixin.py:188} INFO - [2025-09-15T08:54:32.295+0000] {dagbag.py:540} INFO - Filling up the DagBag from /opt/airflow/dags/load_hour_to_snowflake.py
[2025-09-15T08:54:32.318+0000] {processor.py:840} INFO - DAG(s) 'load_hour_to_snowflake' retrieved from /opt/airflow/dags/load_hour_to_snowflake.py
[2025-09-15T08:54:32.346+0000] {logging_mixin.py:188} INFO - [2025-09-15T08:54:32.346+0000] {dag.py:3096} INFO - Sync 1 DAGs
[2025-09-15T08:54:32.359+0000] {logging_mixin.py:188} INFO - [2025-09-15T08:54:32.359+0000] {dag.py:3954} INFO - Setting next_dagrun for load_hour_to_snowflake to None, run_after=None
[2025-09-15T08:54:32.380+0000] {processor.py:183} INFO - Processing /opt/airflow/dags/load_hour_to_snowflake.py took 0.092 seconds
[2025-09-15T08:55:02.938+0000] {processor.py:161} INFO - Started process (PID=9410) to work on /opt/airflow/dags/load_hour_to_snowflake.py
[2025-09-15T08:55:02.939+0000] {processor.py:830} INFO - Processing file /opt/airflow/dags/load_hour_to_snowflake.py for tasks to queue
[2025-09-15T08:55:02.940+0000] {logging_mixin.py:188} INFO - [2025-09-15T08:55:02.940+0000] {dagbag.py:540} INFO - Filling up the DagBag from /opt/airflow/dags/load_hour_to_snowflake.py
[2025-09-15T08:55:02.956+0000] {processor.py:840} INFO - DAG(s) 'load_hour_to_snowflake' retrieved from /opt/airflow/dags/load_hour_to_snowflake.py
[2025-09-15T08:55:02.991+0000] {logging_mixin.py:188} INFO - [2025-09-15T08:55:02.991+0000] {dag.py:3096} INFO - Sync 1 DAGs
[2025-09-15T08:55:03.006+0000] {logging_mixin.py:188} INFO - [2025-09-15T08:55:03.005+0000] {dag.py:3954} INFO - Setting next_dagrun for load_hour_to_snowflake to None, run_after=None
[2025-09-15T08:55:03.024+0000] {processor.py:183} INFO - Processing /opt/airflow/dags/load_hour_to_snowflake.py took 0.096 seconds
[2025-09-15T08:55:33.714+0000] {processor.py:161} INFO - Started process (PID=9449) to work on /opt/airflow/dags/load_hour_to_snowflake.py
[2025-09-15T08:55:33.715+0000] {processor.py:830} INFO - Processing file /opt/airflow/dags/load_hour_to_snowflake.py for tasks to queue
[2025-09-15T08:55:33.716+0000] {logging_mixin.py:188} INFO - [2025-09-15T08:55:33.716+0000] {dagbag.py:540} INFO - Filling up the DagBag from /opt/airflow/dags/load_hour_to_snowflake.py
[2025-09-15T08:55:33.750+0000] {processor.py:840} INFO - DAG(s) 'load_hour_to_snowflake' retrieved from /opt/airflow/dags/load_hour_to_snowflake.py
[2025-09-15T08:55:33.784+0000] {logging_mixin.py:188} INFO - [2025-09-15T08:55:33.784+0000] {dag.py:3096} INFO - Sync 1 DAGs
[2025-09-15T08:55:33.801+0000] {logging_mixin.py:188} INFO - [2025-09-15T08:55:33.801+0000] {dag.py:3954} INFO - Setting next_dagrun for load_hour_to_snowflake to None, run_after=None
[2025-09-15T08:55:33.826+0000] {processor.py:183} INFO - Processing /opt/airflow/dags/load_hour_to_snowflake.py took 0.118 seconds
[2025-09-15T08:56:04.270+0000] {processor.py:161} INFO - Started process (PID=9484) to work on /opt/airflow/dags/load_hour_to_snowflake.py
[2025-09-15T08:56:04.272+0000] {processor.py:830} INFO - Processing file /opt/airflow/dags/load_hour_to_snowflake.py for tasks to queue
[2025-09-15T08:56:04.274+0000] {logging_mixin.py:188} INFO - [2025-09-15T08:56:04.273+0000] {dagbag.py:540} INFO - Filling up the DagBag from /opt/airflow/dags/load_hour_to_snowflake.py
[2025-09-15T08:56:04.312+0000] {processor.py:840} INFO - DAG(s) 'load_hour_to_snowflake' retrieved from /opt/airflow/dags/load_hour_to_snowflake.py
[2025-09-15T08:56:04.451+0000] {logging_mixin.py:188} INFO - [2025-09-15T08:56:04.450+0000] {dag.py:3096} INFO - Sync 1 DAGs
[2025-09-15T08:56:04.490+0000] {logging_mixin.py:188} INFO - [2025-09-15T08:56:04.490+0000] {dag.py:3954} INFO - Setting next_dagrun for load_hour_to_snowflake to None, run_after=None
[2025-09-15T08:56:04.535+0000] {processor.py:183} INFO - Processing /opt/airflow/dags/load_hour_to_snowflake.py took 0.293 seconds
[2025-09-15T08:56:35.203+0000] {processor.py:161} INFO - Started process (PID=9519) to work on /opt/airflow/dags/load_hour_to_snowflake.py
[2025-09-15T08:56:35.204+0000] {processor.py:830} INFO - Processing file /opt/airflow/dags/load_hour_to_snowflake.py for tasks to queue
[2025-09-15T08:56:35.205+0000] {logging_mixin.py:188} INFO - [2025-09-15T08:56:35.205+0000] {dagbag.py:540} INFO - Filling up the DagBag from /opt/airflow/dags/load_hour_to_snowflake.py
[2025-09-15T08:56:35.224+0000] {processor.py:840} INFO - DAG(s) 'load_hour_to_snowflake' retrieved from /opt/airflow/dags/load_hour_to_snowflake.py
[2025-09-15T08:56:35.251+0000] {logging_mixin.py:188} INFO - [2025-09-15T08:56:35.251+0000] {dag.py:3096} INFO - Sync 1 DAGs
[2025-09-15T08:56:35.264+0000] {logging_mixin.py:188} INFO - [2025-09-15T08:56:35.264+0000] {dag.py:3954} INFO - Setting next_dagrun for load_hour_to_snowflake to None, run_after=None
[2025-09-15T08:56:35.284+0000] {processor.py:183} INFO - Processing /opt/airflow/dags/load_hour_to_snowflake.py took 0.086 seconds
[2025-09-15T08:57:06.049+0000] {processor.py:161} INFO - Started process (PID=9558) to work on /opt/airflow/dags/load_hour_to_snowflake.py
[2025-09-15T08:57:06.052+0000] {processor.py:830} INFO - Processing file /opt/airflow/dags/load_hour_to_snowflake.py for tasks to queue
[2025-09-15T08:57:06.053+0000] {logging_mixin.py:188} INFO - [2025-09-15T08:57:06.053+0000] {dagbag.py:540} INFO - Filling up the DagBag from /opt/airflow/dags/load_hour_to_snowflake.py
[2025-09-15T08:57:06.083+0000] {processor.py:840} INFO - DAG(s) 'load_hour_to_snowflake' retrieved from /opt/airflow/dags/load_hour_to_snowflake.py
[2025-09-15T08:57:06.111+0000] {logging_mixin.py:188} INFO - [2025-09-15T08:57:06.111+0000] {dag.py:3096} INFO - Sync 1 DAGs
[2025-09-15T08:57:06.123+0000] {logging_mixin.py:188} INFO - [2025-09-15T08:57:06.123+0000] {dag.py:3954} INFO - Setting next_dagrun for load_hour_to_snowflake to None, run_after=None
[2025-09-15T08:57:06.143+0000] {processor.py:183} INFO - Processing /opt/airflow/dags/load_hour_to_snowflake.py took 0.101 seconds
[2025-09-15T08:57:36.873+0000] {processor.py:161} INFO - Started process (PID=9599) to work on /opt/airflow/dags/load_hour_to_snowflake.py
[2025-09-15T08:57:36.876+0000] {processor.py:830} INFO - Processing file /opt/airflow/dags/load_hour_to_snowflake.py for tasks to queue
[2025-09-15T08:57:36.878+0000] {logging_mixin.py:188} INFO - [2025-09-15T08:57:36.877+0000] {dagbag.py:540} INFO - Filling up the DagBag from /opt/airflow/dags/load_hour_to_snowflake.py
[2025-09-15T08:57:36.956+0000] {processor.py:840} INFO - DAG(s) 'load_hour_to_snowflake' retrieved from /opt/airflow/dags/load_hour_to_snowflake.py
[2025-09-15T08:57:37.155+0000] {logging_mixin.py:188} INFO - [2025-09-15T08:57:37.154+0000] {dag.py:3096} INFO - Sync 1 DAGs
[2025-09-15T08:57:37.216+0000] {logging_mixin.py:188} INFO - [2025-09-15T08:57:37.216+0000] {dag.py:3954} INFO - Setting next_dagrun for load_hour_to_snowflake to None, run_after=None
[2025-09-15T08:57:37.266+0000] {processor.py:183} INFO - Processing /opt/airflow/dags/load_hour_to_snowflake.py took 0.422 seconds
[2025-09-15T08:58:08.131+0000] {processor.py:161} INFO - Started process (PID=9634) to work on /opt/airflow/dags/load_hour_to_snowflake.py
[2025-09-15T08:58:08.132+0000] {processor.py:830} INFO - Processing file /opt/airflow/dags/load_hour_to_snowflake.py for tasks to queue
[2025-09-15T08:58:08.133+0000] {logging_mixin.py:188} INFO - [2025-09-15T08:58:08.133+0000] {dagbag.py:540} INFO - Filling up the DagBag from /opt/airflow/dags/load_hour_to_snowflake.py
[2025-09-15T08:58:08.156+0000] {processor.py:840} INFO - DAG(s) 'load_hour_to_snowflake' retrieved from /opt/airflow/dags/load_hour_to_snowflake.py
[2025-09-15T08:58:08.188+0000] {logging_mixin.py:188} INFO - [2025-09-15T08:58:08.188+0000] {dag.py:3096} INFO - Sync 1 DAGs
[2025-09-15T08:58:08.202+0000] {logging_mixin.py:188} INFO - [2025-09-15T08:58:08.201+0000] {dag.py:3954} INFO - Setting next_dagrun for load_hour_to_snowflake to None, run_after=None
[2025-09-15T08:58:08.259+0000] {processor.py:183} INFO - Processing /opt/airflow/dags/load_hour_to_snowflake.py took 0.137 seconds
[2025-09-15T08:58:12.868+0000] {processor.py:161} INFO - Started process (PID=9659) to work on /opt/airflow/dags/load_hour_to_snowflake.py
[2025-09-15T08:58:12.869+0000] {processor.py:830} INFO - Processing file /opt/airflow/dags/load_hour_to_snowflake.py for tasks to queue
[2025-09-15T08:58:12.870+0000] {logging_mixin.py:188} INFO - [2025-09-15T08:58:12.870+0000] {dagbag.py:540} INFO - Filling up the DagBag from /opt/airflow/dags/load_hour_to_snowflake.py
[2025-09-15T08:58:12.902+0000] {processor.py:840} INFO - DAG(s) 'load_hour_to_snowflake' retrieved from /opt/airflow/dags/load_hour_to_snowflake.py
[2025-09-15T08:58:13.155+0000] {logging_mixin.py:188} INFO - [2025-09-15T08:58:13.155+0000] {dag.py:3096} INFO - Sync 1 DAGs
[2025-09-15T08:58:13.164+0000] {logging_mixin.py:188} INFO - [2025-09-15T08:58:13.164+0000] {dag.py:3954} INFO - Setting next_dagrun for load_hour_to_snowflake to None, run_after=None
[2025-09-15T08:58:13.192+0000] {processor.py:183} INFO - Processing /opt/airflow/dags/load_hour_to_snowflake.py took 0.331 seconds
[2025-09-15T08:58:44.247+0000] {processor.py:161} INFO - Started process (PID=9698) to work on /opt/airflow/dags/load_hour_to_snowflake.py
[2025-09-15T08:58:44.248+0000] {processor.py:830} INFO - Processing file /opt/airflow/dags/load_hour_to_snowflake.py for tasks to queue
[2025-09-15T08:58:44.249+0000] {logging_mixin.py:188} INFO - [2025-09-15T08:58:44.248+0000] {dagbag.py:540} INFO - Filling up the DagBag from /opt/airflow/dags/load_hour_to_snowflake.py
[2025-09-15T08:58:44.275+0000] {processor.py:840} INFO - DAG(s) 'load_hour_to_snowflake' retrieved from /opt/airflow/dags/load_hour_to_snowflake.py
[2025-09-15T08:58:44.309+0000] {logging_mixin.py:188} INFO - [2025-09-15T08:58:44.309+0000] {dag.py:3096} INFO - Sync 1 DAGs
[2025-09-15T08:58:44.322+0000] {logging_mixin.py:188} INFO - [2025-09-15T08:58:44.322+0000] {dag.py:3954} INFO - Setting next_dagrun for load_hour_to_snowflake to None, run_after=None
[2025-09-15T08:58:44.345+0000] {processor.py:183} INFO - Processing /opt/airflow/dags/load_hour_to_snowflake.py took 0.105 seconds
[2025-09-15T08:59:14.587+0000] {processor.py:161} INFO - Started process (PID=9733) to work on /opt/airflow/dags/load_hour_to_snowflake.py
[2025-09-15T08:59:14.589+0000] {processor.py:830} INFO - Processing file /opt/airflow/dags/load_hour_to_snowflake.py for tasks to queue
[2025-09-15T08:59:14.590+0000] {logging_mixin.py:188} INFO - [2025-09-15T08:59:14.590+0000] {dagbag.py:540} INFO - Filling up the DagBag from /opt/airflow/dags/load_hour_to_snowflake.py
[2025-09-15T08:59:14.613+0000] {processor.py:840} INFO - DAG(s) 'load_hour_to_snowflake' retrieved from /opt/airflow/dags/load_hour_to_snowflake.py
[2025-09-15T08:59:14.648+0000] {logging_mixin.py:188} INFO - [2025-09-15T08:59:14.648+0000] {dag.py:3096} INFO - Sync 1 DAGs
[2025-09-15T08:59:14.662+0000] {logging_mixin.py:188} INFO - [2025-09-15T08:59:14.662+0000] {dag.py:3954} INFO - Setting next_dagrun for load_hour_to_snowflake to None, run_after=None
[2025-09-15T08:59:14.691+0000] {processor.py:183} INFO - Processing /opt/airflow/dags/load_hour_to_snowflake.py took 0.109 seconds
[2025-09-15T08:59:45.414+0000] {processor.py:161} INFO - Started process (PID=9768) to work on /opt/airflow/dags/load_hour_to_snowflake.py
[2025-09-15T08:59:45.416+0000] {processor.py:830} INFO - Processing file /opt/airflow/dags/load_hour_to_snowflake.py for tasks to queue
[2025-09-15T08:59:45.417+0000] {logging_mixin.py:188} INFO - [2025-09-15T08:59:45.416+0000] {dagbag.py:540} INFO - Filling up the DagBag from /opt/airflow/dags/load_hour_to_snowflake.py
[2025-09-15T08:59:45.435+0000] {processor.py:840} INFO - DAG(s) 'load_hour_to_snowflake' retrieved from /opt/airflow/dags/load_hour_to_snowflake.py
[2025-09-15T08:59:45.460+0000] {logging_mixin.py:188} INFO - [2025-09-15T08:59:45.460+0000] {dag.py:3096} INFO - Sync 1 DAGs
[2025-09-15T08:59:45.471+0000] {logging_mixin.py:188} INFO - [2025-09-15T08:59:45.471+0000] {dag.py:3954} INFO - Setting next_dagrun for load_hour_to_snowflake to None, run_after=None
[2025-09-15T08:59:45.490+0000] {processor.py:183} INFO - Processing /opt/airflow/dags/load_hour_to_snowflake.py took 0.081 seconds
[2025-09-15T09:00:16.030+0000] {processor.py:161} INFO - Started process (PID=9803) to work on /opt/airflow/dags/load_hour_to_snowflake.py
[2025-09-15T09:00:16.032+0000] {processor.py:830} INFO - Processing file /opt/airflow/dags/load_hour_to_snowflake.py for tasks to queue
[2025-09-15T09:00:16.034+0000] {logging_mixin.py:188} INFO - [2025-09-15T09:00:16.033+0000] {dagbag.py:540} INFO - Filling up the DagBag from /opt/airflow/dags/load_hour_to_snowflake.py
[2025-09-15T09:00:16.056+0000] {processor.py:840} INFO - DAG(s) 'load_hour_to_snowflake' retrieved from /opt/airflow/dags/load_hour_to_snowflake.py
[2025-09-15T09:00:16.086+0000] {logging_mixin.py:188} INFO - [2025-09-15T09:00:16.086+0000] {dag.py:3096} INFO - Sync 1 DAGs
[2025-09-15T09:00:16.100+0000] {logging_mixin.py:188} INFO - [2025-09-15T09:00:16.100+0000] {dag.py:3954} INFO - Setting next_dagrun for load_hour_to_snowflake to None, run_after=None
[2025-09-15T09:00:16.123+0000] {processor.py:183} INFO - Processing /opt/airflow/dags/load_hour_to_snowflake.py took 0.099 seconds
[2025-09-15T09:00:46.597+0000] {processor.py:161} INFO - Started process (PID=9838) to work on /opt/airflow/dags/load_hour_to_snowflake.py
[2025-09-15T09:00:46.598+0000] {processor.py:830} INFO - Processing file /opt/airflow/dags/load_hour_to_snowflake.py for tasks to queue
[2025-09-15T09:00:46.599+0000] {logging_mixin.py:188} INFO - [2025-09-15T09:00:46.598+0000] {dagbag.py:540} INFO - Filling up the DagBag from /opt/airflow/dags/load_hour_to_snowflake.py
[2025-09-15T09:00:46.614+0000] {processor.py:840} INFO - DAG(s) 'load_hour_to_snowflake' retrieved from /opt/airflow/dags/load_hour_to_snowflake.py
[2025-09-15T09:00:46.637+0000] {logging_mixin.py:188} INFO - [2025-09-15T09:00:46.637+0000] {dag.py:3096} INFO - Sync 1 DAGs
[2025-09-15T09:00:46.648+0000] {logging_mixin.py:188} INFO - [2025-09-15T09:00:46.648+0000] {dag.py:3954} INFO - Setting next_dagrun for load_hour_to_snowflake to None, run_after=None
[2025-09-15T09:00:46.667+0000] {processor.py:183} INFO - Processing /opt/airflow/dags/load_hour_to_snowflake.py took 0.076 seconds
[2025-09-15T09:01:17.139+0000] {processor.py:161} INFO - Started process (PID=9873) to work on /opt/airflow/dags/load_hour_to_snowflake.py
[2025-09-15T09:01:17.140+0000] {processor.py:830} INFO - Processing file /opt/airflow/dags/load_hour_to_snowflake.py for tasks to queue
[2025-09-15T09:01:17.141+0000] {logging_mixin.py:188} INFO - [2025-09-15T09:01:17.141+0000] {dagbag.py:540} INFO - Filling up the DagBag from /opt/airflow/dags/load_hour_to_snowflake.py
[2025-09-15T09:01:17.157+0000] {processor.py:840} INFO - DAG(s) 'load_hour_to_snowflake' retrieved from /opt/airflow/dags/load_hour_to_snowflake.py
[2025-09-15T09:01:17.180+0000] {logging_mixin.py:188} INFO - [2025-09-15T09:01:17.180+0000] {dag.py:3096} INFO - Sync 1 DAGs
[2025-09-15T09:01:17.190+0000] {logging_mixin.py:188} INFO - [2025-09-15T09:01:17.190+0000] {dag.py:3954} INFO - Setting next_dagrun for load_hour_to_snowflake to None, run_after=None
[2025-09-15T09:01:17.209+0000] {processor.py:183} INFO - Processing /opt/airflow/dags/load_hour_to_snowflake.py took 0.076 seconds
[2025-09-15T09:01:47.803+0000] {processor.py:161} INFO - Started process (PID=9908) to work on /opt/airflow/dags/load_hour_to_snowflake.py
[2025-09-15T09:01:47.804+0000] {processor.py:830} INFO - Processing file /opt/airflow/dags/load_hour_to_snowflake.py for tasks to queue
[2025-09-15T09:01:47.805+0000] {logging_mixin.py:188} INFO - [2025-09-15T09:01:47.805+0000] {dagbag.py:540} INFO - Filling up the DagBag from /opt/airflow/dags/load_hour_to_snowflake.py
[2025-09-15T09:01:47.822+0000] {processor.py:840} INFO - DAG(s) 'load_hour_to_snowflake' retrieved from /opt/airflow/dags/load_hour_to_snowflake.py
[2025-09-15T09:01:47.845+0000] {logging_mixin.py:188} INFO - [2025-09-15T09:01:47.845+0000] {dag.py:3096} INFO - Sync 1 DAGs
[2025-09-15T09:01:47.857+0000] {logging_mixin.py:188} INFO - [2025-09-15T09:01:47.857+0000] {dag.py:3954} INFO - Setting next_dagrun for load_hour_to_snowflake to None, run_after=None
[2025-09-15T09:01:47.877+0000] {processor.py:183} INFO - Processing /opt/airflow/dags/load_hour_to_snowflake.py took 0.079 seconds
[2025-09-15T09:02:18.507+0000] {processor.py:161} INFO - Started process (PID=9943) to work on /opt/airflow/dags/load_hour_to_snowflake.py
[2025-09-15T09:02:18.508+0000] {processor.py:830} INFO - Processing file /opt/airflow/dags/load_hour_to_snowflake.py for tasks to queue
[2025-09-15T09:02:18.509+0000] {logging_mixin.py:188} INFO - [2025-09-15T09:02:18.509+0000] {dagbag.py:540} INFO - Filling up the DagBag from /opt/airflow/dags/load_hour_to_snowflake.py
[2025-09-15T09:02:18.527+0000] {processor.py:840} INFO - DAG(s) 'load_hour_to_snowflake' retrieved from /opt/airflow/dags/load_hour_to_snowflake.py
[2025-09-15T09:02:18.552+0000] {logging_mixin.py:188} INFO - [2025-09-15T09:02:18.551+0000] {dag.py:3096} INFO - Sync 1 DAGs
[2025-09-15T09:02:18.562+0000] {logging_mixin.py:188} INFO - [2025-09-15T09:02:18.561+0000] {dag.py:3954} INFO - Setting next_dagrun for load_hour_to_snowflake to None, run_after=None
[2025-09-15T09:02:18.582+0000] {processor.py:183} INFO - Processing /opt/airflow/dags/load_hour_to_snowflake.py took 0.081 seconds
[2025-09-15T09:02:49.146+0000] {processor.py:161} INFO - Started process (PID=9978) to work on /opt/airflow/dags/load_hour_to_snowflake.py
[2025-09-15T09:02:49.147+0000] {processor.py:830} INFO - Processing file /opt/airflow/dags/load_hour_to_snowflake.py for tasks to queue
[2025-09-15T09:02:49.148+0000] {logging_mixin.py:188} INFO - [2025-09-15T09:02:49.148+0000] {dagbag.py:540} INFO - Filling up the DagBag from /opt/airflow/dags/load_hour_to_snowflake.py
[2025-09-15T09:02:49.164+0000] {processor.py:840} INFO - DAG(s) 'load_hour_to_snowflake' retrieved from /opt/airflow/dags/load_hour_to_snowflake.py
[2025-09-15T09:02:49.197+0000] {logging_mixin.py:188} INFO - [2025-09-15T09:02:49.196+0000] {dag.py:3096} INFO - Sync 1 DAGs
[2025-09-15T09:02:49.208+0000] {logging_mixin.py:188} INFO - [2025-09-15T09:02:49.208+0000] {dag.py:3954} INFO - Setting next_dagrun for load_hour_to_snowflake to None, run_after=None
[2025-09-15T09:02:49.227+0000] {processor.py:183} INFO - Processing /opt/airflow/dags/load_hour_to_snowflake.py took 0.087 seconds
[2025-09-15T09:03:19.722+0000] {processor.py:161} INFO - Started process (PID=10013) to work on /opt/airflow/dags/load_hour_to_snowflake.py
[2025-09-15T09:03:19.725+0000] {processor.py:830} INFO - Processing file /opt/airflow/dags/load_hour_to_snowflake.py for tasks to queue
[2025-09-15T09:03:19.727+0000] {logging_mixin.py:188} INFO - [2025-09-15T09:03:19.726+0000] {dagbag.py:540} INFO - Filling up the DagBag from /opt/airflow/dags/load_hour_to_snowflake.py
[2025-09-15T09:03:19.753+0000] {processor.py:840} INFO - DAG(s) 'load_hour_to_snowflake' retrieved from /opt/airflow/dags/load_hour_to_snowflake.py
[2025-09-15T09:03:19.792+0000] {logging_mixin.py:188} INFO - [2025-09-15T09:03:19.792+0000] {dag.py:3096} INFO - Sync 1 DAGs
[2025-09-15T09:03:19.806+0000] {logging_mixin.py:188} INFO - [2025-09-15T09:03:19.806+0000] {dag.py:3954} INFO - Setting next_dagrun for load_hour_to_snowflake to None, run_after=None
[2025-09-15T09:03:19.832+0000] {processor.py:183} INFO - Processing /opt/airflow/dags/load_hour_to_snowflake.py took 0.119 seconds
[2025-09-15T09:03:50.466+0000] {processor.py:161} INFO - Started process (PID=10048) to work on /opt/airflow/dags/load_hour_to_snowflake.py
[2025-09-15T09:03:50.468+0000] {processor.py:830} INFO - Processing file /opt/airflow/dags/load_hour_to_snowflake.py for tasks to queue
[2025-09-15T09:03:50.468+0000] {logging_mixin.py:188} INFO - [2025-09-15T09:03:50.468+0000] {dagbag.py:540} INFO - Filling up the DagBag from /opt/airflow/dags/load_hour_to_snowflake.py
[2025-09-15T09:03:50.487+0000] {processor.py:840} INFO - DAG(s) 'load_hour_to_snowflake' retrieved from /opt/airflow/dags/load_hour_to_snowflake.py
[2025-09-15T09:03:50.512+0000] {logging_mixin.py:188} INFO - [2025-09-15T09:03:50.512+0000] {dag.py:3096} INFO - Sync 1 DAGs
[2025-09-15T09:03:50.523+0000] {logging_mixin.py:188} INFO - [2025-09-15T09:03:50.523+0000] {dag.py:3954} INFO - Setting next_dagrun for load_hour_to_snowflake to None, run_after=None
[2025-09-15T09:03:50.548+0000] {processor.py:183} INFO - Processing /opt/airflow/dags/load_hour_to_snowflake.py took 0.087 seconds
[2025-09-15T09:04:21.422+0000] {processor.py:161} INFO - Started process (PID=10083) to work on /opt/airflow/dags/load_hour_to_snowflake.py
[2025-09-15T09:04:21.423+0000] {processor.py:830} INFO - Processing file /opt/airflow/dags/load_hour_to_snowflake.py for tasks to queue
[2025-09-15T09:04:21.424+0000] {logging_mixin.py:188} INFO - [2025-09-15T09:04:21.424+0000] {dagbag.py:540} INFO - Filling up the DagBag from /opt/airflow/dags/load_hour_to_snowflake.py
[2025-09-15T09:04:21.447+0000] {processor.py:840} INFO - DAG(s) 'load_hour_to_snowflake' retrieved from /opt/airflow/dags/load_hour_to_snowflake.py
[2025-09-15T09:04:21.479+0000] {logging_mixin.py:188} INFO - [2025-09-15T09:04:21.478+0000] {dag.py:3096} INFO - Sync 1 DAGs
[2025-09-15T09:04:21.493+0000] {logging_mixin.py:188} INFO - [2025-09-15T09:04:21.493+0000] {dag.py:3954} INFO - Setting next_dagrun for load_hour_to_snowflake to None, run_after=None
[2025-09-15T09:04:21.516+0000] {processor.py:183} INFO - Processing /opt/airflow/dags/load_hour_to_snowflake.py took 0.102 seconds
[2025-09-15T09:04:52.061+0000] {processor.py:161} INFO - Started process (PID=10118) to work on /opt/airflow/dags/load_hour_to_snowflake.py
[2025-09-15T09:04:52.062+0000] {processor.py:830} INFO - Processing file /opt/airflow/dags/load_hour_to_snowflake.py for tasks to queue
[2025-09-15T09:04:52.063+0000] {logging_mixin.py:188} INFO - [2025-09-15T09:04:52.063+0000] {dagbag.py:540} INFO - Filling up the DagBag from /opt/airflow/dags/load_hour_to_snowflake.py
[2025-09-15T09:04:52.080+0000] {processor.py:840} INFO - DAG(s) 'load_hour_to_snowflake' retrieved from /opt/airflow/dags/load_hour_to_snowflake.py
[2025-09-15T09:04:52.108+0000] {logging_mixin.py:188} INFO - [2025-09-15T09:04:52.108+0000] {dag.py:3096} INFO - Sync 1 DAGs
[2025-09-15T09:04:52.124+0000] {logging_mixin.py:188} INFO - [2025-09-15T09:04:52.124+0000] {dag.py:3954} INFO - Setting next_dagrun for load_hour_to_snowflake to None, run_after=None
[2025-09-15T09:04:52.148+0000] {processor.py:183} INFO - Processing /opt/airflow/dags/load_hour_to_snowflake.py took 0.092 seconds
[2025-09-15T09:05:22.619+0000] {processor.py:161} INFO - Started process (PID=10153) to work on /opt/airflow/dags/load_hour_to_snowflake.py
[2025-09-15T09:05:22.620+0000] {processor.py:830} INFO - Processing file /opt/airflow/dags/load_hour_to_snowflake.py for tasks to queue
[2025-09-15T09:05:22.622+0000] {logging_mixin.py:188} INFO - [2025-09-15T09:05:22.621+0000] {dagbag.py:540} INFO - Filling up the DagBag from /opt/airflow/dags/load_hour_to_snowflake.py
[2025-09-15T09:05:22.647+0000] {processor.py:840} INFO - DAG(s) 'load_hour_to_snowflake' retrieved from /opt/airflow/dags/load_hour_to_snowflake.py
[2025-09-15T09:05:22.685+0000] {logging_mixin.py:188} INFO - [2025-09-15T09:05:22.685+0000] {dag.py:3096} INFO - Sync 1 DAGs
[2025-09-15T09:05:22.705+0000] {logging_mixin.py:188} INFO - [2025-09-15T09:05:22.705+0000] {dag.py:3954} INFO - Setting next_dagrun for load_hour_to_snowflake to None, run_after=None
[2025-09-15T09:05:22.735+0000] {processor.py:183} INFO - Processing /opt/airflow/dags/load_hour_to_snowflake.py took 0.124 seconds
[2025-09-15T09:05:53.190+0000] {processor.py:161} INFO - Started process (PID=10188) to work on /opt/airflow/dags/load_hour_to_snowflake.py
[2025-09-15T09:05:53.191+0000] {processor.py:830} INFO - Processing file /opt/airflow/dags/load_hour_to_snowflake.py for tasks to queue
[2025-09-15T09:05:53.193+0000] {logging_mixin.py:188} INFO - [2025-09-15T09:05:53.193+0000] {dagbag.py:540} INFO - Filling up the DagBag from /opt/airflow/dags/load_hour_to_snowflake.py
[2025-09-15T09:05:53.215+0000] {processor.py:840} INFO - DAG(s) 'load_hour_to_snowflake' retrieved from /opt/airflow/dags/load_hour_to_snowflake.py
[2025-09-15T09:05:53.242+0000] {logging_mixin.py:188} INFO - [2025-09-15T09:05:53.242+0000] {dag.py:3096} INFO - Sync 1 DAGs
[2025-09-15T09:05:53.255+0000] {logging_mixin.py:188} INFO - [2025-09-15T09:05:53.255+0000] {dag.py:3954} INFO - Setting next_dagrun for load_hour_to_snowflake to None, run_after=None
[2025-09-15T09:05:53.276+0000] {processor.py:183} INFO - Processing /opt/airflow/dags/load_hour_to_snowflake.py took 0.094 seconds
[2025-09-15T09:06:23.734+0000] {processor.py:161} INFO - Started process (PID=10238) to work on /opt/airflow/dags/load_hour_to_snowflake.py
[2025-09-15T09:06:23.735+0000] {processor.py:830} INFO - Processing file /opt/airflow/dags/load_hour_to_snowflake.py for tasks to queue
[2025-09-15T09:06:23.736+0000] {logging_mixin.py:188} INFO - [2025-09-15T09:06:23.736+0000] {dagbag.py:540} INFO - Filling up the DagBag from /opt/airflow/dags/load_hour_to_snowflake.py
[2025-09-15T09:06:23.758+0000] {processor.py:840} INFO - DAG(s) 'load_hour_to_snowflake' retrieved from /opt/airflow/dags/load_hour_to_snowflake.py
[2025-09-15T09:06:23.791+0000] {logging_mixin.py:188} INFO - [2025-09-15T09:06:23.791+0000] {dag.py:3096} INFO - Sync 1 DAGs
[2025-09-15T09:06:23.806+0000] {logging_mixin.py:188} INFO - [2025-09-15T09:06:23.806+0000] {dag.py:3954} INFO - Setting next_dagrun for load_hour_to_snowflake to None, run_after=None
[2025-09-15T09:06:23.846+0000] {processor.py:183} INFO - Processing /opt/airflow/dags/load_hour_to_snowflake.py took 0.119 seconds
[2025-09-15T09:06:54.078+0000] {processor.py:161} INFO - Started process (PID=10288) to work on /opt/airflow/dags/load_hour_to_snowflake.py
[2025-09-15T09:06:54.082+0000] {processor.py:830} INFO - Processing file /opt/airflow/dags/load_hour_to_snowflake.py for tasks to queue
[2025-09-15T09:06:54.086+0000] {logging_mixin.py:188} INFO - [2025-09-15T09:06:54.085+0000] {dagbag.py:540} INFO - Filling up the DagBag from /opt/airflow/dags/load_hour_to_snowflake.py
[2025-09-15T09:06:54.142+0000] {processor.py:840} INFO - DAG(s) 'load_hour_to_snowflake' retrieved from /opt/airflow/dags/load_hour_to_snowflake.py
[2025-09-15T09:06:54.178+0000] {logging_mixin.py:188} INFO - [2025-09-15T09:06:54.178+0000] {dag.py:3096} INFO - Sync 1 DAGs
[2025-09-15T09:06:54.192+0000] {logging_mixin.py:188} INFO - [2025-09-15T09:06:54.192+0000] {dag.py:3954} INFO - Setting next_dagrun for load_hour_to_snowflake to None, run_after=None
[2025-09-15T09:06:54.216+0000] {processor.py:183} INFO - Processing /opt/airflow/dags/load_hour_to_snowflake.py took 0.160 seconds
[2025-09-15T09:07:24.367+0000] {processor.py:161} INFO - Started process (PID=10323) to work on /opt/airflow/dags/load_hour_to_snowflake.py
[2025-09-15T09:07:24.369+0000] {processor.py:830} INFO - Processing file /opt/airflow/dags/load_hour_to_snowflake.py for tasks to queue
[2025-09-15T09:07:24.371+0000] {logging_mixin.py:188} INFO - [2025-09-15T09:07:24.369+0000] {dagbag.py:540} INFO - Filling up the DagBag from /opt/airflow/dags/load_hour_to_snowflake.py
[2025-09-15T09:07:24.391+0000] {processor.py:840} INFO - DAG(s) 'load_hour_to_snowflake' retrieved from /opt/airflow/dags/load_hour_to_snowflake.py
[2025-09-15T09:07:24.419+0000] {logging_mixin.py:188} INFO - [2025-09-15T09:07:24.419+0000] {dag.py:3096} INFO - Sync 1 DAGs
[2025-09-15T09:07:24.431+0000] {logging_mixin.py:188} INFO - [2025-09-15T09:07:24.431+0000] {dag.py:3954} INFO - Setting next_dagrun for load_hour_to_snowflake to None, run_after=None
[2025-09-15T09:07:24.454+0000] {processor.py:183} INFO - Processing /opt/airflow/dags/load_hour_to_snowflake.py took 0.093 seconds
[2025-09-15T09:07:55.191+0000] {processor.py:161} INFO - Started process (PID=10358) to work on /opt/airflow/dags/load_hour_to_snowflake.py
[2025-09-15T09:07:55.192+0000] {processor.py:830} INFO - Processing file /opt/airflow/dags/load_hour_to_snowflake.py for tasks to queue
[2025-09-15T09:07:55.193+0000] {logging_mixin.py:188} INFO - [2025-09-15T09:07:55.193+0000] {dagbag.py:540} INFO - Filling up the DagBag from /opt/airflow/dags/load_hour_to_snowflake.py
[2025-09-15T09:07:55.211+0000] {processor.py:840} INFO - DAG(s) 'load_hour_to_snowflake' retrieved from /opt/airflow/dags/load_hour_to_snowflake.py
[2025-09-15T09:07:55.235+0000] {logging_mixin.py:188} INFO - [2025-09-15T09:07:55.235+0000] {dag.py:3096} INFO - Sync 1 DAGs
[2025-09-15T09:07:55.246+0000] {logging_mixin.py:188} INFO - [2025-09-15T09:07:55.246+0000] {dag.py:3954} INFO - Setting next_dagrun for load_hour_to_snowflake to None, run_after=None
[2025-09-15T09:07:55.267+0000] {processor.py:183} INFO - Processing /opt/airflow/dags/load_hour_to_snowflake.py took 0.083 seconds
[2025-09-15T09:08:25.572+0000] {processor.py:161} INFO - Started process (PID=10393) to work on /opt/airflow/dags/load_hour_to_snowflake.py
[2025-09-15T09:08:25.573+0000] {processor.py:830} INFO - Processing file /opt/airflow/dags/load_hour_to_snowflake.py for tasks to queue
[2025-09-15T09:08:25.574+0000] {logging_mixin.py:188} INFO - [2025-09-15T09:08:25.574+0000] {dagbag.py:540} INFO - Filling up the DagBag from /opt/airflow/dags/load_hour_to_snowflake.py
[2025-09-15T09:08:25.595+0000] {processor.py:840} INFO - DAG(s) 'load_hour_to_snowflake' retrieved from /opt/airflow/dags/load_hour_to_snowflake.py
[2025-09-15T09:08:25.623+0000] {logging_mixin.py:188} INFO - [2025-09-15T09:08:25.622+0000] {dag.py:3096} INFO - Sync 1 DAGs
[2025-09-15T09:08:25.639+0000] {logging_mixin.py:188} INFO - [2025-09-15T09:08:25.638+0000] {dag.py:3954} INFO - Setting next_dagrun for load_hour_to_snowflake to None, run_after=None
[2025-09-15T09:08:25.659+0000] {processor.py:183} INFO - Processing /opt/airflow/dags/load_hour_to_snowflake.py took 0.093 seconds
[2025-09-15T09:08:56.327+0000] {processor.py:161} INFO - Started process (PID=10428) to work on /opt/airflow/dags/load_hour_to_snowflake.py
[2025-09-15T09:08:56.329+0000] {processor.py:830} INFO - Processing file /opt/airflow/dags/load_hour_to_snowflake.py for tasks to queue
[2025-09-15T09:08:56.330+0000] {logging_mixin.py:188} INFO - [2025-09-15T09:08:56.329+0000] {dagbag.py:540} INFO - Filling up the DagBag from /opt/airflow/dags/load_hour_to_snowflake.py
[2025-09-15T09:08:56.351+0000] {processor.py:840} INFO - DAG(s) 'load_hour_to_snowflake' retrieved from /opt/airflow/dags/load_hour_to_snowflake.py
[2025-09-15T09:08:56.377+0000] {logging_mixin.py:188} INFO - [2025-09-15T09:08:56.377+0000] {dag.py:3096} INFO - Sync 1 DAGs
[2025-09-15T09:08:56.389+0000] {logging_mixin.py:188} INFO - [2025-09-15T09:08:56.389+0000] {dag.py:3954} INFO - Setting next_dagrun for load_hour_to_snowflake to None, run_after=None
[2025-09-15T09:08:56.408+0000] {processor.py:183} INFO - Processing /opt/airflow/dags/load_hour_to_snowflake.py took 0.090 seconds
[2025-09-15T09:09:26.877+0000] {processor.py:161} INFO - Started process (PID=10463) to work on /opt/airflow/dags/load_hour_to_snowflake.py
[2025-09-15T09:09:26.879+0000] {processor.py:830} INFO - Processing file /opt/airflow/dags/load_hour_to_snowflake.py for tasks to queue
[2025-09-15T09:09:26.880+0000] {logging_mixin.py:188} INFO - [2025-09-15T09:09:26.880+0000] {dagbag.py:540} INFO - Filling up the DagBag from /opt/airflow/dags/load_hour_to_snowflake.py
[2025-09-15T09:09:26.903+0000] {processor.py:840} INFO - DAG(s) 'load_hour_to_snowflake' retrieved from /opt/airflow/dags/load_hour_to_snowflake.py
[2025-09-15T09:09:26.930+0000] {logging_mixin.py:188} INFO - [2025-09-15T09:09:26.930+0000] {dag.py:3096} INFO - Sync 1 DAGs
[2025-09-15T09:09:26.943+0000] {logging_mixin.py:188} INFO - [2025-09-15T09:09:26.942+0000] {dag.py:3954} INFO - Setting next_dagrun for load_hour_to_snowflake to None, run_after=None
[2025-09-15T09:09:26.967+0000] {processor.py:183} INFO - Processing /opt/airflow/dags/load_hour_to_snowflake.py took 0.096 seconds
[2025-09-15T09:09:57.727+0000] {processor.py:161} INFO - Started process (PID=10500) to work on /opt/airflow/dags/load_hour_to_snowflake.py
[2025-09-15T09:09:57.730+0000] {processor.py:830} INFO - Processing file /opt/airflow/dags/load_hour_to_snowflake.py for tasks to queue
[2025-09-15T09:09:57.732+0000] {logging_mixin.py:188} INFO - [2025-09-15T09:09:57.731+0000] {dagbag.py:540} INFO - Filling up the DagBag from /opt/airflow/dags/load_hour_to_snowflake.py
[2025-09-15T09:09:57.781+0000] {processor.py:840} INFO - DAG(s) 'load_hour_to_snowflake' retrieved from /opt/airflow/dags/load_hour_to_snowflake.py
[2025-09-15T09:09:57.922+0000] {logging_mixin.py:188} INFO - [2025-09-15T09:09:57.922+0000] {dag.py:3096} INFO - Sync 1 DAGs
[2025-09-15T09:09:57.972+0000] {logging_mixin.py:188} INFO - [2025-09-15T09:09:57.972+0000] {dag.py:3954} INFO - Setting next_dagrun for load_hour_to_snowflake to None, run_after=None
[2025-09-15T09:09:58.011+0000] {processor.py:183} INFO - Processing /opt/airflow/dags/load_hour_to_snowflake.py took 0.337 seconds
[2025-09-15T09:10:28.562+0000] {processor.py:161} INFO - Started process (PID=10537) to work on /opt/airflow/dags/load_hour_to_snowflake.py
[2025-09-15T09:10:28.563+0000] {processor.py:830} INFO - Processing file /opt/airflow/dags/load_hour_to_snowflake.py for tasks to queue
[2025-09-15T09:10:28.565+0000] {logging_mixin.py:188} INFO - [2025-09-15T09:10:28.564+0000] {dagbag.py:540} INFO - Filling up the DagBag from /opt/airflow/dags/load_hour_to_snowflake.py
[2025-09-15T09:10:28.588+0000] {processor.py:840} INFO - DAG(s) 'load_hour_to_snowflake' retrieved from /opt/airflow/dags/load_hour_to_snowflake.py
[2025-09-15T09:10:28.619+0000] {logging_mixin.py:188} INFO - [2025-09-15T09:10:28.619+0000] {dag.py:3096} INFO - Sync 1 DAGs
[2025-09-15T09:10:28.633+0000] {logging_mixin.py:188} INFO - [2025-09-15T09:10:28.633+0000] {dag.py:3954} INFO - Setting next_dagrun for load_hour_to_snowflake to None, run_after=None
[2025-09-15T09:10:28.668+0000] {processor.py:183} INFO - Processing /opt/airflow/dags/load_hour_to_snowflake.py took 0.116 seconds
[2025-09-15T09:10:59.146+0000] {processor.py:161} INFO - Started process (PID=10572) to work on /opt/airflow/dags/load_hour_to_snowflake.py
[2025-09-15T09:10:59.147+0000] {processor.py:830} INFO - Processing file /opt/airflow/dags/load_hour_to_snowflake.py for tasks to queue
[2025-09-15T09:10:59.149+0000] {logging_mixin.py:188} INFO - [2025-09-15T09:10:59.149+0000] {dagbag.py:540} INFO - Filling up the DagBag from /opt/airflow/dags/load_hour_to_snowflake.py
[2025-09-15T09:10:59.174+0000] {processor.py:840} INFO - DAG(s) 'load_hour_to_snowflake' retrieved from /opt/airflow/dags/load_hour_to_snowflake.py
[2025-09-15T09:10:59.203+0000] {logging_mixin.py:188} INFO - [2025-09-15T09:10:59.203+0000] {dag.py:3096} INFO - Sync 1 DAGs
[2025-09-15T09:10:59.215+0000] {logging_mixin.py:188} INFO - [2025-09-15T09:10:59.214+0000] {dag.py:3954} INFO - Setting next_dagrun for load_hour_to_snowflake to None, run_after=None
[2025-09-15T09:10:59.232+0000] {processor.py:183} INFO - Processing /opt/airflow/dags/load_hour_to_snowflake.py took 0.094 seconds
[2025-09-15T09:11:29.559+0000] {processor.py:161} INFO - Started process (PID=10611) to work on /opt/airflow/dags/load_hour_to_snowflake.py
[2025-09-15T09:11:29.560+0000] {processor.py:830} INFO - Processing file /opt/airflow/dags/load_hour_to_snowflake.py for tasks to queue
[2025-09-15T09:11:29.561+0000] {logging_mixin.py:188} INFO - [2025-09-15T09:11:29.561+0000] {dagbag.py:540} INFO - Filling up the DagBag from /opt/airflow/dags/load_hour_to_snowflake.py
[2025-09-15T09:11:29.583+0000] {processor.py:840} INFO - DAG(s) 'load_hour_to_snowflake' retrieved from /opt/airflow/dags/load_hour_to_snowflake.py
[2025-09-15T09:11:29.620+0000] {logging_mixin.py:188} INFO - [2025-09-15T09:11:29.620+0000] {dag.py:3096} INFO - Sync 1 DAGs
[2025-09-15T09:11:29.639+0000] {logging_mixin.py:188} INFO - [2025-09-15T09:11:29.639+0000] {dag.py:3954} INFO - Setting next_dagrun for load_hour_to_snowflake to None, run_after=None
[2025-09-15T09:11:29.683+0000] {processor.py:183} INFO - Processing /opt/airflow/dags/load_hour_to_snowflake.py took 0.131 seconds
[2025-09-15T09:12:00.059+0000] {processor.py:161} INFO - Started process (PID=10646) to work on /opt/airflow/dags/load_hour_to_snowflake.py
[2025-09-15T09:12:00.060+0000] {processor.py:830} INFO - Processing file /opt/airflow/dags/load_hour_to_snowflake.py for tasks to queue
[2025-09-15T09:12:00.061+0000] {logging_mixin.py:188} INFO - [2025-09-15T09:12:00.060+0000] {dagbag.py:540} INFO - Filling up the DagBag from /opt/airflow/dags/load_hour_to_snowflake.py
[2025-09-15T09:12:00.077+0000] {processor.py:840} INFO - DAG(s) 'load_hour_to_snowflake' retrieved from /opt/airflow/dags/load_hour_to_snowflake.py
[2025-09-15T09:12:00.103+0000] {logging_mixin.py:188} INFO - [2025-09-15T09:12:00.103+0000] {dag.py:3096} INFO - Sync 1 DAGs
[2025-09-15T09:12:00.114+0000] {logging_mixin.py:188} INFO - [2025-09-15T09:12:00.113+0000] {dag.py:3954} INFO - Setting next_dagrun for load_hour_to_snowflake to None, run_after=None
[2025-09-15T09:12:00.132+0000] {processor.py:183} INFO - Processing /opt/airflow/dags/load_hour_to_snowflake.py took 0.079 seconds
[2025-09-15T09:12:31.004+0000] {processor.py:161} INFO - Started process (PID=10681) to work on /opt/airflow/dags/load_hour_to_snowflake.py
[2025-09-15T09:12:31.005+0000] {processor.py:830} INFO - Processing file /opt/airflow/dags/load_hour_to_snowflake.py for tasks to queue
[2025-09-15T09:12:31.006+0000] {logging_mixin.py:188} INFO - [2025-09-15T09:12:31.006+0000] {dagbag.py:540} INFO - Filling up the DagBag from /opt/airflow/dags/load_hour_to_snowflake.py
[2025-09-15T09:12:31.025+0000] {processor.py:840} INFO - DAG(s) 'load_hour_to_snowflake' retrieved from /opt/airflow/dags/load_hour_to_snowflake.py
[2025-09-15T09:12:31.051+0000] {logging_mixin.py:188} INFO - [2025-09-15T09:12:31.050+0000] {dag.py:3096} INFO - Sync 1 DAGs
[2025-09-15T09:12:31.062+0000] {logging_mixin.py:188} INFO - [2025-09-15T09:12:31.062+0000] {dag.py:3954} INFO - Setting next_dagrun for load_hour_to_snowflake to None, run_after=None
[2025-09-15T09:12:31.080+0000] {processor.py:183} INFO - Processing /opt/airflow/dags/load_hour_to_snowflake.py took 0.082 seconds
[2025-09-15T09:13:01.241+0000] {processor.py:161} INFO - Started process (PID=10716) to work on /opt/airflow/dags/load_hour_to_snowflake.py
[2025-09-15T09:13:01.242+0000] {processor.py:830} INFO - Processing file /opt/airflow/dags/load_hour_to_snowflake.py for tasks to queue
[2025-09-15T09:13:01.243+0000] {logging_mixin.py:188} INFO - [2025-09-15T09:13:01.243+0000] {dagbag.py:540} INFO - Filling up the DagBag from /opt/airflow/dags/load_hour_to_snowflake.py
[2025-09-15T09:13:01.265+0000] {processor.py:840} INFO - DAG(s) 'load_hour_to_snowflake' retrieved from /opt/airflow/dags/load_hour_to_snowflake.py
[2025-09-15T09:13:01.297+0000] {logging_mixin.py:188} INFO - [2025-09-15T09:13:01.297+0000] {dag.py:3096} INFO - Sync 1 DAGs
[2025-09-15T09:13:01.311+0000] {logging_mixin.py:188} INFO - [2025-09-15T09:13:01.311+0000] {dag.py:3954} INFO - Setting next_dagrun for load_hour_to_snowflake to None, run_after=None
[2025-09-15T09:13:01.336+0000] {processor.py:183} INFO - Processing /opt/airflow/dags/load_hour_to_snowflake.py took 0.102 seconds
[2025-09-15T09:13:31.676+0000] {processor.py:161} INFO - Started process (PID=10751) to work on /opt/airflow/dags/load_hour_to_snowflake.py
[2025-09-15T09:13:31.677+0000] {processor.py:830} INFO - Processing file /opt/airflow/dags/load_hour_to_snowflake.py for tasks to queue
[2025-09-15T09:13:31.678+0000] {logging_mixin.py:188} INFO - [2025-09-15T09:13:31.678+0000] {dagbag.py:540} INFO - Filling up the DagBag from /opt/airflow/dags/load_hour_to_snowflake.py
[2025-09-15T09:13:31.700+0000] {processor.py:840} INFO - DAG(s) 'load_hour_to_snowflake' retrieved from /opt/airflow/dags/load_hour_to_snowflake.py
[2025-09-15T09:13:31.726+0000] {logging_mixin.py:188} INFO - [2025-09-15T09:13:31.726+0000] {dag.py:3096} INFO - Sync 1 DAGs
[2025-09-15T09:13:31.737+0000] {logging_mixin.py:188} INFO - [2025-09-15T09:13:31.737+0000] {dag.py:3954} INFO - Setting next_dagrun for load_hour_to_snowflake to None, run_after=None
[2025-09-15T09:13:31.756+0000] {processor.py:183} INFO - Processing /opt/airflow/dags/load_hour_to_snowflake.py took 0.087 seconds
[2025-09-15T09:14:02.513+0000] {processor.py:161} INFO - Started process (PID=10786) to work on /opt/airflow/dags/load_hour_to_snowflake.py
[2025-09-15T09:14:02.514+0000] {processor.py:830} INFO - Processing file /opt/airflow/dags/load_hour_to_snowflake.py for tasks to queue
[2025-09-15T09:14:02.515+0000] {logging_mixin.py:188} INFO - [2025-09-15T09:14:02.515+0000] {dagbag.py:540} INFO - Filling up the DagBag from /opt/airflow/dags/load_hour_to_snowflake.py
[2025-09-15T09:14:02.532+0000] {processor.py:840} INFO - DAG(s) 'load_hour_to_snowflake' retrieved from /opt/airflow/dags/load_hour_to_snowflake.py
[2025-09-15T09:14:02.557+0000] {logging_mixin.py:188} INFO - [2025-09-15T09:14:02.557+0000] {dag.py:3096} INFO - Sync 1 DAGs
[2025-09-15T09:14:02.569+0000] {logging_mixin.py:188} INFO - [2025-09-15T09:14:02.569+0000] {dag.py:3954} INFO - Setting next_dagrun for load_hour_to_snowflake to None, run_after=None
[2025-09-15T09:14:02.588+0000] {processor.py:183} INFO - Processing /opt/airflow/dags/load_hour_to_snowflake.py took 0.081 seconds
[2025-09-15T09:14:32.814+0000] {processor.py:161} INFO - Started process (PID=10825) to work on /opt/airflow/dags/load_hour_to_snowflake.py
[2025-09-15T09:14:32.815+0000] {processor.py:830} INFO - Processing file /opt/airflow/dags/load_hour_to_snowflake.py for tasks to queue
[2025-09-15T09:14:32.816+0000] {logging_mixin.py:188} INFO - [2025-09-15T09:14:32.815+0000] {dagbag.py:540} INFO - Filling up the DagBag from /opt/airflow/dags/load_hour_to_snowflake.py
[2025-09-15T09:14:32.836+0000] {processor.py:840} INFO - DAG(s) 'load_hour_to_snowflake' retrieved from /opt/airflow/dags/load_hour_to_snowflake.py
[2025-09-15T09:14:32.862+0000] {logging_mixin.py:188} INFO - [2025-09-15T09:14:32.862+0000] {dag.py:3096} INFO - Sync 1 DAGs
[2025-09-15T09:14:32.876+0000] {logging_mixin.py:188} INFO - [2025-09-15T09:14:32.875+0000] {dag.py:3954} INFO - Setting next_dagrun for load_hour_to_snowflake to None, run_after=None
[2025-09-15T09:14:32.896+0000] {processor.py:183} INFO - Processing /opt/airflow/dags/load_hour_to_snowflake.py took 0.088 seconds
[2025-09-15T09:15:03.414+0000] {processor.py:161} INFO - Started process (PID=10860) to work on /opt/airflow/dags/load_hour_to_snowflake.py
[2025-09-15T09:15:03.415+0000] {processor.py:830} INFO - Processing file /opt/airflow/dags/load_hour_to_snowflake.py for tasks to queue
[2025-09-15T09:15:03.416+0000] {logging_mixin.py:188} INFO - [2025-09-15T09:15:03.416+0000] {dagbag.py:540} INFO - Filling up the DagBag from /opt/airflow/dags/load_hour_to_snowflake.py
[2025-09-15T09:15:03.435+0000] {processor.py:840} INFO - DAG(s) 'load_hour_to_snowflake' retrieved from /opt/airflow/dags/load_hour_to_snowflake.py
[2025-09-15T09:15:03.462+0000] {logging_mixin.py:188} INFO - [2025-09-15T09:15:03.462+0000] {dag.py:3096} INFO - Sync 1 DAGs
[2025-09-15T09:15:03.473+0000] {logging_mixin.py:188} INFO - [2025-09-15T09:15:03.473+0000] {dag.py:3954} INFO - Setting next_dagrun for load_hour_to_snowflake to None, run_after=None
[2025-09-15T09:15:03.492+0000] {processor.py:183} INFO - Processing /opt/airflow/dags/load_hour_to_snowflake.py took 0.085 seconds
[2025-09-15T09:15:33.868+0000] {processor.py:161} INFO - Started process (PID=10895) to work on /opt/airflow/dags/load_hour_to_snowflake.py
[2025-09-15T09:15:33.869+0000] {processor.py:830} INFO - Processing file /opt/airflow/dags/load_hour_to_snowflake.py for tasks to queue
[2025-09-15T09:15:33.869+0000] {logging_mixin.py:188} INFO - [2025-09-15T09:15:33.869+0000] {dagbag.py:540} INFO - Filling up the DagBag from /opt/airflow/dags/load_hour_to_snowflake.py
[2025-09-15T09:15:33.885+0000] {processor.py:840} INFO - DAG(s) 'load_hour_to_snowflake' retrieved from /opt/airflow/dags/load_hour_to_snowflake.py
[2025-09-15T09:15:33.910+0000] {logging_mixin.py:188} INFO - [2025-09-15T09:15:33.910+0000] {dag.py:3096} INFO - Sync 1 DAGs
[2025-09-15T09:15:33.923+0000] {logging_mixin.py:188} INFO - [2025-09-15T09:15:33.923+0000] {dag.py:3954} INFO - Setting next_dagrun for load_hour_to_snowflake to None, run_after=None
[2025-09-15T09:15:33.942+0000] {processor.py:183} INFO - Processing /opt/airflow/dags/load_hour_to_snowflake.py took 0.081 seconds
[2025-09-15T09:16:04.439+0000] {processor.py:161} INFO - Started process (PID=10930) to work on /opt/airflow/dags/load_hour_to_snowflake.py
[2025-09-15T09:16:04.441+0000] {processor.py:830} INFO - Processing file /opt/airflow/dags/load_hour_to_snowflake.py for tasks to queue
[2025-09-15T09:16:04.441+0000] {logging_mixin.py:188} INFO - [2025-09-15T09:16:04.441+0000] {dagbag.py:540} INFO - Filling up the DagBag from /opt/airflow/dags/load_hour_to_snowflake.py
[2025-09-15T09:16:04.457+0000] {processor.py:840} INFO - DAG(s) 'load_hour_to_snowflake' retrieved from /opt/airflow/dags/load_hour_to_snowflake.py
[2025-09-15T09:16:04.481+0000] {logging_mixin.py:188} INFO - [2025-09-15T09:16:04.481+0000] {dag.py:3096} INFO - Sync 1 DAGs
[2025-09-15T09:16:04.493+0000] {logging_mixin.py:188} INFO - [2025-09-15T09:16:04.492+0000] {dag.py:3954} INFO - Setting next_dagrun for load_hour_to_snowflake to None, run_after=None
[2025-09-15T09:16:04.514+0000] {processor.py:183} INFO - Processing /opt/airflow/dags/load_hour_to_snowflake.py took 0.080 seconds
[2025-09-15T09:16:53.530+0000] {processor.py:161} INFO - Started process (PID=173) to work on /opt/airflow/dags/load_hour_to_snowflake.py
[2025-09-15T09:16:53.532+0000] {processor.py:830} INFO - Processing file /opt/airflow/dags/load_hour_to_snowflake.py for tasks to queue
[2025-09-15T09:16:53.534+0000] {logging_mixin.py:188} INFO - [2025-09-15T09:16:53.534+0000] {dagbag.py:540} INFO - Filling up the DagBag from /opt/airflow/dags/load_hour_to_snowflake.py
[2025-09-15T09:16:53.552+0000] {processor.py:840} INFO - DAG(s) 'load_hour_to_snowflake' retrieved from /opt/airflow/dags/load_hour_to_snowflake.py
[2025-09-15T09:16:53.579+0000] {logging_mixin.py:188} INFO - [2025-09-15T09:16:53.579+0000] {dag.py:3096} INFO - Sync 1 DAGs
[2025-09-15T09:16:53.591+0000] {logging_mixin.py:188} INFO - [2025-09-15T09:16:53.591+0000] {dag.py:3954} INFO - Setting next_dagrun for load_hour_to_snowflake to None, run_after=None
[2025-09-15T09:16:53.616+0000] {processor.py:183} INFO - Processing /opt/airflow/dags/load_hour_to_snowflake.py took 0.090 seconds
[2025-09-15T09:17:24.613+0000] {processor.py:161} INFO - Started process (PID=208) to work on /opt/airflow/dags/load_hour_to_snowflake.py
[2025-09-15T09:17:24.616+0000] {processor.py:830} INFO - Processing file /opt/airflow/dags/load_hour_to_snowflake.py for tasks to queue
[2025-09-15T09:17:24.626+0000] {logging_mixin.py:188} INFO - [2025-09-15T09:17:24.625+0000] {dagbag.py:540} INFO - Filling up the DagBag from /opt/airflow/dags/load_hour_to_snowflake.py
[2025-09-15T09:17:24.686+0000] {processor.py:840} INFO - DAG(s) 'load_hour_to_snowflake' retrieved from /opt/airflow/dags/load_hour_to_snowflake.py
[2025-09-15T09:17:24.955+0000] {logging_mixin.py:188} INFO - [2025-09-15T09:17:24.953+0000] {dag.py:3096} INFO - Sync 1 DAGs
[2025-09-15T09:17:24.982+0000] {logging_mixin.py:188} INFO - [2025-09-15T09:17:24.982+0000] {dag.py:3954} INFO - Setting next_dagrun for load_hour_to_snowflake to None, run_after=None
[2025-09-15T09:17:25.023+0000] {processor.py:183} INFO - Processing /opt/airflow/dags/load_hour_to_snowflake.py took 0.436 seconds
[2025-09-15T09:17:55.261+0000] {processor.py:161} INFO - Started process (PID=243) to work on /opt/airflow/dags/load_hour_to_snowflake.py
[2025-09-15T09:17:55.263+0000] {processor.py:830} INFO - Processing file /opt/airflow/dags/load_hour_to_snowflake.py for tasks to queue
[2025-09-15T09:17:55.265+0000] {logging_mixin.py:188} INFO - [2025-09-15T09:17:55.265+0000] {dagbag.py:540} INFO - Filling up the DagBag from /opt/airflow/dags/load_hour_to_snowflake.py
[2025-09-15T09:17:55.300+0000] {processor.py:840} INFO - DAG(s) 'load_hour_to_snowflake' retrieved from /opt/airflow/dags/load_hour_to_snowflake.py
[2025-09-15T09:17:55.371+0000] {logging_mixin.py:188} INFO - [2025-09-15T09:17:55.369+0000] {dag.py:3096} INFO - Sync 1 DAGs
[2025-09-15T09:17:55.405+0000] {logging_mixin.py:188} INFO - [2025-09-15T09:17:55.404+0000] {dag.py:3954} INFO - Setting next_dagrun for load_hour_to_snowflake to None, run_after=None
[2025-09-15T09:17:55.451+0000] {processor.py:183} INFO - Processing /opt/airflow/dags/load_hour_to_snowflake.py took 0.197 seconds
[2025-09-15T09:18:26.120+0000] {processor.py:161} INFO - Started process (PID=282) to work on /opt/airflow/dags/load_hour_to_snowflake.py
[2025-09-15T09:18:26.122+0000] {processor.py:830} INFO - Processing file /opt/airflow/dags/load_hour_to_snowflake.py for tasks to queue
[2025-09-15T09:18:26.125+0000] {logging_mixin.py:188} INFO - [2025-09-15T09:18:26.124+0000] {dagbag.py:540} INFO - Filling up the DagBag from /opt/airflow/dags/load_hour_to_snowflake.py
[2025-09-15T09:18:26.155+0000] {processor.py:840} INFO - DAG(s) 'load_hour_to_snowflake' retrieved from /opt/airflow/dags/load_hour_to_snowflake.py
[2025-09-15T09:18:26.195+0000] {logging_mixin.py:188} INFO - [2025-09-15T09:18:26.194+0000] {dag.py:3096} INFO - Sync 1 DAGs
[2025-09-15T09:18:26.209+0000] {logging_mixin.py:188} INFO - [2025-09-15T09:18:26.209+0000] {dag.py:3954} INFO - Setting next_dagrun for load_hour_to_snowflake to None, run_after=None
[2025-09-15T09:18:26.231+0000] {processor.py:183} INFO - Processing /opt/airflow/dags/load_hour_to_snowflake.py took 0.155 seconds
[2025-09-15T09:18:56.797+0000] {processor.py:161} INFO - Started process (PID=317) to work on /opt/airflow/dags/load_hour_to_snowflake.py
[2025-09-15T09:18:56.799+0000] {processor.py:830} INFO - Processing file /opt/airflow/dags/load_hour_to_snowflake.py for tasks to queue
[2025-09-15T09:18:56.802+0000] {logging_mixin.py:188} INFO - [2025-09-15T09:18:56.801+0000] {dagbag.py:540} INFO - Filling up the DagBag from /opt/airflow/dags/load_hour_to_snowflake.py
[2025-09-15T09:18:56.823+0000] {processor.py:840} INFO - DAG(s) 'load_hour_to_snowflake' retrieved from /opt/airflow/dags/load_hour_to_snowflake.py
[2025-09-15T09:18:56.857+0000] {logging_mixin.py:188} INFO - [2025-09-15T09:18:56.856+0000] {dag.py:3096} INFO - Sync 1 DAGs
[2025-09-15T09:18:56.872+0000] {logging_mixin.py:188} INFO - [2025-09-15T09:18:56.872+0000] {dag.py:3954} INFO - Setting next_dagrun for load_hour_to_snowflake to None, run_after=None
[2025-09-15T09:18:56.896+0000] {processor.py:183} INFO - Processing /opt/airflow/dags/load_hour_to_snowflake.py took 0.106 seconds
[2025-09-15T09:19:27.596+0000] {processor.py:161} INFO - Started process (PID=352) to work on /opt/airflow/dags/load_hour_to_snowflake.py
[2025-09-15T09:19:27.597+0000] {processor.py:830} INFO - Processing file /opt/airflow/dags/load_hour_to_snowflake.py for tasks to queue
[2025-09-15T09:19:27.599+0000] {logging_mixin.py:188} INFO - [2025-09-15T09:19:27.599+0000] {dagbag.py:540} INFO - Filling up the DagBag from /opt/airflow/dags/load_hour_to_snowflake.py
[2025-09-15T09:19:27.616+0000] {processor.py:840} INFO - DAG(s) 'load_hour_to_snowflake' retrieved from /opt/airflow/dags/load_hour_to_snowflake.py
[2025-09-15T09:19:27.647+0000] {logging_mixin.py:188} INFO - [2025-09-15T09:19:27.646+0000] {dag.py:3096} INFO - Sync 1 DAGs
[2025-09-15T09:19:27.660+0000] {logging_mixin.py:188} INFO - [2025-09-15T09:19:27.660+0000] {dag.py:3954} INFO - Setting next_dagrun for load_hour_to_snowflake to None, run_after=None
[2025-09-15T09:19:27.685+0000] {processor.py:183} INFO - Processing /opt/airflow/dags/load_hour_to_snowflake.py took 0.094 seconds
[2025-09-15T09:19:58.234+0000] {processor.py:161} INFO - Started process (PID=399) to work on /opt/airflow/dags/load_hour_to_snowflake.py
[2025-09-15T09:19:58.235+0000] {processor.py:830} INFO - Processing file /opt/airflow/dags/load_hour_to_snowflake.py for tasks to queue
[2025-09-15T09:19:58.240+0000] {logging_mixin.py:188} INFO - [2025-09-15T09:19:58.239+0000] {dagbag.py:540} INFO - Filling up the DagBag from /opt/airflow/dags/load_hour_to_snowflake.py
[2025-09-15T09:19:58.273+0000] {processor.py:840} INFO - DAG(s) 'load_hour_to_snowflake' retrieved from /opt/airflow/dags/load_hour_to_snowflake.py
[2025-09-15T09:19:58.308+0000] {logging_mixin.py:188} INFO - [2025-09-15T09:19:58.308+0000] {dag.py:3096} INFO - Sync 1 DAGs
[2025-09-15T09:19:58.324+0000] {logging_mixin.py:188} INFO - [2025-09-15T09:19:58.324+0000] {dag.py:3954} INFO - Setting next_dagrun for load_hour_to_snowflake to None, run_after=None
[2025-09-15T09:19:58.353+0000] {processor.py:183} INFO - Processing /opt/airflow/dags/load_hour_to_snowflake.py took 0.129 seconds
[2025-09-15T09:20:29.277+0000] {processor.py:161} INFO - Started process (PID=434) to work on /opt/airflow/dags/load_hour_to_snowflake.py
[2025-09-15T09:20:29.278+0000] {processor.py:830} INFO - Processing file /opt/airflow/dags/load_hour_to_snowflake.py for tasks to queue
[2025-09-15T09:20:29.281+0000] {logging_mixin.py:188} INFO - [2025-09-15T09:20:29.281+0000] {dagbag.py:540} INFO - Filling up the DagBag from /opt/airflow/dags/load_hour_to_snowflake.py
[2025-09-15T09:20:29.298+0000] {processor.py:840} INFO - DAG(s) 'load_hour_to_snowflake' retrieved from /opt/airflow/dags/load_hour_to_snowflake.py
[2025-09-15T09:20:29.328+0000] {logging_mixin.py:188} INFO - [2025-09-15T09:20:29.328+0000] {dag.py:3096} INFO - Sync 1 DAGs
[2025-09-15T09:20:29.341+0000] {logging_mixin.py:188} INFO - [2025-09-15T09:20:29.341+0000] {dag.py:3954} INFO - Setting next_dagrun for load_hour_to_snowflake to None, run_after=None
[2025-09-15T09:20:29.361+0000] {processor.py:183} INFO - Processing /opt/airflow/dags/load_hour_to_snowflake.py took 0.091 seconds
[2025-09-15T09:20:58.234+0000] {processor.py:161} INFO - Started process (PID=469) to work on /opt/airflow/dags/load_hour_to_snowflake.py
[2025-09-15T09:20:58.235+0000] {processor.py:830} INFO - Processing file /opt/airflow/dags/load_hour_to_snowflake.py for tasks to queue
[2025-09-15T09:20:58.236+0000] {logging_mixin.py:188} INFO - [2025-09-15T09:20:58.236+0000] {dagbag.py:540} INFO - Filling up the DagBag from /opt/airflow/dags/load_hour_to_snowflake.py
[2025-09-15T09:20:58.260+0000] {processor.py:840} INFO - DAG(s) 'load_hour_to_snowflake' retrieved from /opt/airflow/dags/load_hour_to_snowflake.py
[2025-09-15T09:20:58.290+0000] {logging_mixin.py:188} INFO - [2025-09-15T09:20:58.290+0000] {dag.py:3096} INFO - Sync 1 DAGs
[2025-09-15T09:20:58.303+0000] {logging_mixin.py:188} INFO - [2025-09-15T09:20:58.302+0000] {dag.py:3954} INFO - Setting next_dagrun for load_hour_to_snowflake to None, run_after=None
[2025-09-15T09:20:58.324+0000] {processor.py:183} INFO - Processing /opt/airflow/dags/load_hour_to_snowflake.py took 0.096 seconds
[2025-09-15T09:21:28.696+0000] {processor.py:161} INFO - Started process (PID=504) to work on /opt/airflow/dags/load_hour_to_snowflake.py
[2025-09-15T09:21:28.697+0000] {processor.py:830} INFO - Processing file /opt/airflow/dags/load_hour_to_snowflake.py for tasks to queue
[2025-09-15T09:21:28.698+0000] {logging_mixin.py:188} INFO - [2025-09-15T09:21:28.698+0000] {dagbag.py:540} INFO - Filling up the DagBag from /opt/airflow/dags/load_hour_to_snowflake.py
[2025-09-15T09:21:28.723+0000] {processor.py:840} INFO - DAG(s) 'load_hour_to_snowflake' retrieved from /opt/airflow/dags/load_hour_to_snowflake.py
[2025-09-15T09:21:28.755+0000] {logging_mixin.py:188} INFO - [2025-09-15T09:21:28.755+0000] {dag.py:3096} INFO - Sync 1 DAGs
[2025-09-15T09:21:28.769+0000] {logging_mixin.py:188} INFO - [2025-09-15T09:21:28.768+0000] {dag.py:3954} INFO - Setting next_dagrun for load_hour_to_snowflake to None, run_after=None
[2025-09-15T09:21:28.815+0000] {processor.py:183} INFO - Processing /opt/airflow/dags/load_hour_to_snowflake.py took 0.128 seconds
[2025-09-15T09:21:59.045+0000] {processor.py:161} INFO - Started process (PID=539) to work on /opt/airflow/dags/load_hour_to_snowflake.py
[2025-09-15T09:21:59.047+0000] {processor.py:830} INFO - Processing file /opt/airflow/dags/load_hour_to_snowflake.py for tasks to queue
[2025-09-15T09:21:59.048+0000] {logging_mixin.py:188} INFO - [2025-09-15T09:21:59.047+0000] {dagbag.py:540} INFO - Filling up the DagBag from /opt/airflow/dags/load_hour_to_snowflake.py
[2025-09-15T09:21:59.069+0000] {processor.py:840} INFO - DAG(s) 'load_hour_to_snowflake' retrieved from /opt/airflow/dags/load_hour_to_snowflake.py
[2025-09-15T09:21:59.097+0000] {logging_mixin.py:188} INFO - [2025-09-15T09:21:59.097+0000] {dag.py:3096} INFO - Sync 1 DAGs
[2025-09-15T09:21:59.110+0000] {logging_mixin.py:188} INFO - [2025-09-15T09:21:59.110+0000] {dag.py:3954} INFO - Setting next_dagrun for load_hour_to_snowflake to None, run_after=None
[2025-09-15T09:21:59.130+0000] {processor.py:183} INFO - Processing /opt/airflow/dags/load_hour_to_snowflake.py took 0.093 seconds
[2025-09-15T09:22:29.868+0000] {processor.py:161} INFO - Started process (PID=574) to work on /opt/airflow/dags/load_hour_to_snowflake.py
[2025-09-15T09:22:29.876+0000] {processor.py:830} INFO - Processing file /opt/airflow/dags/load_hour_to_snowflake.py for tasks to queue
[2025-09-15T09:22:29.882+0000] {logging_mixin.py:188} INFO - [2025-09-15T09:22:29.881+0000] {dagbag.py:540} INFO - Filling up the DagBag from /opt/airflow/dags/load_hour_to_snowflake.py
[2025-09-15T09:22:29.945+0000] {processor.py:840} INFO - DAG(s) 'load_hour_to_snowflake' retrieved from /opt/airflow/dags/load_hour_to_snowflake.py
[2025-09-15T09:22:29.985+0000] {logging_mixin.py:188} INFO - [2025-09-15T09:22:29.984+0000] {dag.py:3096} INFO - Sync 1 DAGs
[2025-09-15T09:22:30.003+0000] {logging_mixin.py:188} INFO - [2025-09-15T09:22:30.002+0000] {dag.py:3954} INFO - Setting next_dagrun for load_hour_to_snowflake to None, run_after=None
[2025-09-15T09:22:30.041+0000] {processor.py:183} INFO - Processing /opt/airflow/dags/load_hour_to_snowflake.py took 0.202 seconds
[2025-09-15T09:23:00.271+0000] {processor.py:161} INFO - Started process (PID=614) to work on /opt/airflow/dags/load_hour_to_snowflake.py
[2025-09-15T09:23:00.272+0000] {processor.py:830} INFO - Processing file /opt/airflow/dags/load_hour_to_snowflake.py for tasks to queue
[2025-09-15T09:23:00.273+0000] {logging_mixin.py:188} INFO - [2025-09-15T09:23:00.272+0000] {dagbag.py:540} INFO - Filling up the DagBag from /opt/airflow/dags/load_hour_to_snowflake.py
[2025-09-15T09:23:00.291+0000] {processor.py:840} INFO - DAG(s) 'load_hour_to_snowflake' retrieved from /opt/airflow/dags/load_hour_to_snowflake.py
[2025-09-15T09:23:00.320+0000] {logging_mixin.py:188} INFO - [2025-09-15T09:23:00.320+0000] {dag.py:3096} INFO - Sync 1 DAGs
[2025-09-15T09:23:00.332+0000] {logging_mixin.py:188} INFO - [2025-09-15T09:23:00.332+0000] {dag.py:3954} INFO - Setting next_dagrun for load_hour_to_snowflake to None, run_after=None
[2025-09-15T09:23:00.352+0000] {processor.py:183} INFO - Processing /opt/airflow/dags/load_hour_to_snowflake.py took 0.086 seconds
[2025-09-15T09:23:31.309+0000] {processor.py:161} INFO - Started process (PID=674) to work on /opt/airflow/dags/load_hour_to_snowflake.py
[2025-09-15T09:23:31.310+0000] {processor.py:830} INFO - Processing file /opt/airflow/dags/load_hour_to_snowflake.py for tasks to queue
[2025-09-15T09:23:31.311+0000] {logging_mixin.py:188} INFO - [2025-09-15T09:23:31.311+0000] {dagbag.py:540} INFO - Filling up the DagBag from /opt/airflow/dags/load_hour_to_snowflake.py
[2025-09-15T09:23:31.331+0000] {processor.py:840} INFO - DAG(s) 'load_hour_to_snowflake' retrieved from /opt/airflow/dags/load_hour_to_snowflake.py
[2025-09-15T09:23:31.360+0000] {logging_mixin.py:188} INFO - [2025-09-15T09:23:31.360+0000] {dag.py:3096} INFO - Sync 1 DAGs
[2025-09-15T09:23:31.372+0000] {logging_mixin.py:188} INFO - [2025-09-15T09:23:31.372+0000] {dag.py:3954} INFO - Setting next_dagrun for load_hour_to_snowflake to None, run_after=None
[2025-09-15T09:23:31.394+0000] {processor.py:183} INFO - Processing /opt/airflow/dags/load_hour_to_snowflake.py took 0.090 seconds
[2025-09-15T09:24:01.754+0000] {processor.py:161} INFO - Started process (PID=709) to work on /opt/airflow/dags/load_hour_to_snowflake.py
[2025-09-15T09:24:01.755+0000] {processor.py:830} INFO - Processing file /opt/airflow/dags/load_hour_to_snowflake.py for tasks to queue
[2025-09-15T09:24:01.756+0000] {logging_mixin.py:188} INFO - [2025-09-15T09:24:01.755+0000] {dagbag.py:540} INFO - Filling up the DagBag from /opt/airflow/dags/load_hour_to_snowflake.py
[2025-09-15T09:24:01.774+0000] {processor.py:840} INFO - DAG(s) 'load_hour_to_snowflake' retrieved from /opt/airflow/dags/load_hour_to_snowflake.py
[2025-09-15T09:24:01.802+0000] {logging_mixin.py:188} INFO - [2025-09-15T09:24:01.802+0000] {dag.py:3096} INFO - Sync 1 DAGs
[2025-09-15T09:24:01.814+0000] {logging_mixin.py:188} INFO - [2025-09-15T09:24:01.814+0000] {dag.py:3954} INFO - Setting next_dagrun for load_hour_to_snowflake to None, run_after=None
[2025-09-15T09:24:01.834+0000] {processor.py:183} INFO - Processing /opt/airflow/dags/load_hour_to_snowflake.py took 0.087 seconds
[2025-09-15T09:24:32.356+0000] {processor.py:161} INFO - Started process (PID=744) to work on /opt/airflow/dags/load_hour_to_snowflake.py
[2025-09-15T09:24:32.357+0000] {processor.py:830} INFO - Processing file /opt/airflow/dags/load_hour_to_snowflake.py for tasks to queue
[2025-09-15T09:24:32.358+0000] {logging_mixin.py:188} INFO - [2025-09-15T09:24:32.358+0000] {dagbag.py:540} INFO - Filling up the DagBag from /opt/airflow/dags/load_hour_to_snowflake.py
[2025-09-15T09:24:32.377+0000] {processor.py:840} INFO - DAG(s) 'load_hour_to_snowflake' retrieved from /opt/airflow/dags/load_hour_to_snowflake.py
[2025-09-15T09:24:32.406+0000] {logging_mixin.py:188} INFO - [2025-09-15T09:24:32.406+0000] {dag.py:3096} INFO - Sync 1 DAGs
[2025-09-15T09:24:32.420+0000] {logging_mixin.py:188} INFO - [2025-09-15T09:24:32.420+0000] {dag.py:3954} INFO - Setting next_dagrun for load_hour_to_snowflake to None, run_after=None
[2025-09-15T09:24:32.447+0000] {processor.py:183} INFO - Processing /opt/airflow/dags/load_hour_to_snowflake.py took 0.097 seconds
[2025-09-15T09:25:02.524+0000] {processor.py:161} INFO - Started process (PID=782) to work on /opt/airflow/dags/load_hour_to_snowflake.py
[2025-09-15T09:25:02.525+0000] {processor.py:830} INFO - Processing file /opt/airflow/dags/load_hour_to_snowflake.py for tasks to queue
[2025-09-15T09:25:02.526+0000] {logging_mixin.py:188} INFO - [2025-09-15T09:25:02.526+0000] {dagbag.py:540} INFO - Filling up the DagBag from /opt/airflow/dags/load_hour_to_snowflake.py
[2025-09-15T09:25:02.546+0000] {processor.py:840} INFO - DAG(s) 'load_hour_to_snowflake' retrieved from /opt/airflow/dags/load_hour_to_snowflake.py
[2025-09-15T09:25:02.573+0000] {logging_mixin.py:188} INFO - [2025-09-15T09:25:02.573+0000] {dag.py:3096} INFO - Sync 1 DAGs
[2025-09-15T09:25:02.586+0000] {logging_mixin.py:188} INFO - [2025-09-15T09:25:02.586+0000] {dag.py:3954} INFO - Setting next_dagrun for load_hour_to_snowflake to None, run_after=None
[2025-09-15T09:25:02.607+0000] {processor.py:183} INFO - Processing /opt/airflow/dags/load_hour_to_snowflake.py took 0.090 seconds
[2025-09-15T09:25:33.296+0000] {processor.py:161} INFO - Started process (PID=818) to work on /opt/airflow/dags/load_hour_to_snowflake.py
[2025-09-15T09:25:33.298+0000] {processor.py:830} INFO - Processing file /opt/airflow/dags/load_hour_to_snowflake.py for tasks to queue
[2025-09-15T09:25:33.299+0000] {logging_mixin.py:188} INFO - [2025-09-15T09:25:33.299+0000] {dagbag.py:540} INFO - Filling up the DagBag from /opt/airflow/dags/load_hour_to_snowflake.py
[2025-09-15T09:25:33.319+0000] {processor.py:840} INFO - DAG(s) 'load_hour_to_snowflake' retrieved from /opt/airflow/dags/load_hour_to_snowflake.py
[2025-09-15T09:25:33.350+0000] {logging_mixin.py:188} INFO - [2025-09-15T09:25:33.349+0000] {dag.py:3096} INFO - Sync 1 DAGs
[2025-09-15T09:25:33.364+0000] {logging_mixin.py:188} INFO - [2025-09-15T09:25:33.363+0000] {dag.py:3954} INFO - Setting next_dagrun for load_hour_to_snowflake to None, run_after=None
[2025-09-15T09:25:33.384+0000] {processor.py:183} INFO - Processing /opt/airflow/dags/load_hour_to_snowflake.py took 0.095 seconds
[2025-09-15T09:26:04.380+0000] {processor.py:161} INFO - Started process (PID=853) to work on /opt/airflow/dags/load_hour_to_snowflake.py
[2025-09-15T09:26:04.381+0000] {processor.py:830} INFO - Processing file /opt/airflow/dags/load_hour_to_snowflake.py for tasks to queue
[2025-09-15T09:26:04.383+0000] {logging_mixin.py:188} INFO - [2025-09-15T09:26:04.382+0000] {dagbag.py:540} INFO - Filling up the DagBag from /opt/airflow/dags/load_hour_to_snowflake.py
[2025-09-15T09:26:04.404+0000] {processor.py:840} INFO - DAG(s) 'load_hour_to_snowflake' retrieved from /opt/airflow/dags/load_hour_to_snowflake.py
[2025-09-15T09:26:04.437+0000] {logging_mixin.py:188} INFO - [2025-09-15T09:26:04.437+0000] {dag.py:3096} INFO - Sync 1 DAGs
[2025-09-15T09:26:04.449+0000] {logging_mixin.py:188} INFO - [2025-09-15T09:26:04.449+0000] {dag.py:3954} INFO - Setting next_dagrun for load_hour_to_snowflake to None, run_after=None
[2025-09-15T09:26:04.468+0000] {processor.py:183} INFO - Processing /opt/airflow/dags/load_hour_to_snowflake.py took 0.097 seconds
[2025-09-15T09:26:35.201+0000] {processor.py:161} INFO - Started process (PID=888) to work on /opt/airflow/dags/load_hour_to_snowflake.py
[2025-09-15T09:26:35.203+0000] {processor.py:830} INFO - Processing file /opt/airflow/dags/load_hour_to_snowflake.py for tasks to queue
[2025-09-15T09:26:35.204+0000] {logging_mixin.py:188} INFO - [2025-09-15T09:26:35.203+0000] {dagbag.py:540} INFO - Filling up the DagBag from /opt/airflow/dags/load_hour_to_snowflake.py
[2025-09-15T09:26:35.227+0000] {processor.py:840} INFO - DAG(s) 'load_hour_to_snowflake' retrieved from /opt/airflow/dags/load_hour_to_snowflake.py
[2025-09-15T09:26:35.258+0000] {logging_mixin.py:188} INFO - [2025-09-15T09:26:35.257+0000] {dag.py:3096} INFO - Sync 1 DAGs
[2025-09-15T09:26:35.270+0000] {logging_mixin.py:188} INFO - [2025-09-15T09:26:35.270+0000] {dag.py:3954} INFO - Setting next_dagrun for load_hour_to_snowflake to None, run_after=None
[2025-09-15T09:26:35.291+0000] {processor.py:183} INFO - Processing /opt/airflow/dags/load_hour_to_snowflake.py took 0.097 seconds
[2025-09-15T09:27:06.252+0000] {processor.py:161} INFO - Started process (PID=923) to work on /opt/airflow/dags/load_hour_to_snowflake.py
[2025-09-15T09:27:06.254+0000] {processor.py:830} INFO - Processing file /opt/airflow/dags/load_hour_to_snowflake.py for tasks to queue
[2025-09-15T09:27:06.254+0000] {logging_mixin.py:188} INFO - [2025-09-15T09:27:06.254+0000] {dagbag.py:540} INFO - Filling up the DagBag from /opt/airflow/dags/load_hour_to_snowflake.py
[2025-09-15T09:27:06.279+0000] {processor.py:840} INFO - DAG(s) 'load_hour_to_snowflake' retrieved from /opt/airflow/dags/load_hour_to_snowflake.py
[2025-09-15T09:27:06.310+0000] {logging_mixin.py:188} INFO - [2025-09-15T09:27:06.310+0000] {dag.py:3096} INFO - Sync 1 DAGs
[2025-09-15T09:27:06.323+0000] {logging_mixin.py:188} INFO - [2025-09-15T09:27:06.323+0000] {dag.py:3954} INFO - Setting next_dagrun for load_hour_to_snowflake to None, run_after=None
[2025-09-15T09:27:06.346+0000] {processor.py:183} INFO - Processing /opt/airflow/dags/load_hour_to_snowflake.py took 0.101 seconds
[2025-09-15T09:27:36.889+0000] {processor.py:161} INFO - Started process (PID=958) to work on /opt/airflow/dags/load_hour_to_snowflake.py
[2025-09-15T09:27:36.890+0000] {processor.py:830} INFO - Processing file /opt/airflow/dags/load_hour_to_snowflake.py for tasks to queue
[2025-09-15T09:27:36.891+0000] {logging_mixin.py:188} INFO - [2025-09-15T09:27:36.891+0000] {dagbag.py:540} INFO - Filling up the DagBag from /opt/airflow/dags/load_hour_to_snowflake.py
[2025-09-15T09:27:36.917+0000] {processor.py:840} INFO - DAG(s) 'load_hour_to_snowflake' retrieved from /opt/airflow/dags/load_hour_to_snowflake.py
[2025-09-15T09:27:36.961+0000] {logging_mixin.py:188} INFO - [2025-09-15T09:27:36.961+0000] {dag.py:3096} INFO - Sync 1 DAGs
[2025-09-15T09:27:36.978+0000] {logging_mixin.py:188} INFO - [2025-09-15T09:27:36.978+0000] {dag.py:3954} INFO - Setting next_dagrun for load_hour_to_snowflake to None, run_after=None
[2025-09-15T09:27:37.013+0000] {processor.py:183} INFO - Processing /opt/airflow/dags/load_hour_to_snowflake.py took 0.132 seconds
[2025-09-15T09:28:08.042+0000] {processor.py:161} INFO - Started process (PID=1002) to work on /opt/airflow/dags/load_hour_to_snowflake.py
[2025-09-15T09:28:08.053+0000] {processor.py:830} INFO - Processing file /opt/airflow/dags/load_hour_to_snowflake.py for tasks to queue
[2025-09-15T09:28:08.066+0000] {logging_mixin.py:188} INFO - [2025-09-15T09:28:08.064+0000] {dagbag.py:540} INFO - Filling up the DagBag from /opt/airflow/dags/load_hour_to_snowflake.py
[2025-09-15T09:28:08.357+0000] {processor.py:840} INFO - DAG(s) 'load_hour_to_snowflake' retrieved from /opt/airflow/dags/load_hour_to_snowflake.py
[2025-09-15T09:28:08.538+0000] {logging_mixin.py:188} INFO - [2025-09-15T09:28:08.537+0000] {dag.py:3096} INFO - Sync 1 DAGs
[2025-09-15T09:28:08.620+0000] {logging_mixin.py:188} INFO - [2025-09-15T09:28:08.619+0000] {dag.py:3954} INFO - Setting next_dagrun for load_hour_to_snowflake to None, run_after=None
[2025-09-15T09:28:08.809+0000] {processor.py:183} INFO - Processing /opt/airflow/dags/load_hour_to_snowflake.py took 0.843 seconds
[2025-09-15T09:28:39.667+0000] {processor.py:161} INFO - Started process (PID=1042) to work on /opt/airflow/dags/load_hour_to_snowflake.py
[2025-09-15T09:28:39.669+0000] {processor.py:830} INFO - Processing file /opt/airflow/dags/load_hour_to_snowflake.py for tasks to queue
[2025-09-15T09:28:39.669+0000] {logging_mixin.py:188} INFO - [2025-09-15T09:28:39.669+0000] {dagbag.py:540} INFO - Filling up the DagBag from /opt/airflow/dags/load_hour_to_snowflake.py
[2025-09-15T09:28:39.689+0000] {processor.py:840} INFO - DAG(s) 'load_hour_to_snowflake' retrieved from /opt/airflow/dags/load_hour_to_snowflake.py
[2025-09-15T09:28:39.725+0000] {logging_mixin.py:188} INFO - [2025-09-15T09:28:39.724+0000] {dag.py:3096} INFO - Sync 1 DAGs
[2025-09-15T09:28:39.740+0000] {logging_mixin.py:188} INFO - [2025-09-15T09:28:39.739+0000] {dag.py:3954} INFO - Setting next_dagrun for load_hour_to_snowflake to None, run_after=None
[2025-09-15T09:28:39.766+0000] {processor.py:183} INFO - Processing /opt/airflow/dags/load_hour_to_snowflake.py took 0.105 seconds
[2025-09-15T09:29:10.293+0000] {processor.py:161} INFO - Started process (PID=1077) to work on /opt/airflow/dags/load_hour_to_snowflake.py
[2025-09-15T09:29:10.294+0000] {processor.py:830} INFO - Processing file /opt/airflow/dags/load_hour_to_snowflake.py for tasks to queue
[2025-09-15T09:29:10.295+0000] {logging_mixin.py:188} INFO - [2025-09-15T09:29:10.295+0000] {dagbag.py:540} INFO - Filling up the DagBag from /opt/airflow/dags/load_hour_to_snowflake.py
[2025-09-15T09:29:10.314+0000] {processor.py:840} INFO - DAG(s) 'load_hour_to_snowflake' retrieved from /opt/airflow/dags/load_hour_to_snowflake.py
[2025-09-15T09:29:10.343+0000] {logging_mixin.py:188} INFO - [2025-09-15T09:29:10.343+0000] {dag.py:3096} INFO - Sync 1 DAGs
[2025-09-15T09:29:10.356+0000] {logging_mixin.py:188} INFO - [2025-09-15T09:29:10.356+0000] {dag.py:3954} INFO - Setting next_dagrun for load_hour_to_snowflake to None, run_after=None
[2025-09-15T09:29:10.387+0000] {processor.py:183} INFO - Processing /opt/airflow/dags/load_hour_to_snowflake.py took 0.100 seconds
[2025-09-15T09:29:40.877+0000] {processor.py:161} INFO - Started process (PID=1112) to work on /opt/airflow/dags/load_hour_to_snowflake.py
[2025-09-15T09:29:40.878+0000] {processor.py:830} INFO - Processing file /opt/airflow/dags/load_hour_to_snowflake.py for tasks to queue
[2025-09-15T09:29:40.879+0000] {logging_mixin.py:188} INFO - [2025-09-15T09:29:40.879+0000] {dagbag.py:540} INFO - Filling up the DagBag from /opt/airflow/dags/load_hour_to_snowflake.py
[2025-09-15T09:29:40.904+0000] {processor.py:840} INFO - DAG(s) 'load_hour_to_snowflake' retrieved from /opt/airflow/dags/load_hour_to_snowflake.py
[2025-09-15T09:29:40.943+0000] {logging_mixin.py:188} INFO - [2025-09-15T09:29:40.942+0000] {dag.py:3096} INFO - Sync 1 DAGs
[2025-09-15T09:29:40.964+0000] {logging_mixin.py:188} INFO - [2025-09-15T09:29:40.964+0000] {dag.py:3954} INFO - Setting next_dagrun for load_hour_to_snowflake to None, run_after=None
[2025-09-15T09:29:41.009+0000] {processor.py:183} INFO - Processing /opt/airflow/dags/load_hour_to_snowflake.py took 0.139 seconds
[2025-09-15T09:30:11.419+0000] {processor.py:161} INFO - Started process (PID=1151) to work on /opt/airflow/dags/load_hour_to_snowflake.py
[2025-09-15T09:30:11.421+0000] {processor.py:830} INFO - Processing file /opt/airflow/dags/load_hour_to_snowflake.py for tasks to queue
[2025-09-15T09:30:11.423+0000] {logging_mixin.py:188} INFO - [2025-09-15T09:30:11.422+0000] {dagbag.py:540} INFO - Filling up the DagBag from /opt/airflow/dags/load_hour_to_snowflake.py
[2025-09-15T09:30:11.447+0000] {processor.py:840} INFO - DAG(s) 'load_hour_to_snowflake' retrieved from /opt/airflow/dags/load_hour_to_snowflake.py
[2025-09-15T09:30:11.486+0000] {logging_mixin.py:188} INFO - [2025-09-15T09:30:11.485+0000] {dag.py:3096} INFO - Sync 1 DAGs
[2025-09-15T09:30:11.512+0000] {logging_mixin.py:188} INFO - [2025-09-15T09:30:11.512+0000] {dag.py:3954} INFO - Setting next_dagrun for load_hour_to_snowflake to None, run_after=None
[2025-09-15T09:30:11.562+0000] {processor.py:183} INFO - Processing /opt/airflow/dags/load_hour_to_snowflake.py took 0.153 seconds
[2025-09-15T09:30:42.454+0000] {processor.py:161} INFO - Started process (PID=1186) to work on /opt/airflow/dags/load_hour_to_snowflake.py
[2025-09-15T09:30:42.457+0000] {processor.py:830} INFO - Processing file /opt/airflow/dags/load_hour_to_snowflake.py for tasks to queue
[2025-09-15T09:30:42.459+0000] {logging_mixin.py:188} INFO - [2025-09-15T09:30:42.458+0000] {dagbag.py:540} INFO - Filling up the DagBag from /opt/airflow/dags/load_hour_to_snowflake.py
[2025-09-15T09:30:42.493+0000] {processor.py:840} INFO - DAG(s) 'load_hour_to_snowflake' retrieved from /opt/airflow/dags/load_hour_to_snowflake.py
[2025-09-15T09:30:42.526+0000] {logging_mixin.py:188} INFO - [2025-09-15T09:30:42.526+0000] {dag.py:3096} INFO - Sync 1 DAGs
[2025-09-15T09:30:42.540+0000] {logging_mixin.py:188} INFO - [2025-09-15T09:30:42.539+0000] {dag.py:3954} INFO - Setting next_dagrun for load_hour_to_snowflake to None, run_after=None
[2025-09-15T09:30:42.563+0000] {processor.py:183} INFO - Processing /opt/airflow/dags/load_hour_to_snowflake.py took 0.120 seconds
[2025-09-15T09:31:12.765+0000] {processor.py:161} INFO - Started process (PID=1221) to work on /opt/airflow/dags/load_hour_to_snowflake.py
[2025-09-15T09:31:12.768+0000] {processor.py:830} INFO - Processing file /opt/airflow/dags/load_hour_to_snowflake.py for tasks to queue
[2025-09-15T09:31:12.786+0000] {logging_mixin.py:188} INFO - [2025-09-15T09:31:12.775+0000] {dagbag.py:540} INFO - Filling up the DagBag from /opt/airflow/dags/load_hour_to_snowflake.py
[2025-09-15T09:31:12.962+0000] {processor.py:840} INFO - DAG(s) 'load_hour_to_snowflake' retrieved from /opt/airflow/dags/load_hour_to_snowflake.py
[2025-09-15T09:31:13.097+0000] {logging_mixin.py:188} INFO - [2025-09-15T09:31:13.097+0000] {dag.py:3096} INFO - Sync 1 DAGs
[2025-09-15T09:31:13.115+0000] {logging_mixin.py:188} INFO - [2025-09-15T09:31:13.115+0000] {dag.py:3954} INFO - Setting next_dagrun for load_hour_to_snowflake to None, run_after=None
[2025-09-15T09:31:13.143+0000] {processor.py:183} INFO - Processing /opt/airflow/dags/load_hour_to_snowflake.py took 0.399 seconds
[2025-09-15T09:31:44.035+0000] {processor.py:161} INFO - Started process (PID=1256) to work on /opt/airflow/dags/load_hour_to_snowflake.py
[2025-09-15T09:31:44.036+0000] {processor.py:830} INFO - Processing file /opt/airflow/dags/load_hour_to_snowflake.py for tasks to queue
[2025-09-15T09:31:44.037+0000] {logging_mixin.py:188} INFO - [2025-09-15T09:31:44.037+0000] {dagbag.py:540} INFO - Filling up the DagBag from /opt/airflow/dags/load_hour_to_snowflake.py
[2025-09-15T09:31:44.057+0000] {processor.py:840} INFO - DAG(s) 'load_hour_to_snowflake' retrieved from /opt/airflow/dags/load_hour_to_snowflake.py
[2025-09-15T09:31:44.093+0000] {logging_mixin.py:188} INFO - [2025-09-15T09:31:44.093+0000] {dag.py:3096} INFO - Sync 1 DAGs
[2025-09-15T09:31:44.108+0000] {logging_mixin.py:188} INFO - [2025-09-15T09:31:44.108+0000] {dag.py:3954} INFO - Setting next_dagrun for load_hour_to_snowflake to None, run_after=None
[2025-09-15T09:31:44.156+0000] {processor.py:183} INFO - Processing /opt/airflow/dags/load_hour_to_snowflake.py took 0.127 seconds
[2025-09-15T09:32:14.498+0000] {processor.py:161} INFO - Started process (PID=1291) to work on /opt/airflow/dags/load_hour_to_snowflake.py
[2025-09-15T09:32:14.500+0000] {processor.py:830} INFO - Processing file /opt/airflow/dags/load_hour_to_snowflake.py for tasks to queue
[2025-09-15T09:32:14.501+0000] {logging_mixin.py:188} INFO - [2025-09-15T09:32:14.501+0000] {dagbag.py:540} INFO - Filling up the DagBag from /opt/airflow/dags/load_hour_to_snowflake.py
[2025-09-15T09:32:14.528+0000] {processor.py:840} INFO - DAG(s) 'load_hour_to_snowflake' retrieved from /opt/airflow/dags/load_hour_to_snowflake.py
[2025-09-15T09:32:14.565+0000] {logging_mixin.py:188} INFO - [2025-09-15T09:32:14.565+0000] {dag.py:3096} INFO - Sync 1 DAGs
[2025-09-15T09:32:14.577+0000] {logging_mixin.py:188} INFO - [2025-09-15T09:32:14.577+0000] {dag.py:3954} INFO - Setting next_dagrun for load_hour_to_snowflake to None, run_after=None
[2025-09-15T09:32:14.599+0000] {processor.py:183} INFO - Processing /opt/airflow/dags/load_hour_to_snowflake.py took 0.109 seconds
[2025-09-15T09:32:45.435+0000] {processor.py:161} INFO - Started process (PID=1326) to work on /opt/airflow/dags/load_hour_to_snowflake.py
[2025-09-15T09:32:45.436+0000] {processor.py:830} INFO - Processing file /opt/airflow/dags/load_hour_to_snowflake.py for tasks to queue
[2025-09-15T09:32:45.437+0000] {logging_mixin.py:188} INFO - [2025-09-15T09:32:45.437+0000] {dagbag.py:540} INFO - Filling up the DagBag from /opt/airflow/dags/load_hour_to_snowflake.py
[2025-09-15T09:32:45.461+0000] {processor.py:840} INFO - DAG(s) 'load_hour_to_snowflake' retrieved from /opt/airflow/dags/load_hour_to_snowflake.py
[2025-09-15T09:32:45.499+0000] {logging_mixin.py:188} INFO - [2025-09-15T09:32:45.498+0000] {dag.py:3096} INFO - Sync 1 DAGs
[2025-09-15T09:32:45.512+0000] {logging_mixin.py:188} INFO - [2025-09-15T09:32:45.512+0000] {dag.py:3954} INFO - Setting next_dagrun for load_hour_to_snowflake to None, run_after=None
[2025-09-15T09:32:45.533+0000] {processor.py:183} INFO - Processing /opt/airflow/dags/load_hour_to_snowflake.py took 0.103 seconds
[2025-09-15T09:33:16.081+0000] {processor.py:161} INFO - Started process (PID=1365) to work on /opt/airflow/dags/load_hour_to_snowflake.py
[2025-09-15T09:33:16.082+0000] {processor.py:830} INFO - Processing file /opt/airflow/dags/load_hour_to_snowflake.py for tasks to queue
[2025-09-15T09:33:16.083+0000] {logging_mixin.py:188} INFO - [2025-09-15T09:33:16.083+0000] {dagbag.py:540} INFO - Filling up the DagBag from /opt/airflow/dags/load_hour_to_snowflake.py
[2025-09-15T09:33:16.109+0000] {processor.py:840} INFO - DAG(s) 'load_hour_to_snowflake' retrieved from /opt/airflow/dags/load_hour_to_snowflake.py
[2025-09-15T09:33:16.143+0000] {logging_mixin.py:188} INFO - [2025-09-15T09:33:16.143+0000] {dag.py:3096} INFO - Sync 1 DAGs
[2025-09-15T09:33:16.156+0000] {logging_mixin.py:188} INFO - [2025-09-15T09:33:16.156+0000] {dag.py:3954} INFO - Setting next_dagrun for load_hour_to_snowflake to None, run_after=None
[2025-09-15T09:33:16.173+0000] {processor.py:183} INFO - Processing /opt/airflow/dags/load_hour_to_snowflake.py took 0.098 seconds
[2025-09-15T09:33:46.613+0000] {processor.py:161} INFO - Started process (PID=1400) to work on /opt/airflow/dags/load_hour_to_snowflake.py
[2025-09-15T09:33:46.614+0000] {processor.py:830} INFO - Processing file /opt/airflow/dags/load_hour_to_snowflake.py for tasks to queue
[2025-09-15T09:33:46.614+0000] {logging_mixin.py:188} INFO - [2025-09-15T09:33:46.614+0000] {dagbag.py:540} INFO - Filling up the DagBag from /opt/airflow/dags/load_hour_to_snowflake.py
[2025-09-15T09:33:46.633+0000] {processor.py:840} INFO - DAG(s) 'load_hour_to_snowflake' retrieved from /opt/airflow/dags/load_hour_to_snowflake.py
[2025-09-15T09:33:46.661+0000] {logging_mixin.py:188} INFO - [2025-09-15T09:33:46.661+0000] {dag.py:3096} INFO - Sync 1 DAGs
[2025-09-15T09:33:46.674+0000] {logging_mixin.py:188} INFO - [2025-09-15T09:33:46.674+0000] {dag.py:3954} INFO - Setting next_dagrun for load_hour_to_snowflake to None, run_after=None
[2025-09-15T09:33:46.694+0000] {processor.py:183} INFO - Processing /opt/airflow/dags/load_hour_to_snowflake.py took 0.088 seconds
[2025-09-15T09:34:17.134+0000] {processor.py:161} INFO - Started process (PID=1435) to work on /opt/airflow/dags/load_hour_to_snowflake.py
[2025-09-15T09:34:17.135+0000] {processor.py:830} INFO - Processing file /opt/airflow/dags/load_hour_to_snowflake.py for tasks to queue
[2025-09-15T09:34:17.136+0000] {logging_mixin.py:188} INFO - [2025-09-15T09:34:17.136+0000] {dagbag.py:540} INFO - Filling up the DagBag from /opt/airflow/dags/load_hour_to_snowflake.py
[2025-09-15T09:34:17.160+0000] {processor.py:840} INFO - DAG(s) 'load_hour_to_snowflake' retrieved from /opt/airflow/dags/load_hour_to_snowflake.py
[2025-09-15T09:34:17.189+0000] {logging_mixin.py:188} INFO - [2025-09-15T09:34:17.189+0000] {dag.py:3096} INFO - Sync 1 DAGs
[2025-09-15T09:34:17.202+0000] {logging_mixin.py:188} INFO - [2025-09-15T09:34:17.201+0000] {dag.py:3954} INFO - Setting next_dagrun for load_hour_to_snowflake to None, run_after=None
[2025-09-15T09:34:17.221+0000] {processor.py:183} INFO - Processing /opt/airflow/dags/load_hour_to_snowflake.py took 0.094 seconds
[2025-09-15T09:34:47.877+0000] {processor.py:161} INFO - Started process (PID=1470) to work on /opt/airflow/dags/load_hour_to_snowflake.py
[2025-09-15T09:34:47.878+0000] {processor.py:830} INFO - Processing file /opt/airflow/dags/load_hour_to_snowflake.py for tasks to queue
[2025-09-15T09:34:47.879+0000] {logging_mixin.py:188} INFO - [2025-09-15T09:34:47.879+0000] {dagbag.py:540} INFO - Filling up the DagBag from /opt/airflow/dags/load_hour_to_snowflake.py
[2025-09-15T09:34:47.901+0000] {processor.py:840} INFO - DAG(s) 'load_hour_to_snowflake' retrieved from /opt/airflow/dags/load_hour_to_snowflake.py
[2025-09-15T09:34:47.931+0000] {logging_mixin.py:188} INFO - [2025-09-15T09:34:47.930+0000] {dag.py:3096} INFO - Sync 1 DAGs
[2025-09-15T09:34:47.944+0000] {logging_mixin.py:188} INFO - [2025-09-15T09:34:47.944+0000] {dag.py:3954} INFO - Setting next_dagrun for load_hour_to_snowflake to None, run_after=None
[2025-09-15T09:34:47.964+0000] {processor.py:183} INFO - Processing /opt/airflow/dags/load_hour_to_snowflake.py took 0.093 seconds
[2025-09-15T09:35:18.463+0000] {processor.py:161} INFO - Started process (PID=1505) to work on /opt/airflow/dags/load_hour_to_snowflake.py
[2025-09-15T09:35:18.464+0000] {processor.py:830} INFO - Processing file /opt/airflow/dags/load_hour_to_snowflake.py for tasks to queue
[2025-09-15T09:35:18.465+0000] {logging_mixin.py:188} INFO - [2025-09-15T09:35:18.465+0000] {dagbag.py:540} INFO - Filling up the DagBag from /opt/airflow/dags/load_hour_to_snowflake.py
[2025-09-15T09:35:18.492+0000] {processor.py:840} INFO - DAG(s) 'load_hour_to_snowflake' retrieved from /opt/airflow/dags/load_hour_to_snowflake.py
[2025-09-15T09:35:18.526+0000] {logging_mixin.py:188} INFO - [2025-09-15T09:35:18.526+0000] {dag.py:3096} INFO - Sync 1 DAGs
[2025-09-15T09:35:18.540+0000] {logging_mixin.py:188} INFO - [2025-09-15T09:35:18.540+0000] {dag.py:3954} INFO - Setting next_dagrun for load_hour_to_snowflake to None, run_after=None
[2025-09-15T09:35:18.565+0000] {processor.py:183} INFO - Processing /opt/airflow/dags/load_hour_to_snowflake.py took 0.115 seconds
[2025-09-15T09:35:49.047+0000] {processor.py:161} INFO - Started process (PID=1540) to work on /opt/airflow/dags/load_hour_to_snowflake.py
[2025-09-15T09:35:49.049+0000] {processor.py:830} INFO - Processing file /opt/airflow/dags/load_hour_to_snowflake.py for tasks to queue
[2025-09-15T09:35:49.051+0000] {logging_mixin.py:188} INFO - [2025-09-15T09:35:49.051+0000] {dagbag.py:540} INFO - Filling up the DagBag from /opt/airflow/dags/load_hour_to_snowflake.py
[2025-09-15T09:35:49.082+0000] {processor.py:840} INFO - DAG(s) 'load_hour_to_snowflake' retrieved from /opt/airflow/dags/load_hour_to_snowflake.py
[2025-09-15T09:35:49.138+0000] {logging_mixin.py:188} INFO - [2025-09-15T09:35:49.137+0000] {dag.py:3096} INFO - Sync 1 DAGs
[2025-09-15T09:35:49.161+0000] {logging_mixin.py:188} INFO - [2025-09-15T09:35:49.160+0000] {dag.py:3954} INFO - Setting next_dagrun for load_hour_to_snowflake to None, run_after=None
[2025-09-15T09:35:49.190+0000] {processor.py:183} INFO - Processing /opt/airflow/dags/load_hour_to_snowflake.py took 0.155 seconds
[2025-09-15T09:36:19.757+0000] {processor.py:161} INFO - Started process (PID=1575) to work on /opt/airflow/dags/load_hour_to_snowflake.py
[2025-09-15T09:36:19.760+0000] {processor.py:830} INFO - Processing file /opt/airflow/dags/load_hour_to_snowflake.py for tasks to queue
[2025-09-15T09:36:19.762+0000] {logging_mixin.py:188} INFO - [2025-09-15T09:36:19.762+0000] {dagbag.py:540} INFO - Filling up the DagBag from /opt/airflow/dags/load_hour_to_snowflake.py
[2025-09-15T09:36:19.808+0000] {processor.py:840} INFO - DAG(s) 'load_hour_to_snowflake' retrieved from /opt/airflow/dags/load_hour_to_snowflake.py
[2025-09-15T09:36:19.899+0000] {logging_mixin.py:188} INFO - [2025-09-15T09:36:19.898+0000] {dag.py:3096} INFO - Sync 1 DAGs
[2025-09-15T09:36:19.938+0000] {logging_mixin.py:188} INFO - [2025-09-15T09:36:19.937+0000] {dag.py:3954} INFO - Setting next_dagrun for load_hour_to_snowflake to None, run_after=None
[2025-09-15T09:36:19.995+0000] {processor.py:183} INFO - Processing /opt/airflow/dags/load_hour_to_snowflake.py took 0.256 seconds
[2025-09-15T09:36:50.402+0000] {processor.py:161} INFO - Started process (PID=1610) to work on /opt/airflow/dags/load_hour_to_snowflake.py
[2025-09-15T09:36:50.403+0000] {processor.py:830} INFO - Processing file /opt/airflow/dags/load_hour_to_snowflake.py for tasks to queue
[2025-09-15T09:36:50.404+0000] {logging_mixin.py:188} INFO - [2025-09-15T09:36:50.404+0000] {dagbag.py:540} INFO - Filling up the DagBag from /opt/airflow/dags/load_hour_to_snowflake.py
[2025-09-15T09:36:50.423+0000] {processor.py:840} INFO - DAG(s) 'load_hour_to_snowflake' retrieved from /opt/airflow/dags/load_hour_to_snowflake.py
[2025-09-15T09:36:50.453+0000] {logging_mixin.py:188} INFO - [2025-09-15T09:36:50.452+0000] {dag.py:3096} INFO - Sync 1 DAGs
[2025-09-15T09:36:50.465+0000] {logging_mixin.py:188} INFO - [2025-09-15T09:36:50.464+0000] {dag.py:3954} INFO - Setting next_dagrun for load_hour_to_snowflake to None, run_after=None
[2025-09-15T09:36:50.486+0000] {processor.py:183} INFO - Processing /opt/airflow/dags/load_hour_to_snowflake.py took 0.090 seconds
[2025-09-15T09:37:21.221+0000] {processor.py:161} INFO - Started process (PID=1645) to work on /opt/airflow/dags/load_hour_to_snowflake.py
[2025-09-15T09:37:21.222+0000] {processor.py:830} INFO - Processing file /opt/airflow/dags/load_hour_to_snowflake.py for tasks to queue
[2025-09-15T09:37:21.222+0000] {logging_mixin.py:188} INFO - [2025-09-15T09:37:21.222+0000] {dagbag.py:540} INFO - Filling up the DagBag from /opt/airflow/dags/load_hour_to_snowflake.py
[2025-09-15T09:37:21.241+0000] {processor.py:840} INFO - DAG(s) 'load_hour_to_snowflake' retrieved from /opt/airflow/dags/load_hour_to_snowflake.py
[2025-09-15T09:37:21.270+0000] {logging_mixin.py:188} INFO - [2025-09-15T09:37:21.269+0000] {dag.py:3096} INFO - Sync 1 DAGs
[2025-09-15T09:37:21.283+0000] {logging_mixin.py:188} INFO - [2025-09-15T09:37:21.283+0000] {dag.py:3954} INFO - Setting next_dagrun for load_hour_to_snowflake to None, run_after=None
[2025-09-15T09:37:21.303+0000] {processor.py:183} INFO - Processing /opt/airflow/dags/load_hour_to_snowflake.py took 0.089 seconds
[2025-09-15T09:37:51.802+0000] {processor.py:161} INFO - Started process (PID=1680) to work on /opt/airflow/dags/load_hour_to_snowflake.py
[2025-09-15T09:37:51.804+0000] {processor.py:830} INFO - Processing file /opt/airflow/dags/load_hour_to_snowflake.py for tasks to queue
[2025-09-15T09:37:51.805+0000] {logging_mixin.py:188} INFO - [2025-09-15T09:37:51.804+0000] {dagbag.py:540} INFO - Filling up the DagBag from /opt/airflow/dags/load_hour_to_snowflake.py
[2025-09-15T09:37:51.826+0000] {processor.py:840} INFO - DAG(s) 'load_hour_to_snowflake' retrieved from /opt/airflow/dags/load_hour_to_snowflake.py
[2025-09-15T09:37:51.858+0000] {logging_mixin.py:188} INFO - [2025-09-15T09:37:51.858+0000] {dag.py:3096} INFO - Sync 1 DAGs
[2025-09-15T09:37:51.873+0000] {logging_mixin.py:188} INFO - [2025-09-15T09:37:51.873+0000] {dag.py:3954} INFO - Setting next_dagrun for load_hour_to_snowflake to None, run_after=None
[2025-09-15T09:37:51.895+0000] {processor.py:183} INFO - Processing /opt/airflow/dags/load_hour_to_snowflake.py took 0.102 seconds
[2025-09-15T09:38:22.750+0000] {processor.py:161} INFO - Started process (PID=1715) to work on /opt/airflow/dags/load_hour_to_snowflake.py
[2025-09-15T09:38:22.752+0000] {processor.py:830} INFO - Processing file /opt/airflow/dags/load_hour_to_snowflake.py for tasks to queue
[2025-09-15T09:38:22.753+0000] {logging_mixin.py:188} INFO - [2025-09-15T09:38:22.753+0000] {dagbag.py:540} INFO - Filling up the DagBag from /opt/airflow/dags/load_hour_to_snowflake.py
[2025-09-15T09:38:22.777+0000] {processor.py:840} INFO - DAG(s) 'load_hour_to_snowflake' retrieved from /opt/airflow/dags/load_hour_to_snowflake.py
[2025-09-15T09:38:22.814+0000] {logging_mixin.py:188} INFO - [2025-09-15T09:38:22.813+0000] {dag.py:3096} INFO - Sync 1 DAGs
[2025-09-15T09:38:22.828+0000] {logging_mixin.py:188} INFO - [2025-09-15T09:38:22.828+0000] {dag.py:3954} INFO - Setting next_dagrun for load_hour_to_snowflake to None, run_after=None
[2025-09-15T09:38:22.855+0000] {processor.py:183} INFO - Processing /opt/airflow/dags/load_hour_to_snowflake.py took 0.111 seconds
[2025-09-15T09:38:53.591+0000] {processor.py:161} INFO - Started process (PID=1752) to work on /opt/airflow/dags/load_hour_to_snowflake.py
[2025-09-15T09:38:53.595+0000] {processor.py:830} INFO - Processing file /opt/airflow/dags/load_hour_to_snowflake.py for tasks to queue
[2025-09-15T09:38:53.600+0000] {logging_mixin.py:188} INFO - [2025-09-15T09:38:53.597+0000] {dagbag.py:540} INFO - Filling up the DagBag from /opt/airflow/dags/load_hour_to_snowflake.py
[2025-09-15T09:38:53.826+0000] {processor.py:840} INFO - DAG(s) 'load_hour_to_snowflake' retrieved from /opt/airflow/dags/load_hour_to_snowflake.py
[2025-09-15T09:38:55.387+0000] {logging_mixin.py:188} INFO - [2025-09-15T09:38:55.386+0000] {dag.py:3096} INFO - Sync 1 DAGs
[2025-09-15T09:38:55.426+0000] {logging_mixin.py:188} INFO - [2025-09-15T09:38:55.425+0000] {dag.py:3954} INFO - Setting next_dagrun for load_hour_to_snowflake to None, run_after=None
[2025-09-15T09:38:55.520+0000] {processor.py:183} INFO - Processing /opt/airflow/dags/load_hour_to_snowflake.py took 1.978 seconds
[2025-09-15T09:39:25.753+0000] {processor.py:161} INFO - Started process (PID=1789) to work on /opt/airflow/dags/load_hour_to_snowflake.py
[2025-09-15T09:39:25.755+0000] {processor.py:830} INFO - Processing file /opt/airflow/dags/load_hour_to_snowflake.py for tasks to queue
[2025-09-15T09:39:25.756+0000] {logging_mixin.py:188} INFO - [2025-09-15T09:39:25.755+0000] {dagbag.py:540} INFO - Filling up the DagBag from /opt/airflow/dags/load_hour_to_snowflake.py
[2025-09-15T09:39:25.778+0000] {processor.py:840} INFO - DAG(s) 'load_hour_to_snowflake' retrieved from /opt/airflow/dags/load_hour_to_snowflake.py
[2025-09-15T09:39:25.809+0000] {logging_mixin.py:188} INFO - [2025-09-15T09:39:25.809+0000] {dag.py:3096} INFO - Sync 1 DAGs
[2025-09-15T09:39:25.824+0000] {logging_mixin.py:188} INFO - [2025-09-15T09:39:25.824+0000] {dag.py:3954} INFO - Setting next_dagrun for load_hour_to_snowflake to None, run_after=None
[2025-09-15T09:39:25.847+0000] {processor.py:183} INFO - Processing /opt/airflow/dags/load_hour_to_snowflake.py took 0.101 seconds
[2025-09-15T09:39:56.290+0000] {processor.py:161} INFO - Started process (PID=1824) to work on /opt/airflow/dags/load_hour_to_snowflake.py
[2025-09-15T09:39:56.291+0000] {processor.py:830} INFO - Processing file /opt/airflow/dags/load_hour_to_snowflake.py for tasks to queue
[2025-09-15T09:39:56.292+0000] {logging_mixin.py:188} INFO - [2025-09-15T09:39:56.292+0000] {dagbag.py:540} INFO - Filling up the DagBag from /opt/airflow/dags/load_hour_to_snowflake.py
[2025-09-15T09:39:56.314+0000] {processor.py:840} INFO - DAG(s) 'load_hour_to_snowflake' retrieved from /opt/airflow/dags/load_hour_to_snowflake.py
[2025-09-15T09:39:56.351+0000] {logging_mixin.py:188} INFO - [2025-09-15T09:39:56.351+0000] {dag.py:3096} INFO - Sync 1 DAGs
[2025-09-15T09:39:56.365+0000] {logging_mixin.py:188} INFO - [2025-09-15T09:39:56.364+0000] {dag.py:3954} INFO - Setting next_dagrun for load_hour_to_snowflake to None, run_after=None
[2025-09-15T09:39:56.385+0000] {processor.py:183} INFO - Processing /opt/airflow/dags/load_hour_to_snowflake.py took 0.100 seconds
[2025-09-15T09:40:27.034+0000] {processor.py:161} INFO - Started process (PID=1859) to work on /opt/airflow/dags/load_hour_to_snowflake.py
[2025-09-15T09:40:27.035+0000] {processor.py:830} INFO - Processing file /opt/airflow/dags/load_hour_to_snowflake.py for tasks to queue
[2025-09-15T09:40:27.036+0000] {logging_mixin.py:188} INFO - [2025-09-15T09:40:27.035+0000] {dagbag.py:540} INFO - Filling up the DagBag from /opt/airflow/dags/load_hour_to_snowflake.py
[2025-09-15T09:40:27.053+0000] {processor.py:840} INFO - DAG(s) 'load_hour_to_snowflake' retrieved from /opt/airflow/dags/load_hour_to_snowflake.py
[2025-09-15T09:40:27.085+0000] {logging_mixin.py:188} INFO - [2025-09-15T09:40:27.085+0000] {dag.py:3096} INFO - Sync 1 DAGs
[2025-09-15T09:40:27.098+0000] {logging_mixin.py:188} INFO - [2025-09-15T09:40:27.098+0000] {dag.py:3954} INFO - Setting next_dagrun for load_hour_to_snowflake to None, run_after=None
[2025-09-15T09:40:27.121+0000] {processor.py:183} INFO - Processing /opt/airflow/dags/load_hour_to_snowflake.py took 0.093 seconds
[2025-09-15T09:40:57.651+0000] {processor.py:161} INFO - Started process (PID=1894) to work on /opt/airflow/dags/load_hour_to_snowflake.py
[2025-09-15T09:40:57.652+0000] {processor.py:830} INFO - Processing file /opt/airflow/dags/load_hour_to_snowflake.py for tasks to queue
[2025-09-15T09:40:57.653+0000] {logging_mixin.py:188} INFO - [2025-09-15T09:40:57.653+0000] {dagbag.py:540} INFO - Filling up the DagBag from /opt/airflow/dags/load_hour_to_snowflake.py
[2025-09-15T09:40:57.679+0000] {processor.py:840} INFO - DAG(s) 'load_hour_to_snowflake' retrieved from /opt/airflow/dags/load_hour_to_snowflake.py
[2025-09-15T09:40:57.712+0000] {logging_mixin.py:188} INFO - [2025-09-15T09:40:57.711+0000] {dag.py:3096} INFO - Sync 1 DAGs
[2025-09-15T09:40:57.726+0000] {logging_mixin.py:188} INFO - [2025-09-15T09:40:57.726+0000] {dag.py:3954} INFO - Setting next_dagrun for load_hour_to_snowflake to None, run_after=None
[2025-09-15T09:40:57.751+0000] {processor.py:183} INFO - Processing /opt/airflow/dags/load_hour_to_snowflake.py took 0.110 seconds
[2025-09-15T09:41:28.192+0000] {processor.py:161} INFO - Started process (PID=1929) to work on /opt/airflow/dags/load_hour_to_snowflake.py
[2025-09-15T09:41:28.193+0000] {processor.py:830} INFO - Processing file /opt/airflow/dags/load_hour_to_snowflake.py for tasks to queue
[2025-09-15T09:41:28.194+0000] {logging_mixin.py:188} INFO - [2025-09-15T09:41:28.194+0000] {dagbag.py:540} INFO - Filling up the DagBag from /opt/airflow/dags/load_hour_to_snowflake.py
[2025-09-15T09:41:28.214+0000] {processor.py:840} INFO - DAG(s) 'load_hour_to_snowflake' retrieved from /opt/airflow/dags/load_hour_to_snowflake.py
[2025-09-15T09:41:28.246+0000] {logging_mixin.py:188} INFO - [2025-09-15T09:41:28.246+0000] {dag.py:3096} INFO - Sync 1 DAGs
[2025-09-15T09:41:28.258+0000] {logging_mixin.py:188} INFO - [2025-09-15T09:41:28.258+0000] {dag.py:3954} INFO - Setting next_dagrun for load_hour_to_snowflake to None, run_after=None
[2025-09-15T09:41:28.279+0000] {processor.py:183} INFO - Processing /opt/airflow/dags/load_hour_to_snowflake.py took 0.092 seconds
[2025-09-15T09:41:59.066+0000] {processor.py:161} INFO - Started process (PID=1964) to work on /opt/airflow/dags/load_hour_to_snowflake.py
[2025-09-15T09:41:59.067+0000] {processor.py:830} INFO - Processing file /opt/airflow/dags/load_hour_to_snowflake.py for tasks to queue
[2025-09-15T09:41:59.068+0000] {logging_mixin.py:188} INFO - [2025-09-15T09:41:59.067+0000] {dagbag.py:540} INFO - Filling up the DagBag from /opt/airflow/dags/load_hour_to_snowflake.py
[2025-09-15T09:41:59.090+0000] {processor.py:840} INFO - DAG(s) 'load_hour_to_snowflake' retrieved from /opt/airflow/dags/load_hour_to_snowflake.py
[2025-09-15T09:41:59.122+0000] {logging_mixin.py:188} INFO - [2025-09-15T09:41:59.122+0000] {dag.py:3096} INFO - Sync 1 DAGs
[2025-09-15T09:41:59.135+0000] {logging_mixin.py:188} INFO - [2025-09-15T09:41:59.135+0000] {dag.py:3954} INFO - Setting next_dagrun for load_hour_to_snowflake to None, run_after=None
[2025-09-15T09:41:59.155+0000] {processor.py:183} INFO - Processing /opt/airflow/dags/load_hour_to_snowflake.py took 0.096 seconds
[2025-09-15T09:42:29.547+0000] {processor.py:161} INFO - Started process (PID=1999) to work on /opt/airflow/dags/load_hour_to_snowflake.py
[2025-09-15T09:42:29.548+0000] {processor.py:830} INFO - Processing file /opt/airflow/dags/load_hour_to_snowflake.py for tasks to queue
[2025-09-15T09:42:29.549+0000] {logging_mixin.py:188} INFO - [2025-09-15T09:42:29.549+0000] {dagbag.py:540} INFO - Filling up the DagBag from /opt/airflow/dags/load_hour_to_snowflake.py
[2025-09-15T09:42:29.568+0000] {processor.py:840} INFO - DAG(s) 'load_hour_to_snowflake' retrieved from /opt/airflow/dags/load_hour_to_snowflake.py
[2025-09-15T09:42:29.601+0000] {logging_mixin.py:188} INFO - [2025-09-15T09:42:29.600+0000] {dag.py:3096} INFO - Sync 1 DAGs
[2025-09-15T09:42:29.614+0000] {logging_mixin.py:188} INFO - [2025-09-15T09:42:29.613+0000] {dag.py:3954} INFO - Setting next_dagrun for load_hour_to_snowflake to None, run_after=None
[2025-09-15T09:42:29.635+0000] {processor.py:183} INFO - Processing /opt/airflow/dags/load_hour_to_snowflake.py took 0.094 seconds
[2025-09-15T09:42:59.811+0000] {processor.py:161} INFO - Started process (PID=2034) to work on /opt/airflow/dags/load_hour_to_snowflake.py
[2025-09-15T09:42:59.813+0000] {processor.py:830} INFO - Processing file /opt/airflow/dags/load_hour_to_snowflake.py for tasks to queue
[2025-09-15T09:42:59.815+0000] {logging_mixin.py:188} INFO - [2025-09-15T09:42:59.814+0000] {dagbag.py:540} INFO - Filling up the DagBag from /opt/airflow/dags/load_hour_to_snowflake.py
[2025-09-15T09:42:59.840+0000] {processor.py:840} INFO - DAG(s) 'load_hour_to_snowflake' retrieved from /opt/airflow/dags/load_hour_to_snowflake.py
[2025-09-15T09:42:59.873+0000] {logging_mixin.py:188} INFO - [2025-09-15T09:42:59.873+0000] {dag.py:3096} INFO - Sync 1 DAGs
[2025-09-15T09:42:59.886+0000] {logging_mixin.py:188} INFO - [2025-09-15T09:42:59.886+0000] {dag.py:3954} INFO - Setting next_dagrun for load_hour_to_snowflake to None, run_after=None
[2025-09-15T09:42:59.913+0000] {processor.py:183} INFO - Processing /opt/airflow/dags/load_hour_to_snowflake.py took 0.109 seconds
[2025-09-15T09:43:30.018+0000] {processor.py:161} INFO - Started process (PID=2084) to work on /opt/airflow/dags/load_hour_to_snowflake.py
[2025-09-15T09:43:30.019+0000] {processor.py:830} INFO - Processing file /opt/airflow/dags/load_hour_to_snowflake.py for tasks to queue
[2025-09-15T09:43:30.020+0000] {logging_mixin.py:188} INFO - [2025-09-15T09:43:30.019+0000] {dagbag.py:540} INFO - Filling up the DagBag from /opt/airflow/dags/load_hour_to_snowflake.py
[2025-09-15T09:43:30.040+0000] {processor.py:840} INFO - DAG(s) 'load_hour_to_snowflake' retrieved from /opt/airflow/dags/load_hour_to_snowflake.py
[2025-09-15T09:43:30.066+0000] {logging_mixin.py:188} INFO - [2025-09-15T09:43:30.065+0000] {dag.py:3096} INFO - Sync 1 DAGs
[2025-09-15T09:43:30.078+0000] {logging_mixin.py:188} INFO - [2025-09-15T09:43:30.077+0000] {dag.py:3954} INFO - Setting next_dagrun for load_hour_to_snowflake to None, run_after=None
[2025-09-15T09:43:30.097+0000] {processor.py:183} INFO - Processing /opt/airflow/dags/load_hour_to_snowflake.py took 0.087 seconds
[2025-09-15T09:44:00.604+0000] {processor.py:161} INFO - Started process (PID=2121) to work on /opt/airflow/dags/load_hour_to_snowflake.py
[2025-09-15T09:44:00.605+0000] {processor.py:830} INFO - Processing file /opt/airflow/dags/load_hour_to_snowflake.py for tasks to queue
[2025-09-15T09:44:00.606+0000] {logging_mixin.py:188} INFO - [2025-09-15T09:44:00.606+0000] {dagbag.py:540} INFO - Filling up the DagBag from /opt/airflow/dags/load_hour_to_snowflake.py
[2025-09-15T09:44:00.626+0000] {processor.py:840} INFO - DAG(s) 'load_hour_to_snowflake' retrieved from /opt/airflow/dags/load_hour_to_snowflake.py
[2025-09-15T09:44:00.658+0000] {logging_mixin.py:188} INFO - [2025-09-15T09:44:00.658+0000] {dag.py:3096} INFO - Sync 1 DAGs
[2025-09-15T09:44:00.672+0000] {logging_mixin.py:188} INFO - [2025-09-15T09:44:00.672+0000] {dag.py:3954} INFO - Setting next_dagrun for load_hour_to_snowflake to None, run_after=None
[2025-09-15T09:44:00.694+0000] {processor.py:183} INFO - Processing /opt/airflow/dags/load_hour_to_snowflake.py took 0.095 seconds
[2025-09-15T09:44:31.107+0000] {processor.py:161} INFO - Started process (PID=2158) to work on /opt/airflow/dags/load_hour_to_snowflake.py
[2025-09-15T09:44:31.108+0000] {processor.py:830} INFO - Processing file /opt/airflow/dags/load_hour_to_snowflake.py for tasks to queue
[2025-09-15T09:44:31.110+0000] {logging_mixin.py:188} INFO - [2025-09-15T09:44:31.110+0000] {dagbag.py:540} INFO - Filling up the DagBag from /opt/airflow/dags/load_hour_to_snowflake.py
[2025-09-15T09:44:31.133+0000] {processor.py:840} INFO - DAG(s) 'load_hour_to_snowflake' retrieved from /opt/airflow/dags/load_hour_to_snowflake.py
[2025-09-15T09:44:31.163+0000] {logging_mixin.py:188} INFO - [2025-09-15T09:44:31.163+0000] {dag.py:3096} INFO - Sync 1 DAGs
[2025-09-15T09:44:31.177+0000] {logging_mixin.py:188} INFO - [2025-09-15T09:44:31.177+0000] {dag.py:3954} INFO - Setting next_dagrun for load_hour_to_snowflake to None, run_after=None
[2025-09-15T09:44:31.198+0000] {processor.py:183} INFO - Processing /opt/airflow/dags/load_hour_to_snowflake.py took 0.099 seconds
[2025-09-15T09:45:01.617+0000] {processor.py:161} INFO - Started process (PID=2193) to work on /opt/airflow/dags/load_hour_to_snowflake.py
[2025-09-15T09:45:01.619+0000] {processor.py:830} INFO - Processing file /opt/airflow/dags/load_hour_to_snowflake.py for tasks to queue
[2025-09-15T09:45:01.619+0000] {logging_mixin.py:188} INFO - [2025-09-15T09:45:01.619+0000] {dagbag.py:540} INFO - Filling up the DagBag from /opt/airflow/dags/load_hour_to_snowflake.py
[2025-09-15T09:45:01.636+0000] {processor.py:840} INFO - DAG(s) 'load_hour_to_snowflake' retrieved from /opt/airflow/dags/load_hour_to_snowflake.py
[2025-09-15T09:45:01.662+0000] {logging_mixin.py:188} INFO - [2025-09-15T09:45:01.661+0000] {dag.py:3096} INFO - Sync 1 DAGs
[2025-09-15T09:45:01.674+0000] {logging_mixin.py:188} INFO - [2025-09-15T09:45:01.673+0000] {dag.py:3954} INFO - Setting next_dagrun for load_hour_to_snowflake to None, run_after=None
[2025-09-15T09:45:01.694+0000] {processor.py:183} INFO - Processing /opt/airflow/dags/load_hour_to_snowflake.py took 0.082 seconds
[2025-09-15T09:45:32.015+0000] {processor.py:161} INFO - Started process (PID=2228) to work on /opt/airflow/dags/load_hour_to_snowflake.py
[2025-09-15T09:45:32.016+0000] {processor.py:830} INFO - Processing file /opt/airflow/dags/load_hour_to_snowflake.py for tasks to queue
[2025-09-15T09:45:32.017+0000] {logging_mixin.py:188} INFO - [2025-09-15T09:45:32.017+0000] {dagbag.py:540} INFO - Filling up the DagBag from /opt/airflow/dags/load_hour_to_snowflake.py
[2025-09-15T09:45:32.039+0000] {processor.py:840} INFO - DAG(s) 'load_hour_to_snowflake' retrieved from /opt/airflow/dags/load_hour_to_snowflake.py
[2025-09-15T09:45:32.077+0000] {logging_mixin.py:188} INFO - [2025-09-15T09:45:32.076+0000] {dag.py:3096} INFO - Sync 1 DAGs
[2025-09-15T09:45:32.098+0000] {logging_mixin.py:188} INFO - [2025-09-15T09:45:32.097+0000] {dag.py:3954} INFO - Setting next_dagrun for load_hour_to_snowflake to None, run_after=None
[2025-09-15T09:45:32.129+0000] {processor.py:183} INFO - Processing /opt/airflow/dags/load_hour_to_snowflake.py took 0.120 seconds
[2025-09-15T09:46:02.680+0000] {processor.py:161} INFO - Started process (PID=2265) to work on /opt/airflow/dags/load_hour_to_snowflake.py
[2025-09-15T09:46:02.681+0000] {processor.py:830} INFO - Processing file /opt/airflow/dags/load_hour_to_snowflake.py for tasks to queue
[2025-09-15T09:46:02.682+0000] {logging_mixin.py:188} INFO - [2025-09-15T09:46:02.682+0000] {dagbag.py:540} INFO - Filling up the DagBag from /opt/airflow/dags/load_hour_to_snowflake.py
[2025-09-15T09:46:02.702+0000] {processor.py:840} INFO - DAG(s) 'load_hour_to_snowflake' retrieved from /opt/airflow/dags/load_hour_to_snowflake.py
[2025-09-15T09:46:02.729+0000] {logging_mixin.py:188} INFO - [2025-09-15T09:46:02.729+0000] {dag.py:3096} INFO - Sync 1 DAGs
[2025-09-15T09:46:02.745+0000] {logging_mixin.py:188} INFO - [2025-09-15T09:46:02.744+0000] {dag.py:3954} INFO - Setting next_dagrun for load_hour_to_snowflake to None, run_after=None
[2025-09-15T09:46:02.764+0000] {processor.py:183} INFO - Processing /opt/airflow/dags/load_hour_to_snowflake.py took 0.091 seconds
[2025-09-15T09:46:33.120+0000] {processor.py:161} INFO - Started process (PID=2302) to work on /opt/airflow/dags/load_hour_to_snowflake.py
[2025-09-15T09:46:33.122+0000] {processor.py:830} INFO - Processing file /opt/airflow/dags/load_hour_to_snowflake.py for tasks to queue
[2025-09-15T09:46:33.123+0000] {logging_mixin.py:188} INFO - [2025-09-15T09:46:33.123+0000] {dagbag.py:540} INFO - Filling up the DagBag from /opt/airflow/dags/load_hour_to_snowflake.py
[2025-09-15T09:46:33.142+0000] {processor.py:840} INFO - DAG(s) 'load_hour_to_snowflake' retrieved from /opt/airflow/dags/load_hour_to_snowflake.py
[2025-09-15T09:46:33.170+0000] {logging_mixin.py:188} INFO - [2025-09-15T09:46:33.170+0000] {dag.py:3096} INFO - Sync 1 DAGs
[2025-09-15T09:46:33.182+0000] {logging_mixin.py:188} INFO - [2025-09-15T09:46:33.182+0000] {dag.py:3954} INFO - Setting next_dagrun for load_hour_to_snowflake to None, run_after=None
[2025-09-15T09:46:33.205+0000] {processor.py:183} INFO - Processing /opt/airflow/dags/load_hour_to_snowflake.py took 0.091 seconds
[2025-09-15T09:47:03.722+0000] {processor.py:161} INFO - Started process (PID=2337) to work on /opt/airflow/dags/load_hour_to_snowflake.py
[2025-09-15T09:47:03.723+0000] {processor.py:830} INFO - Processing file /opt/airflow/dags/load_hour_to_snowflake.py for tasks to queue
[2025-09-15T09:47:03.724+0000] {logging_mixin.py:188} INFO - [2025-09-15T09:47:03.724+0000] {dagbag.py:540} INFO - Filling up the DagBag from /opt/airflow/dags/load_hour_to_snowflake.py
[2025-09-15T09:47:03.745+0000] {processor.py:840} INFO - DAG(s) 'load_hour_to_snowflake' retrieved from /opt/airflow/dags/load_hour_to_snowflake.py
[2025-09-15T09:47:03.773+0000] {logging_mixin.py:188} INFO - [2025-09-15T09:47:03.772+0000] {dag.py:3096} INFO - Sync 1 DAGs
[2025-09-15T09:47:03.786+0000] {logging_mixin.py:188} INFO - [2025-09-15T09:47:03.786+0000] {dag.py:3954} INFO - Setting next_dagrun for load_hour_to_snowflake to None, run_after=None
[2025-09-15T09:47:03.806+0000] {processor.py:183} INFO - Processing /opt/airflow/dags/load_hour_to_snowflake.py took 0.092 seconds
[2025-09-15T09:47:34.208+0000] {processor.py:161} INFO - Started process (PID=2372) to work on /opt/airflow/dags/load_hour_to_snowflake.py
[2025-09-15T09:47:34.209+0000] {processor.py:830} INFO - Processing file /opt/airflow/dags/load_hour_to_snowflake.py for tasks to queue
[2025-09-15T09:47:34.210+0000] {logging_mixin.py:188} INFO - [2025-09-15T09:47:34.210+0000] {dagbag.py:540} INFO - Filling up the DagBag from /opt/airflow/dags/load_hour_to_snowflake.py
[2025-09-15T09:47:34.229+0000] {processor.py:840} INFO - DAG(s) 'load_hour_to_snowflake' retrieved from /opt/airflow/dags/load_hour_to_snowflake.py
[2025-09-15T09:47:34.256+0000] {logging_mixin.py:188} INFO - [2025-09-15T09:47:34.256+0000] {dag.py:3096} INFO - Sync 1 DAGs
[2025-09-15T09:47:34.268+0000] {logging_mixin.py:188} INFO - [2025-09-15T09:47:34.268+0000] {dag.py:3954} INFO - Setting next_dagrun for load_hour_to_snowflake to None, run_after=None
[2025-09-15T09:47:34.288+0000] {processor.py:183} INFO - Processing /opt/airflow/dags/load_hour_to_snowflake.py took 0.086 seconds
[2025-09-15T09:48:04.744+0000] {processor.py:161} INFO - Started process (PID=2407) to work on /opt/airflow/dags/load_hour_to_snowflake.py
[2025-09-15T09:48:04.745+0000] {processor.py:830} INFO - Processing file /opt/airflow/dags/load_hour_to_snowflake.py for tasks to queue
[2025-09-15T09:48:04.746+0000] {logging_mixin.py:188} INFO - [2025-09-15T09:48:04.746+0000] {dagbag.py:540} INFO - Filling up the DagBag from /opt/airflow/dags/load_hour_to_snowflake.py
[2025-09-15T09:48:04.772+0000] {processor.py:840} INFO - DAG(s) 'load_hour_to_snowflake' retrieved from /opt/airflow/dags/load_hour_to_snowflake.py
[2025-09-15T09:48:04.800+0000] {logging_mixin.py:188} INFO - [2025-09-15T09:48:04.800+0000] {dag.py:3096} INFO - Sync 1 DAGs
[2025-09-15T09:48:04.812+0000] {logging_mixin.py:188} INFO - [2025-09-15T09:48:04.812+0000] {dag.py:3954} INFO - Setting next_dagrun for load_hour_to_snowflake to None, run_after=None
[2025-09-15T09:48:04.833+0000] {processor.py:183} INFO - Processing /opt/airflow/dags/load_hour_to_snowflake.py took 0.097 seconds
[2025-09-15T09:48:35.254+0000] {processor.py:161} INFO - Started process (PID=2442) to work on /opt/airflow/dags/load_hour_to_snowflake.py
[2025-09-15T09:48:35.255+0000] {processor.py:830} INFO - Processing file /opt/airflow/dags/load_hour_to_snowflake.py for tasks to queue
[2025-09-15T09:48:35.256+0000] {logging_mixin.py:188} INFO - [2025-09-15T09:48:35.256+0000] {dagbag.py:540} INFO - Filling up the DagBag from /opt/airflow/dags/load_hour_to_snowflake.py
[2025-09-15T09:48:35.275+0000] {processor.py:840} INFO - DAG(s) 'load_hour_to_snowflake' retrieved from /opt/airflow/dags/load_hour_to_snowflake.py
[2025-09-15T09:48:35.302+0000] {logging_mixin.py:188} INFO - [2025-09-15T09:48:35.302+0000] {dag.py:3096} INFO - Sync 1 DAGs
[2025-09-15T09:48:35.315+0000] {logging_mixin.py:188} INFO - [2025-09-15T09:48:35.315+0000] {dag.py:3954} INFO - Setting next_dagrun for load_hour_to_snowflake to None, run_after=None
[2025-09-15T09:48:35.336+0000] {processor.py:183} INFO - Processing /opt/airflow/dags/load_hour_to_snowflake.py took 0.088 seconds
[2025-09-15T09:49:05.556+0000] {processor.py:161} INFO - Started process (PID=2477) to work on /opt/airflow/dags/load_hour_to_snowflake.py
[2025-09-15T09:49:05.557+0000] {processor.py:830} INFO - Processing file /opt/airflow/dags/load_hour_to_snowflake.py for tasks to queue
[2025-09-15T09:49:05.558+0000] {logging_mixin.py:188} INFO - [2025-09-15T09:49:05.558+0000] {dagbag.py:540} INFO - Filling up the DagBag from /opt/airflow/dags/load_hour_to_snowflake.py
[2025-09-15T09:49:05.576+0000] {processor.py:840} INFO - DAG(s) 'load_hour_to_snowflake' retrieved from /opt/airflow/dags/load_hour_to_snowflake.py
[2025-09-15T09:49:05.609+0000] {logging_mixin.py:188} INFO - [2025-09-15T09:49:05.609+0000] {dag.py:3096} INFO - Sync 1 DAGs
[2025-09-15T09:49:05.621+0000] {logging_mixin.py:188} INFO - [2025-09-15T09:49:05.621+0000] {dag.py:3954} INFO - Setting next_dagrun for load_hour_to_snowflake to None, run_after=None
[2025-09-15T09:49:05.641+0000] {processor.py:183} INFO - Processing /opt/airflow/dags/load_hour_to_snowflake.py took 0.091 seconds
[2025-09-15T09:49:36.270+0000] {processor.py:161} INFO - Started process (PID=2512) to work on /opt/airflow/dags/load_hour_to_snowflake.py
[2025-09-15T09:49:36.271+0000] {processor.py:830} INFO - Processing file /opt/airflow/dags/load_hour_to_snowflake.py for tasks to queue
[2025-09-15T09:49:36.272+0000] {logging_mixin.py:188} INFO - [2025-09-15T09:49:36.271+0000] {dagbag.py:540} INFO - Filling up the DagBag from /opt/airflow/dags/load_hour_to_snowflake.py
[2025-09-15T09:49:36.289+0000] {processor.py:840} INFO - DAG(s) 'load_hour_to_snowflake' retrieved from /opt/airflow/dags/load_hour_to_snowflake.py
[2025-09-15T09:49:36.317+0000] {logging_mixin.py:188} INFO - [2025-09-15T09:49:36.317+0000] {dag.py:3096} INFO - Sync 1 DAGs
[2025-09-15T09:49:36.330+0000] {logging_mixin.py:188} INFO - [2025-09-15T09:49:36.330+0000] {dag.py:3954} INFO - Setting next_dagrun for load_hour_to_snowflake to None, run_after=None
[2025-09-15T09:49:36.349+0000] {processor.py:183} INFO - Processing /opt/airflow/dags/load_hour_to_snowflake.py took 0.085 seconds
[2025-09-15T09:50:07.148+0000] {processor.py:161} INFO - Started process (PID=2547) to work on /opt/airflow/dags/load_hour_to_snowflake.py
[2025-09-15T09:50:07.150+0000] {processor.py:830} INFO - Processing file /opt/airflow/dags/load_hour_to_snowflake.py for tasks to queue
[2025-09-15T09:50:07.150+0000] {logging_mixin.py:188} INFO - [2025-09-15T09:50:07.150+0000] {dagbag.py:540} INFO - Filling up the DagBag from /opt/airflow/dags/load_hour_to_snowflake.py
[2025-09-15T09:50:07.172+0000] {processor.py:840} INFO - DAG(s) 'load_hour_to_snowflake' retrieved from /opt/airflow/dags/load_hour_to_snowflake.py
[2025-09-15T09:50:07.210+0000] {logging_mixin.py:188} INFO - [2025-09-15T09:50:07.210+0000] {dag.py:3096} INFO - Sync 1 DAGs
[2025-09-15T09:50:07.224+0000] {logging_mixin.py:188} INFO - [2025-09-15T09:50:07.224+0000] {dag.py:3954} INFO - Setting next_dagrun for load_hour_to_snowflake to None, run_after=None
[2025-09-15T09:50:07.245+0000] {processor.py:183} INFO - Processing /opt/airflow/dags/load_hour_to_snowflake.py took 0.104 seconds
[2025-09-15T09:50:37.596+0000] {processor.py:161} INFO - Started process (PID=2582) to work on /opt/airflow/dags/load_hour_to_snowflake.py
[2025-09-15T09:50:37.598+0000] {processor.py:830} INFO - Processing file /opt/airflow/dags/load_hour_to_snowflake.py for tasks to queue
[2025-09-15T09:50:37.599+0000] {logging_mixin.py:188} INFO - [2025-09-15T09:50:37.599+0000] {dagbag.py:540} INFO - Filling up the DagBag from /opt/airflow/dags/load_hour_to_snowflake.py
[2025-09-15T09:50:37.664+0000] {processor.py:840} INFO - DAG(s) 'load_hour_to_snowflake' retrieved from /opt/airflow/dags/load_hour_to_snowflake.py
[2025-09-15T09:50:37.729+0000] {logging_mixin.py:188} INFO - [2025-09-15T09:50:37.729+0000] {dag.py:3096} INFO - Sync 1 DAGs
[2025-09-15T09:50:37.750+0000] {logging_mixin.py:188} INFO - [2025-09-15T09:50:37.749+0000] {dag.py:3954} INFO - Setting next_dagrun for load_hour_to_snowflake to None, run_after=None
[2025-09-15T09:50:37.776+0000] {processor.py:183} INFO - Processing /opt/airflow/dags/load_hour_to_snowflake.py took 0.191 seconds
[2025-09-15T09:51:08.123+0000] {processor.py:161} INFO - Started process (PID=2617) to work on /opt/airflow/dags/load_hour_to_snowflake.py
[2025-09-15T09:51:08.124+0000] {processor.py:830} INFO - Processing file /opt/airflow/dags/load_hour_to_snowflake.py for tasks to queue
[2025-09-15T09:51:08.126+0000] {logging_mixin.py:188} INFO - [2025-09-15T09:51:08.125+0000] {dagbag.py:540} INFO - Filling up the DagBag from /opt/airflow/dags/load_hour_to_snowflake.py
[2025-09-15T09:51:08.145+0000] {processor.py:840} INFO - DAG(s) 'load_hour_to_snowflake' retrieved from /opt/airflow/dags/load_hour_to_snowflake.py
[2025-09-15T09:51:08.172+0000] {logging_mixin.py:188} INFO - [2025-09-15T09:51:08.172+0000] {dag.py:3096} INFO - Sync 1 DAGs
[2025-09-15T09:51:08.186+0000] {logging_mixin.py:188} INFO - [2025-09-15T09:51:08.186+0000] {dag.py:3954} INFO - Setting next_dagrun for load_hour_to_snowflake to None, run_after=None
[2025-09-15T09:51:08.208+0000] {processor.py:183} INFO - Processing /opt/airflow/dags/load_hour_to_snowflake.py took 0.091 seconds
[2025-09-15T09:51:38.773+0000] {processor.py:161} INFO - Started process (PID=2652) to work on /opt/airflow/dags/load_hour_to_snowflake.py
[2025-09-15T09:51:38.774+0000] {processor.py:830} INFO - Processing file /opt/airflow/dags/load_hour_to_snowflake.py for tasks to queue
[2025-09-15T09:51:38.774+0000] {logging_mixin.py:188} INFO - [2025-09-15T09:51:38.774+0000] {dagbag.py:540} INFO - Filling up the DagBag from /opt/airflow/dags/load_hour_to_snowflake.py
[2025-09-15T09:51:38.792+0000] {processor.py:840} INFO - DAG(s) 'load_hour_to_snowflake' retrieved from /opt/airflow/dags/load_hour_to_snowflake.py
[2025-09-15T09:51:38.822+0000] {logging_mixin.py:188} INFO - [2025-09-15T09:51:38.822+0000] {dag.py:3096} INFO - Sync 1 DAGs
[2025-09-15T09:51:38.835+0000] {logging_mixin.py:188} INFO - [2025-09-15T09:51:38.835+0000] {dag.py:3954} INFO - Setting next_dagrun for load_hour_to_snowflake to None, run_after=None
[2025-09-15T09:51:38.855+0000] {processor.py:183} INFO - Processing /opt/airflow/dags/load_hour_to_snowflake.py took 0.088 seconds
[2025-09-15T09:52:09.082+0000] {processor.py:161} INFO - Started process (PID=2687) to work on /opt/airflow/dags/load_hour_to_snowflake.py
[2025-09-15T09:52:09.083+0000] {processor.py:830} INFO - Processing file /opt/airflow/dags/load_hour_to_snowflake.py for tasks to queue
[2025-09-15T09:52:09.084+0000] {logging_mixin.py:188} INFO - [2025-09-15T09:52:09.084+0000] {dagbag.py:540} INFO - Filling up the DagBag from /opt/airflow/dags/load_hour_to_snowflake.py
[2025-09-15T09:52:09.111+0000] {processor.py:840} INFO - DAG(s) 'load_hour_to_snowflake' retrieved from /opt/airflow/dags/load_hour_to_snowflake.py
[2025-09-15T09:52:09.223+0000] {logging_mixin.py:188} INFO - [2025-09-15T09:52:09.223+0000] {dag.py:3096} INFO - Sync 1 DAGs
[2025-09-15T09:52:09.259+0000] {logging_mixin.py:188} INFO - [2025-09-15T09:52:09.259+0000] {dag.py:3954} INFO - Setting next_dagrun for load_hour_to_snowflake to None, run_after=None
[2025-09-15T09:52:09.303+0000] {processor.py:183} INFO - Processing /opt/airflow/dags/load_hour_to_snowflake.py took 0.227 seconds
[2025-09-15T09:52:39.637+0000] {processor.py:161} INFO - Started process (PID=2707) to work on /opt/airflow/dags/load_hour_to_snowflake.py
[2025-09-15T09:52:39.640+0000] {processor.py:830} INFO - Processing file /opt/airflow/dags/load_hour_to_snowflake.py for tasks to queue
[2025-09-15T09:52:39.645+0000] {logging_mixin.py:188} INFO - [2025-09-15T09:52:39.644+0000] {dagbag.py:540} INFO - Filling up the DagBag from /opt/airflow/dags/load_hour_to_snowflake.py
[2025-09-15T09:52:39.696+0000] {processor.py:840} INFO - DAG(s) 'load_hour_to_snowflake' retrieved from /opt/airflow/dags/load_hour_to_snowflake.py
[2025-09-15T09:52:39.856+0000] {logging_mixin.py:188} INFO - [2025-09-15T09:52:39.853+0000] {dag.py:3096} INFO - Sync 1 DAGs
[2025-09-15T09:52:39.948+0000] {logging_mixin.py:188} INFO - [2025-09-15T09:52:39.946+0000] {dag.py:3954} INFO - Setting next_dagrun for load_hour_to_snowflake to None, run_after=None
[2025-09-15T09:52:40.062+0000] {processor.py:183} INFO - Processing /opt/airflow/dags/load_hour_to_snowflake.py took 0.440 seconds
[2025-09-15T09:53:10.985+0000] {processor.py:161} INFO - Started process (PID=2747) to work on /opt/airflow/dags/load_hour_to_snowflake.py
[2025-09-15T09:53:10.987+0000] {processor.py:830} INFO - Processing file /opt/airflow/dags/load_hour_to_snowflake.py for tasks to queue
[2025-09-15T09:53:10.989+0000] {logging_mixin.py:188} INFO - [2025-09-15T09:53:10.988+0000] {dagbag.py:540} INFO - Filling up the DagBag from /opt/airflow/dags/load_hour_to_snowflake.py
[2025-09-15T09:53:11.010+0000] {processor.py:840} INFO - DAG(s) 'load_hour_to_snowflake' retrieved from /opt/airflow/dags/load_hour_to_snowflake.py
[2025-09-15T09:53:11.041+0000] {logging_mixin.py:188} INFO - [2025-09-15T09:53:11.040+0000] {dag.py:3096} INFO - Sync 1 DAGs
[2025-09-15T09:53:11.054+0000] {logging_mixin.py:188} INFO - [2025-09-15T09:53:11.053+0000] {dag.py:3954} INFO - Setting next_dagrun for load_hour_to_snowflake to None, run_after=None
[2025-09-15T09:53:11.074+0000] {processor.py:183} INFO - Processing /opt/airflow/dags/load_hour_to_snowflake.py took 0.103 seconds
[2025-09-15T09:53:41.675+0000] {processor.py:161} INFO - Started process (PID=2782) to work on /opt/airflow/dags/load_hour_to_snowflake.py
[2025-09-15T09:53:41.676+0000] {processor.py:830} INFO - Processing file /opt/airflow/dags/load_hour_to_snowflake.py for tasks to queue
[2025-09-15T09:53:41.677+0000] {logging_mixin.py:188} INFO - [2025-09-15T09:53:41.677+0000] {dagbag.py:540} INFO - Filling up the DagBag from /opt/airflow/dags/load_hour_to_snowflake.py
[2025-09-15T09:53:41.696+0000] {processor.py:840} INFO - DAG(s) 'load_hour_to_snowflake' retrieved from /opt/airflow/dags/load_hour_to_snowflake.py
[2025-09-15T09:53:41.724+0000] {logging_mixin.py:188} INFO - [2025-09-15T09:53:41.724+0000] {dag.py:3096} INFO - Sync 1 DAGs
[2025-09-15T09:53:41.739+0000] {logging_mixin.py:188} INFO - [2025-09-15T09:53:41.738+0000] {dag.py:3954} INFO - Setting next_dagrun for load_hour_to_snowflake to None, run_after=None
[2025-09-15T09:53:41.765+0000] {processor.py:183} INFO - Processing /opt/airflow/dags/load_hour_to_snowflake.py took 0.095 seconds
[2025-09-15T09:54:12.266+0000] {processor.py:161} INFO - Started process (PID=2817) to work on /opt/airflow/dags/load_hour_to_snowflake.py
[2025-09-15T09:54:12.268+0000] {processor.py:830} INFO - Processing file /opt/airflow/dags/load_hour_to_snowflake.py for tasks to queue
[2025-09-15T09:54:12.269+0000] {logging_mixin.py:188} INFO - [2025-09-15T09:54:12.268+0000] {dagbag.py:540} INFO - Filling up the DagBag from /opt/airflow/dags/load_hour_to_snowflake.py
[2025-09-15T09:54:12.292+0000] {processor.py:840} INFO - DAG(s) 'load_hour_to_snowflake' retrieved from /opt/airflow/dags/load_hour_to_snowflake.py
[2025-09-15T09:54:12.321+0000] {logging_mixin.py:188} INFO - [2025-09-15T09:54:12.321+0000] {dag.py:3096} INFO - Sync 1 DAGs
[2025-09-15T09:54:12.336+0000] {logging_mixin.py:188} INFO - [2025-09-15T09:54:12.336+0000] {dag.py:3954} INFO - Setting next_dagrun for load_hour_to_snowflake to None, run_after=None
[2025-09-15T09:54:12.358+0000] {processor.py:183} INFO - Processing /opt/airflow/dags/load_hour_to_snowflake.py took 0.098 seconds
[2025-09-15T09:54:42.420+0000] {processor.py:161} INFO - Started process (PID=2852) to work on /opt/airflow/dags/load_hour_to_snowflake.py
[2025-09-15T09:54:42.421+0000] {processor.py:830} INFO - Processing file /opt/airflow/dags/load_hour_to_snowflake.py for tasks to queue
[2025-09-15T09:54:42.422+0000] {logging_mixin.py:188} INFO - [2025-09-15T09:54:42.422+0000] {dagbag.py:540} INFO - Filling up the DagBag from /opt/airflow/dags/load_hour_to_snowflake.py
[2025-09-15T09:54:42.440+0000] {processor.py:840} INFO - DAG(s) 'load_hour_to_snowflake' retrieved from /opt/airflow/dags/load_hour_to_snowflake.py
[2025-09-15T09:54:42.466+0000] {logging_mixin.py:188} INFO - [2025-09-15T09:54:42.465+0000] {dag.py:3096} INFO - Sync 1 DAGs
[2025-09-15T09:54:42.476+0000] {logging_mixin.py:188} INFO - [2025-09-15T09:54:42.476+0000] {dag.py:3954} INFO - Setting next_dagrun for load_hour_to_snowflake to None, run_after=None
[2025-09-15T09:54:42.495+0000] {processor.py:183} INFO - Processing /opt/airflow/dags/load_hour_to_snowflake.py took 0.081 seconds
[2025-09-15T09:55:13.228+0000] {processor.py:161} INFO - Started process (PID=2887) to work on /opt/airflow/dags/load_hour_to_snowflake.py
[2025-09-15T09:55:13.229+0000] {processor.py:830} INFO - Processing file /opt/airflow/dags/load_hour_to_snowflake.py for tasks to queue
[2025-09-15T09:55:13.229+0000] {logging_mixin.py:188} INFO - [2025-09-15T09:55:13.229+0000] {dagbag.py:540} INFO - Filling up the DagBag from /opt/airflow/dags/load_hour_to_snowflake.py
[2025-09-15T09:55:13.252+0000] {processor.py:840} INFO - DAG(s) 'load_hour_to_snowflake' retrieved from /opt/airflow/dags/load_hour_to_snowflake.py
[2025-09-15T09:55:13.287+0000] {logging_mixin.py:188} INFO - [2025-09-15T09:55:13.287+0000] {dag.py:3096} INFO - Sync 1 DAGs
[2025-09-15T09:55:13.305+0000] {logging_mixin.py:188} INFO - [2025-09-15T09:55:13.305+0000] {dag.py:3954} INFO - Setting next_dagrun for load_hour_to_snowflake to None, run_after=None
[2025-09-15T09:55:13.329+0000] {processor.py:183} INFO - Processing /opt/airflow/dags/load_hour_to_snowflake.py took 0.107 seconds
[2025-09-15T09:55:44.038+0000] {processor.py:161} INFO - Started process (PID=2922) to work on /opt/airflow/dags/load_hour_to_snowflake.py
[2025-09-15T09:55:44.039+0000] {processor.py:830} INFO - Processing file /opt/airflow/dags/load_hour_to_snowflake.py for tasks to queue
[2025-09-15T09:55:44.040+0000] {logging_mixin.py:188} INFO - [2025-09-15T09:55:44.039+0000] {dagbag.py:540} INFO - Filling up the DagBag from /opt/airflow/dags/load_hour_to_snowflake.py
[2025-09-15T09:55:44.058+0000] {processor.py:840} INFO - DAG(s) 'load_hour_to_snowflake' retrieved from /opt/airflow/dags/load_hour_to_snowflake.py
[2025-09-15T09:55:44.088+0000] {logging_mixin.py:188} INFO - [2025-09-15T09:55:44.088+0000] {dag.py:3096} INFO - Sync 1 DAGs
[2025-09-15T09:55:44.104+0000] {logging_mixin.py:188} INFO - [2025-09-15T09:55:44.103+0000] {dag.py:3954} INFO - Setting next_dagrun for load_hour_to_snowflake to None, run_after=None
[2025-09-15T09:55:44.173+0000] {processor.py:183} INFO - Processing /opt/airflow/dags/load_hour_to_snowflake.py took 0.141 seconds
[2025-09-15T09:56:14.932+0000] {processor.py:161} INFO - Started process (PID=2957) to work on /opt/airflow/dags/load_hour_to_snowflake.py
[2025-09-15T09:56:14.935+0000] {processor.py:830} INFO - Processing file /opt/airflow/dags/load_hour_to_snowflake.py for tasks to queue
[2025-09-15T09:56:14.936+0000] {logging_mixin.py:188} INFO - [2025-09-15T09:56:14.936+0000] {dagbag.py:540} INFO - Filling up the DagBag from /opt/airflow/dags/load_hour_to_snowflake.py
[2025-09-15T09:56:15.019+0000] {processor.py:840} INFO - DAG(s) 'load_hour_to_snowflake' retrieved from /opt/airflow/dags/load_hour_to_snowflake.py
[2025-09-15T09:56:15.094+0000] {logging_mixin.py:188} INFO - [2025-09-15T09:56:15.094+0000] {dag.py:3096} INFO - Sync 1 DAGs
[2025-09-15T09:56:15.112+0000] {logging_mixin.py:188} INFO - [2025-09-15T09:56:15.111+0000] {dag.py:3954} INFO - Setting next_dagrun for load_hour_to_snowflake to None, run_after=None
[2025-09-15T09:56:15.144+0000] {processor.py:183} INFO - Processing /opt/airflow/dags/load_hour_to_snowflake.py took 0.232 seconds
[2025-09-15T09:56:46.098+0000] {processor.py:161} INFO - Started process (PID=2996) to work on /opt/airflow/dags/load_hour_to_snowflake.py
[2025-09-15T09:56:46.099+0000] {processor.py:830} INFO - Processing file /opt/airflow/dags/load_hour_to_snowflake.py for tasks to queue
[2025-09-15T09:56:46.100+0000] {logging_mixin.py:188} INFO - [2025-09-15T09:56:46.100+0000] {dagbag.py:540} INFO - Filling up the DagBag from /opt/airflow/dags/load_hour_to_snowflake.py
[2025-09-15T09:56:46.127+0000] {processor.py:840} INFO - DAG(s) 'load_hour_to_snowflake' retrieved from /opt/airflow/dags/load_hour_to_snowflake.py
[2025-09-15T09:56:46.168+0000] {logging_mixin.py:188} INFO - [2025-09-15T09:56:46.168+0000] {dag.py:3096} INFO - Sync 1 DAGs
[2025-09-15T09:56:46.185+0000] {logging_mixin.py:188} INFO - [2025-09-15T09:56:46.185+0000] {dag.py:3954} INFO - Setting next_dagrun for load_hour_to_snowflake to None, run_after=None
[2025-09-15T09:56:46.217+0000] {processor.py:183} INFO - Processing /opt/airflow/dags/load_hour_to_snowflake.py took 0.125 seconds
[2025-09-15T09:57:16.892+0000] {processor.py:161} INFO - Started process (PID=3031) to work on /opt/airflow/dags/load_hour_to_snowflake.py
[2025-09-15T09:57:16.893+0000] {processor.py:830} INFO - Processing file /opt/airflow/dags/load_hour_to_snowflake.py for tasks to queue
[2025-09-15T09:57:16.894+0000] {logging_mixin.py:188} INFO - [2025-09-15T09:57:16.894+0000] {dagbag.py:540} INFO - Filling up the DagBag from /opt/airflow/dags/load_hour_to_snowflake.py
[2025-09-15T09:57:16.911+0000] {processor.py:840} INFO - DAG(s) 'load_hour_to_snowflake' retrieved from /opt/airflow/dags/load_hour_to_snowflake.py
[2025-09-15T09:57:16.940+0000] {logging_mixin.py:188} INFO - [2025-09-15T09:57:16.940+0000] {dag.py:3096} INFO - Sync 1 DAGs
[2025-09-15T09:57:16.956+0000] {logging_mixin.py:188} INFO - [2025-09-15T09:57:16.955+0000] {dag.py:3954} INFO - Setting next_dagrun for load_hour_to_snowflake to None, run_after=None
[2025-09-15T09:57:16.978+0000] {processor.py:183} INFO - Processing /opt/airflow/dags/load_hour_to_snowflake.py took 0.092 seconds
[2025-09-15T09:57:47.596+0000] {processor.py:161} INFO - Started process (PID=3066) to work on /opt/airflow/dags/load_hour_to_snowflake.py
[2025-09-15T09:57:47.598+0000] {processor.py:830} INFO - Processing file /opt/airflow/dags/load_hour_to_snowflake.py for tasks to queue
[2025-09-15T09:57:47.599+0000] {logging_mixin.py:188} INFO - [2025-09-15T09:57:47.598+0000] {dagbag.py:540} INFO - Filling up the DagBag from /opt/airflow/dags/load_hour_to_snowflake.py
[2025-09-15T09:57:47.624+0000] {processor.py:840} INFO - DAG(s) 'load_hour_to_snowflake' retrieved from /opt/airflow/dags/load_hour_to_snowflake.py
[2025-09-15T09:57:47.660+0000] {logging_mixin.py:188} INFO - [2025-09-15T09:57:47.659+0000] {dag.py:3096} INFO - Sync 1 DAGs
[2025-09-15T09:57:47.676+0000] {logging_mixin.py:188} INFO - [2025-09-15T09:57:47.675+0000] {dag.py:3954} INFO - Setting next_dagrun for load_hour_to_snowflake to None, run_after=None
[2025-09-15T09:57:47.699+0000] {processor.py:183} INFO - Processing /opt/airflow/dags/load_hour_to_snowflake.py took 0.110 seconds
[2025-09-15T09:58:18.419+0000] {processor.py:161} INFO - Started process (PID=3101) to work on /opt/airflow/dags/load_hour_to_snowflake.py
[2025-09-15T09:58:18.420+0000] {processor.py:830} INFO - Processing file /opt/airflow/dags/load_hour_to_snowflake.py for tasks to queue
[2025-09-15T09:58:18.421+0000] {logging_mixin.py:188} INFO - [2025-09-15T09:58:18.421+0000] {dagbag.py:540} INFO - Filling up the DagBag from /opt/airflow/dags/load_hour_to_snowflake.py
[2025-09-15T09:58:18.441+0000] {processor.py:840} INFO - DAG(s) 'load_hour_to_snowflake' retrieved from /opt/airflow/dags/load_hour_to_snowflake.py
[2025-09-15T09:58:18.469+0000] {logging_mixin.py:188} INFO - [2025-09-15T09:58:18.469+0000] {dag.py:3096} INFO - Sync 1 DAGs
[2025-09-15T09:58:18.482+0000] {logging_mixin.py:188} INFO - [2025-09-15T09:58:18.482+0000] {dag.py:3954} INFO - Setting next_dagrun for load_hour_to_snowflake to None, run_after=None
[2025-09-15T09:58:18.502+0000] {processor.py:183} INFO - Processing /opt/airflow/dags/load_hour_to_snowflake.py took 0.090 seconds
[2025-09-15T09:58:48.615+0000] {processor.py:161} INFO - Started process (PID=3140) to work on /opt/airflow/dags/load_hour_to_snowflake.py
[2025-09-15T09:58:48.619+0000] {processor.py:830} INFO - Processing file /opt/airflow/dags/load_hour_to_snowflake.py for tasks to queue
[2025-09-15T09:58:48.622+0000] {logging_mixin.py:188} INFO - [2025-09-15T09:58:48.621+0000] {dagbag.py:540} INFO - Filling up the DagBag from /opt/airflow/dags/load_hour_to_snowflake.py
[2025-09-15T09:58:48.648+0000] {processor.py:840} INFO - DAG(s) 'load_hour_to_snowflake' retrieved from /opt/airflow/dags/load_hour_to_snowflake.py
[2025-09-15T09:58:48.727+0000] {logging_mixin.py:188} INFO - [2025-09-15T09:58:48.727+0000] {dag.py:3096} INFO - Sync 1 DAGs
[2025-09-15T09:58:48.757+0000] {logging_mixin.py:188} INFO - [2025-09-15T09:58:48.757+0000] {dag.py:3954} INFO - Setting next_dagrun for load_hour_to_snowflake to None, run_after=None
[2025-09-15T09:58:48.808+0000] {processor.py:183} INFO - Processing /opt/airflow/dags/load_hour_to_snowflake.py took 0.229 seconds
[2025-09-15T09:59:19.067+0000] {processor.py:161} INFO - Started process (PID=3179) to work on /opt/airflow/dags/load_hour_to_snowflake.py
[2025-09-15T09:59:19.068+0000] {processor.py:830} INFO - Processing file /opt/airflow/dags/load_hour_to_snowflake.py for tasks to queue
[2025-09-15T09:59:19.069+0000] {logging_mixin.py:188} INFO - [2025-09-15T09:59:19.069+0000] {dagbag.py:540} INFO - Filling up the DagBag from /opt/airflow/dags/load_hour_to_snowflake.py
[2025-09-15T09:59:19.088+0000] {processor.py:840} INFO - DAG(s) 'load_hour_to_snowflake' retrieved from /opt/airflow/dags/load_hour_to_snowflake.py
[2025-09-15T09:59:19.117+0000] {logging_mixin.py:188} INFO - [2025-09-15T09:59:19.117+0000] {dag.py:3096} INFO - Sync 1 DAGs
[2025-09-15T09:59:19.130+0000] {logging_mixin.py:188} INFO - [2025-09-15T09:59:19.130+0000] {dag.py:3954} INFO - Setting next_dagrun for load_hour_to_snowflake to None, run_after=None
[2025-09-15T09:59:19.154+0000] {processor.py:183} INFO - Processing /opt/airflow/dags/load_hour_to_snowflake.py took 0.094 seconds
[2025-09-15T09:59:49.644+0000] {processor.py:161} INFO - Started process (PID=3214) to work on /opt/airflow/dags/load_hour_to_snowflake.py
[2025-09-15T09:59:49.647+0000] {processor.py:830} INFO - Processing file /opt/airflow/dags/load_hour_to_snowflake.py for tasks to queue
[2025-09-15T09:59:49.649+0000] {logging_mixin.py:188} INFO - [2025-09-15T09:59:49.648+0000] {dagbag.py:540} INFO - Filling up the DagBag from /opt/airflow/dags/load_hour_to_snowflake.py
[2025-09-15T09:59:49.691+0000] {processor.py:840} INFO - DAG(s) 'load_hour_to_snowflake' retrieved from /opt/airflow/dags/load_hour_to_snowflake.py
[2025-09-15T09:59:49.738+0000] {logging_mixin.py:188} INFO - [2025-09-15T09:59:49.737+0000] {dag.py:3096} INFO - Sync 1 DAGs
[2025-09-15T09:59:49.759+0000] {logging_mixin.py:188} INFO - [2025-09-15T09:59:49.759+0000] {dag.py:3954} INFO - Setting next_dagrun for load_hour_to_snowflake to None, run_after=None
[2025-09-15T09:59:49.810+0000] {processor.py:183} INFO - Processing /opt/airflow/dags/load_hour_to_snowflake.py took 0.179 seconds
[2025-09-15T10:00:20.352+0000] {processor.py:161} INFO - Started process (PID=3253) to work on /opt/airflow/dags/load_hour_to_snowflake.py
[2025-09-15T10:00:20.353+0000] {processor.py:830} INFO - Processing file /opt/airflow/dags/load_hour_to_snowflake.py for tasks to queue
[2025-09-15T10:00:20.354+0000] {logging_mixin.py:188} INFO - [2025-09-15T10:00:20.354+0000] {dagbag.py:540} INFO - Filling up the DagBag from /opt/airflow/dags/load_hour_to_snowflake.py
[2025-09-15T10:00:20.384+0000] {processor.py:840} INFO - DAG(s) 'load_hour_to_snowflake' retrieved from /opt/airflow/dags/load_hour_to_snowflake.py
[2025-09-15T10:00:20.498+0000] {logging_mixin.py:188} INFO - [2025-09-15T10:00:20.497+0000] {dag.py:3096} INFO - Sync 1 DAGs
[2025-09-15T10:00:20.537+0000] {logging_mixin.py:188} INFO - [2025-09-15T10:00:20.537+0000] {dag.py:3954} INFO - Setting next_dagrun for load_hour_to_snowflake to None, run_after=None
[2025-09-15T10:00:20.927+0000] {processor.py:183} INFO - Processing /opt/airflow/dags/load_hour_to_snowflake.py took 0.582 seconds
[2025-09-15T10:00:51.659+0000] {processor.py:161} INFO - Started process (PID=3288) to work on /opt/airflow/dags/load_hour_to_snowflake.py
[2025-09-15T10:00:51.661+0000] {processor.py:830} INFO - Processing file /opt/airflow/dags/load_hour_to_snowflake.py for tasks to queue
[2025-09-15T10:00:51.661+0000] {logging_mixin.py:188} INFO - [2025-09-15T10:00:51.661+0000] {dagbag.py:540} INFO - Filling up the DagBag from /opt/airflow/dags/load_hour_to_snowflake.py
[2025-09-15T10:00:51.682+0000] {processor.py:840} INFO - DAG(s) 'load_hour_to_snowflake' retrieved from /opt/airflow/dags/load_hour_to_snowflake.py
[2025-09-15T10:00:51.735+0000] {logging_mixin.py:188} INFO - [2025-09-15T10:00:51.734+0000] {dag.py:3096} INFO - Sync 1 DAGs
[2025-09-15T10:00:51.747+0000] {logging_mixin.py:188} INFO - [2025-09-15T10:00:51.747+0000] {dag.py:3954} INFO - Setting next_dagrun for load_hour_to_snowflake to None, run_after=None
[2025-09-15T10:00:51.772+0000] {processor.py:183} INFO - Processing /opt/airflow/dags/load_hour_to_snowflake.py took 0.118 seconds
[2025-09-15T10:01:22.332+0000] {processor.py:161} INFO - Started process (PID=3323) to work on /opt/airflow/dags/load_hour_to_snowflake.py
[2025-09-15T10:01:22.333+0000] {processor.py:830} INFO - Processing file /opt/airflow/dags/load_hour_to_snowflake.py for tasks to queue
[2025-09-15T10:01:22.334+0000] {logging_mixin.py:188} INFO - [2025-09-15T10:01:22.334+0000] {dagbag.py:540} INFO - Filling up the DagBag from /opt/airflow/dags/load_hour_to_snowflake.py
[2025-09-15T10:01:22.353+0000] {processor.py:840} INFO - DAG(s) 'load_hour_to_snowflake' retrieved from /opt/airflow/dags/load_hour_to_snowflake.py
[2025-09-15T10:01:22.388+0000] {logging_mixin.py:188} INFO - [2025-09-15T10:01:22.388+0000] {dag.py:3096} INFO - Sync 1 DAGs
[2025-09-15T10:01:22.401+0000] {logging_mixin.py:188} INFO - [2025-09-15T10:01:22.400+0000] {dag.py:3954} INFO - Setting next_dagrun for load_hour_to_snowflake to None, run_after=None
[2025-09-15T10:01:22.424+0000] {processor.py:183} INFO - Processing /opt/airflow/dags/load_hour_to_snowflake.py took 0.098 seconds
[2025-09-15T10:01:52.532+0000] {processor.py:161} INFO - Started process (PID=3358) to work on /opt/airflow/dags/load_hour_to_snowflake.py
[2025-09-15T10:01:52.533+0000] {processor.py:830} INFO - Processing file /opt/airflow/dags/load_hour_to_snowflake.py for tasks to queue
[2025-09-15T10:01:52.534+0000] {logging_mixin.py:188} INFO - [2025-09-15T10:01:52.533+0000] {dagbag.py:540} INFO - Filling up the DagBag from /opt/airflow/dags/load_hour_to_snowflake.py
[2025-09-15T10:01:52.552+0000] {processor.py:840} INFO - DAG(s) 'load_hour_to_snowflake' retrieved from /opt/airflow/dags/load_hour_to_snowflake.py
[2025-09-15T10:01:52.586+0000] {logging_mixin.py:188} INFO - [2025-09-15T10:01:52.586+0000] {dag.py:3096} INFO - Sync 1 DAGs
[2025-09-15T10:01:52.599+0000] {logging_mixin.py:188} INFO - [2025-09-15T10:01:52.598+0000] {dag.py:3954} INFO - Setting next_dagrun for load_hour_to_snowflake to None, run_after=None
[2025-09-15T10:01:52.621+0000] {processor.py:183} INFO - Processing /opt/airflow/dags/load_hour_to_snowflake.py took 0.095 seconds
[2025-09-15T10:02:23.280+0000] {processor.py:161} INFO - Started process (PID=3393) to work on /opt/airflow/dags/load_hour_to_snowflake.py
[2025-09-15T10:02:23.282+0000] {processor.py:830} INFO - Processing file /opt/airflow/dags/load_hour_to_snowflake.py for tasks to queue
[2025-09-15T10:02:23.283+0000] {logging_mixin.py:188} INFO - [2025-09-15T10:02:23.282+0000] {dagbag.py:540} INFO - Filling up the DagBag from /opt/airflow/dags/load_hour_to_snowflake.py
[2025-09-15T10:02:23.300+0000] {processor.py:840} INFO - DAG(s) 'load_hour_to_snowflake' retrieved from /opt/airflow/dags/load_hour_to_snowflake.py
[2025-09-15T10:02:23.331+0000] {logging_mixin.py:188} INFO - [2025-09-15T10:02:23.330+0000] {dag.py:3096} INFO - Sync 1 DAGs
[2025-09-15T10:02:23.346+0000] {logging_mixin.py:188} INFO - [2025-09-15T10:02:23.346+0000] {dag.py:3954} INFO - Setting next_dagrun for load_hour_to_snowflake to None, run_after=None
[2025-09-15T10:02:23.367+0000] {processor.py:183} INFO - Processing /opt/airflow/dags/load_hour_to_snowflake.py took 0.094 seconds
[2025-09-15T10:02:53.845+0000] {processor.py:161} INFO - Started process (PID=3428) to work on /opt/airflow/dags/load_hour_to_snowflake.py
[2025-09-15T10:02:53.846+0000] {processor.py:830} INFO - Processing file /opt/airflow/dags/load_hour_to_snowflake.py for tasks to queue
[2025-09-15T10:02:53.847+0000] {logging_mixin.py:188} INFO - [2025-09-15T10:02:53.847+0000] {dagbag.py:540} INFO - Filling up the DagBag from /opt/airflow/dags/load_hour_to_snowflake.py
[2025-09-15T10:02:53.864+0000] {processor.py:840} INFO - DAG(s) 'load_hour_to_snowflake' retrieved from /opt/airflow/dags/load_hour_to_snowflake.py
[2025-09-15T10:02:53.893+0000] {logging_mixin.py:188} INFO - [2025-09-15T10:02:53.893+0000] {dag.py:3096} INFO - Sync 1 DAGs
[2025-09-15T10:02:53.905+0000] {logging_mixin.py:188} INFO - [2025-09-15T10:02:53.905+0000] {dag.py:3954} INFO - Setting next_dagrun for load_hour_to_snowflake to None, run_after=None
[2025-09-15T10:02:53.928+0000] {processor.py:183} INFO - Processing /opt/airflow/dags/load_hour_to_snowflake.py took 0.089 seconds
[2025-09-15T10:03:24.436+0000] {processor.py:161} INFO - Started process (PID=3463) to work on /opt/airflow/dags/load_hour_to_snowflake.py
[2025-09-15T10:03:24.437+0000] {processor.py:830} INFO - Processing file /opt/airflow/dags/load_hour_to_snowflake.py for tasks to queue
[2025-09-15T10:03:24.438+0000] {logging_mixin.py:188} INFO - [2025-09-15T10:03:24.437+0000] {dagbag.py:540} INFO - Filling up the DagBag from /opt/airflow/dags/load_hour_to_snowflake.py
[2025-09-15T10:03:24.454+0000] {processor.py:840} INFO - DAG(s) 'load_hour_to_snowflake' retrieved from /opt/airflow/dags/load_hour_to_snowflake.py
[2025-09-15T10:03:24.482+0000] {logging_mixin.py:188} INFO - [2025-09-15T10:03:24.482+0000] {dag.py:3096} INFO - Sync 1 DAGs
[2025-09-15T10:03:24.494+0000] {logging_mixin.py:188} INFO - [2025-09-15T10:03:24.494+0000] {dag.py:3954} INFO - Setting next_dagrun for load_hour_to_snowflake to None, run_after=None
[2025-09-15T10:03:24.516+0000] {processor.py:183} INFO - Processing /opt/airflow/dags/load_hour_to_snowflake.py took 0.086 seconds
[2025-09-15T10:03:55.012+0000] {processor.py:161} INFO - Started process (PID=3498) to work on /opt/airflow/dags/load_hour_to_snowflake.py
[2025-09-15T10:03:55.013+0000] {processor.py:830} INFO - Processing file /opt/airflow/dags/load_hour_to_snowflake.py for tasks to queue
[2025-09-15T10:03:55.014+0000] {logging_mixin.py:188} INFO - [2025-09-15T10:03:55.014+0000] {dagbag.py:540} INFO - Filling up the DagBag from /opt/airflow/dags/load_hour_to_snowflake.py
[2025-09-15T10:03:55.031+0000] {processor.py:840} INFO - DAG(s) 'load_hour_to_snowflake' retrieved from /opt/airflow/dags/load_hour_to_snowflake.py
[2025-09-15T10:03:55.059+0000] {logging_mixin.py:188} INFO - [2025-09-15T10:03:55.059+0000] {dag.py:3096} INFO - Sync 1 DAGs
[2025-09-15T10:03:55.072+0000] {logging_mixin.py:188} INFO - [2025-09-15T10:03:55.072+0000] {dag.py:3954} INFO - Setting next_dagrun for load_hour_to_snowflake to None, run_after=None
[2025-09-15T10:03:55.095+0000] {processor.py:183} INFO - Processing /opt/airflow/dags/load_hour_to_snowflake.py took 0.088 seconds
[2025-09-15T10:04:25.621+0000] {processor.py:161} INFO - Started process (PID=3533) to work on /opt/airflow/dags/load_hour_to_snowflake.py
[2025-09-15T10:04:25.622+0000] {processor.py:830} INFO - Processing file /opt/airflow/dags/load_hour_to_snowflake.py for tasks to queue
[2025-09-15T10:04:25.623+0000] {logging_mixin.py:188} INFO - [2025-09-15T10:04:25.623+0000] {dagbag.py:540} INFO - Filling up the DagBag from /opt/airflow/dags/load_hour_to_snowflake.py
[2025-09-15T10:04:25.641+0000] {processor.py:840} INFO - DAG(s) 'load_hour_to_snowflake' retrieved from /opt/airflow/dags/load_hour_to_snowflake.py
[2025-09-15T10:04:25.669+0000] {logging_mixin.py:188} INFO - [2025-09-15T10:04:25.669+0000] {dag.py:3096} INFO - Sync 1 DAGs
[2025-09-15T10:04:25.681+0000] {logging_mixin.py:188} INFO - [2025-09-15T10:04:25.681+0000] {dag.py:3954} INFO - Setting next_dagrun for load_hour_to_snowflake to None, run_after=None
[2025-09-15T10:04:25.703+0000] {processor.py:183} INFO - Processing /opt/airflow/dags/load_hour_to_snowflake.py took 0.087 seconds
[2025-09-15T10:04:56.256+0000] {processor.py:161} INFO - Started process (PID=3568) to work on /opt/airflow/dags/load_hour_to_snowflake.py
[2025-09-15T10:04:56.257+0000] {processor.py:830} INFO - Processing file /opt/airflow/dags/load_hour_to_snowflake.py for tasks to queue
[2025-09-15T10:04:56.258+0000] {logging_mixin.py:188} INFO - [2025-09-15T10:04:56.258+0000] {dagbag.py:540} INFO - Filling up the DagBag from /opt/airflow/dags/load_hour_to_snowflake.py
[2025-09-15T10:04:56.275+0000] {processor.py:840} INFO - DAG(s) 'load_hour_to_snowflake' retrieved from /opt/airflow/dags/load_hour_to_snowflake.py
[2025-09-15T10:04:56.301+0000] {logging_mixin.py:188} INFO - [2025-09-15T10:04:56.301+0000] {dag.py:3096} INFO - Sync 1 DAGs
[2025-09-15T10:04:56.314+0000] {logging_mixin.py:188} INFO - [2025-09-15T10:04:56.314+0000] {dag.py:3954} INFO - Setting next_dagrun for load_hour_to_snowflake to None, run_after=None
[2025-09-15T10:04:56.337+0000] {processor.py:183} INFO - Processing /opt/airflow/dags/load_hour_to_snowflake.py took 0.086 seconds
[2025-09-15T10:05:26.828+0000] {processor.py:161} INFO - Started process (PID=3603) to work on /opt/airflow/dags/load_hour_to_snowflake.py
[2025-09-15T10:05:26.829+0000] {processor.py:830} INFO - Processing file /opt/airflow/dags/load_hour_to_snowflake.py for tasks to queue
[2025-09-15T10:05:26.830+0000] {logging_mixin.py:188} INFO - [2025-09-15T10:05:26.830+0000] {dagbag.py:540} INFO - Filling up the DagBag from /opt/airflow/dags/load_hour_to_snowflake.py
[2025-09-15T10:05:26.846+0000] {processor.py:840} INFO - DAG(s) 'load_hour_to_snowflake' retrieved from /opt/airflow/dags/load_hour_to_snowflake.py
[2025-09-15T10:05:26.872+0000] {logging_mixin.py:188} INFO - [2025-09-15T10:05:26.872+0000] {dag.py:3096} INFO - Sync 1 DAGs
[2025-09-15T10:05:26.885+0000] {logging_mixin.py:188} INFO - [2025-09-15T10:05:26.885+0000] {dag.py:3954} INFO - Setting next_dagrun for load_hour_to_snowflake to None, run_after=None
[2025-09-15T10:05:26.906+0000] {processor.py:183} INFO - Processing /opt/airflow/dags/load_hour_to_snowflake.py took 0.084 seconds
[2025-09-15T10:05:57.245+0000] {processor.py:161} INFO - Started process (PID=3638) to work on /opt/airflow/dags/load_hour_to_snowflake.py
[2025-09-15T10:05:57.245+0000] {processor.py:830} INFO - Processing file /opt/airflow/dags/load_hour_to_snowflake.py for tasks to queue
[2025-09-15T10:05:57.246+0000] {logging_mixin.py:188} INFO - [2025-09-15T10:05:57.246+0000] {dagbag.py:540} INFO - Filling up the DagBag from /opt/airflow/dags/load_hour_to_snowflake.py
[2025-09-15T10:05:57.264+0000] {processor.py:840} INFO - DAG(s) 'load_hour_to_snowflake' retrieved from /opt/airflow/dags/load_hour_to_snowflake.py
[2025-09-15T10:05:57.293+0000] {logging_mixin.py:188} INFO - [2025-09-15T10:05:57.293+0000] {dag.py:3096} INFO - Sync 1 DAGs
[2025-09-15T10:05:57.307+0000] {logging_mixin.py:188} INFO - [2025-09-15T10:05:57.307+0000] {dag.py:3954} INFO - Setting next_dagrun for load_hour_to_snowflake to None, run_after=None
[2025-09-15T10:05:57.332+0000] {processor.py:183} INFO - Processing /opt/airflow/dags/load_hour_to_snowflake.py took 0.093 seconds
[2025-09-15T10:06:28.228+0000] {processor.py:161} INFO - Started process (PID=3673) to work on /opt/airflow/dags/load_hour_to_snowflake.py
[2025-09-15T10:06:28.229+0000] {processor.py:830} INFO - Processing file /opt/airflow/dags/load_hour_to_snowflake.py for tasks to queue
[2025-09-15T10:06:28.230+0000] {logging_mixin.py:188} INFO - [2025-09-15T10:06:28.230+0000] {dagbag.py:540} INFO - Filling up the DagBag from /opt/airflow/dags/load_hour_to_snowflake.py
[2025-09-15T10:06:28.247+0000] {processor.py:840} INFO - DAG(s) 'load_hour_to_snowflake' retrieved from /opt/airflow/dags/load_hour_to_snowflake.py
[2025-09-15T10:06:28.276+0000] {logging_mixin.py:188} INFO - [2025-09-15T10:06:28.276+0000] {dag.py:3096} INFO - Sync 1 DAGs
[2025-09-15T10:06:28.290+0000] {logging_mixin.py:188} INFO - [2025-09-15T10:06:28.290+0000] {dag.py:3954} INFO - Setting next_dagrun for load_hour_to_snowflake to None, run_after=None
[2025-09-15T10:06:28.310+0000] {processor.py:183} INFO - Processing /opt/airflow/dags/load_hour_to_snowflake.py took 0.088 seconds
[2025-09-15T10:06:59.062+0000] {processor.py:161} INFO - Started process (PID=3708) to work on /opt/airflow/dags/load_hour_to_snowflake.py
[2025-09-15T10:06:59.063+0000] {processor.py:830} INFO - Processing file /opt/airflow/dags/load_hour_to_snowflake.py for tasks to queue
[2025-09-15T10:06:59.064+0000] {logging_mixin.py:188} INFO - [2025-09-15T10:06:59.063+0000] {dagbag.py:540} INFO - Filling up the DagBag from /opt/airflow/dags/load_hour_to_snowflake.py
[2025-09-15T10:06:59.085+0000] {processor.py:840} INFO - DAG(s) 'load_hour_to_snowflake' retrieved from /opt/airflow/dags/load_hour_to_snowflake.py
[2025-09-15T10:06:59.113+0000] {logging_mixin.py:188} INFO - [2025-09-15T10:06:59.113+0000] {dag.py:3096} INFO - Sync 1 DAGs
[2025-09-15T10:06:59.125+0000] {logging_mixin.py:188} INFO - [2025-09-15T10:06:59.125+0000] {dag.py:3954} INFO - Setting next_dagrun for load_hour_to_snowflake to None, run_after=None
[2025-09-15T10:06:59.147+0000] {processor.py:183} INFO - Processing /opt/airflow/dags/load_hour_to_snowflake.py took 0.091 seconds
[2025-09-15T10:07:29.425+0000] {processor.py:161} INFO - Started process (PID=3743) to work on /opt/airflow/dags/load_hour_to_snowflake.py
[2025-09-15T10:07:29.428+0000] {processor.py:830} INFO - Processing file /opt/airflow/dags/load_hour_to_snowflake.py for tasks to queue
[2025-09-15T10:07:29.430+0000] {logging_mixin.py:188} INFO - [2025-09-15T10:07:29.429+0000] {dagbag.py:540} INFO - Filling up the DagBag from /opt/airflow/dags/load_hour_to_snowflake.py
[2025-09-15T10:07:29.463+0000] {processor.py:840} INFO - DAG(s) 'load_hour_to_snowflake' retrieved from /opt/airflow/dags/load_hour_to_snowflake.py
[2025-09-15T10:07:29.511+0000] {logging_mixin.py:188} INFO - [2025-09-15T10:07:29.510+0000] {dag.py:3096} INFO - Sync 1 DAGs
[2025-09-15T10:07:29.535+0000] {logging_mixin.py:188} INFO - [2025-09-15T10:07:29.534+0000] {dag.py:3954} INFO - Setting next_dagrun for load_hour_to_snowflake to None, run_after=None
[2025-09-15T10:07:29.579+0000] {processor.py:183} INFO - Processing /opt/airflow/dags/load_hour_to_snowflake.py took 0.168 seconds
[2025-09-15T10:08:00.071+0000] {processor.py:161} INFO - Started process (PID=3778) to work on /opt/airflow/dags/load_hour_to_snowflake.py
[2025-09-15T10:08:00.074+0000] {processor.py:830} INFO - Processing file /opt/airflow/dags/load_hour_to_snowflake.py for tasks to queue
[2025-09-15T10:08:00.078+0000] {logging_mixin.py:188} INFO - [2025-09-15T10:08:00.077+0000] {dagbag.py:540} INFO - Filling up the DagBag from /opt/airflow/dags/load_hour_to_snowflake.py
[2025-09-15T10:08:00.122+0000] {processor.py:840} INFO - DAG(s) 'load_hour_to_snowflake' retrieved from /opt/airflow/dags/load_hour_to_snowflake.py
[2025-09-15T10:08:00.206+0000] {logging_mixin.py:188} INFO - [2025-09-15T10:08:00.205+0000] {dag.py:3096} INFO - Sync 1 DAGs
[2025-09-15T10:08:00.231+0000] {logging_mixin.py:188} INFO - [2025-09-15T10:08:00.230+0000] {dag.py:3954} INFO - Setting next_dagrun for load_hour_to_snowflake to None, run_after=None
[2025-09-15T10:08:00.351+0000] {processor.py:183} INFO - Processing /opt/airflow/dags/load_hour_to_snowflake.py took 0.299 seconds
[2025-09-15T10:08:31.428+0000] {processor.py:161} INFO - Started process (PID=3813) to work on /opt/airflow/dags/load_hour_to_snowflake.py
[2025-09-15T10:08:31.430+0000] {processor.py:830} INFO - Processing file /opt/airflow/dags/load_hour_to_snowflake.py for tasks to queue
[2025-09-15T10:08:31.432+0000] {logging_mixin.py:188} INFO - [2025-09-15T10:08:31.431+0000] {dagbag.py:540} INFO - Filling up the DagBag from /opt/airflow/dags/load_hour_to_snowflake.py
[2025-09-15T10:08:31.480+0000] {processor.py:840} INFO - DAG(s) 'load_hour_to_snowflake' retrieved from /opt/airflow/dags/load_hour_to_snowflake.py
[2025-09-15T10:08:31.539+0000] {logging_mixin.py:188} INFO - [2025-09-15T10:08:31.539+0000] {dag.py:3096} INFO - Sync 1 DAGs
[2025-09-15T10:08:31.563+0000] {logging_mixin.py:188} INFO - [2025-09-15T10:08:31.562+0000] {dag.py:3954} INFO - Setting next_dagrun for load_hour_to_snowflake to None, run_after=None
[2025-09-15T10:08:31.591+0000] {processor.py:183} INFO - Processing /opt/airflow/dags/load_hour_to_snowflake.py took 0.174 seconds
[2025-09-15T10:09:02.393+0000] {processor.py:161} INFO - Started process (PID=3848) to work on /opt/airflow/dags/load_hour_to_snowflake.py
[2025-09-15T10:09:02.394+0000] {processor.py:830} INFO - Processing file /opt/airflow/dags/load_hour_to_snowflake.py for tasks to queue
[2025-09-15T10:09:02.395+0000] {logging_mixin.py:188} INFO - [2025-09-15T10:09:02.395+0000] {dagbag.py:540} INFO - Filling up the DagBag from /opt/airflow/dags/load_hour_to_snowflake.py
[2025-09-15T10:09:02.417+0000] {processor.py:840} INFO - DAG(s) 'load_hour_to_snowflake' retrieved from /opt/airflow/dags/load_hour_to_snowflake.py
[2025-09-15T10:09:02.455+0000] {logging_mixin.py:188} INFO - [2025-09-15T10:09:02.454+0000] {dag.py:3096} INFO - Sync 1 DAGs
[2025-09-15T10:09:02.472+0000] {logging_mixin.py:188} INFO - [2025-09-15T10:09:02.472+0000] {dag.py:3954} INFO - Setting next_dagrun for load_hour_to_snowflake to None, run_after=None
[2025-09-15T10:09:02.496+0000] {processor.py:183} INFO - Processing /opt/airflow/dags/load_hour_to_snowflake.py took 0.109 seconds
[2025-09-15T10:09:32.689+0000] {processor.py:161} INFO - Started process (PID=3883) to work on /opt/airflow/dags/load_hour_to_snowflake.py
[2025-09-15T10:09:32.690+0000] {processor.py:830} INFO - Processing file /opt/airflow/dags/load_hour_to_snowflake.py for tasks to queue
[2025-09-15T10:09:32.691+0000] {logging_mixin.py:188} INFO - [2025-09-15T10:09:32.691+0000] {dagbag.py:540} INFO - Filling up the DagBag from /opt/airflow/dags/load_hour_to_snowflake.py
[2025-09-15T10:09:32.714+0000] {processor.py:840} INFO - DAG(s) 'load_hour_to_snowflake' retrieved from /opt/airflow/dags/load_hour_to_snowflake.py
[2025-09-15T10:09:32.747+0000] {logging_mixin.py:188} INFO - [2025-09-15T10:09:32.747+0000] {dag.py:3096} INFO - Sync 1 DAGs
[2025-09-15T10:09:32.763+0000] {logging_mixin.py:188} INFO - [2025-09-15T10:09:32.763+0000] {dag.py:3954} INFO - Setting next_dagrun for load_hour_to_snowflake to None, run_after=None
[2025-09-15T10:09:32.795+0000] {processor.py:183} INFO - Processing /opt/airflow/dags/load_hour_to_snowflake.py took 0.112 seconds
[2025-09-15T10:10:03.366+0000] {processor.py:161} INFO - Started process (PID=3918) to work on /opt/airflow/dags/load_hour_to_snowflake.py
[2025-09-15T10:10:03.368+0000] {processor.py:830} INFO - Processing file /opt/airflow/dags/load_hour_to_snowflake.py for tasks to queue
[2025-09-15T10:10:03.370+0000] {logging_mixin.py:188} INFO - [2025-09-15T10:10:03.369+0000] {dagbag.py:540} INFO - Filling up the DagBag from /opt/airflow/dags/load_hour_to_snowflake.py
[2025-09-15T10:10:03.394+0000] {processor.py:840} INFO - DAG(s) 'load_hour_to_snowflake' retrieved from /opt/airflow/dags/load_hour_to_snowflake.py
[2025-09-15T10:10:03.431+0000] {logging_mixin.py:188} INFO - [2025-09-15T10:10:03.430+0000] {dag.py:3096} INFO - Sync 1 DAGs
[2025-09-15T10:10:03.447+0000] {logging_mixin.py:188} INFO - [2025-09-15T10:10:03.447+0000] {dag.py:3954} INFO - Setting next_dagrun for load_hour_to_snowflake to None, run_after=None
[2025-09-15T10:10:03.474+0000] {processor.py:183} INFO - Processing /opt/airflow/dags/load_hour_to_snowflake.py took 0.116 seconds
[2025-09-15T10:10:33.942+0000] {processor.py:161} INFO - Started process (PID=3953) to work on /opt/airflow/dags/load_hour_to_snowflake.py
[2025-09-15T10:10:33.944+0000] {processor.py:830} INFO - Processing file /opt/airflow/dags/load_hour_to_snowflake.py for tasks to queue
[2025-09-15T10:10:33.944+0000] {logging_mixin.py:188} INFO - [2025-09-15T10:10:33.944+0000] {dagbag.py:540} INFO - Filling up the DagBag from /opt/airflow/dags/load_hour_to_snowflake.py
[2025-09-15T10:10:33.965+0000] {processor.py:840} INFO - DAG(s) 'load_hour_to_snowflake' retrieved from /opt/airflow/dags/load_hour_to_snowflake.py
[2025-09-15T10:10:33.998+0000] {logging_mixin.py:188} INFO - [2025-09-15T10:10:33.998+0000] {dag.py:3096} INFO - Sync 1 DAGs
[2025-09-15T10:10:34.013+0000] {logging_mixin.py:188} INFO - [2025-09-15T10:10:34.013+0000] {dag.py:3954} INFO - Setting next_dagrun for load_hour_to_snowflake to None, run_after=None
[2025-09-15T10:10:34.037+0000] {processor.py:183} INFO - Processing /opt/airflow/dags/load_hour_to_snowflake.py took 0.102 seconds
[2025-09-15T10:11:04.464+0000] {processor.py:161} INFO - Started process (PID=3988) to work on /opt/airflow/dags/load_hour_to_snowflake.py
[2025-09-15T10:11:04.465+0000] {processor.py:830} INFO - Processing file /opt/airflow/dags/load_hour_to_snowflake.py for tasks to queue
[2025-09-15T10:11:04.466+0000] {logging_mixin.py:188} INFO - [2025-09-15T10:11:04.466+0000] {dagbag.py:540} INFO - Filling up the DagBag from /opt/airflow/dags/load_hour_to_snowflake.py
[2025-09-15T10:11:04.491+0000] {processor.py:840} INFO - DAG(s) 'load_hour_to_snowflake' retrieved from /opt/airflow/dags/load_hour_to_snowflake.py
[2025-09-15T10:11:04.556+0000] {logging_mixin.py:188} INFO - [2025-09-15T10:11:04.555+0000] {dag.py:3096} INFO - Sync 1 DAGs
[2025-09-15T10:11:04.600+0000] {logging_mixin.py:188} INFO - [2025-09-15T10:11:04.599+0000] {dag.py:3954} INFO - Setting next_dagrun for load_hour_to_snowflake to None, run_after=None
[2025-09-15T10:11:04.677+0000] {processor.py:183} INFO - Processing /opt/airflow/dags/load_hour_to_snowflake.py took 0.221 seconds
[2025-09-15T10:11:35.299+0000] {processor.py:161} INFO - Started process (PID=4023) to work on /opt/airflow/dags/load_hour_to_snowflake.py
[2025-09-15T10:11:35.300+0000] {processor.py:830} INFO - Processing file /opt/airflow/dags/load_hour_to_snowflake.py for tasks to queue
[2025-09-15T10:11:35.301+0000] {logging_mixin.py:188} INFO - [2025-09-15T10:11:35.301+0000] {dagbag.py:540} INFO - Filling up the DagBag from /opt/airflow/dags/load_hour_to_snowflake.py
[2025-09-15T10:11:35.321+0000] {processor.py:840} INFO - DAG(s) 'load_hour_to_snowflake' retrieved from /opt/airflow/dags/load_hour_to_snowflake.py
[2025-09-15T10:11:35.355+0000] {logging_mixin.py:188} INFO - [2025-09-15T10:11:35.355+0000] {dag.py:3096} INFO - Sync 1 DAGs
[2025-09-15T10:11:35.372+0000] {logging_mixin.py:188} INFO - [2025-09-15T10:11:35.372+0000] {dag.py:3954} INFO - Setting next_dagrun for load_hour_to_snowflake to None, run_after=None
[2025-09-15T10:11:35.401+0000] {processor.py:183} INFO - Processing /opt/airflow/dags/load_hour_to_snowflake.py took 0.109 seconds
[2025-09-15T10:12:06.018+0000] {processor.py:161} INFO - Started process (PID=4058) to work on /opt/airflow/dags/load_hour_to_snowflake.py
[2025-09-15T10:12:06.020+0000] {processor.py:830} INFO - Processing file /opt/airflow/dags/load_hour_to_snowflake.py for tasks to queue
[2025-09-15T10:12:06.021+0000] {logging_mixin.py:188} INFO - [2025-09-15T10:12:06.021+0000] {dagbag.py:540} INFO - Filling up the DagBag from /opt/airflow/dags/load_hour_to_snowflake.py
[2025-09-15T10:12:06.041+0000] {processor.py:840} INFO - DAG(s) 'load_hour_to_snowflake' retrieved from /opt/airflow/dags/load_hour_to_snowflake.py
[2025-09-15T10:12:06.080+0000] {logging_mixin.py:188} INFO - [2025-09-15T10:12:06.080+0000] {dag.py:3096} INFO - Sync 1 DAGs
[2025-09-15T10:12:06.095+0000] {logging_mixin.py:188} INFO - [2025-09-15T10:12:06.094+0000] {dag.py:3954} INFO - Setting next_dagrun for load_hour_to_snowflake to None, run_after=None
[2025-09-15T10:12:06.117+0000] {processor.py:183} INFO - Processing /opt/airflow/dags/load_hour_to_snowflake.py took 0.105 seconds
[2025-09-15T10:12:36.661+0000] {processor.py:161} INFO - Started process (PID=4093) to work on /opt/airflow/dags/load_hour_to_snowflake.py
[2025-09-15T10:12:36.663+0000] {processor.py:830} INFO - Processing file /opt/airflow/dags/load_hour_to_snowflake.py for tasks to queue
[2025-09-15T10:12:36.666+0000] {logging_mixin.py:188} INFO - [2025-09-15T10:12:36.664+0000] {dagbag.py:540} INFO - Filling up the DagBag from /opt/airflow/dags/load_hour_to_snowflake.py
[2025-09-15T10:12:36.759+0000] {processor.py:840} INFO - DAG(s) 'load_hour_to_snowflake' retrieved from /opt/airflow/dags/load_hour_to_snowflake.py
[2025-09-15T10:12:36.815+0000] {logging_mixin.py:188} INFO - [2025-09-15T10:12:36.814+0000] {dag.py:3096} INFO - Sync 1 DAGs
[2025-09-15T10:12:36.845+0000] {logging_mixin.py:188} INFO - [2025-09-15T10:12:36.844+0000] {dag.py:3954} INFO - Setting next_dagrun for load_hour_to_snowflake to None, run_after=None
[2025-09-15T10:12:36.884+0000] {processor.py:183} INFO - Processing /opt/airflow/dags/load_hour_to_snowflake.py took 0.232 seconds
[2025-09-15T10:13:07.452+0000] {processor.py:161} INFO - Started process (PID=4128) to work on /opt/airflow/dags/load_hour_to_snowflake.py
[2025-09-15T10:13:07.453+0000] {processor.py:830} INFO - Processing file /opt/airflow/dags/load_hour_to_snowflake.py for tasks to queue
[2025-09-15T10:13:07.453+0000] {logging_mixin.py:188} INFO - [2025-09-15T10:13:07.453+0000] {dagbag.py:540} INFO - Filling up the DagBag from /opt/airflow/dags/load_hour_to_snowflake.py
[2025-09-15T10:13:07.471+0000] {processor.py:840} INFO - DAG(s) 'load_hour_to_snowflake' retrieved from /opt/airflow/dags/load_hour_to_snowflake.py
[2025-09-15T10:13:07.505+0000] {logging_mixin.py:188} INFO - [2025-09-15T10:13:07.505+0000] {dag.py:3096} INFO - Sync 1 DAGs
[2025-09-15T10:13:07.519+0000] {logging_mixin.py:188} INFO - [2025-09-15T10:13:07.519+0000] {dag.py:3954} INFO - Setting next_dagrun for load_hour_to_snowflake to None, run_after=None
[2025-09-15T10:13:07.546+0000] {processor.py:183} INFO - Processing /opt/airflow/dags/load_hour_to_snowflake.py took 0.102 seconds
[2025-09-15T10:13:38.054+0000] {processor.py:161} INFO - Started process (PID=4163) to work on /opt/airflow/dags/load_hour_to_snowflake.py
[2025-09-15T10:13:38.056+0000] {processor.py:830} INFO - Processing file /opt/airflow/dags/load_hour_to_snowflake.py for tasks to queue
[2025-09-15T10:13:38.057+0000] {logging_mixin.py:188} INFO - [2025-09-15T10:13:38.057+0000] {dagbag.py:540} INFO - Filling up the DagBag from /opt/airflow/dags/load_hour_to_snowflake.py
[2025-09-15T10:13:38.080+0000] {processor.py:840} INFO - DAG(s) 'load_hour_to_snowflake' retrieved from /opt/airflow/dags/load_hour_to_snowflake.py
[2025-09-15T10:13:38.114+0000] {logging_mixin.py:188} INFO - [2025-09-15T10:13:38.113+0000] {dag.py:3096} INFO - Sync 1 DAGs
[2025-09-15T10:13:38.129+0000] {logging_mixin.py:188} INFO - [2025-09-15T10:13:38.129+0000] {dag.py:3954} INFO - Setting next_dagrun for load_hour_to_snowflake to None, run_after=None
[2025-09-15T10:13:38.157+0000] {processor.py:183} INFO - Processing /opt/airflow/dags/load_hour_to_snowflake.py took 0.116 seconds
[2025-09-15T10:14:08.589+0000] {processor.py:161} INFO - Started process (PID=4198) to work on /opt/airflow/dags/load_hour_to_snowflake.py
[2025-09-15T10:14:08.591+0000] {processor.py:830} INFO - Processing file /opt/airflow/dags/load_hour_to_snowflake.py for tasks to queue
[2025-09-15T10:14:08.593+0000] {logging_mixin.py:188} INFO - [2025-09-15T10:14:08.592+0000] {dagbag.py:540} INFO - Filling up the DagBag from /opt/airflow/dags/load_hour_to_snowflake.py
[2025-09-15T10:14:08.621+0000] {processor.py:840} INFO - DAG(s) 'load_hour_to_snowflake' retrieved from /opt/airflow/dags/load_hour_to_snowflake.py
[2025-09-15T10:14:08.654+0000] {logging_mixin.py:188} INFO - [2025-09-15T10:14:08.653+0000] {dag.py:3096} INFO - Sync 1 DAGs
[2025-09-15T10:14:08.670+0000] {logging_mixin.py:188} INFO - [2025-09-15T10:14:08.669+0000] {dag.py:3954} INFO - Setting next_dagrun for load_hour_to_snowflake to None, run_after=None
[2025-09-15T10:14:08.692+0000] {processor.py:183} INFO - Processing /opt/airflow/dags/load_hour_to_snowflake.py took 0.115 seconds
[2025-09-15T10:14:39.205+0000] {processor.py:161} INFO - Started process (PID=4233) to work on /opt/airflow/dags/load_hour_to_snowflake.py
[2025-09-15T10:14:39.206+0000] {processor.py:830} INFO - Processing file /opt/airflow/dags/load_hour_to_snowflake.py for tasks to queue
[2025-09-15T10:14:39.207+0000] {logging_mixin.py:188} INFO - [2025-09-15T10:14:39.207+0000] {dagbag.py:540} INFO - Filling up the DagBag from /opt/airflow/dags/load_hour_to_snowflake.py
[2025-09-15T10:14:39.242+0000] {processor.py:840} INFO - DAG(s) 'load_hour_to_snowflake' retrieved from /opt/airflow/dags/load_hour_to_snowflake.py
[2025-09-15T10:14:39.299+0000] {logging_mixin.py:188} INFO - [2025-09-15T10:14:39.298+0000] {dag.py:3096} INFO - Sync 1 DAGs
[2025-09-15T10:14:39.317+0000] {logging_mixin.py:188} INFO - [2025-09-15T10:14:39.316+0000] {dag.py:3954} INFO - Setting next_dagrun for load_hour_to_snowflake to None, run_after=None
[2025-09-15T10:14:39.364+0000] {processor.py:183} INFO - Processing /opt/airflow/dags/load_hour_to_snowflake.py took 0.168 seconds
[2025-09-15T10:15:09.886+0000] {processor.py:161} INFO - Started process (PID=4268) to work on /opt/airflow/dags/load_hour_to_snowflake.py
[2025-09-15T10:15:09.887+0000] {processor.py:830} INFO - Processing file /opt/airflow/dags/load_hour_to_snowflake.py for tasks to queue
[2025-09-15T10:15:09.888+0000] {logging_mixin.py:188} INFO - [2025-09-15T10:15:09.888+0000] {dagbag.py:540} INFO - Filling up the DagBag from /opt/airflow/dags/load_hour_to_snowflake.py
[2025-09-15T10:15:09.907+0000] {processor.py:840} INFO - DAG(s) 'load_hour_to_snowflake' retrieved from /opt/airflow/dags/load_hour_to_snowflake.py
[2025-09-15T10:15:09.937+0000] {logging_mixin.py:188} INFO - [2025-09-15T10:15:09.937+0000] {dag.py:3096} INFO - Sync 1 DAGs
[2025-09-15T10:15:09.951+0000] {logging_mixin.py:188} INFO - [2025-09-15T10:15:09.951+0000] {dag.py:3954} INFO - Setting next_dagrun for load_hour_to_snowflake to None, run_after=None
[2025-09-15T10:15:09.977+0000] {processor.py:183} INFO - Processing /opt/airflow/dags/load_hour_to_snowflake.py took 0.098 seconds
[2025-09-15T10:15:40.396+0000] {processor.py:161} INFO - Started process (PID=4303) to work on /opt/airflow/dags/load_hour_to_snowflake.py
[2025-09-15T10:15:40.397+0000] {processor.py:830} INFO - Processing file /opt/airflow/dags/load_hour_to_snowflake.py for tasks to queue
[2025-09-15T10:15:40.398+0000] {logging_mixin.py:188} INFO - [2025-09-15T10:15:40.398+0000] {dagbag.py:540} INFO - Filling up the DagBag from /opt/airflow/dags/load_hour_to_snowflake.py
[2025-09-15T10:15:40.418+0000] {processor.py:840} INFO - DAG(s) 'load_hour_to_snowflake' retrieved from /opt/airflow/dags/load_hour_to_snowflake.py
[2025-09-15T10:15:40.454+0000] {logging_mixin.py:188} INFO - [2025-09-15T10:15:40.452+0000] {dag.py:3096} INFO - Sync 1 DAGs
[2025-09-15T10:15:40.474+0000] {logging_mixin.py:188} INFO - [2025-09-15T10:15:40.474+0000] {dag.py:3954} INFO - Setting next_dagrun for load_hour_to_snowflake to None, run_after=None
[2025-09-15T10:15:40.506+0000] {processor.py:183} INFO - Processing /opt/airflow/dags/load_hour_to_snowflake.py took 0.118 seconds
[2025-09-15T10:16:11.301+0000] {processor.py:161} INFO - Started process (PID=4338) to work on /opt/airflow/dags/load_hour_to_snowflake.py
[2025-09-15T10:16:11.302+0000] {processor.py:830} INFO - Processing file /opt/airflow/dags/load_hour_to_snowflake.py for tasks to queue
[2025-09-15T10:16:11.303+0000] {logging_mixin.py:188} INFO - [2025-09-15T10:16:11.303+0000] {dagbag.py:540} INFO - Filling up the DagBag from /opt/airflow/dags/load_hour_to_snowflake.py
[2025-09-15T10:16:11.333+0000] {processor.py:840} INFO - DAG(s) 'load_hour_to_snowflake' retrieved from /opt/airflow/dags/load_hour_to_snowflake.py
[2025-09-15T10:16:11.367+0000] {logging_mixin.py:188} INFO - [2025-09-15T10:16:11.367+0000] {dag.py:3096} INFO - Sync 1 DAGs
[2025-09-15T10:16:11.385+0000] {logging_mixin.py:188} INFO - [2025-09-15T10:16:11.385+0000] {dag.py:3954} INFO - Setting next_dagrun for load_hour_to_snowflake to None, run_after=None
[2025-09-15T10:16:11.408+0000] {processor.py:183} INFO - Processing /opt/airflow/dags/load_hour_to_snowflake.py took 0.117 seconds
[2025-09-15T10:16:41.652+0000] {processor.py:161} INFO - Started process (PID=4373) to work on /opt/airflow/dags/load_hour_to_snowflake.py
[2025-09-15T10:16:41.654+0000] {processor.py:830} INFO - Processing file /opt/airflow/dags/load_hour_to_snowflake.py for tasks to queue
[2025-09-15T10:16:41.655+0000] {logging_mixin.py:188} INFO - [2025-09-15T10:16:41.654+0000] {dagbag.py:540} INFO - Filling up the DagBag from /opt/airflow/dags/load_hour_to_snowflake.py
[2025-09-15T10:16:41.672+0000] {processor.py:840} INFO - DAG(s) 'load_hour_to_snowflake' retrieved from /opt/airflow/dags/load_hour_to_snowflake.py
[2025-09-15T10:16:41.702+0000] {logging_mixin.py:188} INFO - [2025-09-15T10:16:41.702+0000] {dag.py:3096} INFO - Sync 1 DAGs
[2025-09-15T10:16:41.717+0000] {logging_mixin.py:188} INFO - [2025-09-15T10:16:41.716+0000] {dag.py:3954} INFO - Setting next_dagrun for load_hour_to_snowflake to None, run_after=None
[2025-09-15T10:16:41.743+0000] {processor.py:183} INFO - Processing /opt/airflow/dags/load_hour_to_snowflake.py took 0.098 seconds
[2025-09-15T10:17:12.319+0000] {processor.py:161} INFO - Started process (PID=4408) to work on /opt/airflow/dags/load_hour_to_snowflake.py
[2025-09-15T10:17:12.322+0000] {processor.py:830} INFO - Processing file /opt/airflow/dags/load_hour_to_snowflake.py for tasks to queue
[2025-09-15T10:17:12.323+0000] {logging_mixin.py:188} INFO - [2025-09-15T10:17:12.323+0000] {dagbag.py:540} INFO - Filling up the DagBag from /opt/airflow/dags/load_hour_to_snowflake.py
[2025-09-15T10:17:12.346+0000] {processor.py:840} INFO - DAG(s) 'load_hour_to_snowflake' retrieved from /opt/airflow/dags/load_hour_to_snowflake.py
[2025-09-15T10:17:12.382+0000] {logging_mixin.py:188} INFO - [2025-09-15T10:17:12.382+0000] {dag.py:3096} INFO - Sync 1 DAGs
[2025-09-15T10:17:12.398+0000] {logging_mixin.py:188} INFO - [2025-09-15T10:17:12.397+0000] {dag.py:3954} INFO - Setting next_dagrun for load_hour_to_snowflake to None, run_after=None
[2025-09-15T10:17:12.426+0000] {processor.py:183} INFO - Processing /opt/airflow/dags/load_hour_to_snowflake.py took 0.115 seconds
[2025-09-15T10:17:42.973+0000] {processor.py:161} INFO - Started process (PID=4443) to work on /opt/airflow/dags/load_hour_to_snowflake.py
[2025-09-15T10:17:42.974+0000] {processor.py:830} INFO - Processing file /opt/airflow/dags/load_hour_to_snowflake.py for tasks to queue
[2025-09-15T10:17:42.975+0000] {logging_mixin.py:188} INFO - [2025-09-15T10:17:42.974+0000] {dagbag.py:540} INFO - Filling up the DagBag from /opt/airflow/dags/load_hour_to_snowflake.py
[2025-09-15T10:17:42.997+0000] {processor.py:840} INFO - DAG(s) 'load_hour_to_snowflake' retrieved from /opt/airflow/dags/load_hour_to_snowflake.py
[2025-09-15T10:17:43.034+0000] {logging_mixin.py:188} INFO - [2025-09-15T10:17:43.033+0000] {dag.py:3096} INFO - Sync 1 DAGs
[2025-09-15T10:17:43.052+0000] {logging_mixin.py:188} INFO - [2025-09-15T10:17:43.051+0000] {dag.py:3954} INFO - Setting next_dagrun for load_hour_to_snowflake to None, run_after=None
[2025-09-15T10:17:43.159+0000] {processor.py:183} INFO - Processing /opt/airflow/dags/load_hour_to_snowflake.py took 0.194 seconds
[2025-09-15T10:18:13.762+0000] {processor.py:161} INFO - Started process (PID=4478) to work on /opt/airflow/dags/load_hour_to_snowflake.py
[2025-09-15T10:18:13.764+0000] {processor.py:830} INFO - Processing file /opt/airflow/dags/load_hour_to_snowflake.py for tasks to queue
[2025-09-15T10:18:13.765+0000] {logging_mixin.py:188} INFO - [2025-09-15T10:18:13.764+0000] {dagbag.py:540} INFO - Filling up the DagBag from /opt/airflow/dags/load_hour_to_snowflake.py
[2025-09-15T10:18:13.783+0000] {processor.py:840} INFO - DAG(s) 'load_hour_to_snowflake' retrieved from /opt/airflow/dags/load_hour_to_snowflake.py
[2025-09-15T10:18:13.813+0000] {logging_mixin.py:188} INFO - [2025-09-15T10:18:13.813+0000] {dag.py:3096} INFO - Sync 1 DAGs
[2025-09-15T10:18:13.828+0000] {logging_mixin.py:188} INFO - [2025-09-15T10:18:13.828+0000] {dag.py:3954} INFO - Setting next_dagrun for load_hour_to_snowflake to None, run_after=None
[2025-09-15T10:18:13.850+0000] {processor.py:183} INFO - Processing /opt/airflow/dags/load_hour_to_snowflake.py took 0.094 seconds
[2025-09-15T10:18:44.413+0000] {processor.py:161} INFO - Started process (PID=4513) to work on /opt/airflow/dags/load_hour_to_snowflake.py
[2025-09-15T10:18:44.416+0000] {processor.py:830} INFO - Processing file /opt/airflow/dags/load_hour_to_snowflake.py for tasks to queue
[2025-09-15T10:18:44.418+0000] {logging_mixin.py:188} INFO - [2025-09-15T10:18:44.418+0000] {dagbag.py:540} INFO - Filling up the DagBag from /opt/airflow/dags/load_hour_to_snowflake.py
[2025-09-15T10:18:44.445+0000] {processor.py:840} INFO - DAG(s) 'load_hour_to_snowflake' retrieved from /opt/airflow/dags/load_hour_to_snowflake.py
[2025-09-15T10:18:44.476+0000] {logging_mixin.py:188} INFO - [2025-09-15T10:18:44.476+0000] {dag.py:3096} INFO - Sync 1 DAGs
[2025-09-15T10:18:44.492+0000] {logging_mixin.py:188} INFO - [2025-09-15T10:18:44.492+0000] {dag.py:3954} INFO - Setting next_dagrun for load_hour_to_snowflake to None, run_after=None
[2025-09-15T10:18:44.516+0000] {processor.py:183} INFO - Processing /opt/airflow/dags/load_hour_to_snowflake.py took 0.111 seconds
[2025-09-15T10:19:15.031+0000] {processor.py:161} INFO - Started process (PID=4548) to work on /opt/airflow/dags/load_hour_to_snowflake.py
[2025-09-15T10:19:15.033+0000] {processor.py:830} INFO - Processing file /opt/airflow/dags/load_hour_to_snowflake.py for tasks to queue
[2025-09-15T10:19:15.034+0000] {logging_mixin.py:188} INFO - [2025-09-15T10:19:15.034+0000] {dagbag.py:540} INFO - Filling up the DagBag from /opt/airflow/dags/load_hour_to_snowflake.py
[2025-09-15T10:19:15.053+0000] {processor.py:840} INFO - DAG(s) 'load_hour_to_snowflake' retrieved from /opt/airflow/dags/load_hour_to_snowflake.py
[2025-09-15T10:19:15.087+0000] {logging_mixin.py:188} INFO - [2025-09-15T10:19:15.087+0000] {dag.py:3096} INFO - Sync 1 DAGs
[2025-09-15T10:19:15.104+0000] {logging_mixin.py:188} INFO - [2025-09-15T10:19:15.103+0000] {dag.py:3954} INFO - Setting next_dagrun for load_hour_to_snowflake to None, run_after=None
[2025-09-15T10:19:15.128+0000] {processor.py:183} INFO - Processing /opt/airflow/dags/load_hour_to_snowflake.py took 0.104 seconds
[2025-09-15T10:19:45.505+0000] {processor.py:161} INFO - Started process (PID=4583) to work on /opt/airflow/dags/load_hour_to_snowflake.py
[2025-09-15T10:19:45.506+0000] {processor.py:830} INFO - Processing file /opt/airflow/dags/load_hour_to_snowflake.py for tasks to queue
[2025-09-15T10:19:45.507+0000] {logging_mixin.py:188} INFO - [2025-09-15T10:19:45.507+0000] {dagbag.py:540} INFO - Filling up the DagBag from /opt/airflow/dags/load_hour_to_snowflake.py
[2025-09-15T10:19:45.530+0000] {processor.py:840} INFO - DAG(s) 'load_hour_to_snowflake' retrieved from /opt/airflow/dags/load_hour_to_snowflake.py
[2025-09-15T10:19:45.564+0000] {logging_mixin.py:188} INFO - [2025-09-15T10:19:45.563+0000] {dag.py:3096} INFO - Sync 1 DAGs
[2025-09-15T10:19:45.609+0000] {logging_mixin.py:188} INFO - [2025-09-15T10:19:45.609+0000] {dag.py:3954} INFO - Setting next_dagrun for load_hour_to_snowflake to None, run_after=None
[2025-09-15T10:19:46.002+0000] {processor.py:183} INFO - Processing /opt/airflow/dags/load_hour_to_snowflake.py took 0.505 seconds
[2025-09-15T10:20:16.913+0000] {processor.py:161} INFO - Started process (PID=4618) to work on /opt/airflow/dags/load_hour_to_snowflake.py
[2025-09-15T10:20:16.914+0000] {processor.py:830} INFO - Processing file /opt/airflow/dags/load_hour_to_snowflake.py for tasks to queue
[2025-09-15T10:20:16.915+0000] {logging_mixin.py:188} INFO - [2025-09-15T10:20:16.915+0000] {dagbag.py:540} INFO - Filling up the DagBag from /opt/airflow/dags/load_hour_to_snowflake.py
[2025-09-15T10:20:16.935+0000] {processor.py:840} INFO - DAG(s) 'load_hour_to_snowflake' retrieved from /opt/airflow/dags/load_hour_to_snowflake.py
[2025-09-15T10:20:16.966+0000] {logging_mixin.py:188} INFO - [2025-09-15T10:20:16.965+0000] {dag.py:3096} INFO - Sync 1 DAGs
[2025-09-15T10:20:16.979+0000] {logging_mixin.py:188} INFO - [2025-09-15T10:20:16.979+0000] {dag.py:3954} INFO - Setting next_dagrun for load_hour_to_snowflake to None, run_after=None
[2025-09-15T10:20:17.001+0000] {processor.py:183} INFO - Processing /opt/airflow/dags/load_hour_to_snowflake.py took 0.094 seconds
[2025-09-15T10:20:47.629+0000] {processor.py:161} INFO - Started process (PID=4653) to work on /opt/airflow/dags/load_hour_to_snowflake.py
[2025-09-15T10:20:47.632+0000] {processor.py:830} INFO - Processing file /opt/airflow/dags/load_hour_to_snowflake.py for tasks to queue
[2025-09-15T10:20:47.634+0000] {logging_mixin.py:188} INFO - [2025-09-15T10:20:47.633+0000] {dagbag.py:540} INFO - Filling up the DagBag from /opt/airflow/dags/load_hour_to_snowflake.py
[2025-09-15T10:20:47.668+0000] {processor.py:840} INFO - DAG(s) 'load_hour_to_snowflake' retrieved from /opt/airflow/dags/load_hour_to_snowflake.py
[2025-09-15T10:20:47.710+0000] {logging_mixin.py:188} INFO - [2025-09-15T10:20:47.709+0000] {dag.py:3096} INFO - Sync 1 DAGs
[2025-09-15T10:20:47.724+0000] {logging_mixin.py:188} INFO - [2025-09-15T10:20:47.723+0000] {dag.py:3954} INFO - Setting next_dagrun for load_hour_to_snowflake to None, run_after=None
[2025-09-15T10:20:47.749+0000] {processor.py:183} INFO - Processing /opt/airflow/dags/load_hour_to_snowflake.py took 0.132 seconds
[2025-09-15T10:21:18.446+0000] {processor.py:161} INFO - Started process (PID=4688) to work on /opt/airflow/dags/load_hour_to_snowflake.py
[2025-09-15T10:21:18.447+0000] {processor.py:830} INFO - Processing file /opt/airflow/dags/load_hour_to_snowflake.py for tasks to queue
[2025-09-15T10:21:18.448+0000] {logging_mixin.py:188} INFO - [2025-09-15T10:21:18.448+0000] {dagbag.py:540} INFO - Filling up the DagBag from /opt/airflow/dags/load_hour_to_snowflake.py
[2025-09-15T10:21:18.467+0000] {processor.py:840} INFO - DAG(s) 'load_hour_to_snowflake' retrieved from /opt/airflow/dags/load_hour_to_snowflake.py
[2025-09-15T10:21:18.495+0000] {logging_mixin.py:188} INFO - [2025-09-15T10:21:18.495+0000] {dag.py:3096} INFO - Sync 1 DAGs
[2025-09-15T10:21:18.509+0000] {logging_mixin.py:188} INFO - [2025-09-15T10:21:18.509+0000] {dag.py:3954} INFO - Setting next_dagrun for load_hour_to_snowflake to None, run_after=None
[2025-09-15T10:21:18.531+0000] {processor.py:183} INFO - Processing /opt/airflow/dags/load_hour_to_snowflake.py took 0.091 seconds
[2025-09-15T10:21:49.087+0000] {processor.py:161} INFO - Started process (PID=4723) to work on /opt/airflow/dags/load_hour_to_snowflake.py
[2025-09-15T10:21:49.088+0000] {processor.py:830} INFO - Processing file /opt/airflow/dags/load_hour_to_snowflake.py for tasks to queue
[2025-09-15T10:21:49.089+0000] {logging_mixin.py:188} INFO - [2025-09-15T10:21:49.088+0000] {dagbag.py:540} INFO - Filling up the DagBag from /opt/airflow/dags/load_hour_to_snowflake.py
[2025-09-15T10:21:49.106+0000] {processor.py:840} INFO - DAG(s) 'load_hour_to_snowflake' retrieved from /opt/airflow/dags/load_hour_to_snowflake.py
[2025-09-15T10:21:49.137+0000] {logging_mixin.py:188} INFO - [2025-09-15T10:21:49.136+0000] {dag.py:3096} INFO - Sync 1 DAGs
[2025-09-15T10:21:49.150+0000] {logging_mixin.py:188} INFO - [2025-09-15T10:21:49.149+0000] {dag.py:3954} INFO - Setting next_dagrun for load_hour_to_snowflake to None, run_after=None
[2025-09-15T10:21:49.173+0000] {processor.py:183} INFO - Processing /opt/airflow/dags/load_hour_to_snowflake.py took 0.093 seconds
[2025-09-15T10:22:20.210+0000] {processor.py:161} INFO - Started process (PID=4758) to work on /opt/airflow/dags/load_hour_to_snowflake.py
[2025-09-15T10:22:20.211+0000] {processor.py:830} INFO - Processing file /opt/airflow/dags/load_hour_to_snowflake.py for tasks to queue
[2025-09-15T10:22:20.212+0000] {logging_mixin.py:188} INFO - [2025-09-15T10:22:20.211+0000] {dagbag.py:540} INFO - Filling up the DagBag from /opt/airflow/dags/load_hour_to_snowflake.py
[2025-09-15T10:22:20.228+0000] {processor.py:840} INFO - DAG(s) 'load_hour_to_snowflake' retrieved from /opt/airflow/dags/load_hour_to_snowflake.py
[2025-09-15T10:22:20.260+0000] {logging_mixin.py:188} INFO - [2025-09-15T10:22:20.260+0000] {dag.py:3096} INFO - Sync 1 DAGs
[2025-09-15T10:22:20.274+0000] {logging_mixin.py:188} INFO - [2025-09-15T10:22:20.274+0000] {dag.py:3954} INFO - Setting next_dagrun for load_hour_to_snowflake to None, run_after=None
[2025-09-15T10:22:20.298+0000] {processor.py:183} INFO - Processing /opt/airflow/dags/load_hour_to_snowflake.py took 0.095 seconds
[2025-09-15T10:22:50.625+0000] {processor.py:161} INFO - Started process (PID=4793) to work on /opt/airflow/dags/load_hour_to_snowflake.py
[2025-09-15T10:22:50.625+0000] {processor.py:830} INFO - Processing file /opt/airflow/dags/load_hour_to_snowflake.py for tasks to queue
[2025-09-15T10:22:50.626+0000] {logging_mixin.py:188} INFO - [2025-09-15T10:22:50.626+0000] {dagbag.py:540} INFO - Filling up the DagBag from /opt/airflow/dags/load_hour_to_snowflake.py
[2025-09-15T10:22:50.642+0000] {processor.py:840} INFO - DAG(s) 'load_hour_to_snowflake' retrieved from /opt/airflow/dags/load_hour_to_snowflake.py
[2025-09-15T10:22:50.671+0000] {logging_mixin.py:188} INFO - [2025-09-15T10:22:50.670+0000] {dag.py:3096} INFO - Sync 1 DAGs
[2025-09-15T10:22:50.683+0000] {logging_mixin.py:188} INFO - [2025-09-15T10:22:50.683+0000] {dag.py:3954} INFO - Setting next_dagrun for load_hour_to_snowflake to None, run_after=None
[2025-09-15T10:22:50.706+0000] {processor.py:183} INFO - Processing /opt/airflow/dags/load_hour_to_snowflake.py took 0.087 seconds
[2025-09-15T10:23:21.184+0000] {processor.py:161} INFO - Started process (PID=4828) to work on /opt/airflow/dags/load_hour_to_snowflake.py
[2025-09-15T10:23:21.187+0000] {processor.py:830} INFO - Processing file /opt/airflow/dags/load_hour_to_snowflake.py for tasks to queue
[2025-09-15T10:23:21.189+0000] {logging_mixin.py:188} INFO - [2025-09-15T10:23:21.189+0000] {dagbag.py:540} INFO - Filling up the DagBag from /opt/airflow/dags/load_hour_to_snowflake.py
[2025-09-15T10:23:21.211+0000] {processor.py:840} INFO - DAG(s) 'load_hour_to_snowflake' retrieved from /opt/airflow/dags/load_hour_to_snowflake.py
[2025-09-15T10:23:21.239+0000] {logging_mixin.py:188} INFO - [2025-09-15T10:23:21.239+0000] {dag.py:3096} INFO - Sync 1 DAGs
[2025-09-15T10:23:21.252+0000] {logging_mixin.py:188} INFO - [2025-09-15T10:23:21.252+0000] {dag.py:3954} INFO - Setting next_dagrun for load_hour_to_snowflake to None, run_after=None
[2025-09-15T10:23:21.273+0000] {processor.py:183} INFO - Processing /opt/airflow/dags/load_hour_to_snowflake.py took 0.098 seconds
[2025-09-15T10:23:51.820+0000] {processor.py:161} INFO - Started process (PID=4863) to work on /opt/airflow/dags/load_hour_to_snowflake.py
[2025-09-15T10:23:51.821+0000] {processor.py:830} INFO - Processing file /opt/airflow/dags/load_hour_to_snowflake.py for tasks to queue
[2025-09-15T10:23:51.822+0000] {logging_mixin.py:188} INFO - [2025-09-15T10:23:51.822+0000] {dagbag.py:540} INFO - Filling up the DagBag from /opt/airflow/dags/load_hour_to_snowflake.py
[2025-09-15T10:23:51.839+0000] {processor.py:840} INFO - DAG(s) 'load_hour_to_snowflake' retrieved from /opt/airflow/dags/load_hour_to_snowflake.py
[2025-09-15T10:23:51.274+0000] {logging_mixin.py:188} INFO - [2025-09-15T10:23:51.274+0000] {dag.py:3096} INFO - Sync 1 DAGs
[2025-09-15T10:23:51.286+0000] {logging_mixin.py:188} INFO - [2025-09-15T10:23:51.286+0000] {dag.py:3954} INFO - Setting next_dagrun for load_hour_to_snowflake to None, run_after=None
[2025-09-15T10:23:51.310+0000] {processor.py:183} INFO - Processing /opt/airflow/dags/load_hour_to_snowflake.py took 0.089 seconds
[2025-09-15T10:24:22.070+0000] {processor.py:161} INFO - Started process (PID=4903) to work on /opt/airflow/dags/load_hour_to_snowflake.py
[2025-09-15T10:24:22.071+0000] {processor.py:830} INFO - Processing file /opt/airflow/dags/load_hour_to_snowflake.py for tasks to queue
[2025-09-15T10:24:22.071+0000] {logging_mixin.py:188} INFO - [2025-09-15T10:24:22.071+0000] {dagbag.py:540} INFO - Filling up the DagBag from /opt/airflow/dags/load_hour_to_snowflake.py
[2025-09-15T10:24:22.087+0000] {processor.py:840} INFO - DAG(s) 'load_hour_to_snowflake' retrieved from /opt/airflow/dags/load_hour_to_snowflake.py
[2025-09-15T10:24:22.115+0000] {logging_mixin.py:188} INFO - [2025-09-15T10:24:22.115+0000] {dag.py:3096} INFO - Sync 1 DAGs
[2025-09-15T10:24:22.128+0000] {logging_mixin.py:188} INFO - [2025-09-15T10:24:22.128+0000] {dag.py:3954} INFO - Setting next_dagrun for load_hour_to_snowflake to None, run_after=None
[2025-09-15T10:24:22.157+0000] {processor.py:183} INFO - Processing /opt/airflow/dags/load_hour_to_snowflake.py took 0.092 seconds
[2025-09-15T10:24:52.529+0000] {processor.py:161} INFO - Started process (PID=4938) to work on /opt/airflow/dags/load_hour_to_snowflake.py
[2025-09-15T10:24:52.531+0000] {processor.py:830} INFO - Processing file /opt/airflow/dags/load_hour_to_snowflake.py for tasks to queue
[2025-09-15T10:24:52.532+0000] {logging_mixin.py:188} INFO - [2025-09-15T10:24:52.532+0000] {dagbag.py:540} INFO - Filling up the DagBag from /opt/airflow/dags/load_hour_to_snowflake.py
[2025-09-15T10:24:52.561+0000] {processor.py:840} INFO - DAG(s) 'load_hour_to_snowflake' retrieved from /opt/airflow/dags/load_hour_to_snowflake.py
[2025-09-15T10:24:52.601+0000] {logging_mixin.py:188} INFO - [2025-09-15T10:24:52.600+0000] {dag.py:3096} INFO - Sync 1 DAGs
[2025-09-15T10:24:52.618+0000] {logging_mixin.py:188} INFO - [2025-09-15T10:24:52.618+0000] {dag.py:3954} INFO - Setting next_dagrun for load_hour_to_snowflake to None, run_after=None
[2025-09-15T10:24:52.653+0000] {processor.py:183} INFO - Processing /opt/airflow/dags/load_hour_to_snowflake.py took 0.130 seconds
[2025-09-15T10:25:23.012+0000] {processor.py:161} INFO - Started process (PID=4973) to work on /opt/airflow/dags/load_hour_to_snowflake.py
[2025-09-15T10:25:23.013+0000] {processor.py:830} INFO - Processing file /opt/airflow/dags/load_hour_to_snowflake.py for tasks to queue
[2025-09-15T10:25:23.014+0000] {logging_mixin.py:188} INFO - [2025-09-15T10:25:23.014+0000] {dagbag.py:540} INFO - Filling up the DagBag from /opt/airflow/dags/load_hour_to_snowflake.py
[2025-09-15T10:25:23.036+0000] {processor.py:840} INFO - DAG(s) 'load_hour_to_snowflake' retrieved from /opt/airflow/dags/load_hour_to_snowflake.py
[2025-09-15T10:25:23.070+0000] {logging_mixin.py:188} INFO - [2025-09-15T10:25:23.070+0000] {dag.py:3096} INFO - Sync 1 DAGs
[2025-09-15T10:25:23.086+0000] {logging_mixin.py:188} INFO - [2025-09-15T10:25:23.086+0000] {dag.py:3954} INFO - Setting next_dagrun for load_hour_to_snowflake to None, run_after=None
[2025-09-15T10:25:23.109+0000] {processor.py:183} INFO - Processing /opt/airflow/dags/load_hour_to_snowflake.py took 0.104 seconds
[2025-09-15T10:25:53.564+0000] {processor.py:161} INFO - Started process (PID=5008) to work on /opt/airflow/dags/load_hour_to_snowflake.py
[2025-09-15T10:25:53.565+0000] {processor.py:830} INFO - Processing file /opt/airflow/dags/load_hour_to_snowflake.py for tasks to queue
[2025-09-15T10:25:53.566+0000] {logging_mixin.py:188} INFO - [2025-09-15T10:25:53.565+0000] {dagbag.py:540} INFO - Filling up the DagBag from /opt/airflow/dags/load_hour_to_snowflake.py
[2025-09-15T10:25:53.584+0000] {processor.py:840} INFO - DAG(s) 'load_hour_to_snowflake' retrieved from /opt/airflow/dags/load_hour_to_snowflake.py
[2025-09-15T10:25:53.614+0000] {logging_mixin.py:188} INFO - [2025-09-15T10:25:53.614+0000] {dag.py:3096} INFO - Sync 1 DAGs
[2025-09-15T10:25:53.628+0000] {logging_mixin.py:188} INFO - [2025-09-15T10:25:53.627+0000] {dag.py:3954} INFO - Setting next_dagrun for load_hour_to_snowflake to None, run_after=None
[2025-09-15T10:25:53.654+0000] {processor.py:183} INFO - Processing /opt/airflow/dags/load_hour_to_snowflake.py took 0.097 seconds
[2025-09-15T10:26:23.993+0000] {processor.py:161} INFO - Started process (PID=5043) to work on /opt/airflow/dags/load_hour_to_snowflake.py
[2025-09-15T10:26:23.995+0000] {processor.py:830} INFO - Processing file /opt/airflow/dags/load_hour_to_snowflake.py for tasks to queue
[2025-09-15T10:26:23.996+0000] {logging_mixin.py:188} INFO - [2025-09-15T10:26:23.996+0000] {dagbag.py:540} INFO - Filling up the DagBag from /opt/airflow/dags/load_hour_to_snowflake.py
[2025-09-15T10:26:24.013+0000] {processor.py:840} INFO - DAG(s) 'load_hour_to_snowflake' retrieved from /opt/airflow/dags/load_hour_to_snowflake.py
[2025-09-15T10:26:24.046+0000] {logging_mixin.py:188} INFO - [2025-09-15T10:26:24.046+0000] {dag.py:3096} INFO - Sync 1 DAGs
[2025-09-15T10:26:24.060+0000] {logging_mixin.py:188} INFO - [2025-09-15T10:26:24.060+0000] {dag.py:3954} INFO - Setting next_dagrun for load_hour_to_snowflake to None, run_after=None
[2025-09-15T10:26:24.106+0000] {processor.py:183} INFO - Processing /opt/airflow/dags/load_hour_to_snowflake.py took 0.120 seconds
[2025-09-15T10:26:54.538+0000] {processor.py:161} INFO - Started process (PID=5078) to work on /opt/airflow/dags/load_hour_to_snowflake.py
[2025-09-15T10:26:54.539+0000] {processor.py:830} INFO - Processing file /opt/airflow/dags/load_hour_to_snowflake.py for tasks to queue
[2025-09-15T10:26:54.540+0000] {logging_mixin.py:188} INFO - [2025-09-15T10:26:54.539+0000] {dagbag.py:540} INFO - Filling up the DagBag from /opt/airflow/dags/load_hour_to_snowflake.py
[2025-09-15T10:26:54.558+0000] {processor.py:840} INFO - DAG(s) 'load_hour_to_snowflake' retrieved from /opt/airflow/dags/load_hour_to_snowflake.py
[2025-09-15T10:26:54.589+0000] {logging_mixin.py:188} INFO - [2025-09-15T10:26:54.589+0000] {dag.py:3096} INFO - Sync 1 DAGs
[2025-09-15T10:26:54.604+0000] {logging_mixin.py:188} INFO - [2025-09-15T10:26:54.604+0000] {dag.py:3954} INFO - Setting next_dagrun for load_hour_to_snowflake to None, run_after=None
[2025-09-15T10:26:54.628+0000] {processor.py:183} INFO - Processing /opt/airflow/dags/load_hour_to_snowflake.py took 0.097 seconds
[2025-09-15T10:27:25.274+0000] {processor.py:161} INFO - Started process (PID=5113) to work on /opt/airflow/dags/load_hour_to_snowflake.py
[2025-09-15T10:27:25.275+0000] {processor.py:830} INFO - Processing file /opt/airflow/dags/load_hour_to_snowflake.py for tasks to queue
[2025-09-15T10:27:25.276+0000] {logging_mixin.py:188} INFO - [2025-09-15T10:27:25.276+0000] {dagbag.py:540} INFO - Filling up the DagBag from /opt/airflow/dags/load_hour_to_snowflake.py
[2025-09-15T10:27:25.299+0000] {processor.py:840} INFO - DAG(s) 'load_hour_to_snowflake' retrieved from /opt/airflow/dags/load_hour_to_snowflake.py
[2025-09-15T10:27:25.332+0000] {logging_mixin.py:188} INFO - [2025-09-15T10:27:25.332+0000] {dag.py:3096} INFO - Sync 1 DAGs
[2025-09-15T10:27:25.349+0000] {logging_mixin.py:188} INFO - [2025-09-15T10:27:25.348+0000] {dag.py:3954} INFO - Setting next_dagrun for load_hour_to_snowflake to None, run_after=None
[2025-09-15T10:27:25.380+0000] {processor.py:183} INFO - Processing /opt/airflow/dags/load_hour_to_snowflake.py took 0.113 seconds
[2025-09-15T10:27:55.950+0000] {processor.py:161} INFO - Started process (PID=5148) to work on /opt/airflow/dags/load_hour_to_snowflake.py
[2025-09-15T10:27:55.951+0000] {processor.py:830} INFO - Processing file /opt/airflow/dags/load_hour_to_snowflake.py for tasks to queue
[2025-09-15T10:27:55.952+0000] {logging_mixin.py:188} INFO - [2025-09-15T10:27:55.951+0000] {dagbag.py:540} INFO - Filling up the DagBag from /opt/airflow/dags/load_hour_to_snowflake.py
[2025-09-15T10:27:55.971+0000] {processor.py:840} INFO - DAG(s) 'load_hour_to_snowflake' retrieved from /opt/airflow/dags/load_hour_to_snowflake.py
[2025-09-15T10:27:56.002+0000] {logging_mixin.py:188} INFO - [2025-09-15T10:27:56.002+0000] {dag.py:3096} INFO - Sync 1 DAGs
[2025-09-15T10:27:56.016+0000] {logging_mixin.py:188} INFO - [2025-09-15T10:27:56.015+0000] {dag.py:3954} INFO - Setting next_dagrun for load_hour_to_snowflake to None, run_after=None
[2025-09-15T10:27:56.039+0000] {processor.py:183} INFO - Processing /opt/airflow/dags/load_hour_to_snowflake.py took 0.097 seconds
[2025-09-15T10:28:26.771+0000] {processor.py:161} INFO - Started process (PID=5183) to work on /opt/airflow/dags/load_hour_to_snowflake.py
[2025-09-15T10:28:26.773+0000] {processor.py:830} INFO - Processing file /opt/airflow/dags/load_hour_to_snowflake.py for tasks to queue
[2025-09-15T10:28:26.774+0000] {logging_mixin.py:188} INFO - [2025-09-15T10:28:26.773+0000] {dagbag.py:540} INFO - Filling up the DagBag from /opt/airflow/dags/load_hour_to_snowflake.py
[2025-09-15T10:28:26.794+0000] {processor.py:840} INFO - DAG(s) 'load_hour_to_snowflake' retrieved from /opt/airflow/dags/load_hour_to_snowflake.py
[2025-09-15T10:28:26.829+0000] {logging_mixin.py:188} INFO - [2025-09-15T10:28:26.828+0000] {dag.py:3096} INFO - Sync 1 DAGs
[2025-09-15T10:28:26.846+0000] {logging_mixin.py:188} INFO - [2025-09-15T10:28:26.846+0000] {dag.py:3954} INFO - Setting next_dagrun for load_hour_to_snowflake to None, run_after=None
[2025-09-15T10:28:26.917+0000] {processor.py:183} INFO - Processing /opt/airflow/dags/load_hour_to_snowflake.py took 0.152 seconds
[2025-09-15T10:28:57.023+0000] {processor.py:161} INFO - Started process (PID=5218) to work on /opt/airflow/dags/load_hour_to_snowflake.py
[2025-09-15T10:28:57.024+0000] {processor.py:830} INFO - Processing file /opt/airflow/dags/load_hour_to_snowflake.py for tasks to queue
[2025-09-15T10:28:57.025+0000] {logging_mixin.py:188} INFO - [2025-09-15T10:28:57.025+0000] {dagbag.py:540} INFO - Filling up the DagBag from /opt/airflow/dags/load_hour_to_snowflake.py
[2025-09-15T10:28:57.050+0000] {processor.py:840} INFO - DAG(s) 'load_hour_to_snowflake' retrieved from /opt/airflow/dags/load_hour_to_snowflake.py
[2025-09-15T10:28:57.086+0000] {logging_mixin.py:188} INFO - [2025-09-15T10:28:57.086+0000] {dag.py:3096} INFO - Sync 1 DAGs
[2025-09-15T10:28:57.103+0000] {logging_mixin.py:188} INFO - [2025-09-15T10:28:57.103+0000] {dag.py:3954} INFO - Setting next_dagrun for load_hour_to_snowflake to None, run_after=None
[2025-09-15T10:28:57.137+0000] {processor.py:183} INFO - Processing /opt/airflow/dags/load_hour_to_snowflake.py took 0.120 seconds
[2025-09-15T10:29:27.575+0000] {processor.py:161} INFO - Started process (PID=5248) to work on /opt/airflow/dags/load_hour_to_snowflake.py
[2025-09-15T10:29:27.576+0000] {processor.py:830} INFO - Processing file /opt/airflow/dags/load_hour_to_snowflake.py for tasks to queue
[2025-09-15T10:29:27.578+0000] {logging_mixin.py:188} INFO - [2025-09-15T10:29:27.577+0000] {dagbag.py:540} INFO - Filling up the DagBag from /opt/airflow/dags/load_hour_to_snowflake.py
[2025-09-15T10:29:27.599+0000] {processor.py:840} INFO - DAG(s) 'load_hour_to_snowflake' retrieved from /opt/airflow/dags/load_hour_to_snowflake.py
[2025-09-15T10:29:27.644+0000] {logging_mixin.py:188} INFO - [2025-09-15T10:29:27.642+0000] {dag.py:3096} INFO - Sync 1 DAGs
[2025-09-15T10:29:27.657+0000] {logging_mixin.py:188} INFO - [2025-09-15T10:29:27.657+0000] {dag.py:3954} INFO - Setting next_dagrun for load_hour_to_snowflake to None, run_after=None
[2025-09-15T10:29:27.682+0000] {processor.py:183} INFO - Processing /opt/airflow/dags/load_hour_to_snowflake.py took 0.113 seconds
[2025-09-15T10:29:58.211+0000] {processor.py:161} INFO - Started process (PID=5283) to work on /opt/airflow/dags/load_hour_to_snowflake.py
[2025-09-15T10:29:58.212+0000] {processor.py:830} INFO - Processing file /opt/airflow/dags/load_hour_to_snowflake.py for tasks to queue
[2025-09-15T10:29:58.213+0000] {logging_mixin.py:188} INFO - [2025-09-15T10:29:58.213+0000] {dagbag.py:540} INFO - Filling up the DagBag from /opt/airflow/dags/load_hour_to_snowflake.py
[2025-09-15T10:29:58.231+0000] {processor.py:840} INFO - DAG(s) 'load_hour_to_snowflake' retrieved from /opt/airflow/dags/load_hour_to_snowflake.py
[2025-09-15T10:29:58.260+0000] {logging_mixin.py:188} INFO - [2025-09-15T10:29:58.260+0000] {dag.py:3096} INFO - Sync 1 DAGs
[2025-09-15T10:29:58.274+0000] {logging_mixin.py:188} INFO - [2025-09-15T10:29:58.274+0000] {dag.py:3954} INFO - Setting next_dagrun for load_hour_to_snowflake to None, run_after=None
[2025-09-15T10:29:58.299+0000] {processor.py:183} INFO - Processing /opt/airflow/dags/load_hour_to_snowflake.py took 0.094 seconds
[2025-09-15T10:30:28.673+0000] {processor.py:161} INFO - Started process (PID=5318) to work on /opt/airflow/dags/load_hour_to_snowflake.py
[2025-09-15T10:30:28.675+0000] {processor.py:830} INFO - Processing file /opt/airflow/dags/load_hour_to_snowflake.py for tasks to queue
[2025-09-15T10:30:28.676+0000] {logging_mixin.py:188} INFO - [2025-09-15T10:30:28.675+0000] {dagbag.py:540} INFO - Filling up the DagBag from /opt/airflow/dags/load_hour_to_snowflake.py
[2025-09-15T10:30:28.699+0000] {processor.py:840} INFO - DAG(s) 'load_hour_to_snowflake' retrieved from /opt/airflow/dags/load_hour_to_snowflake.py
[2025-09-15T10:30:28.737+0000] {logging_mixin.py:188} INFO - [2025-09-15T10:30:28.736+0000] {dag.py:3096} INFO - Sync 1 DAGs
[2025-09-15T10:30:28.754+0000] {logging_mixin.py:188} INFO - [2025-09-15T10:30:28.753+0000] {dag.py:3954} INFO - Setting next_dagrun for load_hour_to_snowflake to None, run_after=None
[2025-09-15T10:30:28.785+0000] {processor.py:183} INFO - Processing /opt/airflow/dags/load_hour_to_snowflake.py took 0.122 seconds
[2025-09-15T10:30:59.421+0000] {processor.py:161} INFO - Started process (PID=5353) to work on /opt/airflow/dags/load_hour_to_snowflake.py
[2025-09-15T10:30:59.422+0000] {processor.py:830} INFO - Processing file /opt/airflow/dags/load_hour_to_snowflake.py for tasks to queue
[2025-09-15T10:30:59.423+0000] {logging_mixin.py:188} INFO - [2025-09-15T10:30:59.422+0000] {dagbag.py:540} INFO - Filling up the DagBag from /opt/airflow/dags/load_hour_to_snowflake.py
[2025-09-15T10:30:59.444+0000] {processor.py:840} INFO - DAG(s) 'load_hour_to_snowflake' retrieved from /opt/airflow/dags/load_hour_to_snowflake.py
[2025-09-15T10:30:59.478+0000] {logging_mixin.py:188} INFO - [2025-09-15T10:30:59.477+0000] {dag.py:3096} INFO - Sync 1 DAGs
[2025-09-15T10:30:59.493+0000] {logging_mixin.py:188} INFO - [2025-09-15T10:30:59.492+0000] {dag.py:3954} INFO - Setting next_dagrun for load_hour_to_snowflake to None, run_after=None
[2025-09-15T10:30:59.517+0000] {processor.py:183} INFO - Processing /opt/airflow/dags/load_hour_to_snowflake.py took 0.103 seconds
[2025-09-15T10:31:30.190+0000] {processor.py:161} INFO - Started process (PID=5388) to work on /opt/airflow/dags/load_hour_to_snowflake.py
[2025-09-15T10:31:30.191+0000] {processor.py:830} INFO - Processing file /opt/airflow/dags/load_hour_to_snowflake.py for tasks to queue
[2025-09-15T10:31:30.192+0000] {logging_mixin.py:188} INFO - [2025-09-15T10:31:30.192+0000] {dagbag.py:540} INFO - Filling up the DagBag from /opt/airflow/dags/load_hour_to_snowflake.py
[2025-09-15T10:31:30.213+0000] {processor.py:840} INFO - DAG(s) 'load_hour_to_snowflake' retrieved from /opt/airflow/dags/load_hour_to_snowflake.py
[2025-09-15T10:31:30.249+0000] {logging_mixin.py:188} INFO - [2025-09-15T10:31:30.248+0000] {dag.py:3096} INFO - Sync 1 DAGs
[2025-09-15T10:31:30.287+0000] {logging_mixin.py:188} INFO - [2025-09-15T10:31:30.287+0000] {dag.py:3954} INFO - Setting next_dagrun for load_hour_to_snowflake to None, run_after=None
[2025-09-15T10:31:29.784+0000] {processor.py:183} INFO - Processing /opt/airflow/dags/load_hour_to_snowflake.py took 0.193 seconds
[2025-09-15T10:32:00.112+0000] {processor.py:161} INFO - Started process (PID=5433) to work on /opt/airflow/dags/load_hour_to_snowflake.py
[2025-09-15T10:32:00.113+0000] {processor.py:830} INFO - Processing file /opt/airflow/dags/load_hour_to_snowflake.py for tasks to queue
[2025-09-15T10:32:00.114+0000] {logging_mixin.py:188} INFO - [2025-09-15T10:32:00.114+0000] {dagbag.py:540} INFO - Filling up the DagBag from /opt/airflow/dags/load_hour_to_snowflake.py
[2025-09-15T10:32:00.141+0000] {processor.py:840} INFO - DAG(s) 'load_hour_to_snowflake' retrieved from /opt/airflow/dags/load_hour_to_snowflake.py
[2025-09-15T10:32:00.176+0000] {logging_mixin.py:188} INFO - [2025-09-15T10:32:00.176+0000] {dag.py:3096} INFO - Sync 1 DAGs
[2025-09-15T10:32:00.193+0000] {logging_mixin.py:188} INFO - [2025-09-15T10:32:00.192+0000] {dag.py:3954} INFO - Setting next_dagrun for load_hour_to_snowflake to None, run_after=None
[2025-09-15T10:32:00.225+0000] {processor.py:183} INFO - Processing /opt/airflow/dags/load_hour_to_snowflake.py took 0.122 seconds
[2025-09-15T10:32:30.484+0000] {processor.py:161} INFO - Started process (PID=5458) to work on /opt/airflow/dags/load_hour_to_snowflake.py
[2025-09-15T10:32:30.485+0000] {processor.py:830} INFO - Processing file /opt/airflow/dags/load_hour_to_snowflake.py for tasks to queue
[2025-09-15T10:32:30.486+0000] {logging_mixin.py:188} INFO - [2025-09-15T10:32:30.485+0000] {dagbag.py:540} INFO - Filling up the DagBag from /opt/airflow/dags/load_hour_to_snowflake.py
[2025-09-15T10:32:30.512+0000] {processor.py:840} INFO - DAG(s) 'load_hour_to_snowflake' retrieved from /opt/airflow/dags/load_hour_to_snowflake.py
[2025-09-15T10:32:30.550+0000] {logging_mixin.py:188} INFO - [2025-09-15T10:32:30.549+0000] {dag.py:3096} INFO - Sync 1 DAGs
[2025-09-15T10:32:30.570+0000] {logging_mixin.py:188} INFO - [2025-09-15T10:32:30.569+0000] {dag.py:3954} INFO - Setting next_dagrun for load_hour_to_snowflake to None, run_after=None
[2025-09-15T10:32:30.601+0000] {processor.py:183} INFO - Processing /opt/airflow/dags/load_hour_to_snowflake.py took 0.126 seconds
[2025-09-15T10:33:01.569+0000] {processor.py:161} INFO - Started process (PID=5493) to work on /opt/airflow/dags/load_hour_to_snowflake.py
[2025-09-15T10:33:01.571+0000] {processor.py:830} INFO - Processing file /opt/airflow/dags/load_hour_to_snowflake.py for tasks to queue
[2025-09-15T10:33:01.572+0000] {logging_mixin.py:188} INFO - [2025-09-15T10:33:01.571+0000] {dagbag.py:540} INFO - Filling up the DagBag from /opt/airflow/dags/load_hour_to_snowflake.py
[2025-09-15T10:33:01.595+0000] {processor.py:840} INFO - DAG(s) 'load_hour_to_snowflake' retrieved from /opt/airflow/dags/load_hour_to_snowflake.py
[2025-09-15T10:33:01.630+0000] {logging_mixin.py:188} INFO - [2025-09-15T10:33:01.629+0000] {dag.py:3096} INFO - Sync 1 DAGs
[2025-09-15T10:33:01.646+0000] {logging_mixin.py:188} INFO - [2025-09-15T10:33:01.646+0000] {dag.py:3954} INFO - Setting next_dagrun for load_hour_to_snowflake to None, run_after=None
[2025-09-15T10:33:01.684+0000] {processor.py:183} INFO - Processing /opt/airflow/dags/load_hour_to_snowflake.py took 0.124 seconds
[2025-09-15T10:33:32.244+0000] {processor.py:161} INFO - Started process (PID=5528) to work on /opt/airflow/dags/load_hour_to_snowflake.py
[2025-09-15T10:33:32.246+0000] {processor.py:830} INFO - Processing file /opt/airflow/dags/load_hour_to_snowflake.py for tasks to queue
[2025-09-15T10:33:32.247+0000] {logging_mixin.py:188} INFO - [2025-09-15T10:33:32.246+0000] {dagbag.py:540} INFO - Filling up the DagBag from /opt/airflow/dags/load_hour_to_snowflake.py
[2025-09-15T10:33:32.268+0000] {processor.py:840} INFO - DAG(s) 'load_hour_to_snowflake' retrieved from /opt/airflow/dags/load_hour_to_snowflake.py
[2025-09-15T10:33:32.299+0000] {logging_mixin.py:188} INFO - [2025-09-15T10:33:32.298+0000] {dag.py:3096} INFO - Sync 1 DAGs
[2025-09-15T10:33:32.312+0000] {logging_mixin.py:188} INFO - [2025-09-15T10:33:32.312+0000] {dag.py:3954} INFO - Setting next_dagrun for load_hour_to_snowflake to None, run_after=None
[2025-09-15T10:33:32.335+0000] {processor.py:183} INFO - Processing /opt/airflow/dags/load_hour_to_snowflake.py took 0.098 seconds
[2025-09-15T10:34:02.965+0000] {processor.py:161} INFO - Started process (PID=5563) to work on /opt/airflow/dags/load_hour_to_snowflake.py
[2025-09-15T10:34:02.967+0000] {processor.py:830} INFO - Processing file /opt/airflow/dags/load_hour_to_snowflake.py for tasks to queue
[2025-09-15T10:34:02.967+0000] {logging_mixin.py:188} INFO - [2025-09-15T10:34:02.967+0000] {dagbag.py:540} INFO - Filling up the DagBag from /opt/airflow/dags/load_hour_to_snowflake.py
[2025-09-15T10:34:02.986+0000] {processor.py:840} INFO - DAG(s) 'load_hour_to_snowflake' retrieved from /opt/airflow/dags/load_hour_to_snowflake.py
[2025-09-15T10:34:03.017+0000] {logging_mixin.py:188} INFO - [2025-09-15T10:34:03.017+0000] {dag.py:3096} INFO - Sync 1 DAGs
[2025-09-15T10:34:03.049+0000] {logging_mixin.py:188} INFO - [2025-09-15T10:34:03.049+0000] {dag.py:3954} INFO - Setting next_dagrun for load_hour_to_snowflake to None, run_after=None
[2025-09-15T10:34:03.099+0000] {processor.py:183} INFO - Processing /opt/airflow/dags/load_hour_to_snowflake.py took 0.140 seconds
[2025-09-15T10:34:33.983+0000] {processor.py:161} INFO - Started process (PID=5598) to work on /opt/airflow/dags/load_hour_to_snowflake.py
[2025-09-15T10:34:33.984+0000] {processor.py:830} INFO - Processing file /opt/airflow/dags/load_hour_to_snowflake.py for tasks to queue
[2025-09-15T10:34:33.985+0000] {logging_mixin.py:188} INFO - [2025-09-15T10:34:33.984+0000] {dagbag.py:540} INFO - Filling up the DagBag from /opt/airflow/dags/load_hour_to_snowflake.py
[2025-09-15T10:34:34.003+0000] {processor.py:840} INFO - DAG(s) 'load_hour_to_snowflake' retrieved from /opt/airflow/dags/load_hour_to_snowflake.py
[2025-09-15T10:34:34.037+0000] {logging_mixin.py:188} INFO - [2025-09-15T10:34:34.037+0000] {dag.py:3096} INFO - Sync 1 DAGs
[2025-09-15T10:34:34.050+0000] {logging_mixin.py:188} INFO - [2025-09-15T10:34:34.050+0000] {dag.py:3954} INFO - Setting next_dagrun for load_hour_to_snowflake to None, run_after=None
[2025-09-15T10:34:34.078+0000] {processor.py:183} INFO - Processing /opt/airflow/dags/load_hour_to_snowflake.py took 0.101 seconds
[2025-09-15T10:35:04.715+0000] {processor.py:161} INFO - Started process (PID=5633) to work on /opt/airflow/dags/load_hour_to_snowflake.py
[2025-09-15T10:35:04.716+0000] {processor.py:830} INFO - Processing file /opt/airflow/dags/load_hour_to_snowflake.py for tasks to queue
[2025-09-15T10:35:04.717+0000] {logging_mixin.py:188} INFO - [2025-09-15T10:35:04.717+0000] {dagbag.py:540} INFO - Filling up the DagBag from /opt/airflow/dags/load_hour_to_snowflake.py
[2025-09-15T10:35:04.741+0000] {processor.py:840} INFO - DAG(s) 'load_hour_to_snowflake' retrieved from /opt/airflow/dags/load_hour_to_snowflake.py
[2025-09-15T10:35:04.774+0000] {logging_mixin.py:188} INFO - [2025-09-15T10:35:04.773+0000] {dag.py:3096} INFO - Sync 1 DAGs
[2025-09-15T10:35:04.787+0000] {logging_mixin.py:188} INFO - [2025-09-15T10:35:04.786+0000] {dag.py:3954} INFO - Setting next_dagrun for load_hour_to_snowflake to None, run_after=None
[2025-09-15T10:35:04.812+0000] {processor.py:183} INFO - Processing /opt/airflow/dags/load_hour_to_snowflake.py took 0.103 seconds
[2025-09-15T10:35:35.489+0000] {processor.py:161} INFO - Started process (PID=5668) to work on /opt/airflow/dags/load_hour_to_snowflake.py
[2025-09-15T10:35:35.490+0000] {processor.py:830} INFO - Processing file /opt/airflow/dags/load_hour_to_snowflake.py for tasks to queue
[2025-09-15T10:35:35.491+0000] {logging_mixin.py:188} INFO - [2025-09-15T10:35:35.491+0000] {dagbag.py:540} INFO - Filling up the DagBag from /opt/airflow/dags/load_hour_to_snowflake.py
[2025-09-15T10:35:35.511+0000] {processor.py:840} INFO - DAG(s) 'load_hour_to_snowflake' retrieved from /opt/airflow/dags/load_hour_to_snowflake.py
[2025-09-15T10:35:35.541+0000] {logging_mixin.py:188} INFO - [2025-09-15T10:35:35.541+0000] {dag.py:3096} INFO - Sync 1 DAGs
[2025-09-15T10:35:35.556+0000] {logging_mixin.py:188} INFO - [2025-09-15T10:35:35.556+0000] {dag.py:3954} INFO - Setting next_dagrun for load_hour_to_snowflake to None, run_after=None
[2025-09-15T10:35:35.587+0000] {processor.py:183} INFO - Processing /opt/airflow/dags/load_hour_to_snowflake.py took 0.104 seconds
[2025-09-15T10:36:06.209+0000] {processor.py:161} INFO - Started process (PID=5703) to work on /opt/airflow/dags/load_hour_to_snowflake.py
[2025-09-15T10:36:06.211+0000] {processor.py:830} INFO - Processing file /opt/airflow/dags/load_hour_to_snowflake.py for tasks to queue
[2025-09-15T10:36:06.212+0000] {logging_mixin.py:188} INFO - [2025-09-15T10:36:06.211+0000] {dagbag.py:540} INFO - Filling up the DagBag from /opt/airflow/dags/load_hour_to_snowflake.py
[2025-09-15T10:36:06.234+0000] {processor.py:840} INFO - DAG(s) 'load_hour_to_snowflake' retrieved from /opt/airflow/dags/load_hour_to_snowflake.py
[2025-09-15T10:36:06.268+0000] {logging_mixin.py:188} INFO - [2025-09-15T10:36:06.267+0000] {dag.py:3096} INFO - Sync 1 DAGs
[2025-09-15T10:36:06.280+0000] {logging_mixin.py:188} INFO - [2025-09-15T10:36:06.280+0000] {dag.py:3954} INFO - Setting next_dagrun for load_hour_to_snowflake to None, run_after=None
[2025-09-15T10:36:06.306+0000] {processor.py:183} INFO - Processing /opt/airflow/dags/load_hour_to_snowflake.py took 0.105 seconds
[2025-09-15T10:36:36.642+0000] {processor.py:161} INFO - Started process (PID=5738) to work on /opt/airflow/dags/load_hour_to_snowflake.py
[2025-09-15T10:36:36.644+0000] {processor.py:830} INFO - Processing file /opt/airflow/dags/load_hour_to_snowflake.py for tasks to queue
[2025-09-15T10:36:36.645+0000] {logging_mixin.py:188} INFO - [2025-09-15T10:36:36.644+0000] {dagbag.py:540} INFO - Filling up the DagBag from /opt/airflow/dags/load_hour_to_snowflake.py
[2025-09-15T10:36:36.663+0000] {processor.py:840} INFO - DAG(s) 'load_hour_to_snowflake' retrieved from /opt/airflow/dags/load_hour_to_snowflake.py
[2025-09-15T10:36:36.693+0000] {logging_mixin.py:188} INFO - [2025-09-15T10:36:36.692+0000] {dag.py:3096} INFO - Sync 1 DAGs
[2025-09-15T10:36:36.705+0000] {logging_mixin.py:188} INFO - [2025-09-15T10:36:36.705+0000] {dag.py:3954} INFO - Setting next_dagrun for load_hour_to_snowflake to None, run_after=None
[2025-09-15T10:36:37.102+0000] {processor.py:183} INFO - Processing /opt/airflow/dags/load_hour_to_snowflake.py took 0.470 seconds
[2025-09-15T10:37:07.908+0000] {processor.py:161} INFO - Started process (PID=5773) to work on /opt/airflow/dags/load_hour_to_snowflake.py
[2025-09-15T10:37:07.909+0000] {processor.py:830} INFO - Processing file /opt/airflow/dags/load_hour_to_snowflake.py for tasks to queue
[2025-09-15T10:37:07.910+0000] {logging_mixin.py:188} INFO - [2025-09-15T10:37:07.910+0000] {dagbag.py:540} INFO - Filling up the DagBag from /opt/airflow/dags/load_hour_to_snowflake.py
[2025-09-15T10:37:07.930+0000] {processor.py:840} INFO - DAG(s) 'load_hour_to_snowflake' retrieved from /opt/airflow/dags/load_hour_to_snowflake.py
[2025-09-15T10:37:07.965+0000] {logging_mixin.py:188} INFO - [2025-09-15T10:37:07.965+0000] {dag.py:3096} INFO - Sync 1 DAGs
[2025-09-15T10:37:07.981+0000] {logging_mixin.py:188} INFO - [2025-09-15T10:37:07.981+0000] {dag.py:3954} INFO - Setting next_dagrun for load_hour_to_snowflake to None, run_after=None
[2025-09-15T10:37:08.009+0000] {processor.py:183} INFO - Processing /opt/airflow/dags/load_hour_to_snowflake.py took 0.107 seconds
[2025-09-15T10:37:38.440+0000] {processor.py:161} INFO - Started process (PID=5808) to work on /opt/airflow/dags/load_hour_to_snowflake.py
[2025-09-15T10:37:38.441+0000] {processor.py:830} INFO - Processing file /opt/airflow/dags/load_hour_to_snowflake.py for tasks to queue
[2025-09-15T10:37:38.442+0000] {logging_mixin.py:188} INFO - [2025-09-15T10:37:38.442+0000] {dagbag.py:540} INFO - Filling up the DagBag from /opt/airflow/dags/load_hour_to_snowflake.py
[2025-09-15T10:37:38.461+0000] {processor.py:840} INFO - DAG(s) 'load_hour_to_snowflake' retrieved from /opt/airflow/dags/load_hour_to_snowflake.py
[2025-09-15T10:37:38.494+0000] {logging_mixin.py:188} INFO - [2025-09-15T10:37:38.494+0000] {dag.py:3096} INFO - Sync 1 DAGs
[2025-09-15T10:37:38.508+0000] {logging_mixin.py:188} INFO - [2025-09-15T10:37:38.508+0000] {dag.py:3954} INFO - Setting next_dagrun for load_hour_to_snowflake to None, run_after=None
[2025-09-15T10:37:38.535+0000] {processor.py:183} INFO - Processing /opt/airflow/dags/load_hour_to_snowflake.py took 0.103 seconds
[2025-09-15T10:38:09.023+0000] {processor.py:161} INFO - Started process (PID=5843) to work on /opt/airflow/dags/load_hour_to_snowflake.py
[2025-09-15T10:38:09.025+0000] {processor.py:830} INFO - Processing file /opt/airflow/dags/load_hour_to_snowflake.py for tasks to queue
[2025-09-15T10:38:09.026+0000] {logging_mixin.py:188} INFO - [2025-09-15T10:38:09.026+0000] {dagbag.py:540} INFO - Filling up the DagBag from /opt/airflow/dags/load_hour_to_snowflake.py
[2025-09-15T10:38:09.049+0000] {processor.py:840} INFO - DAG(s) 'load_hour_to_snowflake' retrieved from /opt/airflow/dags/load_hour_to_snowflake.py
[2025-09-15T10:38:09.083+0000] {logging_mixin.py:188} INFO - [2025-09-15T10:38:09.083+0000] {dag.py:3096} INFO - Sync 1 DAGs
[2025-09-15T10:38:09.097+0000] {logging_mixin.py:188} INFO - [2025-09-15T10:38:09.096+0000] {dag.py:3954} INFO - Setting next_dagrun for load_hour_to_snowflake to None, run_after=None
[2025-09-15T10:38:09.122+0000] {processor.py:183} INFO - Processing /opt/airflow/dags/load_hour_to_snowflake.py took 0.108 seconds
[2025-09-15T10:38:39.624+0000] {processor.py:161} INFO - Started process (PID=5878) to work on /opt/airflow/dags/load_hour_to_snowflake.py
[2025-09-15T10:38:39.627+0000] {processor.py:830} INFO - Processing file /opt/airflow/dags/load_hour_to_snowflake.py for tasks to queue
[2025-09-15T10:38:39.629+0000] {logging_mixin.py:188} INFO - [2025-09-15T10:38:39.628+0000] {dagbag.py:540} INFO - Filling up the DagBag from /opt/airflow/dags/load_hour_to_snowflake.py
[2025-09-15T10:38:39.666+0000] {processor.py:840} INFO - DAG(s) 'load_hour_to_snowflake' retrieved from /opt/airflow/dags/load_hour_to_snowflake.py
[2025-09-15T10:38:39.717+0000] {logging_mixin.py:188} INFO - [2025-09-15T10:38:39.716+0000] {dag.py:3096} INFO - Sync 1 DAGs
[2025-09-15T10:38:39.735+0000] {logging_mixin.py:188} INFO - [2025-09-15T10:38:39.735+0000] {dag.py:3954} INFO - Setting next_dagrun for load_hour_to_snowflake to None, run_after=None
[2025-09-15T10:38:39.765+0000] {processor.py:183} INFO - Processing /opt/airflow/dags/load_hour_to_snowflake.py took 0.152 seconds
[2025-09-15T10:39:10.072+0000] {processor.py:161} INFO - Started process (PID=5913) to work on /opt/airflow/dags/load_hour_to_snowflake.py
[2025-09-15T10:39:10.073+0000] {processor.py:830} INFO - Processing file /opt/airflow/dags/load_hour_to_snowflake.py for tasks to queue
[2025-09-15T10:39:10.075+0000] {logging_mixin.py:188} INFO - [2025-09-15T10:39:10.074+0000] {dagbag.py:540} INFO - Filling up the DagBag from /opt/airflow/dags/load_hour_to_snowflake.py
[2025-09-15T10:39:10.099+0000] {processor.py:840} INFO - DAG(s) 'load_hour_to_snowflake' retrieved from /opt/airflow/dags/load_hour_to_snowflake.py
[2025-09-15T10:39:10.135+0000] {logging_mixin.py:188} INFO - [2025-09-15T10:39:10.134+0000] {dag.py:3096} INFO - Sync 1 DAGs
[2025-09-15T10:39:10.150+0000] {logging_mixin.py:188} INFO - [2025-09-15T10:39:10.149+0000] {dag.py:3954} INFO - Setting next_dagrun for load_hour_to_snowflake to None, run_after=None
[2025-09-15T10:39:10.180+0000] {processor.py:183} INFO - Processing /opt/airflow/dags/load_hour_to_snowflake.py took 0.114 seconds
[2025-09-15T10:39:40.952+0000] {processor.py:161} INFO - Started process (PID=5948) to work on /opt/airflow/dags/load_hour_to_snowflake.py
[2025-09-15T10:39:40.954+0000] {processor.py:830} INFO - Processing file /opt/airflow/dags/load_hour_to_snowflake.py for tasks to queue
[2025-09-15T10:39:40.955+0000] {logging_mixin.py:188} INFO - [2025-09-15T10:39:40.954+0000] {dagbag.py:540} INFO - Filling up the DagBag from /opt/airflow/dags/load_hour_to_snowflake.py
[2025-09-15T10:39:40.977+0000] {processor.py:840} INFO - DAG(s) 'load_hour_to_snowflake' retrieved from /opt/airflow/dags/load_hour_to_snowflake.py
[2025-09-15T10:39:41.008+0000] {logging_mixin.py:188} INFO - [2025-09-15T10:39:41.008+0000] {dag.py:3096} INFO - Sync 1 DAGs
[2025-09-15T10:39:41.022+0000] {logging_mixin.py:188} INFO - [2025-09-15T10:39:41.020+0000] {dag.py:3954} INFO - Setting next_dagrun for load_hour_to_snowflake to None, run_after=None
[2025-09-15T10:39:41.046+0000] {processor.py:183} INFO - Processing /opt/airflow/dags/load_hour_to_snowflake.py took 0.104 seconds
[2025-09-15T10:40:11.837+0000] {processor.py:161} INFO - Started process (PID=5983) to work on /opt/airflow/dags/load_hour_to_snowflake.py
[2025-09-15T10:40:11.838+0000] {processor.py:830} INFO - Processing file /opt/airflow/dags/load_hour_to_snowflake.py for tasks to queue
[2025-09-15T10:40:11.839+0000] {logging_mixin.py:188} INFO - [2025-09-15T10:40:11.838+0000] {dagbag.py:540} INFO - Filling up the DagBag from /opt/airflow/dags/load_hour_to_snowflake.py
[2025-09-15T10:40:11.863+0000] {processor.py:840} INFO - DAG(s) 'load_hour_to_snowflake' retrieved from /opt/airflow/dags/load_hour_to_snowflake.py
[2025-09-15T10:40:11.911+0000] {logging_mixin.py:188} INFO - [2025-09-15T10:40:11.911+0000] {dag.py:3096} INFO - Sync 1 DAGs
[2025-09-15T10:40:11.931+0000] {logging_mixin.py:188} INFO - [2025-09-15T10:40:11.930+0000] {dag.py:3954} INFO - Setting next_dagrun for load_hour_to_snowflake to None, run_after=None
[2025-09-15T10:40:11.984+0000] {processor.py:183} INFO - Processing /opt/airflow/dags/load_hour_to_snowflake.py took 0.158 seconds
[2025-09-15T10:40:42.758+0000] {processor.py:161} INFO - Started process (PID=6018) to work on /opt/airflow/dags/load_hour_to_snowflake.py
[2025-09-15T10:40:42.759+0000] {processor.py:830} INFO - Processing file /opt/airflow/dags/load_hour_to_snowflake.py for tasks to queue
[2025-09-15T10:40:42.760+0000] {logging_mixin.py:188} INFO - [2025-09-15T10:40:42.760+0000] {dagbag.py:540} INFO - Filling up the DagBag from /opt/airflow/dags/load_hour_to_snowflake.py
[2025-09-15T10:40:42.780+0000] {processor.py:840} INFO - DAG(s) 'load_hour_to_snowflake' retrieved from /opt/airflow/dags/load_hour_to_snowflake.py
[2025-09-15T10:40:42.818+0000] {logging_mixin.py:188} INFO - [2025-09-15T10:40:42.817+0000] {dag.py:3096} INFO - Sync 1 DAGs
[2025-09-15T10:40:42.834+0000] {logging_mixin.py:188} INFO - [2025-09-15T10:40:42.834+0000] {dag.py:3954} INFO - Setting next_dagrun for load_hour_to_snowflake to None, run_after=None
[2025-09-15T10:40:42.864+0000] {processor.py:183} INFO - Processing /opt/airflow/dags/load_hour_to_snowflake.py took 0.114 seconds
[2025-09-15T10:41:13.394+0000] {processor.py:161} INFO - Started process (PID=6053) to work on /opt/airflow/dags/load_hour_to_snowflake.py
[2025-09-15T10:41:13.396+0000] {processor.py:830} INFO - Processing file /opt/airflow/dags/load_hour_to_snowflake.py for tasks to queue
[2025-09-15T10:41:13.397+0000] {logging_mixin.py:188} INFO - [2025-09-15T10:41:13.396+0000] {dagbag.py:540} INFO - Filling up the DagBag from /opt/airflow/dags/load_hour_to_snowflake.py
[2025-09-15T10:41:13.418+0000] {processor.py:840} INFO - DAG(s) 'load_hour_to_snowflake' retrieved from /opt/airflow/dags/load_hour_to_snowflake.py
[2025-09-15T10:41:13.448+0000] {logging_mixin.py:188} INFO - [2025-09-15T10:41:13.448+0000] {dag.py:3096} INFO - Sync 1 DAGs
[2025-09-15T10:41:13.463+0000] {logging_mixin.py:188} INFO - [2025-09-15T10:41:13.463+0000] {dag.py:3954} INFO - Setting next_dagrun for load_hour_to_snowflake to None, run_after=None
[2025-09-15T10:41:13.491+0000] {processor.py:183} INFO - Processing /opt/airflow/dags/load_hour_to_snowflake.py took 0.104 seconds
[2025-09-15T10:41:44.010+0000] {processor.py:161} INFO - Started process (PID=6088) to work on /opt/airflow/dags/load_hour_to_snowflake.py
[2025-09-15T10:41:44.011+0000] {processor.py:830} INFO - Processing file /opt/airflow/dags/load_hour_to_snowflake.py for tasks to queue
[2025-09-15T10:41:44.013+0000] {logging_mixin.py:188} INFO - [2025-09-15T10:41:44.013+0000] {dagbag.py:540} INFO - Filling up the DagBag from /opt/airflow/dags/load_hour_to_snowflake.py
[2025-09-15T10:41:44.035+0000] {processor.py:840} INFO - DAG(s) 'load_hour_to_snowflake' retrieved from /opt/airflow/dags/load_hour_to_snowflake.py
[2025-09-15T10:41:44.067+0000] {logging_mixin.py:188} INFO - [2025-09-15T10:41:44.067+0000] {dag.py:3096} INFO - Sync 1 DAGs
[2025-09-15T10:41:44.088+0000] {logging_mixin.py:188} INFO - [2025-09-15T10:41:44.088+0000] {dag.py:3954} INFO - Setting next_dagrun for load_hour_to_snowflake to None, run_after=None
[2025-09-15T10:41:44.110+0000] {processor.py:183} INFO - Processing /opt/airflow/dags/load_hour_to_snowflake.py took 0.108 seconds
[2025-09-15T10:42:14.775+0000] {processor.py:161} INFO - Started process (PID=6123) to work on /opt/airflow/dags/load_hour_to_snowflake.py
[2025-09-15T10:42:14.776+0000] {processor.py:830} INFO - Processing file /opt/airflow/dags/load_hour_to_snowflake.py for tasks to queue
[2025-09-15T10:42:14.778+0000] {logging_mixin.py:188} INFO - [2025-09-15T10:42:14.778+0000] {dagbag.py:540} INFO - Filling up the DagBag from /opt/airflow/dags/load_hour_to_snowflake.py
[2025-09-15T10:42:14.796+0000] {processor.py:840} INFO - DAG(s) 'load_hour_to_snowflake' retrieved from /opt/airflow/dags/load_hour_to_snowflake.py
[2025-09-15T10:42:14.825+0000] {logging_mixin.py:188} INFO - [2025-09-15T10:42:14.824+0000] {dag.py:3096} INFO - Sync 1 DAGs
[2025-09-15T10:42:14.838+0000] {logging_mixin.py:188} INFO - [2025-09-15T10:42:14.838+0000] {dag.py:3954} INFO - Setting next_dagrun for load_hour_to_snowflake to None, run_after=None
[2025-09-15T10:42:14.861+0000] {processor.py:183} INFO - Processing /opt/airflow/dags/load_hour_to_snowflake.py took 0.092 seconds
[2025-09-15T10:42:45.680+0000] {processor.py:161} INFO - Started process (PID=6158) to work on /opt/airflow/dags/load_hour_to_snowflake.py
[2025-09-15T10:42:45.682+0000] {processor.py:830} INFO - Processing file /opt/airflow/dags/load_hour_to_snowflake.py for tasks to queue
[2025-09-15T10:42:45.683+0000] {logging_mixin.py:188} INFO - [2025-09-15T10:42:45.683+0000] {dagbag.py:540} INFO - Filling up the DagBag from /opt/airflow/dags/load_hour_to_snowflake.py
[2025-09-15T10:42:45.704+0000] {processor.py:840} INFO - DAG(s) 'load_hour_to_snowflake' retrieved from /opt/airflow/dags/load_hour_to_snowflake.py
[2025-09-15T10:42:45.740+0000] {logging_mixin.py:188} INFO - [2025-09-15T10:42:45.739+0000] {dag.py:3096} INFO - Sync 1 DAGs
[2025-09-15T10:42:45.753+0000] {logging_mixin.py:188} INFO - [2025-09-15T10:42:45.753+0000] {dag.py:3954} INFO - Setting next_dagrun for load_hour_to_snowflake to None, run_after=None
[2025-09-15T10:42:45.775+0000] {processor.py:183} INFO - Processing /opt/airflow/dags/load_hour_to_snowflake.py took 0.104 seconds
[2025-09-15T10:43:16.311+0000] {processor.py:161} INFO - Started process (PID=6193) to work on /opt/airflow/dags/load_hour_to_snowflake.py
[2025-09-15T10:43:16.312+0000] {processor.py:830} INFO - Processing file /opt/airflow/dags/load_hour_to_snowflake.py for tasks to queue
[2025-09-15T10:43:16.313+0000] {logging_mixin.py:188} INFO - [2025-09-15T10:43:16.313+0000] {dagbag.py:540} INFO - Filling up the DagBag from /opt/airflow/dags/load_hour_to_snowflake.py
[2025-09-15T10:43:16.335+0000] {processor.py:840} INFO - DAG(s) 'load_hour_to_snowflake' retrieved from /opt/airflow/dags/load_hour_to_snowflake.py
[2025-09-15T10:43:16.371+0000] {logging_mixin.py:188} INFO - [2025-09-15T10:43:16.371+0000] {dag.py:3096} INFO - Sync 1 DAGs
[2025-09-15T10:43:16.385+0000] {logging_mixin.py:188} INFO - [2025-09-15T10:43:16.385+0000] {dag.py:3954} INFO - Setting next_dagrun for load_hour_to_snowflake to None, run_after=None
[2025-09-15T10:43:16.407+0000] {processor.py:183} INFO - Processing /opt/airflow/dags/load_hour_to_snowflake.py took 0.103 seconds
[2025-09-15T10:43:46.865+0000] {processor.py:161} INFO - Started process (PID=6228) to work on /opt/airflow/dags/load_hour_to_snowflake.py
[2025-09-15T10:43:46.867+0000] {processor.py:830} INFO - Processing file /opt/airflow/dags/load_hour_to_snowflake.py for tasks to queue
[2025-09-15T10:43:46.868+0000] {logging_mixin.py:188} INFO - [2025-09-15T10:43:46.868+0000] {dagbag.py:540} INFO - Filling up the DagBag from /opt/airflow/dags/load_hour_to_snowflake.py
[2025-09-15T10:43:46.898+0000] {processor.py:840} INFO - DAG(s) 'load_hour_to_snowflake' retrieved from /opt/airflow/dags/load_hour_to_snowflake.py
[2025-09-15T10:43:46.939+0000] {logging_mixin.py:188} INFO - [2025-09-15T10:43:46.939+0000] {dag.py:3096} INFO - Sync 1 DAGs
[2025-09-15T10:43:46.954+0000] {logging_mixin.py:188} INFO - [2025-09-15T10:43:46.954+0000] {dag.py:3954} INFO - Setting next_dagrun for load_hour_to_snowflake to None, run_after=None
[2025-09-15T10:43:46.975+0000] {processor.py:183} INFO - Processing /opt/airflow/dags/load_hour_to_snowflake.py took 0.121 seconds
[2025-09-15T10:44:17.595+0000] {processor.py:161} INFO - Started process (PID=6263) to work on /opt/airflow/dags/load_hour_to_snowflake.py
[2025-09-15T10:44:17.596+0000] {processor.py:830} INFO - Processing file /opt/airflow/dags/load_hour_to_snowflake.py for tasks to queue
[2025-09-15T10:44:17.598+0000] {logging_mixin.py:188} INFO - [2025-09-15T10:44:17.597+0000] {dagbag.py:540} INFO - Filling up the DagBag from /opt/airflow/dags/load_hour_to_snowflake.py
[2025-09-15T10:44:17.620+0000] {processor.py:840} INFO - DAG(s) 'load_hour_to_snowflake' retrieved from /opt/airflow/dags/load_hour_to_snowflake.py
[2025-09-15T10:44:17.653+0000] {logging_mixin.py:188} INFO - [2025-09-15T10:44:17.653+0000] {dag.py:3096} INFO - Sync 1 DAGs
[2025-09-15T10:44:17.666+0000] {logging_mixin.py:188} INFO - [2025-09-15T10:44:17.666+0000] {dag.py:3954} INFO - Setting next_dagrun for load_hour_to_snowflake to None, run_after=None
[2025-09-15T10:44:17.690+0000] {processor.py:183} INFO - Processing /opt/airflow/dags/load_hour_to_snowflake.py took 0.104 seconds
[2025-09-15T10:44:48.474+0000] {processor.py:161} INFO - Started process (PID=6298) to work on /opt/airflow/dags/load_hour_to_snowflake.py
[2025-09-15T10:44:48.475+0000] {processor.py:830} INFO - Processing file /opt/airflow/dags/load_hour_to_snowflake.py for tasks to queue
[2025-09-15T10:44:48.476+0000] {logging_mixin.py:188} INFO - [2025-09-15T10:44:48.476+0000] {dagbag.py:540} INFO - Filling up the DagBag from /opt/airflow/dags/load_hour_to_snowflake.py
[2025-09-15T10:44:48.500+0000] {processor.py:840} INFO - DAG(s) 'load_hour_to_snowflake' retrieved from /opt/airflow/dags/load_hour_to_snowflake.py
[2025-09-15T10:44:48.536+0000] {logging_mixin.py:188} INFO - [2025-09-15T10:44:48.536+0000] {dag.py:3096} INFO - Sync 1 DAGs
[2025-09-15T10:44:48.549+0000] {logging_mixin.py:188} INFO - [2025-09-15T10:44:48.549+0000] {dag.py:3954} INFO - Setting next_dagrun for load_hour_to_snowflake to None, run_after=None
[2025-09-15T10:44:48.570+0000] {processor.py:183} INFO - Processing /opt/airflow/dags/load_hour_to_snowflake.py took 0.104 seconds
[2025-09-15T10:45:18.994+0000] {processor.py:161} INFO - Started process (PID=6333) to work on /opt/airflow/dags/load_hour_to_snowflake.py
[2025-09-15T10:45:18.995+0000] {processor.py:830} INFO - Processing file /opt/airflow/dags/load_hour_to_snowflake.py for tasks to queue
[2025-09-15T10:45:18.996+0000] {logging_mixin.py:188} INFO - [2025-09-15T10:45:18.996+0000] {dagbag.py:540} INFO - Filling up the DagBag from /opt/airflow/dags/load_hour_to_snowflake.py
[2025-09-15T10:45:19.016+0000] {processor.py:840} INFO - DAG(s) 'load_hour_to_snowflake' retrieved from /opt/airflow/dags/load_hour_to_snowflake.py
[2025-09-15T10:45:19.047+0000] {logging_mixin.py:188} INFO - [2025-09-15T10:45:19.046+0000] {dag.py:3096} INFO - Sync 1 DAGs
[2025-09-15T10:45:19.065+0000] {logging_mixin.py:188} INFO - [2025-09-15T10:45:19.065+0000] {dag.py:3954} INFO - Setting next_dagrun for load_hour_to_snowflake to None, run_after=None
[2025-09-15T10:45:19.094+0000] {processor.py:183} INFO - Processing /opt/airflow/dags/load_hour_to_snowflake.py took 0.107 seconds
[2025-09-15T10:45:49.698+0000] {processor.py:161} INFO - Started process (PID=6368) to work on /opt/airflow/dags/load_hour_to_snowflake.py
[2025-09-15T10:45:49.699+0000] {processor.py:830} INFO - Processing file /opt/airflow/dags/load_hour_to_snowflake.py for tasks to queue
[2025-09-15T10:45:49.700+0000] {logging_mixin.py:188} INFO - [2025-09-15T10:45:49.700+0000] {dagbag.py:540} INFO - Filling up the DagBag from /opt/airflow/dags/load_hour_to_snowflake.py
[2025-09-15T10:45:49.721+0000] {processor.py:840} INFO - DAG(s) 'load_hour_to_snowflake' retrieved from /opt/airflow/dags/load_hour_to_snowflake.py
[2025-09-15T10:45:49.754+0000] {logging_mixin.py:188} INFO - [2025-09-15T10:45:49.753+0000] {dag.py:3096} INFO - Sync 1 DAGs
[2025-09-15T10:45:49.771+0000] {logging_mixin.py:188} INFO - [2025-09-15T10:45:49.771+0000] {dag.py:3954} INFO - Setting next_dagrun for load_hour_to_snowflake to None, run_after=None
[2025-09-15T10:45:49.795+0000] {processor.py:183} INFO - Processing /opt/airflow/dags/load_hour_to_snowflake.py took 0.105 seconds
[2025-09-15T10:46:20.032+0000] {processor.py:161} INFO - Started process (PID=6403) to work on /opt/airflow/dags/load_hour_to_snowflake.py
[2025-09-15T10:46:20.033+0000] {processor.py:830} INFO - Processing file /opt/airflow/dags/load_hour_to_snowflake.py for tasks to queue
[2025-09-15T10:46:20.034+0000] {logging_mixin.py:188} INFO - [2025-09-15T10:46:20.034+0000] {dagbag.py:540} INFO - Filling up the DagBag from /opt/airflow/dags/load_hour_to_snowflake.py
[2025-09-15T10:46:20.056+0000] {processor.py:840} INFO - DAG(s) 'load_hour_to_snowflake' retrieved from /opt/airflow/dags/load_hour_to_snowflake.py
[2025-09-15T10:46:20.097+0000] {logging_mixin.py:188} INFO - [2025-09-15T10:46:20.097+0000] {dag.py:3096} INFO - Sync 1 DAGs
[2025-09-15T10:46:20.113+0000] {logging_mixin.py:188} INFO - [2025-09-15T10:46:20.113+0000] {dag.py:3954} INFO - Setting next_dagrun for load_hour_to_snowflake to None, run_after=None
[2025-09-15T10:46:20.134+0000] {processor.py:183} INFO - Processing /opt/airflow/dags/load_hour_to_snowflake.py took 0.108 seconds
[2025-09-15T10:46:50.616+0000] {processor.py:161} INFO - Started process (PID=6438) to work on /opt/airflow/dags/load_hour_to_snowflake.py
[2025-09-15T10:46:50.617+0000] {processor.py:830} INFO - Processing file /opt/airflow/dags/load_hour_to_snowflake.py for tasks to queue
[2025-09-15T10:46:50.618+0000] {logging_mixin.py:188} INFO - [2025-09-15T10:46:50.618+0000] {dagbag.py:540} INFO - Filling up the DagBag from /opt/airflow/dags/load_hour_to_snowflake.py
[2025-09-15T10:46:50.637+0000] {processor.py:840} INFO - DAG(s) 'load_hour_to_snowflake' retrieved from /opt/airflow/dags/load_hour_to_snowflake.py
[2025-09-15T10:46:50.671+0000] {logging_mixin.py:188} INFO - [2025-09-15T10:46:50.671+0000] {dag.py:3096} INFO - Sync 1 DAGs
[2025-09-15T10:46:50.685+0000] {logging_mixin.py:188} INFO - [2025-09-15T10:46:50.685+0000] {dag.py:3954} INFO - Setting next_dagrun for load_hour_to_snowflake to None, run_after=None
[2025-09-15T10:46:50.706+0000] {processor.py:183} INFO - Processing /opt/airflow/dags/load_hour_to_snowflake.py took 0.096 seconds
[2025-09-15T10:47:21.520+0000] {processor.py:161} INFO - Started process (PID=6473) to work on /opt/airflow/dags/load_hour_to_snowflake.py
[2025-09-15T10:47:21.521+0000] {processor.py:830} INFO - Processing file /opt/airflow/dags/load_hour_to_snowflake.py for tasks to queue
[2025-09-15T10:47:21.522+0000] {logging_mixin.py:188} INFO - [2025-09-15T10:47:21.522+0000] {dagbag.py:540} INFO - Filling up the DagBag from /opt/airflow/dags/load_hour_to_snowflake.py
[2025-09-15T10:47:21.543+0000] {processor.py:840} INFO - DAG(s) 'load_hour_to_snowflake' retrieved from /opt/airflow/dags/load_hour_to_snowflake.py
[2025-09-15T10:47:21.575+0000] {logging_mixin.py:188} INFO - [2025-09-15T10:47:21.574+0000] {dag.py:3096} INFO - Sync 1 DAGs
[2025-09-15T10:47:21.588+0000] {logging_mixin.py:188} INFO - [2025-09-15T10:47:21.588+0000] {dag.py:3954} INFO - Setting next_dagrun for load_hour_to_snowflake to None, run_after=None
[2025-09-15T10:47:21.613+0000] {processor.py:183} INFO - Processing /opt/airflow/dags/load_hour_to_snowflake.py took 0.101 seconds
[2025-09-15T10:47:52.146+0000] {processor.py:161} INFO - Started process (PID=6508) to work on /opt/airflow/dags/load_hour_to_snowflake.py
[2025-09-15T10:47:52.148+0000] {processor.py:830} INFO - Processing file /opt/airflow/dags/load_hour_to_snowflake.py for tasks to queue
[2025-09-15T10:47:52.149+0000] {logging_mixin.py:188} INFO - [2025-09-15T10:47:52.149+0000] {dagbag.py:540} INFO - Filling up the DagBag from /opt/airflow/dags/load_hour_to_snowflake.py
[2025-09-15T10:47:52.168+0000] {processor.py:840} INFO - DAG(s) 'load_hour_to_snowflake' retrieved from /opt/airflow/dags/load_hour_to_snowflake.py
[2025-09-15T10:47:52.199+0000] {logging_mixin.py:188} INFO - [2025-09-15T10:47:52.199+0000] {dag.py:3096} INFO - Sync 1 DAGs
[2025-09-15T10:47:52.215+0000] {logging_mixin.py:188} INFO - [2025-09-15T10:47:52.215+0000] {dag.py:3954} INFO - Setting next_dagrun for load_hour_to_snowflake to None, run_after=None
[2025-09-15T10:47:52.238+0000] {processor.py:183} INFO - Processing /opt/airflow/dags/load_hour_to_snowflake.py took 0.099 seconds
[2025-09-15T10:48:22.639+0000] {processor.py:161} INFO - Started process (PID=6543) to work on /opt/airflow/dags/load_hour_to_snowflake.py
[2025-09-15T10:48:22.640+0000] {processor.py:830} INFO - Processing file /opt/airflow/dags/load_hour_to_snowflake.py for tasks to queue
[2025-09-15T10:48:22.646+0000] {logging_mixin.py:188} INFO - [2025-09-15T10:48:22.646+0000] {dagbag.py:540} INFO - Filling up the DagBag from /opt/airflow/dags/load_hour_to_snowflake.py
[2025-09-15T10:48:22.666+0000] {processor.py:840} INFO - DAG(s) 'load_hour_to_snowflake' retrieved from /opt/airflow/dags/load_hour_to_snowflake.py
[2025-09-15T10:48:22.694+0000] {logging_mixin.py:188} INFO - [2025-09-15T10:48:22.694+0000] {dag.py:3096} INFO - Sync 1 DAGs
[2025-09-15T10:48:22.708+0000] {logging_mixin.py:188} INFO - [2025-09-15T10:48:22.708+0000] {dag.py:3954} INFO - Setting next_dagrun for load_hour_to_snowflake to None, run_after=None
[2025-09-15T10:48:22.731+0000] {processor.py:183} INFO - Processing /opt/airflow/dags/load_hour_to_snowflake.py took 0.098 seconds
[2025-09-15T10:48:53.367+0000] {processor.py:161} INFO - Started process (PID=6578) to work on /opt/airflow/dags/load_hour_to_snowflake.py
[2025-09-15T10:48:53.368+0000] {processor.py:830} INFO - Processing file /opt/airflow/dags/load_hour_to_snowflake.py for tasks to queue
[2025-09-15T10:48:53.369+0000] {logging_mixin.py:188} INFO - [2025-09-15T10:48:53.369+0000] {dagbag.py:540} INFO - Filling up the DagBag from /opt/airflow/dags/load_hour_to_snowflake.py
[2025-09-15T10:48:53.388+0000] {processor.py:840} INFO - DAG(s) 'load_hour_to_snowflake' retrieved from /opt/airflow/dags/load_hour_to_snowflake.py
[2025-09-15T10:48:53.423+0000] {logging_mixin.py:188} INFO - [2025-09-15T10:48:53.422+0000] {dag.py:3096} INFO - Sync 1 DAGs
[2025-09-15T10:48:53.438+0000] {logging_mixin.py:188} INFO - [2025-09-15T10:48:53.437+0000] {dag.py:3954} INFO - Setting next_dagrun for load_hour_to_snowflake to None, run_after=None
[2025-09-15T10:48:53.470+0000] {processor.py:183} INFO - Processing /opt/airflow/dags/load_hour_to_snowflake.py took 0.110 seconds
[2025-09-15T10:49:24.011+0000] {processor.py:161} INFO - Started process (PID=6613) to work on /opt/airflow/dags/load_hour_to_snowflake.py
[2025-09-15T10:49:24.012+0000] {processor.py:830} INFO - Processing file /opt/airflow/dags/load_hour_to_snowflake.py for tasks to queue
[2025-09-15T10:49:24.013+0000] {logging_mixin.py:188} INFO - [2025-09-15T10:49:24.013+0000] {dagbag.py:540} INFO - Filling up the DagBag from /opt/airflow/dags/load_hour_to_snowflake.py
[2025-09-15T10:49:24.034+0000] {processor.py:840} INFO - DAG(s) 'load_hour_to_snowflake' retrieved from /opt/airflow/dags/load_hour_to_snowflake.py
[2025-09-15T10:49:24.079+0000] {logging_mixin.py:188} INFO - [2025-09-15T10:49:24.078+0000] {dag.py:3096} INFO - Sync 1 DAGs
[2025-09-15T10:49:24.100+0000] {logging_mixin.py:188} INFO - [2025-09-15T10:49:24.099+0000] {dag.py:3954} INFO - Setting next_dagrun for load_hour_to_snowflake to None, run_after=None
[2025-09-15T10:49:24.127+0000] {processor.py:183} INFO - Processing /opt/airflow/dags/load_hour_to_snowflake.py took 0.124 seconds
[2025-09-15T10:49:54.449+0000] {processor.py:161} INFO - Started process (PID=6648) to work on /opt/airflow/dags/load_hour_to_snowflake.py
[2025-09-15T10:49:54.451+0000] {processor.py:830} INFO - Processing file /opt/airflow/dags/load_hour_to_snowflake.py for tasks to queue
[2025-09-15T10:49:54.452+0000] {logging_mixin.py:188} INFO - [2025-09-15T10:49:54.451+0000] {dagbag.py:540} INFO - Filling up the DagBag from /opt/airflow/dags/load_hour_to_snowflake.py
[2025-09-15T10:49:54.468+0000] {processor.py:840} INFO - DAG(s) 'load_hour_to_snowflake' retrieved from /opt/airflow/dags/load_hour_to_snowflake.py
[2025-09-15T10:49:54.500+0000] {logging_mixin.py:188} INFO - [2025-09-15T10:49:54.500+0000] {dag.py:3096} INFO - Sync 1 DAGs
[2025-09-15T10:49:54.513+0000] {logging_mixin.py:188} INFO - [2025-09-15T10:49:54.513+0000] {dag.py:3954} INFO - Setting next_dagrun for load_hour_to_snowflake to None, run_after=None
[2025-09-15T10:49:54.535+0000] {processor.py:183} INFO - Processing /opt/airflow/dags/load_hour_to_snowflake.py took 0.092 seconds
[2025-09-15T10:50:25.196+0000] {processor.py:161} INFO - Started process (PID=6683) to work on /opt/airflow/dags/load_hour_to_snowflake.py
[2025-09-15T10:50:25.197+0000] {processor.py:830} INFO - Processing file /opt/airflow/dags/load_hour_to_snowflake.py for tasks to queue
[2025-09-15T10:50:25.198+0000] {logging_mixin.py:188} INFO - [2025-09-15T10:50:25.197+0000] {dagbag.py:540} INFO - Filling up the DagBag from /opt/airflow/dags/load_hour_to_snowflake.py
[2025-09-15T10:50:25.217+0000] {processor.py:840} INFO - DAG(s) 'load_hour_to_snowflake' retrieved from /opt/airflow/dags/load_hour_to_snowflake.py
[2025-09-15T10:50:25.254+0000] {logging_mixin.py:188} INFO - [2025-09-15T10:50:25.254+0000] {dag.py:3096} INFO - Sync 1 DAGs
[2025-09-15T10:50:25.268+0000] {logging_mixin.py:188} INFO - [2025-09-15T10:50:25.268+0000] {dag.py:3954} INFO - Setting next_dagrun for load_hour_to_snowflake to None, run_after=None
[2025-09-15T10:50:25.290+0000] {processor.py:183} INFO - Processing /opt/airflow/dags/load_hour_to_snowflake.py took 0.101 seconds
[2025-09-15T10:50:55.865+0000] {processor.py:161} INFO - Started process (PID=6718) to work on /opt/airflow/dags/load_hour_to_snowflake.py
[2025-09-15T10:50:55.867+0000] {processor.py:830} INFO - Processing file /opt/airflow/dags/load_hour_to_snowflake.py for tasks to queue
[2025-09-15T10:50:55.868+0000] {logging_mixin.py:188} INFO - [2025-09-15T10:50:55.868+0000] {dagbag.py:540} INFO - Filling up the DagBag from /opt/airflow/dags/load_hour_to_snowflake.py
[2025-09-15T10:50:55.896+0000] {processor.py:840} INFO - DAG(s) 'load_hour_to_snowflake' retrieved from /opt/airflow/dags/load_hour_to_snowflake.py
[2025-09-15T10:50:55.927+0000] {logging_mixin.py:188} INFO - [2025-09-15T10:50:55.927+0000] {dag.py:3096} INFO - Sync 1 DAGs
[2025-09-15T10:50:55.944+0000] {logging_mixin.py:188} INFO - [2025-09-15T10:50:55.943+0000] {dag.py:3954} INFO - Setting next_dagrun for load_hour_to_snowflake to None, run_after=None
[2025-09-15T10:50:55.972+0000] {processor.py:183} INFO - Processing /opt/airflow/dags/load_hour_to_snowflake.py took 0.118 seconds
[2025-09-15T10:51:26.611+0000] {processor.py:161} INFO - Started process (PID=6753) to work on /opt/airflow/dags/load_hour_to_snowflake.py
[2025-09-15T10:51:26.612+0000] {processor.py:830} INFO - Processing file /opt/airflow/dags/load_hour_to_snowflake.py for tasks to queue
[2025-09-15T10:51:26.613+0000] {logging_mixin.py:188} INFO - [2025-09-15T10:51:26.613+0000] {dagbag.py:540} INFO - Filling up the DagBag from /opt/airflow/dags/load_hour_to_snowflake.py
[2025-09-15T10:51:26.634+0000] {processor.py:840} INFO - DAG(s) 'load_hour_to_snowflake' retrieved from /opt/airflow/dags/load_hour_to_snowflake.py
[2025-09-15T10:51:26.665+0000] {logging_mixin.py:188} INFO - [2025-09-15T10:51:26.664+0000] {dag.py:3096} INFO - Sync 1 DAGs
[2025-09-15T10:51:26.680+0000] {logging_mixin.py:188} INFO - [2025-09-15T10:51:26.679+0000] {dag.py:3954} INFO - Setting next_dagrun for load_hour_to_snowflake to None, run_after=None
[2025-09-15T10:51:26.703+0000] {processor.py:183} INFO - Processing /opt/airflow/dags/load_hour_to_snowflake.py took 0.098 seconds
[2025-09-15T10:51:57.077+0000] {processor.py:161} INFO - Started process (PID=6788) to work on /opt/airflow/dags/load_hour_to_snowflake.py
[2025-09-15T10:51:57.078+0000] {processor.py:830} INFO - Processing file /opt/airflow/dags/load_hour_to_snowflake.py for tasks to queue
[2025-09-15T10:51:57.079+0000] {logging_mixin.py:188} INFO - [2025-09-15T10:51:57.079+0000] {dagbag.py:540} INFO - Filling up the DagBag from /opt/airflow/dags/load_hour_to_snowflake.py
[2025-09-15T10:51:57.098+0000] {processor.py:840} INFO - DAG(s) 'load_hour_to_snowflake' retrieved from /opt/airflow/dags/load_hour_to_snowflake.py
[2025-09-15T10:51:57.131+0000] {logging_mixin.py:188} INFO - [2025-09-15T10:51:57.130+0000] {dag.py:3096} INFO - Sync 1 DAGs
[2025-09-15T10:51:57.144+0000] {logging_mixin.py:188} INFO - [2025-09-15T10:51:57.143+0000] {dag.py:3954} INFO - Setting next_dagrun for load_hour_to_snowflake to None, run_after=None
[2025-09-15T10:51:57.165+0000] {processor.py:183} INFO - Processing /opt/airflow/dags/load_hour_to_snowflake.py took 0.095 seconds
[2025-09-15T10:52:27.829+0000] {processor.py:161} INFO - Started process (PID=6823) to work on /opt/airflow/dags/load_hour_to_snowflake.py
[2025-09-15T10:52:27.831+0000] {processor.py:830} INFO - Processing file /opt/airflow/dags/load_hour_to_snowflake.py for tasks to queue
[2025-09-15T10:52:27.831+0000] {logging_mixin.py:188} INFO - [2025-09-15T10:52:27.831+0000] {dagbag.py:540} INFO - Filling up the DagBag from /opt/airflow/dags/load_hour_to_snowflake.py
[2025-09-15T10:52:27.852+0000] {processor.py:840} INFO - DAG(s) 'load_hour_to_snowflake' retrieved from /opt/airflow/dags/load_hour_to_snowflake.py
[2025-09-15T10:52:27.882+0000] {logging_mixin.py:188} INFO - [2025-09-15T10:52:27.882+0000] {dag.py:3096} INFO - Sync 1 DAGs
[2025-09-15T10:52:27.895+0000] {logging_mixin.py:188} INFO - [2025-09-15T10:52:27.895+0000] {dag.py:3954} INFO - Setting next_dagrun for load_hour_to_snowflake to None, run_after=None
[2025-09-15T10:52:27.919+0000] {processor.py:183} INFO - Processing /opt/airflow/dags/load_hour_to_snowflake.py took 0.098 seconds
[2025-09-15T10:52:58.688+0000] {processor.py:161} INFO - Started process (PID=6858) to work on /opt/airflow/dags/load_hour_to_snowflake.py
[2025-09-15T10:52:58.691+0000] {processor.py:830} INFO - Processing file /opt/airflow/dags/load_hour_to_snowflake.py for tasks to queue
[2025-09-15T10:52:58.693+0000] {logging_mixin.py:188} INFO - [2025-09-15T10:52:58.692+0000] {dagbag.py:540} INFO - Filling up the DagBag from /opt/airflow/dags/load_hour_to_snowflake.py
[2025-09-15T10:52:58.721+0000] {processor.py:840} INFO - DAG(s) 'load_hour_to_snowflake' retrieved from /opt/airflow/dags/load_hour_to_snowflake.py
[2025-09-15T10:52:58.761+0000] {logging_mixin.py:188} INFO - [2025-09-15T10:52:58.761+0000] {dag.py:3096} INFO - Sync 1 DAGs
[2025-09-15T10:52:58.778+0000] {logging_mixin.py:188} INFO - [2025-09-15T10:52:58.777+0000] {dag.py:3954} INFO - Setting next_dagrun for load_hour_to_snowflake to None, run_after=None
[2025-09-15T10:52:58.804+0000] {processor.py:183} INFO - Processing /opt/airflow/dags/load_hour_to_snowflake.py took 0.123 seconds
[2025-09-15T10:53:28.985+0000] {processor.py:161} INFO - Started process (PID=6893) to work on /opt/airflow/dags/load_hour_to_snowflake.py
[2025-09-15T10:53:28.986+0000] {processor.py:830} INFO - Processing file /opt/airflow/dags/load_hour_to_snowflake.py for tasks to queue
[2025-09-15T10:53:28.988+0000] {logging_mixin.py:188} INFO - [2025-09-15T10:53:28.987+0000] {dagbag.py:540} INFO - Filling up the DagBag from /opt/airflow/dags/load_hour_to_snowflake.py
[2025-09-15T10:53:29.022+0000] {processor.py:840} INFO - DAG(s) 'load_hour_to_snowflake' retrieved from /opt/airflow/dags/load_hour_to_snowflake.py
[2025-09-15T10:53:29.059+0000] {logging_mixin.py:188} INFO - [2025-09-15T10:53:29.059+0000] {dag.py:3096} INFO - Sync 1 DAGs
[2025-09-15T10:53:29.076+0000] {logging_mixin.py:188} INFO - [2025-09-15T10:53:29.076+0000] {dag.py:3954} INFO - Setting next_dagrun for load_hour_to_snowflake to None, run_after=None
[2025-09-15T10:53:29.099+0000] {processor.py:183} INFO - Processing /opt/airflow/dags/load_hour_to_snowflake.py took 0.120 seconds
[2025-09-15T10:53:59.383+0000] {processor.py:161} INFO - Started process (PID=6928) to work on /opt/airflow/dags/load_hour_to_snowflake.py
[2025-09-15T10:53:59.384+0000] {processor.py:830} INFO - Processing file /opt/airflow/dags/load_hour_to_snowflake.py for tasks to queue
[2025-09-15T10:53:59.386+0000] {logging_mixin.py:188} INFO - [2025-09-15T10:53:59.385+0000] {dagbag.py:540} INFO - Filling up the DagBag from /opt/airflow/dags/load_hour_to_snowflake.py
[2025-09-15T10:53:59.408+0000] {processor.py:840} INFO - DAG(s) 'load_hour_to_snowflake' retrieved from /opt/airflow/dags/load_hour_to_snowflake.py
[2025-09-15T10:53:59.444+0000] {logging_mixin.py:188} INFO - [2025-09-15T10:53:59.444+0000] {dag.py:3096} INFO - Sync 1 DAGs
[2025-09-15T10:53:59.461+0000] {logging_mixin.py:188} INFO - [2025-09-15T10:53:59.460+0000] {dag.py:3954} INFO - Setting next_dagrun for load_hour_to_snowflake to None, run_after=None
[2025-09-15T10:53:59.490+0000] {processor.py:183} INFO - Processing /opt/airflow/dags/load_hour_to_snowflake.py took 0.114 seconds
[2025-09-15T10:54:30.561+0000] {processor.py:161} INFO - Started process (PID=6963) to work on /opt/airflow/dags/load_hour_to_snowflake.py
[2025-09-15T10:54:30.562+0000] {processor.py:830} INFO - Processing file /opt/airflow/dags/load_hour_to_snowflake.py for tasks to queue
[2025-09-15T10:54:30.563+0000] {logging_mixin.py:188} INFO - [2025-09-15T10:54:30.563+0000] {dagbag.py:540} INFO - Filling up the DagBag from /opt/airflow/dags/load_hour_to_snowflake.py
[2025-09-15T10:54:30.581+0000] {processor.py:840} INFO - DAG(s) 'load_hour_to_snowflake' retrieved from /opt/airflow/dags/load_hour_to_snowflake.py
[2025-09-15T10:54:30.609+0000] {logging_mixin.py:188} INFO - [2025-09-15T10:54:30.609+0000] {dag.py:3096} INFO - Sync 1 DAGs
[2025-09-15T10:54:30.624+0000] {logging_mixin.py:188} INFO - [2025-09-15T10:54:30.623+0000] {dag.py:3954} INFO - Setting next_dagrun for load_hour_to_snowflake to None, run_after=None
[2025-09-15T10:54:30.648+0000] {processor.py:183} INFO - Processing /opt/airflow/dags/load_hour_to_snowflake.py took 0.095 seconds
[2025-09-15T10:55:01.166+0000] {processor.py:161} INFO - Started process (PID=6998) to work on /opt/airflow/dags/load_hour_to_snowflake.py
[2025-09-15T10:55:01.168+0000] {processor.py:830} INFO - Processing file /opt/airflow/dags/load_hour_to_snowflake.py for tasks to queue
[2025-09-15T10:55:01.169+0000] {logging_mixin.py:188} INFO - [2025-09-15T10:55:01.168+0000] {dagbag.py:540} INFO - Filling up the DagBag from /opt/airflow/dags/load_hour_to_snowflake.py
[2025-09-15T10:55:01.193+0000] {processor.py:840} INFO - DAG(s) 'load_hour_to_snowflake' retrieved from /opt/airflow/dags/load_hour_to_snowflake.py
[2025-09-15T10:55:01.231+0000] {logging_mixin.py:188} INFO - [2025-09-15T10:55:01.230+0000] {dag.py:3096} INFO - Sync 1 DAGs
[2025-09-15T10:55:01.252+0000] {logging_mixin.py:188} INFO - [2025-09-15T10:55:01.251+0000] {dag.py:3954} INFO - Setting next_dagrun for load_hour_to_snowflake to None, run_after=None
[2025-09-15T10:55:01.281+0000] {processor.py:183} INFO - Processing /opt/airflow/dags/load_hour_to_snowflake.py took 0.122 seconds
[2025-09-15T10:55:32.027+0000] {processor.py:161} INFO - Started process (PID=7033) to work on /opt/airflow/dags/load_hour_to_snowflake.py
[2025-09-15T10:55:32.029+0000] {processor.py:830} INFO - Processing file /opt/airflow/dags/load_hour_to_snowflake.py for tasks to queue
[2025-09-15T10:55:32.031+0000] {logging_mixin.py:188} INFO - [2025-09-15T10:55:32.030+0000] {dagbag.py:540} INFO - Filling up the DagBag from /opt/airflow/dags/load_hour_to_snowflake.py
[2025-09-15T10:55:32.062+0000] {processor.py:840} INFO - DAG(s) 'load_hour_to_snowflake' retrieved from /opt/airflow/dags/load_hour_to_snowflake.py
[2025-09-15T10:55:32.101+0000] {logging_mixin.py:188} INFO - [2025-09-15T10:55:32.101+0000] {dag.py:3096} INFO - Sync 1 DAGs
[2025-09-15T10:55:32.119+0000] {logging_mixin.py:188} INFO - [2025-09-15T10:55:32.119+0000] {dag.py:3954} INFO - Setting next_dagrun for load_hour_to_snowflake to None, run_after=None
[2025-09-15T10:55:32.150+0000] {processor.py:183} INFO - Processing /opt/airflow/dags/load_hour_to_snowflake.py took 0.132 seconds
[2025-09-15T10:56:02.909+0000] {processor.py:161} INFO - Started process (PID=7068) to work on /opt/airflow/dags/load_hour_to_snowflake.py
[2025-09-15T10:56:02.910+0000] {processor.py:830} INFO - Processing file /opt/airflow/dags/load_hour_to_snowflake.py for tasks to queue
[2025-09-15T10:56:02.912+0000] {logging_mixin.py:188} INFO - [2025-09-15T10:56:02.911+0000] {dagbag.py:540} INFO - Filling up the DagBag from /opt/airflow/dags/load_hour_to_snowflake.py
[2025-09-15T10:56:02.934+0000] {processor.py:840} INFO - DAG(s) 'load_hour_to_snowflake' retrieved from /opt/airflow/dags/load_hour_to_snowflake.py
[2025-09-15T10:56:02.968+0000] {logging_mixin.py:188} INFO - [2025-09-15T10:56:02.968+0000] {dag.py:3096} INFO - Sync 1 DAGs
[2025-09-15T10:56:02.986+0000] {logging_mixin.py:188} INFO - [2025-09-15T10:56:02.986+0000] {dag.py:3954} INFO - Setting next_dagrun for load_hour_to_snowflake to None, run_after=None
[2025-09-15T10:56:03.013+0000] {processor.py:183} INFO - Processing /opt/airflow/dags/load_hour_to_snowflake.py took 0.115 seconds
[2025-09-15T10:56:33.533+0000] {processor.py:161} INFO - Started process (PID=7103) to work on /opt/airflow/dags/load_hour_to_snowflake.py
[2025-09-15T10:56:33.533+0000] {processor.py:830} INFO - Processing file /opt/airflow/dags/load_hour_to_snowflake.py for tasks to queue
[2025-09-15T10:56:33.534+0000] {logging_mixin.py:188} INFO - [2025-09-15T10:56:33.534+0000] {dagbag.py:540} INFO - Filling up the DagBag from /opt/airflow/dags/load_hour_to_snowflake.py
[2025-09-15T10:56:33.553+0000] {processor.py:840} INFO - DAG(s) 'load_hour_to_snowflake' retrieved from /opt/airflow/dags/load_hour_to_snowflake.py
[2025-09-15T10:56:33.588+0000] {logging_mixin.py:188} INFO - [2025-09-15T10:56:33.588+0000] {dag.py:3096} INFO - Sync 1 DAGs
[2025-09-15T10:56:33.604+0000] {logging_mixin.py:188} INFO - [2025-09-15T10:56:33.603+0000] {dag.py:3954} INFO - Setting next_dagrun for load_hour_to_snowflake to None, run_after=None
[2025-09-15T10:56:33.627+0000] {processor.py:183} INFO - Processing /opt/airflow/dags/load_hour_to_snowflake.py took 0.103 seconds
[2025-09-15T10:57:04.310+0000] {processor.py:161} INFO - Started process (PID=7138) to work on /opt/airflow/dags/load_hour_to_snowflake.py
[2025-09-15T10:57:04.312+0000] {processor.py:830} INFO - Processing file /opt/airflow/dags/load_hour_to_snowflake.py for tasks to queue
[2025-09-15T10:57:04.312+0000] {logging_mixin.py:188} INFO - [2025-09-15T10:57:04.312+0000] {dagbag.py:540} INFO - Filling up the DagBag from /opt/airflow/dags/load_hour_to_snowflake.py
[2025-09-15T10:57:04.334+0000] {processor.py:840} INFO - DAG(s) 'load_hour_to_snowflake' retrieved from /opt/airflow/dags/load_hour_to_snowflake.py
[2025-09-15T10:57:04.369+0000] {logging_mixin.py:188} INFO - [2025-09-15T10:57:04.369+0000] {dag.py:3096} INFO - Sync 1 DAGs
[2025-09-15T10:57:04.385+0000] {logging_mixin.py:188} INFO - [2025-09-15T10:57:04.385+0000] {dag.py:3954} INFO - Setting next_dagrun for load_hour_to_snowflake to None, run_after=None
[2025-09-15T10:57:04.405+0000] {processor.py:183} INFO - Processing /opt/airflow/dags/load_hour_to_snowflake.py took 0.102 seconds
[2025-09-15T10:57:34.888+0000] {processor.py:161} INFO - Started process (PID=7173) to work on /opt/airflow/dags/load_hour_to_snowflake.py
[2025-09-15T10:57:34.889+0000] {processor.py:830} INFO - Processing file /opt/airflow/dags/load_hour_to_snowflake.py for tasks to queue
[2025-09-15T10:57:34.890+0000] {logging_mixin.py:188} INFO - [2025-09-15T10:57:34.890+0000] {dagbag.py:540} INFO - Filling up the DagBag from /opt/airflow/dags/load_hour_to_snowflake.py
[2025-09-15T10:57:34.910+0000] {processor.py:840} INFO - DAG(s) 'load_hour_to_snowflake' retrieved from /opt/airflow/dags/load_hour_to_snowflake.py
[2025-09-15T10:57:34.940+0000] {logging_mixin.py:188} INFO - [2025-09-15T10:57:34.940+0000] {dag.py:3096} INFO - Sync 1 DAGs
[2025-09-15T10:57:34.957+0000] {logging_mixin.py:188} INFO - [2025-09-15T10:57:34.957+0000] {dag.py:3954} INFO - Setting next_dagrun for load_hour_to_snowflake to None, run_after=None
[2025-09-15T10:57:34.981+0000] {processor.py:183} INFO - Processing /opt/airflow/dags/load_hour_to_snowflake.py took 0.098 seconds
[2025-09-15T10:58:05.291+0000] {processor.py:161} INFO - Started process (PID=7208) to work on /opt/airflow/dags/load_hour_to_snowflake.py
[2025-09-15T10:58:05.292+0000] {processor.py:830} INFO - Processing file /opt/airflow/dags/load_hour_to_snowflake.py for tasks to queue
[2025-09-15T10:58:05.294+0000] {logging_mixin.py:188} INFO - [2025-09-15T10:58:05.293+0000] {dagbag.py:540} INFO - Filling up the DagBag from /opt/airflow/dags/load_hour_to_snowflake.py
[2025-09-15T10:58:05.317+0000] {processor.py:840} INFO - DAG(s) 'load_hour_to_snowflake' retrieved from /opt/airflow/dags/load_hour_to_snowflake.py
[2025-09-15T10:58:05.351+0000] {logging_mixin.py:188} INFO - [2025-09-15T10:58:05.351+0000] {dag.py:3096} INFO - Sync 1 DAGs
[2025-09-15T10:58:05.368+0000] {logging_mixin.py:188} INFO - [2025-09-15T10:58:05.368+0000] {dag.py:3954} INFO - Setting next_dagrun for load_hour_to_snowflake to None, run_after=None
[2025-09-15T10:58:05.395+0000] {processor.py:183} INFO - Processing /opt/airflow/dags/load_hour_to_snowflake.py took 0.111 seconds
[2025-09-15T10:58:35.886+0000] {processor.py:161} INFO - Started process (PID=7243) to work on /opt/airflow/dags/load_hour_to_snowflake.py
[2025-09-15T10:58:35.887+0000] {processor.py:830} INFO - Processing file /opt/airflow/dags/load_hour_to_snowflake.py for tasks to queue
[2025-09-15T10:58:35.888+0000] {logging_mixin.py:188} INFO - [2025-09-15T10:58:35.888+0000] {dagbag.py:540} INFO - Filling up the DagBag from /opt/airflow/dags/load_hour_to_snowflake.py
[2025-09-15T10:58:35.906+0000] {processor.py:840} INFO - DAG(s) 'load_hour_to_snowflake' retrieved from /opt/airflow/dags/load_hour_to_snowflake.py
[2025-09-15T10:58:35.939+0000] {logging_mixin.py:188} INFO - [2025-09-15T10:58:35.938+0000] {dag.py:3096} INFO - Sync 1 DAGs
[2025-09-15T10:58:35.953+0000] {logging_mixin.py:188} INFO - [2025-09-15T10:58:35.953+0000] {dag.py:3954} INFO - Setting next_dagrun for load_hour_to_snowflake to None, run_after=None
[2025-09-15T10:58:35.977+0000] {processor.py:183} INFO - Processing /opt/airflow/dags/load_hour_to_snowflake.py took 0.101 seconds
[2025-09-15T10:59:06.552+0000] {processor.py:161} INFO - Started process (PID=7278) to work on /opt/airflow/dags/load_hour_to_snowflake.py
[2025-09-15T10:59:06.554+0000] {processor.py:830} INFO - Processing file /opt/airflow/dags/load_hour_to_snowflake.py for tasks to queue
[2025-09-15T10:59:06.554+0000] {logging_mixin.py:188} INFO - [2025-09-15T10:59:06.554+0000] {dagbag.py:540} INFO - Filling up the DagBag from /opt/airflow/dags/load_hour_to_snowflake.py
[2025-09-15T10:59:06.579+0000] {processor.py:840} INFO - DAG(s) 'load_hour_to_snowflake' retrieved from /opt/airflow/dags/load_hour_to_snowflake.py
[2025-09-15T10:59:06.607+0000] {logging_mixin.py:188} INFO - [2025-09-15T10:59:06.607+0000] {dag.py:3096} INFO - Sync 1 DAGs
[2025-09-15T10:59:06.622+0000] {logging_mixin.py:188} INFO - [2025-09-15T10:59:06.622+0000] {dag.py:3954} INFO - Setting next_dagrun for load_hour_to_snowflake to None, run_after=None
[2025-09-15T10:59:06.650+0000] {processor.py:183} INFO - Processing /opt/airflow/dags/load_hour_to_snowflake.py took 0.105 seconds
[2025-09-15T10:59:37.090+0000] {processor.py:161} INFO - Started process (PID=7313) to work on /opt/airflow/dags/load_hour_to_snowflake.py
[2025-09-15T10:59:37.093+0000] {processor.py:830} INFO - Processing file /opt/airflow/dags/load_hour_to_snowflake.py for tasks to queue
[2025-09-15T10:59:37.096+0000] {logging_mixin.py:188} INFO - [2025-09-15T10:59:37.095+0000] {dagbag.py:540} INFO - Filling up the DagBag from /opt/airflow/dags/load_hour_to_snowflake.py
[2025-09-15T10:59:37.134+0000] {processor.py:840} INFO - DAG(s) 'load_hour_to_snowflake' retrieved from /opt/airflow/dags/load_hour_to_snowflake.py
[2025-09-15T10:59:37.236+0000] {logging_mixin.py:188} INFO - [2025-09-15T10:59:37.233+0000] {dag.py:3096} INFO - Sync 1 DAGs
[2025-09-15T10:59:37.310+0000] {logging_mixin.py:188} INFO - [2025-09-15T10:59:37.309+0000] {dag.py:3954} INFO - Setting next_dagrun for load_hour_to_snowflake to None, run_after=None
[2025-09-15T10:59:37.459+0000] {processor.py:183} INFO - Processing /opt/airflow/dags/load_hour_to_snowflake.py took 0.384 seconds
[2025-09-15T11:00:08.505+0000] {processor.py:161} INFO - Started process (PID=7348) to work on /opt/airflow/dags/load_hour_to_snowflake.py
[2025-09-15T11:00:08.506+0000] {processor.py:830} INFO - Processing file /opt/airflow/dags/load_hour_to_snowflake.py for tasks to queue
[2025-09-15T11:00:08.507+0000] {logging_mixin.py:188} INFO - [2025-09-15T11:00:08.507+0000] {dagbag.py:540} INFO - Filling up the DagBag from /opt/airflow/dags/load_hour_to_snowflake.py
[2025-09-15T11:00:08.526+0000] {processor.py:840} INFO - DAG(s) 'load_hour_to_snowflake' retrieved from /opt/airflow/dags/load_hour_to_snowflake.py
[2025-09-15T11:00:08.558+0000] {logging_mixin.py:188} INFO - [2025-09-15T11:00:08.558+0000] {dag.py:3096} INFO - Sync 1 DAGs
[2025-09-15T11:00:08.571+0000] {logging_mixin.py:188} INFO - [2025-09-15T11:00:08.571+0000] {dag.py:3954} INFO - Setting next_dagrun for load_hour_to_snowflake to None, run_after=None
[2025-09-15T11:00:08.593+0000] {processor.py:183} INFO - Processing /opt/airflow/dags/load_hour_to_snowflake.py took 0.095 seconds
[2025-09-15T11:00:38.867+0000] {processor.py:161} INFO - Started process (PID=7383) to work on /opt/airflow/dags/load_hour_to_snowflake.py
[2025-09-15T11:00:38.869+0000] {processor.py:830} INFO - Processing file /opt/airflow/dags/load_hour_to_snowflake.py for tasks to queue
[2025-09-15T11:00:38.870+0000] {logging_mixin.py:188} INFO - [2025-09-15T11:00:38.870+0000] {dagbag.py:540} INFO - Filling up the DagBag from /opt/airflow/dags/load_hour_to_snowflake.py
[2025-09-15T11:00:38.902+0000] {processor.py:840} INFO - DAG(s) 'load_hour_to_snowflake' retrieved from /opt/airflow/dags/load_hour_to_snowflake.py
[2025-09-15T11:00:38.943+0000] {logging_mixin.py:188} INFO - [2025-09-15T11:00:38.943+0000] {dag.py:3096} INFO - Sync 1 DAGs
[2025-09-15T11:00:38.966+0000] {logging_mixin.py:188} INFO - [2025-09-15T11:00:38.965+0000] {dag.py:3954} INFO - Setting next_dagrun for load_hour_to_snowflake to None, run_after=None
[2025-09-15T11:00:38.997+0000] {processor.py:183} INFO - Processing /opt/airflow/dags/load_hour_to_snowflake.py took 0.139 seconds
[2025-09-15T11:01:09.654+0000] {processor.py:161} INFO - Started process (PID=7418) to work on /opt/airflow/dags/load_hour_to_snowflake.py
[2025-09-15T11:01:09.655+0000] {processor.py:830} INFO - Processing file /opt/airflow/dags/load_hour_to_snowflake.py for tasks to queue
[2025-09-15T11:01:09.657+0000] {logging_mixin.py:188} INFO - [2025-09-15T11:01:09.656+0000] {dagbag.py:540} INFO - Filling up the DagBag from /opt/airflow/dags/load_hour_to_snowflake.py
[2025-09-15T11:01:09.684+0000] {processor.py:840} INFO - DAG(s) 'load_hour_to_snowflake' retrieved from /opt/airflow/dags/load_hour_to_snowflake.py
[2025-09-15T11:01:09.726+0000] {logging_mixin.py:188} INFO - [2025-09-15T11:01:09.725+0000] {dag.py:3096} INFO - Sync 1 DAGs
[2025-09-15T11:01:09.757+0000] {logging_mixin.py:188} INFO - [2025-09-15T11:01:09.756+0000] {dag.py:3954} INFO - Setting next_dagrun for load_hour_to_snowflake to None, run_after=None
[2025-09-15T11:01:09.819+0000] {processor.py:183} INFO - Processing /opt/airflow/dags/load_hour_to_snowflake.py took 0.177 seconds
[2025-09-15T11:01:40.365+0000] {processor.py:161} INFO - Started process (PID=7453) to work on /opt/airflow/dags/load_hour_to_snowflake.py
[2025-09-15T11:01:40.371+0000] {processor.py:830} INFO - Processing file /opt/airflow/dags/load_hour_to_snowflake.py for tasks to queue
[2025-09-15T11:01:40.375+0000] {logging_mixin.py:188} INFO - [2025-09-15T11:01:40.374+0000] {dagbag.py:540} INFO - Filling up the DagBag from /opt/airflow/dags/load_hour_to_snowflake.py
[2025-09-15T11:01:40.443+0000] {processor.py:840} INFO - DAG(s) 'load_hour_to_snowflake' retrieved from /opt/airflow/dags/load_hour_to_snowflake.py
[2025-09-15T11:01:40.545+0000] {logging_mixin.py:188} INFO - [2025-09-15T11:01:40.544+0000] {dag.py:3096} INFO - Sync 1 DAGs
[2025-09-15T11:01:40.592+0000] {logging_mixin.py:188} INFO - [2025-09-15T11:01:40.592+0000] {dag.py:3954} INFO - Setting next_dagrun for load_hour_to_snowflake to None, run_after=None
[2025-09-15T11:01:40.636+0000] {processor.py:183} INFO - Processing /opt/airflow/dags/load_hour_to_snowflake.py took 0.296 seconds
[2025-09-15T11:02:11.482+0000] {processor.py:161} INFO - Started process (PID=7488) to work on /opt/airflow/dags/load_hour_to_snowflake.py
[2025-09-15T11:02:11.483+0000] {processor.py:830} INFO - Processing file /opt/airflow/dags/load_hour_to_snowflake.py for tasks to queue
[2025-09-15T11:02:11.484+0000] {logging_mixin.py:188} INFO - [2025-09-15T11:02:11.484+0000] {dagbag.py:540} INFO - Filling up the DagBag from /opt/airflow/dags/load_hour_to_snowflake.py
[2025-09-15T11:02:11.517+0000] {processor.py:840} INFO - DAG(s) 'load_hour_to_snowflake' retrieved from /opt/airflow/dags/load_hour_to_snowflake.py
[2025-09-15T11:02:11.562+0000] {logging_mixin.py:188} INFO - [2025-09-15T11:02:11.556+0000] {dag.py:3096} INFO - Sync 1 DAGs
[2025-09-15T11:02:11.583+0000] {logging_mixin.py:188} INFO - [2025-09-15T11:02:11.582+0000] {dag.py:3954} INFO - Setting next_dagrun for load_hour_to_snowflake to None, run_after=None
[2025-09-15T11:02:11.614+0000] {processor.py:183} INFO - Processing /opt/airflow/dags/load_hour_to_snowflake.py took 0.143 seconds
[2025-09-15T11:02:42.055+0000] {processor.py:161} INFO - Started process (PID=7523) to work on /opt/airflow/dags/load_hour_to_snowflake.py
[2025-09-15T11:02:42.064+0000] {processor.py:830} INFO - Processing file /opt/airflow/dags/load_hour_to_snowflake.py for tasks to queue
[2025-09-15T11:02:42.068+0000] {logging_mixin.py:188} INFO - [2025-09-15T11:02:42.067+0000] {dagbag.py:540} INFO - Filling up the DagBag from /opt/airflow/dags/load_hour_to_snowflake.py
[2025-09-15T11:02:42.119+0000] {processor.py:840} INFO - DAG(s) 'load_hour_to_snowflake' retrieved from /opt/airflow/dags/load_hour_to_snowflake.py
[2025-09-15T11:02:42.175+0000] {logging_mixin.py:188} INFO - [2025-09-15T11:02:42.174+0000] {dag.py:3096} INFO - Sync 1 DAGs
[2025-09-15T11:02:42.202+0000] {logging_mixin.py:188} INFO - [2025-09-15T11:02:42.201+0000] {dag.py:3954} INFO - Setting next_dagrun for load_hour_to_snowflake to None, run_after=None
[2025-09-15T11:02:42.243+0000] {processor.py:183} INFO - Processing /opt/airflow/dags/load_hour_to_snowflake.py took 0.200 seconds
[2025-09-15T11:03:12.753+0000] {processor.py:161} INFO - Started process (PID=7558) to work on /opt/airflow/dags/load_hour_to_snowflake.py
[2025-09-15T11:03:12.758+0000] {processor.py:830} INFO - Processing file /opt/airflow/dags/load_hour_to_snowflake.py for tasks to queue
[2025-09-15T11:03:12.764+0000] {logging_mixin.py:188} INFO - [2025-09-15T11:03:12.761+0000] {dagbag.py:540} INFO - Filling up the DagBag from /opt/airflow/dags/load_hour_to_snowflake.py
[2025-09-15T11:03:12.811+0000] {processor.py:840} INFO - DAG(s) 'load_hour_to_snowflake' retrieved from /opt/airflow/dags/load_hour_to_snowflake.py
[2025-09-15T11:03:12.845+0000] {logging_mixin.py:188} INFO - [2025-09-15T11:03:12.843+0000] {dag.py:3096} INFO - Sync 1 DAGs
[2025-09-15T11:03:12.864+0000] {logging_mixin.py:188} INFO - [2025-09-15T11:03:12.864+0000] {dag.py:3954} INFO - Setting next_dagrun for load_hour_to_snowflake to None, run_after=None
[2025-09-15T11:03:12.884+0000] {processor.py:183} INFO - Processing /opt/airflow/dags/load_hour_to_snowflake.py took 0.149 seconds
[2025-09-15T11:03:43.272+0000] {processor.py:161} INFO - Started process (PID=7593) to work on /opt/airflow/dags/load_hour_to_snowflake.py
[2025-09-15T11:03:43.273+0000] {processor.py:830} INFO - Processing file /opt/airflow/dags/load_hour_to_snowflake.py for tasks to queue
[2025-09-15T11:03:43.274+0000] {logging_mixin.py:188} INFO - [2025-09-15T11:03:43.273+0000] {dagbag.py:540} INFO - Filling up the DagBag from /opt/airflow/dags/load_hour_to_snowflake.py
[2025-09-15T11:03:43.294+0000] {processor.py:840} INFO - DAG(s) 'load_hour_to_snowflake' retrieved from /opt/airflow/dags/load_hour_to_snowflake.py
[2025-09-15T11:03:43.325+0000] {logging_mixin.py:188} INFO - [2025-09-15T11:03:43.325+0000] {dag.py:3096} INFO - Sync 1 DAGs
[2025-09-15T11:03:43.341+0000] {logging_mixin.py:188} INFO - [2025-09-15T11:03:43.340+0000] {dag.py:3954} INFO - Setting next_dagrun for load_hour_to_snowflake to None, run_after=None
[2025-09-15T11:03:43.361+0000] {processor.py:183} INFO - Processing /opt/airflow/dags/load_hour_to_snowflake.py took 0.096 seconds
[2025-09-15T11:04:13.817+0000] {processor.py:161} INFO - Started process (PID=7628) to work on /opt/airflow/dags/load_hour_to_snowflake.py
[2025-09-15T11:04:13.818+0000] {processor.py:830} INFO - Processing file /opt/airflow/dags/load_hour_to_snowflake.py for tasks to queue
[2025-09-15T11:04:13.819+0000] {logging_mixin.py:188} INFO - [2025-09-15T11:04:13.818+0000] {dagbag.py:540} INFO - Filling up the DagBag from /opt/airflow/dags/load_hour_to_snowflake.py
[2025-09-15T11:04:13.837+0000] {processor.py:840} INFO - DAG(s) 'load_hour_to_snowflake' retrieved from /opt/airflow/dags/load_hour_to_snowflake.py
[2025-09-15T11:04:13.865+0000] {logging_mixin.py:188} INFO - [2025-09-15T11:04:13.865+0000] {dag.py:3096} INFO - Sync 1 DAGs
[2025-09-15T11:04:13.879+0000] {logging_mixin.py:188} INFO - [2025-09-15T11:04:13.878+0000] {dag.py:3954} INFO - Setting next_dagrun for load_hour_to_snowflake to None, run_after=None
[2025-09-15T11:04:13.900+0000] {processor.py:183} INFO - Processing /opt/airflow/dags/load_hour_to_snowflake.py took 0.090 seconds
[2025-09-15T11:04:44.321+0000] {processor.py:161} INFO - Started process (PID=7663) to work on /opt/airflow/dags/load_hour_to_snowflake.py
[2025-09-15T11:04:44.322+0000] {processor.py:830} INFO - Processing file /opt/airflow/dags/load_hour_to_snowflake.py for tasks to queue
[2025-09-15T11:04:44.323+0000] {logging_mixin.py:188} INFO - [2025-09-15T11:04:44.322+0000] {dagbag.py:540} INFO - Filling up the DagBag from /opt/airflow/dags/load_hour_to_snowflake.py
[2025-09-15T11:04:44.342+0000] {processor.py:840} INFO - DAG(s) 'load_hour_to_snowflake' retrieved from /opt/airflow/dags/load_hour_to_snowflake.py
[2025-09-15T11:04:44.373+0000] {logging_mixin.py:188} INFO - [2025-09-15T11:04:44.373+0000] {dag.py:3096} INFO - Sync 1 DAGs
[2025-09-15T11:04:44.387+0000] {logging_mixin.py:188} INFO - [2025-09-15T11:04:44.386+0000] {dag.py:3954} INFO - Setting next_dagrun for load_hour_to_snowflake to None, run_after=None
[2025-09-15T11:04:44.411+0000] {processor.py:183} INFO - Processing /opt/airflow/dags/load_hour_to_snowflake.py took 0.096 seconds
[2025-09-15T11:05:14.803+0000] {processor.py:161} INFO - Started process (PID=7698) to work on /opt/airflow/dags/load_hour_to_snowflake.py
[2025-09-15T11:05:14.804+0000] {processor.py:830} INFO - Processing file /opt/airflow/dags/load_hour_to_snowflake.py for tasks to queue
[2025-09-15T11:05:14.805+0000] {logging_mixin.py:188} INFO - [2025-09-15T11:05:14.805+0000] {dagbag.py:540} INFO - Filling up the DagBag from /opt/airflow/dags/load_hour_to_snowflake.py
[2025-09-15T11:05:14.822+0000] {processor.py:840} INFO - DAG(s) 'load_hour_to_snowflake' retrieved from /opt/airflow/dags/load_hour_to_snowflake.py
[2025-09-15T11:05:14.850+0000] {logging_mixin.py:188} INFO - [2025-09-15T11:05:14.850+0000] {dag.py:3096} INFO - Sync 1 DAGs
[2025-09-15T11:05:14.864+0000] {logging_mixin.py:188} INFO - [2025-09-15T11:05:14.864+0000] {dag.py:3954} INFO - Setting next_dagrun for load_hour_to_snowflake to None, run_after=None
[2025-09-15T11:05:14.885+0000] {processor.py:183} INFO - Processing /opt/airflow/dags/load_hour_to_snowflake.py took 0.089 seconds
[2025-09-15T11:05:45.314+0000] {processor.py:161} INFO - Started process (PID=7733) to work on /opt/airflow/dags/load_hour_to_snowflake.py
[2025-09-15T11:05:45.316+0000] {processor.py:830} INFO - Processing file /opt/airflow/dags/load_hour_to_snowflake.py for tasks to queue
[2025-09-15T11:05:45.317+0000] {logging_mixin.py:188} INFO - [2025-09-15T11:05:45.316+0000] {dagbag.py:540} INFO - Filling up the DagBag from /opt/airflow/dags/load_hour_to_snowflake.py
[2025-09-15T11:05:45.338+0000] {processor.py:840} INFO - DAG(s) 'load_hour_to_snowflake' retrieved from /opt/airflow/dags/load_hour_to_snowflake.py
[2025-09-15T11:05:45.374+0000] {logging_mixin.py:188} INFO - [2025-09-15T11:05:45.374+0000] {dag.py:3096} INFO - Sync 1 DAGs
[2025-09-15T11:05:45.389+0000] {logging_mixin.py:188} INFO - [2025-09-15T11:05:45.389+0000] {dag.py:3954} INFO - Setting next_dagrun for load_hour_to_snowflake to None, run_after=None
[2025-09-15T11:05:45.416+0000] {processor.py:183} INFO - Processing /opt/airflow/dags/load_hour_to_snowflake.py took 0.109 seconds
[2025-09-15T11:06:15.827+0000] {processor.py:161} INFO - Started process (PID=7768) to work on /opt/airflow/dags/load_hour_to_snowflake.py
[2025-09-15T11:06:15.828+0000] {processor.py:830} INFO - Processing file /opt/airflow/dags/load_hour_to_snowflake.py for tasks to queue
[2025-09-15T11:06:15.829+0000] {logging_mixin.py:188} INFO - [2025-09-15T11:06:15.829+0000] {dagbag.py:540} INFO - Filling up the DagBag from /opt/airflow/dags/load_hour_to_snowflake.py
[2025-09-15T11:06:15.849+0000] {processor.py:840} INFO - DAG(s) 'load_hour_to_snowflake' retrieved from /opt/airflow/dags/load_hour_to_snowflake.py
[2025-09-15T11:06:15.878+0000] {logging_mixin.py:188} INFO - [2025-09-15T11:06:15.878+0000] {dag.py:3096} INFO - Sync 1 DAGs
[2025-09-15T11:06:15.893+0000] {logging_mixin.py:188} INFO - [2025-09-15T11:06:15.892+0000] {dag.py:3954} INFO - Setting next_dagrun for load_hour_to_snowflake to None, run_after=None
[2025-09-15T11:06:15.917+0000] {processor.py:183} INFO - Processing /opt/airflow/dags/load_hour_to_snowflake.py took 0.096 seconds
[2025-09-15T11:06:46.594+0000] {processor.py:161} INFO - Started process (PID=7803) to work on /opt/airflow/dags/load_hour_to_snowflake.py
[2025-09-15T11:06:46.596+0000] {processor.py:830} INFO - Processing file /opt/airflow/dags/load_hour_to_snowflake.py for tasks to queue
[2025-09-15T11:06:46.597+0000] {logging_mixin.py:188} INFO - [2025-09-15T11:06:46.597+0000] {dagbag.py:540} INFO - Filling up the DagBag from /opt/airflow/dags/load_hour_to_snowflake.py
[2025-09-15T11:06:46.616+0000] {processor.py:840} INFO - DAG(s) 'load_hour_to_snowflake' retrieved from /opt/airflow/dags/load_hour_to_snowflake.py
[2025-09-15T11:06:46.647+0000] {logging_mixin.py:188} INFO - [2025-09-15T11:06:46.646+0000] {dag.py:3096} INFO - Sync 1 DAGs
[2025-09-15T11:06:46.660+0000] {logging_mixin.py:188} INFO - [2025-09-15T11:06:46.659+0000] {dag.py:3954} INFO - Setting next_dagrun for load_hour_to_snowflake to None, run_after=None
[2025-09-15T11:06:46.680+0000] {processor.py:183} INFO - Processing /opt/airflow/dags/load_hour_to_snowflake.py took 0.092 seconds
[2025-09-15T11:07:16.797+0000] {processor.py:161} INFO - Started process (PID=7853) to work on /opt/airflow/dags/load_hour_to_snowflake.py
[2025-09-15T11:07:16.799+0000] {processor.py:830} INFO - Processing file /opt/airflow/dags/load_hour_to_snowflake.py for tasks to queue
[2025-09-15T11:07:16.800+0000] {logging_mixin.py:188} INFO - [2025-09-15T11:07:16.800+0000] {dagbag.py:540} INFO - Filling up the DagBag from /opt/airflow/dags/load_hour_to_snowflake.py
[2025-09-15T11:07:16.823+0000] {processor.py:840} INFO - DAG(s) 'load_hour_to_snowflake' retrieved from /opt/airflow/dags/load_hour_to_snowflake.py
[2025-09-15T11:07:16.857+0000] {logging_mixin.py:188} INFO - [2025-09-15T11:07:16.857+0000] {dag.py:3096} INFO - Sync 1 DAGs
[2025-09-15T11:07:16.872+0000] {logging_mixin.py:188} INFO - [2025-09-15T11:07:16.872+0000] {dag.py:3954} INFO - Setting next_dagrun for load_hour_to_snowflake to None, run_after=None
[2025-09-15T11:07:16.896+0000] {processor.py:183} INFO - Processing /opt/airflow/dags/load_hour_to_snowflake.py took 0.106 seconds
[2025-09-15T11:07:47.307+0000] {processor.py:161} INFO - Started process (PID=7888) to work on /opt/airflow/dags/load_hour_to_snowflake.py
[2025-09-15T11:07:47.312+0000] {processor.py:830} INFO - Processing file /opt/airflow/dags/load_hour_to_snowflake.py for tasks to queue
[2025-09-15T11:07:47.314+0000] {logging_mixin.py:188} INFO - [2025-09-15T11:07:47.313+0000] {dagbag.py:540} INFO - Filling up the DagBag from /opt/airflow/dags/load_hour_to_snowflake.py
[2025-09-15T11:07:47.335+0000] {processor.py:840} INFO - DAG(s) 'load_hour_to_snowflake' retrieved from /opt/airflow/dags/load_hour_to_snowflake.py
[2025-09-15T11:07:47.377+0000] {logging_mixin.py:188} INFO - [2025-09-15T11:07:47.377+0000] {dag.py:3096} INFO - Sync 1 DAGs
[2025-09-15T11:07:47.400+0000] {logging_mixin.py:188} INFO - [2025-09-15T11:07:47.399+0000] {dag.py:3954} INFO - Setting next_dagrun for load_hour_to_snowflake to None, run_after=None
[2025-09-15T11:07:47.426+0000] {processor.py:183} INFO - Processing /opt/airflow/dags/load_hour_to_snowflake.py took 0.142 seconds
[2025-09-15T11:08:17.919+0000] {processor.py:161} INFO - Started process (PID=7923) to work on /opt/airflow/dags/load_hour_to_snowflake.py
[2025-09-15T11:08:17.922+0000] {processor.py:830} INFO - Processing file /opt/airflow/dags/load_hour_to_snowflake.py for tasks to queue
[2025-09-15T11:08:17.924+0000] {logging_mixin.py:188} INFO - [2025-09-15T11:08:17.923+0000] {dagbag.py:540} INFO - Filling up the DagBag from /opt/airflow/dags/load_hour_to_snowflake.py
[2025-09-15T11:08:18.029+0000] {processor.py:840} INFO - DAG(s) 'load_hour_to_snowflake' retrieved from /opt/airflow/dags/load_hour_to_snowflake.py
[2025-09-15T11:08:18.109+0000] {logging_mixin.py:188} INFO - [2025-09-15T11:08:18.108+0000] {dag.py:3096} INFO - Sync 1 DAGs
[2025-09-15T11:08:18.230+0000] {logging_mixin.py:188} INFO - [2025-09-15T11:08:18.229+0000] {dag.py:3954} INFO - Setting next_dagrun for load_hour_to_snowflake to None, run_after=None
[2025-09-15T11:08:18.275+0000] {processor.py:183} INFO - Processing /opt/airflow/dags/load_hour_to_snowflake.py took 0.371 seconds
[2025-09-15T11:08:48.576+0000] {processor.py:161} INFO - Started process (PID=7958) to work on /opt/airflow/dags/load_hour_to_snowflake.py
[2025-09-15T11:08:48.579+0000] {processor.py:830} INFO - Processing file /opt/airflow/dags/load_hour_to_snowflake.py for tasks to queue
[2025-09-15T11:08:48.580+0000] {logging_mixin.py:188} INFO - [2025-09-15T11:08:48.580+0000] {dagbag.py:540} INFO - Filling up the DagBag from /opt/airflow/dags/load_hour_to_snowflake.py
[2025-09-15T11:08:48.719+0000] {processor.py:840} INFO - DAG(s) 'load_hour_to_snowflake' retrieved from /opt/airflow/dags/load_hour_to_snowflake.py
[2025-09-15T11:08:48.954+0000] {logging_mixin.py:188} INFO - [2025-09-15T11:08:48.953+0000] {dag.py:3096} INFO - Sync 1 DAGs
[2025-09-15T11:08:49.050+0000] {logging_mixin.py:188} INFO - [2025-09-15T11:08:49.050+0000] {dag.py:3954} INFO - Setting next_dagrun for load_hour_to_snowflake to None, run_after=None
[2025-09-15T11:08:49.088+0000] {processor.py:183} INFO - Processing /opt/airflow/dags/load_hour_to_snowflake.py took 0.533 seconds
[2025-09-15T11:09:19.772+0000] {processor.py:161} INFO - Started process (PID=8003) to work on /opt/airflow/dags/load_hour_to_snowflake.py
[2025-09-15T11:09:19.774+0000] {processor.py:830} INFO - Processing file /opt/airflow/dags/load_hour_to_snowflake.py for tasks to queue
[2025-09-15T11:09:19.775+0000] {logging_mixin.py:188} INFO - [2025-09-15T11:09:19.774+0000] {dagbag.py:540} INFO - Filling up the DagBag from /opt/airflow/dags/load_hour_to_snowflake.py
[2025-09-15T11:09:19.805+0000] {processor.py:840} INFO - DAG(s) 'load_hour_to_snowflake' retrieved from /opt/airflow/dags/load_hour_to_snowflake.py
[2025-09-15T11:09:19.881+0000] {logging_mixin.py:188} INFO - [2025-09-15T11:09:19.880+0000] {dag.py:3096} INFO - Sync 1 DAGs
[2025-09-15T11:09:19.899+0000] {logging_mixin.py:188} INFO - [2025-09-15T11:09:19.898+0000] {dag.py:3954} INFO - Setting next_dagrun for load_hour_to_snowflake to None, run_after=None
[2025-09-15T11:09:19.945+0000] {processor.py:183} INFO - Processing /opt/airflow/dags/load_hour_to_snowflake.py took 0.184 seconds
[2025-09-15T11:09:50.401+0000] {processor.py:161} INFO - Started process (PID=8038) to work on /opt/airflow/dags/load_hour_to_snowflake.py
[2025-09-15T11:09:50.402+0000] {processor.py:830} INFO - Processing file /opt/airflow/dags/load_hour_to_snowflake.py for tasks to queue
[2025-09-15T11:09:50.403+0000] {logging_mixin.py:188} INFO - [2025-09-15T11:09:50.403+0000] {dagbag.py:540} INFO - Filling up the DagBag from /opt/airflow/dags/load_hour_to_snowflake.py
[2025-09-15T11:09:50.427+0000] {processor.py:840} INFO - DAG(s) 'load_hour_to_snowflake' retrieved from /opt/airflow/dags/load_hour_to_snowflake.py
[2025-09-15T11:09:50.471+0000] {logging_mixin.py:188} INFO - [2025-09-15T11:09:50.471+0000] {dag.py:3096} INFO - Sync 1 DAGs
[2025-09-15T11:09:50.487+0000] {logging_mixin.py:188} INFO - [2025-09-15T11:09:50.487+0000] {dag.py:3954} INFO - Setting next_dagrun for load_hour_to_snowflake to None, run_after=None
[2025-09-15T11:09:50.512+0000] {processor.py:183} INFO - Processing /opt/airflow/dags/load_hour_to_snowflake.py took 0.122 seconds
[2025-09-15T11:10:21.208+0000] {processor.py:161} INFO - Started process (PID=8088) to work on /opt/airflow/dags/load_hour_to_snowflake.py
[2025-09-15T11:10:21.211+0000] {processor.py:830} INFO - Processing file /opt/airflow/dags/load_hour_to_snowflake.py for tasks to queue
[2025-09-15T11:10:21.213+0000] {logging_mixin.py:188} INFO - [2025-09-15T11:10:21.212+0000] {dagbag.py:540} INFO - Filling up the DagBag from /opt/airflow/dags/load_hour_to_snowflake.py
[2025-09-15T11:10:21.258+0000] {processor.py:840} INFO - DAG(s) 'load_hour_to_snowflake' retrieved from /opt/airflow/dags/load_hour_to_snowflake.py
[2025-09-15T11:10:21.336+0000] {logging_mixin.py:188} INFO - [2025-09-15T11:10:21.336+0000] {dag.py:3096} INFO - Sync 1 DAGs
[2025-09-15T11:10:21.373+0000] {logging_mixin.py:188} INFO - [2025-09-15T11:10:21.373+0000] {dag.py:3954} INFO - Setting next_dagrun for load_hour_to_snowflake to None, run_after=None
[2025-09-15T11:10:21.409+0000] {processor.py:183} INFO - Processing /opt/airflow/dags/load_hour_to_snowflake.py took 0.211 seconds
[2025-09-15T11:10:51.696+0000] {processor.py:161} INFO - Started process (PID=8123) to work on /opt/airflow/dags/load_hour_to_snowflake.py
[2025-09-15T11:10:51.697+0000] {processor.py:830} INFO - Processing file /opt/airflow/dags/load_hour_to_snowflake.py for tasks to queue
[2025-09-15T11:10:51.698+0000] {logging_mixin.py:188} INFO - [2025-09-15T11:10:51.698+0000] {dagbag.py:540} INFO - Filling up the DagBag from /opt/airflow/dags/load_hour_to_snowflake.py
[2025-09-15T11:10:51.715+0000] {processor.py:840} INFO - DAG(s) 'load_hour_to_snowflake' retrieved from /opt/airflow/dags/load_hour_to_snowflake.py
[2025-09-15T11:10:51.749+0000] {logging_mixin.py:188} INFO - [2025-09-15T11:10:51.749+0000] {dag.py:3096} INFO - Sync 1 DAGs
[2025-09-15T11:10:51.762+0000] {logging_mixin.py:188} INFO - [2025-09-15T11:10:51.762+0000] {dag.py:3954} INFO - Setting next_dagrun for load_hour_to_snowflake to None, run_after=None
[2025-09-15T11:10:51.784+0000] {processor.py:183} INFO - Processing /opt/airflow/dags/load_hour_to_snowflake.py took 0.093 seconds
[2025-09-15T11:11:22.231+0000] {processor.py:161} INFO - Started process (PID=8158) to work on /opt/airflow/dags/load_hour_to_snowflake.py
[2025-09-15T11:11:22.232+0000] {processor.py:830} INFO - Processing file /opt/airflow/dags/load_hour_to_snowflake.py for tasks to queue
[2025-09-15T11:11:22.233+0000] {logging_mixin.py:188} INFO - [2025-09-15T11:11:22.233+0000] {dagbag.py:540} INFO - Filling up the DagBag from /opt/airflow/dags/load_hour_to_snowflake.py
[2025-09-15T11:11:22.251+0000] {processor.py:840} INFO - DAG(s) 'load_hour_to_snowflake' retrieved from /opt/airflow/dags/load_hour_to_snowflake.py
[2025-09-15T11:11:22.277+0000] {logging_mixin.py:188} INFO - [2025-09-15T11:11:22.277+0000] {dag.py:3096} INFO - Sync 1 DAGs
[2025-09-15T11:11:22.292+0000] {logging_mixin.py:188} INFO - [2025-09-15T11:11:22.291+0000] {dag.py:3954} INFO - Setting next_dagrun for load_hour_to_snowflake to None, run_after=None
[2025-09-15T11:11:22.316+0000] {processor.py:183} INFO - Processing /opt/airflow/dags/load_hour_to_snowflake.py took 0.091 seconds
[2025-09-15T11:11:52.821+0000] {processor.py:161} INFO - Started process (PID=8193) to work on /opt/airflow/dags/load_hour_to_snowflake.py
[2025-09-15T11:11:52.823+0000] {processor.py:830} INFO - Processing file /opt/airflow/dags/load_hour_to_snowflake.py for tasks to queue
[2025-09-15T11:11:52.824+0000] {logging_mixin.py:188} INFO - [2025-09-15T11:11:52.824+0000] {dagbag.py:540} INFO - Filling up the DagBag from /opt/airflow/dags/load_hour_to_snowflake.py
[2025-09-15T11:11:52.846+0000] {processor.py:840} INFO - DAG(s) 'load_hour_to_snowflake' retrieved from /opt/airflow/dags/load_hour_to_snowflake.py
[2025-09-15T11:11:52.883+0000] {logging_mixin.py:188} INFO - [2025-09-15T11:11:52.883+0000] {dag.py:3096} INFO - Sync 1 DAGs
[2025-09-15T11:11:52.898+0000] {logging_mixin.py:188} INFO - [2025-09-15T11:11:52.898+0000] {dag.py:3954} INFO - Setting next_dagrun for load_hour_to_snowflake to None, run_after=None
[2025-09-15T11:11:52.918+0000] {processor.py:183} INFO - Processing /opt/airflow/dags/load_hour_to_snowflake.py took 0.104 seconds
[2025-09-15T11:12:23.501+0000] {processor.py:161} INFO - Started process (PID=8228) to work on /opt/airflow/dags/load_hour_to_snowflake.py
[2025-09-15T11:12:23.503+0000] {processor.py:830} INFO - Processing file /opt/airflow/dags/load_hour_to_snowflake.py for tasks to queue
[2025-09-15T11:12:23.504+0000] {logging_mixin.py:188} INFO - [2025-09-15T11:12:23.503+0000] {dagbag.py:540} INFO - Filling up the DagBag from /opt/airflow/dags/load_hour_to_snowflake.py
[2025-09-15T11:12:23.522+0000] {processor.py:840} INFO - DAG(s) 'load_hour_to_snowflake' retrieved from /opt/airflow/dags/load_hour_to_snowflake.py
[2025-09-15T11:12:23.552+0000] {logging_mixin.py:188} INFO - [2025-09-15T11:12:23.552+0000] {dag.py:3096} INFO - Sync 1 DAGs
[2025-09-15T11:12:23.570+0000] {logging_mixin.py:188} INFO - [2025-09-15T11:12:23.567+0000] {dag.py:3954} INFO - Setting next_dagrun for load_hour_to_snowflake to None, run_after=None
[2025-09-15T11:12:23.594+0000] {processor.py:183} INFO - Processing /opt/airflow/dags/load_hour_to_snowflake.py took 0.099 seconds
[2025-09-15T11:12:53.943+0000] {processor.py:161} INFO - Started process (PID=8263) to work on /opt/airflow/dags/load_hour_to_snowflake.py
[2025-09-15T11:12:53.944+0000] {processor.py:830} INFO - Processing file /opt/airflow/dags/load_hour_to_snowflake.py for tasks to queue
[2025-09-15T11:12:53.945+0000] {logging_mixin.py:188} INFO - [2025-09-15T11:12:53.945+0000] {dagbag.py:540} INFO - Filling up the DagBag from /opt/airflow/dags/load_hour_to_snowflake.py
[2025-09-15T11:12:53.962+0000] {processor.py:840} INFO - DAG(s) 'load_hour_to_snowflake' retrieved from /opt/airflow/dags/load_hour_to_snowflake.py
[2025-09-15T11:12:54.003+0000] {logging_mixin.py:188} INFO - [2025-09-15T11:12:54.002+0000] {dag.py:3096} INFO - Sync 1 DAGs
[2025-09-15T11:12:54.019+0000] {logging_mixin.py:188} INFO - [2025-09-15T11:12:54.018+0000] {dag.py:3954} INFO - Setting next_dagrun for load_hour_to_snowflake to None, run_after=None
[2025-09-15T11:12:54.039+0000] {processor.py:183} INFO - Processing /opt/airflow/dags/load_hour_to_snowflake.py took 0.115 seconds
[2025-09-15T11:13:24.504+0000] {processor.py:161} INFO - Started process (PID=8298) to work on /opt/airflow/dags/load_hour_to_snowflake.py
[2025-09-15T11:13:24.505+0000] {processor.py:830} INFO - Processing file /opt/airflow/dags/load_hour_to_snowflake.py for tasks to queue
[2025-09-15T11:13:24.506+0000] {logging_mixin.py:188} INFO - [2025-09-15T11:13:24.506+0000] {dagbag.py:540} INFO - Filling up the DagBag from /opt/airflow/dags/load_hour_to_snowflake.py
[2025-09-15T11:13:24.523+0000] {processor.py:840} INFO - DAG(s) 'load_hour_to_snowflake' retrieved from /opt/airflow/dags/load_hour_to_snowflake.py
[2025-09-15T11:13:24.557+0000] {logging_mixin.py:188} INFO - [2025-09-15T11:13:24.557+0000] {dag.py:3096} INFO - Sync 1 DAGs
[2025-09-15T11:13:24.570+0000] {logging_mixin.py:188} INFO - [2025-09-15T11:13:24.570+0000] {dag.py:3954} INFO - Setting next_dagrun for load_hour_to_snowflake to None, run_after=None
[2025-09-15T11:13:24.590+0000] {processor.py:183} INFO - Processing /opt/airflow/dags/load_hour_to_snowflake.py took 0.092 seconds
[2025-09-15T11:13:55.048+0000] {processor.py:161} INFO - Started process (PID=8333) to work on /opt/airflow/dags/load_hour_to_snowflake.py
[2025-09-15T11:13:55.061+0000] {processor.py:830} INFO - Processing file /opt/airflow/dags/load_hour_to_snowflake.py for tasks to queue
[2025-09-15T11:13:55.063+0000] {logging_mixin.py:188} INFO - [2025-09-15T11:13:55.062+0000] {dagbag.py:540} INFO - Filling up the DagBag from /opt/airflow/dags/load_hour_to_snowflake.py
[2025-09-15T11:13:55.161+0000] {processor.py:840} INFO - DAG(s) 'load_hour_to_snowflake' retrieved from /opt/airflow/dags/load_hour_to_snowflake.py
[2025-09-15T11:13:55.289+0000] {logging_mixin.py:188} INFO - [2025-09-15T11:13:55.288+0000] {dag.py:3096} INFO - Sync 1 DAGs
[2025-09-15T11:13:55.320+0000] {logging_mixin.py:188} INFO - [2025-09-15T11:13:55.320+0000] {dag.py:3954} INFO - Setting next_dagrun for load_hour_to_snowflake to None, run_after=None
[2025-09-15T11:13:55.392+0000] {processor.py:183} INFO - Processing /opt/airflow/dags/load_hour_to_snowflake.py took 0.360 seconds
[2025-09-15T11:14:25.529+0000] {processor.py:161} INFO - Started process (PID=8368) to work on /opt/airflow/dags/load_hour_to_snowflake.py
[2025-09-15T11:14:25.531+0000] {processor.py:830} INFO - Processing file /opt/airflow/dags/load_hour_to_snowflake.py for tasks to queue
[2025-09-15T11:14:25.532+0000] {logging_mixin.py:188} INFO - [2025-09-15T11:14:25.532+0000] {dagbag.py:540} INFO - Filling up the DagBag from /opt/airflow/dags/load_hour_to_snowflake.py
[2025-09-15T11:14:25.557+0000] {processor.py:840} INFO - DAG(s) 'load_hour_to_snowflake' retrieved from /opt/airflow/dags/load_hour_to_snowflake.py
[2025-09-15T11:14:25.592+0000] {logging_mixin.py:188} INFO - [2025-09-15T11:14:25.591+0000] {dag.py:3096} INFO - Sync 1 DAGs
[2025-09-15T11:14:25.607+0000] {logging_mixin.py:188} INFO - [2025-09-15T11:14:25.607+0000] {dag.py:3954} INFO - Setting next_dagrun for load_hour_to_snowflake to None, run_after=None
[2025-09-15T11:14:25.630+0000] {processor.py:183} INFO - Processing /opt/airflow/dags/load_hour_to_snowflake.py took 0.108 seconds
[2025-09-15T11:14:56.107+0000] {processor.py:161} INFO - Started process (PID=8403) to work on /opt/airflow/dags/load_hour_to_snowflake.py
[2025-09-15T11:14:56.109+0000] {processor.py:830} INFO - Processing file /opt/airflow/dags/load_hour_to_snowflake.py for tasks to queue
[2025-09-15T11:14:56.111+0000] {logging_mixin.py:188} INFO - [2025-09-15T11:14:56.110+0000] {dagbag.py:540} INFO - Filling up the DagBag from /opt/airflow/dags/load_hour_to_snowflake.py
[2025-09-15T11:14:56.140+0000] {processor.py:840} INFO - DAG(s) 'load_hour_to_snowflake' retrieved from /opt/airflow/dags/load_hour_to_snowflake.py
[2025-09-15T11:14:56.193+0000] {logging_mixin.py:188} INFO - [2025-09-15T11:14:56.193+0000] {dag.py:3096} INFO - Sync 1 DAGs
[2025-09-15T11:14:56.216+0000] {logging_mixin.py:188} INFO - [2025-09-15T11:14:56.216+0000] {dag.py:3954} INFO - Setting next_dagrun for load_hour_to_snowflake to None, run_after=None
[2025-09-15T11:14:56.263+0000] {processor.py:183} INFO - Processing /opt/airflow/dags/load_hour_to_snowflake.py took 0.169 seconds
[2025-09-15T11:15:26.570+0000] {processor.py:161} INFO - Started process (PID=8438) to work on /opt/airflow/dags/load_hour_to_snowflake.py
[2025-09-15T11:15:26.574+0000] {processor.py:830} INFO - Processing file /opt/airflow/dags/load_hour_to_snowflake.py for tasks to queue
[2025-09-15T11:15:26.577+0000] {logging_mixin.py:188} INFO - [2025-09-15T11:15:26.576+0000] {dagbag.py:540} INFO - Filling up the DagBag from /opt/airflow/dags/load_hour_to_snowflake.py
[2025-09-15T11:15:26.624+0000] {processor.py:840} INFO - DAG(s) 'load_hour_to_snowflake' retrieved from /opt/airflow/dags/load_hour_to_snowflake.py
[2025-09-15T11:15:26.684+0000] {logging_mixin.py:188} INFO - [2025-09-15T11:15:26.683+0000] {dag.py:3096} INFO - Sync 1 DAGs
[2025-09-15T11:15:26.809+0000] {logging_mixin.py:188} INFO - [2025-09-15T11:15:26.808+0000] {dag.py:3954} INFO - Setting next_dagrun for load_hour_to_snowflake to None, run_after=None
[2025-09-15T11:15:26.869+0000] {processor.py:183} INFO - Processing /opt/airflow/dags/load_hour_to_snowflake.py took 0.315 seconds
[2025-09-15T11:15:57.453+0000] {processor.py:161} INFO - Started process (PID=8473) to work on /opt/airflow/dags/load_hour_to_snowflake.py
[2025-09-15T11:15:57.454+0000] {processor.py:830} INFO - Processing file /opt/airflow/dags/load_hour_to_snowflake.py for tasks to queue
[2025-09-15T11:15:57.455+0000] {logging_mixin.py:188} INFO - [2025-09-15T11:15:57.455+0000] {dagbag.py:540} INFO - Filling up the DagBag from /opt/airflow/dags/load_hour_to_snowflake.py
[2025-09-15T11:15:57.480+0000] {processor.py:840} INFO - DAG(s) 'load_hour_to_snowflake' retrieved from /opt/airflow/dags/load_hour_to_snowflake.py
[2025-09-15T11:15:57.513+0000] {logging_mixin.py:188} INFO - [2025-09-15T11:15:57.513+0000] {dag.py:3096} INFO - Sync 1 DAGs
[2025-09-15T11:15:57.527+0000] {logging_mixin.py:188} INFO - [2025-09-15T11:15:57.527+0000] {dag.py:3954} INFO - Setting next_dagrun for load_hour_to_snowflake to None, run_after=None
[2025-09-15T11:15:57.549+0000] {processor.py:183} INFO - Processing /opt/airflow/dags/load_hour_to_snowflake.py took 0.105 seconds
[2025-09-15T11:16:28.180+0000] {processor.py:161} INFO - Started process (PID=8508) to work on /opt/airflow/dags/load_hour_to_snowflake.py
[2025-09-15T11:16:28.181+0000] {processor.py:830} INFO - Processing file /opt/airflow/dags/load_hour_to_snowflake.py for tasks to queue
[2025-09-15T11:16:28.182+0000] {logging_mixin.py:188} INFO - [2025-09-15T11:16:28.182+0000] {dagbag.py:540} INFO - Filling up the DagBag from /opt/airflow/dags/load_hour_to_snowflake.py
[2025-09-15T11:16:28.203+0000] {processor.py:840} INFO - DAG(s) 'load_hour_to_snowflake' retrieved from /opt/airflow/dags/load_hour_to_snowflake.py
[2025-09-15T11:16:28.236+0000] {logging_mixin.py:188} INFO - [2025-09-15T11:16:28.236+0000] {dag.py:3096} INFO - Sync 1 DAGs
[2025-09-15T11:16:28.253+0000] {logging_mixin.py:188} INFO - [2025-09-15T11:16:28.252+0000] {dag.py:3954} INFO - Setting next_dagrun for load_hour_to_snowflake to None, run_after=None
[2025-09-15T11:16:28.279+0000] {processor.py:183} INFO - Processing /opt/airflow/dags/load_hour_to_snowflake.py took 0.105 seconds
[2025-09-15T11:16:58.944+0000] {processor.py:161} INFO - Started process (PID=8543) to work on /opt/airflow/dags/load_hour_to_snowflake.py
[2025-09-15T11:16:58.949+0000] {processor.py:830} INFO - Processing file /opt/airflow/dags/load_hour_to_snowflake.py for tasks to queue
[2025-09-15T11:16:58.950+0000] {logging_mixin.py:188} INFO - [2025-09-15T11:16:58.950+0000] {dagbag.py:540} INFO - Filling up the DagBag from /opt/airflow/dags/load_hour_to_snowflake.py
[2025-09-15T11:16:58.970+0000] {processor.py:840} INFO - DAG(s) 'load_hour_to_snowflake' retrieved from /opt/airflow/dags/load_hour_to_snowflake.py
[2025-09-15T11:16:59.010+0000] {logging_mixin.py:188} INFO - [2025-09-15T11:16:59.010+0000] {dag.py:3096} INFO - Sync 1 DAGs
[2025-09-15T11:16:59.030+0000] {logging_mixin.py:188} INFO - [2025-09-15T11:16:59.029+0000] {dag.py:3954} INFO - Setting next_dagrun for load_hour_to_snowflake to None, run_after=None
[2025-09-15T11:16:59.057+0000] {processor.py:183} INFO - Processing /opt/airflow/dags/load_hour_to_snowflake.py took 0.119 seconds
[2025-09-15T11:17:29.609+0000] {processor.py:161} INFO - Started process (PID=8578) to work on /opt/airflow/dags/load_hour_to_snowflake.py
[2025-09-15T11:17:29.611+0000] {processor.py:830} INFO - Processing file /opt/airflow/dags/load_hour_to_snowflake.py for tasks to queue
[2025-09-15T11:17:29.612+0000] {logging_mixin.py:188} INFO - [2025-09-15T11:17:29.611+0000] {dagbag.py:540} INFO - Filling up the DagBag from /opt/airflow/dags/load_hour_to_snowflake.py
[2025-09-15T11:17:29.631+0000] {processor.py:840} INFO - DAG(s) 'load_hour_to_snowflake' retrieved from /opt/airflow/dags/load_hour_to_snowflake.py
[2025-09-15T11:17:29.663+0000] {logging_mixin.py:188} INFO - [2025-09-15T11:17:29.663+0000] {dag.py:3096} INFO - Sync 1 DAGs
[2025-09-15T11:17:29.676+0000] {logging_mixin.py:188} INFO - [2025-09-15T11:17:29.676+0000] {dag.py:3954} INFO - Setting next_dagrun for load_hour_to_snowflake to None, run_after=None
[2025-09-15T11:17:29.699+0000] {processor.py:183} INFO - Processing /opt/airflow/dags/load_hour_to_snowflake.py took 0.095 seconds
[2025-09-15T11:18:00.169+0000] {processor.py:161} INFO - Started process (PID=8613) to work on /opt/airflow/dags/load_hour_to_snowflake.py
[2025-09-15T11:18:00.170+0000] {processor.py:830} INFO - Processing file /opt/airflow/dags/load_hour_to_snowflake.py for tasks to queue
[2025-09-15T11:18:00.171+0000] {logging_mixin.py:188} INFO - [2025-09-15T11:18:00.171+0000] {dagbag.py:540} INFO - Filling up the DagBag from /opt/airflow/dags/load_hour_to_snowflake.py
[2025-09-15T11:18:00.194+0000] {processor.py:840} INFO - DAG(s) 'load_hour_to_snowflake' retrieved from /opt/airflow/dags/load_hour_to_snowflake.py
[2025-09-15T11:18:00.226+0000] {logging_mixin.py:188} INFO - [2025-09-15T11:18:00.226+0000] {dag.py:3096} INFO - Sync 1 DAGs
[2025-09-15T11:18:00.242+0000] {logging_mixin.py:188} INFO - [2025-09-15T11:18:00.242+0000] {dag.py:3954} INFO - Setting next_dagrun for load_hour_to_snowflake to None, run_after=None
[2025-09-15T11:18:00.264+0000] {processor.py:183} INFO - Processing /opt/airflow/dags/load_hour_to_snowflake.py took 0.105 seconds
[2025-09-15T11:18:30.696+0000] {processor.py:161} INFO - Started process (PID=8648) to work on /opt/airflow/dags/load_hour_to_snowflake.py
[2025-09-15T11:18:30.697+0000] {processor.py:830} INFO - Processing file /opt/airflow/dags/load_hour_to_snowflake.py for tasks to queue
[2025-09-15T11:18:30.698+0000] {logging_mixin.py:188} INFO - [2025-09-15T11:18:30.698+0000] {dagbag.py:540} INFO - Filling up the DagBag from /opt/airflow/dags/load_hour_to_snowflake.py
[2025-09-15T11:18:30.721+0000] {processor.py:840} INFO - DAG(s) 'load_hour_to_snowflake' retrieved from /opt/airflow/dags/load_hour_to_snowflake.py
[2025-09-15T11:18:30.753+0000] {logging_mixin.py:188} INFO - [2025-09-15T11:18:30.752+0000] {dag.py:3096} INFO - Sync 1 DAGs
[2025-09-15T11:18:30.768+0000] {logging_mixin.py:188} INFO - [2025-09-15T11:18:30.767+0000] {dag.py:3954} INFO - Setting next_dagrun for load_hour_to_snowflake to None, run_after=None
[2025-09-15T11:18:30.788+0000] {processor.py:183} INFO - Processing /opt/airflow/dags/load_hour_to_snowflake.py took 0.100 seconds
[2025-09-15T11:19:01.275+0000] {processor.py:161} INFO - Started process (PID=8683) to work on /opt/airflow/dags/load_hour_to_snowflake.py
[2025-09-15T11:19:01.276+0000] {processor.py:830} INFO - Processing file /opt/airflow/dags/load_hour_to_snowflake.py for tasks to queue
[2025-09-15T11:19:01.277+0000] {logging_mixin.py:188} INFO - [2025-09-15T11:19:01.277+0000] {dagbag.py:540} INFO - Filling up the DagBag from /opt/airflow/dags/load_hour_to_snowflake.py
[2025-09-15T11:19:01.298+0000] {processor.py:840} INFO - DAG(s) 'load_hour_to_snowflake' retrieved from /opt/airflow/dags/load_hour_to_snowflake.py
[2025-09-15T11:19:01.332+0000] {logging_mixin.py:188} INFO - [2025-09-15T11:19:01.331+0000] {dag.py:3096} INFO - Sync 1 DAGs
[2025-09-15T11:19:01.346+0000] {logging_mixin.py:188} INFO - [2025-09-15T11:19:01.346+0000] {dag.py:3954} INFO - Setting next_dagrun for load_hour_to_snowflake to None, run_after=None
[2025-09-15T11:19:01.369+0000] {processor.py:183} INFO - Processing /opt/airflow/dags/load_hour_to_snowflake.py took 0.100 seconds
[2025-09-15T11:19:31.705+0000] {processor.py:161} INFO - Started process (PID=8718) to work on /opt/airflow/dags/load_hour_to_snowflake.py
[2025-09-15T11:19:31.706+0000] {processor.py:830} INFO - Processing file /opt/airflow/dags/load_hour_to_snowflake.py for tasks to queue
[2025-09-15T11:19:31.707+0000] {logging_mixin.py:188} INFO - [2025-09-15T11:19:31.707+0000] {dagbag.py:540} INFO - Filling up the DagBag from /opt/airflow/dags/load_hour_to_snowflake.py
[2025-09-15T11:19:31.729+0000] {processor.py:840} INFO - DAG(s) 'load_hour_to_snowflake' retrieved from /opt/airflow/dags/load_hour_to_snowflake.py
[2025-09-15T11:19:31.762+0000] {logging_mixin.py:188} INFO - [2025-09-15T11:19:31.762+0000] {dag.py:3096} INFO - Sync 1 DAGs
[2025-09-15T11:19:31.777+0000] {logging_mixin.py:188} INFO - [2025-09-15T11:19:31.777+0000] {dag.py:3954} INFO - Setting next_dagrun for load_hour_to_snowflake to None, run_after=None
[2025-09-15T11:19:31.800+0000] {processor.py:183} INFO - Processing /opt/airflow/dags/load_hour_to_snowflake.py took 0.104 seconds
[2025-09-15T11:20:02.312+0000] {processor.py:161} INFO - Started process (PID=8753) to work on /opt/airflow/dags/load_hour_to_snowflake.py
[2025-09-15T11:20:02.314+0000] {processor.py:830} INFO - Processing file /opt/airflow/dags/load_hour_to_snowflake.py for tasks to queue
[2025-09-15T11:20:02.315+0000] {logging_mixin.py:188} INFO - [2025-09-15T11:20:02.315+0000] {dagbag.py:540} INFO - Filling up the DagBag from /opt/airflow/dags/load_hour_to_snowflake.py
[2025-09-15T11:20:02.336+0000] {processor.py:840} INFO - DAG(s) 'load_hour_to_snowflake' retrieved from /opt/airflow/dags/load_hour_to_snowflake.py
[2025-09-15T11:20:02.373+0000] {logging_mixin.py:188} INFO - [2025-09-15T11:20:02.372+0000] {dag.py:3096} INFO - Sync 1 DAGs
[2025-09-15T11:20:02.389+0000] {logging_mixin.py:188} INFO - [2025-09-15T11:20:02.389+0000] {dag.py:3954} INFO - Setting next_dagrun for load_hour_to_snowflake to None, run_after=None
[2025-09-15T11:20:02.431+0000] {processor.py:183} INFO - Processing /opt/airflow/dags/load_hour_to_snowflake.py took 0.124 seconds
[2025-09-15T11:20:32.936+0000] {processor.py:161} INFO - Started process (PID=8788) to work on /opt/airflow/dags/load_hour_to_snowflake.py
[2025-09-15T11:20:32.937+0000] {processor.py:830} INFO - Processing file /opt/airflow/dags/load_hour_to_snowflake.py for tasks to queue
[2025-09-15T11:20:32.938+0000] {logging_mixin.py:188} INFO - [2025-09-15T11:20:32.938+0000] {dagbag.py:540} INFO - Filling up the DagBag from /opt/airflow/dags/load_hour_to_snowflake.py
[2025-09-15T11:20:32.957+0000] {processor.py:840} INFO - DAG(s) 'load_hour_to_snowflake' retrieved from /opt/airflow/dags/load_hour_to_snowflake.py
[2025-09-15T11:20:32.993+0000] {logging_mixin.py:188} INFO - [2025-09-15T11:20:32.992+0000] {dag.py:3096} INFO - Sync 1 DAGs
[2025-09-15T11:20:33.007+0000] {logging_mixin.py:188} INFO - [2025-09-15T11:20:33.007+0000] {dag.py:3954} INFO - Setting next_dagrun for load_hour_to_snowflake to None, run_after=None
[2025-09-15T11:20:33.033+0000] {processor.py:183} INFO - Processing /opt/airflow/dags/load_hour_to_snowflake.py took 0.103 seconds
[2025-09-15T11:21:03.434+0000] {processor.py:161} INFO - Started process (PID=8823) to work on /opt/airflow/dags/load_hour_to_snowflake.py
[2025-09-15T11:21:03.435+0000] {processor.py:830} INFO - Processing file /opt/airflow/dags/load_hour_to_snowflake.py for tasks to queue
[2025-09-15T11:21:03.436+0000] {logging_mixin.py:188} INFO - [2025-09-15T11:21:03.435+0000] {dagbag.py:540} INFO - Filling up the DagBag from /opt/airflow/dags/load_hour_to_snowflake.py
[2025-09-15T11:21:03.453+0000] {processor.py:840} INFO - DAG(s) 'load_hour_to_snowflake' retrieved from /opt/airflow/dags/load_hour_to_snowflake.py
[2025-09-15T11:21:03.482+0000] {logging_mixin.py:188} INFO - [2025-09-15T11:21:03.481+0000] {dag.py:3096} INFO - Sync 1 DAGs
[2025-09-15T11:21:03.494+0000] {logging_mixin.py:188} INFO - [2025-09-15T11:21:03.494+0000] {dag.py:3954} INFO - Setting next_dagrun for load_hour_to_snowflake to None, run_after=None
[2025-09-15T11:21:03.514+0000] {processor.py:183} INFO - Processing /opt/airflow/dags/load_hour_to_snowflake.py took 0.085 seconds
[2025-09-15T11:21:33.919+0000] {processor.py:161} INFO - Started process (PID=8858) to work on /opt/airflow/dags/load_hour_to_snowflake.py
[2025-09-15T11:21:33.920+0000] {processor.py:830} INFO - Processing file /opt/airflow/dags/load_hour_to_snowflake.py for tasks to queue
[2025-09-15T11:21:33.922+0000] {logging_mixin.py:188} INFO - [2025-09-15T11:21:33.921+0000] {dagbag.py:540} INFO - Filling up the DagBag from /opt/airflow/dags/load_hour_to_snowflake.py
[2025-09-15T11:21:33.942+0000] {processor.py:840} INFO - DAG(s) 'load_hour_to_snowflake' retrieved from /opt/airflow/dags/load_hour_to_snowflake.py
[2025-09-15T11:21:33.977+0000] {logging_mixin.py:188} INFO - [2025-09-15T11:21:33.977+0000] {dag.py:3096} INFO - Sync 1 DAGs
[2025-09-15T11:21:33.991+0000] {logging_mixin.py:188} INFO - [2025-09-15T11:21:33.991+0000] {dag.py:3954} INFO - Setting next_dagrun for load_hour_to_snowflake to None, run_after=None
[2025-09-15T11:21:34.014+0000] {processor.py:183} INFO - Processing /opt/airflow/dags/load_hour_to_snowflake.py took 0.103 seconds
[2025-09-15T11:22:04.698+0000] {processor.py:161} INFO - Started process (PID=8893) to work on /opt/airflow/dags/load_hour_to_snowflake.py
[2025-09-15T11:22:04.701+0000] {processor.py:830} INFO - Processing file /opt/airflow/dags/load_hour_to_snowflake.py for tasks to queue
[2025-09-15T11:22:04.702+0000] {logging_mixin.py:188} INFO - [2025-09-15T11:22:04.702+0000] {dagbag.py:540} INFO - Filling up the DagBag from /opt/airflow/dags/load_hour_to_snowflake.py
[2025-09-15T11:22:04.727+0000] {processor.py:840} INFO - DAG(s) 'load_hour_to_snowflake' retrieved from /opt/airflow/dags/load_hour_to_snowflake.py
[2025-09-15T11:22:04.824+0000] {logging_mixin.py:188} INFO - [2025-09-15T11:22:04.824+0000] {dag.py:3096} INFO - Sync 1 DAGs
[2025-09-15T11:22:04.877+0000] {logging_mixin.py:188} INFO - [2025-09-15T11:22:04.874+0000] {dag.py:3954} INFO - Setting next_dagrun for load_hour_to_snowflake to None, run_after=None
[2025-09-15T11:22:04.930+0000] {processor.py:183} INFO - Processing /opt/airflow/dags/load_hour_to_snowflake.py took 0.242 seconds
[2025-09-15T11:22:35.920+0000] {processor.py:161} INFO - Started process (PID=8928) to work on /opt/airflow/dags/load_hour_to_snowflake.py
[2025-09-15T11:22:35.921+0000] {processor.py:830} INFO - Processing file /opt/airflow/dags/load_hour_to_snowflake.py for tasks to queue
[2025-09-15T11:22:35.922+0000] {logging_mixin.py:188} INFO - [2025-09-15T11:22:35.922+0000] {dagbag.py:540} INFO - Filling up the DagBag from /opt/airflow/dags/load_hour_to_snowflake.py
[2025-09-15T11:22:35.942+0000] {processor.py:840} INFO - DAG(s) 'load_hour_to_snowflake' retrieved from /opt/airflow/dags/load_hour_to_snowflake.py
[2025-09-15T11:22:35.983+0000] {logging_mixin.py:188} INFO - [2025-09-15T11:22:35.983+0000] {dag.py:3096} INFO - Sync 1 DAGs
[2025-09-15T11:22:35.996+0000] {logging_mixin.py:188} INFO - [2025-09-15T11:22:35.996+0000] {dag.py:3954} INFO - Setting next_dagrun for load_hour_to_snowflake to None, run_after=None
[2025-09-15T11:22:36.031+0000] {processor.py:183} INFO - Processing /opt/airflow/dags/load_hour_to_snowflake.py took 0.117 seconds
[2025-09-15T11:23:06.574+0000] {processor.py:161} INFO - Started process (PID=8963) to work on /opt/airflow/dags/load_hour_to_snowflake.py
[2025-09-15T11:23:06.575+0000] {processor.py:830} INFO - Processing file /opt/airflow/dags/load_hour_to_snowflake.py for tasks to queue
[2025-09-15T11:23:06.576+0000] {logging_mixin.py:188} INFO - [2025-09-15T11:23:06.576+0000] {dagbag.py:540} INFO - Filling up the DagBag from /opt/airflow/dags/load_hour_to_snowflake.py
[2025-09-15T11:23:06.596+0000] {processor.py:840} INFO - DAG(s) 'load_hour_to_snowflake' retrieved from /opt/airflow/dags/load_hour_to_snowflake.py
[2025-09-15T11:23:06.624+0000] {logging_mixin.py:188} INFO - [2025-09-15T11:23:06.624+0000] {dag.py:3096} INFO - Sync 1 DAGs
[2025-09-15T11:23:06.639+0000] {logging_mixin.py:188} INFO - [2025-09-15T11:23:06.639+0000] {dag.py:3954} INFO - Setting next_dagrun for load_hour_to_snowflake to None, run_after=None
[2025-09-15T11:23:06.659+0000] {processor.py:183} INFO - Processing /opt/airflow/dags/load_hour_to_snowflake.py took 0.091 seconds
[2025-09-15T11:23:37.104+0000] {processor.py:161} INFO - Started process (PID=8998) to work on /opt/airflow/dags/load_hour_to_snowflake.py
[2025-09-15T11:23:37.106+0000] {processor.py:830} INFO - Processing file /opt/airflow/dags/load_hour_to_snowflake.py for tasks to queue
[2025-09-15T11:23:37.107+0000] {logging_mixin.py:188} INFO - [2025-09-15T11:23:37.106+0000] {dagbag.py:540} INFO - Filling up the DagBag from /opt/airflow/dags/load_hour_to_snowflake.py
[2025-09-15T11:23:37.125+0000] {processor.py:840} INFO - DAG(s) 'load_hour_to_snowflake' retrieved from /opt/airflow/dags/load_hour_to_snowflake.py
[2025-09-15T11:23:37.156+0000] {logging_mixin.py:188} INFO - [2025-09-15T11:23:37.155+0000] {dag.py:3096} INFO - Sync 1 DAGs
[2025-09-15T11:23:37.169+0000] {logging_mixin.py:188} INFO - [2025-09-15T11:23:37.168+0000] {dag.py:3954} INFO - Setting next_dagrun for load_hour_to_snowflake to None, run_after=None
[2025-09-15T11:23:37.190+0000] {processor.py:183} INFO - Processing /opt/airflow/dags/load_hour_to_snowflake.py took 0.093 seconds
[2025-09-15T11:24:07.576+0000] {processor.py:161} INFO - Started process (PID=9033) to work on /opt/airflow/dags/load_hour_to_snowflake.py
[2025-09-15T11:24:07.577+0000] {processor.py:830} INFO - Processing file /opt/airflow/dags/load_hour_to_snowflake.py for tasks to queue
[2025-09-15T11:24:07.577+0000] {logging_mixin.py:188} INFO - [2025-09-15T11:24:07.577+0000] {dagbag.py:540} INFO - Filling up the DagBag from /opt/airflow/dags/load_hour_to_snowflake.py
[2025-09-15T11:24:07.595+0000] {processor.py:840} INFO - DAG(s) 'load_hour_to_snowflake' retrieved from /opt/airflow/dags/load_hour_to_snowflake.py
[2025-09-15T11:24:07.623+0000] {logging_mixin.py:188} INFO - [2025-09-15T11:24:07.623+0000] {dag.py:3096} INFO - Sync 1 DAGs
[2025-09-15T11:24:07.636+0000] {logging_mixin.py:188} INFO - [2025-09-15T11:24:07.635+0000] {dag.py:3954} INFO - Setting next_dagrun for load_hour_to_snowflake to None, run_after=None
[2025-09-15T11:24:07.667+0000] {processor.py:183} INFO - Processing /opt/airflow/dags/load_hour_to_snowflake.py took 0.098 seconds
[2025-09-15T11:24:38.073+0000] {processor.py:161} INFO - Started process (PID=9068) to work on /opt/airflow/dags/load_hour_to_snowflake.py
[2025-09-15T11:24:38.074+0000] {processor.py:830} INFO - Processing file /opt/airflow/dags/load_hour_to_snowflake.py for tasks to queue
[2025-09-15T11:24:38.075+0000] {logging_mixin.py:188} INFO - [2025-09-15T11:24:38.074+0000] {dagbag.py:540} INFO - Filling up the DagBag from /opt/airflow/dags/load_hour_to_snowflake.py
[2025-09-15T11:24:38.091+0000] {processor.py:840} INFO - DAG(s) 'load_hour_to_snowflake' retrieved from /opt/airflow/dags/load_hour_to_snowflake.py
[2025-09-15T11:24:38.119+0000] {logging_mixin.py:188} INFO - [2025-09-15T11:24:38.119+0000] {dag.py:3096} INFO - Sync 1 DAGs
[2025-09-15T11:24:38.132+0000] {logging_mixin.py:188} INFO - [2025-09-15T11:24:38.131+0000] {dag.py:3954} INFO - Setting next_dagrun for load_hour_to_snowflake to None, run_after=None
[2025-09-15T11:24:38.154+0000] {processor.py:183} INFO - Processing /opt/airflow/dags/load_hour_to_snowflake.py took 0.088 seconds
[2025-09-15T11:25:08.561+0000] {processor.py:161} INFO - Started process (PID=9103) to work on /opt/airflow/dags/load_hour_to_snowflake.py
[2025-09-15T11:25:08.563+0000] {processor.py:830} INFO - Processing file /opt/airflow/dags/load_hour_to_snowflake.py for tasks to queue
[2025-09-15T11:25:08.565+0000] {logging_mixin.py:188} INFO - [2025-09-15T11:25:08.564+0000] {dagbag.py:540} INFO - Filling up the DagBag from /opt/airflow/dags/load_hour_to_snowflake.py
[2025-09-15T11:25:08.590+0000] {processor.py:840} INFO - DAG(s) 'load_hour_to_snowflake' retrieved from /opt/airflow/dags/load_hour_to_snowflake.py
[2025-09-15T11:25:08.632+0000] {logging_mixin.py:188} INFO - [2025-09-15T11:25:08.632+0000] {dag.py:3096} INFO - Sync 1 DAGs
[2025-09-15T11:25:08.648+0000] {logging_mixin.py:188} INFO - [2025-09-15T11:25:08.648+0000] {dag.py:3954} INFO - Setting next_dagrun for load_hour_to_snowflake to None, run_after=None
[2025-09-15T11:25:08.673+0000] {processor.py:183} INFO - Processing /opt/airflow/dags/load_hour_to_snowflake.py took 0.130 seconds
[2025-09-15T11:25:39.248+0000] {processor.py:161} INFO - Started process (PID=9138) to work on /opt/airflow/dags/load_hour_to_snowflake.py
[2025-09-15T11:25:39.250+0000] {processor.py:830} INFO - Processing file /opt/airflow/dags/load_hour_to_snowflake.py for tasks to queue
[2025-09-15T11:25:39.250+0000] {logging_mixin.py:188} INFO - [2025-09-15T11:25:39.250+0000] {dagbag.py:540} INFO - Filling up the DagBag from /opt/airflow/dags/load_hour_to_snowflake.py
[2025-09-15T11:25:39.267+0000] {processor.py:840} INFO - DAG(s) 'load_hour_to_snowflake' retrieved from /opt/airflow/dags/load_hour_to_snowflake.py
[2025-09-15T11:25:39.302+0000] {logging_mixin.py:188} INFO - [2025-09-15T11:25:39.296+0000] {dag.py:3096} INFO - Sync 1 DAGs
[2025-09-15T11:25:39.316+0000] {logging_mixin.py:188} INFO - [2025-09-15T11:25:39.316+0000] {dag.py:3954} INFO - Setting next_dagrun for load_hour_to_snowflake to None, run_after=None
[2025-09-15T11:25:39.341+0000] {processor.py:183} INFO - Processing /opt/airflow/dags/load_hour_to_snowflake.py took 0.099 seconds
[2025-09-15T11:26:09.601+0000] {processor.py:161} INFO - Started process (PID=9173) to work on /opt/airflow/dags/load_hour_to_snowflake.py
[2025-09-15T11:26:09.602+0000] {processor.py:830} INFO - Processing file /opt/airflow/dags/load_hour_to_snowflake.py for tasks to queue
[2025-09-15T11:26:09.603+0000] {logging_mixin.py:188} INFO - [2025-09-15T11:26:09.603+0000] {dagbag.py:540} INFO - Filling up the DagBag from /opt/airflow/dags/load_hour_to_snowflake.py
[2025-09-15T11:26:09.625+0000] {processor.py:840} INFO - DAG(s) 'load_hour_to_snowflake' retrieved from /opt/airflow/dags/load_hour_to_snowflake.py
[2025-09-15T11:26:09.654+0000] {logging_mixin.py:188} INFO - [2025-09-15T11:26:09.654+0000] {dag.py:3096} INFO - Sync 1 DAGs
[2025-09-15T11:26:09.667+0000] {logging_mixin.py:188} INFO - [2025-09-15T11:26:09.667+0000] {dag.py:3954} INFO - Setting next_dagrun for load_hour_to_snowflake to None, run_after=None
[2025-09-15T11:26:09.688+0000] {processor.py:183} INFO - Processing /opt/airflow/dags/load_hour_to_snowflake.py took 0.093 seconds
[2025-09-15T11:26:40.199+0000] {processor.py:161} INFO - Started process (PID=9208) to work on /opt/airflow/dags/load_hour_to_snowflake.py
[2025-09-15T11:26:40.201+0000] {processor.py:830} INFO - Processing file /opt/airflow/dags/load_hour_to_snowflake.py for tasks to queue
[2025-09-15T11:26:40.202+0000] {logging_mixin.py:188} INFO - [2025-09-15T11:26:40.201+0000] {dagbag.py:540} INFO - Filling up the DagBag from /opt/airflow/dags/load_hour_to_snowflake.py
[2025-09-15T11:26:40.223+0000] {processor.py:840} INFO - DAG(s) 'load_hour_to_snowflake' retrieved from /opt/airflow/dags/load_hour_to_snowflake.py
[2025-09-15T11:26:40.256+0000] {logging_mixin.py:188} INFO - [2025-09-15T11:26:40.256+0000] {dag.py:3096} INFO - Sync 1 DAGs
[2025-09-15T11:26:40.270+0000] {logging_mixin.py:188} INFO - [2025-09-15T11:26:40.270+0000] {dag.py:3954} INFO - Setting next_dagrun for load_hour_to_snowflake to None, run_after=None
[2025-09-15T11:26:40.302+0000] {processor.py:183} INFO - Processing /opt/airflow/dags/load_hour_to_snowflake.py took 0.110 seconds
[2025-09-15T11:27:11.003+0000] {processor.py:161} INFO - Started process (PID=9243) to work on /opt/airflow/dags/load_hour_to_snowflake.py
[2025-09-15T11:27:11.004+0000] {processor.py:830} INFO - Processing file /opt/airflow/dags/load_hour_to_snowflake.py for tasks to queue
[2025-09-15T11:27:11.004+0000] {logging_mixin.py:188} INFO - [2025-09-15T11:27:11.004+0000] {dagbag.py:540} INFO - Filling up the DagBag from /opt/airflow/dags/load_hour_to_snowflake.py
[2025-09-15T11:27:11.023+0000] {processor.py:840} INFO - DAG(s) 'load_hour_to_snowflake' retrieved from /opt/airflow/dags/load_hour_to_snowflake.py
[2025-09-15T11:27:11.052+0000] {logging_mixin.py:188} INFO - [2025-09-15T11:27:11.052+0000] {dag.py:3096} INFO - Sync 1 DAGs
[2025-09-15T11:27:11.065+0000] {logging_mixin.py:188} INFO - [2025-09-15T11:27:11.065+0000] {dag.py:3954} INFO - Setting next_dagrun for load_hour_to_snowflake to None, run_after=None
[2025-09-15T11:27:11.095+0000] {processor.py:183} INFO - Processing /opt/airflow/dags/load_hour_to_snowflake.py took 0.098 seconds
[2025-09-15T11:27:41.599+0000] {processor.py:161} INFO - Started process (PID=9278) to work on /opt/airflow/dags/load_hour_to_snowflake.py
[2025-09-15T11:27:41.601+0000] {processor.py:830} INFO - Processing file /opt/airflow/dags/load_hour_to_snowflake.py for tasks to queue
[2025-09-15T11:27:41.602+0000] {logging_mixin.py:188} INFO - [2025-09-15T11:27:41.601+0000] {dagbag.py:540} INFO - Filling up the DagBag from /opt/airflow/dags/load_hour_to_snowflake.py
[2025-09-15T11:27:41.619+0000] {processor.py:840} INFO - DAG(s) 'load_hour_to_snowflake' retrieved from /opt/airflow/dags/load_hour_to_snowflake.py
[2025-09-15T11:27:41.658+0000] {logging_mixin.py:188} INFO - [2025-09-15T11:27:41.658+0000] {dag.py:3096} INFO - Sync 1 DAGs
[2025-09-15T11:27:41.672+0000] {logging_mixin.py:188} INFO - [2025-09-15T11:27:41.672+0000] {dag.py:3954} INFO - Setting next_dagrun for load_hour_to_snowflake to None, run_after=None
[2025-09-15T11:27:41.700+0000] {processor.py:183} INFO - Processing /opt/airflow/dags/load_hour_to_snowflake.py took 0.106 seconds
[2025-09-15T11:28:12.133+0000] {processor.py:161} INFO - Started process (PID=9313) to work on /opt/airflow/dags/load_hour_to_snowflake.py
[2025-09-15T11:28:12.134+0000] {processor.py:830} INFO - Processing file /opt/airflow/dags/load_hour_to_snowflake.py for tasks to queue
[2025-09-15T11:28:12.135+0000] {logging_mixin.py:188} INFO - [2025-09-15T11:28:12.135+0000] {dagbag.py:540} INFO - Filling up the DagBag from /opt/airflow/dags/load_hour_to_snowflake.py
[2025-09-15T11:28:12.152+0000] {processor.py:840} INFO - DAG(s) 'load_hour_to_snowflake' retrieved from /opt/airflow/dags/load_hour_to_snowflake.py
[2025-09-15T11:28:12.180+0000] {logging_mixin.py:188} INFO - [2025-09-15T11:28:12.180+0000] {dag.py:3096} INFO - Sync 1 DAGs
[2025-09-15T11:28:12.193+0000] {logging_mixin.py:188} INFO - [2025-09-15T11:28:12.193+0000] {dag.py:3954} INFO - Setting next_dagrun for load_hour_to_snowflake to None, run_after=None
[2025-09-15T11:28:12.216+0000] {processor.py:183} INFO - Processing /opt/airflow/dags/load_hour_to_snowflake.py took 0.097 seconds
[2025-09-15T11:28:42.662+0000] {processor.py:161} INFO - Started process (PID=9348) to work on /opt/airflow/dags/load_hour_to_snowflake.py
[2025-09-15T11:28:42.663+0000] {processor.py:830} INFO - Processing file /opt/airflow/dags/load_hour_to_snowflake.py for tasks to queue
[2025-09-15T11:28:42.664+0000] {logging_mixin.py:188} INFO - [2025-09-15T11:28:42.664+0000] {dagbag.py:540} INFO - Filling up the DagBag from /opt/airflow/dags/load_hour_to_snowflake.py
[2025-09-15T11:28:42.682+0000] {processor.py:840} INFO - DAG(s) 'load_hour_to_snowflake' retrieved from /opt/airflow/dags/load_hour_to_snowflake.py
[2025-09-15T11:28:42.717+0000] {logging_mixin.py:188} INFO - [2025-09-15T11:28:42.717+0000] {dag.py:3096} INFO - Sync 1 DAGs
[2025-09-15T11:28:42.730+0000] {logging_mixin.py:188} INFO - [2025-09-15T11:28:42.730+0000] {dag.py:3954} INFO - Setting next_dagrun for load_hour_to_snowflake to None, run_after=None
[2025-09-15T11:28:42.753+0000] {processor.py:183} INFO - Processing /opt/airflow/dags/load_hour_to_snowflake.py took 0.096 seconds
[2025-09-15T11:29:13.062+0000] {processor.py:161} INFO - Started process (PID=9383) to work on /opt/airflow/dags/load_hour_to_snowflake.py
[2025-09-15T11:29:13.063+0000] {processor.py:830} INFO - Processing file /opt/airflow/dags/load_hour_to_snowflake.py for tasks to queue
[2025-09-15T11:29:13.064+0000] {logging_mixin.py:188} INFO - [2025-09-15T11:29:13.063+0000] {dagbag.py:540} INFO - Filling up the DagBag from /opt/airflow/dags/load_hour_to_snowflake.py
[2025-09-15T11:29:13.082+0000] {processor.py:840} INFO - DAG(s) 'load_hour_to_snowflake' retrieved from /opt/airflow/dags/load_hour_to_snowflake.py
[2025-09-15T11:29:13.112+0000] {logging_mixin.py:188} INFO - [2025-09-15T11:29:13.111+0000] {dag.py:3096} INFO - Sync 1 DAGs
[2025-09-15T11:29:13.125+0000] {logging_mixin.py:188} INFO - [2025-09-15T11:29:13.125+0000] {dag.py:3954} INFO - Setting next_dagrun for load_hour_to_snowflake to None, run_after=None
[2025-09-15T11:29:13.155+0000] {processor.py:183} INFO - Processing /opt/airflow/dags/load_hour_to_snowflake.py took 0.102 seconds
[2025-09-15T11:29:43.540+0000] {processor.py:161} INFO - Started process (PID=9418) to work on /opt/airflow/dags/load_hour_to_snowflake.py
[2025-09-15T11:29:43.541+0000] {processor.py:830} INFO - Processing file /opt/airflow/dags/load_hour_to_snowflake.py for tasks to queue
[2025-09-15T11:29:43.542+0000] {logging_mixin.py:188} INFO - [2025-09-15T11:29:43.542+0000] {dagbag.py:540} INFO - Filling up the DagBag from /opt/airflow/dags/load_hour_to_snowflake.py
[2025-09-15T11:29:43.564+0000] {processor.py:840} INFO - DAG(s) 'load_hour_to_snowflake' retrieved from /opt/airflow/dags/load_hour_to_snowflake.py
[2025-09-15T11:29:43.601+0000] {logging_mixin.py:188} INFO - [2025-09-15T11:29:43.600+0000] {dag.py:3096} INFO - Sync 1 DAGs
[2025-09-15T11:29:43.623+0000] {logging_mixin.py:188} INFO - [2025-09-15T11:29:43.622+0000] {dag.py:3954} INFO - Setting next_dagrun for load_hour_to_snowflake to None, run_after=None
[2025-09-15T11:29:43.648+0000] {processor.py:183} INFO - Processing /opt/airflow/dags/load_hour_to_snowflake.py took 0.114 seconds
[2025-09-15T11:30:13.724+0000] {processor.py:161} INFO - Started process (PID=9456) to work on /opt/airflow/dags/load_hour_to_snowflake.py
[2025-09-15T11:30:13.725+0000] {processor.py:830} INFO - Processing file /opt/airflow/dags/load_hour_to_snowflake.py for tasks to queue
[2025-09-15T11:30:13.726+0000] {logging_mixin.py:188} INFO - [2025-09-15T11:30:13.726+0000] {dagbag.py:540} INFO - Filling up the DagBag from /opt/airflow/dags/load_hour_to_snowflake.py
[2025-09-15T11:30:13.744+0000] {processor.py:840} INFO - DAG(s) 'load_hour_to_snowflake' retrieved from /opt/airflow/dags/load_hour_to_snowflake.py
[2025-09-15T11:30:13.781+0000] {logging_mixin.py:188} INFO - [2025-09-15T11:30:13.781+0000] {dag.py:3096} INFO - Sync 1 DAGs
[2025-09-15T11:30:13.795+0000] {logging_mixin.py:188} INFO - [2025-09-15T11:30:13.795+0000] {dag.py:3954} INFO - Setting next_dagrun for load_hour_to_snowflake to None, run_after=None
[2025-09-15T11:30:13.819+0000] {processor.py:183} INFO - Processing /opt/airflow/dags/load_hour_to_snowflake.py took 0.101 seconds
[2025-09-15T11:30:44.112+0000] {processor.py:161} INFO - Started process (PID=9488) to work on /opt/airflow/dags/load_hour_to_snowflake.py
[2025-09-15T11:30:44.113+0000] {processor.py:830} INFO - Processing file /opt/airflow/dags/load_hour_to_snowflake.py for tasks to queue
[2025-09-15T11:30:44.114+0000] {logging_mixin.py:188} INFO - [2025-09-15T11:30:44.114+0000] {dagbag.py:540} INFO - Filling up the DagBag from /opt/airflow/dags/load_hour_to_snowflake.py
[2025-09-15T11:30:44.132+0000] {processor.py:840} INFO - DAG(s) 'load_hour_to_snowflake' retrieved from /opt/airflow/dags/load_hour_to_snowflake.py
[2025-09-15T11:30:44.159+0000] {logging_mixin.py:188} INFO - [2025-09-15T11:30:44.159+0000] {dag.py:3096} INFO - Sync 1 DAGs
[2025-09-15T11:30:44.172+0000] {logging_mixin.py:188} INFO - [2025-09-15T11:30:44.171+0000] {dag.py:3954} INFO - Setting next_dagrun for load_hour_to_snowflake to None, run_after=None
[2025-09-15T11:30:44.197+0000] {processor.py:183} INFO - Processing /opt/airflow/dags/load_hour_to_snowflake.py took 0.091 seconds
[2025-09-15T11:31:14.719+0000] {processor.py:161} INFO - Started process (PID=9523) to work on /opt/airflow/dags/load_hour_to_snowflake.py
[2025-09-15T11:31:14.720+0000] {processor.py:830} INFO - Processing file /opt/airflow/dags/load_hour_to_snowflake.py for tasks to queue
[2025-09-15T11:31:14.721+0000] {logging_mixin.py:188} INFO - [2025-09-15T11:31:14.720+0000] {dagbag.py:540} INFO - Filling up the DagBag from /opt/airflow/dags/load_hour_to_snowflake.py
[2025-09-15T11:31:14.744+0000] {processor.py:840} INFO - DAG(s) 'load_hour_to_snowflake' retrieved from /opt/airflow/dags/load_hour_to_snowflake.py
[2025-09-15T11:31:14.774+0000] {logging_mixin.py:188} INFO - [2025-09-15T11:31:14.773+0000] {dag.py:3096} INFO - Sync 1 DAGs
[2025-09-15T11:31:14.787+0000] {logging_mixin.py:188} INFO - [2025-09-15T11:31:14.787+0000] {dag.py:3954} INFO - Setting next_dagrun for load_hour_to_snowflake to None, run_after=None
[2025-09-15T11:31:14.817+0000] {processor.py:183} INFO - Processing /opt/airflow/dags/load_hour_to_snowflake.py took 0.106 seconds
[2025-09-15T11:31:45.225+0000] {processor.py:161} INFO - Started process (PID=9558) to work on /opt/airflow/dags/load_hour_to_snowflake.py
[2025-09-15T11:31:45.226+0000] {processor.py:830} INFO - Processing file /opt/airflow/dags/load_hour_to_snowflake.py for tasks to queue
[2025-09-15T11:31:45.227+0000] {logging_mixin.py:188} INFO - [2025-09-15T11:31:45.226+0000] {dagbag.py:540} INFO - Filling up the DagBag from /opt/airflow/dags/load_hour_to_snowflake.py
[2025-09-15T11:31:45.244+0000] {processor.py:840} INFO - DAG(s) 'load_hour_to_snowflake' retrieved from /opt/airflow/dags/load_hour_to_snowflake.py
[2025-09-15T11:31:45.282+0000] {logging_mixin.py:188} INFO - [2025-09-15T11:31:45.282+0000] {dag.py:3096} INFO - Sync 1 DAGs
[2025-09-15T11:31:45.298+0000] {logging_mixin.py:188} INFO - [2025-09-15T11:31:45.298+0000] {dag.py:3954} INFO - Setting next_dagrun for load_hour_to_snowflake to None, run_after=None
[2025-09-15T11:31:45.319+0000] {processor.py:183} INFO - Processing /opt/airflow/dags/load_hour_to_snowflake.py took 0.106 seconds
[2025-09-15T11:32:15.721+0000] {processor.py:161} INFO - Started process (PID=9593) to work on /opt/airflow/dags/load_hour_to_snowflake.py
[2025-09-15T11:32:15.722+0000] {processor.py:830} INFO - Processing file /opt/airflow/dags/load_hour_to_snowflake.py for tasks to queue
[2025-09-15T11:32:15.723+0000] {logging_mixin.py:188} INFO - [2025-09-15T11:32:15.723+0000] {dagbag.py:540} INFO - Filling up the DagBag from /opt/airflow/dags/load_hour_to_snowflake.py
[2025-09-15T11:32:15.742+0000] {processor.py:840} INFO - DAG(s) 'load_hour_to_snowflake' retrieved from /opt/airflow/dags/load_hour_to_snowflake.py
[2025-09-15T11:32:15.779+0000] {logging_mixin.py:188} INFO - [2025-09-15T11:32:15.779+0000] {dag.py:3096} INFO - Sync 1 DAGs
[2025-09-15T11:32:15.791+0000] {logging_mixin.py:188} INFO - [2025-09-15T11:32:15.791+0000] {dag.py:3954} INFO - Setting next_dagrun for load_hour_to_snowflake to None, run_after=None
[2025-09-15T11:32:15.812+0000] {processor.py:183} INFO - Processing /opt/airflow/dags/load_hour_to_snowflake.py took 0.097 seconds
[2025-09-15T11:32:46.145+0000] {processor.py:161} INFO - Started process (PID=9628) to work on /opt/airflow/dags/load_hour_to_snowflake.py
[2025-09-15T11:32:46.146+0000] {processor.py:830} INFO - Processing file /opt/airflow/dags/load_hour_to_snowflake.py for tasks to queue
[2025-09-15T11:32:46.147+0000] {logging_mixin.py:188} INFO - [2025-09-15T11:32:46.147+0000] {dagbag.py:540} INFO - Filling up the DagBag from /opt/airflow/dags/load_hour_to_snowflake.py
[2025-09-15T11:32:46.165+0000] {processor.py:840} INFO - DAG(s) 'load_hour_to_snowflake' retrieved from /opt/airflow/dags/load_hour_to_snowflake.py
[2025-09-15T11:32:46.193+0000] {logging_mixin.py:188} INFO - [2025-09-15T11:32:46.193+0000] {dag.py:3096} INFO - Sync 1 DAGs
[2025-09-15T11:32:46.208+0000] {logging_mixin.py:188} INFO - [2025-09-15T11:32:46.207+0000] {dag.py:3954} INFO - Setting next_dagrun for load_hour_to_snowflake to None, run_after=None
[2025-09-15T11:32:46.230+0000] {processor.py:183} INFO - Processing /opt/airflow/dags/load_hour_to_snowflake.py took 0.091 seconds
[2025-09-15T11:33:16.633+0000] {processor.py:161} INFO - Started process (PID=9663) to work on /opt/airflow/dags/load_hour_to_snowflake.py
[2025-09-15T11:33:16.635+0000] {processor.py:830} INFO - Processing file /opt/airflow/dags/load_hour_to_snowflake.py for tasks to queue
[2025-09-15T11:33:16.636+0000] {logging_mixin.py:188} INFO - [2025-09-15T11:33:16.636+0000] {dagbag.py:540} INFO - Filling up the DagBag from /opt/airflow/dags/load_hour_to_snowflake.py
[2025-09-15T11:33:16.656+0000] {processor.py:840} INFO - DAG(s) 'load_hour_to_snowflake' retrieved from /opt/airflow/dags/load_hour_to_snowflake.py
[2025-09-15T11:33:16.689+0000] {logging_mixin.py:188} INFO - [2025-09-15T11:33:16.689+0000] {dag.py:3096} INFO - Sync 1 DAGs
[2025-09-15T11:33:16.705+0000] {logging_mixin.py:188} INFO - [2025-09-15T11:33:16.704+0000] {dag.py:3954} INFO - Setting next_dagrun for load_hour_to_snowflake to None, run_after=None
[2025-09-15T11:33:16.728+0000] {processor.py:183} INFO - Processing /opt/airflow/dags/load_hour_to_snowflake.py took 0.102 seconds
[2025-09-15T11:33:47.302+0000] {processor.py:161} INFO - Started process (PID=9698) to work on /opt/airflow/dags/load_hour_to_snowflake.py
[2025-09-15T11:33:47.303+0000] {processor.py:830} INFO - Processing file /opt/airflow/dags/load_hour_to_snowflake.py for tasks to queue
[2025-09-15T11:33:47.304+0000] {logging_mixin.py:188} INFO - [2025-09-15T11:33:47.304+0000] {dagbag.py:540} INFO - Filling up the DagBag from /opt/airflow/dags/load_hour_to_snowflake.py
[2025-09-15T11:33:47.324+0000] {processor.py:840} INFO - DAG(s) 'load_hour_to_snowflake' retrieved from /opt/airflow/dags/load_hour_to_snowflake.py
[2025-09-15T11:33:47.359+0000] {logging_mixin.py:188} INFO - [2025-09-15T11:33:47.359+0000] {dag.py:3096} INFO - Sync 1 DAGs
[2025-09-15T11:33:47.374+0000] {logging_mixin.py:188} INFO - [2025-09-15T11:33:47.373+0000] {dag.py:3954} INFO - Setting next_dagrun for load_hour_to_snowflake to None, run_after=None
[2025-09-15T11:33:47.413+0000] {processor.py:183} INFO - Processing /opt/airflow/dags/load_hour_to_snowflake.py took 0.118 seconds
[2025-09-15T11:34:18.039+0000] {processor.py:161} INFO - Started process (PID=9733) to work on /opt/airflow/dags/load_hour_to_snowflake.py
[2025-09-15T11:34:18.040+0000] {processor.py:830} INFO - Processing file /opt/airflow/dags/load_hour_to_snowflake.py for tasks to queue
[2025-09-15T11:34:18.041+0000] {logging_mixin.py:188} INFO - [2025-09-15T11:34:18.041+0000] {dagbag.py:540} INFO - Filling up the DagBag from /opt/airflow/dags/load_hour_to_snowflake.py
[2025-09-15T11:34:18.061+0000] {processor.py:840} INFO - DAG(s) 'load_hour_to_snowflake' retrieved from /opt/airflow/dags/load_hour_to_snowflake.py
[2025-09-15T11:34:18.096+0000] {logging_mixin.py:188} INFO - [2025-09-15T11:34:18.095+0000] {dag.py:3096} INFO - Sync 1 DAGs
[2025-09-15T11:34:18.111+0000] {logging_mixin.py:188} INFO - [2025-09-15T11:34:18.111+0000] {dag.py:3954} INFO - Setting next_dagrun for load_hour_to_snowflake to None, run_after=None
[2025-09-15T11:34:18.179+0000] {processor.py:183} INFO - Processing /opt/airflow/dags/load_hour_to_snowflake.py took 0.146 seconds
[2025-09-15T11:34:48.631+0000] {processor.py:161} INFO - Started process (PID=9768) to work on /opt/airflow/dags/load_hour_to_snowflake.py
[2025-09-15T11:34:48.633+0000] {processor.py:830} INFO - Processing file /opt/airflow/dags/load_hour_to_snowflake.py for tasks to queue
[2025-09-15T11:34:48.634+0000] {logging_mixin.py:188} INFO - [2025-09-15T11:34:48.634+0000] {dagbag.py:540} INFO - Filling up the DagBag from /opt/airflow/dags/load_hour_to_snowflake.py
[2025-09-15T11:34:48.662+0000] {processor.py:840} INFO - DAG(s) 'load_hour_to_snowflake' retrieved from /opt/airflow/dags/load_hour_to_snowflake.py
[2025-09-15T11:34:48.704+0000] {logging_mixin.py:188} INFO - [2025-09-15T11:34:48.704+0000] {dag.py:3096} INFO - Sync 1 DAGs
[2025-09-15T11:34:48.723+0000] {logging_mixin.py:188} INFO - [2025-09-15T11:34:48.722+0000] {dag.py:3954} INFO - Setting next_dagrun for load_hour_to_snowflake to None, run_after=None
[2025-09-15T11:34:48.754+0000] {processor.py:183} INFO - Processing /opt/airflow/dags/load_hour_to_snowflake.py took 0.132 seconds
[2025-09-15T11:35:19.323+0000] {processor.py:161} INFO - Started process (PID=9803) to work on /opt/airflow/dags/load_hour_to_snowflake.py
[2025-09-15T11:35:19.324+0000] {processor.py:830} INFO - Processing file /opt/airflow/dags/load_hour_to_snowflake.py for tasks to queue
[2025-09-15T11:35:19.326+0000] {logging_mixin.py:188} INFO - [2025-09-15T11:35:19.325+0000] {dagbag.py:540} INFO - Filling up the DagBag from /opt/airflow/dags/load_hour_to_snowflake.py
[2025-09-15T11:35:19.371+0000] {processor.py:840} INFO - DAG(s) 'load_hour_to_snowflake' retrieved from /opt/airflow/dags/load_hour_to_snowflake.py
[2025-09-15T11:35:19.424+0000] {logging_mixin.py:188} INFO - [2025-09-15T11:35:19.423+0000] {dag.py:3096} INFO - Sync 1 DAGs
[2025-09-15T11:35:19.441+0000] {logging_mixin.py:188} INFO - [2025-09-15T11:35:19.441+0000] {dag.py:3954} INFO - Setting next_dagrun for load_hour_to_snowflake to None, run_after=None
[2025-09-15T11:35:19.468+0000] {processor.py:183} INFO - Processing /opt/airflow/dags/load_hour_to_snowflake.py took 0.158 seconds
[2025-09-15T11:35:50.044+0000] {processor.py:161} INFO - Started process (PID=9838) to work on /opt/airflow/dags/load_hour_to_snowflake.py
[2025-09-15T11:35:50.047+0000] {processor.py:830} INFO - Processing file /opt/airflow/dags/load_hour_to_snowflake.py for tasks to queue
[2025-09-15T11:35:50.050+0000] {logging_mixin.py:188} INFO - [2025-09-15T11:35:50.049+0000] {dagbag.py:540} INFO - Filling up the DagBag from /opt/airflow/dags/load_hour_to_snowflake.py
[2025-09-15T11:35:50.081+0000] {processor.py:840} INFO - DAG(s) 'load_hour_to_snowflake' retrieved from /opt/airflow/dags/load_hour_to_snowflake.py
[2025-09-15T11:35:50.120+0000] {logging_mixin.py:188} INFO - [2025-09-15T11:35:50.119+0000] {dag.py:3096} INFO - Sync 1 DAGs
[2025-09-15T11:35:50.146+0000] {logging_mixin.py:188} INFO - [2025-09-15T11:35:50.145+0000] {dag.py:3954} INFO - Setting next_dagrun for load_hour_to_snowflake to None, run_after=None
[2025-09-15T11:35:50.177+0000] {processor.py:183} INFO - Processing /opt/airflow/dags/load_hour_to_snowflake.py took 0.154 seconds
[2025-09-15T11:36:20.591+0000] {processor.py:161} INFO - Started process (PID=9873) to work on /opt/airflow/dags/load_hour_to_snowflake.py
[2025-09-15T11:36:20.594+0000] {processor.py:830} INFO - Processing file /opt/airflow/dags/load_hour_to_snowflake.py for tasks to queue
[2025-09-15T11:36:20.596+0000] {logging_mixin.py:188} INFO - [2025-09-15T11:36:20.595+0000] {dagbag.py:540} INFO - Filling up the DagBag from /opt/airflow/dags/load_hour_to_snowflake.py
[2025-09-15T11:36:20.684+0000] {processor.py:840} INFO - DAG(s) 'load_hour_to_snowflake' retrieved from /opt/airflow/dags/load_hour_to_snowflake.py
[2025-09-15T11:36:20.794+0000] {logging_mixin.py:188} INFO - [2025-09-15T11:36:20.792+0000] {dag.py:3096} INFO - Sync 1 DAGs
[2025-09-15T11:36:20.864+0000] {logging_mixin.py:188} INFO - [2025-09-15T11:36:20.864+0000] {dag.py:3954} INFO - Setting next_dagrun for load_hour_to_snowflake to None, run_after=None
[2025-09-15T11:36:20.957+0000] {processor.py:183} INFO - Processing /opt/airflow/dags/load_hour_to_snowflake.py took 0.400 seconds
[2025-09-15T11:36:51.518+0000] {processor.py:161} INFO - Started process (PID=9908) to work on /opt/airflow/dags/load_hour_to_snowflake.py
[2025-09-15T11:36:51.520+0000] {processor.py:830} INFO - Processing file /opt/airflow/dags/load_hour_to_snowflake.py for tasks to queue
[2025-09-15T11:36:51.524+0000] {logging_mixin.py:188} INFO - [2025-09-15T11:36:51.523+0000] {dagbag.py:540} INFO - Filling up the DagBag from /opt/airflow/dags/load_hour_to_snowflake.py
[2025-09-15T11:36:51.575+0000] {processor.py:840} INFO - DAG(s) 'load_hour_to_snowflake' retrieved from /opt/airflow/dags/load_hour_to_snowflake.py
[2025-09-15T11:36:51.671+0000] {logging_mixin.py:188} INFO - [2025-09-15T11:36:51.670+0000] {dag.py:3096} INFO - Sync 1 DAGs
[2025-09-15T11:36:51.699+0000] {logging_mixin.py:188} INFO - [2025-09-15T11:36:51.699+0000] {dag.py:3954} INFO - Setting next_dagrun for load_hour_to_snowflake to None, run_after=None
[2025-09-15T11:36:51.760+0000] {processor.py:183} INFO - Processing /opt/airflow/dags/load_hour_to_snowflake.py took 0.257 seconds
[2025-09-15T11:37:22.657+0000] {processor.py:161} INFO - Started process (PID=9943) to work on /opt/airflow/dags/load_hour_to_snowflake.py
[2025-09-15T11:37:22.658+0000] {processor.py:830} INFO - Processing file /opt/airflow/dags/load_hour_to_snowflake.py for tasks to queue
[2025-09-15T11:37:22.660+0000] {logging_mixin.py:188} INFO - [2025-09-15T11:37:22.659+0000] {dagbag.py:540} INFO - Filling up the DagBag from /opt/airflow/dags/load_hour_to_snowflake.py
[2025-09-15T11:37:22.683+0000] {processor.py:840} INFO - DAG(s) 'load_hour_to_snowflake' retrieved from /opt/airflow/dags/load_hour_to_snowflake.py
[2025-09-15T11:37:22.714+0000] {logging_mixin.py:188} INFO - [2025-09-15T11:37:22.714+0000] {dag.py:3096} INFO - Sync 1 DAGs
[2025-09-15T11:37:22.727+0000] {logging_mixin.py:188} INFO - [2025-09-15T11:37:22.727+0000] {dag.py:3954} INFO - Setting next_dagrun for load_hour_to_snowflake to None, run_after=None
[2025-09-15T11:37:22.749+0000] {processor.py:183} INFO - Processing /opt/airflow/dags/load_hour_to_snowflake.py took 0.107 seconds
[2025-09-15T11:37:53.159+0000] {processor.py:161} INFO - Started process (PID=9978) to work on /opt/airflow/dags/load_hour_to_snowflake.py
[2025-09-15T11:37:53.161+0000] {processor.py:830} INFO - Processing file /opt/airflow/dags/load_hour_to_snowflake.py for tasks to queue
[2025-09-15T11:37:53.161+0000] {logging_mixin.py:188} INFO - [2025-09-15T11:37:53.161+0000] {dagbag.py:540} INFO - Filling up the DagBag from /opt/airflow/dags/load_hour_to_snowflake.py
[2025-09-15T11:37:53.180+0000] {processor.py:840} INFO - DAG(s) 'load_hour_to_snowflake' retrieved from /opt/airflow/dags/load_hour_to_snowflake.py
[2025-09-15T11:37:53.211+0000] {logging_mixin.py:188} INFO - [2025-09-15T11:37:53.211+0000] {dag.py:3096} INFO - Sync 1 DAGs
[2025-09-15T11:37:53.233+0000] {logging_mixin.py:188} INFO - [2025-09-15T11:37:53.233+0000] {dag.py:3954} INFO - Setting next_dagrun for load_hour_to_snowflake to None, run_after=None
[2025-09-15T11:37:53.254+0000] {processor.py:183} INFO - Processing /opt/airflow/dags/load_hour_to_snowflake.py took 0.107 seconds
[2025-09-15T11:38:23.697+0000] {processor.py:161} INFO - Started process (PID=10013) to work on /opt/airflow/dags/load_hour_to_snowflake.py
[2025-09-15T11:38:23.699+0000] {processor.py:830} INFO - Processing file /opt/airflow/dags/load_hour_to_snowflake.py for tasks to queue
[2025-09-15T11:38:23.700+0000] {logging_mixin.py:188} INFO - [2025-09-15T11:38:23.699+0000] {dagbag.py:540} INFO - Filling up the DagBag from /opt/airflow/dags/load_hour_to_snowflake.py
[2025-09-15T11:38:23.720+0000] {processor.py:840} INFO - DAG(s) 'load_hour_to_snowflake' retrieved from /opt/airflow/dags/load_hour_to_snowflake.py
[2025-09-15T11:38:23.750+0000] {logging_mixin.py:188} INFO - [2025-09-15T11:38:23.750+0000] {dag.py:3096} INFO - Sync 1 DAGs
[2025-09-15T11:38:23.764+0000] {logging_mixin.py:188} INFO - [2025-09-15T11:38:23.764+0000] {dag.py:3954} INFO - Setting next_dagrun for load_hour_to_snowflake to None, run_after=None
[2025-09-15T11:38:23.790+0000] {processor.py:183} INFO - Processing /opt/airflow/dags/load_hour_to_snowflake.py took 0.099 seconds
[2025-09-15T11:38:54.255+0000] {processor.py:161} INFO - Started process (PID=10048) to work on /opt/airflow/dags/load_hour_to_snowflake.py
[2025-09-15T11:38:54.256+0000] {processor.py:830} INFO - Processing file /opt/airflow/dags/load_hour_to_snowflake.py for tasks to queue
[2025-09-15T11:38:54.257+0000] {logging_mixin.py:188} INFO - [2025-09-15T11:38:54.257+0000] {dagbag.py:540} INFO - Filling up the DagBag from /opt/airflow/dags/load_hour_to_snowflake.py
[2025-09-15T11:38:54.287+0000] {processor.py:840} INFO - DAG(s) 'load_hour_to_snowflake' retrieved from /opt/airflow/dags/load_hour_to_snowflake.py
[2025-09-15T11:38:54.332+0000] {logging_mixin.py:188} INFO - [2025-09-15T11:38:54.331+0000] {dag.py:3096} INFO - Sync 1 DAGs
[2025-09-15T11:38:54.352+0000] {logging_mixin.py:188} INFO - [2025-09-15T11:38:54.351+0000] {dag.py:3954} INFO - Setting next_dagrun for load_hour_to_snowflake to None, run_after=None
[2025-09-15T11:38:54.384+0000] {processor.py:183} INFO - Processing /opt/airflow/dags/load_hour_to_snowflake.py took 0.139 seconds
[2025-09-15T11:39:24.768+0000] {processor.py:161} INFO - Started process (PID=10083) to work on /opt/airflow/dags/load_hour_to_snowflake.py
[2025-09-15T11:39:24.769+0000] {processor.py:830} INFO - Processing file /opt/airflow/dags/load_hour_to_snowflake.py for tasks to queue
[2025-09-15T11:39:24.770+0000] {logging_mixin.py:188} INFO - [2025-09-15T11:39:24.770+0000] {dagbag.py:540} INFO - Filling up the DagBag from /opt/airflow/dags/load_hour_to_snowflake.py
[2025-09-15T11:39:24.788+0000] {processor.py:840} INFO - DAG(s) 'load_hour_to_snowflake' retrieved from /opt/airflow/dags/load_hour_to_snowflake.py
[2025-09-15T11:39:24.820+0000] {logging_mixin.py:188} INFO - [2025-09-15T11:39:24.820+0000] {dag.py:3096} INFO - Sync 1 DAGs
[2025-09-15T11:39:24.834+0000] {logging_mixin.py:188} INFO - [2025-09-15T11:39:24.834+0000] {dag.py:3954} INFO - Setting next_dagrun for load_hour_to_snowflake to None, run_after=None
[2025-09-15T11:39:24.864+0000] {processor.py:183} INFO - Processing /opt/airflow/dags/load_hour_to_snowflake.py took 0.109 seconds
[2025-09-15T11:39:55.348+0000] {processor.py:161} INFO - Started process (PID=10118) to work on /opt/airflow/dags/load_hour_to_snowflake.py
[2025-09-15T11:39:55.352+0000] {processor.py:830} INFO - Processing file /opt/airflow/dags/load_hour_to_snowflake.py for tasks to queue
[2025-09-15T11:39:55.354+0000] {logging_mixin.py:188} INFO - [2025-09-15T11:39:55.353+0000] {dagbag.py:540} INFO - Filling up the DagBag from /opt/airflow/dags/load_hour_to_snowflake.py
[2025-09-15T11:39:55.392+0000] {processor.py:840} INFO - DAG(s) 'load_hour_to_snowflake' retrieved from /opt/airflow/dags/load_hour_to_snowflake.py
[2025-09-15T11:39:55.435+0000] {logging_mixin.py:188} INFO - [2025-09-15T11:39:55.435+0000] {dag.py:3096} INFO - Sync 1 DAGs
[2025-09-15T11:39:55.453+0000] {logging_mixin.py:188} INFO - [2025-09-15T11:39:55.452+0000] {dag.py:3954} INFO - Setting next_dagrun for load_hour_to_snowflake to None, run_after=None
[2025-09-15T11:39:55.477+0000] {processor.py:183} INFO - Processing /opt/airflow/dags/load_hour_to_snowflake.py took 0.163 seconds
[2025-09-15T11:40:26.044+0000] {processor.py:161} INFO - Started process (PID=10153) to work on /opt/airflow/dags/load_hour_to_snowflake.py
[2025-09-15T11:40:26.045+0000] {processor.py:830} INFO - Processing file /opt/airflow/dags/load_hour_to_snowflake.py for tasks to queue
[2025-09-15T11:40:26.046+0000] {logging_mixin.py:188} INFO - [2025-09-15T11:40:26.046+0000] {dagbag.py:540} INFO - Filling up the DagBag from /opt/airflow/dags/load_hour_to_snowflake.py
[2025-09-15T11:40:26.068+0000] {processor.py:840} INFO - DAG(s) 'load_hour_to_snowflake' retrieved from /opt/airflow/dags/load_hour_to_snowflake.py
[2025-09-15T11:40:26.101+0000] {logging_mixin.py:188} INFO - [2025-09-15T11:40:26.100+0000] {dag.py:3096} INFO - Sync 1 DAGs
[2025-09-15T11:40:26.116+0000] {logging_mixin.py:188} INFO - [2025-09-15T11:40:26.115+0000] {dag.py:3954} INFO - Setting next_dagrun for load_hour_to_snowflake to None, run_after=None
[2025-09-15T11:40:26.140+0000] {processor.py:183} INFO - Processing /opt/airflow/dags/load_hour_to_snowflake.py took 0.116 seconds
[2025-09-15T11:40:56.557+0000] {processor.py:161} INFO - Started process (PID=10188) to work on /opt/airflow/dags/load_hour_to_snowflake.py
[2025-09-15T11:40:56.559+0000] {processor.py:830} INFO - Processing file /opt/airflow/dags/load_hour_to_snowflake.py for tasks to queue
[2025-09-15T11:40:56.560+0000] {logging_mixin.py:188} INFO - [2025-09-15T11:40:56.560+0000] {dagbag.py:540} INFO - Filling up the DagBag from /opt/airflow/dags/load_hour_to_snowflake.py
[2025-09-15T11:40:56.582+0000] {processor.py:840} INFO - DAG(s) 'load_hour_to_snowflake' retrieved from /opt/airflow/dags/load_hour_to_snowflake.py
[2025-09-15T11:40:56.614+0000] {logging_mixin.py:188} INFO - [2025-09-15T11:40:56.614+0000] {dag.py:3096} INFO - Sync 1 DAGs
[2025-09-15T11:40:56.627+0000] {logging_mixin.py:188} INFO - [2025-09-15T11:40:56.627+0000] {dag.py:3954} INFO - Setting next_dagrun for load_hour_to_snowflake to None, run_after=None
[2025-09-15T11:40:56.650+0000] {processor.py:183} INFO - Processing /opt/airflow/dags/load_hour_to_snowflake.py took 0.102 seconds
[2025-09-15T11:41:27.223+0000] {processor.py:161} INFO - Started process (PID=10223) to work on /opt/airflow/dags/load_hour_to_snowflake.py
[2025-09-15T11:41:27.224+0000] {processor.py:830} INFO - Processing file /opt/airflow/dags/load_hour_to_snowflake.py for tasks to queue
[2025-09-15T11:41:27.225+0000] {logging_mixin.py:188} INFO - [2025-09-15T11:41:27.225+0000] {dagbag.py:540} INFO - Filling up the DagBag from /opt/airflow/dags/load_hour_to_snowflake.py
[2025-09-15T11:41:27.247+0000] {processor.py:840} INFO - DAG(s) 'load_hour_to_snowflake' retrieved from /opt/airflow/dags/load_hour_to_snowflake.py
[2025-09-15T11:41:27.283+0000] {logging_mixin.py:188} INFO - [2025-09-15T11:41:27.283+0000] {dag.py:3096} INFO - Sync 1 DAGs
[2025-09-15T11:41:27.300+0000] {logging_mixin.py:188} INFO - [2025-09-15T11:41:27.300+0000] {dag.py:3954} INFO - Setting next_dagrun for load_hour_to_snowflake to None, run_after=None
[2025-09-15T11:41:27.323+0000] {processor.py:183} INFO - Processing /opt/airflow/dags/load_hour_to_snowflake.py took 0.108 seconds
[2025-09-15T11:41:57.779+0000] {processor.py:161} INFO - Started process (PID=10258) to work on /opt/airflow/dags/load_hour_to_snowflake.py
[2025-09-15T11:41:57.780+0000] {processor.py:830} INFO - Processing file /opt/airflow/dags/load_hour_to_snowflake.py for tasks to queue
[2025-09-15T11:41:57.781+0000] {logging_mixin.py:188} INFO - [2025-09-15T11:41:57.781+0000] {dagbag.py:540} INFO - Filling up the DagBag from /opt/airflow/dags/load_hour_to_snowflake.py
[2025-09-15T11:41:57.799+0000] {processor.py:840} INFO - DAG(s) 'load_hour_to_snowflake' retrieved from /opt/airflow/dags/load_hour_to_snowflake.py
[2025-09-15T11:41:57.829+0000] {logging_mixin.py:188} INFO - [2025-09-15T11:41:57.828+0000] {dag.py:3096} INFO - Sync 1 DAGs
[2025-09-15T11:41:57.843+0000] {logging_mixin.py:188} INFO - [2025-09-15T11:41:57.843+0000] {dag.py:3954} INFO - Setting next_dagrun for load_hour_to_snowflake to None, run_after=None
[2025-09-15T11:41:57.865+0000] {processor.py:183} INFO - Processing /opt/airflow/dags/load_hour_to_snowflake.py took 0.095 seconds
[2025-09-15T11:42:28.344+0000] {processor.py:161} INFO - Started process (PID=10293) to work on /opt/airflow/dags/load_hour_to_snowflake.py
[2025-09-15T11:42:28.345+0000] {processor.py:830} INFO - Processing file /opt/airflow/dags/load_hour_to_snowflake.py for tasks to queue
[2025-09-15T11:42:28.347+0000] {logging_mixin.py:188} INFO - [2025-09-15T11:42:28.346+0000] {dagbag.py:540} INFO - Filling up the DagBag from /opt/airflow/dags/load_hour_to_snowflake.py
[2025-09-15T11:42:28.371+0000] {processor.py:840} INFO - DAG(s) 'load_hour_to_snowflake' retrieved from /opt/airflow/dags/load_hour_to_snowflake.py
[2025-09-15T11:42:28.407+0000] {logging_mixin.py:188} INFO - [2025-09-15T11:42:28.407+0000] {dag.py:3096} INFO - Sync 1 DAGs
[2025-09-15T11:42:28.426+0000] {logging_mixin.py:188} INFO - [2025-09-15T11:42:28.425+0000] {dag.py:3954} INFO - Setting next_dagrun for load_hour_to_snowflake to None, run_after=None
[2025-09-15T11:42:28.451+0000] {processor.py:183} INFO - Processing /opt/airflow/dags/load_hour_to_snowflake.py took 0.114 seconds
[2025-09-15T11:42:58.793+0000] {processor.py:161} INFO - Started process (PID=10328) to work on /opt/airflow/dags/load_hour_to_snowflake.py
[2025-09-15T11:42:58.794+0000] {processor.py:830} INFO - Processing file /opt/airflow/dags/load_hour_to_snowflake.py for tasks to queue
[2025-09-15T11:42:58.795+0000] {logging_mixin.py:188} INFO - [2025-09-15T11:42:58.795+0000] {dagbag.py:540} INFO - Filling up the DagBag from /opt/airflow/dags/load_hour_to_snowflake.py
[2025-09-15T11:42:58.818+0000] {processor.py:840} INFO - DAG(s) 'load_hour_to_snowflake' retrieved from /opt/airflow/dags/load_hour_to_snowflake.py
[2025-09-15T11:42:58.866+0000] {logging_mixin.py:188} INFO - [2025-09-15T11:42:58.865+0000] {dag.py:3096} INFO - Sync 1 DAGs
[2025-09-15T11:42:58.889+0000] {logging_mixin.py:188} INFO - [2025-09-15T11:42:58.888+0000] {dag.py:3954} INFO - Setting next_dagrun for load_hour_to_snowflake to None, run_after=None
[2025-09-15T11:42:58.911+0000] {processor.py:183} INFO - Processing /opt/airflow/dags/load_hour_to_snowflake.py took 0.125 seconds
[2025-09-15T11:43:29.380+0000] {processor.py:161} INFO - Started process (PID=10363) to work on /opt/airflow/dags/load_hour_to_snowflake.py
[2025-09-15T11:43:29.381+0000] {processor.py:830} INFO - Processing file /opt/airflow/dags/load_hour_to_snowflake.py for tasks to queue
[2025-09-15T11:43:29.382+0000] {logging_mixin.py:188} INFO - [2025-09-15T11:43:29.381+0000] {dagbag.py:540} INFO - Filling up the DagBag from /opt/airflow/dags/load_hour_to_snowflake.py
[2025-09-15T11:43:29.402+0000] {processor.py:840} INFO - DAG(s) 'load_hour_to_snowflake' retrieved from /opt/airflow/dags/load_hour_to_snowflake.py
[2025-09-15T11:43:29.442+0000] {logging_mixin.py:188} INFO - [2025-09-15T11:43:29.441+0000] {dag.py:3096} INFO - Sync 1 DAGs
[2025-09-15T11:43:29.456+0000] {logging_mixin.py:188} INFO - [2025-09-15T11:43:29.456+0000] {dag.py:3954} INFO - Setting next_dagrun for load_hour_to_snowflake to None, run_after=None
[2025-09-15T11:43:29.482+0000] {processor.py:183} INFO - Processing /opt/airflow/dags/load_hour_to_snowflake.py took 0.109 seconds
[2025-09-15T11:43:59.874+0000] {processor.py:161} INFO - Started process (PID=10398) to work on /opt/airflow/dags/load_hour_to_snowflake.py
[2025-09-15T11:43:59.876+0000] {processor.py:830} INFO - Processing file /opt/airflow/dags/load_hour_to_snowflake.py for tasks to queue
[2025-09-15T11:43:59.877+0000] {logging_mixin.py:188} INFO - [2025-09-15T11:43:59.877+0000] {dagbag.py:540} INFO - Filling up the DagBag from /opt/airflow/dags/load_hour_to_snowflake.py
[2025-09-15T11:43:59.910+0000] {processor.py:840} INFO - DAG(s) 'load_hour_to_snowflake' retrieved from /opt/airflow/dags/load_hour_to_snowflake.py
[2025-09-15T11:43:59.951+0000] {logging_mixin.py:188} INFO - [2025-09-15T11:43:59.951+0000] {dag.py:3096} INFO - Sync 1 DAGs
[2025-09-15T11:43:59.967+0000] {logging_mixin.py:188} INFO - [2025-09-15T11:43:59.967+0000] {dag.py:3954} INFO - Setting next_dagrun for load_hour_to_snowflake to None, run_after=None
[2025-09-15T11:43:59.990+0000] {processor.py:183} INFO - Processing /opt/airflow/dags/load_hour_to_snowflake.py took 0.123 seconds
[2025-09-15T11:44:30.511+0000] {processor.py:161} INFO - Started process (PID=10433) to work on /opt/airflow/dags/load_hour_to_snowflake.py
[2025-09-15T11:44:30.512+0000] {processor.py:830} INFO - Processing file /opt/airflow/dags/load_hour_to_snowflake.py for tasks to queue
[2025-09-15T11:44:30.512+0000] {logging_mixin.py:188} INFO - [2025-09-15T11:44:30.512+0000] {dagbag.py:540} INFO - Filling up the DagBag from /opt/airflow/dags/load_hour_to_snowflake.py
[2025-09-15T11:44:30.532+0000] {processor.py:840} INFO - DAG(s) 'load_hour_to_snowflake' retrieved from /opt/airflow/dags/load_hour_to_snowflake.py
[2025-09-15T11:44:30.567+0000] {logging_mixin.py:188} INFO - [2025-09-15T11:44:30.567+0000] {dag.py:3096} INFO - Sync 1 DAGs
[2025-09-15T11:44:30.582+0000] {logging_mixin.py:188} INFO - [2025-09-15T11:44:30.581+0000] {dag.py:3954} INFO - Setting next_dagrun for load_hour_to_snowflake to None, run_after=None
[2025-09-15T11:44:30.604+0000] {processor.py:183} INFO - Processing /opt/airflow/dags/load_hour_to_snowflake.py took 0.100 seconds
[2025-09-15T11:45:00.644+0000] {processor.py:161} INFO - Started process (PID=10473) to work on /opt/airflow/dags/load_hour_to_snowflake.py
[2025-09-15T11:45:00.645+0000] {processor.py:830} INFO - Processing file /opt/airflow/dags/load_hour_to_snowflake.py for tasks to queue
[2025-09-15T11:45:00.646+0000] {logging_mixin.py:188} INFO - [2025-09-15T11:45:00.646+0000] {dagbag.py:540} INFO - Filling up the DagBag from /opt/airflow/dags/load_hour_to_snowflake.py
[2025-09-15T11:45:00.671+0000] {processor.py:840} INFO - DAG(s) 'load_hour_to_snowflake' retrieved from /opt/airflow/dags/load_hour_to_snowflake.py
[2025-09-15T11:45:00.702+0000] {logging_mixin.py:188} INFO - [2025-09-15T11:45:00.702+0000] {dag.py:3096} INFO - Sync 1 DAGs
[2025-09-15T11:45:00.727+0000] {logging_mixin.py:188} INFO - [2025-09-15T11:45:00.726+0000] {dag.py:3954} INFO - Setting next_dagrun for load_hour_to_snowflake to None, run_after=None
[2025-09-15T11:45:00.749+0000] {processor.py:183} INFO - Processing /opt/airflow/dags/load_hour_to_snowflake.py took 0.112 seconds
[2025-09-15T11:45:31.181+0000] {processor.py:161} INFO - Started process (PID=10508) to work on /opt/airflow/dags/load_hour_to_snowflake.py
[2025-09-15T11:45:31.182+0000] {processor.py:830} INFO - Processing file /opt/airflow/dags/load_hour_to_snowflake.py for tasks to queue
[2025-09-15T11:45:31.184+0000] {logging_mixin.py:188} INFO - [2025-09-15T11:45:31.183+0000] {dagbag.py:540} INFO - Filling up the DagBag from /opt/airflow/dags/load_hour_to_snowflake.py
[2025-09-15T11:45:31.210+0000] {processor.py:840} INFO - DAG(s) 'load_hour_to_snowflake' retrieved from /opt/airflow/dags/load_hour_to_snowflake.py
[2025-09-15T11:45:31.427+0000] {logging_mixin.py:188} INFO - [2025-09-15T11:45:31.426+0000] {dag.py:3096} INFO - Sync 1 DAGs
[2025-09-15T11:45:31.556+0000] {logging_mixin.py:188} INFO - [2025-09-15T11:45:31.556+0000] {dag.py:3954} INFO - Setting next_dagrun for load_hour_to_snowflake to None, run_after=None
[2025-09-15T11:45:31.679+0000] {processor.py:183} INFO - Processing /opt/airflow/dags/load_hour_to_snowflake.py took 0.516 seconds
[2025-09-15T11:46:02.331+0000] {processor.py:161} INFO - Started process (PID=10546) to work on /opt/airflow/dags/load_hour_to_snowflake.py
[2025-09-15T11:46:02.333+0000] {processor.py:830} INFO - Processing file /opt/airflow/dags/load_hour_to_snowflake.py for tasks to queue
[2025-09-15T11:46:02.334+0000] {logging_mixin.py:188} INFO - [2025-09-15T11:46:02.334+0000] {dagbag.py:540} INFO - Filling up the DagBag from /opt/airflow/dags/load_hour_to_snowflake.py
[2025-09-15T11:46:02.352+0000] {processor.py:840} INFO - DAG(s) 'load_hour_to_snowflake' retrieved from /opt/airflow/dags/load_hour_to_snowflake.py
[2025-09-15T11:46:02.384+0000] {logging_mixin.py:188} INFO - [2025-09-15T11:46:02.384+0000] {dag.py:3096} INFO - Sync 1 DAGs
[2025-09-15T11:46:02.402+0000] {logging_mixin.py:188} INFO - [2025-09-15T11:46:02.402+0000] {dag.py:3954} INFO - Setting next_dagrun for load_hour_to_snowflake to None, run_after=None
[2025-09-15T11:46:02.431+0000] {processor.py:183} INFO - Processing /opt/airflow/dags/load_hour_to_snowflake.py took 0.109 seconds
[2025-09-15T11:46:33.043+0000] {processor.py:161} INFO - Started process (PID=10581) to work on /opt/airflow/dags/load_hour_to_snowflake.py
[2025-09-15T11:46:33.044+0000] {processor.py:830} INFO - Processing file /opt/airflow/dags/load_hour_to_snowflake.py for tasks to queue
[2025-09-15T11:46:33.045+0000] {logging_mixin.py:188} INFO - [2025-09-15T11:46:33.045+0000] {dagbag.py:540} INFO - Filling up the DagBag from /opt/airflow/dags/load_hour_to_snowflake.py
[2025-09-15T11:46:33.074+0000] {processor.py:840} INFO - DAG(s) 'load_hour_to_snowflake' retrieved from /opt/airflow/dags/load_hour_to_snowflake.py
[2025-09-15T11:46:33.144+0000] {logging_mixin.py:188} INFO - [2025-09-15T11:46:33.141+0000] {dag.py:3096} INFO - Sync 1 DAGs
[2025-09-15T11:46:33.185+0000] {logging_mixin.py:188} INFO - [2025-09-15T11:46:33.184+0000] {dag.py:3954} INFO - Setting next_dagrun for load_hour_to_snowflake to None, run_after=None
[2025-09-15T11:46:33.223+0000] {processor.py:183} INFO - Processing /opt/airflow/dags/load_hour_to_snowflake.py took 0.188 seconds
[2025-09-15T11:47:03.790+0000] {processor.py:161} INFO - Started process (PID=10616) to work on /opt/airflow/dags/load_hour_to_snowflake.py
[2025-09-15T11:47:03.791+0000] {processor.py:830} INFO - Processing file /opt/airflow/dags/load_hour_to_snowflake.py for tasks to queue
[2025-09-15T11:47:03.792+0000] {logging_mixin.py:188} INFO - [2025-09-15T11:47:03.792+0000] {dagbag.py:540} INFO - Filling up the DagBag from /opt/airflow/dags/load_hour_to_snowflake.py
[2025-09-15T11:47:03.814+0000] {processor.py:840} INFO - DAG(s) 'load_hour_to_snowflake' retrieved from /opt/airflow/dags/load_hour_to_snowflake.py
[2025-09-15T11:47:03.847+0000] {logging_mixin.py:188} INFO - [2025-09-15T11:47:03.846+0000] {dag.py:3096} INFO - Sync 1 DAGs
[2025-09-15T11:47:03.864+0000] {logging_mixin.py:188} INFO - [2025-09-15T11:47:03.864+0000] {dag.py:3954} INFO - Setting next_dagrun for load_hour_to_snowflake to None, run_after=None
[2025-09-15T11:47:03.894+0000] {processor.py:183} INFO - Processing /opt/airflow/dags/load_hour_to_snowflake.py took 0.111 seconds
[2025-09-15T11:47:34.499+0000] {processor.py:161} INFO - Started process (PID=10651) to work on /opt/airflow/dags/load_hour_to_snowflake.py
[2025-09-15T11:47:34.501+0000] {processor.py:830} INFO - Processing file /opt/airflow/dags/load_hour_to_snowflake.py for tasks to queue
[2025-09-15T11:47:34.502+0000] {logging_mixin.py:188} INFO - [2025-09-15T11:47:34.502+0000] {dagbag.py:540} INFO - Filling up the DagBag from /opt/airflow/dags/load_hour_to_snowflake.py
[2025-09-15T11:47:34.535+0000] {processor.py:840} INFO - DAG(s) 'load_hour_to_snowflake' retrieved from /opt/airflow/dags/load_hour_to_snowflake.py
[2025-09-15T11:47:34.586+0000] {logging_mixin.py:188} INFO - [2025-09-15T11:47:34.586+0000] {dag.py:3096} INFO - Sync 1 DAGs
[2025-09-15T11:47:34.604+0000] {logging_mixin.py:188} INFO - [2025-09-15T11:47:34.604+0000] {dag.py:3954} INFO - Setting next_dagrun for load_hour_to_snowflake to None, run_after=None
[2025-09-15T11:47:34.635+0000] {processor.py:183} INFO - Processing /opt/airflow/dags/load_hour_to_snowflake.py took 0.145 seconds
[2025-09-15T11:48:05.041+0000] {processor.py:161} INFO - Started process (PID=10686) to work on /opt/airflow/dags/load_hour_to_snowflake.py
[2025-09-15T11:48:05.042+0000] {processor.py:830} INFO - Processing file /opt/airflow/dags/load_hour_to_snowflake.py for tasks to queue
[2025-09-15T11:48:05.043+0000] {logging_mixin.py:188} INFO - [2025-09-15T11:48:05.043+0000] {dagbag.py:540} INFO - Filling up the DagBag from /opt/airflow/dags/load_hour_to_snowflake.py
[2025-09-15T11:48:05.061+0000] {processor.py:840} INFO - DAG(s) 'load_hour_to_snowflake' retrieved from /opt/airflow/dags/load_hour_to_snowflake.py
[2025-09-15T11:48:05.104+0000] {logging_mixin.py:188} INFO - [2025-09-15T11:48:05.104+0000] {dag.py:3096} INFO - Sync 1 DAGs
[2025-09-15T11:48:05.117+0000] {logging_mixin.py:188} INFO - [2025-09-15T11:48:05.116+0000] {dag.py:3954} INFO - Setting next_dagrun for load_hour_to_snowflake to None, run_after=None
[2025-09-15T11:48:05.135+0000] {processor.py:183} INFO - Processing /opt/airflow/dags/load_hour_to_snowflake.py took 0.100 seconds
[2025-09-15T11:48:35.695+0000] {processor.py:161} INFO - Started process (PID=10721) to work on /opt/airflow/dags/load_hour_to_snowflake.py
[2025-09-15T11:48:35.696+0000] {processor.py:830} INFO - Processing file /opt/airflow/dags/load_hour_to_snowflake.py for tasks to queue
[2025-09-15T11:48:35.698+0000] {logging_mixin.py:188} INFO - [2025-09-15T11:48:35.698+0000] {dagbag.py:540} INFO - Filling up the DagBag from /opt/airflow/dags/load_hour_to_snowflake.py
[2025-09-15T11:48:35.725+0000] {processor.py:840} INFO - DAG(s) 'load_hour_to_snowflake' retrieved from /opt/airflow/dags/load_hour_to_snowflake.py
[2025-09-15T11:48:35.764+0000] {logging_mixin.py:188} INFO - [2025-09-15T11:48:35.763+0000] {dag.py:3096} INFO - Sync 1 DAGs
[2025-09-15T11:48:35.781+0000] {logging_mixin.py:188} INFO - [2025-09-15T11:48:35.780+0000] {dag.py:3954} INFO - Setting next_dagrun for load_hour_to_snowflake to None, run_after=None
[2025-09-15T11:48:35.808+0000] {processor.py:183} INFO - Processing /opt/airflow/dags/load_hour_to_snowflake.py took 0.121 seconds
[2025-09-15T11:49:06.175+0000] {processor.py:161} INFO - Started process (PID=10756) to work on /opt/airflow/dags/load_hour_to_snowflake.py
[2025-09-15T11:49:06.176+0000] {processor.py:830} INFO - Processing file /opt/airflow/dags/load_hour_to_snowflake.py for tasks to queue
[2025-09-15T11:49:06.177+0000] {logging_mixin.py:188} INFO - [2025-09-15T11:49:06.176+0000] {dagbag.py:540} INFO - Filling up the DagBag from /opt/airflow/dags/load_hour_to_snowflake.py
[2025-09-15T11:49:06.206+0000] {processor.py:840} INFO - DAG(s) 'load_hour_to_snowflake' retrieved from /opt/airflow/dags/load_hour_to_snowflake.py
[2025-09-15T11:49:06.238+0000] {logging_mixin.py:188} INFO - [2025-09-15T11:49:06.237+0000] {dag.py:3096} INFO - Sync 1 DAGs
[2025-09-15T11:49:06.251+0000] {logging_mixin.py:188} INFO - [2025-09-15T11:49:06.251+0000] {dag.py:3954} INFO - Setting next_dagrun for load_hour_to_snowflake to None, run_after=None
[2025-09-15T11:49:06.278+0000] {processor.py:183} INFO - Processing /opt/airflow/dags/load_hour_to_snowflake.py took 0.108 seconds
[2025-09-15T11:49:36.676+0000] {processor.py:161} INFO - Started process (PID=10791) to work on /opt/airflow/dags/load_hour_to_snowflake.py
[2025-09-15T11:49:36.677+0000] {processor.py:830} INFO - Processing file /opt/airflow/dags/load_hour_to_snowflake.py for tasks to queue
[2025-09-15T11:49:36.678+0000] {logging_mixin.py:188} INFO - [2025-09-15T11:49:36.678+0000] {dagbag.py:540} INFO - Filling up the DagBag from /opt/airflow/dags/load_hour_to_snowflake.py
[2025-09-15T11:49:36.698+0000] {processor.py:840} INFO - DAG(s) 'load_hour_to_snowflake' retrieved from /opt/airflow/dags/load_hour_to_snowflake.py
[2025-09-15T11:49:36.730+0000] {logging_mixin.py:188} INFO - [2025-09-15T11:49:36.729+0000] {dag.py:3096} INFO - Sync 1 DAGs
[2025-09-15T11:49:36.743+0000] {logging_mixin.py:188} INFO - [2025-09-15T11:49:36.743+0000] {dag.py:3954} INFO - Setting next_dagrun for load_hour_to_snowflake to None, run_after=None
[2025-09-15T11:49:36.766+0000] {processor.py:183} INFO - Processing /opt/airflow/dags/load_hour_to_snowflake.py took 0.097 seconds
[2025-09-15T11:50:07.208+0000] {processor.py:161} INFO - Started process (PID=10826) to work on /opt/airflow/dags/load_hour_to_snowflake.py
[2025-09-15T11:50:07.209+0000] {processor.py:830} INFO - Processing file /opt/airflow/dags/load_hour_to_snowflake.py for tasks to queue
[2025-09-15T11:50:07.210+0000] {logging_mixin.py:188} INFO - [2025-09-15T11:50:07.210+0000] {dagbag.py:540} INFO - Filling up the DagBag from /opt/airflow/dags/load_hour_to_snowflake.py
[2025-09-15T11:50:07.229+0000] {processor.py:840} INFO - DAG(s) 'load_hour_to_snowflake' retrieved from /opt/airflow/dags/load_hour_to_snowflake.py
[2025-09-15T11:50:07.257+0000] {logging_mixin.py:188} INFO - [2025-09-15T11:50:07.257+0000] {dag.py:3096} INFO - Sync 1 DAGs
[2025-09-15T11:50:07.270+0000] {logging_mixin.py:188} INFO - [2025-09-15T11:50:07.270+0000] {dag.py:3954} INFO - Setting next_dagrun for load_hour_to_snowflake to None, run_after=None
[2025-09-15T11:50:07.290+0000] {processor.py:183} INFO - Processing /opt/airflow/dags/load_hour_to_snowflake.py took 0.088 seconds
[2025-09-15T11:50:37.751+0000] {processor.py:161} INFO - Started process (PID=10861) to work on /opt/airflow/dags/load_hour_to_snowflake.py
[2025-09-15T11:50:37.752+0000] {processor.py:830} INFO - Processing file /opt/airflow/dags/load_hour_to_snowflake.py for tasks to queue
[2025-09-15T11:50:37.753+0000] {logging_mixin.py:188} INFO - [2025-09-15T11:50:37.753+0000] {dagbag.py:540} INFO - Filling up the DagBag from /opt/airflow/dags/load_hour_to_snowflake.py
[2025-09-15T11:50:37.789+0000] {processor.py:840} INFO - DAG(s) 'load_hour_to_snowflake' retrieved from /opt/airflow/dags/load_hour_to_snowflake.py
[2025-09-15T11:50:37.848+0000] {logging_mixin.py:188} INFO - [2025-09-15T11:50:37.847+0000] {dag.py:3096} INFO - Sync 1 DAGs
[2025-09-15T11:50:37.870+0000] {logging_mixin.py:188} INFO - [2025-09-15T11:50:37.870+0000] {dag.py:3954} INFO - Setting next_dagrun for load_hour_to_snowflake to None, run_after=None
[2025-09-15T11:50:37.926+0000] {processor.py:183} INFO - Processing /opt/airflow/dags/load_hour_to_snowflake.py took 0.184 seconds
[2025-09-15T11:51:08.652+0000] {processor.py:161} INFO - Started process (PID=10896) to work on /opt/airflow/dags/load_hour_to_snowflake.py
[2025-09-15T11:51:08.653+0000] {processor.py:830} INFO - Processing file /opt/airflow/dags/load_hour_to_snowflake.py for tasks to queue
[2025-09-15T11:51:08.654+0000] {logging_mixin.py:188} INFO - [2025-09-15T11:51:08.654+0000] {dagbag.py:540} INFO - Filling up the DagBag from /opt/airflow/dags/load_hour_to_snowflake.py
[2025-09-15T11:51:08.671+0000] {processor.py:840} INFO - DAG(s) 'load_hour_to_snowflake' retrieved from /opt/airflow/dags/load_hour_to_snowflake.py
[2025-09-15T11:51:08.698+0000] {logging_mixin.py:188} INFO - [2025-09-15T11:51:08.697+0000] {dag.py:3096} INFO - Sync 1 DAGs
[2025-09-15T11:51:08.710+0000] {logging_mixin.py:188} INFO - [2025-09-15T11:51:08.709+0000] {dag.py:3954} INFO - Setting next_dagrun for load_hour_to_snowflake to None, run_after=None
[2025-09-15T11:51:08.728+0000] {processor.py:183} INFO - Processing /opt/airflow/dags/load_hour_to_snowflake.py took 0.081 seconds
