[2025-09-15T06:01:12.156+0000] {processor.py:161} INFO - Started process (PID=185) to work on /opt/airflow/dags/load_day_to_snowflake.py
[2025-09-15T06:01:12.162+0000] {processor.py:830} INFO - Processing file /opt/airflow/dags/load_day_to_snowflake.py for tasks to queue
[2025-09-15T06:01:12.175+0000] {logging_mixin.py:188} INFO - [2025-09-15T06:01:12.175+0000] {dagbag.py:540} INFO - Filling up the DagBag from /opt/airflow/dags/load_day_to_snowflake.py
[2025-09-15T06:01:12.203+0000] {processor.py:840} INFO - DAG(s) 'load_day_to_snowflake' retrieved from /opt/airflow/dags/load_day_to_snowflake.py
[2025-09-15T06:01:12.227+0000] {logging_mixin.py:188} INFO - [2025-09-15T06:01:12.226+0000] {dag.py:3096} INFO - Sync 1 DAGs
[2025-09-15T06:01:12.259+0000] {logging_mixin.py:188} INFO - [2025-09-15T06:01:12.258+0000] {dag.py:3954} INFO - Setting next_dagrun for load_day_to_snowflake to None, run_after=None
[2025-09-15T06:01:12.306+0000] {processor.py:183} INFO - Processing /opt/airflow/dags/load_day_to_snowflake.py took 0.171 seconds
[2025-09-15T06:01:42.830+0000] {processor.py:161} INFO - Started process (PID=220) to work on /opt/airflow/dags/load_day_to_snowflake.py
[2025-09-15T06:01:42.832+0000] {processor.py:830} INFO - Processing file /opt/airflow/dags/load_day_to_snowflake.py for tasks to queue
[2025-09-15T06:01:42.836+0000] {logging_mixin.py:188} INFO - [2025-09-15T06:01:42.836+0000] {dagbag.py:540} INFO - Filling up the DagBag from /opt/airflow/dags/load_day_to_snowflake.py
[2025-09-15T06:01:42.973+0000] {processor.py:840} INFO - DAG(s) 'load_day_to_snowflake' retrieved from /opt/airflow/dags/load_day_to_snowflake.py
[2025-09-15T06:01:42.303+0000] {logging_mixin.py:188} INFO - [2025-09-15T06:01:42.303+0000] {dag.py:3096} INFO - Sync 1 DAGs
[2025-09-15T06:01:42.315+0000] {logging_mixin.py:188} INFO - [2025-09-15T06:01:42.315+0000] {dag.py:3954} INFO - Setting next_dagrun for load_day_to_snowflake to None, run_after=None
[2025-09-15T06:01:42.348+0000] {processor.py:183} INFO - Processing /opt/airflow/dags/load_day_to_snowflake.py took 0.582 seconds
[2025-09-15T06:02:12.976+0000] {processor.py:161} INFO - Started process (PID=249) to work on /opt/airflow/dags/load_day_to_snowflake.py
[2025-09-15T06:02:12.981+0000] {processor.py:830} INFO - Processing file /opt/airflow/dags/load_day_to_snowflake.py for tasks to queue
[2025-09-15T06:02:13.002+0000] {logging_mixin.py:188} INFO - [2025-09-15T06:02:13.000+0000] {dagbag.py:540} INFO - Filling up the DagBag from /opt/airflow/dags/load_day_to_snowflake.py
[2025-09-15T06:02:13.108+0000] {processor.py:840} INFO - DAG(s) 'load_day_to_snowflake' retrieved from /opt/airflow/dags/load_day_to_snowflake.py
[2025-09-15T06:02:13.256+0000] {logging_mixin.py:188} INFO - [2025-09-15T06:02:13.255+0000] {dag.py:3096} INFO - Sync 1 DAGs
[2025-09-15T06:02:13.294+0000] {logging_mixin.py:188} INFO - [2025-09-15T06:02:13.294+0000] {dag.py:3954} INFO - Setting next_dagrun for load_day_to_snowflake to None, run_after=None
[2025-09-15T06:02:13.338+0000] {processor.py:183} INFO - Processing /opt/airflow/dags/load_day_to_snowflake.py took 0.448 seconds
[2025-09-15T06:02:43.815+0000] {processor.py:161} INFO - Started process (PID=290) to work on /opt/airflow/dags/load_day_to_snowflake.py
[2025-09-15T06:02:43.817+0000] {processor.py:830} INFO - Processing file /opt/airflow/dags/load_day_to_snowflake.py for tasks to queue
[2025-09-15T06:02:43.819+0000] {logging_mixin.py:188} INFO - [2025-09-15T06:02:43.818+0000] {dagbag.py:540} INFO - Filling up the DagBag from /opt/airflow/dags/load_day_to_snowflake.py
[2025-09-15T06:02:43.836+0000] {processor.py:840} INFO - DAG(s) 'load_day_to_snowflake' retrieved from /opt/airflow/dags/load_day_to_snowflake.py
[2025-09-15T06:02:43.860+0000] {logging_mixin.py:188} INFO - [2025-09-15T06:02:43.860+0000] {dag.py:3096} INFO - Sync 1 DAGs
[2025-09-15T06:02:43.872+0000] {logging_mixin.py:188} INFO - [2025-09-15T06:02:43.871+0000] {dag.py:3954} INFO - Setting next_dagrun for load_day_to_snowflake to None, run_after=None
[2025-09-15T06:02:43.890+0000] {processor.py:183} INFO - Processing /opt/airflow/dags/load_day_to_snowflake.py took 0.080 seconds
[2025-09-15T06:03:14.696+0000] {processor.py:161} INFO - Started process (PID=329) to work on /opt/airflow/dags/load_day_to_snowflake.py
[2025-09-15T06:03:14.708+0000] {processor.py:830} INFO - Processing file /opt/airflow/dags/load_day_to_snowflake.py for tasks to queue
[2025-09-15T06:03:14.717+0000] {logging_mixin.py:188} INFO - [2025-09-15T06:03:14.715+0000] {dagbag.py:540} INFO - Filling up the DagBag from /opt/airflow/dags/load_day_to_snowflake.py
[2025-09-15T06:03:14.771+0000] {processor.py:840} INFO - DAG(s) 'load_day_to_snowflake' retrieved from /opt/airflow/dags/load_day_to_snowflake.py
[2025-09-15T06:03:14.837+0000] {logging_mixin.py:188} INFO - [2025-09-15T06:03:14.835+0000] {dag.py:3096} INFO - Sync 1 DAGs
[2025-09-15T06:03:14.871+0000] {logging_mixin.py:188} INFO - [2025-09-15T06:03:14.869+0000] {dag.py:3954} INFO - Setting next_dagrun for load_day_to_snowflake to None, run_after=None
[2025-09-15T06:03:14.939+0000] {processor.py:183} INFO - Processing /opt/airflow/dags/load_day_to_snowflake.py took 0.267 seconds
[2025-09-15T06:03:45.108+0000] {processor.py:161} INFO - Started process (PID=371) to work on /opt/airflow/dags/load_day_to_snowflake.py
[2025-09-15T06:03:45.110+0000] {processor.py:830} INFO - Processing file /opt/airflow/dags/load_day_to_snowflake.py for tasks to queue
[2025-09-15T06:03:45.112+0000] {logging_mixin.py:188} INFO - [2025-09-15T06:03:45.112+0000] {dagbag.py:540} INFO - Filling up the DagBag from /opt/airflow/dags/load_day_to_snowflake.py
[2025-09-15T06:03:45.138+0000] {processor.py:840} INFO - DAG(s) 'load_day_to_snowflake' retrieved from /opt/airflow/dags/load_day_to_snowflake.py
[2025-09-15T06:03:45.179+0000] {logging_mixin.py:188} INFO - [2025-09-15T06:03:45.178+0000] {dag.py:3096} INFO - Sync 1 DAGs
[2025-09-15T06:03:45.197+0000] {logging_mixin.py:188} INFO - [2025-09-15T06:03:45.196+0000] {dag.py:3954} INFO - Setting next_dagrun for load_day_to_snowflake to None, run_after=None
[2025-09-15T06:03:45.223+0000] {processor.py:183} INFO - Processing /opt/airflow/dags/load_day_to_snowflake.py took 0.125 seconds
[2025-09-15T06:04:15.288+0000] {processor.py:161} INFO - Started process (PID=406) to work on /opt/airflow/dags/load_day_to_snowflake.py
[2025-09-15T06:04:15.290+0000] {processor.py:830} INFO - Processing file /opt/airflow/dags/load_day_to_snowflake.py for tasks to queue
[2025-09-15T06:04:15.299+0000] {logging_mixin.py:188} INFO - [2025-09-15T06:04:15.299+0000] {dagbag.py:540} INFO - Filling up the DagBag from /opt/airflow/dags/load_day_to_snowflake.py
[2025-09-15T06:04:15.318+0000] {processor.py:840} INFO - DAG(s) 'load_day_to_snowflake' retrieved from /opt/airflow/dags/load_day_to_snowflake.py
[2025-09-15T06:04:15.404+0000] {logging_mixin.py:188} INFO - [2025-09-15T06:04:15.403+0000] {dag.py:3096} INFO - Sync 1 DAGs
[2025-09-15T06:04:15.422+0000] {logging_mixin.py:188} INFO - [2025-09-15T06:04:15.422+0000] {dag.py:3954} INFO - Setting next_dagrun for load_day_to_snowflake to None, run_after=None
[2025-09-15T06:04:15.446+0000] {processor.py:183} INFO - Processing /opt/airflow/dags/load_day_to_snowflake.py took 0.164 seconds
[2025-09-15T06:04:45.718+0000] {processor.py:161} INFO - Started process (PID=436) to work on /opt/airflow/dags/load_day_to_snowflake.py
[2025-09-15T06:04:45.721+0000] {processor.py:830} INFO - Processing file /opt/airflow/dags/load_day_to_snowflake.py for tasks to queue
[2025-09-15T06:04:45.730+0000] {logging_mixin.py:188} INFO - [2025-09-15T06:04:45.728+0000] {dagbag.py:540} INFO - Filling up the DagBag from /opt/airflow/dags/load_day_to_snowflake.py
[2025-09-15T06:04:45.771+0000] {processor.py:840} INFO - DAG(s) 'load_day_to_snowflake' retrieved from /opt/airflow/dags/load_day_to_snowflake.py
[2025-09-15T06:04:45.839+0000] {logging_mixin.py:188} INFO - [2025-09-15T06:04:45.837+0000] {dag.py:3096} INFO - Sync 1 DAGs
[2025-09-15T06:04:45.883+0000] {logging_mixin.py:188} INFO - [2025-09-15T06:04:45.882+0000] {dag.py:3954} INFO - Setting next_dagrun for load_day_to_snowflake to None, run_after=None
[2025-09-15T06:04:45.959+0000] {processor.py:183} INFO - Processing /opt/airflow/dags/load_day_to_snowflake.py took 0.251 seconds
[2025-09-15T06:05:16.365+0000] {processor.py:161} INFO - Started process (PID=469) to work on /opt/airflow/dags/load_day_to_snowflake.py
[2025-09-15T06:05:16.366+0000] {processor.py:830} INFO - Processing file /opt/airflow/dags/load_day_to_snowflake.py for tasks to queue
[2025-09-15T06:05:16.369+0000] {logging_mixin.py:188} INFO - [2025-09-15T06:05:16.368+0000] {dagbag.py:540} INFO - Filling up the DagBag from /opt/airflow/dags/load_day_to_snowflake.py
[2025-09-15T06:05:16.389+0000] {processor.py:840} INFO - DAG(s) 'load_day_to_snowflake' retrieved from /opt/airflow/dags/load_day_to_snowflake.py
[2025-09-15T06:05:16.420+0000] {logging_mixin.py:188} INFO - [2025-09-15T06:05:16.420+0000] {dag.py:3096} INFO - Sync 1 DAGs
[2025-09-15T06:05:16.436+0000] {logging_mixin.py:188} INFO - [2025-09-15T06:05:16.436+0000] {dag.py:3954} INFO - Setting next_dagrun for load_day_to_snowflake to None, run_after=None
[2025-09-15T06:05:16.489+0000] {processor.py:183} INFO - Processing /opt/airflow/dags/load_day_to_snowflake.py took 0.130 seconds
[2025-09-15T06:05:47.026+0000] {processor.py:161} INFO - Started process (PID=504) to work on /opt/airflow/dags/load_day_to_snowflake.py
[2025-09-15T06:05:47.028+0000] {processor.py:830} INFO - Processing file /opt/airflow/dags/load_day_to_snowflake.py for tasks to queue
[2025-09-15T06:05:47.033+0000] {logging_mixin.py:188} INFO - [2025-09-15T06:05:47.031+0000] {dagbag.py:540} INFO - Filling up the DagBag from /opt/airflow/dags/load_day_to_snowflake.py
[2025-09-15T06:05:47.067+0000] {processor.py:840} INFO - DAG(s) 'load_day_to_snowflake' retrieved from /opt/airflow/dags/load_day_to_snowflake.py
[2025-09-15T06:05:47.116+0000] {logging_mixin.py:188} INFO - [2025-09-15T06:05:47.115+0000] {dag.py:3096} INFO - Sync 1 DAGs
[2025-09-15T06:05:47.134+0000] {logging_mixin.py:188} INFO - [2025-09-15T06:05:47.134+0000] {dag.py:3954} INFO - Setting next_dagrun for load_day_to_snowflake to None, run_after=None
[2025-09-15T06:05:47.172+0000] {processor.py:183} INFO - Processing /opt/airflow/dags/load_day_to_snowflake.py took 0.153 seconds
[2025-09-15T06:06:18.043+0000] {processor.py:161} INFO - Started process (PID=539) to work on /opt/airflow/dags/load_day_to_snowflake.py
[2025-09-15T06:06:18.044+0000] {processor.py:830} INFO - Processing file /opt/airflow/dags/load_day_to_snowflake.py for tasks to queue
[2025-09-15T06:06:18.046+0000] {logging_mixin.py:188} INFO - [2025-09-15T06:06:18.046+0000] {dagbag.py:540} INFO - Filling up the DagBag from /opt/airflow/dags/load_day_to_snowflake.py
[2025-09-15T06:06:18.066+0000] {processor.py:840} INFO - DAG(s) 'load_day_to_snowflake' retrieved from /opt/airflow/dags/load_day_to_snowflake.py
[2025-09-15T06:06:18.095+0000] {logging_mixin.py:188} INFO - [2025-09-15T06:06:18.094+0000] {dag.py:3096} INFO - Sync 1 DAGs
[2025-09-15T06:06:18.108+0000] {logging_mixin.py:188} INFO - [2025-09-15T06:06:18.108+0000] {dag.py:3954} INFO - Setting next_dagrun for load_day_to_snowflake to None, run_after=None
[2025-09-15T06:06:18.130+0000] {processor.py:183} INFO - Processing /opt/airflow/dags/load_day_to_snowflake.py took 0.094 seconds
[2025-09-15T06:06:48.829+0000] {processor.py:161} INFO - Started process (PID=574) to work on /opt/airflow/dags/load_day_to_snowflake.py
[2025-09-15T06:06:48.830+0000] {processor.py:830} INFO - Processing file /opt/airflow/dags/load_day_to_snowflake.py for tasks to queue
[2025-09-15T06:06:48.832+0000] {logging_mixin.py:188} INFO - [2025-09-15T06:06:48.831+0000] {dagbag.py:540} INFO - Filling up the DagBag from /opt/airflow/dags/load_day_to_snowflake.py
[2025-09-15T06:06:48.849+0000] {processor.py:840} INFO - DAG(s) 'load_day_to_snowflake' retrieved from /opt/airflow/dags/load_day_to_snowflake.py
[2025-09-15T06:06:48.875+0000] {logging_mixin.py:188} INFO - [2025-09-15T06:06:48.875+0000] {dag.py:3096} INFO - Sync 1 DAGs
[2025-09-15T06:06:48.887+0000] {logging_mixin.py:188} INFO - [2025-09-15T06:06:48.887+0000] {dag.py:3954} INFO - Setting next_dagrun for load_day_to_snowflake to None, run_after=None
[2025-09-15T06:06:48.907+0000] {processor.py:183} INFO - Processing /opt/airflow/dags/load_day_to_snowflake.py took 0.083 seconds
[2025-09-15T06:07:19.306+0000] {processor.py:161} INFO - Started process (PID=609) to work on /opt/airflow/dags/load_day_to_snowflake.py
[2025-09-15T06:07:19.307+0000] {processor.py:830} INFO - Processing file /opt/airflow/dags/load_day_to_snowflake.py for tasks to queue
[2025-09-15T06:07:19.309+0000] {logging_mixin.py:188} INFO - [2025-09-15T06:07:19.309+0000] {dagbag.py:540} INFO - Filling up the DagBag from /opt/airflow/dags/load_day_to_snowflake.py
[2025-09-15T06:07:19.326+0000] {processor.py:840} INFO - DAG(s) 'load_day_to_snowflake' retrieved from /opt/airflow/dags/load_day_to_snowflake.py
[2025-09-15T06:07:19.366+0000] {logging_mixin.py:188} INFO - [2025-09-15T06:07:19.365+0000] {dag.py:3096} INFO - Sync 1 DAGs
[2025-09-15T06:07:19.377+0000] {logging_mixin.py:188} INFO - [2025-09-15T06:07:19.377+0000] {dag.py:3954} INFO - Setting next_dagrun for load_day_to_snowflake to None, run_after=None
[2025-09-15T06:07:19.398+0000] {processor.py:183} INFO - Processing /opt/airflow/dags/load_day_to_snowflake.py took 0.098 seconds
[2025-09-15T06:07:50.011+0000] {processor.py:161} INFO - Started process (PID=644) to work on /opt/airflow/dags/load_day_to_snowflake.py
[2025-09-15T06:07:50.012+0000] {processor.py:830} INFO - Processing file /opt/airflow/dags/load_day_to_snowflake.py for tasks to queue
[2025-09-15T06:07:50.015+0000] {logging_mixin.py:188} INFO - [2025-09-15T06:07:50.014+0000] {dagbag.py:540} INFO - Filling up the DagBag from /opt/airflow/dags/load_day_to_snowflake.py
[2025-09-15T06:07:50.032+0000] {processor.py:840} INFO - DAG(s) 'load_day_to_snowflake' retrieved from /opt/airflow/dags/load_day_to_snowflake.py
[2025-09-15T06:07:50.059+0000] {logging_mixin.py:188} INFO - [2025-09-15T06:07:50.058+0000] {dag.py:3096} INFO - Sync 1 DAGs
[2025-09-15T06:07:50.072+0000] {logging_mixin.py:188} INFO - [2025-09-15T06:07:50.072+0000] {dag.py:3954} INFO - Setting next_dagrun for load_day_to_snowflake to None, run_after=None
[2025-09-15T06:07:50.096+0000] {processor.py:183} INFO - Processing /opt/airflow/dags/load_day_to_snowflake.py took 0.091 seconds
[2025-09-15T06:08:20.630+0000] {processor.py:161} INFO - Started process (PID=679) to work on /opt/airflow/dags/load_day_to_snowflake.py
[2025-09-15T06:08:20.631+0000] {processor.py:830} INFO - Processing file /opt/airflow/dags/load_day_to_snowflake.py for tasks to queue
[2025-09-15T06:08:20.633+0000] {logging_mixin.py:188} INFO - [2025-09-15T06:08:20.633+0000] {dagbag.py:540} INFO - Filling up the DagBag from /opt/airflow/dags/load_day_to_snowflake.py
[2025-09-15T06:08:20.650+0000] {processor.py:840} INFO - DAG(s) 'load_day_to_snowflake' retrieved from /opt/airflow/dags/load_day_to_snowflake.py
[2025-09-15T06:08:20.678+0000] {logging_mixin.py:188} INFO - [2025-09-15T06:08:20.678+0000] {dag.py:3096} INFO - Sync 1 DAGs
[2025-09-15T06:08:20.691+0000] {logging_mixin.py:188} INFO - [2025-09-15T06:08:20.691+0000] {dag.py:3954} INFO - Setting next_dagrun for load_day_to_snowflake to None, run_after=None
[2025-09-15T06:08:20.716+0000] {processor.py:183} INFO - Processing /opt/airflow/dags/load_day_to_snowflake.py took 0.092 seconds
[2025-09-15T06:08:50.975+0000] {processor.py:161} INFO - Started process (PID=714) to work on /opt/airflow/dags/load_day_to_snowflake.py
[2025-09-15T06:08:50.979+0000] {processor.py:830} INFO - Processing file /opt/airflow/dags/load_day_to_snowflake.py for tasks to queue
[2025-09-15T06:08:50.989+0000] {logging_mixin.py:188} INFO - [2025-09-15T06:08:50.986+0000] {dagbag.py:540} INFO - Filling up the DagBag from /opt/airflow/dags/load_day_to_snowflake.py
[2025-09-15T06:08:51.052+0000] {processor.py:840} INFO - DAG(s) 'load_day_to_snowflake' retrieved from /opt/airflow/dags/load_day_to_snowflake.py
[2025-09-15T06:08:51.156+0000] {logging_mixin.py:188} INFO - [2025-09-15T06:08:51.155+0000] {dag.py:3096} INFO - Sync 1 DAGs
[2025-09-15T06:08:51.193+0000] {logging_mixin.py:188} INFO - [2025-09-15T06:08:51.193+0000] {dag.py:3954} INFO - Setting next_dagrun for load_day_to_snowflake to None, run_after=None
[2025-09-15T06:08:51.265+0000] {processor.py:183} INFO - Processing /opt/airflow/dags/load_day_to_snowflake.py took 0.320 seconds
[2025-09-15T06:09:22.130+0000] {processor.py:161} INFO - Started process (PID=749) to work on /opt/airflow/dags/load_day_to_snowflake.py
[2025-09-15T06:09:22.131+0000] {processor.py:830} INFO - Processing file /opt/airflow/dags/load_day_to_snowflake.py for tasks to queue
[2025-09-15T06:09:22.133+0000] {logging_mixin.py:188} INFO - [2025-09-15T06:09:22.133+0000] {dagbag.py:540} INFO - Filling up the DagBag from /opt/airflow/dags/load_day_to_snowflake.py
[2025-09-15T06:09:22.154+0000] {processor.py:840} INFO - DAG(s) 'load_day_to_snowflake' retrieved from /opt/airflow/dags/load_day_to_snowflake.py
[2025-09-15T06:09:22.201+0000] {logging_mixin.py:188} INFO - [2025-09-15T06:09:22.201+0000] {dag.py:3096} INFO - Sync 1 DAGs
[2025-09-15T06:09:22.225+0000] {logging_mixin.py:188} INFO - [2025-09-15T06:09:22.224+0000] {dag.py:3954} INFO - Setting next_dagrun for load_day_to_snowflake to None, run_after=None
[2025-09-15T06:09:22.251+0000] {processor.py:183} INFO - Processing /opt/airflow/dags/load_day_to_snowflake.py took 0.126 seconds
[2025-09-15T06:09:52.500+0000] {processor.py:161} INFO - Started process (PID=784) to work on /opt/airflow/dags/load_day_to_snowflake.py
[2025-09-15T06:09:52.506+0000] {processor.py:830} INFO - Processing file /opt/airflow/dags/load_day_to_snowflake.py for tasks to queue
[2025-09-15T06:09:52.513+0000] {logging_mixin.py:188} INFO - [2025-09-15T06:09:52.511+0000] {dagbag.py:540} INFO - Filling up the DagBag from /opt/airflow/dags/load_day_to_snowflake.py
[2025-09-15T06:09:52.582+0000] {processor.py:840} INFO - DAG(s) 'load_day_to_snowflake' retrieved from /opt/airflow/dags/load_day_to_snowflake.py
[2025-09-15T06:09:52.643+0000] {logging_mixin.py:188} INFO - [2025-09-15T06:09:52.642+0000] {dag.py:3096} INFO - Sync 1 DAGs
[2025-09-15T06:09:52.679+0000] {logging_mixin.py:188} INFO - [2025-09-15T06:09:52.678+0000] {dag.py:3954} INFO - Setting next_dagrun for load_day_to_snowflake to None, run_after=None
[2025-09-15T06:09:52.727+0000] {processor.py:183} INFO - Processing /opt/airflow/dags/load_day_to_snowflake.py took 0.242 seconds
[2025-09-15T06:10:23.481+0000] {processor.py:161} INFO - Started process (PID=819) to work on /opt/airflow/dags/load_day_to_snowflake.py
[2025-09-15T06:10:23.482+0000] {processor.py:830} INFO - Processing file /opt/airflow/dags/load_day_to_snowflake.py for tasks to queue
[2025-09-15T06:10:23.485+0000] {logging_mixin.py:188} INFO - [2025-09-15T06:10:23.484+0000] {dagbag.py:540} INFO - Filling up the DagBag from /opt/airflow/dags/load_day_to_snowflake.py
[2025-09-15T06:10:23.509+0000] {processor.py:840} INFO - DAG(s) 'load_day_to_snowflake' retrieved from /opt/airflow/dags/load_day_to_snowflake.py
[2025-09-15T06:10:23.541+0000] {logging_mixin.py:188} INFO - [2025-09-15T06:10:23.541+0000] {dag.py:3096} INFO - Sync 1 DAGs
[2025-09-15T06:10:23.556+0000] {logging_mixin.py:188} INFO - [2025-09-15T06:10:23.556+0000] {dag.py:3954} INFO - Setting next_dagrun for load_day_to_snowflake to None, run_after=None
[2025-09-15T06:10:23.581+0000] {processor.py:183} INFO - Processing /opt/airflow/dags/load_day_to_snowflake.py took 0.107 seconds
[2025-09-15T06:10:54.082+0000] {processor.py:161} INFO - Started process (PID=854) to work on /opt/airflow/dags/load_day_to_snowflake.py
[2025-09-15T06:10:54.084+0000] {processor.py:830} INFO - Processing file /opt/airflow/dags/load_day_to_snowflake.py for tasks to queue
[2025-09-15T06:10:54.086+0000] {logging_mixin.py:188} INFO - [2025-09-15T06:10:54.086+0000] {dagbag.py:540} INFO - Filling up the DagBag from /opt/airflow/dags/load_day_to_snowflake.py
[2025-09-15T06:10:54.104+0000] {processor.py:840} INFO - DAG(s) 'load_day_to_snowflake' retrieved from /opt/airflow/dags/load_day_to_snowflake.py
[2025-09-15T06:10:54.138+0000] {logging_mixin.py:188} INFO - [2025-09-15T06:10:54.137+0000] {dag.py:3096} INFO - Sync 1 DAGs
[2025-09-15T06:10:54.153+0000] {logging_mixin.py:188} INFO - [2025-09-15T06:10:54.152+0000] {dag.py:3954} INFO - Setting next_dagrun for load_day_to_snowflake to None, run_after=None
[2025-09-15T06:10:54.177+0000] {processor.py:183} INFO - Processing /opt/airflow/dags/load_day_to_snowflake.py took 0.103 seconds
[2025-09-15T06:11:24.512+0000] {processor.py:161} INFO - Started process (PID=891) to work on /opt/airflow/dags/load_day_to_snowflake.py
[2025-09-15T06:11:24.515+0000] {processor.py:830} INFO - Processing file /opt/airflow/dags/load_day_to_snowflake.py for tasks to queue
[2025-09-15T06:11:24.524+0000] {logging_mixin.py:188} INFO - [2025-09-15T06:11:24.523+0000] {dagbag.py:540} INFO - Filling up the DagBag from /opt/airflow/dags/load_day_to_snowflake.py
[2025-09-15T06:11:24.577+0000] {processor.py:840} INFO - DAG(s) 'load_day_to_snowflake' retrieved from /opt/airflow/dags/load_day_to_snowflake.py
[2025-09-15T06:11:24.637+0000] {logging_mixin.py:188} INFO - [2025-09-15T06:11:24.636+0000] {dag.py:3096} INFO - Sync 1 DAGs
[2025-09-15T06:11:24.670+0000] {logging_mixin.py:188} INFO - [2025-09-15T06:11:24.669+0000] {dag.py:3954} INFO - Setting next_dagrun for load_day_to_snowflake to None, run_after=None
[2025-09-15T06:11:24.717+0000] {processor.py:183} INFO - Processing /opt/airflow/dags/load_day_to_snowflake.py took 0.216 seconds
[2025-09-15T06:11:55.378+0000] {processor.py:161} INFO - Started process (PID=924) to work on /opt/airflow/dags/load_day_to_snowflake.py
[2025-09-15T06:11:55.379+0000] {processor.py:830} INFO - Processing file /opt/airflow/dags/load_day_to_snowflake.py for tasks to queue
[2025-09-15T06:11:55.381+0000] {logging_mixin.py:188} INFO - [2025-09-15T06:11:55.381+0000] {dagbag.py:540} INFO - Filling up the DagBag from /opt/airflow/dags/load_day_to_snowflake.py
[2025-09-15T06:11:55.408+0000] {processor.py:840} INFO - DAG(s) 'load_day_to_snowflake' retrieved from /opt/airflow/dags/load_day_to_snowflake.py
[2025-09-15T06:11:55.474+0000] {logging_mixin.py:188} INFO - [2025-09-15T06:11:55.470+0000] {dag.py:3096} INFO - Sync 1 DAGs
[2025-09-15T06:11:55.495+0000] {logging_mixin.py:188} INFO - [2025-09-15T06:11:55.495+0000] {dag.py:3954} INFO - Setting next_dagrun for load_day_to_snowflake to None, run_after=None
[2025-09-15T06:11:55.537+0000] {processor.py:183} INFO - Processing /opt/airflow/dags/load_day_to_snowflake.py took 0.166 seconds
[2025-09-15T06:12:26.026+0000] {processor.py:161} INFO - Started process (PID=959) to work on /opt/airflow/dags/load_day_to_snowflake.py
[2025-09-15T06:12:26.028+0000] {processor.py:830} INFO - Processing file /opt/airflow/dags/load_day_to_snowflake.py for tasks to queue
[2025-09-15T06:12:26.030+0000] {logging_mixin.py:188} INFO - [2025-09-15T06:12:26.029+0000] {dagbag.py:540} INFO - Filling up the DagBag from /opt/airflow/dags/load_day_to_snowflake.py
[2025-09-15T06:12:26.051+0000] {processor.py:840} INFO - DAG(s) 'load_day_to_snowflake' retrieved from /opt/airflow/dags/load_day_to_snowflake.py
[2025-09-15T06:12:26.082+0000] {logging_mixin.py:188} INFO - [2025-09-15T06:12:26.081+0000] {dag.py:3096} INFO - Sync 1 DAGs
[2025-09-15T06:12:26.094+0000] {logging_mixin.py:188} INFO - [2025-09-15T06:12:26.094+0000] {dag.py:3954} INFO - Setting next_dagrun for load_day_to_snowflake to None, run_after=None
[2025-09-15T06:12:26.117+0000] {processor.py:183} INFO - Processing /opt/airflow/dags/load_day_to_snowflake.py took 0.098 seconds
[2025-09-15T06:12:56.499+0000] {processor.py:161} INFO - Started process (PID=994) to work on /opt/airflow/dags/load_day_to_snowflake.py
[2025-09-15T06:12:56.500+0000] {processor.py:830} INFO - Processing file /opt/airflow/dags/load_day_to_snowflake.py for tasks to queue
[2025-09-15T06:12:56.503+0000] {logging_mixin.py:188} INFO - [2025-09-15T06:12:56.502+0000] {dagbag.py:540} INFO - Filling up the DagBag from /opt/airflow/dags/load_day_to_snowflake.py
[2025-09-15T06:12:56.520+0000] {processor.py:840} INFO - DAG(s) 'load_day_to_snowflake' retrieved from /opt/airflow/dags/load_day_to_snowflake.py
[2025-09-15T06:12:56.547+0000] {logging_mixin.py:188} INFO - [2025-09-15T06:12:56.546+0000] {dag.py:3096} INFO - Sync 1 DAGs
[2025-09-15T06:12:56.557+0000] {logging_mixin.py:188} INFO - [2025-09-15T06:12:56.557+0000] {dag.py:3954} INFO - Setting next_dagrun for load_day_to_snowflake to None, run_after=None
[2025-09-15T06:12:56.580+0000] {processor.py:183} INFO - Processing /opt/airflow/dags/load_day_to_snowflake.py took 0.087 seconds
[2025-09-15T06:13:27.086+0000] {processor.py:161} INFO - Started process (PID=1029) to work on /opt/airflow/dags/load_day_to_snowflake.py
[2025-09-15T06:13:27.094+0000] {processor.py:830} INFO - Processing file /opt/airflow/dags/load_day_to_snowflake.py for tasks to queue
[2025-09-15T06:13:27.100+0000] {logging_mixin.py:188} INFO - [2025-09-15T06:13:27.100+0000] {dagbag.py:540} INFO - Filling up the DagBag from /opt/airflow/dags/load_day_to_snowflake.py
[2025-09-15T06:13:27.126+0000] {processor.py:840} INFO - DAG(s) 'load_day_to_snowflake' retrieved from /opt/airflow/dags/load_day_to_snowflake.py
[2025-09-15T06:13:27.162+0000] {logging_mixin.py:188} INFO - [2025-09-15T06:13:27.161+0000] {dag.py:3096} INFO - Sync 1 DAGs
[2025-09-15T06:13:27.182+0000] {logging_mixin.py:188} INFO - [2025-09-15T06:13:27.182+0000] {dag.py:3954} INFO - Setting next_dagrun for load_day_to_snowflake to None, run_after=None
[2025-09-15T06:13:27.258+0000] {processor.py:183} INFO - Processing /opt/airflow/dags/load_day_to_snowflake.py took 0.180 seconds
[2025-09-15T06:13:58.256+0000] {processor.py:161} INFO - Started process (PID=1064) to work on /opt/airflow/dags/load_day_to_snowflake.py
[2025-09-15T06:13:58.259+0000] {processor.py:830} INFO - Processing file /opt/airflow/dags/load_day_to_snowflake.py for tasks to queue
[2025-09-15T06:13:58.267+0000] {logging_mixin.py:188} INFO - [2025-09-15T06:13:58.266+0000] {dagbag.py:540} INFO - Filling up the DagBag from /opt/airflow/dags/load_day_to_snowflake.py
[2025-09-15T06:13:58.310+0000] {processor.py:840} INFO - DAG(s) 'load_day_to_snowflake' retrieved from /opt/airflow/dags/load_day_to_snowflake.py
[2025-09-15T06:13:58.386+0000] {logging_mixin.py:188} INFO - [2025-09-15T06:13:58.386+0000] {dag.py:3096} INFO - Sync 1 DAGs
[2025-09-15T06:13:58.401+0000] {logging_mixin.py:188} INFO - [2025-09-15T06:13:58.400+0000] {dag.py:3954} INFO - Setting next_dagrun for load_day_to_snowflake to None, run_after=None
[2025-09-15T06:13:58.427+0000] {processor.py:183} INFO - Processing /opt/airflow/dags/load_day_to_snowflake.py took 0.180 seconds
[2025-09-15T06:14:29.011+0000] {processor.py:161} INFO - Started process (PID=1099) to work on /opt/airflow/dags/load_day_to_snowflake.py
[2025-09-15T06:14:29.012+0000] {processor.py:830} INFO - Processing file /opt/airflow/dags/load_day_to_snowflake.py for tasks to queue
[2025-09-15T06:14:29.014+0000] {logging_mixin.py:188} INFO - [2025-09-15T06:14:29.013+0000] {dagbag.py:540} INFO - Filling up the DagBag from /opt/airflow/dags/load_day_to_snowflake.py
[2025-09-15T06:14:29.039+0000] {processor.py:840} INFO - DAG(s) 'load_day_to_snowflake' retrieved from /opt/airflow/dags/load_day_to_snowflake.py
[2025-09-15T06:14:29.075+0000] {logging_mixin.py:188} INFO - [2025-09-15T06:14:29.073+0000] {dag.py:3096} INFO - Sync 1 DAGs
[2025-09-15T06:14:29.111+0000] {logging_mixin.py:188} INFO - [2025-09-15T06:14:29.110+0000] {dag.py:3954} INFO - Setting next_dagrun for load_day_to_snowflake to None, run_after=None
[2025-09-15T06:14:29.213+0000] {processor.py:183} INFO - Processing /opt/airflow/dags/load_day_to_snowflake.py took 0.209 seconds
[2025-09-15T06:14:59.477+0000] {processor.py:161} INFO - Started process (PID=1138) to work on /opt/airflow/dags/load_day_to_snowflake.py
[2025-09-15T06:14:59.479+0000] {processor.py:830} INFO - Processing file /opt/airflow/dags/load_day_to_snowflake.py for tasks to queue
[2025-09-15T06:14:59.482+0000] {logging_mixin.py:188} INFO - [2025-09-15T06:14:59.482+0000] {dagbag.py:540} INFO - Filling up the DagBag from /opt/airflow/dags/load_day_to_snowflake.py
[2025-09-15T06:14:59.517+0000] {processor.py:840} INFO - DAG(s) 'load_day_to_snowflake' retrieved from /opt/airflow/dags/load_day_to_snowflake.py
[2025-09-15T06:14:59.551+0000] {logging_mixin.py:188} INFO - [2025-09-15T06:14:59.550+0000] {dag.py:3096} INFO - Sync 1 DAGs
[2025-09-15T06:14:59.564+0000] {logging_mixin.py:188} INFO - [2025-09-15T06:14:59.564+0000] {dag.py:3954} INFO - Setting next_dagrun for load_day_to_snowflake to None, run_after=None
[2025-09-15T06:14:59.587+0000] {processor.py:183} INFO - Processing /opt/airflow/dags/load_day_to_snowflake.py took 0.117 seconds
[2025-09-15T06:15:30.131+0000] {processor.py:161} INFO - Started process (PID=1173) to work on /opt/airflow/dags/load_day_to_snowflake.py
[2025-09-15T06:15:30.132+0000] {processor.py:830} INFO - Processing file /opt/airflow/dags/load_day_to_snowflake.py for tasks to queue
[2025-09-15T06:15:30.134+0000] {logging_mixin.py:188} INFO - [2025-09-15T06:15:30.134+0000] {dagbag.py:540} INFO - Filling up the DagBag from /opt/airflow/dags/load_day_to_snowflake.py
[2025-09-15T06:15:30.152+0000] {processor.py:840} INFO - DAG(s) 'load_day_to_snowflake' retrieved from /opt/airflow/dags/load_day_to_snowflake.py
[2025-09-15T06:15:30.177+0000] {logging_mixin.py:188} INFO - [2025-09-15T06:15:30.176+0000] {dag.py:3096} INFO - Sync 1 DAGs
[2025-09-15T06:15:30.187+0000] {logging_mixin.py:188} INFO - [2025-09-15T06:15:30.187+0000] {dag.py:3954} INFO - Setting next_dagrun for load_day_to_snowflake to None, run_after=None
[2025-09-15T06:15:30.206+0000] {processor.py:183} INFO - Processing /opt/airflow/dags/load_day_to_snowflake.py took 0.081 seconds
[2025-09-15T06:16:00.441+0000] {processor.py:161} INFO - Started process (PID=1208) to work on /opt/airflow/dags/load_day_to_snowflake.py
[2025-09-15T06:16:00.442+0000] {processor.py:830} INFO - Processing file /opt/airflow/dags/load_day_to_snowflake.py for tasks to queue
[2025-09-15T06:16:00.444+0000] {logging_mixin.py:188} INFO - [2025-09-15T06:16:00.444+0000] {dagbag.py:540} INFO - Filling up the DagBag from /opt/airflow/dags/load_day_to_snowflake.py
[2025-09-15T06:16:00.461+0000] {processor.py:840} INFO - DAG(s) 'load_day_to_snowflake' retrieved from /opt/airflow/dags/load_day_to_snowflake.py
[2025-09-15T06:16:00.487+0000] {logging_mixin.py:188} INFO - [2025-09-15T06:16:00.487+0000] {dag.py:3096} INFO - Sync 1 DAGs
[2025-09-15T06:16:00.498+0000] {logging_mixin.py:188} INFO - [2025-09-15T06:16:00.498+0000] {dag.py:3954} INFO - Setting next_dagrun for load_day_to_snowflake to None, run_after=None
[2025-09-15T06:16:00.518+0000] {processor.py:183} INFO - Processing /opt/airflow/dags/load_day_to_snowflake.py took 0.082 seconds
[2025-09-15T06:16:31.442+0000] {processor.py:161} INFO - Started process (PID=1243) to work on /opt/airflow/dags/load_day_to_snowflake.py
[2025-09-15T06:16:31.443+0000] {processor.py:830} INFO - Processing file /opt/airflow/dags/load_day_to_snowflake.py for tasks to queue
[2025-09-15T06:16:31.445+0000] {logging_mixin.py:188} INFO - [2025-09-15T06:16:31.445+0000] {dagbag.py:540} INFO - Filling up the DagBag from /opt/airflow/dags/load_day_to_snowflake.py
[2025-09-15T06:16:31.464+0000] {processor.py:840} INFO - DAG(s) 'load_day_to_snowflake' retrieved from /opt/airflow/dags/load_day_to_snowflake.py
[2025-09-15T06:16:31.488+0000] {logging_mixin.py:188} INFO - [2025-09-15T06:16:31.487+0000] {dag.py:3096} INFO - Sync 1 DAGs
[2025-09-15T06:16:31.498+0000] {logging_mixin.py:188} INFO - [2025-09-15T06:16:31.498+0000] {dag.py:3954} INFO - Setting next_dagrun for load_day_to_snowflake to None, run_after=None
[2025-09-15T06:16:31.519+0000] {processor.py:183} INFO - Processing /opt/airflow/dags/load_day_to_snowflake.py took 0.083 seconds
[2025-09-15T06:17:01.783+0000] {processor.py:161} INFO - Started process (PID=1278) to work on /opt/airflow/dags/load_day_to_snowflake.py
[2025-09-15T06:17:01.784+0000] {processor.py:830} INFO - Processing file /opt/airflow/dags/load_day_to_snowflake.py for tasks to queue
[2025-09-15T06:17:01.787+0000] {logging_mixin.py:188} INFO - [2025-09-15T06:17:01.786+0000] {dagbag.py:540} INFO - Filling up the DagBag from /opt/airflow/dags/load_day_to_snowflake.py
[2025-09-15T06:17:01.811+0000] {processor.py:840} INFO - DAG(s) 'load_day_to_snowflake' retrieved from /opt/airflow/dags/load_day_to_snowflake.py
[2025-09-15T06:17:01.844+0000] {logging_mixin.py:188} INFO - [2025-09-15T06:17:01.844+0000] {dag.py:3096} INFO - Sync 1 DAGs
[2025-09-15T06:17:01.859+0000] {logging_mixin.py:188} INFO - [2025-09-15T06:17:01.858+0000] {dag.py:3954} INFO - Setting next_dagrun for load_day_to_snowflake to None, run_after=None
[2025-09-15T06:17:01.879+0000] {processor.py:183} INFO - Processing /opt/airflow/dags/load_day_to_snowflake.py took 0.102 seconds
[2025-09-15T06:17:32.252+0000] {processor.py:161} INFO - Started process (PID=1313) to work on /opt/airflow/dags/load_day_to_snowflake.py
[2025-09-15T06:17:32.253+0000] {processor.py:830} INFO - Processing file /opt/airflow/dags/load_day_to_snowflake.py for tasks to queue
[2025-09-15T06:17:32.255+0000] {logging_mixin.py:188} INFO - [2025-09-15T06:17:32.255+0000] {dagbag.py:540} INFO - Filling up the DagBag from /opt/airflow/dags/load_day_to_snowflake.py
[2025-09-15T06:17:32.272+0000] {processor.py:840} INFO - DAG(s) 'load_day_to_snowflake' retrieved from /opt/airflow/dags/load_day_to_snowflake.py
[2025-09-15T06:17:32.297+0000] {logging_mixin.py:188} INFO - [2025-09-15T06:17:32.297+0000] {dag.py:3096} INFO - Sync 1 DAGs
[2025-09-15T06:17:32.308+0000] {logging_mixin.py:188} INFO - [2025-09-15T06:17:32.308+0000] {dag.py:3954} INFO - Setting next_dagrun for load_day_to_snowflake to None, run_after=None
[2025-09-15T06:17:32.330+0000] {processor.py:183} INFO - Processing /opt/airflow/dags/load_day_to_snowflake.py took 0.084 seconds
[2025-09-15T06:18:02.641+0000] {processor.py:161} INFO - Started process (PID=1348) to work on /opt/airflow/dags/load_day_to_snowflake.py
[2025-09-15T06:18:02.642+0000] {processor.py:830} INFO - Processing file /opt/airflow/dags/load_day_to_snowflake.py for tasks to queue
[2025-09-15T06:18:02.645+0000] {logging_mixin.py:188} INFO - [2025-09-15T06:18:02.645+0000] {dagbag.py:540} INFO - Filling up the DagBag from /opt/airflow/dags/load_day_to_snowflake.py
[2025-09-15T06:18:02.663+0000] {processor.py:840} INFO - DAG(s) 'load_day_to_snowflake' retrieved from /opt/airflow/dags/load_day_to_snowflake.py
[2025-09-15T06:18:02.689+0000] {logging_mixin.py:188} INFO - [2025-09-15T06:18:02.689+0000] {dag.py:3096} INFO - Sync 1 DAGs
[2025-09-15T06:18:02.701+0000] {logging_mixin.py:188} INFO - [2025-09-15T06:18:02.701+0000] {dag.py:3954} INFO - Setting next_dagrun for load_day_to_snowflake to None, run_after=None
[2025-09-15T06:18:02.722+0000] {processor.py:183} INFO - Processing /opt/airflow/dags/load_day_to_snowflake.py took 0.087 seconds
[2025-09-15T06:18:32.939+0000] {processor.py:161} INFO - Started process (PID=1383) to work on /opt/airflow/dags/load_day_to_snowflake.py
[2025-09-15T06:18:32.940+0000] {processor.py:830} INFO - Processing file /opt/airflow/dags/load_day_to_snowflake.py for tasks to queue
[2025-09-15T06:18:32.942+0000] {logging_mixin.py:188} INFO - [2025-09-15T06:18:32.941+0000] {dagbag.py:540} INFO - Filling up the DagBag from /opt/airflow/dags/load_day_to_snowflake.py
[2025-09-15T06:18:32.959+0000] {processor.py:840} INFO - DAG(s) 'load_day_to_snowflake' retrieved from /opt/airflow/dags/load_day_to_snowflake.py
[2025-09-15T06:18:32.986+0000] {logging_mixin.py:188} INFO - [2025-09-15T06:18:32.985+0000] {dag.py:3096} INFO - Sync 1 DAGs
[2025-09-15T06:18:32.997+0000] {logging_mixin.py:188} INFO - [2025-09-15T06:18:32.997+0000] {dag.py:3954} INFO - Setting next_dagrun for load_day_to_snowflake to None, run_after=None
[2025-09-15T06:18:33.016+0000] {processor.py:183} INFO - Processing /opt/airflow/dags/load_day_to_snowflake.py took 0.083 seconds
[2025-09-15T06:19:03.386+0000] {processor.py:161} INFO - Started process (PID=1418) to work on /opt/airflow/dags/load_day_to_snowflake.py
[2025-09-15T06:19:03.387+0000] {processor.py:830} INFO - Processing file /opt/airflow/dags/load_day_to_snowflake.py for tasks to queue
[2025-09-15T06:19:03.389+0000] {logging_mixin.py:188} INFO - [2025-09-15T06:19:03.389+0000] {dagbag.py:540} INFO - Filling up the DagBag from /opt/airflow/dags/load_day_to_snowflake.py
[2025-09-15T06:19:03.408+0000] {processor.py:840} INFO - DAG(s) 'load_day_to_snowflake' retrieved from /opt/airflow/dags/load_day_to_snowflake.py
[2025-09-15T06:19:03.435+0000] {logging_mixin.py:188} INFO - [2025-09-15T06:19:03.434+0000] {dag.py:3096} INFO - Sync 1 DAGs
[2025-09-15T06:19:03.447+0000] {logging_mixin.py:188} INFO - [2025-09-15T06:19:03.447+0000] {dag.py:3954} INFO - Setting next_dagrun for load_day_to_snowflake to None, run_after=None
[2025-09-15T06:19:03.469+0000] {processor.py:183} INFO - Processing /opt/airflow/dags/load_day_to_snowflake.py took 0.097 seconds
[2025-09-15T06:19:33.850+0000] {processor.py:161} INFO - Started process (PID=1453) to work on /opt/airflow/dags/load_day_to_snowflake.py
[2025-09-15T06:19:33.851+0000] {processor.py:830} INFO - Processing file /opt/airflow/dags/load_day_to_snowflake.py for tasks to queue
[2025-09-15T06:19:33.855+0000] {logging_mixin.py:188} INFO - [2025-09-15T06:19:33.854+0000] {dagbag.py:540} INFO - Filling up the DagBag from /opt/airflow/dags/load_day_to_snowflake.py
[2025-09-15T06:19:33.878+0000] {processor.py:840} INFO - DAG(s) 'load_day_to_snowflake' retrieved from /opt/airflow/dags/load_day_to_snowflake.py
[2025-09-15T06:19:33.905+0000] {logging_mixin.py:188} INFO - [2025-09-15T06:19:33.905+0000] {dag.py:3096} INFO - Sync 1 DAGs
[2025-09-15T06:19:33.918+0000] {logging_mixin.py:188} INFO - [2025-09-15T06:19:33.918+0000] {dag.py:3954} INFO - Setting next_dagrun for load_day_to_snowflake to None, run_after=None
[2025-09-15T06:19:34.023+0000] {processor.py:183} INFO - Processing /opt/airflow/dags/load_day_to_snowflake.py took 0.181 seconds
[2025-09-15T06:20:04.289+0000] {processor.py:161} INFO - Started process (PID=1488) to work on /opt/airflow/dags/load_day_to_snowflake.py
[2025-09-15T06:20:04.291+0000] {processor.py:830} INFO - Processing file /opt/airflow/dags/load_day_to_snowflake.py for tasks to queue
[2025-09-15T06:20:04.294+0000] {logging_mixin.py:188} INFO - [2025-09-15T06:20:04.293+0000] {dagbag.py:540} INFO - Filling up the DagBag from /opt/airflow/dags/load_day_to_snowflake.py
[2025-09-15T06:20:04.325+0000] {processor.py:840} INFO - DAG(s) 'load_day_to_snowflake' retrieved from /opt/airflow/dags/load_day_to_snowflake.py
[2025-09-15T06:20:04.356+0000] {logging_mixin.py:188} INFO - [2025-09-15T06:20:04.355+0000] {dag.py:3096} INFO - Sync 1 DAGs
[2025-09-15T06:20:04.369+0000] {logging_mixin.py:188} INFO - [2025-09-15T06:20:04.369+0000] {dag.py:3954} INFO - Setting next_dagrun for load_day_to_snowflake to None, run_after=None
[2025-09-15T06:20:04.390+0000] {processor.py:183} INFO - Processing /opt/airflow/dags/load_day_to_snowflake.py took 0.108 seconds
[2025-09-15T06:20:34.723+0000] {processor.py:161} INFO - Started process (PID=1523) to work on /opt/airflow/dags/load_day_to_snowflake.py
[2025-09-15T06:20:34.724+0000] {processor.py:830} INFO - Processing file /opt/airflow/dags/load_day_to_snowflake.py for tasks to queue
[2025-09-15T06:20:34.727+0000] {logging_mixin.py:188} INFO - [2025-09-15T06:20:34.727+0000] {dagbag.py:540} INFO - Filling up the DagBag from /opt/airflow/dags/load_day_to_snowflake.py
[2025-09-15T06:20:34.745+0000] {processor.py:840} INFO - DAG(s) 'load_day_to_snowflake' retrieved from /opt/airflow/dags/load_day_to_snowflake.py
[2025-09-15T06:20:34.770+0000] {logging_mixin.py:188} INFO - [2025-09-15T06:20:34.770+0000] {dag.py:3096} INFO - Sync 1 DAGs
[2025-09-15T06:20:34.781+0000] {logging_mixin.py:188} INFO - [2025-09-15T06:20:34.780+0000] {dag.py:3954} INFO - Setting next_dagrun for load_day_to_snowflake to None, run_after=None
[2025-09-15T06:20:34.800+0000] {processor.py:183} INFO - Processing /opt/airflow/dags/load_day_to_snowflake.py took 0.082 seconds
[2025-09-15T06:21:05.143+0000] {processor.py:161} INFO - Started process (PID=1558) to work on /opt/airflow/dags/load_day_to_snowflake.py
[2025-09-15T06:21:05.144+0000] {processor.py:830} INFO - Processing file /opt/airflow/dags/load_day_to_snowflake.py for tasks to queue
[2025-09-15T06:21:05.146+0000] {logging_mixin.py:188} INFO - [2025-09-15T06:21:05.146+0000] {dagbag.py:540} INFO - Filling up the DagBag from /opt/airflow/dags/load_day_to_snowflake.py
[2025-09-15T06:21:05.165+0000] {processor.py:840} INFO - DAG(s) 'load_day_to_snowflake' retrieved from /opt/airflow/dags/load_day_to_snowflake.py
[2025-09-15T06:21:05.190+0000] {logging_mixin.py:188} INFO - [2025-09-15T06:21:05.189+0000] {dag.py:3096} INFO - Sync 1 DAGs
[2025-09-15T06:21:05.201+0000] {logging_mixin.py:188} INFO - [2025-09-15T06:21:05.201+0000] {dag.py:3954} INFO - Setting next_dagrun for load_day_to_snowflake to None, run_after=None
[2025-09-15T06:21:05.220+0000] {processor.py:183} INFO - Processing /opt/airflow/dags/load_day_to_snowflake.py took 0.083 seconds
[2025-09-15T06:21:35.532+0000] {processor.py:161} INFO - Started process (PID=1593) to work on /opt/airflow/dags/load_day_to_snowflake.py
[2025-09-15T06:21:35.533+0000] {processor.py:830} INFO - Processing file /opt/airflow/dags/load_day_to_snowflake.py for tasks to queue
[2025-09-15T06:21:35.535+0000] {logging_mixin.py:188} INFO - [2025-09-15T06:21:35.534+0000] {dagbag.py:540} INFO - Filling up the DagBag from /opt/airflow/dags/load_day_to_snowflake.py
[2025-09-15T06:21:35.552+0000] {processor.py:840} INFO - DAG(s) 'load_day_to_snowflake' retrieved from /opt/airflow/dags/load_day_to_snowflake.py
[2025-09-15T06:21:35.578+0000] {logging_mixin.py:188} INFO - [2025-09-15T06:21:35.578+0000] {dag.py:3096} INFO - Sync 1 DAGs
[2025-09-15T06:21:35.590+0000] {logging_mixin.py:188} INFO - [2025-09-15T06:21:35.590+0000] {dag.py:3954} INFO - Setting next_dagrun for load_day_to_snowflake to None, run_after=None
[2025-09-15T06:21:35.608+0000] {processor.py:183} INFO - Processing /opt/airflow/dags/load_day_to_snowflake.py took 0.082 seconds
[2025-09-15T06:22:05.850+0000] {processor.py:161} INFO - Started process (PID=1628) to work on /opt/airflow/dags/load_day_to_snowflake.py
[2025-09-15T06:22:05.851+0000] {processor.py:830} INFO - Processing file /opt/airflow/dags/load_day_to_snowflake.py for tasks to queue
[2025-09-15T06:22:05.853+0000] {logging_mixin.py:188} INFO - [2025-09-15T06:22:05.853+0000] {dagbag.py:540} INFO - Filling up the DagBag from /opt/airflow/dags/load_day_to_snowflake.py
[2025-09-15T06:22:05.871+0000] {processor.py:840} INFO - DAG(s) 'load_day_to_snowflake' retrieved from /opt/airflow/dags/load_day_to_snowflake.py
[2025-09-15T06:22:05.903+0000] {logging_mixin.py:188} INFO - [2025-09-15T06:22:05.902+0000] {dag.py:3096} INFO - Sync 1 DAGs
[2025-09-15T06:22:05.915+0000] {logging_mixin.py:188} INFO - [2025-09-15T06:22:05.915+0000] {dag.py:3954} INFO - Setting next_dagrun for load_day_to_snowflake to None, run_after=None
[2025-09-15T06:22:05.938+0000] {processor.py:183} INFO - Processing /opt/airflow/dags/load_day_to_snowflake.py took 0.094 seconds
[2025-09-15T06:22:36.229+0000] {processor.py:161} INFO - Started process (PID=1663) to work on /opt/airflow/dags/load_day_to_snowflake.py
[2025-09-15T06:22:36.230+0000] {processor.py:830} INFO - Processing file /opt/airflow/dags/load_day_to_snowflake.py for tasks to queue
[2025-09-15T06:22:36.232+0000] {logging_mixin.py:188} INFO - [2025-09-15T06:22:36.232+0000] {dagbag.py:540} INFO - Filling up the DagBag from /opt/airflow/dags/load_day_to_snowflake.py
[2025-09-15T06:22:36.251+0000] {processor.py:840} INFO - DAG(s) 'load_day_to_snowflake' retrieved from /opt/airflow/dags/load_day_to_snowflake.py
[2025-09-15T06:22:36.287+0000] {logging_mixin.py:188} INFO - [2025-09-15T06:22:36.287+0000] {dag.py:3096} INFO - Sync 1 DAGs
[2025-09-15T06:22:36.307+0000] {logging_mixin.py:188} INFO - [2025-09-15T06:22:36.307+0000] {dag.py:3954} INFO - Setting next_dagrun for load_day_to_snowflake to None, run_after=None
[2025-09-15T06:22:36.328+0000] {processor.py:183} INFO - Processing /opt/airflow/dags/load_day_to_snowflake.py took 0.106 seconds
[2025-09-15T06:23:06.673+0000] {processor.py:161} INFO - Started process (PID=1698) to work on /opt/airflow/dags/load_day_to_snowflake.py
[2025-09-15T06:23:06.674+0000] {processor.py:830} INFO - Processing file /opt/airflow/dags/load_day_to_snowflake.py for tasks to queue
[2025-09-15T06:23:06.677+0000] {logging_mixin.py:188} INFO - [2025-09-15T06:23:06.676+0000] {dagbag.py:540} INFO - Filling up the DagBag from /opt/airflow/dags/load_day_to_snowflake.py
[2025-09-15T06:23:06.696+0000] {processor.py:840} INFO - DAG(s) 'load_day_to_snowflake' retrieved from /opt/airflow/dags/load_day_to_snowflake.py
[2025-09-15T06:23:06.731+0000] {logging_mixin.py:188} INFO - [2025-09-15T06:23:06.730+0000] {dag.py:3096} INFO - Sync 1 DAGs
[2025-09-15T06:23:06.759+0000] {logging_mixin.py:188} INFO - [2025-09-15T06:23:06.758+0000] {dag.py:3954} INFO - Setting next_dagrun for load_day_to_snowflake to None, run_after=None
[2025-09-15T06:23:06.778+0000] {processor.py:183} INFO - Processing /opt/airflow/dags/load_day_to_snowflake.py took 0.123 seconds
[2025-09-15T06:23:37.013+0000] {processor.py:161} INFO - Started process (PID=1733) to work on /opt/airflow/dags/load_day_to_snowflake.py
[2025-09-15T06:23:37.014+0000] {processor.py:830} INFO - Processing file /opt/airflow/dags/load_day_to_snowflake.py for tasks to queue
[2025-09-15T06:23:37.016+0000] {logging_mixin.py:188} INFO - [2025-09-15T06:23:37.015+0000] {dagbag.py:540} INFO - Filling up the DagBag from /opt/airflow/dags/load_day_to_snowflake.py
[2025-09-15T06:23:37.033+0000] {processor.py:840} INFO - DAG(s) 'load_day_to_snowflake' retrieved from /opt/airflow/dags/load_day_to_snowflake.py
[2025-09-15T06:23:37.058+0000] {logging_mixin.py:188} INFO - [2025-09-15T06:23:37.058+0000] {dag.py:3096} INFO - Sync 1 DAGs
[2025-09-15T06:23:37.069+0000] {logging_mixin.py:188} INFO - [2025-09-15T06:23:37.068+0000] {dag.py:3954} INFO - Setting next_dagrun for load_day_to_snowflake to None, run_after=None
[2025-09-15T06:23:37.090+0000] {processor.py:183} INFO - Processing /opt/airflow/dags/load_day_to_snowflake.py took 0.083 seconds
[2025-09-15T06:24:08.054+0000] {processor.py:161} INFO - Started process (PID=1768) to work on /opt/airflow/dags/load_day_to_snowflake.py
[2025-09-15T06:24:08.058+0000] {processor.py:830} INFO - Processing file /opt/airflow/dags/load_day_to_snowflake.py for tasks to queue
[2025-09-15T06:24:08.060+0000] {logging_mixin.py:188} INFO - [2025-09-15T06:24:08.060+0000] {dagbag.py:540} INFO - Filling up the DagBag from /opt/airflow/dags/load_day_to_snowflake.py
[2025-09-15T06:24:08.082+0000] {processor.py:840} INFO - DAG(s) 'load_day_to_snowflake' retrieved from /opt/airflow/dags/load_day_to_snowflake.py
[2025-09-15T06:24:08.113+0000] {logging_mixin.py:188} INFO - [2025-09-15T06:24:08.112+0000] {dag.py:3096} INFO - Sync 1 DAGs
[2025-09-15T06:24:08.126+0000] {logging_mixin.py:188} INFO - [2025-09-15T06:24:08.126+0000] {dag.py:3954} INFO - Setting next_dagrun for load_day_to_snowflake to None, run_after=None
[2025-09-15T06:24:08.159+0000] {processor.py:183} INFO - Processing /opt/airflow/dags/load_day_to_snowflake.py took 0.124 seconds
[2025-09-15T06:24:38.367+0000] {processor.py:161} INFO - Started process (PID=1803) to work on /opt/airflow/dags/load_day_to_snowflake.py
[2025-09-15T06:24:38.368+0000] {processor.py:830} INFO - Processing file /opt/airflow/dags/load_day_to_snowflake.py for tasks to queue
[2025-09-15T06:24:38.371+0000] {logging_mixin.py:188} INFO - [2025-09-15T06:24:38.370+0000] {dagbag.py:540} INFO - Filling up the DagBag from /opt/airflow/dags/load_day_to_snowflake.py
[2025-09-15T06:24:38.388+0000] {processor.py:840} INFO - DAG(s) 'load_day_to_snowflake' retrieved from /opt/airflow/dags/load_day_to_snowflake.py
[2025-09-15T06:24:38.413+0000] {logging_mixin.py:188} INFO - [2025-09-15T06:24:38.413+0000] {dag.py:3096} INFO - Sync 1 DAGs
[2025-09-15T06:24:38.425+0000] {logging_mixin.py:188} INFO - [2025-09-15T06:24:38.424+0000] {dag.py:3954} INFO - Setting next_dagrun for load_day_to_snowflake to None, run_after=None
[2025-09-15T06:24:38.450+0000] {processor.py:183} INFO - Processing /opt/airflow/dags/load_day_to_snowflake.py took 0.099 seconds
[2025-09-15T06:25:08.916+0000] {processor.py:161} INFO - Started process (PID=1838) to work on /opt/airflow/dags/load_day_to_snowflake.py
[2025-09-15T06:25:08.917+0000] {processor.py:830} INFO - Processing file /opt/airflow/dags/load_day_to_snowflake.py for tasks to queue
[2025-09-15T06:25:08.919+0000] {logging_mixin.py:188} INFO - [2025-09-15T06:25:08.919+0000] {dagbag.py:540} INFO - Filling up the DagBag from /opt/airflow/dags/load_day_to_snowflake.py
[2025-09-15T06:25:08.945+0000] {processor.py:840} INFO - DAG(s) 'load_day_to_snowflake' retrieved from /opt/airflow/dags/load_day_to_snowflake.py
[2025-09-15T06:25:08.972+0000] {logging_mixin.py:188} INFO - [2025-09-15T06:25:08.971+0000] {dag.py:3096} INFO - Sync 1 DAGs
[2025-09-15T06:25:08.984+0000] {logging_mixin.py:188} INFO - [2025-09-15T06:25:08.984+0000] {dag.py:3954} INFO - Setting next_dagrun for load_day_to_snowflake to None, run_after=None
[2025-09-15T06:25:09.006+0000] {processor.py:183} INFO - Processing /opt/airflow/dags/load_day_to_snowflake.py took 0.097 seconds
[2025-09-15T06:25:39.481+0000] {processor.py:161} INFO - Started process (PID=1873) to work on /opt/airflow/dags/load_day_to_snowflake.py
[2025-09-15T06:25:39.483+0000] {processor.py:830} INFO - Processing file /opt/airflow/dags/load_day_to_snowflake.py for tasks to queue
[2025-09-15T06:25:39.485+0000] {logging_mixin.py:188} INFO - [2025-09-15T06:25:39.484+0000] {dagbag.py:540} INFO - Filling up the DagBag from /opt/airflow/dags/load_day_to_snowflake.py
[2025-09-15T06:25:39.504+0000] {processor.py:840} INFO - DAG(s) 'load_day_to_snowflake' retrieved from /opt/airflow/dags/load_day_to_snowflake.py
[2025-09-15T06:25:39.530+0000] {logging_mixin.py:188} INFO - [2025-09-15T06:25:39.529+0000] {dag.py:3096} INFO - Sync 1 DAGs
[2025-09-15T06:25:39.545+0000] {logging_mixin.py:188} INFO - [2025-09-15T06:25:39.545+0000] {dag.py:3954} INFO - Setting next_dagrun for load_day_to_snowflake to None, run_after=None
[2025-09-15T06:25:39.565+0000] {processor.py:183} INFO - Processing /opt/airflow/dags/load_day_to_snowflake.py took 0.099 seconds
[2025-09-15T06:26:10.226+0000] {processor.py:161} INFO - Started process (PID=1908) to work on /opt/airflow/dags/load_day_to_snowflake.py
[2025-09-15T06:26:10.228+0000] {processor.py:830} INFO - Processing file /opt/airflow/dags/load_day_to_snowflake.py for tasks to queue
[2025-09-15T06:26:10.230+0000] {logging_mixin.py:188} INFO - [2025-09-15T06:26:10.230+0000] {dagbag.py:540} INFO - Filling up the DagBag from /opt/airflow/dags/load_day_to_snowflake.py
[2025-09-15T06:26:10.256+0000] {processor.py:840} INFO - DAG(s) 'load_day_to_snowflake' retrieved from /opt/airflow/dags/load_day_to_snowflake.py
[2025-09-15T06:26:10.282+0000] {logging_mixin.py:188} INFO - [2025-09-15T06:26:10.281+0000] {dag.py:3096} INFO - Sync 1 DAGs
[2025-09-15T06:26:10.293+0000] {logging_mixin.py:188} INFO - [2025-09-15T06:26:10.292+0000] {dag.py:3954} INFO - Setting next_dagrun for load_day_to_snowflake to None, run_after=None
[2025-09-15T06:26:10.345+0000] {processor.py:183} INFO - Processing /opt/airflow/dags/load_day_to_snowflake.py took 0.124 seconds
[2025-09-15T06:26:40.935+0000] {processor.py:161} INFO - Started process (PID=1943) to work on /opt/airflow/dags/load_day_to_snowflake.py
[2025-09-15T06:26:40.936+0000] {processor.py:830} INFO - Processing file /opt/airflow/dags/load_day_to_snowflake.py for tasks to queue
[2025-09-15T06:26:40.939+0000] {logging_mixin.py:188} INFO - [2025-09-15T06:26:40.939+0000] {dagbag.py:540} INFO - Filling up the DagBag from /opt/airflow/dags/load_day_to_snowflake.py
[2025-09-15T06:26:40.958+0000] {processor.py:840} INFO - DAG(s) 'load_day_to_snowflake' retrieved from /opt/airflow/dags/load_day_to_snowflake.py
[2025-09-15T06:26:40.985+0000] {logging_mixin.py:188} INFO - [2025-09-15T06:26:40.985+0000] {dag.py:3096} INFO - Sync 1 DAGs
[2025-09-15T06:26:40.997+0000] {logging_mixin.py:188} INFO - [2025-09-15T06:26:40.996+0000] {dag.py:3954} INFO - Setting next_dagrun for load_day_to_snowflake to None, run_after=None
[2025-09-15T06:26:41.015+0000] {processor.py:183} INFO - Processing /opt/airflow/dags/load_day_to_snowflake.py took 0.085 seconds
[2025-09-15T06:27:11.241+0000] {processor.py:161} INFO - Started process (PID=1978) to work on /opt/airflow/dags/load_day_to_snowflake.py
[2025-09-15T06:27:11.243+0000] {processor.py:830} INFO - Processing file /opt/airflow/dags/load_day_to_snowflake.py for tasks to queue
[2025-09-15T06:27:11.245+0000] {logging_mixin.py:188} INFO - [2025-09-15T06:27:11.245+0000] {dagbag.py:540} INFO - Filling up the DagBag from /opt/airflow/dags/load_day_to_snowflake.py
[2025-09-15T06:27:11.265+0000] {processor.py:840} INFO - DAG(s) 'load_day_to_snowflake' retrieved from /opt/airflow/dags/load_day_to_snowflake.py
[2025-09-15T06:27:11.291+0000] {logging_mixin.py:188} INFO - [2025-09-15T06:27:11.291+0000] {dag.py:3096} INFO - Sync 1 DAGs
[2025-09-15T06:27:11.303+0000] {logging_mixin.py:188} INFO - [2025-09-15T06:27:11.302+0000] {dag.py:3954} INFO - Setting next_dagrun for load_day_to_snowflake to None, run_after=None
[2025-09-15T06:27:11.322+0000] {processor.py:183} INFO - Processing /opt/airflow/dags/load_day_to_snowflake.py took 0.087 seconds
[2025-09-15T06:27:41.863+0000] {processor.py:161} INFO - Started process (PID=2013) to work on /opt/airflow/dags/load_day_to_snowflake.py
[2025-09-15T06:27:41.864+0000] {processor.py:830} INFO - Processing file /opt/airflow/dags/load_day_to_snowflake.py for tasks to queue
[2025-09-15T06:27:41.867+0000] {logging_mixin.py:188} INFO - [2025-09-15T06:27:41.866+0000] {dagbag.py:540} INFO - Filling up the DagBag from /opt/airflow/dags/load_day_to_snowflake.py
[2025-09-15T06:27:41.888+0000] {processor.py:840} INFO - DAG(s) 'load_day_to_snowflake' retrieved from /opt/airflow/dags/load_day_to_snowflake.py
[2025-09-15T06:27:41.912+0000] {logging_mixin.py:188} INFO - [2025-09-15T06:27:41.911+0000] {dag.py:3096} INFO - Sync 1 DAGs
[2025-09-15T06:27:41.922+0000] {logging_mixin.py:188} INFO - [2025-09-15T06:27:41.922+0000] {dag.py:3954} INFO - Setting next_dagrun for load_day_to_snowflake to None, run_after=None
[2025-09-15T06:27:41.944+0000] {processor.py:183} INFO - Processing /opt/airflow/dags/load_day_to_snowflake.py took 0.087 seconds
[2025-09-15T06:28:12.601+0000] {processor.py:161} INFO - Started process (PID=2048) to work on /opt/airflow/dags/load_day_to_snowflake.py
[2025-09-15T06:28:12.606+0000] {processor.py:830} INFO - Processing file /opt/airflow/dags/load_day_to_snowflake.py for tasks to queue
[2025-09-15T06:28:12.608+0000] {logging_mixin.py:188} INFO - [2025-09-15T06:28:12.607+0000] {dagbag.py:540} INFO - Filling up the DagBag from /opt/airflow/dags/load_day_to_snowflake.py
[2025-09-15T06:28:12.626+0000] {processor.py:840} INFO - DAG(s) 'load_day_to_snowflake' retrieved from /opt/airflow/dags/load_day_to_snowflake.py
[2025-09-15T06:28:12.665+0000] {logging_mixin.py:188} INFO - [2025-09-15T06:28:12.665+0000] {dag.py:3096} INFO - Sync 1 DAGs
[2025-09-15T06:28:12.684+0000] {logging_mixin.py:188} INFO - [2025-09-15T06:28:12.683+0000] {dag.py:3954} INFO - Setting next_dagrun for load_day_to_snowflake to None, run_after=None
[2025-09-15T06:28:12.708+0000] {processor.py:183} INFO - Processing /opt/airflow/dags/load_day_to_snowflake.py took 0.121 seconds
[2025-09-15T06:28:43.178+0000] {processor.py:161} INFO - Started process (PID=2083) to work on /opt/airflow/dags/load_day_to_snowflake.py
[2025-09-15T06:28:43.179+0000] {processor.py:830} INFO - Processing file /opt/airflow/dags/load_day_to_snowflake.py for tasks to queue
[2025-09-15T06:28:43.182+0000] {logging_mixin.py:188} INFO - [2025-09-15T06:28:43.182+0000] {dagbag.py:540} INFO - Filling up the DagBag from /opt/airflow/dags/load_day_to_snowflake.py
[2025-09-15T06:28:43.204+0000] {processor.py:840} INFO - DAG(s) 'load_day_to_snowflake' retrieved from /opt/airflow/dags/load_day_to_snowflake.py
[2025-09-15T06:28:43.233+0000] {logging_mixin.py:188} INFO - [2025-09-15T06:28:43.232+0000] {dag.py:3096} INFO - Sync 1 DAGs
[2025-09-15T06:28:43.244+0000] {logging_mixin.py:188} INFO - [2025-09-15T06:28:43.244+0000] {dag.py:3954} INFO - Setting next_dagrun for load_day_to_snowflake to None, run_after=None
[2025-09-15T06:28:43.262+0000] {processor.py:183} INFO - Processing /opt/airflow/dags/load_day_to_snowflake.py took 0.090 seconds
[2025-09-15T06:29:13.846+0000] {processor.py:161} INFO - Started process (PID=2118) to work on /opt/airflow/dags/load_day_to_snowflake.py
[2025-09-15T06:29:13.852+0000] {processor.py:830} INFO - Processing file /opt/airflow/dags/load_day_to_snowflake.py for tasks to queue
[2025-09-15T06:29:13.863+0000] {logging_mixin.py:188} INFO - [2025-09-15T06:29:13.862+0000] {dagbag.py:540} INFO - Filling up the DagBag from /opt/airflow/dags/load_day_to_snowflake.py
[2025-09-15T06:29:13.886+0000] {processor.py:840} INFO - DAG(s) 'load_day_to_snowflake' retrieved from /opt/airflow/dags/load_day_to_snowflake.py
[2025-09-15T06:29:13.916+0000] {logging_mixin.py:188} INFO - [2025-09-15T06:29:13.915+0000] {dag.py:3096} INFO - Sync 1 DAGs
[2025-09-15T06:29:13.931+0000] {logging_mixin.py:188} INFO - [2025-09-15T06:29:13.931+0000] {dag.py:3954} INFO - Setting next_dagrun for load_day_to_snowflake to None, run_after=None
[2025-09-15T06:29:13.950+0000] {processor.py:183} INFO - Processing /opt/airflow/dags/load_day_to_snowflake.py took 0.138 seconds
[2025-09-15T06:29:44.451+0000] {processor.py:161} INFO - Started process (PID=2153) to work on /opt/airflow/dags/load_day_to_snowflake.py
[2025-09-15T06:29:44.452+0000] {processor.py:830} INFO - Processing file /opt/airflow/dags/load_day_to_snowflake.py for tasks to queue
[2025-09-15T06:29:44.454+0000] {logging_mixin.py:188} INFO - [2025-09-15T06:29:44.454+0000] {dagbag.py:540} INFO - Filling up the DagBag from /opt/airflow/dags/load_day_to_snowflake.py
[2025-09-15T06:29:44.471+0000] {processor.py:840} INFO - DAG(s) 'load_day_to_snowflake' retrieved from /opt/airflow/dags/load_day_to_snowflake.py
[2025-09-15T06:29:44.497+0000] {logging_mixin.py:188} INFO - [2025-09-15T06:29:44.496+0000] {dag.py:3096} INFO - Sync 1 DAGs
[2025-09-15T06:29:44.508+0000] {logging_mixin.py:188} INFO - [2025-09-15T06:29:44.508+0000] {dag.py:3954} INFO - Setting next_dagrun for load_day_to_snowflake to None, run_after=None
[2025-09-15T06:29:44.557+0000] {processor.py:183} INFO - Processing /opt/airflow/dags/load_day_to_snowflake.py took 0.112 seconds
[2025-09-15T06:34:20.142+0000] {processor.py:161} INFO - Started process (PID=2190) to work on /opt/airflow/dags/load_day_to_snowflake.py
[2025-09-15T06:34:20.152+0000] {processor.py:830} INFO - Processing file /opt/airflow/dags/load_day_to_snowflake.py for tasks to queue
[2025-09-15T06:34:20.178+0000] {logging_mixin.py:188} INFO - [2025-09-15T06:34:20.173+0000] {dagbag.py:540} INFO - Filling up the DagBag from /opt/airflow/dags/load_day_to_snowflake.py
[2025-09-15T06:34:18.733+0000] {processor.py:840} INFO - DAG(s) 'load_day_to_snowflake' retrieved from /opt/airflow/dags/load_day_to_snowflake.py
[2025-09-15T06:34:18.973+0000] {logging_mixin.py:188} INFO - [2025-09-15T06:34:18.964+0000] {dag.py:3096} INFO - Sync 1 DAGs
[2025-09-15T06:34:19.026+0000] {logging_mixin.py:188} INFO - [2025-09-15T06:34:19.025+0000] {dag.py:3954} INFO - Setting next_dagrun for load_day_to_snowflake to None, run_after=None
[2025-09-15T06:34:19.111+0000] {processor.py:183} INFO - Processing /opt/airflow/dags/load_day_to_snowflake.py took 0.691 seconds
[2025-09-15T06:34:49.238+0000] {processor.py:161} INFO - Started process (PID=2222) to work on /opt/airflow/dags/load_day_to_snowflake.py
[2025-09-15T06:34:49.239+0000] {processor.py:830} INFO - Processing file /opt/airflow/dags/load_day_to_snowflake.py for tasks to queue
[2025-09-15T06:34:49.241+0000] {logging_mixin.py:188} INFO - [2025-09-15T06:34:49.241+0000] {dagbag.py:540} INFO - Filling up the DagBag from /opt/airflow/dags/load_day_to_snowflake.py
[2025-09-15T06:34:49.257+0000] {processor.py:840} INFO - DAG(s) 'load_day_to_snowflake' retrieved from /opt/airflow/dags/load_day_to_snowflake.py
[2025-09-15T06:34:49.284+0000] {logging_mixin.py:188} INFO - [2025-09-15T06:34:49.283+0000] {dag.py:3096} INFO - Sync 1 DAGs
[2025-09-15T06:34:49.294+0000] {logging_mixin.py:188} INFO - [2025-09-15T06:34:49.294+0000] {dag.py:3954} INFO - Setting next_dagrun for load_day_to_snowflake to None, run_after=None
[2025-09-15T06:34:49.312+0000] {processor.py:183} INFO - Processing /opt/airflow/dags/load_day_to_snowflake.py took 0.080 seconds
[2025-09-15T06:35:19.471+0000] {processor.py:161} INFO - Started process (PID=2255) to work on /opt/airflow/dags/load_day_to_snowflake.py
[2025-09-15T06:35:19.473+0000] {processor.py:830} INFO - Processing file /opt/airflow/dags/load_day_to_snowflake.py for tasks to queue
[2025-09-15T06:35:19.483+0000] {logging_mixin.py:188} INFO - [2025-09-15T06:35:19.480+0000] {dagbag.py:540} INFO - Filling up the DagBag from /opt/airflow/dags/load_day_to_snowflake.py
[2025-09-15T06:35:19.519+0000] {processor.py:840} INFO - DAG(s) 'load_day_to_snowflake' retrieved from /opt/airflow/dags/load_day_to_snowflake.py
[2025-09-15T06:35:19.561+0000] {logging_mixin.py:188} INFO - [2025-09-15T06:35:19.560+0000] {dag.py:3096} INFO - Sync 1 DAGs
[2025-09-15T06:35:19.573+0000] {logging_mixin.py:188} INFO - [2025-09-15T06:35:19.573+0000] {dag.py:3954} INFO - Setting next_dagrun for load_day_to_snowflake to None, run_after=None
[2025-09-15T06:35:19.595+0000] {processor.py:183} INFO - Processing /opt/airflow/dags/load_day_to_snowflake.py took 0.150 seconds
[2025-09-15T06:35:49.794+0000] {processor.py:161} INFO - Started process (PID=2290) to work on /opt/airflow/dags/load_day_to_snowflake.py
[2025-09-15T06:35:49.795+0000] {processor.py:830} INFO - Processing file /opt/airflow/dags/load_day_to_snowflake.py for tasks to queue
[2025-09-15T06:35:49.797+0000] {logging_mixin.py:188} INFO - [2025-09-15T06:35:49.797+0000] {dagbag.py:540} INFO - Filling up the DagBag from /opt/airflow/dags/load_day_to_snowflake.py
[2025-09-15T06:35:49.815+0000] {processor.py:840} INFO - DAG(s) 'load_day_to_snowflake' retrieved from /opt/airflow/dags/load_day_to_snowflake.py
[2025-09-15T06:35:49.849+0000] {logging_mixin.py:188} INFO - [2025-09-15T06:35:49.848+0000] {dag.py:3096} INFO - Sync 1 DAGs
[2025-09-15T06:35:49.866+0000] {logging_mixin.py:188} INFO - [2025-09-15T06:35:49.865+0000] {dag.py:3954} INFO - Setting next_dagrun for load_day_to_snowflake to None, run_after=None
[2025-09-15T06:35:49.888+0000] {processor.py:183} INFO - Processing /opt/airflow/dags/load_day_to_snowflake.py took 0.100 seconds
[2025-09-15T06:36:20.027+0000] {processor.py:161} INFO - Started process (PID=2325) to work on /opt/airflow/dags/load_day_to_snowflake.py
[2025-09-15T06:36:20.027+0000] {processor.py:830} INFO - Processing file /opt/airflow/dags/load_day_to_snowflake.py for tasks to queue
[2025-09-15T06:36:20.029+0000] {logging_mixin.py:188} INFO - [2025-09-15T06:36:20.029+0000] {dagbag.py:540} INFO - Filling up the DagBag from /opt/airflow/dags/load_day_to_snowflake.py
[2025-09-15T06:36:20.048+0000] {processor.py:840} INFO - DAG(s) 'load_day_to_snowflake' retrieved from /opt/airflow/dags/load_day_to_snowflake.py
[2025-09-15T06:36:20.076+0000] {logging_mixin.py:188} INFO - [2025-09-15T06:36:20.076+0000] {dag.py:3096} INFO - Sync 1 DAGs
[2025-09-15T06:36:20.088+0000] {logging_mixin.py:188} INFO - [2025-09-15T06:36:20.088+0000] {dag.py:3954} INFO - Setting next_dagrun for load_day_to_snowflake to None, run_after=None
[2025-09-15T06:36:20.112+0000] {processor.py:183} INFO - Processing /opt/airflow/dags/load_day_to_snowflake.py took 0.091 seconds
[2025-09-15T06:36:50.425+0000] {processor.py:161} INFO - Started process (PID=2360) to work on /opt/airflow/dags/load_day_to_snowflake.py
[2025-09-15T06:36:50.425+0000] {processor.py:830} INFO - Processing file /opt/airflow/dags/load_day_to_snowflake.py for tasks to queue
[2025-09-15T06:36:50.428+0000] {logging_mixin.py:188} INFO - [2025-09-15T06:36:50.427+0000] {dagbag.py:540} INFO - Filling up the DagBag from /opt/airflow/dags/load_day_to_snowflake.py
[2025-09-15T06:36:50.442+0000] {processor.py:840} INFO - DAG(s) 'load_day_to_snowflake' retrieved from /opt/airflow/dags/load_day_to_snowflake.py
[2025-09-15T06:36:50.468+0000] {logging_mixin.py:188} INFO - [2025-09-15T06:36:50.467+0000] {dag.py:3096} INFO - Sync 1 DAGs
[2025-09-15T06:36:50.479+0000] {logging_mixin.py:188} INFO - [2025-09-15T06:36:50.479+0000] {dag.py:3954} INFO - Setting next_dagrun for load_day_to_snowflake to None, run_after=None
[2025-09-15T06:36:50.498+0000] {processor.py:183} INFO - Processing /opt/airflow/dags/load_day_to_snowflake.py took 0.078 seconds
[2025-09-15T06:37:20.850+0000] {processor.py:161} INFO - Started process (PID=2395) to work on /opt/airflow/dags/load_day_to_snowflake.py
[2025-09-15T06:37:20.851+0000] {processor.py:830} INFO - Processing file /opt/airflow/dags/load_day_to_snowflake.py for tasks to queue
[2025-09-15T06:37:20.853+0000] {logging_mixin.py:188} INFO - [2025-09-15T06:37:20.853+0000] {dagbag.py:540} INFO - Filling up the DagBag from /opt/airflow/dags/load_day_to_snowflake.py
[2025-09-15T06:37:20.871+0000] {processor.py:840} INFO - DAG(s) 'load_day_to_snowflake' retrieved from /opt/airflow/dags/load_day_to_snowflake.py
[2025-09-15T06:37:20.903+0000] {logging_mixin.py:188} INFO - [2025-09-15T06:37:20.903+0000] {dag.py:3096} INFO - Sync 1 DAGs
[2025-09-15T06:37:20.915+0000] {logging_mixin.py:188} INFO - [2025-09-15T06:37:20.915+0000] {dag.py:3954} INFO - Setting next_dagrun for load_day_to_snowflake to None, run_after=None
[2025-09-15T06:37:20.939+0000] {processor.py:183} INFO - Processing /opt/airflow/dags/load_day_to_snowflake.py took 0.096 seconds
[2025-09-15T06:37:51.230+0000] {processor.py:161} INFO - Started process (PID=2430) to work on /opt/airflow/dags/load_day_to_snowflake.py
[2025-09-15T06:37:51.231+0000] {processor.py:830} INFO - Processing file /opt/airflow/dags/load_day_to_snowflake.py for tasks to queue
[2025-09-15T06:37:51.233+0000] {logging_mixin.py:188} INFO - [2025-09-15T06:37:51.233+0000] {dagbag.py:540} INFO - Filling up the DagBag from /opt/airflow/dags/load_day_to_snowflake.py
[2025-09-15T06:37:51.250+0000] {processor.py:840} INFO - DAG(s) 'load_day_to_snowflake' retrieved from /opt/airflow/dags/load_day_to_snowflake.py
[2025-09-15T06:37:51.277+0000] {logging_mixin.py:188} INFO - [2025-09-15T06:37:51.277+0000] {dag.py:3096} INFO - Sync 1 DAGs
[2025-09-15T06:37:51.290+0000] {logging_mixin.py:188} INFO - [2025-09-15T06:37:51.290+0000] {dag.py:3954} INFO - Setting next_dagrun for load_day_to_snowflake to None, run_after=None
[2025-09-15T06:37:51.312+0000] {processor.py:183} INFO - Processing /opt/airflow/dags/load_day_to_snowflake.py took 0.087 seconds
[2025-09-15T06:38:21.728+0000] {processor.py:161} INFO - Started process (PID=2465) to work on /opt/airflow/dags/load_day_to_snowflake.py
[2025-09-15T06:38:21.729+0000] {processor.py:830} INFO - Processing file /opt/airflow/dags/load_day_to_snowflake.py for tasks to queue
[2025-09-15T06:38:21.731+0000] {logging_mixin.py:188} INFO - [2025-09-15T06:38:21.731+0000] {dagbag.py:540} INFO - Filling up the DagBag from /opt/airflow/dags/load_day_to_snowflake.py
[2025-09-15T06:38:21.748+0000] {processor.py:840} INFO - DAG(s) 'load_day_to_snowflake' retrieved from /opt/airflow/dags/load_day_to_snowflake.py
[2025-09-15T06:38:21.775+0000] {logging_mixin.py:188} INFO - [2025-09-15T06:38:21.774+0000] {dag.py:3096} INFO - Sync 1 DAGs
[2025-09-15T06:38:21.787+0000] {logging_mixin.py:188} INFO - [2025-09-15T06:38:21.786+0000] {dag.py:3954} INFO - Setting next_dagrun for load_day_to_snowflake to None, run_after=None
[2025-09-15T06:38:21.808+0000] {processor.py:183} INFO - Processing /opt/airflow/dags/load_day_to_snowflake.py took 0.085 seconds
[2025-09-15T06:38:52.084+0000] {processor.py:161} INFO - Started process (PID=2500) to work on /opt/airflow/dags/load_day_to_snowflake.py
[2025-09-15T06:38:52.085+0000] {processor.py:830} INFO - Processing file /opt/airflow/dags/load_day_to_snowflake.py for tasks to queue
[2025-09-15T06:38:52.087+0000] {logging_mixin.py:188} INFO - [2025-09-15T06:38:52.087+0000] {dagbag.py:540} INFO - Filling up the DagBag from /opt/airflow/dags/load_day_to_snowflake.py
[2025-09-15T06:38:52.102+0000] {processor.py:840} INFO - DAG(s) 'load_day_to_snowflake' retrieved from /opt/airflow/dags/load_day_to_snowflake.py
[2025-09-15T06:38:52.125+0000] {logging_mixin.py:188} INFO - [2025-09-15T06:38:52.124+0000] {dag.py:3096} INFO - Sync 1 DAGs
[2025-09-15T06:38:52.136+0000] {logging_mixin.py:188} INFO - [2025-09-15T06:38:52.136+0000] {dag.py:3954} INFO - Setting next_dagrun for load_day_to_snowflake to None, run_after=None
[2025-09-15T06:38:52.155+0000] {processor.py:183} INFO - Processing /opt/airflow/dags/load_day_to_snowflake.py took 0.077 seconds
[2025-09-15T06:39:22.605+0000] {processor.py:161} INFO - Started process (PID=2535) to work on /opt/airflow/dags/load_day_to_snowflake.py
[2025-09-15T06:39:22.606+0000] {processor.py:830} INFO - Processing file /opt/airflow/dags/load_day_to_snowflake.py for tasks to queue
[2025-09-15T06:39:22.608+0000] {logging_mixin.py:188} INFO - [2025-09-15T06:39:22.608+0000] {dagbag.py:540} INFO - Filling up the DagBag from /opt/airflow/dags/load_day_to_snowflake.py
[2025-09-15T06:39:22.624+0000] {processor.py:840} INFO - DAG(s) 'load_day_to_snowflake' retrieved from /opt/airflow/dags/load_day_to_snowflake.py
[2025-09-15T06:39:22.649+0000] {logging_mixin.py:188} INFO - [2025-09-15T06:39:22.649+0000] {dag.py:3096} INFO - Sync 1 DAGs
[2025-09-15T06:39:22.661+0000] {logging_mixin.py:188} INFO - [2025-09-15T06:39:22.661+0000] {dag.py:3954} INFO - Setting next_dagrun for load_day_to_snowflake to None, run_after=None
[2025-09-15T06:39:22.684+0000] {processor.py:183} INFO - Processing /opt/airflow/dags/load_day_to_snowflake.py took 0.084 seconds
[2025-09-15T06:39:53.122+0000] {processor.py:161} INFO - Started process (PID=2570) to work on /opt/airflow/dags/load_day_to_snowflake.py
[2025-09-15T06:39:53.122+0000] {processor.py:830} INFO - Processing file /opt/airflow/dags/load_day_to_snowflake.py for tasks to queue
[2025-09-15T06:39:53.125+0000] {logging_mixin.py:188} INFO - [2025-09-15T06:39:53.124+0000] {dagbag.py:540} INFO - Filling up the DagBag from /opt/airflow/dags/load_day_to_snowflake.py
[2025-09-15T06:39:53.140+0000] {processor.py:840} INFO - DAG(s) 'load_day_to_snowflake' retrieved from /opt/airflow/dags/load_day_to_snowflake.py
[2025-09-15T06:39:53.165+0000] {logging_mixin.py:188} INFO - [2025-09-15T06:39:53.165+0000] {dag.py:3096} INFO - Sync 1 DAGs
[2025-09-15T06:39:53.177+0000] {logging_mixin.py:188} INFO - [2025-09-15T06:39:53.177+0000] {dag.py:3954} INFO - Setting next_dagrun for load_day_to_snowflake to None, run_after=None
[2025-09-15T06:39:53.199+0000] {processor.py:183} INFO - Processing /opt/airflow/dags/load_day_to_snowflake.py took 0.083 seconds
[2025-09-15T06:40:23.479+0000] {processor.py:161} INFO - Started process (PID=2605) to work on /opt/airflow/dags/load_day_to_snowflake.py
[2025-09-15T06:40:23.480+0000] {processor.py:830} INFO - Processing file /opt/airflow/dags/load_day_to_snowflake.py for tasks to queue
[2025-09-15T06:40:23.482+0000] {logging_mixin.py:188} INFO - [2025-09-15T06:40:23.482+0000] {dagbag.py:540} INFO - Filling up the DagBag from /opt/airflow/dags/load_day_to_snowflake.py
[2025-09-15T06:40:23.498+0000] {processor.py:840} INFO - DAG(s) 'load_day_to_snowflake' retrieved from /opt/airflow/dags/load_day_to_snowflake.py
[2025-09-15T06:40:23.521+0000] {logging_mixin.py:188} INFO - [2025-09-15T06:40:23.521+0000] {dag.py:3096} INFO - Sync 1 DAGs
[2025-09-15T06:40:23.533+0000] {logging_mixin.py:188} INFO - [2025-09-15T06:40:23.532+0000] {dag.py:3954} INFO - Setting next_dagrun for load_day_to_snowflake to None, run_after=None
[2025-09-15T06:40:23.555+0000] {processor.py:183} INFO - Processing /opt/airflow/dags/load_day_to_snowflake.py took 0.082 seconds
[2025-09-15T06:40:54.018+0000] {processor.py:161} INFO - Started process (PID=2640) to work on /opt/airflow/dags/load_day_to_snowflake.py
[2025-09-15T06:40:54.018+0000] {processor.py:830} INFO - Processing file /opt/airflow/dags/load_day_to_snowflake.py for tasks to queue
[2025-09-15T06:40:54.020+0000] {logging_mixin.py:188} INFO - [2025-09-15T06:40:54.020+0000] {dagbag.py:540} INFO - Filling up the DagBag from /opt/airflow/dags/load_day_to_snowflake.py
[2025-09-15T06:40:54.036+0000] {processor.py:840} INFO - DAG(s) 'load_day_to_snowflake' retrieved from /opt/airflow/dags/load_day_to_snowflake.py
[2025-09-15T06:40:54.063+0000] {logging_mixin.py:188} INFO - [2025-09-15T06:40:54.062+0000] {dag.py:3096} INFO - Sync 1 DAGs
[2025-09-15T06:40:54.076+0000] {logging_mixin.py:188} INFO - [2025-09-15T06:40:54.076+0000] {dag.py:3954} INFO - Setting next_dagrun for load_day_to_snowflake to None, run_after=None
[2025-09-15T06:40:54.095+0000] {processor.py:183} INFO - Processing /opt/airflow/dags/load_day_to_snowflake.py took 0.083 seconds
[2025-09-15T06:41:24.501+0000] {processor.py:161} INFO - Started process (PID=2675) to work on /opt/airflow/dags/load_day_to_snowflake.py
[2025-09-15T06:41:24.502+0000] {processor.py:830} INFO - Processing file /opt/airflow/dags/load_day_to_snowflake.py for tasks to queue
[2025-09-15T06:41:24.504+0000] {logging_mixin.py:188} INFO - [2025-09-15T06:41:24.503+0000] {dagbag.py:540} INFO - Filling up the DagBag from /opt/airflow/dags/load_day_to_snowflake.py
[2025-09-15T06:41:24.519+0000] {processor.py:840} INFO - DAG(s) 'load_day_to_snowflake' retrieved from /opt/airflow/dags/load_day_to_snowflake.py
[2025-09-15T06:41:24.544+0000] {logging_mixin.py:188} INFO - [2025-09-15T06:41:24.544+0000] {dag.py:3096} INFO - Sync 1 DAGs
[2025-09-15T06:41:24.555+0000] {logging_mixin.py:188} INFO - [2025-09-15T06:41:24.555+0000] {dag.py:3954} INFO - Setting next_dagrun for load_day_to_snowflake to None, run_after=None
[2025-09-15T06:41:24.575+0000] {processor.py:183} INFO - Processing /opt/airflow/dags/load_day_to_snowflake.py took 0.079 seconds
[2025-09-15T06:41:55.030+0000] {processor.py:161} INFO - Started process (PID=2710) to work on /opt/airflow/dags/load_day_to_snowflake.py
[2025-09-15T06:41:55.031+0000] {processor.py:830} INFO - Processing file /opt/airflow/dags/load_day_to_snowflake.py for tasks to queue
[2025-09-15T06:41:55.033+0000] {logging_mixin.py:188} INFO - [2025-09-15T06:41:55.033+0000] {dagbag.py:540} INFO - Filling up the DagBag from /opt/airflow/dags/load_day_to_snowflake.py
[2025-09-15T06:41:55.050+0000] {processor.py:840} INFO - DAG(s) 'load_day_to_snowflake' retrieved from /opt/airflow/dags/load_day_to_snowflake.py
[2025-09-15T06:41:55.076+0000] {logging_mixin.py:188} INFO - [2025-09-15T06:41:55.076+0000] {dag.py:3096} INFO - Sync 1 DAGs
[2025-09-15T06:41:55.089+0000] {logging_mixin.py:188} INFO - [2025-09-15T06:41:55.089+0000] {dag.py:3954} INFO - Setting next_dagrun for load_day_to_snowflake to None, run_after=None
[2025-09-15T06:41:55.108+0000] {processor.py:183} INFO - Processing /opt/airflow/dags/load_day_to_snowflake.py took 0.084 seconds
[2025-09-15T06:42:25.693+0000] {processor.py:161} INFO - Started process (PID=2745) to work on /opt/airflow/dags/load_day_to_snowflake.py
[2025-09-15T06:42:25.694+0000] {processor.py:830} INFO - Processing file /opt/airflow/dags/load_day_to_snowflake.py for tasks to queue
[2025-09-15T06:42:25.696+0000] {logging_mixin.py:188} INFO - [2025-09-15T06:42:25.696+0000] {dagbag.py:540} INFO - Filling up the DagBag from /opt/airflow/dags/load_day_to_snowflake.py
[2025-09-15T06:42:25.715+0000] {processor.py:840} INFO - DAG(s) 'load_day_to_snowflake' retrieved from /opt/airflow/dags/load_day_to_snowflake.py
[2025-09-15T06:42:25.742+0000] {logging_mixin.py:188} INFO - [2025-09-15T06:42:25.741+0000] {dag.py:3096} INFO - Sync 1 DAGs
[2025-09-15T06:42:25.754+0000] {logging_mixin.py:188} INFO - [2025-09-15T06:42:25.754+0000] {dag.py:3954} INFO - Setting next_dagrun for load_day_to_snowflake to None, run_after=None
[2025-09-15T06:42:25.775+0000] {processor.py:183} INFO - Processing /opt/airflow/dags/load_day_to_snowflake.py took 0.088 seconds
[2025-09-15T06:42:56.180+0000] {processor.py:161} INFO - Started process (PID=2780) to work on /opt/airflow/dags/load_day_to_snowflake.py
[2025-09-15T06:42:56.181+0000] {processor.py:830} INFO - Processing file /opt/airflow/dags/load_day_to_snowflake.py for tasks to queue
[2025-09-15T06:42:56.183+0000] {logging_mixin.py:188} INFO - [2025-09-15T06:42:56.183+0000] {dagbag.py:540} INFO - Filling up the DagBag from /opt/airflow/dags/load_day_to_snowflake.py
[2025-09-15T06:42:56.198+0000] {processor.py:840} INFO - DAG(s) 'load_day_to_snowflake' retrieved from /opt/airflow/dags/load_day_to_snowflake.py
[2025-09-15T06:42:56.224+0000] {logging_mixin.py:188} INFO - [2025-09-15T06:42:56.223+0000] {dag.py:3096} INFO - Sync 1 DAGs
[2025-09-15T06:42:56.237+0000] {logging_mixin.py:188} INFO - [2025-09-15T06:42:56.237+0000] {dag.py:3954} INFO - Setting next_dagrun for load_day_to_snowflake to None, run_after=None
[2025-09-15T06:42:56.263+0000] {processor.py:183} INFO - Processing /opt/airflow/dags/load_day_to_snowflake.py took 0.089 seconds
[2025-09-15T06:43:26.706+0000] {processor.py:161} INFO - Started process (PID=2815) to work on /opt/airflow/dags/load_day_to_snowflake.py
[2025-09-15T06:43:26.707+0000] {processor.py:830} INFO - Processing file /opt/airflow/dags/load_day_to_snowflake.py for tasks to queue
[2025-09-15T06:43:26.708+0000] {logging_mixin.py:188} INFO - [2025-09-15T06:43:26.708+0000] {dagbag.py:540} INFO - Filling up the DagBag from /opt/airflow/dags/load_day_to_snowflake.py
[2025-09-15T06:43:26.724+0000] {processor.py:840} INFO - DAG(s) 'load_day_to_snowflake' retrieved from /opt/airflow/dags/load_day_to_snowflake.py
[2025-09-15T06:43:26.749+0000] {logging_mixin.py:188} INFO - [2025-09-15T06:43:26.748+0000] {dag.py:3096} INFO - Sync 1 DAGs
[2025-09-15T06:43:26.761+0000] {logging_mixin.py:188} INFO - [2025-09-15T06:43:26.761+0000] {dag.py:3954} INFO - Setting next_dagrun for load_day_to_snowflake to None, run_after=None
[2025-09-15T06:43:26.780+0000] {processor.py:183} INFO - Processing /opt/airflow/dags/load_day_to_snowflake.py took 0.079 seconds
[2025-09-15T06:43:57.135+0000] {processor.py:161} INFO - Started process (PID=2850) to work on /opt/airflow/dags/load_day_to_snowflake.py
[2025-09-15T06:43:57.136+0000] {processor.py:830} INFO - Processing file /opt/airflow/dags/load_day_to_snowflake.py for tasks to queue
[2025-09-15T06:43:57.138+0000] {logging_mixin.py:188} INFO - [2025-09-15T06:43:57.137+0000] {dagbag.py:540} INFO - Filling up the DagBag from /opt/airflow/dags/load_day_to_snowflake.py
[2025-09-15T06:43:57.155+0000] {processor.py:840} INFO - DAG(s) 'load_day_to_snowflake' retrieved from /opt/airflow/dags/load_day_to_snowflake.py
[2025-09-15T06:43:57.181+0000] {logging_mixin.py:188} INFO - [2025-09-15T06:43:57.180+0000] {dag.py:3096} INFO - Sync 1 DAGs
[2025-09-15T06:43:57.193+0000] {logging_mixin.py:188} INFO - [2025-09-15T06:43:57.193+0000] {dag.py:3954} INFO - Setting next_dagrun for load_day_to_snowflake to None, run_after=None
[2025-09-15T06:43:57.214+0000] {processor.py:183} INFO - Processing /opt/airflow/dags/load_day_to_snowflake.py took 0.085 seconds
[2025-09-15T06:44:27.761+0000] {processor.py:161} INFO - Started process (PID=2885) to work on /opt/airflow/dags/load_day_to_snowflake.py
[2025-09-15T06:44:27.762+0000] {processor.py:830} INFO - Processing file /opt/airflow/dags/load_day_to_snowflake.py for tasks to queue
[2025-09-15T06:44:27.764+0000] {logging_mixin.py:188} INFO - [2025-09-15T06:44:27.764+0000] {dagbag.py:540} INFO - Filling up the DagBag from /opt/airflow/dags/load_day_to_snowflake.py
[2025-09-15T06:44:27.782+0000] {processor.py:840} INFO - DAG(s) 'load_day_to_snowflake' retrieved from /opt/airflow/dags/load_day_to_snowflake.py
[2025-09-15T06:44:27.809+0000] {logging_mixin.py:188} INFO - [2025-09-15T06:44:27.809+0000] {dag.py:3096} INFO - Sync 1 DAGs
[2025-09-15T06:44:27.820+0000] {logging_mixin.py:188} INFO - [2025-09-15T06:44:27.820+0000] {dag.py:3954} INFO - Setting next_dagrun for load_day_to_snowflake to None, run_after=None
[2025-09-15T06:44:27.840+0000] {processor.py:183} INFO - Processing /opt/airflow/dags/load_day_to_snowflake.py took 0.087 seconds
[2025-09-15T06:44:58.342+0000] {processor.py:161} INFO - Started process (PID=2920) to work on /opt/airflow/dags/load_day_to_snowflake.py
[2025-09-15T06:44:58.343+0000] {processor.py:830} INFO - Processing file /opt/airflow/dags/load_day_to_snowflake.py for tasks to queue
[2025-09-15T06:44:58.346+0000] {logging_mixin.py:188} INFO - [2025-09-15T06:44:58.346+0000] {dagbag.py:540} INFO - Filling up the DagBag from /opt/airflow/dags/load_day_to_snowflake.py
[2025-09-15T06:44:58.366+0000] {processor.py:840} INFO - DAG(s) 'load_day_to_snowflake' retrieved from /opt/airflow/dags/load_day_to_snowflake.py
[2025-09-15T06:44:58.394+0000] {logging_mixin.py:188} INFO - [2025-09-15T06:44:58.394+0000] {dag.py:3096} INFO - Sync 1 DAGs
[2025-09-15T06:44:58.409+0000] {logging_mixin.py:188} INFO - [2025-09-15T06:44:58.408+0000] {dag.py:3954} INFO - Setting next_dagrun for load_day_to_snowflake to None, run_after=None
[2025-09-15T06:44:58.430+0000] {processor.py:183} INFO - Processing /opt/airflow/dags/load_day_to_snowflake.py took 0.093 seconds
[2025-09-15T06:45:28.879+0000] {processor.py:161} INFO - Started process (PID=2955) to work on /opt/airflow/dags/load_day_to_snowflake.py
[2025-09-15T06:45:28.880+0000] {processor.py:830} INFO - Processing file /opt/airflow/dags/load_day_to_snowflake.py for tasks to queue
[2025-09-15T06:45:28.882+0000] {logging_mixin.py:188} INFO - [2025-09-15T06:45:28.882+0000] {dagbag.py:540} INFO - Filling up the DagBag from /opt/airflow/dags/load_day_to_snowflake.py
[2025-09-15T06:45:28.898+0000] {processor.py:840} INFO - DAG(s) 'load_day_to_snowflake' retrieved from /opt/airflow/dags/load_day_to_snowflake.py
[2025-09-15T06:45:28.923+0000] {logging_mixin.py:188} INFO - [2025-09-15T06:45:28.923+0000] {dag.py:3096} INFO - Sync 1 DAGs
[2025-09-15T06:45:28.937+0000] {logging_mixin.py:188} INFO - [2025-09-15T06:45:28.936+0000] {dag.py:3954} INFO - Setting next_dagrun for load_day_to_snowflake to None, run_after=None
[2025-09-15T06:45:28.956+0000] {processor.py:183} INFO - Processing /opt/airflow/dags/load_day_to_snowflake.py took 0.082 seconds
[2025-09-15T06:45:59.473+0000] {processor.py:161} INFO - Started process (PID=2990) to work on /opt/airflow/dags/load_day_to_snowflake.py
[2025-09-15T06:45:59.474+0000] {processor.py:830} INFO - Processing file /opt/airflow/dags/load_day_to_snowflake.py for tasks to queue
[2025-09-15T06:45:59.477+0000] {logging_mixin.py:188} INFO - [2025-09-15T06:45:59.476+0000] {dagbag.py:540} INFO - Filling up the DagBag from /opt/airflow/dags/load_day_to_snowflake.py
[2025-09-15T06:45:59.496+0000] {processor.py:840} INFO - DAG(s) 'load_day_to_snowflake' retrieved from /opt/airflow/dags/load_day_to_snowflake.py
[2025-09-15T06:45:59.525+0000] {logging_mixin.py:188} INFO - [2025-09-15T06:45:59.525+0000] {dag.py:3096} INFO - Sync 1 DAGs
[2025-09-15T06:45:59.539+0000] {logging_mixin.py:188} INFO - [2025-09-15T06:45:59.538+0000] {dag.py:3954} INFO - Setting next_dagrun for load_day_to_snowflake to None, run_after=None
[2025-09-15T06:45:59.559+0000] {processor.py:183} INFO - Processing /opt/airflow/dags/load_day_to_snowflake.py took 0.092 seconds
[2025-09-15T06:46:30.055+0000] {processor.py:161} INFO - Started process (PID=3025) to work on /opt/airflow/dags/load_day_to_snowflake.py
[2025-09-15T06:46:30.056+0000] {processor.py:830} INFO - Processing file /opt/airflow/dags/load_day_to_snowflake.py for tasks to queue
[2025-09-15T06:46:30.058+0000] {logging_mixin.py:188} INFO - [2025-09-15T06:46:30.058+0000] {dagbag.py:540} INFO - Filling up the DagBag from /opt/airflow/dags/load_day_to_snowflake.py
[2025-09-15T06:46:30.075+0000] {processor.py:840} INFO - DAG(s) 'load_day_to_snowflake' retrieved from /opt/airflow/dags/load_day_to_snowflake.py
[2025-09-15T06:46:30.102+0000] {logging_mixin.py:188} INFO - [2025-09-15T06:46:30.102+0000] {dag.py:3096} INFO - Sync 1 DAGs
[2025-09-15T06:46:30.114+0000] {logging_mixin.py:188} INFO - [2025-09-15T06:46:30.114+0000] {dag.py:3954} INFO - Setting next_dagrun for load_day_to_snowflake to None, run_after=None
[2025-09-15T06:46:30.135+0000] {processor.py:183} INFO - Processing /opt/airflow/dags/load_day_to_snowflake.py took 0.085 seconds
[2025-09-15T06:47:00.748+0000] {processor.py:161} INFO - Started process (PID=3060) to work on /opt/airflow/dags/load_day_to_snowflake.py
[2025-09-15T06:47:00.749+0000] {processor.py:830} INFO - Processing file /opt/airflow/dags/load_day_to_snowflake.py for tasks to queue
[2025-09-15T06:47:00.751+0000] {logging_mixin.py:188} INFO - [2025-09-15T06:47:00.751+0000] {dagbag.py:540} INFO - Filling up the DagBag from /opt/airflow/dags/load_day_to_snowflake.py
[2025-09-15T06:47:00.772+0000] {processor.py:840} INFO - DAG(s) 'load_day_to_snowflake' retrieved from /opt/airflow/dags/load_day_to_snowflake.py
[2025-09-15T06:47:00.798+0000] {logging_mixin.py:188} INFO - [2025-09-15T06:47:00.798+0000] {dag.py:3096} INFO - Sync 1 DAGs
[2025-09-15T06:47:00.810+0000] {logging_mixin.py:188} INFO - [2025-09-15T06:47:00.810+0000] {dag.py:3954} INFO - Setting next_dagrun for load_day_to_snowflake to None, run_after=None
[2025-09-15T06:47:00.831+0000] {processor.py:183} INFO - Processing /opt/airflow/dags/load_day_to_snowflake.py took 0.087 seconds
[2025-09-15T06:47:31.508+0000] {processor.py:161} INFO - Started process (PID=3095) to work on /opt/airflow/dags/load_day_to_snowflake.py
[2025-09-15T06:47:31.511+0000] {processor.py:830} INFO - Processing file /opt/airflow/dags/load_day_to_snowflake.py for tasks to queue
[2025-09-15T06:47:31.517+0000] {logging_mixin.py:188} INFO - [2025-09-15T06:47:31.516+0000] {dagbag.py:540} INFO - Filling up the DagBag from /opt/airflow/dags/load_day_to_snowflake.py
[2025-09-15T06:47:31.571+0000] {processor.py:840} INFO - DAG(s) 'load_day_to_snowflake' retrieved from /opt/airflow/dags/load_day_to_snowflake.py
[2025-09-15T06:47:31.614+0000] {logging_mixin.py:188} INFO - [2025-09-15T06:47:31.614+0000] {dag.py:3096} INFO - Sync 1 DAGs
[2025-09-15T06:47:31.635+0000] {logging_mixin.py:188} INFO - [2025-09-15T06:47:31.634+0000] {dag.py:3954} INFO - Setting next_dagrun for load_day_to_snowflake to None, run_after=None
[2025-09-15T06:47:31.701+0000] {processor.py:183} INFO - Processing /opt/airflow/dags/load_day_to_snowflake.py took 0.213 seconds
[2025-09-15T06:53:37.355+0000] {processor.py:161} INFO - Started process (PID=3112) to work on /opt/airflow/dags/load_day_to_snowflake.py
[2025-09-15T06:53:37.367+0000] {processor.py:830} INFO - Processing file /opt/airflow/dags/load_day_to_snowflake.py for tasks to queue
[2025-09-15T06:53:37.369+0000] {logging_mixin.py:188} INFO - [2025-09-15T06:53:37.369+0000] {dagbag.py:540} INFO - Filling up the DagBag from /opt/airflow/dags/load_day_to_snowflake.py
[2025-09-15T06:53:37.437+0000] {processor.py:840} INFO - DAG(s) 'load_day_to_snowflake' retrieved from /opt/airflow/dags/load_day_to_snowflake.py
[2025-09-15T06:53:37.569+0000] {logging_mixin.py:188} INFO - [2025-09-15T06:53:37.568+0000] {dag.py:3096} INFO - Sync 1 DAGs
[2025-09-15T06:53:37.633+0000] {logging_mixin.py:188} INFO - [2025-09-15T06:53:37.633+0000] {dag.py:3954} INFO - Setting next_dagrun for load_day_to_snowflake to None, run_after=None
[2025-09-15T06:53:37.772+0000] {processor.py:183} INFO - Processing /opt/airflow/dags/load_day_to_snowflake.py took 0.456 seconds
[2025-09-15T06:54:08.458+0000] {processor.py:161} INFO - Started process (PID=3149) to work on /opt/airflow/dags/load_day_to_snowflake.py
[2025-09-15T06:54:08.459+0000] {processor.py:830} INFO - Processing file /opt/airflow/dags/load_day_to_snowflake.py for tasks to queue
[2025-09-15T06:54:08.460+0000] {logging_mixin.py:188} INFO - [2025-09-15T06:54:08.459+0000] {dagbag.py:540} INFO - Filling up the DagBag from /opt/airflow/dags/load_day_to_snowflake.py
[2025-09-15T06:54:08.476+0000] {processor.py:840} INFO - DAG(s) 'load_day_to_snowflake' retrieved from /opt/airflow/dags/load_day_to_snowflake.py
[2025-09-15T06:54:08.501+0000] {logging_mixin.py:188} INFO - [2025-09-15T06:54:08.501+0000] {dag.py:3096} INFO - Sync 1 DAGs
[2025-09-15T06:54:08.514+0000] {logging_mixin.py:188} INFO - [2025-09-15T06:54:08.513+0000] {dag.py:3954} INFO - Setting next_dagrun for load_day_to_snowflake to None, run_after=None
[2025-09-15T06:54:08.535+0000] {processor.py:183} INFO - Processing /opt/airflow/dags/load_day_to_snowflake.py took 0.082 seconds
[2025-09-15T06:54:39.024+0000] {processor.py:161} INFO - Started process (PID=3184) to work on /opt/airflow/dags/load_day_to_snowflake.py
[2025-09-15T06:54:39.025+0000] {processor.py:830} INFO - Processing file /opt/airflow/dags/load_day_to_snowflake.py for tasks to queue
[2025-09-15T06:54:39.026+0000] {logging_mixin.py:188} INFO - [2025-09-15T06:54:39.026+0000] {dagbag.py:540} INFO - Filling up the DagBag from /opt/airflow/dags/load_day_to_snowflake.py
[2025-09-15T06:54:39.048+0000] {processor.py:840} INFO - DAG(s) 'load_day_to_snowflake' retrieved from /opt/airflow/dags/load_day_to_snowflake.py
[2025-09-15T06:54:39.084+0000] {logging_mixin.py:188} INFO - [2025-09-15T06:54:39.084+0000] {dag.py:3096} INFO - Sync 1 DAGs
[2025-09-15T06:54:39.098+0000] {logging_mixin.py:188} INFO - [2025-09-15T06:54:39.098+0000] {dag.py:3954} INFO - Setting next_dagrun for load_day_to_snowflake to None, run_after=None
[2025-09-15T06:54:39.122+0000] {processor.py:183} INFO - Processing /opt/airflow/dags/load_day_to_snowflake.py took 0.104 seconds
[2025-09-15T06:55:09.893+0000] {processor.py:161} INFO - Started process (PID=3219) to work on /opt/airflow/dags/load_day_to_snowflake.py
[2025-09-15T06:55:09.894+0000] {processor.py:830} INFO - Processing file /opt/airflow/dags/load_day_to_snowflake.py for tasks to queue
[2025-09-15T06:55:09.894+0000] {logging_mixin.py:188} INFO - [2025-09-15T06:55:09.894+0000] {dagbag.py:540} INFO - Filling up the DagBag from /opt/airflow/dags/load_day_to_snowflake.py
[2025-09-15T06:55:09.909+0000] {processor.py:840} INFO - DAG(s) 'load_day_to_snowflake' retrieved from /opt/airflow/dags/load_day_to_snowflake.py
[2025-09-15T06:55:09.936+0000] {logging_mixin.py:188} INFO - [2025-09-15T06:55:09.935+0000] {dag.py:3096} INFO - Sync 1 DAGs
[2025-09-15T06:55:09.949+0000] {logging_mixin.py:188} INFO - [2025-09-15T06:55:09.948+0000] {dag.py:3954} INFO - Setting next_dagrun for load_day_to_snowflake to None, run_after=None
[2025-09-15T06:55:09.968+0000] {processor.py:183} INFO - Processing /opt/airflow/dags/load_day_to_snowflake.py took 0.081 seconds
[2025-09-15T06:55:40.945+0000] {processor.py:161} INFO - Started process (PID=3254) to work on /opt/airflow/dags/load_day_to_snowflake.py
[2025-09-15T06:55:40.946+0000] {processor.py:830} INFO - Processing file /opt/airflow/dags/load_day_to_snowflake.py for tasks to queue
[2025-09-15T06:55:40.947+0000] {logging_mixin.py:188} INFO - [2025-09-15T06:55:40.946+0000] {dagbag.py:540} INFO - Filling up the DagBag from /opt/airflow/dags/load_day_to_snowflake.py
[2025-09-15T06:55:40.966+0000] {processor.py:840} INFO - DAG(s) 'load_day_to_snowflake' retrieved from /opt/airflow/dags/load_day_to_snowflake.py
[2025-09-15T06:55:40.995+0000] {logging_mixin.py:188} INFO - [2025-09-15T06:55:40.995+0000] {dag.py:3096} INFO - Sync 1 DAGs
[2025-09-15T06:55:41.016+0000] {logging_mixin.py:188} INFO - [2025-09-15T06:55:41.015+0000] {dag.py:3954} INFO - Setting next_dagrun for load_day_to_snowflake to None, run_after=None
[2025-09-15T06:55:41.037+0000] {processor.py:183} INFO - Processing /opt/airflow/dags/load_day_to_snowflake.py took 0.099 seconds
[2025-09-15T06:56:11.691+0000] {processor.py:161} INFO - Started process (PID=3289) to work on /opt/airflow/dags/load_day_to_snowflake.py
[2025-09-15T06:56:11.692+0000] {processor.py:830} INFO - Processing file /opt/airflow/dags/load_day_to_snowflake.py for tasks to queue
[2025-09-15T06:56:11.693+0000] {logging_mixin.py:188} INFO - [2025-09-15T06:56:11.692+0000] {dagbag.py:540} INFO - Filling up the DagBag from /opt/airflow/dags/load_day_to_snowflake.py
[2025-09-15T06:56:11.708+0000] {processor.py:840} INFO - DAG(s) 'load_day_to_snowflake' retrieved from /opt/airflow/dags/load_day_to_snowflake.py
[2025-09-15T06:56:11.734+0000] {logging_mixin.py:188} INFO - [2025-09-15T06:56:11.734+0000] {dag.py:3096} INFO - Sync 1 DAGs
[2025-09-15T06:56:11.746+0000] {logging_mixin.py:188} INFO - [2025-09-15T06:56:11.746+0000] {dag.py:3954} INFO - Setting next_dagrun for load_day_to_snowflake to None, run_after=None
[2025-09-15T06:56:11.767+0000] {processor.py:183} INFO - Processing /opt/airflow/dags/load_day_to_snowflake.py took 0.081 seconds
[2025-09-15T06:56:42.717+0000] {processor.py:161} INFO - Started process (PID=3324) to work on /opt/airflow/dags/load_day_to_snowflake.py
[2025-09-15T06:56:42.718+0000] {processor.py:830} INFO - Processing file /opt/airflow/dags/load_day_to_snowflake.py for tasks to queue
[2025-09-15T06:56:42.718+0000] {logging_mixin.py:188} INFO - [2025-09-15T06:56:42.718+0000] {dagbag.py:540} INFO - Filling up the DagBag from /opt/airflow/dags/load_day_to_snowflake.py
[2025-09-15T06:56:42.734+0000] {processor.py:840} INFO - DAG(s) 'load_day_to_snowflake' retrieved from /opt/airflow/dags/load_day_to_snowflake.py
[2025-09-15T06:56:42.761+0000] {logging_mixin.py:188} INFO - [2025-09-15T06:56:42.761+0000] {dag.py:3096} INFO - Sync 1 DAGs
[2025-09-15T06:56:42.774+0000] {logging_mixin.py:188} INFO - [2025-09-15T06:56:42.774+0000] {dag.py:3954} INFO - Setting next_dagrun for load_day_to_snowflake to None, run_after=None
[2025-09-15T06:56:42.795+0000] {processor.py:183} INFO - Processing /opt/airflow/dags/load_day_to_snowflake.py took 0.083 seconds
[2025-09-15T06:57:13.434+0000] {processor.py:161} INFO - Started process (PID=3359) to work on /opt/airflow/dags/load_day_to_snowflake.py
[2025-09-15T06:57:13.435+0000] {processor.py:830} INFO - Processing file /opt/airflow/dags/load_day_to_snowflake.py for tasks to queue
[2025-09-15T06:57:13.436+0000] {logging_mixin.py:188} INFO - [2025-09-15T06:57:13.436+0000] {dagbag.py:540} INFO - Filling up the DagBag from /opt/airflow/dags/load_day_to_snowflake.py
[2025-09-15T06:57:13.451+0000] {processor.py:840} INFO - DAG(s) 'load_day_to_snowflake' retrieved from /opt/airflow/dags/load_day_to_snowflake.py
[2025-09-15T06:57:13.477+0000] {logging_mixin.py:188} INFO - [2025-09-15T06:57:13.477+0000] {dag.py:3096} INFO - Sync 1 DAGs
[2025-09-15T06:57:13.489+0000] {logging_mixin.py:188} INFO - [2025-09-15T06:57:13.489+0000] {dag.py:3954} INFO - Setting next_dagrun for load_day_to_snowflake to None, run_after=None
[2025-09-15T06:57:13.512+0000] {processor.py:183} INFO - Processing /opt/airflow/dags/load_day_to_snowflake.py took 0.083 seconds
[2025-09-15T06:57:44.370+0000] {processor.py:161} INFO - Started process (PID=3394) to work on /opt/airflow/dags/load_day_to_snowflake.py
[2025-09-15T06:57:44.373+0000] {processor.py:830} INFO - Processing file /opt/airflow/dags/load_day_to_snowflake.py for tasks to queue
[2025-09-15T06:57:44.375+0000] {logging_mixin.py:188} INFO - [2025-09-15T06:57:44.375+0000] {dagbag.py:540} INFO - Filling up the DagBag from /opt/airflow/dags/load_day_to_snowflake.py
[2025-09-15T06:57:44.414+0000] {processor.py:840} INFO - DAG(s) 'load_day_to_snowflake' retrieved from /opt/airflow/dags/load_day_to_snowflake.py
[2025-09-15T06:57:44.458+0000] {logging_mixin.py:188} INFO - [2025-09-15T06:57:44.458+0000] {dag.py:3096} INFO - Sync 1 DAGs
[2025-09-15T06:57:44.473+0000] {logging_mixin.py:188} INFO - [2025-09-15T06:57:44.473+0000] {dag.py:3954} INFO - Setting next_dagrun for load_day_to_snowflake to None, run_after=None
[2025-09-15T06:57:44.524+0000] {processor.py:183} INFO - Processing /opt/airflow/dags/load_day_to_snowflake.py took 0.160 seconds
[2025-09-15T06:58:15.499+0000] {processor.py:161} INFO - Started process (PID=3429) to work on /opt/airflow/dags/load_day_to_snowflake.py
[2025-09-15T06:58:15.501+0000] {processor.py:830} INFO - Processing file /opt/airflow/dags/load_day_to_snowflake.py for tasks to queue
[2025-09-15T06:58:15.504+0000] {logging_mixin.py:188} INFO - [2025-09-15T06:58:15.503+0000] {dagbag.py:540} INFO - Filling up the DagBag from /opt/airflow/dags/load_day_to_snowflake.py
[2025-09-15T06:58:15.538+0000] {processor.py:840} INFO - DAG(s) 'load_day_to_snowflake' retrieved from /opt/airflow/dags/load_day_to_snowflake.py
[2025-09-15T06:58:15.576+0000] {logging_mixin.py:188} INFO - [2025-09-15T06:58:15.575+0000] {dag.py:3096} INFO - Sync 1 DAGs
[2025-09-15T06:58:15.589+0000] {logging_mixin.py:188} INFO - [2025-09-15T06:58:15.588+0000] {dag.py:3954} INFO - Setting next_dagrun for load_day_to_snowflake to None, run_after=None
[2025-09-15T06:58:15.607+0000] {processor.py:183} INFO - Processing /opt/airflow/dags/load_day_to_snowflake.py took 0.118 seconds
[2025-09-15T06:58:46.262+0000] {processor.py:161} INFO - Started process (PID=3464) to work on /opt/airflow/dags/load_day_to_snowflake.py
[2025-09-15T06:58:46.263+0000] {processor.py:830} INFO - Processing file /opt/airflow/dags/load_day_to_snowflake.py for tasks to queue
[2025-09-15T06:58:46.264+0000] {logging_mixin.py:188} INFO - [2025-09-15T06:58:46.264+0000] {dagbag.py:540} INFO - Filling up the DagBag from /opt/airflow/dags/load_day_to_snowflake.py
[2025-09-15T06:58:46.284+0000] {processor.py:840} INFO - DAG(s) 'load_day_to_snowflake' retrieved from /opt/airflow/dags/load_day_to_snowflake.py
[2025-09-15T06:58:46.315+0000] {logging_mixin.py:188} INFO - [2025-09-15T06:58:46.315+0000] {dag.py:3096} INFO - Sync 1 DAGs
[2025-09-15T06:58:46.329+0000] {logging_mixin.py:188} INFO - [2025-09-15T06:58:46.329+0000] {dag.py:3954} INFO - Setting next_dagrun for load_day_to_snowflake to None, run_after=None
[2025-09-15T06:58:46.352+0000] {processor.py:183} INFO - Processing /opt/airflow/dags/load_day_to_snowflake.py took 0.098 seconds
[2025-09-15T06:59:16.838+0000] {processor.py:161} INFO - Started process (PID=3499) to work on /opt/airflow/dags/load_day_to_snowflake.py
[2025-09-15T06:59:16.839+0000] {processor.py:830} INFO - Processing file /opt/airflow/dags/load_day_to_snowflake.py for tasks to queue
[2025-09-15T06:59:16.839+0000] {logging_mixin.py:188} INFO - [2025-09-15T06:59:16.839+0000] {dagbag.py:540} INFO - Filling up the DagBag from /opt/airflow/dags/load_day_to_snowflake.py
[2025-09-15T06:59:16.857+0000] {processor.py:840} INFO - DAG(s) 'load_day_to_snowflake' retrieved from /opt/airflow/dags/load_day_to_snowflake.py
[2025-09-15T06:59:16.885+0000] {logging_mixin.py:188} INFO - [2025-09-15T06:59:16.885+0000] {dag.py:3096} INFO - Sync 1 DAGs
[2025-09-15T06:59:16.898+0000] {logging_mixin.py:188} INFO - [2025-09-15T06:59:16.898+0000] {dag.py:3954} INFO - Setting next_dagrun for load_day_to_snowflake to None, run_after=None
[2025-09-15T06:59:16.918+0000] {processor.py:183} INFO - Processing /opt/airflow/dags/load_day_to_snowflake.py took 0.087 seconds
[2025-09-15T06:59:47.835+0000] {processor.py:161} INFO - Started process (PID=3534) to work on /opt/airflow/dags/load_day_to_snowflake.py
[2025-09-15T06:59:47.836+0000] {processor.py:830} INFO - Processing file /opt/airflow/dags/load_day_to_snowflake.py for tasks to queue
[2025-09-15T06:59:47.837+0000] {logging_mixin.py:188} INFO - [2025-09-15T06:59:47.837+0000] {dagbag.py:540} INFO - Filling up the DagBag from /opt/airflow/dags/load_day_to_snowflake.py
[2025-09-15T06:59:47.854+0000] {processor.py:840} INFO - DAG(s) 'load_day_to_snowflake' retrieved from /opt/airflow/dags/load_day_to_snowflake.py
[2025-09-15T06:59:47.884+0000] {logging_mixin.py:188} INFO - [2025-09-15T06:59:47.884+0000] {dag.py:3096} INFO - Sync 1 DAGs
[2025-09-15T06:59:47.900+0000] {logging_mixin.py:188} INFO - [2025-09-15T06:59:47.900+0000] {dag.py:3954} INFO - Setting next_dagrun for load_day_to_snowflake to None, run_after=None
[2025-09-15T06:59:47.922+0000] {processor.py:183} INFO - Processing /opt/airflow/dags/load_day_to_snowflake.py took 0.093 seconds
[2025-09-15T07:00:18.436+0000] {processor.py:161} INFO - Started process (PID=3569) to work on /opt/airflow/dags/load_day_to_snowflake.py
[2025-09-15T07:00:18.437+0000] {processor.py:830} INFO - Processing file /opt/airflow/dags/load_day_to_snowflake.py for tasks to queue
[2025-09-15T07:00:18.438+0000] {logging_mixin.py:188} INFO - [2025-09-15T07:00:18.438+0000] {dagbag.py:540} INFO - Filling up the DagBag from /opt/airflow/dags/load_day_to_snowflake.py
[2025-09-15T07:00:18.455+0000] {processor.py:840} INFO - DAG(s) 'load_day_to_snowflake' retrieved from /opt/airflow/dags/load_day_to_snowflake.py
[2025-09-15T07:00:18.486+0000] {logging_mixin.py:188} INFO - [2025-09-15T07:00:18.486+0000] {dag.py:3096} INFO - Sync 1 DAGs
[2025-09-15T07:00:18.501+0000] {logging_mixin.py:188} INFO - [2025-09-15T07:00:18.501+0000] {dag.py:3954} INFO - Setting next_dagrun for load_day_to_snowflake to None, run_after=None
[2025-09-15T07:00:18.525+0000] {processor.py:183} INFO - Processing /opt/airflow/dags/load_day_to_snowflake.py took 0.094 seconds
[2025-09-15T07:00:49.271+0000] {processor.py:161} INFO - Started process (PID=3604) to work on /opt/airflow/dags/load_day_to_snowflake.py
[2025-09-15T07:00:49.273+0000] {processor.py:830} INFO - Processing file /opt/airflow/dags/load_day_to_snowflake.py for tasks to queue
[2025-09-15T07:00:49.274+0000] {logging_mixin.py:188} INFO - [2025-09-15T07:00:49.274+0000] {dagbag.py:540} INFO - Filling up the DagBag from /opt/airflow/dags/load_day_to_snowflake.py
[2025-09-15T07:00:49.290+0000] {processor.py:840} INFO - DAG(s) 'load_day_to_snowflake' retrieved from /opt/airflow/dags/load_day_to_snowflake.py
[2025-09-15T07:00:49.321+0000] {logging_mixin.py:188} INFO - [2025-09-15T07:00:49.320+0000] {dag.py:3096} INFO - Sync 1 DAGs
[2025-09-15T07:00:49.333+0000] {logging_mixin.py:188} INFO - [2025-09-15T07:00:49.333+0000] {dag.py:3954} INFO - Setting next_dagrun for load_day_to_snowflake to None, run_after=None
[2025-09-15T07:00:49.357+0000] {processor.py:183} INFO - Processing /opt/airflow/dags/load_day_to_snowflake.py took 0.092 seconds
[2025-09-15T07:01:20.057+0000] {processor.py:161} INFO - Started process (PID=3639) to work on /opt/airflow/dags/load_day_to_snowflake.py
[2025-09-15T07:01:20.058+0000] {processor.py:830} INFO - Processing file /opt/airflow/dags/load_day_to_snowflake.py for tasks to queue
[2025-09-15T07:01:20.058+0000] {logging_mixin.py:188} INFO - [2025-09-15T07:01:20.058+0000] {dagbag.py:540} INFO - Filling up the DagBag from /opt/airflow/dags/load_day_to_snowflake.py
[2025-09-15T07:01:20.075+0000] {processor.py:840} INFO - DAG(s) 'load_day_to_snowflake' retrieved from /opt/airflow/dags/load_day_to_snowflake.py
[2025-09-15T07:01:20.102+0000] {logging_mixin.py:188} INFO - [2025-09-15T07:01:20.102+0000] {dag.py:3096} INFO - Sync 1 DAGs
[2025-09-15T07:01:20.114+0000] {logging_mixin.py:188} INFO - [2025-09-15T07:01:20.114+0000] {dag.py:3954} INFO - Setting next_dagrun for load_day_to_snowflake to None, run_after=None
[2025-09-15T07:01:20.136+0000] {processor.py:183} INFO - Processing /opt/airflow/dags/load_day_to_snowflake.py took 0.085 seconds
[2025-09-15T07:01:50.900+0000] {processor.py:161} INFO - Started process (PID=3674) to work on /opt/airflow/dags/load_day_to_snowflake.py
[2025-09-15T07:01:50.901+0000] {processor.py:830} INFO - Processing file /opt/airflow/dags/load_day_to_snowflake.py for tasks to queue
[2025-09-15T07:01:50.902+0000] {logging_mixin.py:188} INFO - [2025-09-15T07:01:50.901+0000] {dagbag.py:540} INFO - Filling up the DagBag from /opt/airflow/dags/load_day_to_snowflake.py
[2025-09-15T07:01:50.920+0000] {processor.py:840} INFO - DAG(s) 'load_day_to_snowflake' retrieved from /opt/airflow/dags/load_day_to_snowflake.py
[2025-09-15T07:01:50.947+0000] {logging_mixin.py:188} INFO - [2025-09-15T07:01:50.947+0000] {dag.py:3096} INFO - Sync 1 DAGs
[2025-09-15T07:01:50.960+0000] {logging_mixin.py:188} INFO - [2025-09-15T07:01:50.959+0000] {dag.py:3954} INFO - Setting next_dagrun for load_day_to_snowflake to None, run_after=None
[2025-09-15T07:01:50.983+0000] {processor.py:183} INFO - Processing /opt/airflow/dags/load_day_to_snowflake.py took 0.088 seconds
[2025-09-15T07:02:21.728+0000] {processor.py:161} INFO - Started process (PID=3709) to work on /opt/airflow/dags/load_day_to_snowflake.py
[2025-09-15T07:02:21.729+0000] {processor.py:830} INFO - Processing file /opt/airflow/dags/load_day_to_snowflake.py for tasks to queue
[2025-09-15T07:02:21.730+0000] {logging_mixin.py:188} INFO - [2025-09-15T07:02:21.729+0000] {dagbag.py:540} INFO - Filling up the DagBag from /opt/airflow/dags/load_day_to_snowflake.py
[2025-09-15T07:02:21.747+0000] {processor.py:840} INFO - DAG(s) 'load_day_to_snowflake' retrieved from /opt/airflow/dags/load_day_to_snowflake.py
[2025-09-15T07:02:21.775+0000] {logging_mixin.py:188} INFO - [2025-09-15T07:02:21.774+0000] {dag.py:3096} INFO - Sync 1 DAGs
[2025-09-15T07:02:21.786+0000] {logging_mixin.py:188} INFO - [2025-09-15T07:02:21.786+0000] {dag.py:3954} INFO - Setting next_dagrun for load_day_to_snowflake to None, run_after=None
[2025-09-15T07:02:21.806+0000] {processor.py:183} INFO - Processing /opt/airflow/dags/load_day_to_snowflake.py took 0.084 seconds
[2025-09-15T07:02:52.384+0000] {processor.py:161} INFO - Started process (PID=3744) to work on /opt/airflow/dags/load_day_to_snowflake.py
[2025-09-15T07:02:52.385+0000] {processor.py:830} INFO - Processing file /opt/airflow/dags/load_day_to_snowflake.py for tasks to queue
[2025-09-15T07:02:52.386+0000] {logging_mixin.py:188} INFO - [2025-09-15T07:02:52.386+0000] {dagbag.py:540} INFO - Filling up the DagBag from /opt/airflow/dags/load_day_to_snowflake.py
[2025-09-15T07:02:52.406+0000] {processor.py:840} INFO - DAG(s) 'load_day_to_snowflake' retrieved from /opt/airflow/dags/load_day_to_snowflake.py
[2025-09-15T07:02:52.435+0000] {logging_mixin.py:188} INFO - [2025-09-15T07:02:52.435+0000] {dag.py:3096} INFO - Sync 1 DAGs
[2025-09-15T07:02:52.447+0000] {logging_mixin.py:188} INFO - [2025-09-15T07:02:52.447+0000] {dag.py:3954} INFO - Setting next_dagrun for load_day_to_snowflake to None, run_after=None
[2025-09-15T07:02:52.468+0000] {processor.py:183} INFO - Processing /opt/airflow/dags/load_day_to_snowflake.py took 0.089 seconds
[2025-09-15T07:03:22.898+0000] {processor.py:161} INFO - Started process (PID=3779) to work on /opt/airflow/dags/load_day_to_snowflake.py
[2025-09-15T07:03:22.899+0000] {processor.py:830} INFO - Processing file /opt/airflow/dags/load_day_to_snowflake.py for tasks to queue
[2025-09-15T07:03:22.900+0000] {logging_mixin.py:188} INFO - [2025-09-15T07:03:22.900+0000] {dagbag.py:540} INFO - Filling up the DagBag from /opt/airflow/dags/load_day_to_snowflake.py
[2025-09-15T07:03:22.919+0000] {processor.py:840} INFO - DAG(s) 'load_day_to_snowflake' retrieved from /opt/airflow/dags/load_day_to_snowflake.py
[2025-09-15T07:03:22.949+0000] {logging_mixin.py:188} INFO - [2025-09-15T07:03:22.949+0000] {dag.py:3096} INFO - Sync 1 DAGs
[2025-09-15T07:03:22.963+0000] {logging_mixin.py:188} INFO - [2025-09-15T07:03:22.963+0000] {dag.py:3954} INFO - Setting next_dagrun for load_day_to_snowflake to None, run_after=None
[2025-09-15T07:03:22.987+0000] {processor.py:183} INFO - Processing /opt/airflow/dags/load_day_to_snowflake.py took 0.096 seconds
[2025-09-15T07:03:53.750+0000] {processor.py:161} INFO - Started process (PID=3814) to work on /opt/airflow/dags/load_day_to_snowflake.py
[2025-09-15T07:03:53.751+0000] {processor.py:830} INFO - Processing file /opt/airflow/dags/load_day_to_snowflake.py for tasks to queue
[2025-09-15T07:03:53.752+0000] {logging_mixin.py:188} INFO - [2025-09-15T07:03:53.752+0000] {dagbag.py:540} INFO - Filling up the DagBag from /opt/airflow/dags/load_day_to_snowflake.py
[2025-09-15T07:03:53.770+0000] {processor.py:840} INFO - DAG(s) 'load_day_to_snowflake' retrieved from /opt/airflow/dags/load_day_to_snowflake.py
[2025-09-15T07:03:53.798+0000] {logging_mixin.py:188} INFO - [2025-09-15T07:03:53.798+0000] {dag.py:3096} INFO - Sync 1 DAGs
[2025-09-15T07:03:53.811+0000] {logging_mixin.py:188} INFO - [2025-09-15T07:03:53.811+0000] {dag.py:3954} INFO - Setting next_dagrun for load_day_to_snowflake to None, run_after=None
[2025-09-15T07:03:53.831+0000] {processor.py:183} INFO - Processing /opt/airflow/dags/load_day_to_snowflake.py took 0.087 seconds
[2025-09-15T07:04:24.584+0000] {processor.py:161} INFO - Started process (PID=3849) to work on /opt/airflow/dags/load_day_to_snowflake.py
[2025-09-15T07:04:24.585+0000] {processor.py:830} INFO - Processing file /opt/airflow/dags/load_day_to_snowflake.py for tasks to queue
[2025-09-15T07:04:24.586+0000] {logging_mixin.py:188} INFO - [2025-09-15T07:04:24.586+0000] {dagbag.py:540} INFO - Filling up the DagBag from /opt/airflow/dags/load_day_to_snowflake.py
[2025-09-15T07:04:24.602+0000] {processor.py:840} INFO - DAG(s) 'load_day_to_snowflake' retrieved from /opt/airflow/dags/load_day_to_snowflake.py
[2025-09-15T07:04:24.630+0000] {logging_mixin.py:188} INFO - [2025-09-15T07:04:24.629+0000] {dag.py:3096} INFO - Sync 1 DAGs
[2025-09-15T07:04:24.642+0000] {logging_mixin.py:188} INFO - [2025-09-15T07:04:24.642+0000] {dag.py:3954} INFO - Setting next_dagrun for load_day_to_snowflake to None, run_after=None
[2025-09-15T07:04:24.663+0000] {processor.py:183} INFO - Processing /opt/airflow/dags/load_day_to_snowflake.py took 0.085 seconds
[2025-09-15T07:04:55.284+0000] {processor.py:161} INFO - Started process (PID=3884) to work on /opt/airflow/dags/load_day_to_snowflake.py
[2025-09-15T07:04:55.285+0000] {processor.py:830} INFO - Processing file /opt/airflow/dags/load_day_to_snowflake.py for tasks to queue
[2025-09-15T07:04:55.286+0000] {logging_mixin.py:188} INFO - [2025-09-15T07:04:55.286+0000] {dagbag.py:540} INFO - Filling up the DagBag from /opt/airflow/dags/load_day_to_snowflake.py
[2025-09-15T07:04:55.309+0000] {processor.py:840} INFO - DAG(s) 'load_day_to_snowflake' retrieved from /opt/airflow/dags/load_day_to_snowflake.py
[2025-09-15T07:04:55.351+0000] {logging_mixin.py:188} INFO - [2025-09-15T07:04:55.351+0000] {dag.py:3096} INFO - Sync 1 DAGs
[2025-09-15T07:04:55.372+0000] {logging_mixin.py:188} INFO - [2025-09-15T07:04:55.372+0000] {dag.py:3954} INFO - Setting next_dagrun for load_day_to_snowflake to None, run_after=None
[2025-09-15T07:04:55.412+0000] {processor.py:183} INFO - Processing /opt/airflow/dags/load_day_to_snowflake.py took 0.136 seconds
[2025-09-15T07:05:25.861+0000] {processor.py:161} INFO - Started process (PID=3919) to work on /opt/airflow/dags/load_day_to_snowflake.py
[2025-09-15T07:05:25.862+0000] {processor.py:830} INFO - Processing file /opt/airflow/dags/load_day_to_snowflake.py for tasks to queue
[2025-09-15T07:05:25.863+0000] {logging_mixin.py:188} INFO - [2025-09-15T07:05:25.863+0000] {dagbag.py:540} INFO - Filling up the DagBag from /opt/airflow/dags/load_day_to_snowflake.py
[2025-09-15T07:05:25.879+0000] {processor.py:840} INFO - DAG(s) 'load_day_to_snowflake' retrieved from /opt/airflow/dags/load_day_to_snowflake.py
[2025-09-15T07:05:25.906+0000] {logging_mixin.py:188} INFO - [2025-09-15T07:05:25.906+0000] {dag.py:3096} INFO - Sync 1 DAGs
[2025-09-15T07:05:25.918+0000] {logging_mixin.py:188} INFO - [2025-09-15T07:05:25.918+0000] {dag.py:3954} INFO - Setting next_dagrun for load_day_to_snowflake to None, run_after=None
[2025-09-15T07:05:25.950+0000] {processor.py:183} INFO - Processing /opt/airflow/dags/load_day_to_snowflake.py took 0.094 seconds
[2025-09-15T07:05:56.405+0000] {processor.py:161} INFO - Started process (PID=3954) to work on /opt/airflow/dags/load_day_to_snowflake.py
[2025-09-15T07:05:56.406+0000] {processor.py:830} INFO - Processing file /opt/airflow/dags/load_day_to_snowflake.py for tasks to queue
[2025-09-15T07:05:56.406+0000] {logging_mixin.py:188} INFO - [2025-09-15T07:05:56.406+0000] {dagbag.py:540} INFO - Filling up the DagBag from /opt/airflow/dags/load_day_to_snowflake.py
[2025-09-15T07:05:56.422+0000] {processor.py:840} INFO - DAG(s) 'load_day_to_snowflake' retrieved from /opt/airflow/dags/load_day_to_snowflake.py
[2025-09-15T07:05:56.451+0000] {logging_mixin.py:188} INFO - [2025-09-15T07:05:56.450+0000] {dag.py:3096} INFO - Sync 1 DAGs
[2025-09-15T07:05:56.492+0000] {logging_mixin.py:188} INFO - [2025-09-15T07:05:56.491+0000] {dag.py:3954} INFO - Setting next_dagrun for load_day_to_snowflake to None, run_after=None
[2025-09-15T07:05:56.563+0000] {processor.py:183} INFO - Processing /opt/airflow/dags/load_day_to_snowflake.py took 0.163 seconds
[2025-09-15T07:06:27.013+0000] {processor.py:161} INFO - Started process (PID=3989) to work on /opt/airflow/dags/load_day_to_snowflake.py
[2025-09-15T07:06:27.015+0000] {processor.py:830} INFO - Processing file /opt/airflow/dags/load_day_to_snowflake.py for tasks to queue
[2025-09-15T07:06:27.016+0000] {logging_mixin.py:188} INFO - [2025-09-15T07:06:27.015+0000] {dagbag.py:540} INFO - Filling up the DagBag from /opt/airflow/dags/load_day_to_snowflake.py
[2025-09-15T07:06:27.033+0000] {processor.py:840} INFO - DAG(s) 'load_day_to_snowflake' retrieved from /opt/airflow/dags/load_day_to_snowflake.py
[2025-09-15T07:06:27.061+0000] {logging_mixin.py:188} INFO - [2025-09-15T07:06:27.060+0000] {dag.py:3096} INFO - Sync 1 DAGs
[2025-09-15T07:06:27.073+0000] {logging_mixin.py:188} INFO - [2025-09-15T07:06:27.072+0000] {dag.py:3954} INFO - Setting next_dagrun for load_day_to_snowflake to None, run_after=None
[2025-09-15T07:06:27.094+0000] {processor.py:183} INFO - Processing /opt/airflow/dags/load_day_to_snowflake.py took 0.087 seconds
[2025-09-15T07:06:57.298+0000] {processor.py:161} INFO - Started process (PID=4024) to work on /opt/airflow/dags/load_day_to_snowflake.py
[2025-09-15T07:06:57.299+0000] {processor.py:830} INFO - Processing file /opt/airflow/dags/load_day_to_snowflake.py for tasks to queue
[2025-09-15T07:06:57.302+0000] {logging_mixin.py:188} INFO - [2025-09-15T07:06:57.301+0000] {dagbag.py:540} INFO - Filling up the DagBag from /opt/airflow/dags/load_day_to_snowflake.py
[2025-09-15T07:06:57.321+0000] {processor.py:840} INFO - DAG(s) 'load_day_to_snowflake' retrieved from /opt/airflow/dags/load_day_to_snowflake.py
[2025-09-15T07:06:57.346+0000] {logging_mixin.py:188} INFO - [2025-09-15T07:06:57.346+0000] {dag.py:3096} INFO - Sync 1 DAGs
[2025-09-15T07:06:57.359+0000] {logging_mixin.py:188} INFO - [2025-09-15T07:06:57.359+0000] {dag.py:3954} INFO - Setting next_dagrun for load_day_to_snowflake to None, run_after=None
[2025-09-15T07:06:57.380+0000] {processor.py:183} INFO - Processing /opt/airflow/dags/load_day_to_snowflake.py took 0.088 seconds
[2025-09-15T07:07:27.903+0000] {processor.py:161} INFO - Started process (PID=4059) to work on /opt/airflow/dags/load_day_to_snowflake.py
[2025-09-15T07:07:27.904+0000] {processor.py:830} INFO - Processing file /opt/airflow/dags/load_day_to_snowflake.py for tasks to queue
[2025-09-15T07:07:27.905+0000] {logging_mixin.py:188} INFO - [2025-09-15T07:07:27.904+0000] {dagbag.py:540} INFO - Filling up the DagBag from /opt/airflow/dags/load_day_to_snowflake.py
[2025-09-15T07:07:27.923+0000] {processor.py:840} INFO - DAG(s) 'load_day_to_snowflake' retrieved from /opt/airflow/dags/load_day_to_snowflake.py
[2025-09-15T07:07:27.954+0000] {logging_mixin.py:188} INFO - [2025-09-15T07:07:27.954+0000] {dag.py:3096} INFO - Sync 1 DAGs
[2025-09-15T07:07:27.968+0000] {logging_mixin.py:188} INFO - [2025-09-15T07:07:27.968+0000] {dag.py:3954} INFO - Setting next_dagrun for load_day_to_snowflake to None, run_after=None
[2025-09-15T07:07:28.014+0000] {processor.py:183} INFO - Processing /opt/airflow/dags/load_day_to_snowflake.py took 0.118 seconds
[2025-09-15T07:07:58.495+0000] {processor.py:161} INFO - Started process (PID=4094) to work on /opt/airflow/dags/load_day_to_snowflake.py
[2025-09-15T07:07:58.501+0000] {processor.py:830} INFO - Processing file /opt/airflow/dags/load_day_to_snowflake.py for tasks to queue
[2025-09-15T07:07:58.505+0000] {logging_mixin.py:188} INFO - [2025-09-15T07:07:58.504+0000] {dagbag.py:540} INFO - Filling up the DagBag from /opt/airflow/dags/load_day_to_snowflake.py
[2025-09-15T07:07:58.528+0000] {processor.py:840} INFO - DAG(s) 'load_day_to_snowflake' retrieved from /opt/airflow/dags/load_day_to_snowflake.py
[2025-09-15T07:07:58.563+0000] {logging_mixin.py:188} INFO - [2025-09-15T07:07:58.562+0000] {dag.py:3096} INFO - Sync 1 DAGs
[2025-09-15T07:07:58.577+0000] {logging_mixin.py:188} INFO - [2025-09-15T07:07:58.577+0000] {dag.py:3954} INFO - Setting next_dagrun for load_day_to_snowflake to None, run_after=None
[2025-09-15T07:07:58.603+0000] {processor.py:183} INFO - Processing /opt/airflow/dags/load_day_to_snowflake.py took 0.121 seconds
[2025-09-15T07:38:48.321+0000] {processor.py:161} INFO - Started process (PID=4123) to work on /opt/airflow/dags/load_day_to_snowflake.py
[2025-09-15T07:38:48.326+0000] {processor.py:830} INFO - Processing file /opt/airflow/dags/load_day_to_snowflake.py for tasks to queue
[2025-09-15T07:38:48.338+0000] {logging_mixin.py:188} INFO - [2025-09-15T07:38:48.330+0000] {dagbag.py:540} INFO - Filling up the DagBag from /opt/airflow/dags/load_day_to_snowflake.py
[2025-09-15T07:38:48.866+0000] {processor.py:840} INFO - DAG(s) 'load_day_to_snowflake' retrieved from /opt/airflow/dags/load_day_to_snowflake.py
[2025-09-15T07:38:49.846+0000] {logging_mixin.py:188} INFO - [2025-09-15T07:38:49.845+0000] {dag.py:3096} INFO - Sync 1 DAGs
[2025-09-15T07:38:49.930+0000] {logging_mixin.py:188} INFO - [2025-09-15T07:38:49.928+0000] {dag.py:3954} INFO - Setting next_dagrun for load_day_to_snowflake to None, run_after=None
[2025-09-15T07:38:50.022+0000] {processor.py:183} INFO - Processing /opt/airflow/dags/load_day_to_snowflake.py took 1.745 seconds
[2025-09-15T07:39:20.720+0000] {processor.py:161} INFO - Started process (PID=4158) to work on /opt/airflow/dags/load_day_to_snowflake.py
[2025-09-15T07:39:20.721+0000] {processor.py:830} INFO - Processing file /opt/airflow/dags/load_day_to_snowflake.py for tasks to queue
[2025-09-15T07:39:20.722+0000] {logging_mixin.py:188} INFO - [2025-09-15T07:39:20.722+0000] {dagbag.py:540} INFO - Filling up the DagBag from /opt/airflow/dags/load_day_to_snowflake.py
[2025-09-15T07:39:20.757+0000] {processor.py:840} INFO - DAG(s) 'load_day_to_snowflake' retrieved from /opt/airflow/dags/load_day_to_snowflake.py
[2025-09-15T07:39:20.799+0000] {logging_mixin.py:188} INFO - [2025-09-15T07:39:20.799+0000] {dag.py:3096} INFO - Sync 1 DAGs
[2025-09-15T07:39:20.826+0000] {logging_mixin.py:188} INFO - [2025-09-15T07:39:20.826+0000] {dag.py:3954} INFO - Setting next_dagrun for load_day_to_snowflake to None, run_after=None
[2025-09-15T07:39:20.849+0000] {processor.py:183} INFO - Processing /opt/airflow/dags/load_day_to_snowflake.py took 0.143 seconds
[2025-09-15T07:39:51.304+0000] {processor.py:161} INFO - Started process (PID=4193) to work on /opt/airflow/dags/load_day_to_snowflake.py
[2025-09-15T07:39:51.305+0000] {processor.py:830} INFO - Processing file /opt/airflow/dags/load_day_to_snowflake.py for tasks to queue
[2025-09-15T07:39:51.305+0000] {logging_mixin.py:188} INFO - [2025-09-15T07:39:51.305+0000] {dagbag.py:540} INFO - Filling up the DagBag from /opt/airflow/dags/load_day_to_snowflake.py
[2025-09-15T07:39:51.331+0000] {processor.py:840} INFO - DAG(s) 'load_day_to_snowflake' retrieved from /opt/airflow/dags/load_day_to_snowflake.py
[2025-09-15T07:39:51.365+0000] {logging_mixin.py:188} INFO - [2025-09-15T07:39:51.365+0000] {dag.py:3096} INFO - Sync 1 DAGs
[2025-09-15T07:39:51.380+0000] {logging_mixin.py:188} INFO - [2025-09-15T07:39:51.380+0000] {dag.py:3954} INFO - Setting next_dagrun for load_day_to_snowflake to None, run_after=None
[2025-09-15T07:39:51.401+0000] {processor.py:183} INFO - Processing /opt/airflow/dags/load_day_to_snowflake.py took 0.103 seconds
[2025-09-15T07:40:22.032+0000] {processor.py:161} INFO - Started process (PID=4228) to work on /opt/airflow/dags/load_day_to_snowflake.py
[2025-09-15T07:40:22.034+0000] {processor.py:830} INFO - Processing file /opt/airflow/dags/load_day_to_snowflake.py for tasks to queue
[2025-09-15T07:40:22.035+0000] {logging_mixin.py:188} INFO - [2025-09-15T07:40:22.034+0000] {dagbag.py:540} INFO - Filling up the DagBag from /opt/airflow/dags/load_day_to_snowflake.py
[2025-09-15T07:40:22.058+0000] {processor.py:840} INFO - DAG(s) 'load_day_to_snowflake' retrieved from /opt/airflow/dags/load_day_to_snowflake.py
[2025-09-15T07:40:22.088+0000] {logging_mixin.py:188} INFO - [2025-09-15T07:40:22.088+0000] {dag.py:3096} INFO - Sync 1 DAGs
[2025-09-15T07:40:22.103+0000] {logging_mixin.py:188} INFO - [2025-09-15T07:40:22.103+0000] {dag.py:3954} INFO - Setting next_dagrun for load_day_to_snowflake to None, run_after=None
[2025-09-15T07:40:22.123+0000] {processor.py:183} INFO - Processing /opt/airflow/dags/load_day_to_snowflake.py took 0.096 seconds
[2025-09-15T07:40:52.597+0000] {processor.py:161} INFO - Started process (PID=4263) to work on /opt/airflow/dags/load_day_to_snowflake.py
[2025-09-15T07:40:52.598+0000] {processor.py:830} INFO - Processing file /opt/airflow/dags/load_day_to_snowflake.py for tasks to queue
[2025-09-15T07:40:52.599+0000] {logging_mixin.py:188} INFO - [2025-09-15T07:40:52.599+0000] {dagbag.py:540} INFO - Filling up the DagBag from /opt/airflow/dags/load_day_to_snowflake.py
[2025-09-15T07:40:52.617+0000] {processor.py:840} INFO - DAG(s) 'load_day_to_snowflake' retrieved from /opt/airflow/dags/load_day_to_snowflake.py
[2025-09-15T07:40:52.644+0000] {logging_mixin.py:188} INFO - [2025-09-15T07:40:52.644+0000] {dag.py:3096} INFO - Sync 1 DAGs
[2025-09-15T07:40:52.657+0000] {logging_mixin.py:188} INFO - [2025-09-15T07:40:52.657+0000] {dag.py:3954} INFO - Setting next_dagrun for load_day_to_snowflake to None, run_after=None
[2025-09-15T07:40:52.678+0000] {processor.py:183} INFO - Processing /opt/airflow/dags/load_day_to_snowflake.py took 0.086 seconds
[2025-09-15T07:41:23.250+0000] {processor.py:161} INFO - Started process (PID=4298) to work on /opt/airflow/dags/load_day_to_snowflake.py
[2025-09-15T07:41:23.251+0000] {processor.py:830} INFO - Processing file /opt/airflow/dags/load_day_to_snowflake.py for tasks to queue
[2025-09-15T07:41:23.252+0000] {logging_mixin.py:188} INFO - [2025-09-15T07:41:23.251+0000] {dagbag.py:540} INFO - Filling up the DagBag from /opt/airflow/dags/load_day_to_snowflake.py
[2025-09-15T07:41:23.271+0000] {processor.py:840} INFO - DAG(s) 'load_day_to_snowflake' retrieved from /opt/airflow/dags/load_day_to_snowflake.py
[2025-09-15T07:41:23.298+0000] {logging_mixin.py:188} INFO - [2025-09-15T07:41:23.298+0000] {dag.py:3096} INFO - Sync 1 DAGs
[2025-09-15T07:41:23.311+0000] {logging_mixin.py:188} INFO - [2025-09-15T07:41:23.310+0000] {dag.py:3954} INFO - Setting next_dagrun for load_day_to_snowflake to None, run_after=None
[2025-09-15T07:41:23.331+0000] {processor.py:183} INFO - Processing /opt/airflow/dags/load_day_to_snowflake.py took 0.089 seconds
[2025-09-15T07:41:53.924+0000] {processor.py:161} INFO - Started process (PID=4333) to work on /opt/airflow/dags/load_day_to_snowflake.py
[2025-09-15T07:41:53.925+0000] {processor.py:830} INFO - Processing file /opt/airflow/dags/load_day_to_snowflake.py for tasks to queue
[2025-09-15T07:41:53.927+0000] {logging_mixin.py:188} INFO - [2025-09-15T07:41:53.926+0000] {dagbag.py:540} INFO - Filling up the DagBag from /opt/airflow/dags/load_day_to_snowflake.py
[2025-09-15T07:41:53.954+0000] {processor.py:840} INFO - DAG(s) 'load_day_to_snowflake' retrieved from /opt/airflow/dags/load_day_to_snowflake.py
[2025-09-15T07:41:53.990+0000] {logging_mixin.py:188} INFO - [2025-09-15T07:41:53.990+0000] {dag.py:3096} INFO - Sync 1 DAGs
[2025-09-15T07:41:54.011+0000] {logging_mixin.py:188} INFO - [2025-09-15T07:41:54.011+0000] {dag.py:3954} INFO - Setting next_dagrun for load_day_to_snowflake to None, run_after=None
[2025-09-15T07:41:54.043+0000] {processor.py:183} INFO - Processing /opt/airflow/dags/load_day_to_snowflake.py took 0.126 seconds
[2025-09-15T07:42:24.594+0000] {processor.py:161} INFO - Started process (PID=4368) to work on /opt/airflow/dags/load_day_to_snowflake.py
[2025-09-15T07:42:24.595+0000] {processor.py:830} INFO - Processing file /opt/airflow/dags/load_day_to_snowflake.py for tasks to queue
[2025-09-15T07:42:24.596+0000] {logging_mixin.py:188} INFO - [2025-09-15T07:42:24.595+0000] {dagbag.py:540} INFO - Filling up the DagBag from /opt/airflow/dags/load_day_to_snowflake.py
[2025-09-15T07:42:24.615+0000] {processor.py:840} INFO - DAG(s) 'load_day_to_snowflake' retrieved from /opt/airflow/dags/load_day_to_snowflake.py
[2025-09-15T07:42:24.641+0000] {logging_mixin.py:188} INFO - [2025-09-15T07:42:24.641+0000] {dag.py:3096} INFO - Sync 1 DAGs
[2025-09-15T07:42:24.653+0000] {logging_mixin.py:188} INFO - [2025-09-15T07:42:24.652+0000] {dag.py:3954} INFO - Setting next_dagrun for load_day_to_snowflake to None, run_after=None
[2025-09-15T07:42:24.674+0000] {processor.py:183} INFO - Processing /opt/airflow/dags/load_day_to_snowflake.py took 0.086 seconds
[2025-09-15T07:42:55.251+0000] {processor.py:161} INFO - Started process (PID=4403) to work on /opt/airflow/dags/load_day_to_snowflake.py
[2025-09-15T07:42:55.252+0000] {processor.py:830} INFO - Processing file /opt/airflow/dags/load_day_to_snowflake.py for tasks to queue
[2025-09-15T07:42:55.253+0000] {logging_mixin.py:188} INFO - [2025-09-15T07:42:55.253+0000] {dagbag.py:540} INFO - Filling up the DagBag from /opt/airflow/dags/load_day_to_snowflake.py
[2025-09-15T07:42:55.270+0000] {processor.py:840} INFO - DAG(s) 'load_day_to_snowflake' retrieved from /opt/airflow/dags/load_day_to_snowflake.py
[2025-09-15T07:42:55.297+0000] {logging_mixin.py:188} INFO - [2025-09-15T07:42:55.297+0000] {dag.py:3096} INFO - Sync 1 DAGs
[2025-09-15T07:42:55.309+0000] {logging_mixin.py:188} INFO - [2025-09-15T07:42:55.309+0000] {dag.py:3954} INFO - Setting next_dagrun for load_day_to_snowflake to None, run_after=None
[2025-09-15T07:42:55.328+0000] {processor.py:183} INFO - Processing /opt/airflow/dags/load_day_to_snowflake.py took 0.083 seconds
[2025-09-15T07:43:25.951+0000] {processor.py:161} INFO - Started process (PID=4438) to work on /opt/airflow/dags/load_day_to_snowflake.py
[2025-09-15T07:43:25.953+0000] {processor.py:830} INFO - Processing file /opt/airflow/dags/load_day_to_snowflake.py for tasks to queue
[2025-09-15T07:43:25.954+0000] {logging_mixin.py:188} INFO - [2025-09-15T07:43:25.954+0000] {dagbag.py:540} INFO - Filling up the DagBag from /opt/airflow/dags/load_day_to_snowflake.py
[2025-09-15T07:43:25.975+0000] {processor.py:840} INFO - DAG(s) 'load_day_to_snowflake' retrieved from /opt/airflow/dags/load_day_to_snowflake.py
[2025-09-15T07:43:26.007+0000] {logging_mixin.py:188} INFO - [2025-09-15T07:43:26.007+0000] {dag.py:3096} INFO - Sync 1 DAGs
[2025-09-15T07:43:26.023+0000] {logging_mixin.py:188} INFO - [2025-09-15T07:43:26.022+0000] {dag.py:3954} INFO - Setting next_dagrun for load_day_to_snowflake to None, run_after=None
[2025-09-15T07:43:26.044+0000] {processor.py:183} INFO - Processing /opt/airflow/dags/load_day_to_snowflake.py took 0.099 seconds
[2025-09-15T07:43:56.657+0000] {processor.py:161} INFO - Started process (PID=4473) to work on /opt/airflow/dags/load_day_to_snowflake.py
[2025-09-15T07:43:56.659+0000] {processor.py:830} INFO - Processing file /opt/airflow/dags/load_day_to_snowflake.py for tasks to queue
[2025-09-15T07:43:56.660+0000] {logging_mixin.py:188} INFO - [2025-09-15T07:43:56.660+0000] {dagbag.py:540} INFO - Filling up the DagBag from /opt/airflow/dags/load_day_to_snowflake.py
[2025-09-15T07:43:56.691+0000] {processor.py:840} INFO - DAG(s) 'load_day_to_snowflake' retrieved from /opt/airflow/dags/load_day_to_snowflake.py
[2025-09-15T07:43:56.728+0000] {logging_mixin.py:188} INFO - [2025-09-15T07:43:56.727+0000] {dag.py:3096} INFO - Sync 1 DAGs
[2025-09-15T07:43:56.744+0000] {logging_mixin.py:188} INFO - [2025-09-15T07:43:56.744+0000] {dag.py:3954} INFO - Setting next_dagrun for load_day_to_snowflake to None, run_after=None
[2025-09-15T07:43:56.769+0000] {processor.py:183} INFO - Processing /opt/airflow/dags/load_day_to_snowflake.py took 0.121 seconds
[2025-09-15T07:44:27.511+0000] {processor.py:161} INFO - Started process (PID=4508) to work on /opt/airflow/dags/load_day_to_snowflake.py
[2025-09-15T07:44:27.512+0000] {processor.py:830} INFO - Processing file /opt/airflow/dags/load_day_to_snowflake.py for tasks to queue
[2025-09-15T07:44:27.513+0000] {logging_mixin.py:188} INFO - [2025-09-15T07:44:27.512+0000] {dagbag.py:540} INFO - Filling up the DagBag from /opt/airflow/dags/load_day_to_snowflake.py
[2025-09-15T07:44:27.535+0000] {processor.py:840} INFO - DAG(s) 'load_day_to_snowflake' retrieved from /opt/airflow/dags/load_day_to_snowflake.py
[2025-09-15T07:44:27.577+0000] {logging_mixin.py:188} INFO - [2025-09-15T07:44:27.577+0000] {dag.py:3096} INFO - Sync 1 DAGs
[2025-09-15T07:44:27.596+0000] {logging_mixin.py:188} INFO - [2025-09-15T07:44:27.596+0000] {dag.py:3954} INFO - Setting next_dagrun for load_day_to_snowflake to None, run_after=None
[2025-09-15T07:44:27.632+0000] {processor.py:183} INFO - Processing /opt/airflow/dags/load_day_to_snowflake.py took 0.127 seconds
[2025-09-15T07:44:58.554+0000] {processor.py:161} INFO - Started process (PID=4543) to work on /opt/airflow/dags/load_day_to_snowflake.py
[2025-09-15T07:44:58.557+0000] {processor.py:830} INFO - Processing file /opt/airflow/dags/load_day_to_snowflake.py for tasks to queue
[2025-09-15T07:44:58.561+0000] {logging_mixin.py:188} INFO - [2025-09-15T07:44:58.561+0000] {dagbag.py:540} INFO - Filling up the DagBag from /opt/airflow/dags/load_day_to_snowflake.py
[2025-09-15T07:44:58.633+0000] {processor.py:840} INFO - DAG(s) 'load_day_to_snowflake' retrieved from /opt/airflow/dags/load_day_to_snowflake.py
[2025-09-15T07:44:58.750+0000] {logging_mixin.py:188} INFO - [2025-09-15T07:44:58.749+0000] {dag.py:3096} INFO - Sync 1 DAGs
[2025-09-15T07:44:58.807+0000] {logging_mixin.py:188} INFO - [2025-09-15T07:44:58.806+0000] {dag.py:3954} INFO - Setting next_dagrun for load_day_to_snowflake to None, run_after=None
[2025-09-15T07:44:58.881+0000] {processor.py:183} INFO - Processing /opt/airflow/dags/load_day_to_snowflake.py took 0.356 seconds
[2025-09-15T07:45:29.867+0000] {processor.py:161} INFO - Started process (PID=4578) to work on /opt/airflow/dags/load_day_to_snowflake.py
[2025-09-15T07:45:29.868+0000] {processor.py:830} INFO - Processing file /opt/airflow/dags/load_day_to_snowflake.py for tasks to queue
[2025-09-15T07:45:29.869+0000] {logging_mixin.py:188} INFO - [2025-09-15T07:45:29.869+0000] {dagbag.py:540} INFO - Filling up the DagBag from /opt/airflow/dags/load_day_to_snowflake.py
[2025-09-15T07:45:29.886+0000] {processor.py:840} INFO - DAG(s) 'load_day_to_snowflake' retrieved from /opt/airflow/dags/load_day_to_snowflake.py
[2025-09-15T07:45:29.912+0000] {logging_mixin.py:188} INFO - [2025-09-15T07:45:29.912+0000] {dag.py:3096} INFO - Sync 1 DAGs
[2025-09-15T07:45:29.925+0000] {logging_mixin.py:188} INFO - [2025-09-15T07:45:29.924+0000] {dag.py:3954} INFO - Setting next_dagrun for load_day_to_snowflake to None, run_after=None
[2025-09-15T07:45:29.947+0000] {processor.py:183} INFO - Processing /opt/airflow/dags/load_day_to_snowflake.py took 0.085 seconds
[2025-09-15T07:46:00.819+0000] {processor.py:161} INFO - Started process (PID=4613) to work on /opt/airflow/dags/load_day_to_snowflake.py
[2025-09-15T07:46:00.820+0000] {processor.py:830} INFO - Processing file /opt/airflow/dags/load_day_to_snowflake.py for tasks to queue
[2025-09-15T07:46:00.822+0000] {logging_mixin.py:188} INFO - [2025-09-15T07:46:00.821+0000] {dagbag.py:540} INFO - Filling up the DagBag from /opt/airflow/dags/load_day_to_snowflake.py
[2025-09-15T07:46:00.842+0000] {processor.py:840} INFO - DAG(s) 'load_day_to_snowflake' retrieved from /opt/airflow/dags/load_day_to_snowflake.py
[2025-09-15T07:46:00.869+0000] {logging_mixin.py:188} INFO - [2025-09-15T07:46:00.869+0000] {dag.py:3096} INFO - Sync 1 DAGs
[2025-09-15T07:46:00.887+0000] {logging_mixin.py:188} INFO - [2025-09-15T07:46:00.887+0000] {dag.py:3954} INFO - Setting next_dagrun for load_day_to_snowflake to None, run_after=None
[2025-09-15T07:46:00.911+0000] {processor.py:183} INFO - Processing /opt/airflow/dags/load_day_to_snowflake.py took 0.100 seconds
[2025-09-15T07:46:31.646+0000] {processor.py:161} INFO - Started process (PID=4648) to work on /opt/airflow/dags/load_day_to_snowflake.py
[2025-09-15T07:46:31.647+0000] {processor.py:830} INFO - Processing file /opt/airflow/dags/load_day_to_snowflake.py for tasks to queue
[2025-09-15T07:46:31.648+0000] {logging_mixin.py:188} INFO - [2025-09-15T07:46:31.647+0000] {dagbag.py:540} INFO - Filling up the DagBag from /opt/airflow/dags/load_day_to_snowflake.py
[2025-09-15T07:46:31.666+0000] {processor.py:840} INFO - DAG(s) 'load_day_to_snowflake' retrieved from /opt/airflow/dags/load_day_to_snowflake.py
[2025-09-15T07:46:31.691+0000] {logging_mixin.py:188} INFO - [2025-09-15T07:46:31.691+0000] {dag.py:3096} INFO - Sync 1 DAGs
[2025-09-15T07:46:31.704+0000] {logging_mixin.py:188} INFO - [2025-09-15T07:46:31.704+0000] {dag.py:3954} INFO - Setting next_dagrun for load_day_to_snowflake to None, run_after=None
[2025-09-15T07:46:31.725+0000] {processor.py:183} INFO - Processing /opt/airflow/dags/load_day_to_snowflake.py took 0.084 seconds
[2025-09-15T07:47:02.397+0000] {processor.py:161} INFO - Started process (PID=4683) to work on /opt/airflow/dags/load_day_to_snowflake.py
[2025-09-15T07:47:02.398+0000] {processor.py:830} INFO - Processing file /opt/airflow/dags/load_day_to_snowflake.py for tasks to queue
[2025-09-15T07:47:02.401+0000] {logging_mixin.py:188} INFO - [2025-09-15T07:47:02.400+0000] {dagbag.py:540} INFO - Filling up the DagBag from /opt/airflow/dags/load_day_to_snowflake.py
[2025-09-15T07:47:02.537+0000] {processor.py:840} INFO - DAG(s) 'load_day_to_snowflake' retrieved from /opt/airflow/dags/load_day_to_snowflake.py
[2025-09-15T07:47:02.728+0000] {logging_mixin.py:188} INFO - [2025-09-15T07:47:02.727+0000] {dag.py:3096} INFO - Sync 1 DAGs
[2025-09-15T07:47:02.776+0000] {logging_mixin.py:188} INFO - [2025-09-15T07:47:02.775+0000] {dag.py:3954} INFO - Setting next_dagrun for load_day_to_snowflake to None, run_after=None
[2025-09-15T07:47:02.931+0000] {processor.py:183} INFO - Processing /opt/airflow/dags/load_day_to_snowflake.py took 0.556 seconds
[2025-09-15T07:47:33.734+0000] {processor.py:161} INFO - Started process (PID=4718) to work on /opt/airflow/dags/load_day_to_snowflake.py
[2025-09-15T07:47:33.735+0000] {processor.py:830} INFO - Processing file /opt/airflow/dags/load_day_to_snowflake.py for tasks to queue
[2025-09-15T07:47:33.736+0000] {logging_mixin.py:188} INFO - [2025-09-15T07:47:33.736+0000] {dagbag.py:540} INFO - Filling up the DagBag from /opt/airflow/dags/load_day_to_snowflake.py
[2025-09-15T07:47:33.755+0000] {processor.py:840} INFO - DAG(s) 'load_day_to_snowflake' retrieved from /opt/airflow/dags/load_day_to_snowflake.py
[2025-09-15T07:47:33.844+0000] {logging_mixin.py:188} INFO - [2025-09-15T07:47:33.843+0000] {dag.py:3096} INFO - Sync 1 DAGs
[2025-09-15T07:47:33.878+0000] {logging_mixin.py:188} INFO - [2025-09-15T07:47:33.877+0000] {dag.py:3954} INFO - Setting next_dagrun for load_day_to_snowflake to None, run_after=None
[2025-09-15T07:47:33.903+0000] {processor.py:183} INFO - Processing /opt/airflow/dags/load_day_to_snowflake.py took 0.178 seconds
[2025-09-15T07:48:04.716+0000] {processor.py:161} INFO - Started process (PID=4753) to work on /opt/airflow/dags/load_day_to_snowflake.py
[2025-09-15T07:48:04.718+0000] {processor.py:830} INFO - Processing file /opt/airflow/dags/load_day_to_snowflake.py for tasks to queue
[2025-09-15T07:48:04.719+0000] {logging_mixin.py:188} INFO - [2025-09-15T07:48:04.719+0000] {dagbag.py:540} INFO - Filling up the DagBag from /opt/airflow/dags/load_day_to_snowflake.py
[2025-09-15T07:48:04.742+0000] {processor.py:840} INFO - DAG(s) 'load_day_to_snowflake' retrieved from /opt/airflow/dags/load_day_to_snowflake.py
[2025-09-15T07:48:04.771+0000] {logging_mixin.py:188} INFO - [2025-09-15T07:48:04.771+0000] {dag.py:3096} INFO - Sync 1 DAGs
[2025-09-15T07:48:04.785+0000] {logging_mixin.py:188} INFO - [2025-09-15T07:48:04.784+0000] {dag.py:3954} INFO - Setting next_dagrun for load_day_to_snowflake to None, run_after=None
[2025-09-15T07:48:04.804+0000] {processor.py:183} INFO - Processing /opt/airflow/dags/load_day_to_snowflake.py took 0.096 seconds
[2025-09-15T07:48:35.651+0000] {processor.py:161} INFO - Started process (PID=4788) to work on /opt/airflow/dags/load_day_to_snowflake.py
[2025-09-15T07:48:35.652+0000] {processor.py:830} INFO - Processing file /opt/airflow/dags/load_day_to_snowflake.py for tasks to queue
[2025-09-15T07:48:35.653+0000] {logging_mixin.py:188} INFO - [2025-09-15T07:48:35.653+0000] {dagbag.py:540} INFO - Filling up the DagBag from /opt/airflow/dags/load_day_to_snowflake.py
[2025-09-15T07:48:35.676+0000] {processor.py:840} INFO - DAG(s) 'load_day_to_snowflake' retrieved from /opt/airflow/dags/load_day_to_snowflake.py
[2025-09-15T07:48:35.707+0000] {logging_mixin.py:188} INFO - [2025-09-15T07:48:35.707+0000] {dag.py:3096} INFO - Sync 1 DAGs
[2025-09-15T07:48:35.806+0000] {logging_mixin.py:188} INFO - [2025-09-15T07:48:35.805+0000] {dag.py:3954} INFO - Setting next_dagrun for load_day_to_snowflake to None, run_after=None
[2025-09-15T07:48:35.838+0000] {processor.py:183} INFO - Processing /opt/airflow/dags/load_day_to_snowflake.py took 0.193 seconds
[2025-09-15T07:49:06.641+0000] {processor.py:161} INFO - Started process (PID=4823) to work on /opt/airflow/dags/load_day_to_snowflake.py
[2025-09-15T07:49:06.642+0000] {processor.py:830} INFO - Processing file /opt/airflow/dags/load_day_to_snowflake.py for tasks to queue
[2025-09-15T07:49:06.643+0000] {logging_mixin.py:188} INFO - [2025-09-15T07:49:06.643+0000] {dagbag.py:540} INFO - Filling up the DagBag from /opt/airflow/dags/load_day_to_snowflake.py
[2025-09-15T07:49:06.662+0000] {processor.py:840} INFO - DAG(s) 'load_day_to_snowflake' retrieved from /opt/airflow/dags/load_day_to_snowflake.py
[2025-09-15T07:49:06.688+0000] {logging_mixin.py:188} INFO - [2025-09-15T07:49:06.688+0000] {dag.py:3096} INFO - Sync 1 DAGs
[2025-09-15T07:49:06.701+0000] {logging_mixin.py:188} INFO - [2025-09-15T07:49:06.701+0000] {dag.py:3954} INFO - Setting next_dagrun for load_day_to_snowflake to None, run_after=None
[2025-09-15T07:49:06.721+0000] {processor.py:183} INFO - Processing /opt/airflow/dags/load_day_to_snowflake.py took 0.086 seconds
[2025-09-15T07:49:37.350+0000] {processor.py:161} INFO - Started process (PID=4858) to work on /opt/airflow/dags/load_day_to_snowflake.py
[2025-09-15T07:49:37.350+0000] {processor.py:830} INFO - Processing file /opt/airflow/dags/load_day_to_snowflake.py for tasks to queue
[2025-09-15T07:49:37.351+0000] {logging_mixin.py:188} INFO - [2025-09-15T07:49:37.351+0000] {dagbag.py:540} INFO - Filling up the DagBag from /opt/airflow/dags/load_day_to_snowflake.py
[2025-09-15T07:49:37.372+0000] {processor.py:840} INFO - DAG(s) 'load_day_to_snowflake' retrieved from /opt/airflow/dags/load_day_to_snowflake.py
[2025-09-15T07:49:37.398+0000] {logging_mixin.py:188} INFO - [2025-09-15T07:49:37.398+0000] {dag.py:3096} INFO - Sync 1 DAGs
[2025-09-15T07:49:37.415+0000] {logging_mixin.py:188} INFO - [2025-09-15T07:49:37.414+0000] {dag.py:3954} INFO - Setting next_dagrun for load_day_to_snowflake to None, run_after=None
[2025-09-15T07:49:37.439+0000] {processor.py:183} INFO - Processing /opt/airflow/dags/load_day_to_snowflake.py took 0.095 seconds
[2025-09-15T07:50:08.227+0000] {processor.py:161} INFO - Started process (PID=4893) to work on /opt/airflow/dags/load_day_to_snowflake.py
[2025-09-15T07:50:08.229+0000] {processor.py:830} INFO - Processing file /opt/airflow/dags/load_day_to_snowflake.py for tasks to queue
[2025-09-15T07:50:08.231+0000] {logging_mixin.py:188} INFO - [2025-09-15T07:50:08.230+0000] {dagbag.py:540} INFO - Filling up the DagBag from /opt/airflow/dags/load_day_to_snowflake.py
[2025-09-15T07:50:08.261+0000] {processor.py:840} INFO - DAG(s) 'load_day_to_snowflake' retrieved from /opt/airflow/dags/load_day_to_snowflake.py
[2025-09-15T07:50:08.293+0000] {logging_mixin.py:188} INFO - [2025-09-15T07:50:08.293+0000] {dag.py:3096} INFO - Sync 1 DAGs
[2025-09-15T07:50:08.307+0000] {logging_mixin.py:188} INFO - [2025-09-15T07:50:08.307+0000] {dag.py:3954} INFO - Setting next_dagrun for load_day_to_snowflake to None, run_after=None
[2025-09-15T07:50:08.327+0000] {processor.py:183} INFO - Processing /opt/airflow/dags/load_day_to_snowflake.py took 0.114 seconds
[2025-09-15T07:50:39.220+0000] {processor.py:161} INFO - Started process (PID=4928) to work on /opt/airflow/dags/load_day_to_snowflake.py
[2025-09-15T07:50:39.222+0000] {processor.py:830} INFO - Processing file /opt/airflow/dags/load_day_to_snowflake.py for tasks to queue
[2025-09-15T07:50:39.223+0000] {logging_mixin.py:188} INFO - [2025-09-15T07:50:39.223+0000] {dagbag.py:540} INFO - Filling up the DagBag from /opt/airflow/dags/load_day_to_snowflake.py
[2025-09-15T07:50:39.246+0000] {processor.py:840} INFO - DAG(s) 'load_day_to_snowflake' retrieved from /opt/airflow/dags/load_day_to_snowflake.py
[2025-09-15T07:50:39.276+0000] {logging_mixin.py:188} INFO - [2025-09-15T07:50:39.276+0000] {dag.py:3096} INFO - Sync 1 DAGs
[2025-09-15T07:50:39.290+0000] {logging_mixin.py:188} INFO - [2025-09-15T07:50:39.290+0000] {dag.py:3954} INFO - Setting next_dagrun for load_day_to_snowflake to None, run_after=None
[2025-09-15T07:50:39.314+0000] {processor.py:183} INFO - Processing /opt/airflow/dags/load_day_to_snowflake.py took 0.100 seconds
[2025-09-15T07:51:09.977+0000] {processor.py:161} INFO - Started process (PID=4963) to work on /opt/airflow/dags/load_day_to_snowflake.py
[2025-09-15T07:51:09.978+0000] {processor.py:830} INFO - Processing file /opt/airflow/dags/load_day_to_snowflake.py for tasks to queue
[2025-09-15T07:51:09.979+0000] {logging_mixin.py:188} INFO - [2025-09-15T07:51:09.979+0000] {dagbag.py:540} INFO - Filling up the DagBag from /opt/airflow/dags/load_day_to_snowflake.py
[2025-09-15T07:51:09.998+0000] {processor.py:840} INFO - DAG(s) 'load_day_to_snowflake' retrieved from /opt/airflow/dags/load_day_to_snowflake.py
[2025-09-15T07:51:10.028+0000] {logging_mixin.py:188} INFO - [2025-09-15T07:51:10.028+0000] {dag.py:3096} INFO - Sync 1 DAGs
[2025-09-15T07:51:10.044+0000] {logging_mixin.py:188} INFO - [2025-09-15T07:51:10.044+0000] {dag.py:3954} INFO - Setting next_dagrun for load_day_to_snowflake to None, run_after=None
[2025-09-15T07:51:10.066+0000] {processor.py:183} INFO - Processing /opt/airflow/dags/load_day_to_snowflake.py took 0.096 seconds
[2025-09-15T07:51:40.631+0000] {processor.py:161} INFO - Started process (PID=4998) to work on /opt/airflow/dags/load_day_to_snowflake.py
[2025-09-15T07:51:40.632+0000] {processor.py:830} INFO - Processing file /opt/airflow/dags/load_day_to_snowflake.py for tasks to queue
[2025-09-15T07:51:40.633+0000] {logging_mixin.py:188} INFO - [2025-09-15T07:51:40.633+0000] {dagbag.py:540} INFO - Filling up the DagBag from /opt/airflow/dags/load_day_to_snowflake.py
[2025-09-15T07:51:40.653+0000] {processor.py:840} INFO - DAG(s) 'load_day_to_snowflake' retrieved from /opt/airflow/dags/load_day_to_snowflake.py
[2025-09-15T07:51:40.680+0000] {logging_mixin.py:188} INFO - [2025-09-15T07:51:40.679+0000] {dag.py:3096} INFO - Sync 1 DAGs
[2025-09-15T07:51:40.692+0000] {logging_mixin.py:188} INFO - [2025-09-15T07:51:40.692+0000] {dag.py:3954} INFO - Setting next_dagrun for load_day_to_snowflake to None, run_after=None
[2025-09-15T07:51:40.714+0000] {processor.py:183} INFO - Processing /opt/airflow/dags/load_day_to_snowflake.py took 0.088 seconds
[2025-09-15T07:52:11.465+0000] {processor.py:161} INFO - Started process (PID=5033) to work on /opt/airflow/dags/load_day_to_snowflake.py
[2025-09-15T07:52:11.465+0000] {processor.py:830} INFO - Processing file /opt/airflow/dags/load_day_to_snowflake.py for tasks to queue
[2025-09-15T07:52:11.466+0000] {logging_mixin.py:188} INFO - [2025-09-15T07:52:11.466+0000] {dagbag.py:540} INFO - Filling up the DagBag from /opt/airflow/dags/load_day_to_snowflake.py
[2025-09-15T07:52:11.483+0000] {processor.py:840} INFO - DAG(s) 'load_day_to_snowflake' retrieved from /opt/airflow/dags/load_day_to_snowflake.py
[2025-09-15T07:52:11.507+0000] {logging_mixin.py:188} INFO - [2025-09-15T07:52:11.506+0000] {dag.py:3096} INFO - Sync 1 DAGs
[2025-09-15T07:52:11.530+0000] {logging_mixin.py:188} INFO - [2025-09-15T07:52:11.530+0000] {dag.py:3954} INFO - Setting next_dagrun for load_day_to_snowflake to None, run_after=None
[2025-09-15T07:52:11.642+0000] {processor.py:183} INFO - Processing /opt/airflow/dags/load_day_to_snowflake.py took 0.182 seconds
[2025-09-15T07:52:42.362+0000] {processor.py:161} INFO - Started process (PID=5068) to work on /opt/airflow/dags/load_day_to_snowflake.py
[2025-09-15T07:52:42.364+0000] {processor.py:830} INFO - Processing file /opt/airflow/dags/load_day_to_snowflake.py for tasks to queue
[2025-09-15T07:52:42.366+0000] {logging_mixin.py:188} INFO - [2025-09-15T07:52:42.365+0000] {dagbag.py:540} INFO - Filling up the DagBag from /opt/airflow/dags/load_day_to_snowflake.py
[2025-09-15T07:52:42.398+0000] {processor.py:840} INFO - DAG(s) 'load_day_to_snowflake' retrieved from /opt/airflow/dags/load_day_to_snowflake.py
[2025-09-15T07:52:42.439+0000] {logging_mixin.py:188} INFO - [2025-09-15T07:52:42.438+0000] {dag.py:3096} INFO - Sync 1 DAGs
[2025-09-15T07:52:42.459+0000] {logging_mixin.py:188} INFO - [2025-09-15T07:52:42.459+0000] {dag.py:3954} INFO - Setting next_dagrun for load_day_to_snowflake to None, run_after=None
[2025-09-15T07:52:42.495+0000] {processor.py:183} INFO - Processing /opt/airflow/dags/load_day_to_snowflake.py took 0.141 seconds
[2025-09-15T07:53:13.218+0000] {processor.py:161} INFO - Started process (PID=5103) to work on /opt/airflow/dags/load_day_to_snowflake.py
[2025-09-15T07:53:13.219+0000] {processor.py:830} INFO - Processing file /opt/airflow/dags/load_day_to_snowflake.py for tasks to queue
[2025-09-15T07:53:13.221+0000] {logging_mixin.py:188} INFO - [2025-09-15T07:53:13.220+0000] {dagbag.py:540} INFO - Filling up the DagBag from /opt/airflow/dags/load_day_to_snowflake.py
[2025-09-15T07:53:13.249+0000] {processor.py:840} INFO - DAG(s) 'load_day_to_snowflake' retrieved from /opt/airflow/dags/load_day_to_snowflake.py
[2025-09-15T07:53:13.290+0000] {logging_mixin.py:188} INFO - [2025-09-15T07:53:13.290+0000] {dag.py:3096} INFO - Sync 1 DAGs
[2025-09-15T07:53:13.312+0000] {logging_mixin.py:188} INFO - [2025-09-15T07:53:13.311+0000] {dag.py:3954} INFO - Setting next_dagrun for load_day_to_snowflake to None, run_after=None
[2025-09-15T07:53:13.339+0000] {processor.py:183} INFO - Processing /opt/airflow/dags/load_day_to_snowflake.py took 0.130 seconds
[2025-09-15T07:53:44.110+0000] {processor.py:161} INFO - Started process (PID=5138) to work on /opt/airflow/dags/load_day_to_snowflake.py
[2025-09-15T07:53:44.112+0000] {processor.py:830} INFO - Processing file /opt/airflow/dags/load_day_to_snowflake.py for tasks to queue
[2025-09-15T07:53:44.114+0000] {logging_mixin.py:188} INFO - [2025-09-15T07:53:44.113+0000] {dagbag.py:540} INFO - Filling up the DagBag from /opt/airflow/dags/load_day_to_snowflake.py
[2025-09-15T07:53:44.135+0000] {processor.py:840} INFO - DAG(s) 'load_day_to_snowflake' retrieved from /opt/airflow/dags/load_day_to_snowflake.py
[2025-09-15T07:53:44.163+0000] {logging_mixin.py:188} INFO - [2025-09-15T07:53:44.163+0000] {dag.py:3096} INFO - Sync 1 DAGs
[2025-09-15T07:53:44.176+0000] {logging_mixin.py:188} INFO - [2025-09-15T07:53:44.176+0000] {dag.py:3954} INFO - Setting next_dagrun for load_day_to_snowflake to None, run_after=None
[2025-09-15T07:53:44.213+0000] {processor.py:183} INFO - Processing /opt/airflow/dags/load_day_to_snowflake.py took 0.108 seconds
[2025-09-15T07:54:14.917+0000] {processor.py:161} INFO - Started process (PID=5173) to work on /opt/airflow/dags/load_day_to_snowflake.py
[2025-09-15T07:54:14.919+0000] {processor.py:830} INFO - Processing file /opt/airflow/dags/load_day_to_snowflake.py for tasks to queue
[2025-09-15T07:54:14.919+0000] {logging_mixin.py:188} INFO - [2025-09-15T07:54:14.919+0000] {dagbag.py:540} INFO - Filling up the DagBag from /opt/airflow/dags/load_day_to_snowflake.py
[2025-09-15T07:54:14.938+0000] {processor.py:840} INFO - DAG(s) 'load_day_to_snowflake' retrieved from /opt/airflow/dags/load_day_to_snowflake.py
[2025-09-15T07:54:14.964+0000] {logging_mixin.py:188} INFO - [2025-09-15T07:54:14.964+0000] {dag.py:3096} INFO - Sync 1 DAGs
[2025-09-15T07:54:14.979+0000] {logging_mixin.py:188} INFO - [2025-09-15T07:54:14.979+0000] {dag.py:3954} INFO - Setting next_dagrun for load_day_to_snowflake to None, run_after=None
[2025-09-15T07:54:15.015+0000] {processor.py:183} INFO - Processing /opt/airflow/dags/load_day_to_snowflake.py took 0.104 seconds
[2025-09-15T07:54:45.681+0000] {processor.py:161} INFO - Started process (PID=5208) to work on /opt/airflow/dags/load_day_to_snowflake.py
[2025-09-15T07:54:45.683+0000] {processor.py:830} INFO - Processing file /opt/airflow/dags/load_day_to_snowflake.py for tasks to queue
[2025-09-15T07:54:45.684+0000] {logging_mixin.py:188} INFO - [2025-09-15T07:54:45.683+0000] {dagbag.py:540} INFO - Filling up the DagBag from /opt/airflow/dags/load_day_to_snowflake.py
[2025-09-15T07:54:45.704+0000] {processor.py:840} INFO - DAG(s) 'load_day_to_snowflake' retrieved from /opt/airflow/dags/load_day_to_snowflake.py
[2025-09-15T07:54:45.732+0000] {logging_mixin.py:188} INFO - [2025-09-15T07:54:45.732+0000] {dag.py:3096} INFO - Sync 1 DAGs
[2025-09-15T07:54:45.746+0000] {logging_mixin.py:188} INFO - [2025-09-15T07:54:45.746+0000] {dag.py:3954} INFO - Setting next_dagrun for load_day_to_snowflake to None, run_after=None
[2025-09-15T07:54:45.782+0000] {processor.py:183} INFO - Processing /opt/airflow/dags/load_day_to_snowflake.py took 0.107 seconds
[2025-09-15T07:55:16.474+0000] {processor.py:161} INFO - Started process (PID=5243) to work on /opt/airflow/dags/load_day_to_snowflake.py
[2025-09-15T07:55:16.475+0000] {processor.py:830} INFO - Processing file /opt/airflow/dags/load_day_to_snowflake.py for tasks to queue
[2025-09-15T07:55:16.475+0000] {logging_mixin.py:188} INFO - [2025-09-15T07:55:16.475+0000] {dagbag.py:540} INFO - Filling up the DagBag from /opt/airflow/dags/load_day_to_snowflake.py
[2025-09-15T07:55:16.492+0000] {processor.py:840} INFO - DAG(s) 'load_day_to_snowflake' retrieved from /opt/airflow/dags/load_day_to_snowflake.py
[2025-09-15T07:55:16.519+0000] {logging_mixin.py:188} INFO - [2025-09-15T07:55:16.519+0000] {dag.py:3096} INFO - Sync 1 DAGs
[2025-09-15T07:55:16.531+0000] {logging_mixin.py:188} INFO - [2025-09-15T07:55:16.531+0000] {dag.py:3954} INFO - Setting next_dagrun for load_day_to_snowflake to None, run_after=None
[2025-09-15T07:55:16.551+0000] {processor.py:183} INFO - Processing /opt/airflow/dags/load_day_to_snowflake.py took 0.083 seconds
[2025-09-15T07:55:47.193+0000] {processor.py:161} INFO - Started process (PID=5278) to work on /opt/airflow/dags/load_day_to_snowflake.py
[2025-09-15T07:55:47.194+0000] {processor.py:830} INFO - Processing file /opt/airflow/dags/load_day_to_snowflake.py for tasks to queue
[2025-09-15T07:55:47.195+0000] {logging_mixin.py:188} INFO - [2025-09-15T07:55:47.195+0000] {dagbag.py:540} INFO - Filling up the DagBag from /opt/airflow/dags/load_day_to_snowflake.py
[2025-09-15T07:55:47.211+0000] {processor.py:840} INFO - DAG(s) 'load_day_to_snowflake' retrieved from /opt/airflow/dags/load_day_to_snowflake.py
[2025-09-15T07:55:47.241+0000] {logging_mixin.py:188} INFO - [2025-09-15T07:55:47.240+0000] {dag.py:3096} INFO - Sync 1 DAGs
[2025-09-15T07:55:47.255+0000] {logging_mixin.py:188} INFO - [2025-09-15T07:55:47.254+0000] {dag.py:3954} INFO - Setting next_dagrun for load_day_to_snowflake to None, run_after=None
[2025-09-15T07:55:47.278+0000] {processor.py:183} INFO - Processing /opt/airflow/dags/load_day_to_snowflake.py took 0.090 seconds
[2025-09-15T07:56:17.863+0000] {processor.py:161} INFO - Started process (PID=5313) to work on /opt/airflow/dags/load_day_to_snowflake.py
[2025-09-15T07:56:17.864+0000] {processor.py:830} INFO - Processing file /opt/airflow/dags/load_day_to_snowflake.py for tasks to queue
[2025-09-15T07:56:17.865+0000] {logging_mixin.py:188} INFO - [2025-09-15T07:56:17.864+0000] {dagbag.py:540} INFO - Filling up the DagBag from /opt/airflow/dags/load_day_to_snowflake.py
[2025-09-15T07:56:17.881+0000] {processor.py:840} INFO - DAG(s) 'load_day_to_snowflake' retrieved from /opt/airflow/dags/load_day_to_snowflake.py
[2025-09-15T07:56:17.908+0000] {logging_mixin.py:188} INFO - [2025-09-15T07:56:17.908+0000] {dag.py:3096} INFO - Sync 1 DAGs
[2025-09-15T07:56:17.919+0000] {logging_mixin.py:188} INFO - [2025-09-15T07:56:17.919+0000] {dag.py:3954} INFO - Setting next_dagrun for load_day_to_snowflake to None, run_after=None
[2025-09-15T07:56:17.940+0000] {processor.py:183} INFO - Processing /opt/airflow/dags/load_day_to_snowflake.py took 0.083 seconds
[2025-09-15T07:56:48.561+0000] {processor.py:161} INFO - Started process (PID=5348) to work on /opt/airflow/dags/load_day_to_snowflake.py
[2025-09-15T07:56:48.562+0000] {processor.py:830} INFO - Processing file /opt/airflow/dags/load_day_to_snowflake.py for tasks to queue
[2025-09-15T07:56:48.563+0000] {logging_mixin.py:188} INFO - [2025-09-15T07:56:48.563+0000] {dagbag.py:540} INFO - Filling up the DagBag from /opt/airflow/dags/load_day_to_snowflake.py
[2025-09-15T07:56:48.582+0000] {processor.py:840} INFO - DAG(s) 'load_day_to_snowflake' retrieved from /opt/airflow/dags/load_day_to_snowflake.py
[2025-09-15T07:56:48.628+0000] {logging_mixin.py:188} INFO - [2025-09-15T07:56:48.627+0000] {dag.py:3096} INFO - Sync 1 DAGs
[2025-09-15T07:56:48.667+0000] {logging_mixin.py:188} INFO - [2025-09-15T07:56:48.667+0000] {dag.py:3954} INFO - Setting next_dagrun for load_day_to_snowflake to None, run_after=None
[2025-09-15T07:56:48.764+0000] {processor.py:183} INFO - Processing /opt/airflow/dags/load_day_to_snowflake.py took 0.208 seconds
[2025-09-15T07:57:19.401+0000] {processor.py:161} INFO - Started process (PID=5383) to work on /opt/airflow/dags/load_day_to_snowflake.py
[2025-09-15T07:57:19.402+0000] {processor.py:830} INFO - Processing file /opt/airflow/dags/load_day_to_snowflake.py for tasks to queue
[2025-09-15T07:57:19.403+0000] {logging_mixin.py:188} INFO - [2025-09-15T07:57:19.403+0000] {dagbag.py:540} INFO - Filling up the DagBag from /opt/airflow/dags/load_day_to_snowflake.py
[2025-09-15T07:57:19.423+0000] {processor.py:840} INFO - DAG(s) 'load_day_to_snowflake' retrieved from /opt/airflow/dags/load_day_to_snowflake.py
[2025-09-15T07:57:19.451+0000] {logging_mixin.py:188} INFO - [2025-09-15T07:57:19.451+0000] {dag.py:3096} INFO - Sync 1 DAGs
[2025-09-15T07:57:19.464+0000] {logging_mixin.py:188} INFO - [2025-09-15T07:57:19.464+0000] {dag.py:3954} INFO - Setting next_dagrun for load_day_to_snowflake to None, run_after=None
[2025-09-15T07:57:19.486+0000] {processor.py:183} INFO - Processing /opt/airflow/dags/load_day_to_snowflake.py took 0.091 seconds
[2025-09-15T07:57:50.073+0000] {processor.py:161} INFO - Started process (PID=5418) to work on /opt/airflow/dags/load_day_to_snowflake.py
[2025-09-15T07:57:50.074+0000] {processor.py:830} INFO - Processing file /opt/airflow/dags/load_day_to_snowflake.py for tasks to queue
[2025-09-15T07:57:50.074+0000] {logging_mixin.py:188} INFO - [2025-09-15T07:57:50.074+0000] {dagbag.py:540} INFO - Filling up the DagBag from /opt/airflow/dags/load_day_to_snowflake.py
[2025-09-15T07:57:50.091+0000] {processor.py:840} INFO - DAG(s) 'load_day_to_snowflake' retrieved from /opt/airflow/dags/load_day_to_snowflake.py
[2025-09-15T07:57:50.117+0000] {logging_mixin.py:188} INFO - [2025-09-15T07:57:50.117+0000] {dag.py:3096} INFO - Sync 1 DAGs
[2025-09-15T07:57:50.130+0000] {logging_mixin.py:188} INFO - [2025-09-15T07:57:50.130+0000] {dag.py:3954} INFO - Setting next_dagrun for load_day_to_snowflake to None, run_after=None
[2025-09-15T07:57:50.149+0000] {processor.py:183} INFO - Processing /opt/airflow/dags/load_day_to_snowflake.py took 0.081 seconds
[2025-09-15T07:58:20.706+0000] {processor.py:161} INFO - Started process (PID=5453) to work on /opt/airflow/dags/load_day_to_snowflake.py
[2025-09-15T07:58:20.707+0000] {processor.py:830} INFO - Processing file /opt/airflow/dags/load_day_to_snowflake.py for tasks to queue
[2025-09-15T07:58:20.708+0000] {logging_mixin.py:188} INFO - [2025-09-15T07:58:20.708+0000] {dagbag.py:540} INFO - Filling up the DagBag from /opt/airflow/dags/load_day_to_snowflake.py
[2025-09-15T07:58:20.727+0000] {processor.py:840} INFO - DAG(s) 'load_day_to_snowflake' retrieved from /opt/airflow/dags/load_day_to_snowflake.py
[2025-09-15T07:58:20.754+0000] {logging_mixin.py:188} INFO - [2025-09-15T07:58:20.754+0000] {dag.py:3096} INFO - Sync 1 DAGs
[2025-09-15T07:58:20.766+0000] {logging_mixin.py:188} INFO - [2025-09-15T07:58:20.766+0000] {dag.py:3954} INFO - Setting next_dagrun for load_day_to_snowflake to None, run_after=None
[2025-09-15T07:58:20.787+0000] {processor.py:183} INFO - Processing /opt/airflow/dags/load_day_to_snowflake.py took 0.087 seconds
[2025-09-15T07:58:51.358+0000] {processor.py:161} INFO - Started process (PID=5488) to work on /opt/airflow/dags/load_day_to_snowflake.py
[2025-09-15T07:58:51.359+0000] {processor.py:830} INFO - Processing file /opt/airflow/dags/load_day_to_snowflake.py for tasks to queue
[2025-09-15T07:58:51.360+0000] {logging_mixin.py:188} INFO - [2025-09-15T07:58:51.360+0000] {dagbag.py:540} INFO - Filling up the DagBag from /opt/airflow/dags/load_day_to_snowflake.py
[2025-09-15T07:58:51.377+0000] {processor.py:840} INFO - DAG(s) 'load_day_to_snowflake' retrieved from /opt/airflow/dags/load_day_to_snowflake.py
[2025-09-15T07:58:51.404+0000] {logging_mixin.py:188} INFO - [2025-09-15T07:58:51.403+0000] {dag.py:3096} INFO - Sync 1 DAGs
[2025-09-15T07:58:51.417+0000] {logging_mixin.py:188} INFO - [2025-09-15T07:58:51.417+0000] {dag.py:3954} INFO - Setting next_dagrun for load_day_to_snowflake to None, run_after=None
[2025-09-15T07:58:51.437+0000] {processor.py:183} INFO - Processing /opt/airflow/dags/load_day_to_snowflake.py took 0.085 seconds
[2025-09-15T07:59:22.053+0000] {processor.py:161} INFO - Started process (PID=5523) to work on /opt/airflow/dags/load_day_to_snowflake.py
[2025-09-15T07:59:22.054+0000] {processor.py:830} INFO - Processing file /opt/airflow/dags/load_day_to_snowflake.py for tasks to queue
[2025-09-15T07:59:22.055+0000] {logging_mixin.py:188} INFO - [2025-09-15T07:59:22.055+0000] {dagbag.py:540} INFO - Filling up the DagBag from /opt/airflow/dags/load_day_to_snowflake.py
[2025-09-15T07:59:22.075+0000] {processor.py:840} INFO - DAG(s) 'load_day_to_snowflake' retrieved from /opt/airflow/dags/load_day_to_snowflake.py
[2025-09-15T07:59:22.104+0000] {logging_mixin.py:188} INFO - [2025-09-15T07:59:22.103+0000] {dag.py:3096} INFO - Sync 1 DAGs
[2025-09-15T07:59:22.116+0000] {logging_mixin.py:188} INFO - [2025-09-15T07:59:22.116+0000] {dag.py:3954} INFO - Setting next_dagrun for load_day_to_snowflake to None, run_after=None
[2025-09-15T07:59:22.138+0000] {processor.py:183} INFO - Processing /opt/airflow/dags/load_day_to_snowflake.py took 0.092 seconds
[2025-09-15T07:59:52.727+0000] {processor.py:161} INFO - Started process (PID=5558) to work on /opt/airflow/dags/load_day_to_snowflake.py
[2025-09-15T07:59:52.728+0000] {processor.py:830} INFO - Processing file /opt/airflow/dags/load_day_to_snowflake.py for tasks to queue
[2025-09-15T07:59:52.729+0000] {logging_mixin.py:188} INFO - [2025-09-15T07:59:52.729+0000] {dagbag.py:540} INFO - Filling up the DagBag from /opt/airflow/dags/load_day_to_snowflake.py
[2025-09-15T07:59:52.749+0000] {processor.py:840} INFO - DAG(s) 'load_day_to_snowflake' retrieved from /opt/airflow/dags/load_day_to_snowflake.py
[2025-09-15T07:59:52.775+0000] {logging_mixin.py:188} INFO - [2025-09-15T07:59:52.775+0000] {dag.py:3096} INFO - Sync 1 DAGs
[2025-09-15T07:59:52.788+0000] {logging_mixin.py:188} INFO - [2025-09-15T07:59:52.788+0000] {dag.py:3954} INFO - Setting next_dagrun for load_day_to_snowflake to None, run_after=None
[2025-09-15T07:59:52.808+0000] {processor.py:183} INFO - Processing /opt/airflow/dags/load_day_to_snowflake.py took 0.087 seconds
[2025-09-15T08:00:23.371+0000] {processor.py:161} INFO - Started process (PID=5593) to work on /opt/airflow/dags/load_day_to_snowflake.py
[2025-09-15T08:00:23.372+0000] {processor.py:830} INFO - Processing file /opt/airflow/dags/load_day_to_snowflake.py for tasks to queue
[2025-09-15T08:00:23.373+0000] {logging_mixin.py:188} INFO - [2025-09-15T08:00:23.373+0000] {dagbag.py:540} INFO - Filling up the DagBag from /opt/airflow/dags/load_day_to_snowflake.py
[2025-09-15T08:00:23.390+0000] {processor.py:840} INFO - DAG(s) 'load_day_to_snowflake' retrieved from /opt/airflow/dags/load_day_to_snowflake.py
[2025-09-15T08:00:23.416+0000] {logging_mixin.py:188} INFO - [2025-09-15T08:00:23.415+0000] {dag.py:3096} INFO - Sync 1 DAGs
[2025-09-15T08:00:23.428+0000] {logging_mixin.py:188} INFO - [2025-09-15T08:00:23.428+0000] {dag.py:3954} INFO - Setting next_dagrun for load_day_to_snowflake to None, run_after=None
[2025-09-15T08:00:23.448+0000] {processor.py:183} INFO - Processing /opt/airflow/dags/load_day_to_snowflake.py took 0.082 seconds
[2025-09-15T08:00:53.968+0000] {processor.py:161} INFO - Started process (PID=5628) to work on /opt/airflow/dags/load_day_to_snowflake.py
[2025-09-15T08:00:53.969+0000] {processor.py:830} INFO - Processing file /opt/airflow/dags/load_day_to_snowflake.py for tasks to queue
[2025-09-15T08:00:53.970+0000] {logging_mixin.py:188} INFO - [2025-09-15T08:00:53.970+0000] {dagbag.py:540} INFO - Filling up the DagBag from /opt/airflow/dags/load_day_to_snowflake.py
[2025-09-15T08:00:53.986+0000] {processor.py:840} INFO - DAG(s) 'load_day_to_snowflake' retrieved from /opt/airflow/dags/load_day_to_snowflake.py
[2025-09-15T08:00:54.013+0000] {logging_mixin.py:188} INFO - [2025-09-15T08:00:54.013+0000] {dag.py:3096} INFO - Sync 1 DAGs
[2025-09-15T08:00:54.025+0000] {logging_mixin.py:188} INFO - [2025-09-15T08:00:54.025+0000] {dag.py:3954} INFO - Setting next_dagrun for load_day_to_snowflake to None, run_after=None
[2025-09-15T08:00:54.078+0000] {processor.py:183} INFO - Processing /opt/airflow/dags/load_day_to_snowflake.py took 0.115 seconds
[2025-09-15T08:01:24.599+0000] {processor.py:161} INFO - Started process (PID=5663) to work on /opt/airflow/dags/load_day_to_snowflake.py
[2025-09-15T08:01:24.600+0000] {processor.py:830} INFO - Processing file /opt/airflow/dags/load_day_to_snowflake.py for tasks to queue
[2025-09-15T08:01:24.601+0000] {logging_mixin.py:188} INFO - [2025-09-15T08:01:24.601+0000] {dagbag.py:540} INFO - Filling up the DagBag from /opt/airflow/dags/load_day_to_snowflake.py
[2025-09-15T08:01:24.620+0000] {processor.py:840} INFO - DAG(s) 'load_day_to_snowflake' retrieved from /opt/airflow/dags/load_day_to_snowflake.py
[2025-09-15T08:01:24.646+0000] {logging_mixin.py:188} INFO - [2025-09-15T08:01:24.646+0000] {dag.py:3096} INFO - Sync 1 DAGs
[2025-09-15T08:01:24.659+0000] {logging_mixin.py:188} INFO - [2025-09-15T08:01:24.659+0000] {dag.py:3954} INFO - Setting next_dagrun for load_day_to_snowflake to None, run_after=None
[2025-09-15T08:01:24.680+0000] {processor.py:183} INFO - Processing /opt/airflow/dags/load_day_to_snowflake.py took 0.086 seconds
[2025-09-15T08:01:55.257+0000] {processor.py:161} INFO - Started process (PID=5698) to work on /opt/airflow/dags/load_day_to_snowflake.py
[2025-09-15T08:01:55.257+0000] {processor.py:830} INFO - Processing file /opt/airflow/dags/load_day_to_snowflake.py for tasks to queue
[2025-09-15T08:01:55.258+0000] {logging_mixin.py:188} INFO - [2025-09-15T08:01:55.258+0000] {dagbag.py:540} INFO - Filling up the DagBag from /opt/airflow/dags/load_day_to_snowflake.py
[2025-09-15T08:01:55.274+0000] {processor.py:840} INFO - DAG(s) 'load_day_to_snowflake' retrieved from /opt/airflow/dags/load_day_to_snowflake.py
[2025-09-15T08:01:55.298+0000] {logging_mixin.py:188} INFO - [2025-09-15T08:01:55.298+0000] {dag.py:3096} INFO - Sync 1 DAGs
[2025-09-15T08:01:55.310+0000] {logging_mixin.py:188} INFO - [2025-09-15T08:01:55.310+0000] {dag.py:3954} INFO - Setting next_dagrun for load_day_to_snowflake to None, run_after=None
[2025-09-15T08:01:55.330+0000] {processor.py:183} INFO - Processing /opt/airflow/dags/load_day_to_snowflake.py took 0.079 seconds
[2025-09-15T08:02:25.962+0000] {processor.py:161} INFO - Started process (PID=5733) to work on /opt/airflow/dags/load_day_to_snowflake.py
[2025-09-15T08:02:25.963+0000] {processor.py:830} INFO - Processing file /opt/airflow/dags/load_day_to_snowflake.py for tasks to queue
[2025-09-15T08:02:25.964+0000] {logging_mixin.py:188} INFO - [2025-09-15T08:02:25.963+0000] {dagbag.py:540} INFO - Filling up the DagBag from /opt/airflow/dags/load_day_to_snowflake.py
[2025-09-15T08:02:25.983+0000] {processor.py:840} INFO - DAG(s) 'load_day_to_snowflake' retrieved from /opt/airflow/dags/load_day_to_snowflake.py
[2025-09-15T08:02:26.009+0000] {logging_mixin.py:188} INFO - [2025-09-15T08:02:26.009+0000] {dag.py:3096} INFO - Sync 1 DAGs
[2025-09-15T08:02:26.021+0000] {logging_mixin.py:188} INFO - [2025-09-15T08:02:26.021+0000] {dag.py:3954} INFO - Setting next_dagrun for load_day_to_snowflake to None, run_after=None
[2025-09-15T08:02:26.067+0000] {processor.py:183} INFO - Processing /opt/airflow/dags/load_day_to_snowflake.py took 0.110 seconds
[2025-09-15T08:02:56.659+0000] {processor.py:161} INFO - Started process (PID=5768) to work on /opt/airflow/dags/load_day_to_snowflake.py
[2025-09-15T08:02:56.660+0000] {processor.py:830} INFO - Processing file /opt/airflow/dags/load_day_to_snowflake.py for tasks to queue
[2025-09-15T08:02:56.661+0000] {logging_mixin.py:188} INFO - [2025-09-15T08:02:56.660+0000] {dagbag.py:540} INFO - Filling up the DagBag from /opt/airflow/dags/load_day_to_snowflake.py
[2025-09-15T08:02:56.679+0000] {processor.py:840} INFO - DAG(s) 'load_day_to_snowflake' retrieved from /opt/airflow/dags/load_day_to_snowflake.py
[2025-09-15T08:02:56.705+0000] {logging_mixin.py:188} INFO - [2025-09-15T08:02:56.705+0000] {dag.py:3096} INFO - Sync 1 DAGs
[2025-09-15T08:02:56.717+0000] {logging_mixin.py:188} INFO - [2025-09-15T08:02:56.717+0000] {dag.py:3954} INFO - Setting next_dagrun for load_day_to_snowflake to None, run_after=None
[2025-09-15T08:02:56.739+0000] {processor.py:183} INFO - Processing /opt/airflow/dags/load_day_to_snowflake.py took 0.086 seconds
[2025-09-15T08:03:27.263+0000] {processor.py:161} INFO - Started process (PID=5803) to work on /opt/airflow/dags/load_day_to_snowflake.py
[2025-09-15T08:03:27.264+0000] {processor.py:830} INFO - Processing file /opt/airflow/dags/load_day_to_snowflake.py for tasks to queue
[2025-09-15T08:03:27.265+0000] {logging_mixin.py:188} INFO - [2025-09-15T08:03:27.265+0000] {dagbag.py:540} INFO - Filling up the DagBag from /opt/airflow/dags/load_day_to_snowflake.py
[2025-09-15T08:03:27.285+0000] {processor.py:840} INFO - DAG(s) 'load_day_to_snowflake' retrieved from /opt/airflow/dags/load_day_to_snowflake.py
[2025-09-15T08:03:27.311+0000] {logging_mixin.py:188} INFO - [2025-09-15T08:03:27.311+0000] {dag.py:3096} INFO - Sync 1 DAGs
[2025-09-15T08:03:27.324+0000] {logging_mixin.py:188} INFO - [2025-09-15T08:03:27.323+0000] {dag.py:3954} INFO - Setting next_dagrun for load_day_to_snowflake to None, run_after=None
[2025-09-15T08:03:27.379+0000] {processor.py:183} INFO - Processing /opt/airflow/dags/load_day_to_snowflake.py took 0.122 seconds
[2025-09-15T08:03:58.360+0000] {processor.py:161} INFO - Started process (PID=5837) to work on /opt/airflow/dags/load_day_to_snowflake.py
[2025-09-15T08:03:58.361+0000] {processor.py:830} INFO - Processing file /opt/airflow/dags/load_day_to_snowflake.py for tasks to queue
[2025-09-15T08:03:58.362+0000] {logging_mixin.py:188} INFO - [2025-09-15T08:03:58.362+0000] {dagbag.py:540} INFO - Filling up the DagBag from /opt/airflow/dags/load_day_to_snowflake.py
[2025-09-15T08:03:58.384+0000] {processor.py:840} INFO - DAG(s) 'load_day_to_snowflake' retrieved from /opt/airflow/dags/load_day_to_snowflake.py
[2025-09-15T08:03:58.414+0000] {logging_mixin.py:188} INFO - [2025-09-15T08:03:58.413+0000] {dag.py:3096} INFO - Sync 1 DAGs
[2025-09-15T08:03:58.430+0000] {logging_mixin.py:188} INFO - [2025-09-15T08:03:58.430+0000] {dag.py:3954} INFO - Setting next_dagrun for load_day_to_snowflake to None, run_after=None
[2025-09-15T08:03:58.450+0000] {processor.py:183} INFO - Processing /opt/airflow/dags/load_day_to_snowflake.py took 0.097 seconds
[2025-09-15T08:04:29.023+0000] {processor.py:161} INFO - Started process (PID=5873) to work on /opt/airflow/dags/load_day_to_snowflake.py
[2025-09-15T08:04:29.025+0000] {processor.py:830} INFO - Processing file /opt/airflow/dags/load_day_to_snowflake.py for tasks to queue
[2025-09-15T08:04:29.027+0000] {logging_mixin.py:188} INFO - [2025-09-15T08:04:29.026+0000] {dagbag.py:540} INFO - Filling up the DagBag from /opt/airflow/dags/load_day_to_snowflake.py
[2025-09-15T08:04:29.071+0000] {processor.py:840} INFO - DAG(s) 'load_day_to_snowflake' retrieved from /opt/airflow/dags/load_day_to_snowflake.py
[2025-09-15T08:04:29.107+0000] {logging_mixin.py:188} INFO - [2025-09-15T08:04:29.107+0000] {dag.py:3096} INFO - Sync 1 DAGs
[2025-09-15T08:04:29.121+0000] {logging_mixin.py:188} INFO - [2025-09-15T08:04:29.120+0000] {dag.py:3954} INFO - Setting next_dagrun for load_day_to_snowflake to None, run_after=None
[2025-09-15T08:04:29.160+0000] {processor.py:183} INFO - Processing /opt/airflow/dags/load_day_to_snowflake.py took 0.152 seconds
[2025-09-15T08:05:00.051+0000] {processor.py:161} INFO - Started process (PID=5908) to work on /opt/airflow/dags/load_day_to_snowflake.py
[2025-09-15T08:05:00.052+0000] {processor.py:830} INFO - Processing file /opt/airflow/dags/load_day_to_snowflake.py for tasks to queue
[2025-09-15T08:05:00.054+0000] {logging_mixin.py:188} INFO - [2025-09-15T08:05:00.053+0000] {dagbag.py:540} INFO - Filling up the DagBag from /opt/airflow/dags/load_day_to_snowflake.py
[2025-09-15T08:05:00.082+0000] {processor.py:840} INFO - DAG(s) 'load_day_to_snowflake' retrieved from /opt/airflow/dags/load_day_to_snowflake.py
[2025-09-15T08:05:00.110+0000] {logging_mixin.py:188} INFO - [2025-09-15T08:05:00.109+0000] {dag.py:3096} INFO - Sync 1 DAGs
[2025-09-15T08:05:00.123+0000] {logging_mixin.py:188} INFO - [2025-09-15T08:05:00.123+0000] {dag.py:3954} INFO - Setting next_dagrun for load_day_to_snowflake to None, run_after=None
[2025-09-15T08:05:00.148+0000] {processor.py:183} INFO - Processing /opt/airflow/dags/load_day_to_snowflake.py took 0.105 seconds
[2025-09-15T08:05:30.687+0000] {processor.py:161} INFO - Started process (PID=5943) to work on /opt/airflow/dags/load_day_to_snowflake.py
[2025-09-15T08:05:30.688+0000] {processor.py:830} INFO - Processing file /opt/airflow/dags/load_day_to_snowflake.py for tasks to queue
[2025-09-15T08:05:30.690+0000] {logging_mixin.py:188} INFO - [2025-09-15T08:05:30.689+0000] {dagbag.py:540} INFO - Filling up the DagBag from /opt/airflow/dags/load_day_to_snowflake.py
[2025-09-15T08:05:30.706+0000] {processor.py:840} INFO - DAG(s) 'load_day_to_snowflake' retrieved from /opt/airflow/dags/load_day_to_snowflake.py
[2025-09-15T08:05:30.739+0000] {logging_mixin.py:188} INFO - [2025-09-15T08:05:30.738+0000] {dag.py:3096} INFO - Sync 1 DAGs
[2025-09-15T08:05:30.754+0000] {logging_mixin.py:188} INFO - [2025-09-15T08:05:30.754+0000] {dag.py:3954} INFO - Setting next_dagrun for load_day_to_snowflake to None, run_after=None
[2025-09-15T08:05:30.773+0000] {processor.py:183} INFO - Processing /opt/airflow/dags/load_day_to_snowflake.py took 0.092 seconds
[2025-09-15T08:06:01.479+0000] {processor.py:161} INFO - Started process (PID=5978) to work on /opt/airflow/dags/load_day_to_snowflake.py
[2025-09-15T08:06:01.480+0000] {processor.py:830} INFO - Processing file /opt/airflow/dags/load_day_to_snowflake.py for tasks to queue
[2025-09-15T08:06:01.482+0000] {logging_mixin.py:188} INFO - [2025-09-15T08:06:01.481+0000] {dagbag.py:540} INFO - Filling up the DagBag from /opt/airflow/dags/load_day_to_snowflake.py
[2025-09-15T08:06:01.502+0000] {processor.py:840} INFO - DAG(s) 'load_day_to_snowflake' retrieved from /opt/airflow/dags/load_day_to_snowflake.py
[2025-09-15T08:06:01.537+0000] {logging_mixin.py:188} INFO - [2025-09-15T08:06:01.537+0000] {dag.py:3096} INFO - Sync 1 DAGs
[2025-09-15T08:06:01.553+0000] {logging_mixin.py:188} INFO - [2025-09-15T08:06:01.553+0000] {dag.py:3954} INFO - Setting next_dagrun for load_day_to_snowflake to None, run_after=None
[2025-09-15T08:06:01.593+0000] {processor.py:183} INFO - Processing /opt/airflow/dags/load_day_to_snowflake.py took 0.120 seconds
[2025-09-15T08:06:32.035+0000] {processor.py:161} INFO - Started process (PID=6013) to work on /opt/airflow/dags/load_day_to_snowflake.py
[2025-09-15T08:06:32.036+0000] {processor.py:830} INFO - Processing file /opt/airflow/dags/load_day_to_snowflake.py for tasks to queue
[2025-09-15T08:06:32.037+0000] {logging_mixin.py:188} INFO - [2025-09-15T08:06:32.037+0000] {dagbag.py:540} INFO - Filling up the DagBag from /opt/airflow/dags/load_day_to_snowflake.py
[2025-09-15T08:06:32.054+0000] {processor.py:840} INFO - DAG(s) 'load_day_to_snowflake' retrieved from /opt/airflow/dags/load_day_to_snowflake.py
[2025-09-15T08:06:32.081+0000] {logging_mixin.py:188} INFO - [2025-09-15T08:06:32.081+0000] {dag.py:3096} INFO - Sync 1 DAGs
[2025-09-15T08:06:32.093+0000] {logging_mixin.py:188} INFO - [2025-09-15T08:06:32.093+0000] {dag.py:3954} INFO - Setting next_dagrun for load_day_to_snowflake to None, run_after=None
[2025-09-15T08:06:32.115+0000] {processor.py:183} INFO - Processing /opt/airflow/dags/load_day_to_snowflake.py took 0.086 seconds
[2025-09-15T08:07:02.703+0000] {processor.py:161} INFO - Started process (PID=6048) to work on /opt/airflow/dags/load_day_to_snowflake.py
[2025-09-15T08:07:02.704+0000] {processor.py:830} INFO - Processing file /opt/airflow/dags/load_day_to_snowflake.py for tasks to queue
[2025-09-15T08:07:02.705+0000] {logging_mixin.py:188} INFO - [2025-09-15T08:07:02.704+0000] {dagbag.py:540} INFO - Filling up the DagBag from /opt/airflow/dags/load_day_to_snowflake.py
[2025-09-15T08:07:02.725+0000] {processor.py:840} INFO - DAG(s) 'load_day_to_snowflake' retrieved from /opt/airflow/dags/load_day_to_snowflake.py
[2025-09-15T08:07:02.752+0000] {logging_mixin.py:188} INFO - [2025-09-15T08:07:02.752+0000] {dag.py:3096} INFO - Sync 1 DAGs
[2025-09-15T08:07:02.766+0000] {logging_mixin.py:188} INFO - [2025-09-15T08:07:02.765+0000] {dag.py:3954} INFO - Setting next_dagrun for load_day_to_snowflake to None, run_after=None
[2025-09-15T08:07:02.788+0000] {processor.py:183} INFO - Processing /opt/airflow/dags/load_day_to_snowflake.py took 0.092 seconds
[2025-09-15T08:07:33.368+0000] {processor.py:161} INFO - Started process (PID=6083) to work on /opt/airflow/dags/load_day_to_snowflake.py
[2025-09-15T08:07:33.369+0000] {processor.py:830} INFO - Processing file /opt/airflow/dags/load_day_to_snowflake.py for tasks to queue
[2025-09-15T08:07:33.370+0000] {logging_mixin.py:188} INFO - [2025-09-15T08:07:33.370+0000] {dagbag.py:540} INFO - Filling up the DagBag from /opt/airflow/dags/load_day_to_snowflake.py
[2025-09-15T08:07:33.393+0000] {processor.py:840} INFO - DAG(s) 'load_day_to_snowflake' retrieved from /opt/airflow/dags/load_day_to_snowflake.py
[2025-09-15T08:07:33.426+0000] {logging_mixin.py:188} INFO - [2025-09-15T08:07:33.425+0000] {dag.py:3096} INFO - Sync 1 DAGs
[2025-09-15T08:07:33.443+0000] {logging_mixin.py:188} INFO - [2025-09-15T08:07:33.443+0000] {dag.py:3954} INFO - Setting next_dagrun for load_day_to_snowflake to None, run_after=None
[2025-09-15T08:07:33.466+0000] {processor.py:183} INFO - Processing /opt/airflow/dags/load_day_to_snowflake.py took 0.105 seconds
[2025-09-15T08:08:04.051+0000] {processor.py:161} INFO - Started process (PID=6118) to work on /opt/airflow/dags/load_day_to_snowflake.py
[2025-09-15T08:08:04.052+0000] {processor.py:830} INFO - Processing file /opt/airflow/dags/load_day_to_snowflake.py for tasks to queue
[2025-09-15T08:08:04.053+0000] {logging_mixin.py:188} INFO - [2025-09-15T08:08:04.053+0000] {dagbag.py:540} INFO - Filling up the DagBag from /opt/airflow/dags/load_day_to_snowflake.py
[2025-09-15T08:08:04.076+0000] {processor.py:840} INFO - DAG(s) 'load_day_to_snowflake' retrieved from /opt/airflow/dags/load_day_to_snowflake.py
[2025-09-15T08:08:04.111+0000] {logging_mixin.py:188} INFO - [2025-09-15T08:08:04.110+0000] {dag.py:3096} INFO - Sync 1 DAGs
[2025-09-15T08:08:04.125+0000] {logging_mixin.py:188} INFO - [2025-09-15T08:08:04.124+0000] {dag.py:3954} INFO - Setting next_dagrun for load_day_to_snowflake to None, run_after=None
[2025-09-15T08:08:04.167+0000] {processor.py:183} INFO - Processing /opt/airflow/dags/load_day_to_snowflake.py took 0.122 seconds
[2025-09-15T08:08:34.801+0000] {processor.py:161} INFO - Started process (PID=6153) to work on /opt/airflow/dags/load_day_to_snowflake.py
[2025-09-15T08:08:34.802+0000] {processor.py:830} INFO - Processing file /opt/airflow/dags/load_day_to_snowflake.py for tasks to queue
[2025-09-15T08:08:34.804+0000] {logging_mixin.py:188} INFO - [2025-09-15T08:08:34.804+0000] {dagbag.py:540} INFO - Filling up the DagBag from /opt/airflow/dags/load_day_to_snowflake.py
[2025-09-15T08:08:34.836+0000] {processor.py:840} INFO - DAG(s) 'load_day_to_snowflake' retrieved from /opt/airflow/dags/load_day_to_snowflake.py
[2025-09-15T08:08:34.879+0000] {logging_mixin.py:188} INFO - [2025-09-15T08:08:34.879+0000] {dag.py:3096} INFO - Sync 1 DAGs
[2025-09-15T08:08:34.898+0000] {logging_mixin.py:188} INFO - [2025-09-15T08:08:34.897+0000] {dag.py:3954} INFO - Setting next_dagrun for load_day_to_snowflake to None, run_after=None
[2025-09-15T08:08:34.931+0000] {processor.py:183} INFO - Processing /opt/airflow/dags/load_day_to_snowflake.py took 0.137 seconds
[2025-09-15T08:09:05.423+0000] {processor.py:161} INFO - Started process (PID=6188) to work on /opt/airflow/dags/load_day_to_snowflake.py
[2025-09-15T08:09:05.424+0000] {processor.py:830} INFO - Processing file /opt/airflow/dags/load_day_to_snowflake.py for tasks to queue
[2025-09-15T08:09:05.426+0000] {logging_mixin.py:188} INFO - [2025-09-15T08:09:05.425+0000] {dagbag.py:540} INFO - Filling up the DagBag from /opt/airflow/dags/load_day_to_snowflake.py
[2025-09-15T08:09:05.448+0000] {processor.py:840} INFO - DAG(s) 'load_day_to_snowflake' retrieved from /opt/airflow/dags/load_day_to_snowflake.py
[2025-09-15T08:09:05.481+0000] {logging_mixin.py:188} INFO - [2025-09-15T08:09:05.481+0000] {dag.py:3096} INFO - Sync 1 DAGs
[2025-09-15T08:09:05.495+0000] {logging_mixin.py:188} INFO - [2025-09-15T08:09:05.495+0000] {dag.py:3954} INFO - Setting next_dagrun for load_day_to_snowflake to None, run_after=None
[2025-09-15T08:09:05.521+0000] {processor.py:183} INFO - Processing /opt/airflow/dags/load_day_to_snowflake.py took 0.104 seconds
[2025-09-15T08:09:36.366+0000] {processor.py:161} INFO - Started process (PID=6233) to work on /opt/airflow/dags/load_day_to_snowflake.py
[2025-09-15T08:09:36.369+0000] {processor.py:830} INFO - Processing file /opt/airflow/dags/load_day_to_snowflake.py for tasks to queue
[2025-09-15T08:09:36.372+0000] {logging_mixin.py:188} INFO - [2025-09-15T08:09:36.371+0000] {dagbag.py:540} INFO - Filling up the DagBag from /opt/airflow/dags/load_day_to_snowflake.py
[2025-09-15T08:09:36.411+0000] {processor.py:840} INFO - DAG(s) 'load_day_to_snowflake' retrieved from /opt/airflow/dags/load_day_to_snowflake.py
[2025-09-15T08:09:36.462+0000] {logging_mixin.py:188} INFO - [2025-09-15T08:09:36.461+0000] {dag.py:3096} INFO - Sync 1 DAGs
[2025-09-15T08:09:36.481+0000] {logging_mixin.py:188} INFO - [2025-09-15T08:09:36.481+0000] {dag.py:3954} INFO - Setting next_dagrun for load_day_to_snowflake to None, run_after=None
[2025-09-15T08:09:36.518+0000] {processor.py:183} INFO - Processing /opt/airflow/dags/load_day_to_snowflake.py took 0.171 seconds
[2025-09-15T08:10:06.945+0000] {processor.py:161} INFO - Started process (PID=6268) to work on /opt/airflow/dags/load_day_to_snowflake.py
[2025-09-15T08:10:06.946+0000] {processor.py:830} INFO - Processing file /opt/airflow/dags/load_day_to_snowflake.py for tasks to queue
[2025-09-15T08:10:06.947+0000] {logging_mixin.py:188} INFO - [2025-09-15T08:10:06.947+0000] {dagbag.py:540} INFO - Filling up the DagBag from /opt/airflow/dags/load_day_to_snowflake.py
[2025-09-15T08:10:06.974+0000] {processor.py:840} INFO - DAG(s) 'load_day_to_snowflake' retrieved from /opt/airflow/dags/load_day_to_snowflake.py
[2025-09-15T08:10:07.010+0000] {logging_mixin.py:188} INFO - [2025-09-15T08:10:07.010+0000] {dag.py:3096} INFO - Sync 1 DAGs
[2025-09-15T08:10:07.030+0000] {logging_mixin.py:188} INFO - [2025-09-15T08:10:07.029+0000] {dag.py:3954} INFO - Setting next_dagrun for load_day_to_snowflake to None, run_after=None
[2025-09-15T08:10:07.057+0000] {processor.py:183} INFO - Processing /opt/airflow/dags/load_day_to_snowflake.py took 0.120 seconds
[2025-09-15T08:10:37.508+0000] {processor.py:161} INFO - Started process (PID=6303) to work on /opt/airflow/dags/load_day_to_snowflake.py
[2025-09-15T08:10:37.509+0000] {processor.py:830} INFO - Processing file /opt/airflow/dags/load_day_to_snowflake.py for tasks to queue
[2025-09-15T08:10:37.509+0000] {logging_mixin.py:188} INFO - [2025-09-15T08:10:37.509+0000] {dagbag.py:540} INFO - Filling up the DagBag from /opt/airflow/dags/load_day_to_snowflake.py
[2025-09-15T08:10:37.526+0000] {processor.py:840} INFO - DAG(s) 'load_day_to_snowflake' retrieved from /opt/airflow/dags/load_day_to_snowflake.py
[2025-09-15T08:10:37.552+0000] {logging_mixin.py:188} INFO - [2025-09-15T08:10:37.552+0000] {dag.py:3096} INFO - Sync 1 DAGs
[2025-09-15T08:10:37.564+0000] {logging_mixin.py:188} INFO - [2025-09-15T08:10:37.563+0000] {dag.py:3954} INFO - Setting next_dagrun for load_day_to_snowflake to None, run_after=None
[2025-09-15T08:10:37.597+0000] {processor.py:183} INFO - Processing /opt/airflow/dags/load_day_to_snowflake.py took 0.094 seconds
[2025-09-15T08:11:07.904+0000] {processor.py:161} INFO - Started process (PID=6338) to work on /opt/airflow/dags/load_day_to_snowflake.py
[2025-09-15T08:11:07.905+0000] {processor.py:830} INFO - Processing file /opt/airflow/dags/load_day_to_snowflake.py for tasks to queue
[2025-09-15T08:11:07.906+0000] {logging_mixin.py:188} INFO - [2025-09-15T08:11:07.906+0000] {dagbag.py:540} INFO - Filling up the DagBag from /opt/airflow/dags/load_day_to_snowflake.py
[2025-09-15T08:11:07.928+0000] {processor.py:840} INFO - DAG(s) 'load_day_to_snowflake' retrieved from /opt/airflow/dags/load_day_to_snowflake.py
[2025-09-15T08:11:07.963+0000] {logging_mixin.py:188} INFO - [2025-09-15T08:11:07.963+0000] {dag.py:3096} INFO - Sync 1 DAGs
[2025-09-15T08:11:07.978+0000] {logging_mixin.py:188} INFO - [2025-09-15T08:11:07.978+0000] {dag.py:3954} INFO - Setting next_dagrun for load_day_to_snowflake to None, run_after=None
[2025-09-15T08:11:08.011+0000] {processor.py:183} INFO - Processing /opt/airflow/dags/load_day_to_snowflake.py took 0.113 seconds
[2025-09-15T08:11:38.509+0000] {processor.py:161} INFO - Started process (PID=6373) to work on /opt/airflow/dags/load_day_to_snowflake.py
[2025-09-15T08:11:38.510+0000] {processor.py:830} INFO - Processing file /opt/airflow/dags/load_day_to_snowflake.py for tasks to queue
[2025-09-15T08:11:38.511+0000] {logging_mixin.py:188} INFO - [2025-09-15T08:11:38.510+0000] {dagbag.py:540} INFO - Filling up the DagBag from /opt/airflow/dags/load_day_to_snowflake.py
[2025-09-15T08:11:38.530+0000] {processor.py:840} INFO - DAG(s) 'load_day_to_snowflake' retrieved from /opt/airflow/dags/load_day_to_snowflake.py
[2025-09-15T08:11:38.561+0000] {logging_mixin.py:188} INFO - [2025-09-15T08:11:38.561+0000] {dag.py:3096} INFO - Sync 1 DAGs
[2025-09-15T08:11:38.577+0000] {logging_mixin.py:188} INFO - [2025-09-15T08:11:38.577+0000] {dag.py:3954} INFO - Setting next_dagrun for load_day_to_snowflake to None, run_after=None
[2025-09-15T08:11:38.609+0000] {processor.py:183} INFO - Processing /opt/airflow/dags/load_day_to_snowflake.py took 0.105 seconds
[2025-09-15T08:12:09.190+0000] {processor.py:161} INFO - Started process (PID=6408) to work on /opt/airflow/dags/load_day_to_snowflake.py
[2025-09-15T08:12:09.191+0000] {processor.py:830} INFO - Processing file /opt/airflow/dags/load_day_to_snowflake.py for tasks to queue
[2025-09-15T08:12:09.192+0000] {logging_mixin.py:188} INFO - [2025-09-15T08:12:09.191+0000] {dagbag.py:540} INFO - Filling up the DagBag from /opt/airflow/dags/load_day_to_snowflake.py
[2025-09-15T08:12:09.209+0000] {processor.py:840} INFO - DAG(s) 'load_day_to_snowflake' retrieved from /opt/airflow/dags/load_day_to_snowflake.py
[2025-09-15T08:12:09.236+0000] {logging_mixin.py:188} INFO - [2025-09-15T08:12:09.236+0000] {dag.py:3096} INFO - Sync 1 DAGs
[2025-09-15T08:12:09.250+0000] {logging_mixin.py:188} INFO - [2025-09-15T08:12:09.250+0000] {dag.py:3954} INFO - Setting next_dagrun for load_day_to_snowflake to None, run_after=None
[2025-09-15T08:12:09.269+0000] {processor.py:183} INFO - Processing /opt/airflow/dags/load_day_to_snowflake.py took 0.092 seconds
[2025-09-15T08:12:39.778+0000] {processor.py:161} INFO - Started process (PID=6443) to work on /opt/airflow/dags/load_day_to_snowflake.py
[2025-09-15T08:12:39.779+0000] {processor.py:830} INFO - Processing file /opt/airflow/dags/load_day_to_snowflake.py for tasks to queue
[2025-09-15T08:12:39.780+0000] {logging_mixin.py:188} INFO - [2025-09-15T08:12:39.780+0000] {dagbag.py:540} INFO - Filling up the DagBag from /opt/airflow/dags/load_day_to_snowflake.py
[2025-09-15T08:12:39.798+0000] {processor.py:840} INFO - DAG(s) 'load_day_to_snowflake' retrieved from /opt/airflow/dags/load_day_to_snowflake.py
[2025-09-15T08:12:39.829+0000] {logging_mixin.py:188} INFO - [2025-09-15T08:12:39.829+0000] {dag.py:3096} INFO - Sync 1 DAGs
[2025-09-15T08:12:39.895+0000] {logging_mixin.py:188} INFO - [2025-09-15T08:12:39.895+0000] {dag.py:3954} INFO - Setting next_dagrun for load_day_to_snowflake to None, run_after=None
[2025-09-15T08:12:39.939+0000] {processor.py:183} INFO - Processing /opt/airflow/dags/load_day_to_snowflake.py took 0.166 seconds
[2025-09-15T08:13:10.803+0000] {processor.py:161} INFO - Started process (PID=6498) to work on /opt/airflow/dags/load_day_to_snowflake.py
[2025-09-15T08:13:10.804+0000] {processor.py:830} INFO - Processing file /opt/airflow/dags/load_day_to_snowflake.py for tasks to queue
[2025-09-15T08:13:10.805+0000] {logging_mixin.py:188} INFO - [2025-09-15T08:13:10.805+0000] {dagbag.py:540} INFO - Filling up the DagBag from /opt/airflow/dags/load_day_to_snowflake.py
[2025-09-15T08:13:10.846+0000] {processor.py:840} INFO - DAG(s) 'load_day_to_snowflake' retrieved from /opt/airflow/dags/load_day_to_snowflake.py
[2025-09-15T08:13:10.877+0000] {logging_mixin.py:188} INFO - [2025-09-15T08:13:10.877+0000] {dag.py:3096} INFO - Sync 1 DAGs
[2025-09-15T08:13:10.891+0000] {logging_mixin.py:188} INFO - [2025-09-15T08:13:10.891+0000] {dag.py:3954} INFO - Setting next_dagrun for load_day_to_snowflake to None, run_after=None
[2025-09-15T08:13:10.923+0000] {processor.py:183} INFO - Processing /opt/airflow/dags/load_day_to_snowflake.py took 0.125 seconds
[2025-09-15T08:13:41.504+0000] {processor.py:161} INFO - Started process (PID=6533) to work on /opt/airflow/dags/load_day_to_snowflake.py
[2025-09-15T08:13:41.505+0000] {processor.py:830} INFO - Processing file /opt/airflow/dags/load_day_to_snowflake.py for tasks to queue
[2025-09-15T08:13:41.506+0000] {logging_mixin.py:188} INFO - [2025-09-15T08:13:41.505+0000] {dagbag.py:540} INFO - Filling up the DagBag from /opt/airflow/dags/load_day_to_snowflake.py
[2025-09-15T08:13:41.522+0000] {processor.py:840} INFO - DAG(s) 'load_day_to_snowflake' retrieved from /opt/airflow/dags/load_day_to_snowflake.py
[2025-09-15T08:13:41.549+0000] {logging_mixin.py:188} INFO - [2025-09-15T08:13:41.549+0000] {dag.py:3096} INFO - Sync 1 DAGs
[2025-09-15T08:13:41.561+0000] {logging_mixin.py:188} INFO - [2025-09-15T08:13:41.561+0000] {dag.py:3954} INFO - Setting next_dagrun for load_day_to_snowflake to None, run_after=None
[2025-09-15T08:13:41.586+0000] {processor.py:183} INFO - Processing /opt/airflow/dags/load_day_to_snowflake.py took 0.088 seconds
[2025-09-15T08:14:11.969+0000] {processor.py:161} INFO - Started process (PID=6568) to work on /opt/airflow/dags/load_day_to_snowflake.py
[2025-09-15T08:14:11.972+0000] {processor.py:830} INFO - Processing file /opt/airflow/dags/load_day_to_snowflake.py for tasks to queue
[2025-09-15T08:14:11.977+0000] {logging_mixin.py:188} INFO - [2025-09-15T08:14:11.974+0000] {dagbag.py:540} INFO - Filling up the DagBag from /opt/airflow/dags/load_day_to_snowflake.py
[2025-09-15T08:14:12.116+0000] {processor.py:840} INFO - DAG(s) 'load_day_to_snowflake' retrieved from /opt/airflow/dags/load_day_to_snowflake.py
[2025-09-15T08:14:12.317+0000] {logging_mixin.py:188} INFO - [2025-09-15T08:14:12.317+0000] {dag.py:3096} INFO - Sync 1 DAGs
[2025-09-15T08:14:12.380+0000] {logging_mixin.py:188} INFO - [2025-09-15T08:14:12.380+0000] {dag.py:3954} INFO - Setting next_dagrun for load_day_to_snowflake to None, run_after=None
[2025-09-15T08:14:12.424+0000] {processor.py:183} INFO - Processing /opt/airflow/dags/load_day_to_snowflake.py took 0.475 seconds
[2025-09-15T08:14:43.181+0000] {processor.py:161} INFO - Started process (PID=6633) to work on /opt/airflow/dags/load_day_to_snowflake.py
[2025-09-15T08:14:43.182+0000] {processor.py:830} INFO - Processing file /opt/airflow/dags/load_day_to_snowflake.py for tasks to queue
[2025-09-15T08:14:43.183+0000] {logging_mixin.py:188} INFO - [2025-09-15T08:14:43.183+0000] {dagbag.py:540} INFO - Filling up the DagBag from /opt/airflow/dags/load_day_to_snowflake.py
[2025-09-15T08:14:43.207+0000] {processor.py:840} INFO - DAG(s) 'load_day_to_snowflake' retrieved from /opt/airflow/dags/load_day_to_snowflake.py
[2025-09-15T08:14:43.239+0000] {logging_mixin.py:188} INFO - [2025-09-15T08:14:43.238+0000] {dag.py:3096} INFO - Sync 1 DAGs
[2025-09-15T08:14:43.252+0000] {logging_mixin.py:188} INFO - [2025-09-15T08:14:43.252+0000] {dag.py:3954} INFO - Setting next_dagrun for load_day_to_snowflake to None, run_after=None
[2025-09-15T08:14:43.277+0000] {processor.py:183} INFO - Processing /opt/airflow/dags/load_day_to_snowflake.py took 0.106 seconds
[2025-09-15T08:15:13.973+0000] {processor.py:161} INFO - Started process (PID=6668) to work on /opt/airflow/dags/load_day_to_snowflake.py
[2025-09-15T08:15:13.974+0000] {processor.py:830} INFO - Processing file /opt/airflow/dags/load_day_to_snowflake.py for tasks to queue
[2025-09-15T08:15:13.975+0000] {logging_mixin.py:188} INFO - [2025-09-15T08:15:13.975+0000] {dagbag.py:540} INFO - Filling up the DagBag from /opt/airflow/dags/load_day_to_snowflake.py
[2025-09-15T08:15:13.994+0000] {processor.py:840} INFO - DAG(s) 'load_day_to_snowflake' retrieved from /opt/airflow/dags/load_day_to_snowflake.py
[2025-09-15T08:15:14.022+0000] {logging_mixin.py:188} INFO - [2025-09-15T08:15:14.022+0000] {dag.py:3096} INFO - Sync 1 DAGs
[2025-09-15T08:15:14.035+0000] {logging_mixin.py:188} INFO - [2025-09-15T08:15:14.035+0000] {dag.py:3954} INFO - Setting next_dagrun for load_day_to_snowflake to None, run_after=None
[2025-09-15T08:15:14.055+0000] {processor.py:183} INFO - Processing /opt/airflow/dags/load_day_to_snowflake.py took 0.087 seconds
[2025-09-15T08:15:44.682+0000] {processor.py:161} INFO - Started process (PID=6703) to work on /opt/airflow/dags/load_day_to_snowflake.py
[2025-09-15T08:15:44.683+0000] {processor.py:830} INFO - Processing file /opt/airflow/dags/load_day_to_snowflake.py for tasks to queue
[2025-09-15T08:15:44.684+0000] {logging_mixin.py:188} INFO - [2025-09-15T08:15:44.684+0000] {dagbag.py:540} INFO - Filling up the DagBag from /opt/airflow/dags/load_day_to_snowflake.py
[2025-09-15T08:15:44.702+0000] {processor.py:840} INFO - DAG(s) 'load_day_to_snowflake' retrieved from /opt/airflow/dags/load_day_to_snowflake.py
[2025-09-15T08:15:44.733+0000] {logging_mixin.py:188} INFO - [2025-09-15T08:15:44.733+0000] {dag.py:3096} INFO - Sync 1 DAGs
[2025-09-15T08:15:44.746+0000] {logging_mixin.py:188} INFO - [2025-09-15T08:15:44.746+0000] {dag.py:3954} INFO - Setting next_dagrun for load_day_to_snowflake to None, run_after=None
[2025-09-15T08:15:44.768+0000] {processor.py:183} INFO - Processing /opt/airflow/dags/load_day_to_snowflake.py took 0.092 seconds
[2025-09-15T08:16:15.466+0000] {processor.py:161} INFO - Started process (PID=6738) to work on /opt/airflow/dags/load_day_to_snowflake.py
[2025-09-15T08:16:15.467+0000] {processor.py:830} INFO - Processing file /opt/airflow/dags/load_day_to_snowflake.py for tasks to queue
[2025-09-15T08:16:15.468+0000] {logging_mixin.py:188} INFO - [2025-09-15T08:16:15.467+0000] {dagbag.py:540} INFO - Filling up the DagBag from /opt/airflow/dags/load_day_to_snowflake.py
[2025-09-15T08:16:15.491+0000] {processor.py:840} INFO - DAG(s) 'load_day_to_snowflake' retrieved from /opt/airflow/dags/load_day_to_snowflake.py
[2025-09-15T08:16:15.528+0000] {logging_mixin.py:188} INFO - [2025-09-15T08:16:15.528+0000] {dag.py:3096} INFO - Sync 1 DAGs
[2025-09-15T08:16:15.543+0000] {logging_mixin.py:188} INFO - [2025-09-15T08:16:15.543+0000] {dag.py:3954} INFO - Setting next_dagrun for load_day_to_snowflake to None, run_after=None
[2025-09-15T08:16:15.566+0000] {processor.py:183} INFO - Processing /opt/airflow/dags/load_day_to_snowflake.py took 0.108 seconds
[2025-09-15T08:16:46.098+0000] {processor.py:161} INFO - Started process (PID=6773) to work on /opt/airflow/dags/load_day_to_snowflake.py
[2025-09-15T08:16:46.099+0000] {processor.py:830} INFO - Processing file /opt/airflow/dags/load_day_to_snowflake.py for tasks to queue
[2025-09-15T08:16:46.100+0000] {logging_mixin.py:188} INFO - [2025-09-15T08:16:46.100+0000] {dagbag.py:540} INFO - Filling up the DagBag from /opt/airflow/dags/load_day_to_snowflake.py
[2025-09-15T08:16:46.118+0000] {processor.py:840} INFO - DAG(s) 'load_day_to_snowflake' retrieved from /opt/airflow/dags/load_day_to_snowflake.py
[2025-09-15T08:16:46.148+0000] {logging_mixin.py:188} INFO - [2025-09-15T08:16:46.148+0000] {dag.py:3096} INFO - Sync 1 DAGs
[2025-09-15T08:16:46.163+0000] {logging_mixin.py:188} INFO - [2025-09-15T08:16:46.163+0000] {dag.py:3954} INFO - Setting next_dagrun for load_day_to_snowflake to None, run_after=None
[2025-09-15T08:16:46.186+0000] {processor.py:183} INFO - Processing /opt/airflow/dags/load_day_to_snowflake.py took 0.095 seconds
[2025-09-15T08:17:16.848+0000] {processor.py:161} INFO - Started process (PID=6808) to work on /opt/airflow/dags/load_day_to_snowflake.py
[2025-09-15T08:17:16.850+0000] {processor.py:830} INFO - Processing file /opt/airflow/dags/load_day_to_snowflake.py for tasks to queue
[2025-09-15T08:17:16.851+0000] {logging_mixin.py:188} INFO - [2025-09-15T08:17:16.850+0000] {dagbag.py:540} INFO - Filling up the DagBag from /opt/airflow/dags/load_day_to_snowflake.py
[2025-09-15T08:17:16.872+0000] {processor.py:840} INFO - DAG(s) 'load_day_to_snowflake' retrieved from /opt/airflow/dags/load_day_to_snowflake.py
[2025-09-15T08:17:16.907+0000] {logging_mixin.py:188} INFO - [2025-09-15T08:17:16.907+0000] {dag.py:3096} INFO - Sync 1 DAGs
[2025-09-15T08:17:16.923+0000] {logging_mixin.py:188} INFO - [2025-09-15T08:17:16.922+0000] {dag.py:3954} INFO - Setting next_dagrun for load_day_to_snowflake to None, run_after=None
[2025-09-15T08:17:16.951+0000] {processor.py:183} INFO - Processing /opt/airflow/dags/load_day_to_snowflake.py took 0.111 seconds
[2025-09-15T08:17:47.478+0000] {processor.py:161} INFO - Started process (PID=6843) to work on /opt/airflow/dags/load_day_to_snowflake.py
[2025-09-15T08:17:47.480+0000] {processor.py:830} INFO - Processing file /opt/airflow/dags/load_day_to_snowflake.py for tasks to queue
[2025-09-15T08:17:47.481+0000] {logging_mixin.py:188} INFO - [2025-09-15T08:17:47.481+0000] {dagbag.py:540} INFO - Filling up the DagBag from /opt/airflow/dags/load_day_to_snowflake.py
[2025-09-15T08:17:47.498+0000] {processor.py:840} INFO - DAG(s) 'load_day_to_snowflake' retrieved from /opt/airflow/dags/load_day_to_snowflake.py
[2025-09-15T08:17:47.533+0000] {logging_mixin.py:188} INFO - [2025-09-15T08:17:47.533+0000] {dag.py:3096} INFO - Sync 1 DAGs
[2025-09-15T08:17:47.551+0000] {logging_mixin.py:188} INFO - [2025-09-15T08:17:47.551+0000] {dag.py:3954} INFO - Setting next_dagrun for load_day_to_snowflake to None, run_after=None
[2025-09-15T08:17:47.577+0000] {processor.py:183} INFO - Processing /opt/airflow/dags/load_day_to_snowflake.py took 0.104 seconds
[2025-09-15T08:18:18.356+0000] {processor.py:161} INFO - Started process (PID=6878) to work on /opt/airflow/dags/load_day_to_snowflake.py
[2025-09-15T08:18:18.364+0000] {processor.py:830} INFO - Processing file /opt/airflow/dags/load_day_to_snowflake.py for tasks to queue
[2025-09-15T08:18:18.368+0000] {logging_mixin.py:188} INFO - [2025-09-15T08:18:18.366+0000] {dagbag.py:540} INFO - Filling up the DagBag from /opt/airflow/dags/load_day_to_snowflake.py
[2025-09-15T08:18:18.410+0000] {processor.py:840} INFO - DAG(s) 'load_day_to_snowflake' retrieved from /opt/airflow/dags/load_day_to_snowflake.py
[2025-09-15T08:18:18.461+0000] {logging_mixin.py:188} INFO - [2025-09-15T08:18:18.461+0000] {dag.py:3096} INFO - Sync 1 DAGs
[2025-09-15T08:18:18.476+0000] {logging_mixin.py:188} INFO - [2025-09-15T08:18:18.476+0000] {dag.py:3954} INFO - Setting next_dagrun for load_day_to_snowflake to None, run_after=None
[2025-09-15T08:18:18.506+0000] {processor.py:183} INFO - Processing /opt/airflow/dags/load_day_to_snowflake.py took 0.157 seconds
[2025-09-15T08:18:49.444+0000] {processor.py:161} INFO - Started process (PID=6913) to work on /opt/airflow/dags/load_day_to_snowflake.py
[2025-09-15T08:18:49.446+0000] {processor.py:830} INFO - Processing file /opt/airflow/dags/load_day_to_snowflake.py for tasks to queue
[2025-09-15T08:18:49.450+0000] {logging_mixin.py:188} INFO - [2025-09-15T08:18:49.447+0000] {dagbag.py:540} INFO - Filling up the DagBag from /opt/airflow/dags/load_day_to_snowflake.py
[2025-09-15T08:18:49.489+0000] {processor.py:840} INFO - DAG(s) 'load_day_to_snowflake' retrieved from /opt/airflow/dags/load_day_to_snowflake.py
[2025-09-15T08:18:49.547+0000] {logging_mixin.py:188} INFO - [2025-09-15T08:18:49.547+0000] {dag.py:3096} INFO - Sync 1 DAGs
[2025-09-15T08:18:49.570+0000] {logging_mixin.py:188} INFO - [2025-09-15T08:18:49.569+0000] {dag.py:3954} INFO - Setting next_dagrun for load_day_to_snowflake to None, run_after=None
[2025-09-15T08:18:49.611+0000] {processor.py:183} INFO - Processing /opt/airflow/dags/load_day_to_snowflake.py took 0.178 seconds
[2025-09-15T08:19:20.384+0000] {processor.py:161} INFO - Started process (PID=6948) to work on /opt/airflow/dags/load_day_to_snowflake.py
[2025-09-15T08:19:20.385+0000] {processor.py:830} INFO - Processing file /opt/airflow/dags/load_day_to_snowflake.py for tasks to queue
[2025-09-15T08:19:20.386+0000] {logging_mixin.py:188} INFO - [2025-09-15T08:19:20.386+0000] {dagbag.py:540} INFO - Filling up the DagBag from /opt/airflow/dags/load_day_to_snowflake.py
[2025-09-15T08:19:20.404+0000] {processor.py:840} INFO - DAG(s) 'load_day_to_snowflake' retrieved from /opt/airflow/dags/load_day_to_snowflake.py
[2025-09-15T08:19:20.430+0000] {logging_mixin.py:188} INFO - [2025-09-15T08:19:20.429+0000] {dag.py:3096} INFO - Sync 1 DAGs
[2025-09-15T08:19:20.444+0000] {logging_mixin.py:188} INFO - [2025-09-15T08:19:20.444+0000] {dag.py:3954} INFO - Setting next_dagrun for load_day_to_snowflake to None, run_after=None
[2025-09-15T08:19:20.467+0000] {processor.py:183} INFO - Processing /opt/airflow/dags/load_day_to_snowflake.py took 0.088 seconds
[2025-09-15T08:19:51.091+0000] {processor.py:161} INFO - Started process (PID=6984) to work on /opt/airflow/dags/load_day_to_snowflake.py
[2025-09-15T08:19:51.092+0000] {processor.py:830} INFO - Processing file /opt/airflow/dags/load_day_to_snowflake.py for tasks to queue
[2025-09-15T08:19:51.093+0000] {logging_mixin.py:188} INFO - [2025-09-15T08:19:51.093+0000] {dagbag.py:540} INFO - Filling up the DagBag from /opt/airflow/dags/load_day_to_snowflake.py
[2025-09-15T08:19:51.148+0000] {processor.py:840} INFO - DAG(s) 'load_day_to_snowflake' retrieved from /opt/airflow/dags/load_day_to_snowflake.py
[2025-09-15T08:19:51.184+0000] {logging_mixin.py:188} INFO - [2025-09-15T08:19:51.184+0000] {dag.py:3096} INFO - Sync 1 DAGs
[2025-09-15T08:19:51.202+0000] {logging_mixin.py:188} INFO - [2025-09-15T08:19:51.202+0000] {dag.py:3954} INFO - Setting next_dagrun for load_day_to_snowflake to None, run_after=None
[2025-09-15T08:19:51.231+0000] {processor.py:183} INFO - Processing /opt/airflow/dags/load_day_to_snowflake.py took 0.151 seconds
[2025-09-15T08:20:21.818+0000] {processor.py:161} INFO - Started process (PID=7033) to work on /opt/airflow/dags/load_day_to_snowflake.py
[2025-09-15T08:20:21.819+0000] {processor.py:830} INFO - Processing file /opt/airflow/dags/load_day_to_snowflake.py for tasks to queue
[2025-09-15T08:20:21.820+0000] {logging_mixin.py:188} INFO - [2025-09-15T08:20:21.819+0000] {dagbag.py:540} INFO - Filling up the DagBag from /opt/airflow/dags/load_day_to_snowflake.py
[2025-09-15T08:20:21.840+0000] {processor.py:840} INFO - DAG(s) 'load_day_to_snowflake' retrieved from /opt/airflow/dags/load_day_to_snowflake.py
[2025-09-15T08:20:21.867+0000] {logging_mixin.py:188} INFO - [2025-09-15T08:20:21.867+0000] {dag.py:3096} INFO - Sync 1 DAGs
[2025-09-15T08:20:21.884+0000] {logging_mixin.py:188} INFO - [2025-09-15T08:20:21.884+0000] {dag.py:3954} INFO - Setting next_dagrun for load_day_to_snowflake to None, run_after=None
[2025-09-15T08:20:21.906+0000] {processor.py:183} INFO - Processing /opt/airflow/dags/load_day_to_snowflake.py took 0.094 seconds
[2025-09-15T08:20:52.319+0000] {processor.py:161} INFO - Started process (PID=7068) to work on /opt/airflow/dags/load_day_to_snowflake.py
[2025-09-15T08:20:52.321+0000] {processor.py:830} INFO - Processing file /opt/airflow/dags/load_day_to_snowflake.py for tasks to queue
[2025-09-15T08:20:52.322+0000] {logging_mixin.py:188} INFO - [2025-09-15T08:20:52.322+0000] {dagbag.py:540} INFO - Filling up the DagBag from /opt/airflow/dags/load_day_to_snowflake.py
[2025-09-15T08:20:52.349+0000] {processor.py:840} INFO - DAG(s) 'load_day_to_snowflake' retrieved from /opt/airflow/dags/load_day_to_snowflake.py
[2025-09-15T08:20:52.384+0000] {logging_mixin.py:188} INFO - [2025-09-15T08:20:52.383+0000] {dag.py:3096} INFO - Sync 1 DAGs
[2025-09-15T08:20:52.403+0000] {logging_mixin.py:188} INFO - [2025-09-15T08:20:52.403+0000] {dag.py:3954} INFO - Setting next_dagrun for load_day_to_snowflake to None, run_after=None
[2025-09-15T08:20:52.439+0000] {processor.py:183} INFO - Processing /opt/airflow/dags/load_day_to_snowflake.py took 0.128 seconds
[2025-09-15T08:21:21.976+0000] {processor.py:161} INFO - Started process (PID=7103) to work on /opt/airflow/dags/load_day_to_snowflake.py
[2025-09-15T08:21:21.977+0000] {processor.py:830} INFO - Processing file /opt/airflow/dags/load_day_to_snowflake.py for tasks to queue
[2025-09-15T08:21:21.978+0000] {logging_mixin.py:188} INFO - [2025-09-15T08:21:21.978+0000] {dagbag.py:540} INFO - Filling up the DagBag from /opt/airflow/dags/load_day_to_snowflake.py
[2025-09-15T08:21:22.003+0000] {processor.py:840} INFO - DAG(s) 'load_day_to_snowflake' retrieved from /opt/airflow/dags/load_day_to_snowflake.py
[2025-09-15T08:21:22.044+0000] {logging_mixin.py:188} INFO - [2025-09-15T08:21:22.044+0000] {dag.py:3096} INFO - Sync 1 DAGs
[2025-09-15T08:21:22.069+0000] {logging_mixin.py:188} INFO - [2025-09-15T08:21:22.068+0000] {dag.py:3954} INFO - Setting next_dagrun for load_day_to_snowflake to None, run_after=None
[2025-09-15T08:21:22.097+0000] {processor.py:183} INFO - Processing /opt/airflow/dags/load_day_to_snowflake.py took 0.126 seconds
[2025-09-15T08:21:52.450+0000] {processor.py:161} INFO - Started process (PID=7138) to work on /opt/airflow/dags/load_day_to_snowflake.py
[2025-09-15T08:21:52.451+0000] {processor.py:830} INFO - Processing file /opt/airflow/dags/load_day_to_snowflake.py for tasks to queue
[2025-09-15T08:21:52.452+0000] {logging_mixin.py:188} INFO - [2025-09-15T08:21:52.452+0000] {dagbag.py:540} INFO - Filling up the DagBag from /opt/airflow/dags/load_day_to_snowflake.py
[2025-09-15T08:21:52.474+0000] {processor.py:840} INFO - DAG(s) 'load_day_to_snowflake' retrieved from /opt/airflow/dags/load_day_to_snowflake.py
[2025-09-15T08:21:52.507+0000] {logging_mixin.py:188} INFO - [2025-09-15T08:21:52.506+0000] {dag.py:3096} INFO - Sync 1 DAGs
[2025-09-15T08:21:52.521+0000] {logging_mixin.py:188} INFO - [2025-09-15T08:21:52.520+0000] {dag.py:3954} INFO - Setting next_dagrun for load_day_to_snowflake to None, run_after=None
[2025-09-15T08:21:52.543+0000] {processor.py:183} INFO - Processing /opt/airflow/dags/load_day_to_snowflake.py took 0.099 seconds
[2025-09-15T08:22:23.062+0000] {processor.py:161} INFO - Started process (PID=7173) to work on /opt/airflow/dags/load_day_to_snowflake.py
[2025-09-15T08:22:23.065+0000] {processor.py:830} INFO - Processing file /opt/airflow/dags/load_day_to_snowflake.py for tasks to queue
[2025-09-15T08:22:23.067+0000] {logging_mixin.py:188} INFO - [2025-09-15T08:22:23.067+0000] {dagbag.py:540} INFO - Filling up the DagBag from /opt/airflow/dags/load_day_to_snowflake.py
[2025-09-15T08:22:23.107+0000] {processor.py:840} INFO - DAG(s) 'load_day_to_snowflake' retrieved from /opt/airflow/dags/load_day_to_snowflake.py
[2025-09-15T08:22:23.143+0000] {logging_mixin.py:188} INFO - [2025-09-15T08:22:23.143+0000] {dag.py:3096} INFO - Sync 1 DAGs
[2025-09-15T08:22:23.155+0000] {logging_mixin.py:188} INFO - [2025-09-15T08:22:23.155+0000] {dag.py:3954} INFO - Setting next_dagrun for load_day_to_snowflake to None, run_after=None
[2025-09-15T08:22:23.176+0000] {processor.py:183} INFO - Processing /opt/airflow/dags/load_day_to_snowflake.py took 0.124 seconds
[2025-09-15T08:22:53.800+0000] {processor.py:161} INFO - Started process (PID=7208) to work on /opt/airflow/dags/load_day_to_snowflake.py
[2025-09-15T08:22:53.802+0000] {processor.py:830} INFO - Processing file /opt/airflow/dags/load_day_to_snowflake.py for tasks to queue
[2025-09-15T08:22:53.804+0000] {logging_mixin.py:188} INFO - [2025-09-15T08:22:53.803+0000] {dagbag.py:540} INFO - Filling up the DagBag from /opt/airflow/dags/load_day_to_snowflake.py
[2025-09-15T08:22:53.838+0000] {processor.py:840} INFO - DAG(s) 'load_day_to_snowflake' retrieved from /opt/airflow/dags/load_day_to_snowflake.py
[2025-09-15T08:22:53.895+0000] {logging_mixin.py:188} INFO - [2025-09-15T08:22:53.893+0000] {dag.py:3096} INFO - Sync 1 DAGs
[2025-09-15T08:22:53.917+0000] {logging_mixin.py:188} INFO - [2025-09-15T08:22:53.917+0000] {dag.py:3954} INFO - Setting next_dagrun for load_day_to_snowflake to None, run_after=None
[2025-09-15T08:22:53.939+0000] {processor.py:183} INFO - Processing /opt/airflow/dags/load_day_to_snowflake.py took 0.148 seconds
[2025-09-15T08:23:24.474+0000] {processor.py:161} INFO - Started process (PID=7243) to work on /opt/airflow/dags/load_day_to_snowflake.py
[2025-09-15T08:23:24.474+0000] {processor.py:830} INFO - Processing file /opt/airflow/dags/load_day_to_snowflake.py for tasks to queue
[2025-09-15T08:23:24.475+0000] {logging_mixin.py:188} INFO - [2025-09-15T08:23:24.475+0000] {dagbag.py:540} INFO - Filling up the DagBag from /opt/airflow/dags/load_day_to_snowflake.py
[2025-09-15T08:23:24.491+0000] {processor.py:840} INFO - DAG(s) 'load_day_to_snowflake' retrieved from /opt/airflow/dags/load_day_to_snowflake.py
[2025-09-15T08:23:24.517+0000] {logging_mixin.py:188} INFO - [2025-09-15T08:23:24.517+0000] {dag.py:3096} INFO - Sync 1 DAGs
[2025-09-15T08:23:24.529+0000] {logging_mixin.py:188} INFO - [2025-09-15T08:23:24.529+0000] {dag.py:3954} INFO - Setting next_dagrun for load_day_to_snowflake to None, run_after=None
[2025-09-15T08:23:24.550+0000] {processor.py:183} INFO - Processing /opt/airflow/dags/load_day_to_snowflake.py took 0.081 seconds
[2025-09-15T08:23:55.157+0000] {processor.py:161} INFO - Started process (PID=7278) to work on /opt/airflow/dags/load_day_to_snowflake.py
[2025-09-15T08:23:55.158+0000] {processor.py:830} INFO - Processing file /opt/airflow/dags/load_day_to_snowflake.py for tasks to queue
[2025-09-15T08:23:55.159+0000] {logging_mixin.py:188} INFO - [2025-09-15T08:23:55.158+0000] {dagbag.py:540} INFO - Filling up the DagBag from /opt/airflow/dags/load_day_to_snowflake.py
[2025-09-15T08:23:55.181+0000] {processor.py:840} INFO - DAG(s) 'load_day_to_snowflake' retrieved from /opt/airflow/dags/load_day_to_snowflake.py
[2025-09-15T08:23:55.208+0000] {logging_mixin.py:188} INFO - [2025-09-15T08:23:55.208+0000] {dag.py:3096} INFO - Sync 1 DAGs
[2025-09-15T08:23:55.221+0000] {logging_mixin.py:188} INFO - [2025-09-15T08:23:55.221+0000] {dag.py:3954} INFO - Setting next_dagrun for load_day_to_snowflake to None, run_after=None
[2025-09-15T08:23:55.242+0000] {processor.py:183} INFO - Processing /opt/airflow/dags/load_day_to_snowflake.py took 0.090 seconds
[2025-09-15T08:24:25.769+0000] {processor.py:161} INFO - Started process (PID=7313) to work on /opt/airflow/dags/load_day_to_snowflake.py
[2025-09-15T08:24:25.770+0000] {processor.py:830} INFO - Processing file /opt/airflow/dags/load_day_to_snowflake.py for tasks to queue
[2025-09-15T08:24:25.771+0000] {logging_mixin.py:188} INFO - [2025-09-15T08:24:25.771+0000] {dagbag.py:540} INFO - Filling up the DagBag from /opt/airflow/dags/load_day_to_snowflake.py
[2025-09-15T08:24:25.788+0000] {processor.py:840} INFO - DAG(s) 'load_day_to_snowflake' retrieved from /opt/airflow/dags/load_day_to_snowflake.py
[2025-09-15T08:24:25.814+0000] {logging_mixin.py:188} INFO - [2025-09-15T08:24:25.814+0000] {dag.py:3096} INFO - Sync 1 DAGs
[2025-09-15T08:24:25.827+0000] {logging_mixin.py:188} INFO - [2025-09-15T08:24:25.826+0000] {dag.py:3954} INFO - Setting next_dagrun for load_day_to_snowflake to None, run_after=None
[2025-09-15T08:24:25.846+0000] {processor.py:183} INFO - Processing /opt/airflow/dags/load_day_to_snowflake.py took 0.083 seconds
[2025-09-15T08:24:56.437+0000] {processor.py:161} INFO - Started process (PID=7348) to work on /opt/airflow/dags/load_day_to_snowflake.py
[2025-09-15T08:24:56.439+0000] {processor.py:830} INFO - Processing file /opt/airflow/dags/load_day_to_snowflake.py for tasks to queue
[2025-09-15T08:24:56.440+0000] {logging_mixin.py:188} INFO - [2025-09-15T08:24:56.439+0000] {dagbag.py:540} INFO - Filling up the DagBag from /opt/airflow/dags/load_day_to_snowflake.py
[2025-09-15T08:24:56.460+0000] {processor.py:840} INFO - DAG(s) 'load_day_to_snowflake' retrieved from /opt/airflow/dags/load_day_to_snowflake.py
[2025-09-15T08:24:56.493+0000] {logging_mixin.py:188} INFO - [2025-09-15T08:24:56.493+0000] {dag.py:3096} INFO - Sync 1 DAGs
[2025-09-15T08:24:56.505+0000] {logging_mixin.py:188} INFO - [2025-09-15T08:24:56.505+0000] {dag.py:3954} INFO - Setting next_dagrun for load_day_to_snowflake to None, run_after=None
[2025-09-15T08:24:56.525+0000] {processor.py:183} INFO - Processing /opt/airflow/dags/load_day_to_snowflake.py took 0.096 seconds
[2025-09-15T08:25:27.017+0000] {processor.py:161} INFO - Started process (PID=7383) to work on /opt/airflow/dags/load_day_to_snowflake.py
[2025-09-15T08:25:27.019+0000] {processor.py:830} INFO - Processing file /opt/airflow/dags/load_day_to_snowflake.py for tasks to queue
[2025-09-15T08:25:27.020+0000] {logging_mixin.py:188} INFO - [2025-09-15T08:25:27.019+0000] {dagbag.py:540} INFO - Filling up the DagBag from /opt/airflow/dags/load_day_to_snowflake.py
[2025-09-15T08:25:27.043+0000] {processor.py:840} INFO - DAG(s) 'load_day_to_snowflake' retrieved from /opt/airflow/dags/load_day_to_snowflake.py
[2025-09-15T08:25:27.077+0000] {logging_mixin.py:188} INFO - [2025-09-15T08:25:27.077+0000] {dag.py:3096} INFO - Sync 1 DAGs
[2025-09-15T08:25:27.095+0000] {logging_mixin.py:188} INFO - [2025-09-15T08:25:27.095+0000] {dag.py:3954} INFO - Setting next_dagrun for load_day_to_snowflake to None, run_after=None
[2025-09-15T08:25:27.122+0000] {processor.py:183} INFO - Processing /opt/airflow/dags/load_day_to_snowflake.py took 0.110 seconds
[2025-09-15T08:25:57.495+0000] {processor.py:161} INFO - Started process (PID=7418) to work on /opt/airflow/dags/load_day_to_snowflake.py
[2025-09-15T08:25:57.496+0000] {processor.py:830} INFO - Processing file /opt/airflow/dags/load_day_to_snowflake.py for tasks to queue
[2025-09-15T08:25:57.497+0000] {logging_mixin.py:188} INFO - [2025-09-15T08:25:57.497+0000] {dagbag.py:540} INFO - Filling up the DagBag from /opt/airflow/dags/load_day_to_snowflake.py
[2025-09-15T08:25:57.514+0000] {processor.py:840} INFO - DAG(s) 'load_day_to_snowflake' retrieved from /opt/airflow/dags/load_day_to_snowflake.py
[2025-09-15T08:25:57.540+0000] {logging_mixin.py:188} INFO - [2025-09-15T08:25:57.539+0000] {dag.py:3096} INFO - Sync 1 DAGs
[2025-09-15T08:25:57.553+0000] {logging_mixin.py:188} INFO - [2025-09-15T08:25:57.552+0000] {dag.py:3954} INFO - Setting next_dagrun for load_day_to_snowflake to None, run_after=None
[2025-09-15T08:25:57.573+0000] {processor.py:183} INFO - Processing /opt/airflow/dags/load_day_to_snowflake.py took 0.084 seconds
[2025-09-15T08:26:28.276+0000] {processor.py:161} INFO - Started process (PID=7453) to work on /opt/airflow/dags/load_day_to_snowflake.py
[2025-09-15T08:26:28.278+0000] {processor.py:830} INFO - Processing file /opt/airflow/dags/load_day_to_snowflake.py for tasks to queue
[2025-09-15T08:26:28.280+0000] {logging_mixin.py:188} INFO - [2025-09-15T08:26:28.279+0000] {dagbag.py:540} INFO - Filling up the DagBag from /opt/airflow/dags/load_day_to_snowflake.py
[2025-09-15T08:26:28.312+0000] {processor.py:840} INFO - DAG(s) 'load_day_to_snowflake' retrieved from /opt/airflow/dags/load_day_to_snowflake.py
[2025-09-15T08:26:28.388+0000] {logging_mixin.py:188} INFO - [2025-09-15T08:26:28.388+0000] {dag.py:3096} INFO - Sync 1 DAGs
[2025-09-15T08:26:28.416+0000] {logging_mixin.py:188} INFO - [2025-09-15T08:26:28.416+0000] {dag.py:3954} INFO - Setting next_dagrun for load_day_to_snowflake to None, run_after=None
[2025-09-15T08:26:28.461+0000] {processor.py:183} INFO - Processing /opt/airflow/dags/load_day_to_snowflake.py took 0.198 seconds
[2025-09-15T08:26:59.075+0000] {processor.py:161} INFO - Started process (PID=7488) to work on /opt/airflow/dags/load_day_to_snowflake.py
[2025-09-15T08:26:59.076+0000] {processor.py:830} INFO - Processing file /opt/airflow/dags/load_day_to_snowflake.py for tasks to queue
[2025-09-15T08:26:59.077+0000] {logging_mixin.py:188} INFO - [2025-09-15T08:26:59.077+0000] {dagbag.py:540} INFO - Filling up the DagBag from /opt/airflow/dags/load_day_to_snowflake.py
[2025-09-15T08:26:59.096+0000] {processor.py:840} INFO - DAG(s) 'load_day_to_snowflake' retrieved from /opt/airflow/dags/load_day_to_snowflake.py
[2025-09-15T08:26:59.123+0000] {logging_mixin.py:188} INFO - [2025-09-15T08:26:59.122+0000] {dag.py:3096} INFO - Sync 1 DAGs
[2025-09-15T08:26:59.135+0000] {logging_mixin.py:188} INFO - [2025-09-15T08:26:59.135+0000] {dag.py:3954} INFO - Setting next_dagrun for load_day_to_snowflake to None, run_after=None
[2025-09-15T08:26:59.156+0000] {processor.py:183} INFO - Processing /opt/airflow/dags/load_day_to_snowflake.py took 0.086 seconds
[2025-09-15T08:27:29.897+0000] {processor.py:161} INFO - Started process (PID=7522) to work on /opt/airflow/dags/load_day_to_snowflake.py
[2025-09-15T08:27:29.916+0000] {processor.py:830} INFO - Processing file /opt/airflow/dags/load_day_to_snowflake.py for tasks to queue
[2025-09-15T08:27:29.927+0000] {logging_mixin.py:188} INFO - [2025-09-15T08:27:29.923+0000] {dagbag.py:540} INFO - Filling up the DagBag from /opt/airflow/dags/load_day_to_snowflake.py
[2025-09-15T08:27:30.005+0000] {processor.py:840} INFO - DAG(s) 'load_day_to_snowflake' retrieved from /opt/airflow/dags/load_day_to_snowflake.py
[2025-09-15T08:27:30.084+0000] {logging_mixin.py:188} INFO - [2025-09-15T08:27:30.084+0000] {dag.py:3096} INFO - Sync 1 DAGs
[2025-09-15T08:27:30.114+0000] {logging_mixin.py:188} INFO - [2025-09-15T08:27:30.113+0000] {dag.py:3954} INFO - Setting next_dagrun for load_day_to_snowflake to None, run_after=None
[2025-09-15T08:27:30.146+0000] {processor.py:183} INFO - Processing /opt/airflow/dags/load_day_to_snowflake.py took 0.464 seconds
[2025-09-15T08:28:00.769+0000] {processor.py:161} INFO - Started process (PID=7558) to work on /opt/airflow/dags/load_day_to_snowflake.py
[2025-09-15T08:28:00.770+0000] {processor.py:830} INFO - Processing file /opt/airflow/dags/load_day_to_snowflake.py for tasks to queue
[2025-09-15T08:28:00.772+0000] {logging_mixin.py:188} INFO - [2025-09-15T08:28:00.771+0000] {dagbag.py:540} INFO - Filling up the DagBag from /opt/airflow/dags/load_day_to_snowflake.py
[2025-09-15T08:28:00.793+0000] {processor.py:840} INFO - DAG(s) 'load_day_to_snowflake' retrieved from /opt/airflow/dags/load_day_to_snowflake.py
[2025-09-15T08:28:00.824+0000] {logging_mixin.py:188} INFO - [2025-09-15T08:28:00.824+0000] {dag.py:3096} INFO - Sync 1 DAGs
[2025-09-15T08:28:00.839+0000] {logging_mixin.py:188} INFO - [2025-09-15T08:28:00.839+0000] {dag.py:3954} INFO - Setting next_dagrun for load_day_to_snowflake to None, run_after=None
[2025-09-15T08:28:00.861+0000] {processor.py:183} INFO - Processing /opt/airflow/dags/load_day_to_snowflake.py took 0.099 seconds
[2025-09-15T08:28:31.270+0000] {processor.py:161} INFO - Started process (PID=7593) to work on /opt/airflow/dags/load_day_to_snowflake.py
[2025-09-15T08:28:31.272+0000] {processor.py:830} INFO - Processing file /opt/airflow/dags/load_day_to_snowflake.py for tasks to queue
[2025-09-15T08:28:31.274+0000] {logging_mixin.py:188} INFO - [2025-09-15T08:28:31.273+0000] {dagbag.py:540} INFO - Filling up the DagBag from /opt/airflow/dags/load_day_to_snowflake.py
[2025-09-15T08:28:31.310+0000] {processor.py:840} INFO - DAG(s) 'load_day_to_snowflake' retrieved from /opt/airflow/dags/load_day_to_snowflake.py
[2025-09-15T08:28:31.355+0000] {logging_mixin.py:188} INFO - [2025-09-15T08:28:31.355+0000] {dag.py:3096} INFO - Sync 1 DAGs
[2025-09-15T08:28:31.370+0000] {logging_mixin.py:188} INFO - [2025-09-15T08:28:31.369+0000] {dag.py:3954} INFO - Setting next_dagrun for load_day_to_snowflake to None, run_after=None
[2025-09-15T08:28:31.392+0000] {processor.py:183} INFO - Processing /opt/airflow/dags/load_day_to_snowflake.py took 0.136 seconds
[2025-09-15T08:29:02.239+0000] {processor.py:161} INFO - Started process (PID=7628) to work on /opt/airflow/dags/load_day_to_snowflake.py
[2025-09-15T08:29:02.240+0000] {processor.py:830} INFO - Processing file /opt/airflow/dags/load_day_to_snowflake.py for tasks to queue
[2025-09-15T08:29:02.241+0000] {logging_mixin.py:188} INFO - [2025-09-15T08:29:02.241+0000] {dagbag.py:540} INFO - Filling up the DagBag from /opt/airflow/dags/load_day_to_snowflake.py
[2025-09-15T08:29:02.259+0000] {processor.py:840} INFO - DAG(s) 'load_day_to_snowflake' retrieved from /opt/airflow/dags/load_day_to_snowflake.py
[2025-09-15T08:29:02.286+0000] {logging_mixin.py:188} INFO - [2025-09-15T08:29:02.286+0000] {dag.py:3096} INFO - Sync 1 DAGs
[2025-09-15T08:29:02.299+0000] {logging_mixin.py:188} INFO - [2025-09-15T08:29:02.299+0000] {dag.py:3954} INFO - Setting next_dagrun for load_day_to_snowflake to None, run_after=None
[2025-09-15T08:29:02.319+0000] {processor.py:183} INFO - Processing /opt/airflow/dags/load_day_to_snowflake.py took 0.085 seconds
[2025-09-15T08:29:32.503+0000] {processor.py:161} INFO - Started process (PID=7663) to work on /opt/airflow/dags/load_day_to_snowflake.py
[2025-09-15T08:29:32.505+0000] {processor.py:830} INFO - Processing file /opt/airflow/dags/load_day_to_snowflake.py for tasks to queue
[2025-09-15T08:29:32.509+0000] {logging_mixin.py:188} INFO - [2025-09-15T08:29:32.508+0000] {dagbag.py:540} INFO - Filling up the DagBag from /opt/airflow/dags/load_day_to_snowflake.py
[2025-09-15T08:29:32.537+0000] {processor.py:840} INFO - DAG(s) 'load_day_to_snowflake' retrieved from /opt/airflow/dags/load_day_to_snowflake.py
[2025-09-15T08:29:32.569+0000] {logging_mixin.py:188} INFO - [2025-09-15T08:29:32.568+0000] {dag.py:3096} INFO - Sync 1 DAGs
[2025-09-15T08:29:32.583+0000] {logging_mixin.py:188} INFO - [2025-09-15T08:29:32.583+0000] {dag.py:3954} INFO - Setting next_dagrun for load_day_to_snowflake to None, run_after=None
[2025-09-15T08:29:32.604+0000] {processor.py:183} INFO - Processing /opt/airflow/dags/load_day_to_snowflake.py took 0.110 seconds
[2025-09-15T08:30:02.981+0000] {processor.py:161} INFO - Started process (PID=7698) to work on /opt/airflow/dags/load_day_to_snowflake.py
[2025-09-15T08:30:02.983+0000] {processor.py:830} INFO - Processing file /opt/airflow/dags/load_day_to_snowflake.py for tasks to queue
[2025-09-15T08:30:02.985+0000] {logging_mixin.py:188} INFO - [2025-09-15T08:30:02.984+0000] {dagbag.py:540} INFO - Filling up the DagBag from /opt/airflow/dags/load_day_to_snowflake.py
[2025-09-15T08:30:03.032+0000] {processor.py:840} INFO - DAG(s) 'load_day_to_snowflake' retrieved from /opt/airflow/dags/load_day_to_snowflake.py
[2025-09-15T08:30:03.146+0000] {logging_mixin.py:188} INFO - [2025-09-15T08:30:03.145+0000] {dag.py:3096} INFO - Sync 1 DAGs
[2025-09-15T08:30:03.179+0000] {logging_mixin.py:188} INFO - [2025-09-15T08:30:03.178+0000] {dag.py:3954} INFO - Setting next_dagrun for load_day_to_snowflake to None, run_after=None
[2025-09-15T08:30:03.217+0000] {processor.py:183} INFO - Processing /opt/airflow/dags/load_day_to_snowflake.py took 0.241 seconds
[2025-09-15T08:30:33.801+0000] {processor.py:161} INFO - Started process (PID=7733) to work on /opt/airflow/dags/load_day_to_snowflake.py
[2025-09-15T08:30:33.804+0000] {processor.py:830} INFO - Processing file /opt/airflow/dags/load_day_to_snowflake.py for tasks to queue
[2025-09-15T08:30:33.805+0000] {logging_mixin.py:188} INFO - [2025-09-15T08:30:33.804+0000] {dagbag.py:540} INFO - Filling up the DagBag from /opt/airflow/dags/load_day_to_snowflake.py
[2025-09-15T08:30:33.828+0000] {processor.py:840} INFO - DAG(s) 'load_day_to_snowflake' retrieved from /opt/airflow/dags/load_day_to_snowflake.py
[2025-09-15T08:30:33.862+0000] {logging_mixin.py:188} INFO - [2025-09-15T08:30:33.862+0000] {dag.py:3096} INFO - Sync 1 DAGs
[2025-09-15T08:30:33.878+0000] {logging_mixin.py:188} INFO - [2025-09-15T08:30:33.877+0000] {dag.py:3954} INFO - Setting next_dagrun for load_day_to_snowflake to None, run_after=None
[2025-09-15T08:30:33.903+0000] {processor.py:183} INFO - Processing /opt/airflow/dags/load_day_to_snowflake.py took 0.117 seconds
[2025-09-15T08:31:04.427+0000] {processor.py:161} INFO - Started process (PID=7768) to work on /opt/airflow/dags/load_day_to_snowflake.py
[2025-09-15T08:31:04.428+0000] {processor.py:830} INFO - Processing file /opt/airflow/dags/load_day_to_snowflake.py for tasks to queue
[2025-09-15T08:31:04.429+0000] {logging_mixin.py:188} INFO - [2025-09-15T08:31:04.429+0000] {dagbag.py:540} INFO - Filling up the DagBag from /opt/airflow/dags/load_day_to_snowflake.py
[2025-09-15T08:31:04.471+0000] {processor.py:840} INFO - DAG(s) 'load_day_to_snowflake' retrieved from /opt/airflow/dags/load_day_to_snowflake.py
[2025-09-15T08:31:04.517+0000] {logging_mixin.py:188} INFO - [2025-09-15T08:31:04.516+0000] {dag.py:3096} INFO - Sync 1 DAGs
[2025-09-15T08:31:04.535+0000] {logging_mixin.py:188} INFO - [2025-09-15T08:31:04.535+0000] {dag.py:3954} INFO - Setting next_dagrun for load_day_to_snowflake to None, run_after=None
[2025-09-15T08:31:04.564+0000] {processor.py:183} INFO - Processing /opt/airflow/dags/load_day_to_snowflake.py took 0.145 seconds
[2025-09-15T08:31:34.979+0000] {processor.py:161} INFO - Started process (PID=7803) to work on /opt/airflow/dags/load_day_to_snowflake.py
[2025-09-15T08:31:34.980+0000] {processor.py:830} INFO - Processing file /opt/airflow/dags/load_day_to_snowflake.py for tasks to queue
[2025-09-15T08:31:34.981+0000] {logging_mixin.py:188} INFO - [2025-09-15T08:31:34.981+0000] {dagbag.py:540} INFO - Filling up the DagBag from /opt/airflow/dags/load_day_to_snowflake.py
[2025-09-15T08:31:35.001+0000] {processor.py:840} INFO - DAG(s) 'load_day_to_snowflake' retrieved from /opt/airflow/dags/load_day_to_snowflake.py
[2025-09-15T08:31:35.029+0000] {logging_mixin.py:188} INFO - [2025-09-15T08:31:35.029+0000] {dag.py:3096} INFO - Sync 1 DAGs
[2025-09-15T08:31:35.043+0000] {logging_mixin.py:188} INFO - [2025-09-15T08:31:35.042+0000] {dag.py:3954} INFO - Setting next_dagrun for load_day_to_snowflake to None, run_after=None
[2025-09-15T08:31:35.063+0000] {processor.py:183} INFO - Processing /opt/airflow/dags/load_day_to_snowflake.py took 0.089 seconds
[2025-09-15T08:32:05.402+0000] {processor.py:161} INFO - Started process (PID=7838) to work on /opt/airflow/dags/load_day_to_snowflake.py
[2025-09-15T08:32:05.403+0000] {processor.py:830} INFO - Processing file /opt/airflow/dags/load_day_to_snowflake.py for tasks to queue
[2025-09-15T08:32:05.403+0000] {logging_mixin.py:188} INFO - [2025-09-15T08:32:05.403+0000] {dagbag.py:540} INFO - Filling up the DagBag from /opt/airflow/dags/load_day_to_snowflake.py
[2025-09-15T08:32:05.422+0000] {processor.py:840} INFO - DAG(s) 'load_day_to_snowflake' retrieved from /opt/airflow/dags/load_day_to_snowflake.py
[2025-09-15T08:32:05.450+0000] {logging_mixin.py:188} INFO - [2025-09-15T08:32:05.450+0000] {dag.py:3096} INFO - Sync 1 DAGs
[2025-09-15T08:32:05.464+0000] {logging_mixin.py:188} INFO - [2025-09-15T08:32:05.464+0000] {dag.py:3954} INFO - Setting next_dagrun for load_day_to_snowflake to None, run_after=None
[2025-09-15T08:32:05.484+0000] {processor.py:183} INFO - Processing /opt/airflow/dags/load_day_to_snowflake.py took 0.089 seconds
[2025-09-15T08:32:36.095+0000] {processor.py:161} INFO - Started process (PID=7873) to work on /opt/airflow/dags/load_day_to_snowflake.py
[2025-09-15T08:32:36.096+0000] {processor.py:830} INFO - Processing file /opt/airflow/dags/load_day_to_snowflake.py for tasks to queue
[2025-09-15T08:32:36.096+0000] {logging_mixin.py:188} INFO - [2025-09-15T08:32:36.096+0000] {dagbag.py:540} INFO - Filling up the DagBag from /opt/airflow/dags/load_day_to_snowflake.py
[2025-09-15T08:32:36.117+0000] {processor.py:840} INFO - DAG(s) 'load_day_to_snowflake' retrieved from /opt/airflow/dags/load_day_to_snowflake.py
[2025-09-15T08:32:36.146+0000] {logging_mixin.py:188} INFO - [2025-09-15T08:32:36.146+0000] {dag.py:3096} INFO - Sync 1 DAGs
[2025-09-15T08:32:36.159+0000] {logging_mixin.py:188} INFO - [2025-09-15T08:32:36.159+0000] {dag.py:3954} INFO - Setting next_dagrun for load_day_to_snowflake to None, run_after=None
[2025-09-15T08:32:36.182+0000] {processor.py:183} INFO - Processing /opt/airflow/dags/load_day_to_snowflake.py took 0.095 seconds
[2025-09-15T08:33:06.690+0000] {processor.py:161} INFO - Started process (PID=7908) to work on /opt/airflow/dags/load_day_to_snowflake.py
[2025-09-15T08:33:06.691+0000] {processor.py:830} INFO - Processing file /opt/airflow/dags/load_day_to_snowflake.py for tasks to queue
[2025-09-15T08:33:06.691+0000] {logging_mixin.py:188} INFO - [2025-09-15T08:33:06.691+0000] {dagbag.py:540} INFO - Filling up the DagBag from /opt/airflow/dags/load_day_to_snowflake.py
[2025-09-15T08:33:06.708+0000] {processor.py:840} INFO - DAG(s) 'load_day_to_snowflake' retrieved from /opt/airflow/dags/load_day_to_snowflake.py
[2025-09-15T08:33:06.734+0000] {logging_mixin.py:188} INFO - [2025-09-15T08:33:06.734+0000] {dag.py:3096} INFO - Sync 1 DAGs
[2025-09-15T08:33:06.747+0000] {logging_mixin.py:188} INFO - [2025-09-15T08:33:06.747+0000] {dag.py:3954} INFO - Setting next_dagrun for load_day_to_snowflake to None, run_after=None
[2025-09-15T08:33:06.768+0000] {processor.py:183} INFO - Processing /opt/airflow/dags/load_day_to_snowflake.py took 0.083 seconds
[2025-09-15T08:33:37.372+0000] {processor.py:161} INFO - Started process (PID=7943) to work on /opt/airflow/dags/load_day_to_snowflake.py
[2025-09-15T08:33:37.379+0000] {processor.py:830} INFO - Processing file /opt/airflow/dags/load_day_to_snowflake.py for tasks to queue
[2025-09-15T08:33:37.381+0000] {logging_mixin.py:188} INFO - [2025-09-15T08:33:37.380+0000] {dagbag.py:540} INFO - Filling up the DagBag from /opt/airflow/dags/load_day_to_snowflake.py
[2025-09-15T08:33:37.427+0000] {processor.py:840} INFO - DAG(s) 'load_day_to_snowflake' retrieved from /opt/airflow/dags/load_day_to_snowflake.py
[2025-09-15T08:33:37.522+0000] {logging_mixin.py:188} INFO - [2025-09-15T08:33:37.521+0000] {dag.py:3096} INFO - Sync 1 DAGs
[2025-09-15T08:33:37.574+0000] {logging_mixin.py:188} INFO - [2025-09-15T08:33:37.573+0000] {dag.py:3954} INFO - Setting next_dagrun for load_day_to_snowflake to None, run_after=None
[2025-09-15T08:33:37.680+0000] {processor.py:183} INFO - Processing /opt/airflow/dags/load_day_to_snowflake.py took 0.323 seconds
[2025-09-15T08:34:08.782+0000] {processor.py:161} INFO - Started process (PID=7980) to work on /opt/airflow/dags/load_day_to_snowflake.py
[2025-09-15T08:34:08.783+0000] {processor.py:830} INFO - Processing file /opt/airflow/dags/load_day_to_snowflake.py for tasks to queue
[2025-09-15T08:34:08.784+0000] {logging_mixin.py:188} INFO - [2025-09-15T08:34:08.783+0000] {dagbag.py:540} INFO - Filling up the DagBag from /opt/airflow/dags/load_day_to_snowflake.py
[2025-09-15T08:34:08.803+0000] {processor.py:840} INFO - DAG(s) 'load_day_to_snowflake' retrieved from /opt/airflow/dags/load_day_to_snowflake.py
[2025-09-15T08:34:08.832+0000] {logging_mixin.py:188} INFO - [2025-09-15T08:34:08.831+0000] {dag.py:3096} INFO - Sync 1 DAGs
[2025-09-15T08:34:08.844+0000] {logging_mixin.py:188} INFO - [2025-09-15T08:34:08.844+0000] {dag.py:3954} INFO - Setting next_dagrun for load_day_to_snowflake to None, run_after=None
[2025-09-15T08:34:08.866+0000] {processor.py:183} INFO - Processing /opt/airflow/dags/load_day_to_snowflake.py took 0.090 seconds
[2025-09-15T08:34:39.304+0000] {processor.py:161} INFO - Started process (PID=8015) to work on /opt/airflow/dags/load_day_to_snowflake.py
[2025-09-15T08:34:39.305+0000] {processor.py:830} INFO - Processing file /opt/airflow/dags/load_day_to_snowflake.py for tasks to queue
[2025-09-15T08:34:39.306+0000] {logging_mixin.py:188} INFO - [2025-09-15T08:34:39.305+0000] {dagbag.py:540} INFO - Filling up the DagBag from /opt/airflow/dags/load_day_to_snowflake.py
[2025-09-15T08:34:39.325+0000] {processor.py:840} INFO - DAG(s) 'load_day_to_snowflake' retrieved from /opt/airflow/dags/load_day_to_snowflake.py
[2025-09-15T08:34:39.368+0000] {logging_mixin.py:188} INFO - [2025-09-15T08:34:39.368+0000] {dag.py:3096} INFO - Sync 1 DAGs
[2025-09-15T08:34:39.385+0000] {logging_mixin.py:188} INFO - [2025-09-15T08:34:39.385+0000] {dag.py:3954} INFO - Setting next_dagrun for load_day_to_snowflake to None, run_after=None
[2025-09-15T08:34:39.411+0000] {processor.py:183} INFO - Processing /opt/airflow/dags/load_day_to_snowflake.py took 0.112 seconds
[2025-09-15T08:35:09.915+0000] {processor.py:161} INFO - Started process (PID=8050) to work on /opt/airflow/dags/load_day_to_snowflake.py
[2025-09-15T08:35:09.917+0000] {processor.py:830} INFO - Processing file /opt/airflow/dags/load_day_to_snowflake.py for tasks to queue
[2025-09-15T08:35:09.918+0000] {logging_mixin.py:188} INFO - [2025-09-15T08:35:09.917+0000] {dagbag.py:540} INFO - Filling up the DagBag from /opt/airflow/dags/load_day_to_snowflake.py
[2025-09-15T08:35:09.940+0000] {processor.py:840} INFO - DAG(s) 'load_day_to_snowflake' retrieved from /opt/airflow/dags/load_day_to_snowflake.py
[2025-09-15T08:35:09.971+0000] {logging_mixin.py:188} INFO - [2025-09-15T08:35:09.971+0000] {dag.py:3096} INFO - Sync 1 DAGs
[2025-09-15T08:35:09.984+0000] {logging_mixin.py:188} INFO - [2025-09-15T08:35:09.984+0000] {dag.py:3954} INFO - Setting next_dagrun for load_day_to_snowflake to None, run_after=None
[2025-09-15T08:35:10.007+0000] {processor.py:183} INFO - Processing /opt/airflow/dags/load_day_to_snowflake.py took 0.099 seconds
[2025-09-15T08:35:40.583+0000] {processor.py:161} INFO - Started process (PID=8085) to work on /opt/airflow/dags/load_day_to_snowflake.py
[2025-09-15T08:35:40.584+0000] {processor.py:830} INFO - Processing file /opt/airflow/dags/load_day_to_snowflake.py for tasks to queue
[2025-09-15T08:35:40.586+0000] {logging_mixin.py:188} INFO - [2025-09-15T08:35:40.585+0000] {dagbag.py:540} INFO - Filling up the DagBag from /opt/airflow/dags/load_day_to_snowflake.py
[2025-09-15T08:35:40.609+0000] {processor.py:840} INFO - DAG(s) 'load_day_to_snowflake' retrieved from /opt/airflow/dags/load_day_to_snowflake.py
[2025-09-15T08:35:40.640+0000] {logging_mixin.py:188} INFO - [2025-09-15T08:35:40.639+0000] {dag.py:3096} INFO - Sync 1 DAGs
[2025-09-15T08:35:40.654+0000] {logging_mixin.py:188} INFO - [2025-09-15T08:35:40.654+0000] {dag.py:3954} INFO - Setting next_dagrun for load_day_to_snowflake to None, run_after=None
[2025-09-15T08:35:40.683+0000] {processor.py:183} INFO - Processing /opt/airflow/dags/load_day_to_snowflake.py took 0.108 seconds
[2025-09-15T08:36:11.193+0000] {processor.py:161} INFO - Started process (PID=8120) to work on /opt/airflow/dags/load_day_to_snowflake.py
[2025-09-15T08:36:11.194+0000] {processor.py:830} INFO - Processing file /opt/airflow/dags/load_day_to_snowflake.py for tasks to queue
[2025-09-15T08:36:11.196+0000] {logging_mixin.py:188} INFO - [2025-09-15T08:36:11.195+0000] {dagbag.py:540} INFO - Filling up the DagBag from /opt/airflow/dags/load_day_to_snowflake.py
[2025-09-15T08:36:11.214+0000] {processor.py:840} INFO - DAG(s) 'load_day_to_snowflake' retrieved from /opt/airflow/dags/load_day_to_snowflake.py
[2025-09-15T08:36:11.242+0000] {logging_mixin.py:188} INFO - [2025-09-15T08:36:11.242+0000] {dag.py:3096} INFO - Sync 1 DAGs
[2025-09-15T08:36:11.255+0000] {logging_mixin.py:188} INFO - [2025-09-15T08:36:11.255+0000] {dag.py:3954} INFO - Setting next_dagrun for load_day_to_snowflake to None, run_after=None
[2025-09-15T08:36:11.279+0000] {processor.py:183} INFO - Processing /opt/airflow/dags/load_day_to_snowflake.py took 0.094 seconds
[2025-09-15T08:36:41.754+0000] {processor.py:161} INFO - Started process (PID=8155) to work on /opt/airflow/dags/load_day_to_snowflake.py
[2025-09-15T08:36:41.755+0000] {processor.py:830} INFO - Processing file /opt/airflow/dags/load_day_to_snowflake.py for tasks to queue
[2025-09-15T08:36:41.756+0000] {logging_mixin.py:188} INFO - [2025-09-15T08:36:41.756+0000] {dagbag.py:540} INFO - Filling up the DagBag from /opt/airflow/dags/load_day_to_snowflake.py
[2025-09-15T08:36:41.772+0000] {processor.py:840} INFO - DAG(s) 'load_day_to_snowflake' retrieved from /opt/airflow/dags/load_day_to_snowflake.py
[2025-09-15T08:36:41.798+0000] {logging_mixin.py:188} INFO - [2025-09-15T08:36:41.798+0000] {dag.py:3096} INFO - Sync 1 DAGs
[2025-09-15T08:36:41.810+0000] {logging_mixin.py:188} INFO - [2025-09-15T08:36:41.810+0000] {dag.py:3954} INFO - Setting next_dagrun for load_day_to_snowflake to None, run_after=None
[2025-09-15T08:36:41.831+0000] {processor.py:183} INFO - Processing /opt/airflow/dags/load_day_to_snowflake.py took 0.082 seconds
[2025-09-15T08:37:12.088+0000] {processor.py:161} INFO - Started process (PID=8190) to work on /opt/airflow/dags/load_day_to_snowflake.py
[2025-09-15T08:37:12.089+0000] {processor.py:830} INFO - Processing file /opt/airflow/dags/load_day_to_snowflake.py for tasks to queue
[2025-09-15T08:37:12.090+0000] {logging_mixin.py:188} INFO - [2025-09-15T08:37:12.090+0000] {dagbag.py:540} INFO - Filling up the DagBag from /opt/airflow/dags/load_day_to_snowflake.py
[2025-09-15T08:37:12.114+0000] {processor.py:840} INFO - DAG(s) 'load_day_to_snowflake' retrieved from /opt/airflow/dags/load_day_to_snowflake.py
[2025-09-15T08:37:12.143+0000] {logging_mixin.py:188} INFO - [2025-09-15T08:37:12.143+0000] {dag.py:3096} INFO - Sync 1 DAGs
[2025-09-15T08:37:12.158+0000] {logging_mixin.py:188} INFO - [2025-09-15T08:37:12.158+0000] {dag.py:3954} INFO - Setting next_dagrun for load_day_to_snowflake to None, run_after=None
[2025-09-15T08:37:12.183+0000] {processor.py:183} INFO - Processing /opt/airflow/dags/load_day_to_snowflake.py took 0.102 seconds
[2025-09-15T08:37:42.645+0000] {processor.py:161} INFO - Started process (PID=8225) to work on /opt/airflow/dags/load_day_to_snowflake.py
[2025-09-15T08:37:42.646+0000] {processor.py:830} INFO - Processing file /opt/airflow/dags/load_day_to_snowflake.py for tasks to queue
[2025-09-15T08:37:42.647+0000] {logging_mixin.py:188} INFO - [2025-09-15T08:37:42.646+0000] {dagbag.py:540} INFO - Filling up the DagBag from /opt/airflow/dags/load_day_to_snowflake.py
[2025-09-15T08:37:42.664+0000] {processor.py:840} INFO - DAG(s) 'load_day_to_snowflake' retrieved from /opt/airflow/dags/load_day_to_snowflake.py
[2025-09-15T08:37:42.692+0000] {logging_mixin.py:188} INFO - [2025-09-15T08:37:42.691+0000] {dag.py:3096} INFO - Sync 1 DAGs
[2025-09-15T08:37:42.704+0000] {logging_mixin.py:188} INFO - [2025-09-15T08:37:42.704+0000] {dag.py:3954} INFO - Setting next_dagrun for load_day_to_snowflake to None, run_after=None
[2025-09-15T08:37:42.728+0000] {processor.py:183} INFO - Processing /opt/airflow/dags/load_day_to_snowflake.py took 0.088 seconds
[2025-09-15T08:38:13.402+0000] {processor.py:161} INFO - Started process (PID=8260) to work on /opt/airflow/dags/load_day_to_snowflake.py
[2025-09-15T08:38:13.404+0000] {processor.py:830} INFO - Processing file /opt/airflow/dags/load_day_to_snowflake.py for tasks to queue
[2025-09-15T08:38:13.405+0000] {logging_mixin.py:188} INFO - [2025-09-15T08:38:13.404+0000] {dagbag.py:540} INFO - Filling up the DagBag from /opt/airflow/dags/load_day_to_snowflake.py
[2025-09-15T08:38:13.427+0000] {processor.py:840} INFO - DAG(s) 'load_day_to_snowflake' retrieved from /opt/airflow/dags/load_day_to_snowflake.py
[2025-09-15T08:38:13.463+0000] {logging_mixin.py:188} INFO - [2025-09-15T08:38:13.463+0000] {dag.py:3096} INFO - Sync 1 DAGs
[2025-09-15T08:38:13.485+0000] {logging_mixin.py:188} INFO - [2025-09-15T08:38:13.484+0000] {dag.py:3954} INFO - Setting next_dagrun for load_day_to_snowflake to None, run_after=None
[2025-09-15T08:38:13.508+0000] {processor.py:183} INFO - Processing /opt/airflow/dags/load_day_to_snowflake.py took 0.113 seconds
[2025-09-15T08:38:44.275+0000] {processor.py:161} INFO - Started process (PID=8295) to work on /opt/airflow/dags/load_day_to_snowflake.py
[2025-09-15T08:38:44.276+0000] {processor.py:830} INFO - Processing file /opt/airflow/dags/load_day_to_snowflake.py for tasks to queue
[2025-09-15T08:38:44.277+0000] {logging_mixin.py:188} INFO - [2025-09-15T08:38:44.277+0000] {dagbag.py:540} INFO - Filling up the DagBag from /opt/airflow/dags/load_day_to_snowflake.py
[2025-09-15T08:38:44.297+0000] {processor.py:840} INFO - DAG(s) 'load_day_to_snowflake' retrieved from /opt/airflow/dags/load_day_to_snowflake.py
[2025-09-15T08:38:44.334+0000] {logging_mixin.py:188} INFO - [2025-09-15T08:38:44.333+0000] {dag.py:3096} INFO - Sync 1 DAGs
[2025-09-15T08:38:44.349+0000] {logging_mixin.py:188} INFO - [2025-09-15T08:38:44.349+0000] {dag.py:3954} INFO - Setting next_dagrun for load_day_to_snowflake to None, run_after=None
[2025-09-15T08:38:44.371+0000] {processor.py:183} INFO - Processing /opt/airflow/dags/load_day_to_snowflake.py took 0.101 seconds
[2025-09-15T08:39:14.965+0000] {processor.py:161} INFO - Started process (PID=8330) to work on /opt/airflow/dags/load_day_to_snowflake.py
[2025-09-15T08:39:14.966+0000] {processor.py:830} INFO - Processing file /opt/airflow/dags/load_day_to_snowflake.py for tasks to queue
[2025-09-15T08:39:14.967+0000] {logging_mixin.py:188} INFO - [2025-09-15T08:39:14.967+0000] {dagbag.py:540} INFO - Filling up the DagBag from /opt/airflow/dags/load_day_to_snowflake.py
[2025-09-15T08:39:14.985+0000] {processor.py:840} INFO - DAG(s) 'load_day_to_snowflake' retrieved from /opt/airflow/dags/load_day_to_snowflake.py
[2025-09-15T08:39:15.017+0000] {logging_mixin.py:188} INFO - [2025-09-15T08:39:15.016+0000] {dag.py:3096} INFO - Sync 1 DAGs
[2025-09-15T08:39:15.031+0000] {logging_mixin.py:188} INFO - [2025-09-15T08:39:15.031+0000] {dag.py:3954} INFO - Setting next_dagrun for load_day_to_snowflake to None, run_after=None
[2025-09-15T08:39:15.053+0000] {processor.py:183} INFO - Processing /opt/airflow/dags/load_day_to_snowflake.py took 0.094 seconds
[2025-09-15T08:39:45.553+0000] {processor.py:161} INFO - Started process (PID=8365) to work on /opt/airflow/dags/load_day_to_snowflake.py
[2025-09-15T08:39:45.554+0000] {processor.py:830} INFO - Processing file /opt/airflow/dags/load_day_to_snowflake.py for tasks to queue
[2025-09-15T08:39:45.555+0000] {logging_mixin.py:188} INFO - [2025-09-15T08:39:45.554+0000] {dagbag.py:540} INFO - Filling up the DagBag from /opt/airflow/dags/load_day_to_snowflake.py
[2025-09-15T08:39:45.571+0000] {processor.py:840} INFO - DAG(s) 'load_day_to_snowflake' retrieved from /opt/airflow/dags/load_day_to_snowflake.py
[2025-09-15T08:39:45.598+0000] {logging_mixin.py:188} INFO - [2025-09-15T08:39:45.598+0000] {dag.py:3096} INFO - Sync 1 DAGs
[2025-09-15T08:39:45.612+0000] {logging_mixin.py:188} INFO - [2025-09-15T08:39:45.612+0000] {dag.py:3954} INFO - Setting next_dagrun for load_day_to_snowflake to None, run_after=None
[2025-09-15T08:39:45.638+0000] {processor.py:183} INFO - Processing /opt/airflow/dags/load_day_to_snowflake.py took 0.090 seconds
[2025-09-15T08:40:16.400+0000] {processor.py:161} INFO - Started process (PID=8400) to work on /opt/airflow/dags/load_day_to_snowflake.py
[2025-09-15T08:40:16.402+0000] {processor.py:830} INFO - Processing file /opt/airflow/dags/load_day_to_snowflake.py for tasks to queue
[2025-09-15T08:40:16.405+0000] {logging_mixin.py:188} INFO - [2025-09-15T08:40:16.403+0000] {dagbag.py:540} INFO - Filling up the DagBag from /opt/airflow/dags/load_day_to_snowflake.py
[2025-09-15T08:40:16.433+0000] {processor.py:840} INFO - DAG(s) 'load_day_to_snowflake' retrieved from /opt/airflow/dags/load_day_to_snowflake.py
[2025-09-15T08:40:16.479+0000] {logging_mixin.py:188} INFO - [2025-09-15T08:40:16.479+0000] {dag.py:3096} INFO - Sync 1 DAGs
[2025-09-15T08:40:16.506+0000] {logging_mixin.py:188} INFO - [2025-09-15T08:40:16.506+0000] {dag.py:3954} INFO - Setting next_dagrun for load_day_to_snowflake to None, run_after=None
[2025-09-15T08:40:16.545+0000] {processor.py:183} INFO - Processing /opt/airflow/dags/load_day_to_snowflake.py took 0.153 seconds
[2025-09-15T08:40:47.326+0000] {processor.py:161} INFO - Started process (PID=8435) to work on /opt/airflow/dags/load_day_to_snowflake.py
[2025-09-15T08:40:47.327+0000] {processor.py:830} INFO - Processing file /opt/airflow/dags/load_day_to_snowflake.py for tasks to queue
[2025-09-15T08:40:47.328+0000] {logging_mixin.py:188} INFO - [2025-09-15T08:40:47.327+0000] {dagbag.py:540} INFO - Filling up the DagBag from /opt/airflow/dags/load_day_to_snowflake.py
[2025-09-15T08:40:47.345+0000] {processor.py:840} INFO - DAG(s) 'load_day_to_snowflake' retrieved from /opt/airflow/dags/load_day_to_snowflake.py
[2025-09-15T08:40:47.373+0000] {logging_mixin.py:188} INFO - [2025-09-15T08:40:47.372+0000] {dag.py:3096} INFO - Sync 1 DAGs
[2025-09-15T08:40:47.385+0000] {logging_mixin.py:188} INFO - [2025-09-15T08:40:47.385+0000] {dag.py:3954} INFO - Setting next_dagrun for load_day_to_snowflake to None, run_after=None
[2025-09-15T08:40:47.405+0000] {processor.py:183} INFO - Processing /opt/airflow/dags/load_day_to_snowflake.py took 0.084 seconds
[2025-09-15T08:41:17.838+0000] {processor.py:161} INFO - Started process (PID=8470) to work on /opt/airflow/dags/load_day_to_snowflake.py
[2025-09-15T08:41:17.839+0000] {processor.py:830} INFO - Processing file /opt/airflow/dags/load_day_to_snowflake.py for tasks to queue
[2025-09-15T08:41:17.840+0000] {logging_mixin.py:188} INFO - [2025-09-15T08:41:17.839+0000] {dagbag.py:540} INFO - Filling up the DagBag from /opt/airflow/dags/load_day_to_snowflake.py
[2025-09-15T08:41:17.855+0000] {processor.py:840} INFO - DAG(s) 'load_day_to_snowflake' retrieved from /opt/airflow/dags/load_day_to_snowflake.py
[2025-09-15T08:41:17.883+0000] {logging_mixin.py:188} INFO - [2025-09-15T08:41:17.882+0000] {dag.py:3096} INFO - Sync 1 DAGs
[2025-09-15T08:41:17.896+0000] {logging_mixin.py:188} INFO - [2025-09-15T08:41:17.896+0000] {dag.py:3954} INFO - Setting next_dagrun for load_day_to_snowflake to None, run_after=None
[2025-09-15T08:41:17.923+0000] {processor.py:183} INFO - Processing /opt/airflow/dags/load_day_to_snowflake.py took 0.090 seconds
[2025-09-15T08:41:48.372+0000] {processor.py:161} INFO - Started process (PID=8505) to work on /opt/airflow/dags/load_day_to_snowflake.py
[2025-09-15T08:41:48.373+0000] {processor.py:830} INFO - Processing file /opt/airflow/dags/load_day_to_snowflake.py for tasks to queue
[2025-09-15T08:41:48.374+0000] {logging_mixin.py:188} INFO - [2025-09-15T08:41:48.373+0000] {dagbag.py:540} INFO - Filling up the DagBag from /opt/airflow/dags/load_day_to_snowflake.py
[2025-09-15T08:41:48.392+0000] {processor.py:840} INFO - DAG(s) 'load_day_to_snowflake' retrieved from /opt/airflow/dags/load_day_to_snowflake.py
[2025-09-15T08:41:48.418+0000] {logging_mixin.py:188} INFO - [2025-09-15T08:41:48.418+0000] {dag.py:3096} INFO - Sync 1 DAGs
[2025-09-15T08:41:48.431+0000] {logging_mixin.py:188} INFO - [2025-09-15T08:41:48.430+0000] {dag.py:3954} INFO - Setting next_dagrun for load_day_to_snowflake to None, run_after=None
[2025-09-15T08:41:48.454+0000] {processor.py:183} INFO - Processing /opt/airflow/dags/load_day_to_snowflake.py took 0.088 seconds
[2025-09-15T08:42:19.020+0000] {processor.py:161} INFO - Started process (PID=8540) to work on /opt/airflow/dags/load_day_to_snowflake.py
[2025-09-15T08:42:19.021+0000] {processor.py:830} INFO - Processing file /opt/airflow/dags/load_day_to_snowflake.py for tasks to queue
[2025-09-15T08:42:19.022+0000] {logging_mixin.py:188} INFO - [2025-09-15T08:42:19.021+0000] {dagbag.py:540} INFO - Filling up the DagBag from /opt/airflow/dags/load_day_to_snowflake.py
[2025-09-15T08:42:19.037+0000] {processor.py:840} INFO - DAG(s) 'load_day_to_snowflake' retrieved from /opt/airflow/dags/load_day_to_snowflake.py
[2025-09-15T08:42:19.063+0000] {logging_mixin.py:188} INFO - [2025-09-15T08:42:19.063+0000] {dag.py:3096} INFO - Sync 1 DAGs
[2025-09-15T08:42:19.075+0000] {logging_mixin.py:188} INFO - [2025-09-15T08:42:19.075+0000] {dag.py:3954} INFO - Setting next_dagrun for load_day_to_snowflake to None, run_after=None
[2025-09-15T08:42:19.100+0000] {processor.py:183} INFO - Processing /opt/airflow/dags/load_day_to_snowflake.py took 0.085 seconds
[2025-09-15T08:42:49.617+0000] {processor.py:161} INFO - Started process (PID=8575) to work on /opt/airflow/dags/load_day_to_snowflake.py
[2025-09-15T08:42:49.619+0000] {processor.py:830} INFO - Processing file /opt/airflow/dags/load_day_to_snowflake.py for tasks to queue
[2025-09-15T08:42:49.620+0000] {logging_mixin.py:188} INFO - [2025-09-15T08:42:49.620+0000] {dagbag.py:540} INFO - Filling up the DagBag from /opt/airflow/dags/load_day_to_snowflake.py
[2025-09-15T08:42:49.644+0000] {processor.py:840} INFO - DAG(s) 'load_day_to_snowflake' retrieved from /opt/airflow/dags/load_day_to_snowflake.py
[2025-09-15T08:42:49.677+0000] {logging_mixin.py:188} INFO - [2025-09-15T08:42:49.677+0000] {dag.py:3096} INFO - Sync 1 DAGs
[2025-09-15T08:42:49.693+0000] {logging_mixin.py:188} INFO - [2025-09-15T08:42:49.693+0000] {dag.py:3954} INFO - Setting next_dagrun for load_day_to_snowflake to None, run_after=None
[2025-09-15T08:42:49.715+0000] {processor.py:183} INFO - Processing /opt/airflow/dags/load_day_to_snowflake.py took 0.107 seconds
[2025-09-15T08:43:20.340+0000] {processor.py:161} INFO - Started process (PID=8610) to work on /opt/airflow/dags/load_day_to_snowflake.py
[2025-09-15T08:43:20.341+0000] {processor.py:830} INFO - Processing file /opt/airflow/dags/load_day_to_snowflake.py for tasks to queue
[2025-09-15T08:43:20.341+0000] {logging_mixin.py:188} INFO - [2025-09-15T08:43:20.341+0000] {dagbag.py:540} INFO - Filling up the DagBag from /opt/airflow/dags/load_day_to_snowflake.py
[2025-09-15T08:43:20.358+0000] {processor.py:840} INFO - DAG(s) 'load_day_to_snowflake' retrieved from /opt/airflow/dags/load_day_to_snowflake.py
[2025-09-15T08:43:20.386+0000] {logging_mixin.py:188} INFO - [2025-09-15T08:43:20.386+0000] {dag.py:3096} INFO - Sync 1 DAGs
[2025-09-15T08:43:20.400+0000] {logging_mixin.py:188} INFO - [2025-09-15T08:43:20.399+0000] {dag.py:3954} INFO - Setting next_dagrun for load_day_to_snowflake to None, run_after=None
[2025-09-15T08:43:20.421+0000] {processor.py:183} INFO - Processing /opt/airflow/dags/load_day_to_snowflake.py took 0.087 seconds
[2025-09-15T08:43:51.086+0000] {processor.py:161} INFO - Started process (PID=8645) to work on /opt/airflow/dags/load_day_to_snowflake.py
[2025-09-15T08:43:51.088+0000] {processor.py:830} INFO - Processing file /opt/airflow/dags/load_day_to_snowflake.py for tasks to queue
[2025-09-15T08:43:51.088+0000] {logging_mixin.py:188} INFO - [2025-09-15T08:43:51.088+0000] {dagbag.py:540} INFO - Filling up the DagBag from /opt/airflow/dags/load_day_to_snowflake.py
[2025-09-15T08:43:51.110+0000] {processor.py:840} INFO - DAG(s) 'load_day_to_snowflake' retrieved from /opt/airflow/dags/load_day_to_snowflake.py
[2025-09-15T08:43:51.144+0000] {logging_mixin.py:188} INFO - [2025-09-15T08:43:51.143+0000] {dag.py:3096} INFO - Sync 1 DAGs
[2025-09-15T08:43:51.161+0000] {logging_mixin.py:188} INFO - [2025-09-15T08:43:51.160+0000] {dag.py:3954} INFO - Setting next_dagrun for load_day_to_snowflake to None, run_after=None
[2025-09-15T08:43:51.182+0000] {processor.py:183} INFO - Processing /opt/airflow/dags/load_day_to_snowflake.py took 0.104 seconds
[2025-09-15T08:44:21.759+0000] {processor.py:161} INFO - Started process (PID=8680) to work on /opt/airflow/dags/load_day_to_snowflake.py
[2025-09-15T08:44:21.761+0000] {processor.py:830} INFO - Processing file /opt/airflow/dags/load_day_to_snowflake.py for tasks to queue
[2025-09-15T08:44:21.762+0000] {logging_mixin.py:188} INFO - [2025-09-15T08:44:21.761+0000] {dagbag.py:540} INFO - Filling up the DagBag from /opt/airflow/dags/load_day_to_snowflake.py
[2025-09-15T08:44:21.781+0000] {processor.py:840} INFO - DAG(s) 'load_day_to_snowflake' retrieved from /opt/airflow/dags/load_day_to_snowflake.py
[2025-09-15T08:44:21.811+0000] {logging_mixin.py:188} INFO - [2025-09-15T08:44:21.811+0000] {dag.py:3096} INFO - Sync 1 DAGs
[2025-09-15T08:44:21.825+0000] {logging_mixin.py:188} INFO - [2025-09-15T08:44:21.824+0000] {dag.py:3954} INFO - Setting next_dagrun for load_day_to_snowflake to None, run_after=None
[2025-09-15T08:44:21.844+0000] {processor.py:183} INFO - Processing /opt/airflow/dags/load_day_to_snowflake.py took 0.090 seconds
[2025-09-15T08:44:52.018+0000] {processor.py:161} INFO - Started process (PID=8715) to work on /opt/airflow/dags/load_day_to_snowflake.py
[2025-09-15T08:44:52.019+0000] {processor.py:830} INFO - Processing file /opt/airflow/dags/load_day_to_snowflake.py for tasks to queue
[2025-09-15T08:44:52.020+0000] {logging_mixin.py:188} INFO - [2025-09-15T08:44:52.020+0000] {dagbag.py:540} INFO - Filling up the DagBag from /opt/airflow/dags/load_day_to_snowflake.py
[2025-09-15T08:44:52.041+0000] {processor.py:840} INFO - DAG(s) 'load_day_to_snowflake' retrieved from /opt/airflow/dags/load_day_to_snowflake.py
[2025-09-15T08:44:52.076+0000] {logging_mixin.py:188} INFO - [2025-09-15T08:44:52.076+0000] {dag.py:3096} INFO - Sync 1 DAGs
[2025-09-15T08:44:52.091+0000] {logging_mixin.py:188} INFO - [2025-09-15T08:44:52.091+0000] {dag.py:3954} INFO - Setting next_dagrun for load_day_to_snowflake to None, run_after=None
[2025-09-15T08:44:52.129+0000] {processor.py:183} INFO - Processing /opt/airflow/dags/load_day_to_snowflake.py took 0.121 seconds
[2025-09-15T08:45:22.927+0000] {processor.py:161} INFO - Started process (PID=8750) to work on /opt/airflow/dags/load_day_to_snowflake.py
[2025-09-15T08:45:22.928+0000] {processor.py:830} INFO - Processing file /opt/airflow/dags/load_day_to_snowflake.py for tasks to queue
[2025-09-15T08:45:22.929+0000] {logging_mixin.py:188} INFO - [2025-09-15T08:45:22.929+0000] {dagbag.py:540} INFO - Filling up the DagBag from /opt/airflow/dags/load_day_to_snowflake.py
[2025-09-15T08:45:22.947+0000] {processor.py:840} INFO - DAG(s) 'load_day_to_snowflake' retrieved from /opt/airflow/dags/load_day_to_snowflake.py
[2025-09-15T08:45:22.977+0000] {logging_mixin.py:188} INFO - [2025-09-15T08:45:22.977+0000] {dag.py:3096} INFO - Sync 1 DAGs
[2025-09-15T08:45:22.994+0000] {logging_mixin.py:188} INFO - [2025-09-15T08:45:22.993+0000] {dag.py:3954} INFO - Setting next_dagrun for load_day_to_snowflake to None, run_after=None
[2025-09-15T08:45:23.022+0000] {processor.py:183} INFO - Processing /opt/airflow/dags/load_day_to_snowflake.py took 0.100 seconds
[2025-09-15T08:45:53.466+0000] {processor.py:161} INFO - Started process (PID=8785) to work on /opt/airflow/dags/load_day_to_snowflake.py
[2025-09-15T08:45:53.467+0000] {processor.py:830} INFO - Processing file /opt/airflow/dags/load_day_to_snowflake.py for tasks to queue
[2025-09-15T08:45:53.468+0000] {logging_mixin.py:188} INFO - [2025-09-15T08:45:53.467+0000] {dagbag.py:540} INFO - Filling up the DagBag from /opt/airflow/dags/load_day_to_snowflake.py
[2025-09-15T08:45:53.484+0000] {processor.py:840} INFO - DAG(s) 'load_day_to_snowflake' retrieved from /opt/airflow/dags/load_day_to_snowflake.py
[2025-09-15T08:45:53.515+0000] {logging_mixin.py:188} INFO - [2025-09-15T08:45:53.515+0000] {dag.py:3096} INFO - Sync 1 DAGs
[2025-09-15T08:45:53.530+0000] {logging_mixin.py:188} INFO - [2025-09-15T08:45:53.530+0000] {dag.py:3954} INFO - Setting next_dagrun for load_day_to_snowflake to None, run_after=None
[2025-09-15T08:45:53.555+0000] {processor.py:183} INFO - Processing /opt/airflow/dags/load_day_to_snowflake.py took 0.094 seconds
[2025-09-15T08:46:24.060+0000] {processor.py:161} INFO - Started process (PID=8820) to work on /opt/airflow/dags/load_day_to_snowflake.py
[2025-09-15T08:46:24.061+0000] {processor.py:830} INFO - Processing file /opt/airflow/dags/load_day_to_snowflake.py for tasks to queue
[2025-09-15T08:46:24.062+0000] {logging_mixin.py:188} INFO - [2025-09-15T08:46:24.061+0000] {dagbag.py:540} INFO - Filling up the DagBag from /opt/airflow/dags/load_day_to_snowflake.py
[2025-09-15T08:46:24.081+0000] {processor.py:840} INFO - DAG(s) 'load_day_to_snowflake' retrieved from /opt/airflow/dags/load_day_to_snowflake.py
[2025-09-15T08:46:24.112+0000] {logging_mixin.py:188} INFO - [2025-09-15T08:46:24.111+0000] {dag.py:3096} INFO - Sync 1 DAGs
[2025-09-15T08:46:24.126+0000] {logging_mixin.py:188} INFO - [2025-09-15T08:46:24.126+0000] {dag.py:3954} INFO - Setting next_dagrun for load_day_to_snowflake to None, run_after=None
[2025-09-15T08:46:24.149+0000] {processor.py:183} INFO - Processing /opt/airflow/dags/load_day_to_snowflake.py took 0.095 seconds
[2025-09-15T08:46:54.241+0000] {processor.py:161} INFO - Started process (PID=8855) to work on /opt/airflow/dags/load_day_to_snowflake.py
[2025-09-15T08:46:54.243+0000] {processor.py:830} INFO - Processing file /opt/airflow/dags/load_day_to_snowflake.py for tasks to queue
[2025-09-15T08:46:54.244+0000] {logging_mixin.py:188} INFO - [2025-09-15T08:46:54.244+0000] {dagbag.py:540} INFO - Filling up the DagBag from /opt/airflow/dags/load_day_to_snowflake.py
[2025-09-15T08:46:54.264+0000] {processor.py:840} INFO - DAG(s) 'load_day_to_snowflake' retrieved from /opt/airflow/dags/load_day_to_snowflake.py
[2025-09-15T08:46:54.297+0000] {logging_mixin.py:188} INFO - [2025-09-15T08:46:54.296+0000] {dag.py:3096} INFO - Sync 1 DAGs
[2025-09-15T08:46:54.311+0000] {logging_mixin.py:188} INFO - [2025-09-15T08:46:54.311+0000] {dag.py:3954} INFO - Setting next_dagrun for load_day_to_snowflake to None, run_after=None
[2025-09-15T08:46:54.335+0000] {processor.py:183} INFO - Processing /opt/airflow/dags/load_day_to_snowflake.py took 0.099 seconds
[2025-09-15T08:47:24.961+0000] {processor.py:161} INFO - Started process (PID=8890) to work on /opt/airflow/dags/load_day_to_snowflake.py
[2025-09-15T08:47:24.962+0000] {processor.py:830} INFO - Processing file /opt/airflow/dags/load_day_to_snowflake.py for tasks to queue
[2025-09-15T08:47:24.963+0000] {logging_mixin.py:188} INFO - [2025-09-15T08:47:24.962+0000] {dagbag.py:540} INFO - Filling up the DagBag from /opt/airflow/dags/load_day_to_snowflake.py
[2025-09-15T08:47:24.979+0000] {processor.py:840} INFO - DAG(s) 'load_day_to_snowflake' retrieved from /opt/airflow/dags/load_day_to_snowflake.py
[2025-09-15T08:47:25.004+0000] {logging_mixin.py:188} INFO - [2025-09-15T08:47:25.004+0000] {dag.py:3096} INFO - Sync 1 DAGs
[2025-09-15T08:47:25.017+0000] {logging_mixin.py:188} INFO - [2025-09-15T08:47:25.016+0000] {dag.py:3954} INFO - Setting next_dagrun for load_day_to_snowflake to None, run_after=None
[2025-09-15T08:47:25.035+0000] {processor.py:183} INFO - Processing /opt/airflow/dags/load_day_to_snowflake.py took 0.081 seconds
[2025-09-15T08:47:55.492+0000] {processor.py:161} INFO - Started process (PID=8925) to work on /opt/airflow/dags/load_day_to_snowflake.py
[2025-09-15T08:47:55.497+0000] {processor.py:830} INFO - Processing file /opt/airflow/dags/load_day_to_snowflake.py for tasks to queue
[2025-09-15T08:47:55.499+0000] {logging_mixin.py:188} INFO - [2025-09-15T08:47:55.499+0000] {dagbag.py:540} INFO - Filling up the DagBag from /opt/airflow/dags/load_day_to_snowflake.py
[2025-09-15T08:47:55.550+0000] {processor.py:840} INFO - DAG(s) 'load_day_to_snowflake' retrieved from /opt/airflow/dags/load_day_to_snowflake.py
[2025-09-15T08:47:55.582+0000] {logging_mixin.py:188} INFO - [2025-09-15T08:47:55.582+0000] {dag.py:3096} INFO - Sync 1 DAGs
[2025-09-15T08:47:55.595+0000] {logging_mixin.py:188} INFO - [2025-09-15T08:47:55.595+0000] {dag.py:3954} INFO - Setting next_dagrun for load_day_to_snowflake to None, run_after=None
[2025-09-15T08:47:55.617+0000] {processor.py:183} INFO - Processing /opt/airflow/dags/load_day_to_snowflake.py took 0.140 seconds
[2025-09-15T08:48:26.339+0000] {processor.py:161} INFO - Started process (PID=8960) to work on /opt/airflow/dags/load_day_to_snowflake.py
[2025-09-15T08:48:26.340+0000] {processor.py:830} INFO - Processing file /opt/airflow/dags/load_day_to_snowflake.py for tasks to queue
[2025-09-15T08:48:26.341+0000] {logging_mixin.py:188} INFO - [2025-09-15T08:48:26.341+0000] {dagbag.py:540} INFO - Filling up the DagBag from /opt/airflow/dags/load_day_to_snowflake.py
[2025-09-15T08:48:26.362+0000] {processor.py:840} INFO - DAG(s) 'load_day_to_snowflake' retrieved from /opt/airflow/dags/load_day_to_snowflake.py
[2025-09-15T08:48:26.389+0000] {logging_mixin.py:188} INFO - [2025-09-15T08:48:26.389+0000] {dag.py:3096} INFO - Sync 1 DAGs
[2025-09-15T08:48:26.403+0000] {logging_mixin.py:188} INFO - [2025-09-15T08:48:26.403+0000] {dag.py:3954} INFO - Setting next_dagrun for load_day_to_snowflake to None, run_after=None
[2025-09-15T08:48:26.423+0000] {processor.py:183} INFO - Processing /opt/airflow/dags/load_day_to_snowflake.py took 0.090 seconds
[2025-09-15T08:48:56.805+0000] {processor.py:161} INFO - Started process (PID=8995) to work on /opt/airflow/dags/load_day_to_snowflake.py
[2025-09-15T08:48:56.806+0000] {processor.py:830} INFO - Processing file /opt/airflow/dags/load_day_to_snowflake.py for tasks to queue
[2025-09-15T08:48:56.807+0000] {logging_mixin.py:188} INFO - [2025-09-15T08:48:56.807+0000] {dagbag.py:540} INFO - Filling up the DagBag from /opt/airflow/dags/load_day_to_snowflake.py
[2025-09-15T08:48:56.826+0000] {processor.py:840} INFO - DAG(s) 'load_day_to_snowflake' retrieved from /opt/airflow/dags/load_day_to_snowflake.py
[2025-09-15T08:48:56.858+0000] {logging_mixin.py:188} INFO - [2025-09-15T08:48:56.857+0000] {dag.py:3096} INFO - Sync 1 DAGs
[2025-09-15T08:48:56.873+0000] {logging_mixin.py:188} INFO - [2025-09-15T08:48:56.873+0000] {dag.py:3954} INFO - Setting next_dagrun for load_day_to_snowflake to None, run_after=None
[2025-09-15T08:48:56.904+0000] {processor.py:183} INFO - Processing /opt/airflow/dags/load_day_to_snowflake.py took 0.106 seconds
[2025-09-15T08:49:27.501+0000] {processor.py:161} INFO - Started process (PID=9030) to work on /opt/airflow/dags/load_day_to_snowflake.py
[2025-09-15T08:49:27.502+0000] {processor.py:830} INFO - Processing file /opt/airflow/dags/load_day_to_snowflake.py for tasks to queue
[2025-09-15T08:49:27.503+0000] {logging_mixin.py:188} INFO - [2025-09-15T08:49:27.502+0000] {dagbag.py:540} INFO - Filling up the DagBag from /opt/airflow/dags/load_day_to_snowflake.py
[2025-09-15T08:49:27.520+0000] {processor.py:840} INFO - DAG(s) 'load_day_to_snowflake' retrieved from /opt/airflow/dags/load_day_to_snowflake.py
[2025-09-15T08:49:27.549+0000] {logging_mixin.py:188} INFO - [2025-09-15T08:49:27.549+0000] {dag.py:3096} INFO - Sync 1 DAGs
[2025-09-15T08:49:27.562+0000] {logging_mixin.py:188} INFO - [2025-09-15T08:49:27.562+0000] {dag.py:3954} INFO - Setting next_dagrun for load_day_to_snowflake to None, run_after=None
[2025-09-15T08:49:27.582+0000] {processor.py:183} INFO - Processing /opt/airflow/dags/load_day_to_snowflake.py took 0.087 seconds
[2025-09-15T08:49:58.061+0000] {processor.py:161} INFO - Started process (PID=9065) to work on /opt/airflow/dags/load_day_to_snowflake.py
[2025-09-15T08:49:58.062+0000] {processor.py:830} INFO - Processing file /opt/airflow/dags/load_day_to_snowflake.py for tasks to queue
[2025-09-15T08:49:58.063+0000] {logging_mixin.py:188} INFO - [2025-09-15T08:49:58.063+0000] {dagbag.py:540} INFO - Filling up the DagBag from /opt/airflow/dags/load_day_to_snowflake.py
[2025-09-15T08:49:58.088+0000] {processor.py:840} INFO - DAG(s) 'load_day_to_snowflake' retrieved from /opt/airflow/dags/load_day_to_snowflake.py
[2025-09-15T08:49:58.132+0000] {logging_mixin.py:188} INFO - [2025-09-15T08:49:58.132+0000] {dag.py:3096} INFO - Sync 1 DAGs
[2025-09-15T08:49:58.149+0000] {logging_mixin.py:188} INFO - [2025-09-15T08:49:58.148+0000] {dag.py:3954} INFO - Setting next_dagrun for load_day_to_snowflake to None, run_after=None
[2025-09-15T08:49:58.170+0000] {processor.py:183} INFO - Processing /opt/airflow/dags/load_day_to_snowflake.py took 0.117 seconds
[2025-09-15T08:50:28.754+0000] {processor.py:161} INFO - Started process (PID=9100) to work on /opt/airflow/dags/load_day_to_snowflake.py
[2025-09-15T08:50:28.755+0000] {processor.py:830} INFO - Processing file /opt/airflow/dags/load_day_to_snowflake.py for tasks to queue
[2025-09-15T08:50:28.756+0000] {logging_mixin.py:188} INFO - [2025-09-15T08:50:28.755+0000] {dagbag.py:540} INFO - Filling up the DagBag from /opt/airflow/dags/load_day_to_snowflake.py
[2025-09-15T08:50:28.781+0000] {processor.py:840} INFO - DAG(s) 'load_day_to_snowflake' retrieved from /opt/airflow/dags/load_day_to_snowflake.py
[2025-09-15T08:50:28.814+0000] {logging_mixin.py:188} INFO - [2025-09-15T08:50:28.814+0000] {dag.py:3096} INFO - Sync 1 DAGs
[2025-09-15T08:50:28.827+0000] {logging_mixin.py:188} INFO - [2025-09-15T08:50:28.827+0000] {dag.py:3954} INFO - Setting next_dagrun for load_day_to_snowflake to None, run_after=None
[2025-09-15T08:50:28.848+0000] {processor.py:183} INFO - Processing /opt/airflow/dags/load_day_to_snowflake.py took 0.100 seconds
[2025-09-15T08:50:59.391+0000] {processor.py:161} INFO - Started process (PID=9135) to work on /opt/airflow/dags/load_day_to_snowflake.py
[2025-09-15T08:50:59.392+0000] {processor.py:830} INFO - Processing file /opt/airflow/dags/load_day_to_snowflake.py for tasks to queue
[2025-09-15T08:50:59.393+0000] {logging_mixin.py:188} INFO - [2025-09-15T08:50:59.392+0000] {dagbag.py:540} INFO - Filling up the DagBag from /opt/airflow/dags/load_day_to_snowflake.py
[2025-09-15T08:50:59.410+0000] {processor.py:840} INFO - DAG(s) 'load_day_to_snowflake' retrieved from /opt/airflow/dags/load_day_to_snowflake.py
[2025-09-15T08:50:59.439+0000] {logging_mixin.py:188} INFO - [2025-09-15T08:50:59.439+0000] {dag.py:3096} INFO - Sync 1 DAGs
[2025-09-15T08:50:59.453+0000] {logging_mixin.py:188} INFO - [2025-09-15T08:50:59.453+0000] {dag.py:3954} INFO - Setting next_dagrun for load_day_to_snowflake to None, run_after=None
[2025-09-15T08:50:59.475+0000] {processor.py:183} INFO - Processing /opt/airflow/dags/load_day_to_snowflake.py took 0.091 seconds
[2025-09-15T08:51:29.957+0000] {processor.py:161} INFO - Started process (PID=9170) to work on /opt/airflow/dags/load_day_to_snowflake.py
[2025-09-15T08:51:29.958+0000] {processor.py:830} INFO - Processing file /opt/airflow/dags/load_day_to_snowflake.py for tasks to queue
[2025-09-15T08:51:29.959+0000] {logging_mixin.py:188} INFO - [2025-09-15T08:51:29.958+0000] {dagbag.py:540} INFO - Filling up the DagBag from /opt/airflow/dags/load_day_to_snowflake.py
[2025-09-15T08:51:29.976+0000] {processor.py:840} INFO - DAG(s) 'load_day_to_snowflake' retrieved from /opt/airflow/dags/load_day_to_snowflake.py
[2025-09-15T08:51:30.003+0000] {logging_mixin.py:188} INFO - [2025-09-15T08:51:30.003+0000] {dag.py:3096} INFO - Sync 1 DAGs
[2025-09-15T08:51:30.016+0000] {logging_mixin.py:188} INFO - [2025-09-15T08:51:30.016+0000] {dag.py:3954} INFO - Setting next_dagrun for load_day_to_snowflake to None, run_after=None
[2025-09-15T08:51:30.037+0000] {processor.py:183} INFO - Processing /opt/airflow/dags/load_day_to_snowflake.py took 0.086 seconds
[2025-09-15T08:52:00.424+0000] {processor.py:161} INFO - Started process (PID=9205) to work on /opt/airflow/dags/load_day_to_snowflake.py
[2025-09-15T08:52:00.425+0000] {processor.py:830} INFO - Processing file /opt/airflow/dags/load_day_to_snowflake.py for tasks to queue
[2025-09-15T08:52:00.426+0000] {logging_mixin.py:188} INFO - [2025-09-15T08:52:00.425+0000] {dagbag.py:540} INFO - Filling up the DagBag from /opt/airflow/dags/load_day_to_snowflake.py
[2025-09-15T08:52:00.441+0000] {processor.py:840} INFO - DAG(s) 'load_day_to_snowflake' retrieved from /opt/airflow/dags/load_day_to_snowflake.py
[2025-09-15T08:52:00.475+0000] {logging_mixin.py:188} INFO - [2025-09-15T08:52:00.474+0000] {dag.py:3096} INFO - Sync 1 DAGs
[2025-09-15T08:52:00.488+0000] {logging_mixin.py:188} INFO - [2025-09-15T08:52:00.488+0000] {dag.py:3954} INFO - Setting next_dagrun for load_day_to_snowflake to None, run_after=None
[2025-09-15T08:52:00.508+0000] {processor.py:183} INFO - Processing /opt/airflow/dags/load_day_to_snowflake.py took 0.090 seconds
[2025-09-15T08:52:30.931+0000] {processor.py:161} INFO - Started process (PID=9240) to work on /opt/airflow/dags/load_day_to_snowflake.py
[2025-09-15T08:52:30.932+0000] {processor.py:830} INFO - Processing file /opt/airflow/dags/load_day_to_snowflake.py for tasks to queue
[2025-09-15T08:52:30.933+0000] {logging_mixin.py:188} INFO - [2025-09-15T08:52:30.933+0000] {dagbag.py:540} INFO - Filling up the DagBag from /opt/airflow/dags/load_day_to_snowflake.py
[2025-09-15T08:52:30.951+0000] {processor.py:840} INFO - DAG(s) 'load_day_to_snowflake' retrieved from /opt/airflow/dags/load_day_to_snowflake.py
[2025-09-15T08:52:30.983+0000] {logging_mixin.py:188} INFO - [2025-09-15T08:52:30.983+0000] {dag.py:3096} INFO - Sync 1 DAGs
[2025-09-15T08:52:30.998+0000] {logging_mixin.py:188} INFO - [2025-09-15T08:52:30.997+0000] {dag.py:3954} INFO - Setting next_dagrun for load_day_to_snowflake to None, run_after=None
[2025-09-15T08:52:31.023+0000] {processor.py:183} INFO - Processing /opt/airflow/dags/load_day_to_snowflake.py took 0.098 seconds
[2025-09-15T08:53:01.144+0000] {processor.py:161} INFO - Started process (PID=9275) to work on /opt/airflow/dags/load_day_to_snowflake.py
[2025-09-15T08:53:01.145+0000] {processor.py:830} INFO - Processing file /opt/airflow/dags/load_day_to_snowflake.py for tasks to queue
[2025-09-15T08:53:01.145+0000] {logging_mixin.py:188} INFO - [2025-09-15T08:53:01.145+0000] {dagbag.py:540} INFO - Filling up the DagBag from /opt/airflow/dags/load_day_to_snowflake.py
[2025-09-15T08:53:01.161+0000] {processor.py:840} INFO - DAG(s) 'load_day_to_snowflake' retrieved from /opt/airflow/dags/load_day_to_snowflake.py
[2025-09-15T08:53:01.188+0000] {logging_mixin.py:188} INFO - [2025-09-15T08:53:01.188+0000] {dag.py:3096} INFO - Sync 1 DAGs
[2025-09-15T08:53:01.201+0000] {logging_mixin.py:188} INFO - [2025-09-15T08:53:01.201+0000] {dag.py:3954} INFO - Setting next_dagrun for load_day_to_snowflake to None, run_after=None
[2025-09-15T08:53:01.222+0000] {processor.py:183} INFO - Processing /opt/airflow/dags/load_day_to_snowflake.py took 0.084 seconds
[2025-09-15T08:53:31.712+0000] {processor.py:161} INFO - Started process (PID=9310) to work on /opt/airflow/dags/load_day_to_snowflake.py
[2025-09-15T08:53:31.713+0000] {processor.py:830} INFO - Processing file /opt/airflow/dags/load_day_to_snowflake.py for tasks to queue
[2025-09-15T08:53:31.714+0000] {logging_mixin.py:188} INFO - [2025-09-15T08:53:31.714+0000] {dagbag.py:540} INFO - Filling up the DagBag from /opt/airflow/dags/load_day_to_snowflake.py
[2025-09-15T08:53:31.732+0000] {processor.py:840} INFO - DAG(s) 'load_day_to_snowflake' retrieved from /opt/airflow/dags/load_day_to_snowflake.py
[2025-09-15T08:53:31.769+0000] {logging_mixin.py:188} INFO - [2025-09-15T08:53:31.769+0000] {dag.py:3096} INFO - Sync 1 DAGs
[2025-09-15T08:53:31.791+0000] {logging_mixin.py:188} INFO - [2025-09-15T08:53:31.791+0000] {dag.py:3954} INFO - Setting next_dagrun for load_day_to_snowflake to None, run_after=None
[2025-09-15T08:53:31.823+0000] {processor.py:183} INFO - Processing /opt/airflow/dags/load_day_to_snowflake.py took 0.116 seconds
[2025-09-15T08:54:02.564+0000] {processor.py:161} INFO - Started process (PID=9345) to work on /opt/airflow/dags/load_day_to_snowflake.py
[2025-09-15T08:54:02.566+0000] {processor.py:830} INFO - Processing file /opt/airflow/dags/load_day_to_snowflake.py for tasks to queue
[2025-09-15T08:54:02.568+0000] {logging_mixin.py:188} INFO - [2025-09-15T08:54:02.568+0000] {dagbag.py:540} INFO - Filling up the DagBag from /opt/airflow/dags/load_day_to_snowflake.py
[2025-09-15T08:54:02.594+0000] {processor.py:840} INFO - DAG(s) 'load_day_to_snowflake' retrieved from /opt/airflow/dags/load_day_to_snowflake.py
[2025-09-15T08:54:02.628+0000] {logging_mixin.py:188} INFO - [2025-09-15T08:54:02.628+0000] {dag.py:3096} INFO - Sync 1 DAGs
[2025-09-15T08:54:02.642+0000] {logging_mixin.py:188} INFO - [2025-09-15T08:54:02.641+0000] {dag.py:3954} INFO - Setting next_dagrun for load_day_to_snowflake to None, run_after=None
[2025-09-15T08:54:02.664+0000] {processor.py:183} INFO - Processing /opt/airflow/dags/load_day_to_snowflake.py took 0.109 seconds
[2025-09-15T08:54:33.338+0000] {processor.py:161} INFO - Started process (PID=9380) to work on /opt/airflow/dags/load_day_to_snowflake.py
[2025-09-15T08:54:33.339+0000] {processor.py:830} INFO - Processing file /opt/airflow/dags/load_day_to_snowflake.py for tasks to queue
[2025-09-15T08:54:33.340+0000] {logging_mixin.py:188} INFO - [2025-09-15T08:54:33.340+0000] {dagbag.py:540} INFO - Filling up the DagBag from /opt/airflow/dags/load_day_to_snowflake.py
[2025-09-15T08:54:33.367+0000] {processor.py:840} INFO - DAG(s) 'load_day_to_snowflake' retrieved from /opt/airflow/dags/load_day_to_snowflake.py
[2025-09-15T08:54:33.403+0000] {logging_mixin.py:188} INFO - [2025-09-15T08:54:33.403+0000] {dag.py:3096} INFO - Sync 1 DAGs
[2025-09-15T08:54:33.425+0000] {logging_mixin.py:188} INFO - [2025-09-15T08:54:33.425+0000] {dag.py:3954} INFO - Setting next_dagrun for load_day_to_snowflake to None, run_after=None
[2025-09-15T08:54:33.451+0000] {processor.py:183} INFO - Processing /opt/airflow/dags/load_day_to_snowflake.py took 0.119 seconds
[2025-09-15T08:55:03.981+0000] {processor.py:161} INFO - Started process (PID=9415) to work on /opt/airflow/dags/load_day_to_snowflake.py
[2025-09-15T08:55:03.983+0000] {processor.py:830} INFO - Processing file /opt/airflow/dags/load_day_to_snowflake.py for tasks to queue
[2025-09-15T08:55:03.984+0000] {logging_mixin.py:188} INFO - [2025-09-15T08:55:03.984+0000] {dagbag.py:540} INFO - Filling up the DagBag from /opt/airflow/dags/load_day_to_snowflake.py
[2025-09-15T08:55:04.003+0000] {processor.py:840} INFO - DAG(s) 'load_day_to_snowflake' retrieved from /opt/airflow/dags/load_day_to_snowflake.py
[2025-09-15T08:55:04.033+0000] {logging_mixin.py:188} INFO - [2025-09-15T08:55:04.033+0000] {dag.py:3096} INFO - Sync 1 DAGs
[2025-09-15T08:55:04.046+0000] {logging_mixin.py:188} INFO - [2025-09-15T08:55:04.046+0000] {dag.py:3954} INFO - Setting next_dagrun for load_day_to_snowflake to None, run_after=None
[2025-09-15T08:55:04.066+0000] {processor.py:183} INFO - Processing /opt/airflow/dags/load_day_to_snowflake.py took 0.092 seconds
[2025-09-15T08:55:34.727+0000] {processor.py:161} INFO - Started process (PID=9454) to work on /opt/airflow/dags/load_day_to_snowflake.py
[2025-09-15T08:55:34.728+0000] {processor.py:830} INFO - Processing file /opt/airflow/dags/load_day_to_snowflake.py for tasks to queue
[2025-09-15T08:55:34.729+0000] {logging_mixin.py:188} INFO - [2025-09-15T08:55:34.729+0000] {dagbag.py:540} INFO - Filling up the DagBag from /opt/airflow/dags/load_day_to_snowflake.py
[2025-09-15T08:55:34.746+0000] {processor.py:840} INFO - DAG(s) 'load_day_to_snowflake' retrieved from /opt/airflow/dags/load_day_to_snowflake.py
[2025-09-15T08:55:34.774+0000] {logging_mixin.py:188} INFO - [2025-09-15T08:55:34.773+0000] {dag.py:3096} INFO - Sync 1 DAGs
[2025-09-15T08:55:34.786+0000] {logging_mixin.py:188} INFO - [2025-09-15T08:55:34.785+0000] {dag.py:3954} INFO - Setting next_dagrun for load_day_to_snowflake to None, run_after=None
[2025-09-15T08:55:34.806+0000] {processor.py:183} INFO - Processing /opt/airflow/dags/load_day_to_snowflake.py took 0.085 seconds
[2025-09-15T08:56:05.504+0000] {processor.py:161} INFO - Started process (PID=9489) to work on /opt/airflow/dags/load_day_to_snowflake.py
[2025-09-15T08:56:05.505+0000] {processor.py:830} INFO - Processing file /opt/airflow/dags/load_day_to_snowflake.py for tasks to queue
[2025-09-15T08:56:05.506+0000] {logging_mixin.py:188} INFO - [2025-09-15T08:56:05.506+0000] {dagbag.py:540} INFO - Filling up the DagBag from /opt/airflow/dags/load_day_to_snowflake.py
[2025-09-15T08:56:05.553+0000] {processor.py:840} INFO - DAG(s) 'load_day_to_snowflake' retrieved from /opt/airflow/dags/load_day_to_snowflake.py
[2025-09-15T08:56:05.603+0000] {logging_mixin.py:188} INFO - [2025-09-15T08:56:05.603+0000] {dag.py:3096} INFO - Sync 1 DAGs
[2025-09-15T08:56:05.634+0000] {logging_mixin.py:188} INFO - [2025-09-15T08:56:05.634+0000] {dag.py:3954} INFO - Setting next_dagrun for load_day_to_snowflake to None, run_after=None
[2025-09-15T08:56:05.680+0000] {processor.py:183} INFO - Processing /opt/airflow/dags/load_day_to_snowflake.py took 0.181 seconds
[2025-09-15T08:56:36.247+0000] {processor.py:161} INFO - Started process (PID=9524) to work on /opt/airflow/dags/load_day_to_snowflake.py
[2025-09-15T08:56:36.248+0000] {processor.py:830} INFO - Processing file /opt/airflow/dags/load_day_to_snowflake.py for tasks to queue
[2025-09-15T08:56:36.249+0000] {logging_mixin.py:188} INFO - [2025-09-15T08:56:36.249+0000] {dagbag.py:540} INFO - Filling up the DagBag from /opt/airflow/dags/load_day_to_snowflake.py
[2025-09-15T08:56:36.275+0000] {processor.py:840} INFO - DAG(s) 'load_day_to_snowflake' retrieved from /opt/airflow/dags/load_day_to_snowflake.py
[2025-09-15T08:56:36.312+0000] {logging_mixin.py:188} INFO - [2025-09-15T08:56:36.312+0000] {dag.py:3096} INFO - Sync 1 DAGs
[2025-09-15T08:56:36.332+0000] {logging_mixin.py:188} INFO - [2025-09-15T08:56:36.332+0000] {dag.py:3954} INFO - Setting next_dagrun for load_day_to_snowflake to None, run_after=None
[2025-09-15T08:56:36.406+0000] {processor.py:183} INFO - Processing /opt/airflow/dags/load_day_to_snowflake.py took 0.167 seconds
[2025-09-15T08:57:07.105+0000] {processor.py:161} INFO - Started process (PID=9563) to work on /opt/airflow/dags/load_day_to_snowflake.py
[2025-09-15T08:57:07.107+0000] {processor.py:830} INFO - Processing file /opt/airflow/dags/load_day_to_snowflake.py for tasks to queue
[2025-09-15T08:57:07.108+0000] {logging_mixin.py:188} INFO - [2025-09-15T08:57:07.108+0000] {dagbag.py:540} INFO - Filling up the DagBag from /opt/airflow/dags/load_day_to_snowflake.py
[2025-09-15T08:57:07.143+0000] {processor.py:840} INFO - DAG(s) 'load_day_to_snowflake' retrieved from /opt/airflow/dags/load_day_to_snowflake.py
[2025-09-15T08:57:07.199+0000] {logging_mixin.py:188} INFO - [2025-09-15T08:57:07.199+0000] {dag.py:3096} INFO - Sync 1 DAGs
[2025-09-15T08:57:07.216+0000] {logging_mixin.py:188} INFO - [2025-09-15T08:57:07.215+0000] {dag.py:3954} INFO - Setting next_dagrun for load_day_to_snowflake to None, run_after=None
[2025-09-15T08:57:07.237+0000] {processor.py:183} INFO - Processing /opt/airflow/dags/load_day_to_snowflake.py took 0.143 seconds
[2025-09-15T08:57:37.341+0000] {processor.py:161} INFO - Started process (PID=9604) to work on /opt/airflow/dags/load_day_to_snowflake.py
[2025-09-15T08:57:37.343+0000] {processor.py:830} INFO - Processing file /opt/airflow/dags/load_day_to_snowflake.py for tasks to queue
[2025-09-15T08:57:37.344+0000] {logging_mixin.py:188} INFO - [2025-09-15T08:57:37.344+0000] {dagbag.py:540} INFO - Filling up the DagBag from /opt/airflow/dags/load_day_to_snowflake.py
[2025-09-15T08:57:37.381+0000] {processor.py:840} INFO - DAG(s) 'load_day_to_snowflake' retrieved from /opt/airflow/dags/load_day_to_snowflake.py
[2025-09-15T08:57:37.499+0000] {logging_mixin.py:188} INFO - [2025-09-15T08:57:37.498+0000] {dag.py:3096} INFO - Sync 1 DAGs
[2025-09-15T08:57:37.562+0000] {logging_mixin.py:188} INFO - [2025-09-15T08:57:37.562+0000] {dag.py:3954} INFO - Setting next_dagrun for load_day_to_snowflake to None, run_after=None
[2025-09-15T08:57:37.598+0000] {processor.py:183} INFO - Processing /opt/airflow/dags/load_day_to_snowflake.py took 0.268 seconds
[2025-09-15T08:58:08.142+0000] {processor.py:161} INFO - Started process (PID=9637) to work on /opt/airflow/dags/load_day_to_snowflake.py
[2025-09-15T08:58:08.144+0000] {processor.py:830} INFO - Processing file /opt/airflow/dags/load_day_to_snowflake.py for tasks to queue
[2025-09-15T08:58:08.145+0000] {logging_mixin.py:188} INFO - [2025-09-15T08:58:08.145+0000] {dagbag.py:540} INFO - Filling up the DagBag from /opt/airflow/dags/load_day_to_snowflake.py
[2025-09-15T08:58:08.164+0000] {processor.py:840} INFO - DAG(s) 'load_day_to_snowflake' retrieved from /opt/airflow/dags/load_day_to_snowflake.py
[2025-09-15T08:58:08.193+0000] {logging_mixin.py:188} INFO - [2025-09-15T08:58:08.192+0000] {dag.py:3096} INFO - Sync 1 DAGs
[2025-09-15T08:58:08.213+0000] {logging_mixin.py:188} INFO - [2025-09-15T08:58:08.212+0000] {dag.py:3954} INFO - Setting next_dagrun for load_day_to_snowflake to None, run_after=None
[2025-09-15T08:58:08.298+0000] {processor.py:183} INFO - Processing /opt/airflow/dags/load_day_to_snowflake.py took 0.164 seconds
[2025-09-15T08:58:38.589+0000] {processor.py:161} INFO - Started process (PID=9678) to work on /opt/airflow/dags/load_day_to_snowflake.py
[2025-09-15T08:58:38.590+0000] {processor.py:830} INFO - Processing file /opt/airflow/dags/load_day_to_snowflake.py for tasks to queue
[2025-09-15T08:58:38.592+0000] {logging_mixin.py:188} INFO - [2025-09-15T08:58:38.591+0000] {dagbag.py:540} INFO - Filling up the DagBag from /opt/airflow/dags/load_day_to_snowflake.py
[2025-09-15T08:58:38.610+0000] {processor.py:840} INFO - DAG(s) 'load_day_to_snowflake' retrieved from /opt/airflow/dags/load_day_to_snowflake.py
[2025-09-15T08:58:38.638+0000] {logging_mixin.py:188} INFO - [2025-09-15T08:58:38.638+0000] {dag.py:3096} INFO - Sync 1 DAGs
[2025-09-15T08:58:38.650+0000] {logging_mixin.py:188} INFO - [2025-09-15T08:58:38.650+0000] {dag.py:3954} INFO - Setting next_dagrun for load_day_to_snowflake to None, run_after=None
[2025-09-15T08:58:38.667+0000] {processor.py:183} INFO - Processing /opt/airflow/dags/load_day_to_snowflake.py took 0.088 seconds
[2025-09-15T08:59:09.500+0000] {processor.py:161} INFO - Started process (PID=9713) to work on /opt/airflow/dags/load_day_to_snowflake.py
[2025-09-15T08:59:09.502+0000] {processor.py:830} INFO - Processing file /opt/airflow/dags/load_day_to_snowflake.py for tasks to queue
[2025-09-15T08:59:09.503+0000] {logging_mixin.py:188} INFO - [2025-09-15T08:59:09.503+0000] {dagbag.py:540} INFO - Filling up the DagBag from /opt/airflow/dags/load_day_to_snowflake.py
[2025-09-15T08:59:09.529+0000] {processor.py:840} INFO - DAG(s) 'load_day_to_snowflake' retrieved from /opt/airflow/dags/load_day_to_snowflake.py
[2025-09-15T08:59:09.561+0000] {logging_mixin.py:188} INFO - [2025-09-15T08:59:09.560+0000] {dag.py:3096} INFO - Sync 1 DAGs
[2025-09-15T08:59:09.575+0000] {logging_mixin.py:188} INFO - [2025-09-15T08:59:09.574+0000] {dag.py:3954} INFO - Setting next_dagrun for load_day_to_snowflake to None, run_after=None
[2025-09-15T08:59:09.595+0000] {processor.py:183} INFO - Processing /opt/airflow/dags/load_day_to_snowflake.py took 0.104 seconds
[2025-09-15T08:59:40.265+0000] {processor.py:161} INFO - Started process (PID=9748) to work on /opt/airflow/dags/load_day_to_snowflake.py
[2025-09-15T08:59:40.267+0000] {processor.py:830} INFO - Processing file /opt/airflow/dags/load_day_to_snowflake.py for tasks to queue
[2025-09-15T08:59:40.268+0000] {logging_mixin.py:188} INFO - [2025-09-15T08:59:40.268+0000] {dagbag.py:540} INFO - Filling up the DagBag from /opt/airflow/dags/load_day_to_snowflake.py
[2025-09-15T08:59:40.289+0000] {processor.py:840} INFO - DAG(s) 'load_day_to_snowflake' retrieved from /opt/airflow/dags/load_day_to_snowflake.py
[2025-09-15T08:59:40.324+0000] {logging_mixin.py:188} INFO - [2025-09-15T08:59:40.323+0000] {dag.py:3096} INFO - Sync 1 DAGs
[2025-09-15T08:59:40.340+0000] {logging_mixin.py:188} INFO - [2025-09-15T08:59:40.340+0000] {dag.py:3954} INFO - Setting next_dagrun for load_day_to_snowflake to None, run_after=None
[2025-09-15T08:59:40.369+0000] {processor.py:183} INFO - Processing /opt/airflow/dags/load_day_to_snowflake.py took 0.113 seconds
[2025-09-15T09:00:10.658+0000] {processor.py:161} INFO - Started process (PID=9783) to work on /opt/airflow/dags/load_day_to_snowflake.py
[2025-09-15T09:00:10.659+0000] {processor.py:830} INFO - Processing file /opt/airflow/dags/load_day_to_snowflake.py for tasks to queue
[2025-09-15T09:00:10.660+0000] {logging_mixin.py:188} INFO - [2025-09-15T09:00:10.659+0000] {dagbag.py:540} INFO - Filling up the DagBag from /opt/airflow/dags/load_day_to_snowflake.py
[2025-09-15T09:00:10.677+0000] {processor.py:840} INFO - DAG(s) 'load_day_to_snowflake' retrieved from /opt/airflow/dags/load_day_to_snowflake.py
[2025-09-15T09:00:10.705+0000] {logging_mixin.py:188} INFO - [2025-09-15T09:00:10.705+0000] {dag.py:3096} INFO - Sync 1 DAGs
[2025-09-15T09:00:10.718+0000] {logging_mixin.py:188} INFO - [2025-09-15T09:00:10.718+0000] {dag.py:3954} INFO - Setting next_dagrun for load_day_to_snowflake to None, run_after=None
[2025-09-15T09:00:10.739+0000] {processor.py:183} INFO - Processing /opt/airflow/dags/load_day_to_snowflake.py took 0.087 seconds
[2025-09-15T09:00:41.232+0000] {processor.py:161} INFO - Started process (PID=9818) to work on /opt/airflow/dags/load_day_to_snowflake.py
[2025-09-15T09:00:41.234+0000] {processor.py:830} INFO - Processing file /opt/airflow/dags/load_day_to_snowflake.py for tasks to queue
[2025-09-15T09:00:41.235+0000] {logging_mixin.py:188} INFO - [2025-09-15T09:00:41.234+0000] {dagbag.py:540} INFO - Filling up the DagBag from /opt/airflow/dags/load_day_to_snowflake.py
[2025-09-15T09:00:41.256+0000] {processor.py:840} INFO - DAG(s) 'load_day_to_snowflake' retrieved from /opt/airflow/dags/load_day_to_snowflake.py
[2025-09-15T09:00:41.290+0000] {logging_mixin.py:188} INFO - [2025-09-15T09:00:41.290+0000] {dag.py:3096} INFO - Sync 1 DAGs
[2025-09-15T09:00:41.306+0000] {logging_mixin.py:188} INFO - [2025-09-15T09:00:41.305+0000] {dag.py:3954} INFO - Setting next_dagrun for load_day_to_snowflake to None, run_after=None
[2025-09-15T09:00:41.333+0000] {processor.py:183} INFO - Processing /opt/airflow/dags/load_day_to_snowflake.py took 0.108 seconds
[2025-09-15T09:01:11.771+0000] {processor.py:161} INFO - Started process (PID=9853) to work on /opt/airflow/dags/load_day_to_snowflake.py
[2025-09-15T09:01:11.772+0000] {processor.py:830} INFO - Processing file /opt/airflow/dags/load_day_to_snowflake.py for tasks to queue
[2025-09-15T09:01:11.773+0000] {logging_mixin.py:188} INFO - [2025-09-15T09:01:11.773+0000] {dagbag.py:540} INFO - Filling up the DagBag from /opt/airflow/dags/load_day_to_snowflake.py
[2025-09-15T09:01:11.794+0000] {processor.py:840} INFO - DAG(s) 'load_day_to_snowflake' retrieved from /opt/airflow/dags/load_day_to_snowflake.py
[2025-09-15T09:01:11.826+0000] {logging_mixin.py:188} INFO - [2025-09-15T09:01:11.826+0000] {dag.py:3096} INFO - Sync 1 DAGs
[2025-09-15T09:01:11.840+0000] {logging_mixin.py:188} INFO - [2025-09-15T09:01:11.840+0000] {dag.py:3954} INFO - Setting next_dagrun for load_day_to_snowflake to None, run_after=None
[2025-09-15T09:01:11.863+0000] {processor.py:183} INFO - Processing /opt/airflow/dags/load_day_to_snowflake.py took 0.099 seconds
[2025-09-15T09:01:42.492+0000] {processor.py:161} INFO - Started process (PID=9888) to work on /opt/airflow/dags/load_day_to_snowflake.py
[2025-09-15T09:01:42.493+0000] {processor.py:830} INFO - Processing file /opt/airflow/dags/load_day_to_snowflake.py for tasks to queue
[2025-09-15T09:01:42.494+0000] {logging_mixin.py:188} INFO - [2025-09-15T09:01:42.494+0000] {dagbag.py:540} INFO - Filling up the DagBag from /opt/airflow/dags/load_day_to_snowflake.py
[2025-09-15T09:01:42.518+0000] {processor.py:840} INFO - DAG(s) 'load_day_to_snowflake' retrieved from /opt/airflow/dags/load_day_to_snowflake.py
[2025-09-15T09:01:42.548+0000] {logging_mixin.py:188} INFO - [2025-09-15T09:01:42.548+0000] {dag.py:3096} INFO - Sync 1 DAGs
[2025-09-15T09:01:42.561+0000] {logging_mixin.py:188} INFO - [2025-09-15T09:01:42.560+0000] {dag.py:3954} INFO - Setting next_dagrun for load_day_to_snowflake to None, run_after=None
[2025-09-15T09:01:42.584+0000] {processor.py:183} INFO - Processing /opt/airflow/dags/load_day_to_snowflake.py took 0.098 seconds
[2025-09-15T09:02:13.085+0000] {processor.py:161} INFO - Started process (PID=9923) to work on /opt/airflow/dags/load_day_to_snowflake.py
[2025-09-15T09:02:13.086+0000] {processor.py:830} INFO - Processing file /opt/airflow/dags/load_day_to_snowflake.py for tasks to queue
[2025-09-15T09:02:13.087+0000] {logging_mixin.py:188} INFO - [2025-09-15T09:02:13.087+0000] {dagbag.py:540} INFO - Filling up the DagBag from /opt/airflow/dags/load_day_to_snowflake.py
[2025-09-15T09:02:13.109+0000] {processor.py:840} INFO - DAG(s) 'load_day_to_snowflake' retrieved from /opt/airflow/dags/load_day_to_snowflake.py
[2025-09-15T09:02:13.147+0000] {logging_mixin.py:188} INFO - [2025-09-15T09:02:13.146+0000] {dag.py:3096} INFO - Sync 1 DAGs
[2025-09-15T09:02:13.163+0000] {logging_mixin.py:188} INFO - [2025-09-15T09:02:13.163+0000] {dag.py:3954} INFO - Setting next_dagrun for load_day_to_snowflake to None, run_after=None
[2025-09-15T09:02:13.189+0000] {processor.py:183} INFO - Processing /opt/airflow/dags/load_day_to_snowflake.py took 0.113 seconds
[2025-09-15T09:02:43.817+0000] {processor.py:161} INFO - Started process (PID=9958) to work on /opt/airflow/dags/load_day_to_snowflake.py
[2025-09-15T09:02:43.818+0000] {processor.py:830} INFO - Processing file /opt/airflow/dags/load_day_to_snowflake.py for tasks to queue
[2025-09-15T09:02:43.819+0000] {logging_mixin.py:188} INFO - [2025-09-15T09:02:43.819+0000] {dagbag.py:540} INFO - Filling up the DagBag from /opt/airflow/dags/load_day_to_snowflake.py
[2025-09-15T09:02:43.837+0000] {processor.py:840} INFO - DAG(s) 'load_day_to_snowflake' retrieved from /opt/airflow/dags/load_day_to_snowflake.py
[2025-09-15T09:02:43.866+0000] {logging_mixin.py:188} INFO - [2025-09-15T09:02:43.866+0000] {dag.py:3096} INFO - Sync 1 DAGs
[2025-09-15T09:02:43.878+0000] {logging_mixin.py:188} INFO - [2025-09-15T09:02:43.878+0000] {dag.py:3954} INFO - Setting next_dagrun for load_day_to_snowflake to None, run_after=None
[2025-09-15T09:02:43.900+0000] {processor.py:183} INFO - Processing /opt/airflow/dags/load_day_to_snowflake.py took 0.089 seconds
[2025-09-15T09:03:14.362+0000] {processor.py:161} INFO - Started process (PID=9993) to work on /opt/airflow/dags/load_day_to_snowflake.py
[2025-09-15T09:03:14.364+0000] {processor.py:830} INFO - Processing file /opt/airflow/dags/load_day_to_snowflake.py for tasks to queue
[2025-09-15T09:03:14.365+0000] {logging_mixin.py:188} INFO - [2025-09-15T09:03:14.364+0000] {dagbag.py:540} INFO - Filling up the DagBag from /opt/airflow/dags/load_day_to_snowflake.py
[2025-09-15T09:03:14.389+0000] {processor.py:840} INFO - DAG(s) 'load_day_to_snowflake' retrieved from /opt/airflow/dags/load_day_to_snowflake.py
[2025-09-15T09:03:14.421+0000] {logging_mixin.py:188} INFO - [2025-09-15T09:03:14.420+0000] {dag.py:3096} INFO - Sync 1 DAGs
[2025-09-15T09:03:14.437+0000] {logging_mixin.py:188} INFO - [2025-09-15T09:03:14.436+0000] {dag.py:3954} INFO - Setting next_dagrun for load_day_to_snowflake to None, run_after=None
[2025-09-15T09:03:14.459+0000] {processor.py:183} INFO - Processing /opt/airflow/dags/load_day_to_snowflake.py took 0.103 seconds
[2025-09-15T09:03:45.160+0000] {processor.py:161} INFO - Started process (PID=10028) to work on /opt/airflow/dags/load_day_to_snowflake.py
[2025-09-15T09:03:45.161+0000] {processor.py:830} INFO - Processing file /opt/airflow/dags/load_day_to_snowflake.py for tasks to queue
[2025-09-15T09:03:45.162+0000] {logging_mixin.py:188} INFO - [2025-09-15T09:03:45.161+0000] {dagbag.py:540} INFO - Filling up the DagBag from /opt/airflow/dags/load_day_to_snowflake.py
[2025-09-15T09:03:45.180+0000] {processor.py:840} INFO - DAG(s) 'load_day_to_snowflake' retrieved from /opt/airflow/dags/load_day_to_snowflake.py
[2025-09-15T09:03:45.208+0000] {logging_mixin.py:188} INFO - [2025-09-15T09:03:45.208+0000] {dag.py:3096} INFO - Sync 1 DAGs
[2025-09-15T09:03:45.221+0000] {logging_mixin.py:188} INFO - [2025-09-15T09:03:45.220+0000] {dag.py:3954} INFO - Setting next_dagrun for load_day_to_snowflake to None, run_after=None
[2025-09-15T09:03:45.243+0000] {processor.py:183} INFO - Processing /opt/airflow/dags/load_day_to_snowflake.py took 0.088 seconds
[2025-09-15T09:04:16.040+0000] {processor.py:161} INFO - Started process (PID=10063) to work on /opt/airflow/dags/load_day_to_snowflake.py
[2025-09-15T09:04:16.041+0000] {processor.py:830} INFO - Processing file /opt/airflow/dags/load_day_to_snowflake.py for tasks to queue
[2025-09-15T09:04:16.042+0000] {logging_mixin.py:188} INFO - [2025-09-15T09:04:16.042+0000] {dagbag.py:540} INFO - Filling up the DagBag from /opt/airflow/dags/load_day_to_snowflake.py
[2025-09-15T09:04:16.063+0000] {processor.py:840} INFO - DAG(s) 'load_day_to_snowflake' retrieved from /opt/airflow/dags/load_day_to_snowflake.py
[2025-09-15T09:04:16.096+0000] {logging_mixin.py:188} INFO - [2025-09-15T09:04:16.096+0000] {dag.py:3096} INFO - Sync 1 DAGs
[2025-09-15T09:04:16.111+0000] {logging_mixin.py:188} INFO - [2025-09-15T09:04:16.111+0000] {dag.py:3954} INFO - Setting next_dagrun for load_day_to_snowflake to None, run_after=None
[2025-09-15T09:04:16.134+0000] {processor.py:183} INFO - Processing /opt/airflow/dags/load_day_to_snowflake.py took 0.100 seconds
[2025-09-15T09:04:46.674+0000] {processor.py:161} INFO - Started process (PID=10098) to work on /opt/airflow/dags/load_day_to_snowflake.py
[2025-09-15T09:04:46.675+0000] {processor.py:830} INFO - Processing file /opt/airflow/dags/load_day_to_snowflake.py for tasks to queue
[2025-09-15T09:04:46.676+0000] {logging_mixin.py:188} INFO - [2025-09-15T09:04:46.676+0000] {dagbag.py:540} INFO - Filling up the DagBag from /opt/airflow/dags/load_day_to_snowflake.py
[2025-09-15T09:04:46.699+0000] {processor.py:840} INFO - DAG(s) 'load_day_to_snowflake' retrieved from /opt/airflow/dags/load_day_to_snowflake.py
[2025-09-15T09:04:46.730+0000] {logging_mixin.py:188} INFO - [2025-09-15T09:04:46.730+0000] {dag.py:3096} INFO - Sync 1 DAGs
[2025-09-15T09:04:46.747+0000] {logging_mixin.py:188} INFO - [2025-09-15T09:04:46.747+0000] {dag.py:3954} INFO - Setting next_dagrun for load_day_to_snowflake to None, run_after=None
[2025-09-15T09:04:46.801+0000] {processor.py:183} INFO - Processing /opt/airflow/dags/load_day_to_snowflake.py took 0.133 seconds
[2025-09-15T09:05:04.152+0000] {processor.py:161} INFO - Started process (PID=10133) to work on /opt/airflow/dags/load_day_to_snowflake.py
[2025-09-15T09:05:04.154+0000] {processor.py:830} INFO - Processing file /opt/airflow/dags/load_day_to_snowflake.py for tasks to queue
[2025-09-15T09:05:04.155+0000] {logging_mixin.py:188} INFO - [2025-09-15T09:05:04.154+0000] {dagbag.py:540} INFO - Filling up the DagBag from /opt/airflow/dags/load_day_to_snowflake.py
[2025-09-15T09:05:04.198+0000] {processor.py:840} INFO - DAG(s) 'load_day_to_snowflake' retrieved from /opt/airflow/dags/load_day_to_snowflake.py
[2025-09-15T09:05:04.574+0000] {logging_mixin.py:188} INFO - [2025-09-15T09:05:04.574+0000] {dag.py:3096} INFO - Sync 1 DAGs
[2025-09-15T09:05:04.587+0000] {logging_mixin.py:188} INFO - [2025-09-15T09:05:04.586+0000] {dag.py:3954} INFO - Setting next_dagrun for load_day_to_snowflake to None, run_after=None
[2025-09-15T09:05:04.616+0000] {processor.py:183} INFO - Processing /opt/airflow/dags/load_day_to_snowflake.py took 0.470 seconds
[2025-09-15T09:05:34.672+0000] {processor.py:161} INFO - Started process (PID=10168) to work on /opt/airflow/dags/load_day_to_snowflake.py
[2025-09-15T09:05:34.673+0000] {processor.py:830} INFO - Processing file /opt/airflow/dags/load_day_to_snowflake.py for tasks to queue
[2025-09-15T09:05:34.674+0000] {logging_mixin.py:188} INFO - [2025-09-15T09:05:34.673+0000] {dagbag.py:540} INFO - Filling up the DagBag from /opt/airflow/dags/load_day_to_snowflake.py
[2025-09-15T09:05:34.693+0000] {processor.py:840} INFO - DAG(s) 'load_day_to_snowflake' retrieved from /opt/airflow/dags/load_day_to_snowflake.py
[2025-09-15T09:05:34.724+0000] {logging_mixin.py:188} INFO - [2025-09-15T09:05:34.724+0000] {dag.py:3096} INFO - Sync 1 DAGs
[2025-09-15T09:05:34.738+0000] {logging_mixin.py:188} INFO - [2025-09-15T09:05:34.738+0000] {dag.py:3954} INFO - Setting next_dagrun for load_day_to_snowflake to None, run_after=None
[2025-09-15T09:05:34.761+0000] {processor.py:183} INFO - Processing /opt/airflow/dags/load_day_to_snowflake.py took 0.095 seconds
[2025-09-15T09:06:05.268+0000] {processor.py:161} INFO - Started process (PID=10218) to work on /opt/airflow/dags/load_day_to_snowflake.py
[2025-09-15T09:06:05.270+0000] {processor.py:830} INFO - Processing file /opt/airflow/dags/load_day_to_snowflake.py for tasks to queue
[2025-09-15T09:06:05.272+0000] {logging_mixin.py:188} INFO - [2025-09-15T09:06:05.271+0000] {dagbag.py:540} INFO - Filling up the DagBag from /opt/airflow/dags/load_day_to_snowflake.py
[2025-09-15T09:06:05.298+0000] {processor.py:840} INFO - DAG(s) 'load_day_to_snowflake' retrieved from /opt/airflow/dags/load_day_to_snowflake.py
[2025-09-15T09:06:05.332+0000] {logging_mixin.py:188} INFO - [2025-09-15T09:06:05.331+0000] {dag.py:3096} INFO - Sync 1 DAGs
[2025-09-15T09:06:05.347+0000] {logging_mixin.py:188} INFO - [2025-09-15T09:06:05.347+0000] {dag.py:3954} INFO - Setting next_dagrun for load_day_to_snowflake to None, run_after=None
[2025-09-15T09:06:05.375+0000] {processor.py:183} INFO - Processing /opt/airflow/dags/load_day_to_snowflake.py took 0.116 seconds
[2025-09-15T09:06:35.873+0000] {processor.py:161} INFO - Started process (PID=10253) to work on /opt/airflow/dags/load_day_to_snowflake.py
[2025-09-15T09:06:35.877+0000] {processor.py:830} INFO - Processing file /opt/airflow/dags/load_day_to_snowflake.py for tasks to queue
[2025-09-15T09:06:35.881+0000] {logging_mixin.py:188} INFO - [2025-09-15T09:06:35.879+0000] {dagbag.py:540} INFO - Filling up the DagBag from /opt/airflow/dags/load_day_to_snowflake.py
[2025-09-15T09:06:35.922+0000] {processor.py:840} INFO - DAG(s) 'load_day_to_snowflake' retrieved from /opt/airflow/dags/load_day_to_snowflake.py
[2025-09-15T09:06:35.961+0000] {logging_mixin.py:188} INFO - [2025-09-15T09:06:35.960+0000] {dag.py:3096} INFO - Sync 1 DAGs
[2025-09-15T09:06:35.977+0000] {logging_mixin.py:188} INFO - [2025-09-15T09:06:35.977+0000] {dag.py:3954} INFO - Setting next_dagrun for load_day_to_snowflake to None, run_after=None
[2025-09-15T09:06:36.015+0000] {processor.py:183} INFO - Processing /opt/airflow/dags/load_day_to_snowflake.py took 0.173 seconds
[2025-09-15T09:07:06.440+0000] {processor.py:161} INFO - Started process (PID=10303) to work on /opt/airflow/dags/load_day_to_snowflake.py
[2025-09-15T09:07:06.441+0000] {processor.py:830} INFO - Processing file /opt/airflow/dags/load_day_to_snowflake.py for tasks to queue
[2025-09-15T09:07:06.442+0000] {logging_mixin.py:188} INFO - [2025-09-15T09:07:06.442+0000] {dagbag.py:540} INFO - Filling up the DagBag from /opt/airflow/dags/load_day_to_snowflake.py
[2025-09-15T09:07:06.458+0000] {processor.py:840} INFO - DAG(s) 'load_day_to_snowflake' retrieved from /opt/airflow/dags/load_day_to_snowflake.py
[2025-09-15T09:07:06.482+0000] {logging_mixin.py:188} INFO - [2025-09-15T09:07:06.482+0000] {dag.py:3096} INFO - Sync 1 DAGs
[2025-09-15T09:07:06.493+0000] {logging_mixin.py:188} INFO - [2025-09-15T09:07:06.492+0000] {dag.py:3954} INFO - Setting next_dagrun for load_day_to_snowflake to None, run_after=None
[2025-09-15T09:07:06.513+0000] {processor.py:183} INFO - Processing /opt/airflow/dags/load_day_to_snowflake.py took 0.078 seconds
[2025-09-15T09:07:37.348+0000] {processor.py:161} INFO - Started process (PID=10338) to work on /opt/airflow/dags/load_day_to_snowflake.py
[2025-09-15T09:07:37.349+0000] {processor.py:830} INFO - Processing file /opt/airflow/dags/load_day_to_snowflake.py for tasks to queue
[2025-09-15T09:07:37.350+0000] {logging_mixin.py:188} INFO - [2025-09-15T09:07:37.350+0000] {dagbag.py:540} INFO - Filling up the DagBag from /opt/airflow/dags/load_day_to_snowflake.py
[2025-09-15T09:07:37.367+0000] {processor.py:840} INFO - DAG(s) 'load_day_to_snowflake' retrieved from /opt/airflow/dags/load_day_to_snowflake.py
[2025-09-15T09:07:37.392+0000] {logging_mixin.py:188} INFO - [2025-09-15T09:07:37.392+0000] {dag.py:3096} INFO - Sync 1 DAGs
[2025-09-15T09:07:37.404+0000] {logging_mixin.py:188} INFO - [2025-09-15T09:07:37.404+0000] {dag.py:3954} INFO - Setting next_dagrun for load_day_to_snowflake to None, run_after=None
[2025-09-15T09:07:37.426+0000] {processor.py:183} INFO - Processing /opt/airflow/dags/load_day_to_snowflake.py took 0.084 seconds
[2025-09-15T09:08:08.467+0000] {processor.py:161} INFO - Started process (PID=10373) to work on /opt/airflow/dags/load_day_to_snowflake.py
[2025-09-15T09:08:08.468+0000] {processor.py:830} INFO - Processing file /opt/airflow/dags/load_day_to_snowflake.py for tasks to queue
[2025-09-15T09:08:08.469+0000] {logging_mixin.py:188} INFO - [2025-09-15T09:08:08.469+0000] {dagbag.py:540} INFO - Filling up the DagBag from /opt/airflow/dags/load_day_to_snowflake.py
[2025-09-15T09:08:08.496+0000] {processor.py:840} INFO - DAG(s) 'load_day_to_snowflake' retrieved from /opt/airflow/dags/load_day_to_snowflake.py
[2025-09-15T09:08:08.533+0000] {logging_mixin.py:188} INFO - [2025-09-15T09:08:08.532+0000] {dag.py:3096} INFO - Sync 1 DAGs
[2025-09-15T09:08:08.552+0000] {logging_mixin.py:188} INFO - [2025-09-15T09:08:08.551+0000] {dag.py:3954} INFO - Setting next_dagrun for load_day_to_snowflake to None, run_after=None
[2025-09-15T09:08:08.583+0000] {processor.py:183} INFO - Processing /opt/airflow/dags/load_day_to_snowflake.py took 0.126 seconds
[2025-09-15T09:08:38.875+0000] {processor.py:161} INFO - Started process (PID=10408) to work on /opt/airflow/dags/load_day_to_snowflake.py
[2025-09-15T09:08:38.878+0000] {processor.py:830} INFO - Processing file /opt/airflow/dags/load_day_to_snowflake.py for tasks to queue
[2025-09-15T09:08:38.881+0000] {logging_mixin.py:188} INFO - [2025-09-15T09:08:38.880+0000] {dagbag.py:540} INFO - Filling up the DagBag from /opt/airflow/dags/load_day_to_snowflake.py
[2025-09-15T09:08:38.907+0000] {processor.py:840} INFO - DAG(s) 'load_day_to_snowflake' retrieved from /opt/airflow/dags/load_day_to_snowflake.py
[2025-09-15T09:08:38.942+0000] {logging_mixin.py:188} INFO - [2025-09-15T09:08:38.942+0000] {dag.py:3096} INFO - Sync 1 DAGs
[2025-09-15T09:08:38.957+0000] {logging_mixin.py:188} INFO - [2025-09-15T09:08:38.956+0000] {dag.py:3954} INFO - Setting next_dagrun for load_day_to_snowflake to None, run_after=None
[2025-09-15T09:08:38.979+0000] {processor.py:183} INFO - Processing /opt/airflow/dags/load_day_to_snowflake.py took 0.114 seconds
[2025-09-15T09:09:09.631+0000] {processor.py:161} INFO - Started process (PID=10443) to work on /opt/airflow/dags/load_day_to_snowflake.py
[2025-09-15T09:09:09.631+0000] {processor.py:830} INFO - Processing file /opt/airflow/dags/load_day_to_snowflake.py for tasks to queue
[2025-09-15T09:09:09.632+0000] {logging_mixin.py:188} INFO - [2025-09-15T09:09:09.632+0000] {dagbag.py:540} INFO - Filling up the DagBag from /opt/airflow/dags/load_day_to_snowflake.py
[2025-09-15T09:09:09.651+0000] {processor.py:840} INFO - DAG(s) 'load_day_to_snowflake' retrieved from /opt/airflow/dags/load_day_to_snowflake.py
[2025-09-15T09:09:09.680+0000] {logging_mixin.py:188} INFO - [2025-09-15T09:09:09.680+0000] {dag.py:3096} INFO - Sync 1 DAGs
[2025-09-15T09:09:09.692+0000] {logging_mixin.py:188} INFO - [2025-09-15T09:09:09.692+0000] {dag.py:3954} INFO - Setting next_dagrun for load_day_to_snowflake to None, run_after=None
[2025-09-15T09:09:09.713+0000] {processor.py:183} INFO - Processing /opt/airflow/dags/load_day_to_snowflake.py took 0.088 seconds
[2025-09-15T09:09:40.104+0000] {processor.py:161} INFO - Started process (PID=10478) to work on /opt/airflow/dags/load_day_to_snowflake.py
[2025-09-15T09:09:40.105+0000] {processor.py:830} INFO - Processing file /opt/airflow/dags/load_day_to_snowflake.py for tasks to queue
[2025-09-15T09:09:40.106+0000] {logging_mixin.py:188} INFO - [2025-09-15T09:09:40.106+0000] {dagbag.py:540} INFO - Filling up the DagBag from /opt/airflow/dags/load_day_to_snowflake.py
[2025-09-15T09:09:40.125+0000] {processor.py:840} INFO - DAG(s) 'load_day_to_snowflake' retrieved from /opt/airflow/dags/load_day_to_snowflake.py
[2025-09-15T09:09:40.153+0000] {logging_mixin.py:188} INFO - [2025-09-15T09:09:40.153+0000] {dag.py:3096} INFO - Sync 1 DAGs
[2025-09-15T09:09:40.169+0000] {logging_mixin.py:188} INFO - [2025-09-15T09:09:40.168+0000] {dag.py:3954} INFO - Setting next_dagrun for load_day_to_snowflake to None, run_after=None
[2025-09-15T09:09:40.195+0000] {processor.py:183} INFO - Processing /opt/airflow/dags/load_day_to_snowflake.py took 0.098 seconds
[2025-09-15T09:10:10.351+0000] {processor.py:161} INFO - Started process (PID=10517) to work on /opt/airflow/dags/load_day_to_snowflake.py
[2025-09-15T09:10:10.353+0000] {processor.py:830} INFO - Processing file /opt/airflow/dags/load_day_to_snowflake.py for tasks to queue
[2025-09-15T09:10:10.354+0000] {logging_mixin.py:188} INFO - [2025-09-15T09:10:10.354+0000] {dagbag.py:540} INFO - Filling up the DagBag from /opt/airflow/dags/load_day_to_snowflake.py
[2025-09-15T09:10:10.387+0000] {processor.py:840} INFO - DAG(s) 'load_day_to_snowflake' retrieved from /opt/airflow/dags/load_day_to_snowflake.py
[2025-09-15T09:10:10.435+0000] {logging_mixin.py:188} INFO - [2025-09-15T09:10:10.434+0000] {dag.py:3096} INFO - Sync 1 DAGs
[2025-09-15T09:10:10.467+0000] {logging_mixin.py:188} INFO - [2025-09-15T09:10:10.465+0000] {dag.py:3954} INFO - Setting next_dagrun for load_day_to_snowflake to None, run_after=None
[2025-09-15T09:10:10.511+0000] {processor.py:183} INFO - Processing /opt/airflow/dags/load_day_to_snowflake.py took 0.174 seconds
[2025-09-15T09:10:40.893+0000] {processor.py:161} INFO - Started process (PID=10552) to work on /opt/airflow/dags/load_day_to_snowflake.py
[2025-09-15T09:10:40.895+0000] {processor.py:830} INFO - Processing file /opt/airflow/dags/load_day_to_snowflake.py for tasks to queue
[2025-09-15T09:10:40.896+0000] {logging_mixin.py:188} INFO - [2025-09-15T09:10:40.896+0000] {dagbag.py:540} INFO - Filling up the DagBag from /opt/airflow/dags/load_day_to_snowflake.py
[2025-09-15T09:10:40.922+0000] {processor.py:840} INFO - DAG(s) 'load_day_to_snowflake' retrieved from /opt/airflow/dags/load_day_to_snowflake.py
[2025-09-15T09:10:40.951+0000] {logging_mixin.py:188} INFO - [2025-09-15T09:10:40.950+0000] {dag.py:3096} INFO - Sync 1 DAGs
[2025-09-15T09:10:40.963+0000] {logging_mixin.py:188} INFO - [2025-09-15T09:10:40.963+0000] {dag.py:3954} INFO - Setting next_dagrun for load_day_to_snowflake to None, run_after=None
[2025-09-15T09:10:40.986+0000] {processor.py:183} INFO - Processing /opt/airflow/dags/load_day_to_snowflake.py took 0.103 seconds
[2025-09-15T09:11:11.204+0000] {processor.py:161} INFO - Started process (PID=10587) to work on /opt/airflow/dags/load_day_to_snowflake.py
[2025-09-15T09:11:11.205+0000] {processor.py:830} INFO - Processing file /opt/airflow/dags/load_day_to_snowflake.py for tasks to queue
[2025-09-15T09:11:11.206+0000] {logging_mixin.py:188} INFO - [2025-09-15T09:11:11.206+0000] {dagbag.py:540} INFO - Filling up the DagBag from /opt/airflow/dags/load_day_to_snowflake.py
[2025-09-15T09:11:11.226+0000] {processor.py:840} INFO - DAG(s) 'load_day_to_snowflake' retrieved from /opt/airflow/dags/load_day_to_snowflake.py
[2025-09-15T09:11:11.253+0000] {logging_mixin.py:188} INFO - [2025-09-15T09:11:11.253+0000] {dag.py:3096} INFO - Sync 1 DAGs
[2025-09-15T09:11:11.264+0000] {logging_mixin.py:188} INFO - [2025-09-15T09:11:11.264+0000] {dag.py:3954} INFO - Setting next_dagrun for load_day_to_snowflake to None, run_after=None
[2025-09-15T09:11:11.286+0000] {processor.py:183} INFO - Processing /opt/airflow/dags/load_day_to_snowflake.py took 0.091 seconds
[2025-09-15T09:11:41.583+0000] {processor.py:161} INFO - Started process (PID=10626) to work on /opt/airflow/dags/load_day_to_snowflake.py
[2025-09-15T09:11:41.585+0000] {processor.py:830} INFO - Processing file /opt/airflow/dags/load_day_to_snowflake.py for tasks to queue
[2025-09-15T09:11:41.586+0000] {logging_mixin.py:188} INFO - [2025-09-15T09:11:41.586+0000] {dagbag.py:540} INFO - Filling up the DagBag from /opt/airflow/dags/load_day_to_snowflake.py
[2025-09-15T09:11:41.607+0000] {processor.py:840} INFO - DAG(s) 'load_day_to_snowflake' retrieved from /opt/airflow/dags/load_day_to_snowflake.py
[2025-09-15T09:11:41.635+0000] {logging_mixin.py:188} INFO - [2025-09-15T09:11:41.635+0000] {dag.py:3096} INFO - Sync 1 DAGs
[2025-09-15T09:11:41.649+0000] {logging_mixin.py:188} INFO - [2025-09-15T09:11:41.649+0000] {dag.py:3954} INFO - Setting next_dagrun for load_day_to_snowflake to None, run_after=None
[2025-09-15T09:11:41.674+0000] {processor.py:183} INFO - Processing /opt/airflow/dags/load_day_to_snowflake.py took 0.099 seconds
[2025-09-15T09:12:11.862+0000] {processor.py:161} INFO - Started process (PID=10661) to work on /opt/airflow/dags/load_day_to_snowflake.py
[2025-09-15T09:12:11.863+0000] {processor.py:830} INFO - Processing file /opt/airflow/dags/load_day_to_snowflake.py for tasks to queue
[2025-09-15T09:12:11.864+0000] {logging_mixin.py:188} INFO - [2025-09-15T09:12:11.864+0000] {dagbag.py:540} INFO - Filling up the DagBag from /opt/airflow/dags/load_day_to_snowflake.py
[2025-09-15T09:12:11.887+0000] {processor.py:840} INFO - DAG(s) 'load_day_to_snowflake' retrieved from /opt/airflow/dags/load_day_to_snowflake.py
[2025-09-15T09:12:11.914+0000] {logging_mixin.py:188} INFO - [2025-09-15T09:12:11.914+0000] {dag.py:3096} INFO - Sync 1 DAGs
[2025-09-15T09:12:11.925+0000] {logging_mixin.py:188} INFO - [2025-09-15T09:12:11.925+0000] {dag.py:3954} INFO - Setting next_dagrun for load_day_to_snowflake to None, run_after=None
[2025-09-15T09:12:11.946+0000] {processor.py:183} INFO - Processing /opt/airflow/dags/load_day_to_snowflake.py took 0.091 seconds
[2025-09-15T09:12:42.651+0000] {processor.py:161} INFO - Started process (PID=10696) to work on /opt/airflow/dags/load_day_to_snowflake.py
[2025-09-15T09:12:42.652+0000] {processor.py:830} INFO - Processing file /opt/airflow/dags/load_day_to_snowflake.py for tasks to queue
[2025-09-15T09:12:42.653+0000] {logging_mixin.py:188} INFO - [2025-09-15T09:12:42.653+0000] {dagbag.py:540} INFO - Filling up the DagBag from /opt/airflow/dags/load_day_to_snowflake.py
[2025-09-15T09:12:42.673+0000] {processor.py:840} INFO - DAG(s) 'load_day_to_snowflake' retrieved from /opt/airflow/dags/load_day_to_snowflake.py
[2025-09-15T09:12:42.698+0000] {logging_mixin.py:188} INFO - [2025-09-15T09:12:42.698+0000] {dag.py:3096} INFO - Sync 1 DAGs
[2025-09-15T09:12:42.710+0000] {logging_mixin.py:188} INFO - [2025-09-15T09:12:42.710+0000] {dag.py:3954} INFO - Setting next_dagrun for load_day_to_snowflake to None, run_after=None
[2025-09-15T09:12:42.730+0000] {processor.py:183} INFO - Processing /opt/airflow/dags/load_day_to_snowflake.py took 0.087 seconds
[2025-09-15T09:13:13.148+0000] {processor.py:161} INFO - Started process (PID=10731) to work on /opt/airflow/dags/load_day_to_snowflake.py
[2025-09-15T09:13:13.149+0000] {processor.py:830} INFO - Processing file /opt/airflow/dags/load_day_to_snowflake.py for tasks to queue
[2025-09-15T09:13:13.151+0000] {logging_mixin.py:188} INFO - [2025-09-15T09:13:13.150+0000] {dagbag.py:540} INFO - Filling up the DagBag from /opt/airflow/dags/load_day_to_snowflake.py
[2025-09-15T09:13:13.168+0000] {processor.py:840} INFO - DAG(s) 'load_day_to_snowflake' retrieved from /opt/airflow/dags/load_day_to_snowflake.py
[2025-09-15T09:13:13.195+0000] {logging_mixin.py:188} INFO - [2025-09-15T09:13:13.195+0000] {dag.py:3096} INFO - Sync 1 DAGs
[2025-09-15T09:13:13.207+0000] {logging_mixin.py:188} INFO - [2025-09-15T09:13:13.207+0000] {dag.py:3954} INFO - Setting next_dagrun for load_day_to_snowflake to None, run_after=None
[2025-09-15T09:13:13.227+0000] {processor.py:183} INFO - Processing /opt/airflow/dags/load_day_to_snowflake.py took 0.085 seconds
[2025-09-15T09:13:43.930+0000] {processor.py:161} INFO - Started process (PID=10766) to work on /opt/airflow/dags/load_day_to_snowflake.py
[2025-09-15T09:13:43.932+0000] {processor.py:830} INFO - Processing file /opt/airflow/dags/load_day_to_snowflake.py for tasks to queue
[2025-09-15T09:13:43.935+0000] {logging_mixin.py:188} INFO - [2025-09-15T09:13:43.934+0000] {dagbag.py:540} INFO - Filling up the DagBag from /opt/airflow/dags/load_day_to_snowflake.py
[2025-09-15T09:13:43.953+0000] {processor.py:840} INFO - DAG(s) 'load_day_to_snowflake' retrieved from /opt/airflow/dags/load_day_to_snowflake.py
[2025-09-15T09:13:43.983+0000] {logging_mixin.py:188} INFO - [2025-09-15T09:13:43.983+0000] {dag.py:3096} INFO - Sync 1 DAGs
[2025-09-15T09:13:44.006+0000] {logging_mixin.py:188} INFO - [2025-09-15T09:13:44.006+0000] {dag.py:3954} INFO - Setting next_dagrun for load_day_to_snowflake to None, run_after=None
[2025-09-15T09:13:44.056+0000] {processor.py:183} INFO - Processing /opt/airflow/dags/load_day_to_snowflake.py took 0.133 seconds
[2025-09-15T09:14:14.557+0000] {processor.py:161} INFO - Started process (PID=10801) to work on /opt/airflow/dags/load_day_to_snowflake.py
[2025-09-15T09:14:14.558+0000] {processor.py:830} INFO - Processing file /opt/airflow/dags/load_day_to_snowflake.py for tasks to queue
[2025-09-15T09:14:14.560+0000] {logging_mixin.py:188} INFO - [2025-09-15T09:14:14.559+0000] {dagbag.py:540} INFO - Filling up the DagBag from /opt/airflow/dags/load_day_to_snowflake.py
[2025-09-15T09:14:14.576+0000] {processor.py:840} INFO - DAG(s) 'load_day_to_snowflake' retrieved from /opt/airflow/dags/load_day_to_snowflake.py
[2025-09-15T09:14:14.602+0000] {logging_mixin.py:188} INFO - [2025-09-15T09:14:14.602+0000] {dag.py:3096} INFO - Sync 1 DAGs
[2025-09-15T09:14:14.615+0000] {logging_mixin.py:188} INFO - [2025-09-15T09:14:14.615+0000] {dag.py:3954} INFO - Setting next_dagrun for load_day_to_snowflake to None, run_after=None
[2025-09-15T09:14:14.634+0000] {processor.py:183} INFO - Processing /opt/airflow/dags/load_day_to_snowflake.py took 0.083 seconds
[2025-09-15T09:14:45.177+0000] {processor.py:161} INFO - Started process (PID=10840) to work on /opt/airflow/dags/load_day_to_snowflake.py
[2025-09-15T09:14:45.178+0000] {processor.py:830} INFO - Processing file /opt/airflow/dags/load_day_to_snowflake.py for tasks to queue
[2025-09-15T09:14:45.179+0000] {logging_mixin.py:188} INFO - [2025-09-15T09:14:45.179+0000] {dagbag.py:540} INFO - Filling up the DagBag from /opt/airflow/dags/load_day_to_snowflake.py
[2025-09-15T09:14:45.200+0000] {processor.py:840} INFO - DAG(s) 'load_day_to_snowflake' retrieved from /opt/airflow/dags/load_day_to_snowflake.py
[2025-09-15T09:14:45.233+0000] {logging_mixin.py:188} INFO - [2025-09-15T09:14:45.233+0000] {dag.py:3096} INFO - Sync 1 DAGs
[2025-09-15T09:14:45.250+0000] {logging_mixin.py:188} INFO - [2025-09-15T09:14:45.249+0000] {dag.py:3954} INFO - Setting next_dagrun for load_day_to_snowflake to None, run_after=None
[2025-09-15T09:14:45.273+0000] {processor.py:183} INFO - Processing /opt/airflow/dags/load_day_to_snowflake.py took 0.102 seconds
[2025-09-15T09:15:15.733+0000] {processor.py:161} INFO - Started process (PID=10875) to work on /opt/airflow/dags/load_day_to_snowflake.py
[2025-09-15T09:15:15.734+0000] {processor.py:830} INFO - Processing file /opt/airflow/dags/load_day_to_snowflake.py for tasks to queue
[2025-09-15T09:15:15.735+0000] {logging_mixin.py:188} INFO - [2025-09-15T09:15:15.734+0000] {dagbag.py:540} INFO - Filling up the DagBag from /opt/airflow/dags/load_day_to_snowflake.py
[2025-09-15T09:15:15.754+0000] {processor.py:840} INFO - DAG(s) 'load_day_to_snowflake' retrieved from /opt/airflow/dags/load_day_to_snowflake.py
[2025-09-15T09:15:15.778+0000] {logging_mixin.py:188} INFO - [2025-09-15T09:15:15.778+0000] {dag.py:3096} INFO - Sync 1 DAGs
[2025-09-15T09:15:15.789+0000] {logging_mixin.py:188} INFO - [2025-09-15T09:15:15.789+0000] {dag.py:3954} INFO - Setting next_dagrun for load_day_to_snowflake to None, run_after=None
[2025-09-15T09:15:15.809+0000] {processor.py:183} INFO - Processing /opt/airflow/dags/load_day_to_snowflake.py took 0.082 seconds
[2025-09-15T09:15:46.296+0000] {processor.py:161} INFO - Started process (PID=10910) to work on /opt/airflow/dags/load_day_to_snowflake.py
[2025-09-15T09:15:46.302+0000] {processor.py:830} INFO - Processing file /opt/airflow/dags/load_day_to_snowflake.py for tasks to queue
[2025-09-15T09:15:46.305+0000] {logging_mixin.py:188} INFO - [2025-09-15T09:15:46.303+0000] {dagbag.py:540} INFO - Filling up the DagBag from /opt/airflow/dags/load_day_to_snowflake.py
[2025-09-15T09:15:46.390+0000] {processor.py:840} INFO - DAG(s) 'load_day_to_snowflake' retrieved from /opt/airflow/dags/load_day_to_snowflake.py
[2025-09-15T09:15:46.542+0000] {logging_mixin.py:188} INFO - [2025-09-15T09:15:46.541+0000] {dag.py:3096} INFO - Sync 1 DAGs
[2025-09-15T09:15:46.590+0000] {logging_mixin.py:188} INFO - [2025-09-15T09:15:46.590+0000] {dag.py:3954} INFO - Setting next_dagrun for load_day_to_snowflake to None, run_after=None
[2025-09-15T09:15:46.637+0000] {processor.py:183} INFO - Processing /opt/airflow/dags/load_day_to_snowflake.py took 0.372 seconds
[2025-09-15T09:16:16.757+0000] {processor.py:161} INFO - Started process (PID=10945) to work on /opt/airflow/dags/load_day_to_snowflake.py
[2025-09-15T09:16:16.758+0000] {processor.py:830} INFO - Processing file /opt/airflow/dags/load_day_to_snowflake.py for tasks to queue
[2025-09-15T09:16:16.759+0000] {logging_mixin.py:188} INFO - [2025-09-15T09:16:16.759+0000] {dagbag.py:540} INFO - Filling up the DagBag from /opt/airflow/dags/load_day_to_snowflake.py
[2025-09-15T09:16:16.778+0000] {processor.py:840} INFO - DAG(s) 'load_day_to_snowflake' retrieved from /opt/airflow/dags/load_day_to_snowflake.py
[2025-09-15T09:16:16.804+0000] {logging_mixin.py:188} INFO - [2025-09-15T09:16:16.804+0000] {dag.py:3096} INFO - Sync 1 DAGs
[2025-09-15T09:16:16.815+0000] {logging_mixin.py:188} INFO - [2025-09-15T09:16:16.815+0000] {dag.py:3954} INFO - Setting next_dagrun for load_day_to_snowflake to None, run_after=None
[2025-09-15T09:16:16.837+0000] {processor.py:183} INFO - Processing /opt/airflow/dags/load_day_to_snowflake.py took 0.089 seconds
[2025-09-15T09:16:53.515+0000] {processor.py:161} INFO - Started process (PID=170) to work on /opt/airflow/dags/load_day_to_snowflake.py
[2025-09-15T09:16:53.516+0000] {processor.py:830} INFO - Processing file /opt/airflow/dags/load_day_to_snowflake.py for tasks to queue
[2025-09-15T09:16:53.519+0000] {logging_mixin.py:188} INFO - [2025-09-15T09:16:53.518+0000] {dagbag.py:540} INFO - Filling up the DagBag from /opt/airflow/dags/load_day_to_snowflake.py
[2025-09-15T09:16:53.538+0000] {processor.py:840} INFO - DAG(s) 'load_day_to_snowflake' retrieved from /opt/airflow/dags/load_day_to_snowflake.py
[2025-09-15T09:16:53.572+0000] {logging_mixin.py:188} INFO - [2025-09-15T09:16:53.571+0000] {dag.py:3096} INFO - Sync 1 DAGs
[2025-09-15T09:16:53.584+0000] {logging_mixin.py:188} INFO - [2025-09-15T09:16:53.584+0000] {dag.py:3954} INFO - Setting next_dagrun for load_day_to_snowflake to None, run_after=None
[2025-09-15T09:16:53.609+0000] {processor.py:183} INFO - Processing /opt/airflow/dags/load_day_to_snowflake.py took 0.101 seconds
[2025-09-15T09:17:24.611+0000] {processor.py:161} INFO - Started process (PID=205) to work on /opt/airflow/dags/load_day_to_snowflake.py
[2025-09-15T09:17:24.617+0000] {processor.py:830} INFO - Processing file /opt/airflow/dags/load_day_to_snowflake.py for tasks to queue
[2025-09-15T09:17:24.626+0000] {logging_mixin.py:188} INFO - [2025-09-15T09:17:24.625+0000] {dagbag.py:540} INFO - Filling up the DagBag from /opt/airflow/dags/load_day_to_snowflake.py
[2025-09-15T09:17:24.686+0000] {processor.py:840} INFO - DAG(s) 'load_day_to_snowflake' retrieved from /opt/airflow/dags/load_day_to_snowflake.py
[2025-09-15T09:17:24.956+0000] {logging_mixin.py:188} INFO - [2025-09-15T09:17:24.954+0000] {dag.py:3096} INFO - Sync 1 DAGs
[2025-09-15T09:17:24.984+0000] {logging_mixin.py:188} INFO - [2025-09-15T09:17:24.984+0000] {dag.py:3954} INFO - Setting next_dagrun for load_day_to_snowflake to None, run_after=None
[2025-09-15T09:17:25.024+0000] {processor.py:183} INFO - Processing /opt/airflow/dags/load_day_to_snowflake.py took 0.445 seconds
[2025-09-15T09:17:55.252+0000] {processor.py:161} INFO - Started process (PID=240) to work on /opt/airflow/dags/load_day_to_snowflake.py
[2025-09-15T09:17:55.254+0000] {processor.py:830} INFO - Processing file /opt/airflow/dags/load_day_to_snowflake.py for tasks to queue
[2025-09-15T09:17:55.260+0000] {logging_mixin.py:188} INFO - [2025-09-15T09:17:55.260+0000] {dagbag.py:540} INFO - Filling up the DagBag from /opt/airflow/dags/load_day_to_snowflake.py
[2025-09-15T09:17:55.292+0000] {processor.py:840} INFO - DAG(s) 'load_day_to_snowflake' retrieved from /opt/airflow/dags/load_day_to_snowflake.py
[2025-09-15T09:17:55.371+0000] {logging_mixin.py:188} INFO - [2025-09-15T09:17:55.370+0000] {dag.py:3096} INFO - Sync 1 DAGs
[2025-09-15T09:17:55.405+0000] {logging_mixin.py:188} INFO - [2025-09-15T09:17:55.404+0000] {dag.py:3954} INFO - Setting next_dagrun for load_day_to_snowflake to None, run_after=None
[2025-09-15T09:17:55.451+0000] {processor.py:183} INFO - Processing /opt/airflow/dags/load_day_to_snowflake.py took 0.209 seconds
[2025-09-15T09:18:26.074+0000] {processor.py:161} INFO - Started process (PID=279) to work on /opt/airflow/dags/load_day_to_snowflake.py
[2025-09-15T09:18:26.075+0000] {processor.py:830} INFO - Processing file /opt/airflow/dags/load_day_to_snowflake.py for tasks to queue
[2025-09-15T09:18:26.077+0000] {logging_mixin.py:188} INFO - [2025-09-15T09:18:26.077+0000] {dagbag.py:540} INFO - Filling up the DagBag from /opt/airflow/dags/load_day_to_snowflake.py
[2025-09-15T09:18:26.129+0000] {processor.py:840} INFO - DAG(s) 'load_day_to_snowflake' retrieved from /opt/airflow/dags/load_day_to_snowflake.py
[2025-09-15T09:18:26.176+0000] {logging_mixin.py:188} INFO - [2025-09-15T09:18:26.175+0000] {dag.py:3096} INFO - Sync 1 DAGs
[2025-09-15T09:18:26.194+0000] {logging_mixin.py:188} INFO - [2025-09-15T09:18:26.194+0000] {dag.py:3954} INFO - Setting next_dagrun for load_day_to_snowflake to None, run_after=None
[2025-09-15T09:18:26.216+0000] {processor.py:183} INFO - Processing /opt/airflow/dags/load_day_to_snowflake.py took 0.151 seconds
[2025-09-15T09:18:56.786+0000] {processor.py:161} INFO - Started process (PID=314) to work on /opt/airflow/dags/load_day_to_snowflake.py
[2025-09-15T09:18:56.788+0000] {processor.py:830} INFO - Processing file /opt/airflow/dags/load_day_to_snowflake.py for tasks to queue
[2025-09-15T09:18:56.791+0000] {logging_mixin.py:188} INFO - [2025-09-15T09:18:56.790+0000] {dagbag.py:540} INFO - Filling up the DagBag from /opt/airflow/dags/load_day_to_snowflake.py
[2025-09-15T09:18:56.816+0000] {processor.py:840} INFO - DAG(s) 'load_day_to_snowflake' retrieved from /opt/airflow/dags/load_day_to_snowflake.py
[2025-09-15T09:18:56.853+0000] {logging_mixin.py:188} INFO - [2025-09-15T09:18:56.853+0000] {dag.py:3096} INFO - Sync 1 DAGs
[2025-09-15T09:18:56.870+0000] {logging_mixin.py:188} INFO - [2025-09-15T09:18:56.870+0000] {dag.py:3954} INFO - Setting next_dagrun for load_day_to_snowflake to None, run_after=None
[2025-09-15T09:18:56.894+0000] {processor.py:183} INFO - Processing /opt/airflow/dags/load_day_to_snowflake.py took 0.117 seconds
[2025-09-15T09:19:27.587+0000] {processor.py:161} INFO - Started process (PID=349) to work on /opt/airflow/dags/load_day_to_snowflake.py
[2025-09-15T09:19:27.588+0000] {processor.py:830} INFO - Processing file /opt/airflow/dags/load_day_to_snowflake.py for tasks to queue
[2025-09-15T09:19:27.591+0000] {logging_mixin.py:188} INFO - [2025-09-15T09:19:27.591+0000] {dagbag.py:540} INFO - Filling up the DagBag from /opt/airflow/dags/load_day_to_snowflake.py
[2025-09-15T09:19:27.609+0000] {processor.py:840} INFO - DAG(s) 'load_day_to_snowflake' retrieved from /opt/airflow/dags/load_day_to_snowflake.py
[2025-09-15T09:19:27.645+0000] {logging_mixin.py:188} INFO - [2025-09-15T09:19:27.644+0000] {dag.py:3096} INFO - Sync 1 DAGs
[2025-09-15T09:19:27.660+0000] {logging_mixin.py:188} INFO - [2025-09-15T09:19:27.659+0000] {dag.py:3954} INFO - Setting next_dagrun for load_day_to_snowflake to None, run_after=None
[2025-09-15T09:19:27.683+0000] {processor.py:183} INFO - Processing /opt/airflow/dags/load_day_to_snowflake.py took 0.103 seconds
[2025-09-15T09:19:35.293+0000] {processor.py:161} INFO - Started process (PID=384) to work on /opt/airflow/dags/load_day_to_snowflake.py
[2025-09-15T09:19:35.294+0000] {processor.py:830} INFO - Processing file /opt/airflow/dags/load_day_to_snowflake.py for tasks to queue
[2025-09-15T09:19:35.297+0000] {logging_mixin.py:188} INFO - [2025-09-15T09:19:35.297+0000] {dagbag.py:540} INFO - Filling up the DagBag from /opt/airflow/dags/load_day_to_snowflake.py
[2025-09-15T09:19:35.313+0000] {logging_mixin.py:188} INFO - [2025-09-15T09:19:35.309+0000] {dagbag.py:350} ERROR - Failed to import: /opt/airflow/dags/load_day_to_snowflake.py
Traceback (most recent call last):
  File "/home/airflow/.local/lib/python3.12/site-packages/airflow/models/dagbag.py", line 346, in parse
    loader.exec_module(new_module)
  File "<frozen importlib._bootstrap_external>", line 991, in exec_module
  File "<frozen importlib._bootstrap_external>", line 1129, in get_code
  File "<frozen importlib._bootstrap_external>", line 1059, in source_to_code
  File "<frozen importlib._bootstrap>", line 488, in _call_with_frames_removed
  File "/opt/airflow/dags/load_day_to_snowflake.py", line 20
    sql="""
        ^^^^^^^^^^^^^
SyntaxError: invalid syntax. Perhaps you forgot a comma?
[2025-09-15T09:19:35.313+0000] {processor.py:842} WARNING - No viable dags retrieved from /opt/airflow/dags/load_day_to_snowflake.py
[2025-09-15T09:19:35.338+0000] {processor.py:183} INFO - Processing /opt/airflow/dags/load_day_to_snowflake.py took 0.053 seconds
[2025-09-15T09:19:39.384+0000] {processor.py:161} INFO - Started process (PID=389) to work on /opt/airflow/dags/load_day_to_snowflake.py
[2025-09-15T09:19:39.385+0000] {processor.py:830} INFO - Processing file /opt/airflow/dags/load_day_to_snowflake.py for tasks to queue
[2025-09-15T09:19:39.387+0000] {logging_mixin.py:188} INFO - [2025-09-15T09:19:39.387+0000] {dagbag.py:540} INFO - Filling up the DagBag from /opt/airflow/dags/load_day_to_snowflake.py
[2025-09-15T09:19:39.402+0000] {logging_mixin.py:188} INFO - [2025-09-15T09:19:39.401+0000] {dagbag.py:350} ERROR - Failed to import: /opt/airflow/dags/load_day_to_snowflake.py
Traceback (most recent call last):
  File "/home/airflow/.local/lib/python3.12/site-packages/airflow/models/dagbag.py", line 346, in parse
    loader.exec_module(new_module)
  File "<frozen importlib._bootstrap_external>", line 991, in exec_module
  File "<frozen importlib._bootstrap_external>", line 1129, in get_code
  File "<frozen importlib._bootstrap_external>", line 1059, in source_to_code
  File "<frozen importlib._bootstrap>", line 488, in _call_with_frames_removed
  File "/opt/airflow/dags/load_day_to_snowflake.py", line 20
    sql="""
        ^^^^^^^^^^^^^
SyntaxError: invalid syntax. Perhaps you forgot a comma?
[2025-09-15T09:19:39.403+0000] {processor.py:842} WARNING - No viable dags retrieved from /opt/airflow/dags/load_day_to_snowflake.py
[2025-09-15T09:19:39.428+0000] {processor.py:183} INFO - Processing /opt/airflow/dags/load_day_to_snowflake.py took 0.051 seconds
[2025-09-15T09:19:42.481+0000] {processor.py:161} INFO - Started process (PID=394) to work on /opt/airflow/dags/load_day_to_snowflake.py
[2025-09-15T09:19:42.482+0000] {processor.py:830} INFO - Processing file /opt/airflow/dags/load_day_to_snowflake.py for tasks to queue
[2025-09-15T09:19:42.484+0000] {logging_mixin.py:188} INFO - [2025-09-15T09:19:42.484+0000] {dagbag.py:540} INFO - Filling up the DagBag from /opt/airflow/dags/load_day_to_snowflake.py
[2025-09-15T09:19:42.498+0000] {logging_mixin.py:188} INFO - [2025-09-15T09:19:42.497+0000] {dagbag.py:350} ERROR - Failed to import: /opt/airflow/dags/load_day_to_snowflake.py
Traceback (most recent call last):
  File "/home/airflow/.local/lib/python3.12/site-packages/airflow/models/dagbag.py", line 346, in parse
    loader.exec_module(new_module)
  File "<frozen importlib._bootstrap_external>", line 991, in exec_module
  File "<frozen importlib._bootstrap_external>", line 1129, in get_code
  File "<frozen importlib._bootstrap_external>", line 1059, in source_to_code
  File "<frozen importlib._bootstrap>", line 488, in _call_with_frames_removed
  File "/opt/airflow/dags/load_day_to_snowflake.py", line 20
    sql="""
        ^^^^^^^^^^^^^
SyntaxError: invalid syntax. Perhaps you forgot a comma?
[2025-09-15T09:19:42.498+0000] {processor.py:842} WARNING - No viable dags retrieved from /opt/airflow/dags/load_day_to_snowflake.py
[2025-09-15T09:19:42.519+0000] {processor.py:183} INFO - Processing /opt/airflow/dags/load_day_to_snowflake.py took 0.043 seconds
[2025-09-15T09:20:12.601+0000] {processor.py:161} INFO - Started process (PID=429) to work on /opt/airflow/dags/load_day_to_snowflake.py
[2025-09-15T09:20:12.602+0000] {processor.py:830} INFO - Processing file /opt/airflow/dags/load_day_to_snowflake.py for tasks to queue
[2025-09-15T09:20:12.605+0000] {logging_mixin.py:188} INFO - [2025-09-15T09:20:12.605+0000] {dagbag.py:540} INFO - Filling up the DagBag from /opt/airflow/dags/load_day_to_snowflake.py
[2025-09-15T09:20:12.622+0000] {logging_mixin.py:188} INFO - [2025-09-15T09:20:12.620+0000] {dagbag.py:350} ERROR - Failed to import: /opt/airflow/dags/load_day_to_snowflake.py
Traceback (most recent call last):
  File "/home/airflow/.local/lib/python3.12/site-packages/airflow/models/dagbag.py", line 346, in parse
    loader.exec_module(new_module)
  File "<frozen importlib._bootstrap_external>", line 991, in exec_module
  File "<frozen importlib._bootstrap_external>", line 1129, in get_code
  File "<frozen importlib._bootstrap_external>", line 1059, in source_to_code
  File "<frozen importlib._bootstrap>", line 488, in _call_with_frames_removed
  File "/opt/airflow/dags/load_day_to_snowflake.py", line 20
    sql="""
        ^^^^^^^^^^^^^
SyntaxError: invalid syntax. Perhaps you forgot a comma?
[2025-09-15T09:20:12.622+0000] {processor.py:842} WARNING - No viable dags retrieved from /opt/airflow/dags/load_day_to_snowflake.py
[2025-09-15T09:20:12.648+0000] {processor.py:183} INFO - Processing /opt/airflow/dags/load_day_to_snowflake.py took 0.056 seconds
[2025-09-15T09:20:42.849+0000] {processor.py:161} INFO - Started process (PID=464) to work on /opt/airflow/dags/load_day_to_snowflake.py
[2025-09-15T09:20:42.852+0000] {processor.py:830} INFO - Processing file /opt/airflow/dags/load_day_to_snowflake.py for tasks to queue
[2025-09-15T09:20:42.861+0000] {logging_mixin.py:188} INFO - [2025-09-15T09:20:42.858+0000] {dagbag.py:540} INFO - Filling up the DagBag from /opt/airflow/dags/load_day_to_snowflake.py
[2025-09-15T09:20:42.905+0000] {logging_mixin.py:188} INFO - [2025-09-15T09:20:42.902+0000] {dagbag.py:350} ERROR - Failed to import: /opt/airflow/dags/load_day_to_snowflake.py
Traceback (most recent call last):
  File "/home/airflow/.local/lib/python3.12/site-packages/airflow/models/dagbag.py", line 346, in parse
    loader.exec_module(new_module)
  File "<frozen importlib._bootstrap_external>", line 991, in exec_module
  File "<frozen importlib._bootstrap_external>", line 1129, in get_code
  File "<frozen importlib._bootstrap_external>", line 1059, in source_to_code
  File "<frozen importlib._bootstrap>", line 488, in _call_with_frames_removed
  File "/opt/airflow/dags/load_day_to_snowflake.py", line 20
    sql="""
        ^^^^^^^^^^^^^
SyntaxError: invalid syntax. Perhaps you forgot a comma?
[2025-09-15T09:20:42.906+0000] {processor.py:842} WARNING - No viable dags retrieved from /opt/airflow/dags/load_day_to_snowflake.py
[2025-09-15T09:20:42.989+0000] {processor.py:183} INFO - Processing /opt/airflow/dags/load_day_to_snowflake.py took 0.155 seconds
[2025-09-15T09:21:13.883+0000] {processor.py:161} INFO - Started process (PID=499) to work on /opt/airflow/dags/load_day_to_snowflake.py
[2025-09-15T09:21:13.884+0000] {processor.py:830} INFO - Processing file /opt/airflow/dags/load_day_to_snowflake.py for tasks to queue
[2025-09-15T09:21:13.885+0000] {logging_mixin.py:188} INFO - [2025-09-15T09:21:13.885+0000] {dagbag.py:540} INFO - Filling up the DagBag from /opt/airflow/dags/load_day_to_snowflake.py
[2025-09-15T09:21:13.901+0000] {logging_mixin.py:188} INFO - [2025-09-15T09:21:13.900+0000] {dagbag.py:350} ERROR - Failed to import: /opt/airflow/dags/load_day_to_snowflake.py
Traceback (most recent call last):
  File "/home/airflow/.local/lib/python3.12/site-packages/airflow/models/dagbag.py", line 346, in parse
    loader.exec_module(new_module)
  File "<frozen importlib._bootstrap_external>", line 991, in exec_module
  File "<frozen importlib._bootstrap_external>", line 1129, in get_code
  File "<frozen importlib._bootstrap_external>", line 1059, in source_to_code
  File "<frozen importlib._bootstrap>", line 488, in _call_with_frames_removed
  File "/opt/airflow/dags/load_day_to_snowflake.py", line 20
    sql="""
        ^^^^^^^^^^^^^
SyntaxError: invalid syntax. Perhaps you forgot a comma?
[2025-09-15T09:21:13.902+0000] {processor.py:842} WARNING - No viable dags retrieved from /opt/airflow/dags/load_day_to_snowflake.py
[2025-09-15T09:21:13.926+0000] {processor.py:183} INFO - Processing /opt/airflow/dags/load_day_to_snowflake.py took 0.051 seconds
[2025-09-15T09:21:44.637+0000] {processor.py:161} INFO - Started process (PID=534) to work on /opt/airflow/dags/load_day_to_snowflake.py
[2025-09-15T09:21:44.638+0000] {processor.py:830} INFO - Processing file /opt/airflow/dags/load_day_to_snowflake.py for tasks to queue
[2025-09-15T09:21:44.639+0000] {logging_mixin.py:188} INFO - [2025-09-15T09:21:44.638+0000] {dagbag.py:540} INFO - Filling up the DagBag from /opt/airflow/dags/load_day_to_snowflake.py
[2025-09-15T09:21:44.653+0000] {logging_mixin.py:188} INFO - [2025-09-15T09:21:44.652+0000] {dagbag.py:350} ERROR - Failed to import: /opt/airflow/dags/load_day_to_snowflake.py
Traceback (most recent call last):
  File "/home/airflow/.local/lib/python3.12/site-packages/airflow/models/dagbag.py", line 346, in parse
    loader.exec_module(new_module)
  File "<frozen importlib._bootstrap_external>", line 991, in exec_module
  File "<frozen importlib._bootstrap_external>", line 1129, in get_code
  File "<frozen importlib._bootstrap_external>", line 1059, in source_to_code
  File "<frozen importlib._bootstrap>", line 488, in _call_with_frames_removed
  File "/opt/airflow/dags/load_day_to_snowflake.py", line 20
    sql="""
        ^^^^^^^^^^^^^
SyntaxError: invalid syntax. Perhaps you forgot a comma?
[2025-09-15T09:21:44.654+0000] {processor.py:842} WARNING - No viable dags retrieved from /opt/airflow/dags/load_day_to_snowflake.py
[2025-09-15T09:21:44.674+0000] {processor.py:183} INFO - Processing /opt/airflow/dags/load_day_to_snowflake.py took 0.043 seconds
[2025-09-15T09:22:15.334+0000] {processor.py:161} INFO - Started process (PID=569) to work on /opt/airflow/dags/load_day_to_snowflake.py
[2025-09-15T09:22:15.336+0000] {processor.py:830} INFO - Processing file /opt/airflow/dags/load_day_to_snowflake.py for tasks to queue
[2025-09-15T09:22:15.337+0000] {logging_mixin.py:188} INFO - [2025-09-15T09:22:15.337+0000] {dagbag.py:540} INFO - Filling up the DagBag from /opt/airflow/dags/load_day_to_snowflake.py
[2025-09-15T09:22:15.352+0000] {logging_mixin.py:188} INFO - [2025-09-15T09:22:15.351+0000] {dagbag.py:350} ERROR - Failed to import: /opt/airflow/dags/load_day_to_snowflake.py
Traceback (most recent call last):
  File "/home/airflow/.local/lib/python3.12/site-packages/airflow/models/dagbag.py", line 346, in parse
    loader.exec_module(new_module)
  File "<frozen importlib._bootstrap_external>", line 991, in exec_module
  File "<frozen importlib._bootstrap_external>", line 1129, in get_code
  File "<frozen importlib._bootstrap_external>", line 1059, in source_to_code
  File "<frozen importlib._bootstrap>", line 488, in _call_with_frames_removed
  File "/opt/airflow/dags/load_day_to_snowflake.py", line 20
    sql="""
        ^^^^^^^^^^^^^
SyntaxError: invalid syntax. Perhaps you forgot a comma?
[2025-09-15T09:22:15.353+0000] {processor.py:842} WARNING - No viable dags retrieved from /opt/airflow/dags/load_day_to_snowflake.py
[2025-09-15T09:22:15.378+0000] {processor.py:183} INFO - Processing /opt/airflow/dags/load_day_to_snowflake.py took 0.051 seconds
[2025-09-15T09:22:45.516+0000] {processor.py:161} INFO - Started process (PID=604) to work on /opt/airflow/dags/load_day_to_snowflake.py
[2025-09-15T09:22:45.517+0000] {processor.py:830} INFO - Processing file /opt/airflow/dags/load_day_to_snowflake.py for tasks to queue
[2025-09-15T09:22:45.518+0000] {logging_mixin.py:188} INFO - [2025-09-15T09:22:45.517+0000] {dagbag.py:540} INFO - Filling up the DagBag from /opt/airflow/dags/load_day_to_snowflake.py
[2025-09-15T09:22:45.535+0000] {logging_mixin.py:188} INFO - [2025-09-15T09:22:45.533+0000] {dagbag.py:350} ERROR - Failed to import: /opt/airflow/dags/load_day_to_snowflake.py
Traceback (most recent call last):
  File "/home/airflow/.local/lib/python3.12/site-packages/airflow/models/dagbag.py", line 346, in parse
    loader.exec_module(new_module)
  File "<frozen importlib._bootstrap_external>", line 991, in exec_module
  File "<frozen importlib._bootstrap_external>", line 1129, in get_code
  File "<frozen importlib._bootstrap_external>", line 1059, in source_to_code
  File "<frozen importlib._bootstrap>", line 488, in _call_with_frames_removed
  File "/opt/airflow/dags/load_day_to_snowflake.py", line 20
    sql="""
        ^^^^^^^^^^^^^
SyntaxError: invalid syntax. Perhaps you forgot a comma?
[2025-09-15T09:22:45.535+0000] {processor.py:842} WARNING - No viable dags retrieved from /opt/airflow/dags/load_day_to_snowflake.py
[2025-09-15T09:22:45.557+0000] {processor.py:183} INFO - Processing /opt/airflow/dags/load_day_to_snowflake.py took 0.048 seconds
[2025-09-15T09:22:51.608+0000] {processor.py:161} INFO - Started process (PID=609) to work on /opt/airflow/dags/load_day_to_snowflake.py
[2025-09-15T09:22:51.609+0000] {processor.py:830} INFO - Processing file /opt/airflow/dags/load_day_to_snowflake.py for tasks to queue
[2025-09-15T09:22:51.610+0000] {logging_mixin.py:188} INFO - [2025-09-15T09:22:51.610+0000] {dagbag.py:540} INFO - Filling up the DagBag from /opt/airflow/dags/load_day_to_snowflake.py
[2025-09-15T09:22:51.636+0000] {processor.py:840} INFO - DAG(s) 'load_day_to_snowflake' retrieved from /opt/airflow/dags/load_day_to_snowflake.py
[2025-09-15T09:22:52.023+0000] {logging_mixin.py:188} INFO - [2025-09-15T09:22:52.023+0000] {dag.py:3096} INFO - Sync 1 DAGs
[2025-09-15T09:22:52.033+0000] {logging_mixin.py:188} INFO - [2025-09-15T09:22:52.032+0000] {dag.py:3954} INFO - Setting next_dagrun for load_day_to_snowflake to None, run_after=None
[2025-09-15T09:22:52.064+0000] {processor.py:183} INFO - Processing /opt/airflow/dags/load_day_to_snowflake.py took 0.462 seconds
[2025-09-15T09:23:12.462+0000] {processor.py:161} INFO - Started process (PID=644) to work on /opt/airflow/dags/load_day_to_snowflake.py
[2025-09-15T09:23:12.464+0000] {processor.py:830} INFO - Processing file /opt/airflow/dags/load_day_to_snowflake.py for tasks to queue
[2025-09-15T09:23:12.465+0000] {logging_mixin.py:188} INFO - [2025-09-15T09:23:12.464+0000] {dagbag.py:540} INFO - Filling up the DagBag from /opt/airflow/dags/load_day_to_snowflake.py
[2025-09-15T09:23:12.477+0000] {logging_mixin.py:188} INFO - [2025-09-15T09:23:12.476+0000] {dagbag.py:350} ERROR - Failed to import: /opt/airflow/dags/load_day_to_snowflake.py
Traceback (most recent call last):
  File "/home/airflow/.local/lib/python3.12/site-packages/airflow/models/dagbag.py", line 346, in parse
    loader.exec_module(new_module)
  File "<frozen importlib._bootstrap_external>", line 991, in exec_module
  File "<frozen importlib._bootstrap_external>", line 1129, in get_code
  File "<frozen importlib._bootstrap_external>", line 1059, in source_to_code
  File "<frozen importlib._bootstrap>", line 488, in _call_with_frames_removed
  File "/opt/airflow/dags/load_day_to_snowflake.py", line 20
    sql="""
        ^^^^^^^^^^^^^
SyntaxError: invalid syntax. Perhaps you forgot a comma?
[2025-09-15T09:23:12.478+0000] {processor.py:842} WARNING - No viable dags retrieved from /opt/airflow/dags/load_day_to_snowflake.py
[2025-09-15T09:23:12.519+0000] {processor.py:183} INFO - Processing /opt/airflow/dags/load_day_to_snowflake.py took 0.062 seconds
[2025-09-15T09:23:12.571+0000] {processor.py:161} INFO - Started process (PID=649) to work on /opt/airflow/dags/load_day_to_snowflake.py
[2025-09-15T09:23:12.572+0000] {processor.py:830} INFO - Processing file /opt/airflow/dags/load_day_to_snowflake.py for tasks to queue
[2025-09-15T09:23:12.573+0000] {logging_mixin.py:188} INFO - [2025-09-15T09:23:12.573+0000] {dagbag.py:540} INFO - Filling up the DagBag from /opt/airflow/dags/load_day_to_snowflake.py
[2025-09-15T09:23:12.586+0000] {logging_mixin.py:188} INFO - [2025-09-15T09:23:12.585+0000] {dagbag.py:350} ERROR - Failed to import: /opt/airflow/dags/load_day_to_snowflake.py
Traceback (most recent call last):
  File "/home/airflow/.local/lib/python3.12/site-packages/airflow/models/dagbag.py", line 346, in parse
    loader.exec_module(new_module)
  File "<frozen importlib._bootstrap_external>", line 991, in exec_module
  File "<frozen importlib._bootstrap_external>", line 1129, in get_code
  File "<frozen importlib._bootstrap_external>", line 1059, in source_to_code
  File "<frozen importlib._bootstrap>", line 488, in _call_with_frames_removed
  File "/opt/airflow/dags/load_day_to_snowflake.py", line 20
    sql="""
        ^^^^^^^^^^^^^
SyntaxError: invalid syntax. Perhaps you forgot a comma?
[2025-09-15T09:23:12.587+0000] {processor.py:842} WARNING - No viable dags retrieved from /opt/airflow/dags/load_day_to_snowflake.py
[2025-09-15T09:23:12.609+0000] {processor.py:183} INFO - Processing /opt/airflow/dags/load_day_to_snowflake.py took 0.044 seconds
[2025-09-15T09:23:12.660+0000] {processor.py:161} INFO - Started process (PID=654) to work on /opt/airflow/dags/load_day_to_snowflake.py
[2025-09-15T09:23:12.661+0000] {processor.py:830} INFO - Processing file /opt/airflow/dags/load_day_to_snowflake.py for tasks to queue
[2025-09-15T09:23:12.662+0000] {logging_mixin.py:188} INFO - [2025-09-15T09:23:12.662+0000] {dagbag.py:540} INFO - Filling up the DagBag from /opt/airflow/dags/load_day_to_snowflake.py
[2025-09-15T09:23:12.675+0000] {logging_mixin.py:188} INFO - [2025-09-15T09:23:12.674+0000] {dagbag.py:350} ERROR - Failed to import: /opt/airflow/dags/load_day_to_snowflake.py
Traceback (most recent call last):
  File "/home/airflow/.local/lib/python3.12/site-packages/airflow/models/dagbag.py", line 346, in parse
    loader.exec_module(new_module)
  File "<frozen importlib._bootstrap_external>", line 991, in exec_module
  File "<frozen importlib._bootstrap_external>", line 1129, in get_code
  File "<frozen importlib._bootstrap_external>", line 1059, in source_to_code
  File "<frozen importlib._bootstrap>", line 488, in _call_with_frames_removed
  File "/opt/airflow/dags/load_day_to_snowflake.py", line 20
    sql="""
        ^^^^^^^^^^^^^
SyntaxError: invalid syntax. Perhaps you forgot a comma?
[2025-09-15T09:23:12.676+0000] {processor.py:842} WARNING - No viable dags retrieved from /opt/airflow/dags/load_day_to_snowflake.py
[2025-09-15T09:23:12.698+0000] {processor.py:183} INFO - Processing /opt/airflow/dags/load_day_to_snowflake.py took 0.044 seconds
[2025-09-15T09:23:12.745+0000] {processor.py:161} INFO - Started process (PID=659) to work on /opt/airflow/dags/load_day_to_snowflake.py
[2025-09-15T09:23:12.746+0000] {processor.py:830} INFO - Processing file /opt/airflow/dags/load_day_to_snowflake.py for tasks to queue
[2025-09-15T09:23:12.747+0000] {logging_mixin.py:188} INFO - [2025-09-15T09:23:12.747+0000] {dagbag.py:540} INFO - Filling up the DagBag from /opt/airflow/dags/load_day_to_snowflake.py
[2025-09-15T09:23:12.760+0000] {logging_mixin.py:188} INFO - [2025-09-15T09:23:12.758+0000] {dagbag.py:350} ERROR - Failed to import: /opt/airflow/dags/load_day_to_snowflake.py
Traceback (most recent call last):
  File "/home/airflow/.local/lib/python3.12/site-packages/airflow/models/dagbag.py", line 346, in parse
    loader.exec_module(new_module)
  File "<frozen importlib._bootstrap_external>", line 991, in exec_module
  File "<frozen importlib._bootstrap_external>", line 1129, in get_code
  File "<frozen importlib._bootstrap_external>", line 1059, in source_to_code
  File "<frozen importlib._bootstrap>", line 488, in _call_with_frames_removed
  File "/opt/airflow/dags/load_day_to_snowflake.py", line 20
    sql="""
        ^^^^^^^^^^^^^
SyntaxError: invalid syntax. Perhaps you forgot a comma?
[2025-09-15T09:23:12.760+0000] {processor.py:842} WARNING - No viable dags retrieved from /opt/airflow/dags/load_day_to_snowflake.py
[2025-09-15T09:23:12.783+0000] {processor.py:183} INFO - Processing /opt/airflow/dags/load_day_to_snowflake.py took 0.044 seconds
[2025-09-15T09:23:12.837+0000] {processor.py:161} INFO - Started process (PID=664) to work on /opt/airflow/dags/load_day_to_snowflake.py
[2025-09-15T09:23:12.839+0000] {processor.py:830} INFO - Processing file /opt/airflow/dags/load_day_to_snowflake.py for tasks to queue
[2025-09-15T09:23:12.840+0000] {logging_mixin.py:188} INFO - [2025-09-15T09:23:12.840+0000] {dagbag.py:540} INFO - Filling up the DagBag from /opt/airflow/dags/load_day_to_snowflake.py
[2025-09-15T09:23:12.854+0000] {logging_mixin.py:188} INFO - [2025-09-15T09:23:12.854+0000] {dagbag.py:350} ERROR - Failed to import: /opt/airflow/dags/load_day_to_snowflake.py
Traceback (most recent call last):
  File "/home/airflow/.local/lib/python3.12/site-packages/airflow/models/dagbag.py", line 346, in parse
    loader.exec_module(new_module)
  File "<frozen importlib._bootstrap_external>", line 991, in exec_module
  File "<frozen importlib._bootstrap_external>", line 1129, in get_code
  File "<frozen importlib._bootstrap_external>", line 1059, in source_to_code
  File "<frozen importlib._bootstrap>", line 488, in _call_with_frames_removed
  File "/opt/airflow/dags/load_day_to_snowflake.py", line 20
    sql="""
        ^^^^^^^^^^^^^
SyntaxError: invalid syntax. Perhaps you forgot a comma?
[2025-09-15T09:23:12.855+0000] {processor.py:842} WARNING - No viable dags retrieved from /opt/airflow/dags/load_day_to_snowflake.py
[2025-09-15T09:23:12.875+0000] {processor.py:183} INFO - Processing /opt/airflow/dags/load_day_to_snowflake.py took 0.046 seconds
[2025-09-15T09:23:12.922+0000] {processor.py:161} INFO - Started process (PID=669) to work on /opt/airflow/dags/load_day_to_snowflake.py
[2025-09-15T09:23:12.923+0000] {processor.py:830} INFO - Processing file /opt/airflow/dags/load_day_to_snowflake.py for tasks to queue
[2025-09-15T09:23:12.924+0000] {logging_mixin.py:188} INFO - [2025-09-15T09:23:12.924+0000] {dagbag.py:540} INFO - Filling up the DagBag from /opt/airflow/dags/load_day_to_snowflake.py
[2025-09-15T09:23:12.936+0000] {logging_mixin.py:188} INFO - [2025-09-15T09:23:12.935+0000] {dagbag.py:350} ERROR - Failed to import: /opt/airflow/dags/load_day_to_snowflake.py
Traceback (most recent call last):
  File "/home/airflow/.local/lib/python3.12/site-packages/airflow/models/dagbag.py", line 346, in parse
    loader.exec_module(new_module)
  File "<frozen importlib._bootstrap_external>", line 991, in exec_module
  File "<frozen importlib._bootstrap_external>", line 1129, in get_code
  File "<frozen importlib._bootstrap_external>", line 1059, in source_to_code
  File "<frozen importlib._bootstrap>", line 488, in _call_with_frames_removed
  File "/opt/airflow/dags/load_day_to_snowflake.py", line 20
    sql="""
        ^^^^^^^^^^^^^
SyntaxError: invalid syntax. Perhaps you forgot a comma?
[2025-09-15T09:23:12.936+0000] {processor.py:842} WARNING - No viable dags retrieved from /opt/airflow/dags/load_day_to_snowflake.py
[2025-09-15T09:23:12.957+0000] {processor.py:183} INFO - Processing /opt/airflow/dags/load_day_to_snowflake.py took 0.041 seconds
[2025-09-15T09:23:33.491+0000] {processor.py:161} INFO - Started process (PID=699) to work on /opt/airflow/dags/load_day_to_snowflake.py
[2025-09-15T09:23:33.492+0000] {processor.py:830} INFO - Processing file /opt/airflow/dags/load_day_to_snowflake.py for tasks to queue
[2025-09-15T09:23:33.493+0000] {logging_mixin.py:188} INFO - [2025-09-15T09:23:33.493+0000] {dagbag.py:540} INFO - Filling up the DagBag from /opt/airflow/dags/load_day_to_snowflake.py
[2025-09-15T09:23:33.521+0000] {processor.py:840} INFO - DAG(s) 'load_day_to_snowflake' retrieved from /opt/airflow/dags/load_day_to_snowflake.py
[2025-09-15T09:23:33.550+0000] {logging_mixin.py:188} INFO - [2025-09-15T09:23:33.550+0000] {dag.py:3096} INFO - Sync 1 DAGs
[2025-09-15T09:23:33.563+0000] {logging_mixin.py:188} INFO - [2025-09-15T09:23:33.563+0000] {dag.py:3954} INFO - Setting next_dagrun for load_day_to_snowflake to None, run_after=None
[2025-09-15T09:23:33.591+0000] {processor.py:183} INFO - Processing /opt/airflow/dags/load_day_to_snowflake.py took 0.105 seconds
[2025-09-15T09:24:03.961+0000] {processor.py:161} INFO - Started process (PID=734) to work on /opt/airflow/dags/load_day_to_snowflake.py
[2025-09-15T09:24:03.962+0000] {processor.py:830} INFO - Processing file /opt/airflow/dags/load_day_to_snowflake.py for tasks to queue
[2025-09-15T09:24:03.963+0000] {logging_mixin.py:188} INFO - [2025-09-15T09:24:03.963+0000] {dagbag.py:540} INFO - Filling up the DagBag from /opt/airflow/dags/load_day_to_snowflake.py
[2025-09-15T09:24:03.985+0000] {processor.py:840} INFO - DAG(s) 'load_day_to_snowflake' retrieved from /opt/airflow/dags/load_day_to_snowflake.py
[2025-09-15T09:24:04.018+0000] {logging_mixin.py:188} INFO - [2025-09-15T09:24:04.018+0000] {dag.py:3096} INFO - Sync 1 DAGs
[2025-09-15T09:24:04.033+0000] {logging_mixin.py:188} INFO - [2025-09-15T09:24:04.033+0000] {dag.py:3954} INFO - Setting next_dagrun for load_day_to_snowflake to None, run_after=None
[2025-09-15T09:24:04.059+0000] {processor.py:183} INFO - Processing /opt/airflow/dags/load_day_to_snowflake.py took 0.105 seconds
[2025-09-15T09:24:34.286+0000] {processor.py:161} INFO - Started process (PID=769) to work on /opt/airflow/dags/load_day_to_snowflake.py
[2025-09-15T09:24:34.287+0000] {processor.py:830} INFO - Processing file /opt/airflow/dags/load_day_to_snowflake.py for tasks to queue
[2025-09-15T09:24:34.288+0000] {logging_mixin.py:188} INFO - [2025-09-15T09:24:34.287+0000] {dagbag.py:540} INFO - Filling up the DagBag from /opt/airflow/dags/load_day_to_snowflake.py
[2025-09-15T09:24:34.308+0000] {processor.py:840} INFO - DAG(s) 'load_day_to_snowflake' retrieved from /opt/airflow/dags/load_day_to_snowflake.py
[2025-09-15T09:24:34.336+0000] {logging_mixin.py:188} INFO - [2025-09-15T09:24:34.335+0000] {dag.py:3096} INFO - Sync 1 DAGs
[2025-09-15T09:24:34.350+0000] {logging_mixin.py:188} INFO - [2025-09-15T09:24:34.349+0000] {dag.py:3954} INFO - Setting next_dagrun for load_day_to_snowflake to None, run_after=None
[2025-09-15T09:24:34.370+0000] {processor.py:183} INFO - Processing /opt/airflow/dags/load_day_to_snowflake.py took 0.091 seconds
[2025-09-15T09:25:04.996+0000] {processor.py:161} INFO - Started process (PID=804) to work on /opt/airflow/dags/load_day_to_snowflake.py
[2025-09-15T09:25:04.998+0000] {processor.py:830} INFO - Processing file /opt/airflow/dags/load_day_to_snowflake.py for tasks to queue
[2025-09-15T09:25:04.999+0000] {logging_mixin.py:188} INFO - [2025-09-15T09:25:04.998+0000] {dagbag.py:540} INFO - Filling up the DagBag from /opt/airflow/dags/load_day_to_snowflake.py
[2025-09-15T09:25:05.018+0000] {processor.py:840} INFO - DAG(s) 'load_day_to_snowflake' retrieved from /opt/airflow/dags/load_day_to_snowflake.py
[2025-09-15T09:25:05.044+0000] {logging_mixin.py:188} INFO - [2025-09-15T09:25:05.044+0000] {dag.py:3096} INFO - Sync 1 DAGs
[2025-09-15T09:25:05.056+0000] {logging_mixin.py:188} INFO - [2025-09-15T09:25:05.055+0000] {dag.py:3954} INFO - Setting next_dagrun for load_day_to_snowflake to None, run_after=None
[2025-09-15T09:25:05.076+0000] {processor.py:183} INFO - Processing /opt/airflow/dags/load_day_to_snowflake.py took 0.086 seconds
[2025-09-15T09:25:35.489+0000] {processor.py:161} INFO - Started process (PID=843) to work on /opt/airflow/dags/load_day_to_snowflake.py
[2025-09-15T09:25:35.490+0000] {processor.py:830} INFO - Processing file /opt/airflow/dags/load_day_to_snowflake.py for tasks to queue
[2025-09-15T09:25:35.491+0000] {logging_mixin.py:188} INFO - [2025-09-15T09:25:35.491+0000] {dagbag.py:540} INFO - Filling up the DagBag from /opt/airflow/dags/load_day_to_snowflake.py
[2025-09-15T09:25:35.508+0000] {processor.py:840} INFO - DAG(s) 'load_day_to_snowflake' retrieved from /opt/airflow/dags/load_day_to_snowflake.py
[2025-09-15T09:25:35.534+0000] {logging_mixin.py:188} INFO - [2025-09-15T09:25:35.533+0000] {dag.py:3096} INFO - Sync 1 DAGs
[2025-09-15T09:25:35.545+0000] {logging_mixin.py:188} INFO - [2025-09-15T09:25:35.544+0000] {dag.py:3954} INFO - Setting next_dagrun for load_day_to_snowflake to None, run_after=None
[2025-09-15T09:25:35.564+0000] {processor.py:183} INFO - Processing /opt/airflow/dags/load_day_to_snowflake.py took 0.081 seconds
[2025-09-15T09:26:05.700+0000] {processor.py:161} INFO - Started process (PID=878) to work on /opt/airflow/dags/load_day_to_snowflake.py
[2025-09-15T09:26:05.702+0000] {processor.py:830} INFO - Processing file /opt/airflow/dags/load_day_to_snowflake.py for tasks to queue
[2025-09-15T09:26:05.703+0000] {logging_mixin.py:188} INFO - [2025-09-15T09:26:05.703+0000] {dagbag.py:540} INFO - Filling up the DagBag from /opt/airflow/dags/load_day_to_snowflake.py
[2025-09-15T09:26:05.726+0000] {processor.py:840} INFO - DAG(s) 'load_day_to_snowflake' retrieved from /opt/airflow/dags/load_day_to_snowflake.py
[2025-09-15T09:26:05.756+0000] {logging_mixin.py:188} INFO - [2025-09-15T09:26:05.756+0000] {dag.py:3096} INFO - Sync 1 DAGs
[2025-09-15T09:26:05.770+0000] {logging_mixin.py:188} INFO - [2025-09-15T09:26:05.770+0000] {dag.py:3954} INFO - Setting next_dagrun for load_day_to_snowflake to None, run_after=None
[2025-09-15T09:26:05.792+0000] {processor.py:183} INFO - Processing /opt/airflow/dags/load_day_to_snowflake.py took 0.100 seconds
[2025-09-15T09:26:36.365+0000] {processor.py:161} INFO - Started process (PID=903) to work on /opt/airflow/dags/load_day_to_snowflake.py
[2025-09-15T09:26:36.366+0000] {processor.py:830} INFO - Processing file /opt/airflow/dags/load_day_to_snowflake.py for tasks to queue
[2025-09-15T09:26:36.366+0000] {logging_mixin.py:188} INFO - [2025-09-15T09:26:36.366+0000] {dagbag.py:540} INFO - Filling up the DagBag from /opt/airflow/dags/load_day_to_snowflake.py
[2025-09-15T09:26:36.383+0000] {processor.py:840} INFO - DAG(s) 'load_day_to_snowflake' retrieved from /opt/airflow/dags/load_day_to_snowflake.py
[2025-09-15T09:26:36.409+0000] {logging_mixin.py:188} INFO - [2025-09-15T09:26:36.409+0000] {dag.py:3096} INFO - Sync 1 DAGs
[2025-09-15T09:26:36.423+0000] {logging_mixin.py:188} INFO - [2025-09-15T09:26:36.423+0000] {dag.py:3954} INFO - Setting next_dagrun for load_day_to_snowflake to None, run_after=None
[2025-09-15T09:26:36.444+0000] {processor.py:183} INFO - Processing /opt/airflow/dags/load_day_to_snowflake.py took 0.086 seconds
[2025-09-15T09:27:07.427+0000] {processor.py:161} INFO - Started process (PID=938) to work on /opt/airflow/dags/load_day_to_snowflake.py
[2025-09-15T09:27:07.428+0000] {processor.py:830} INFO - Processing file /opt/airflow/dags/load_day_to_snowflake.py for tasks to queue
[2025-09-15T09:27:07.429+0000] {logging_mixin.py:188} INFO - [2025-09-15T09:27:07.429+0000] {dagbag.py:540} INFO - Filling up the DagBag from /opt/airflow/dags/load_day_to_snowflake.py
[2025-09-15T09:27:07.451+0000] {processor.py:840} INFO - DAG(s) 'load_day_to_snowflake' retrieved from /opt/airflow/dags/load_day_to_snowflake.py
[2025-09-15T09:27:07.483+0000] {logging_mixin.py:188} INFO - [2025-09-15T09:27:07.483+0000] {dag.py:3096} INFO - Sync 1 DAGs
[2025-09-15T09:27:07.496+0000] {logging_mixin.py:188} INFO - [2025-09-15T09:27:07.495+0000] {dag.py:3954} INFO - Setting next_dagrun for load_day_to_snowflake to None, run_after=None
[2025-09-15T09:27:07.526+0000] {processor.py:183} INFO - Processing /opt/airflow/dags/load_day_to_snowflake.py took 0.105 seconds
[2025-09-15T09:27:38.101+0000] {processor.py:161} INFO - Started process (PID=973) to work on /opt/airflow/dags/load_day_to_snowflake.py
[2025-09-15T09:27:38.102+0000] {processor.py:830} INFO - Processing file /opt/airflow/dags/load_day_to_snowflake.py for tasks to queue
[2025-09-15T09:27:38.104+0000] {logging_mixin.py:188} INFO - [2025-09-15T09:27:38.103+0000] {dagbag.py:540} INFO - Filling up the DagBag from /opt/airflow/dags/load_day_to_snowflake.py
[2025-09-15T09:27:38.129+0000] {processor.py:840} INFO - DAG(s) 'load_day_to_snowflake' retrieved from /opt/airflow/dags/load_day_to_snowflake.py
[2025-09-15T09:27:38.158+0000] {logging_mixin.py:188} INFO - [2025-09-15T09:27:38.158+0000] {dag.py:3096} INFO - Sync 1 DAGs
[2025-09-15T09:27:38.173+0000] {logging_mixin.py:188} INFO - [2025-09-15T09:27:38.173+0000] {dag.py:3954} INFO - Setting next_dagrun for load_day_to_snowflake to None, run_after=None
[2025-09-15T09:27:38.202+0000] {processor.py:183} INFO - Processing /opt/airflow/dags/load_day_to_snowflake.py took 0.109 seconds
[2025-09-15T09:27:47.604+0000] {processor.py:161} INFO - Started process (PID=993) to work on /opt/airflow/dags/load_day_to_snowflake.py
[2025-09-15T09:27:47.605+0000] {processor.py:830} INFO - Processing file /opt/airflow/dags/load_day_to_snowflake.py for tasks to queue
[2025-09-15T09:27:47.606+0000] {logging_mixin.py:188} INFO - [2025-09-15T09:27:47.606+0000] {dagbag.py:540} INFO - Filling up the DagBag from /opt/airflow/dags/load_day_to_snowflake.py
[2025-09-15T09:27:47.630+0000] {processor.py:840} INFO - DAG(s) 'load_day_to_snowflake' retrieved from /opt/airflow/dags/load_day_to_snowflake.py
[2025-09-15T09:27:47.804+0000] {logging_mixin.py:188} INFO - [2025-09-15T09:27:47.804+0000] {dag.py:3096} INFO - Sync 1 DAGs
[2025-09-15T09:27:47.814+0000] {logging_mixin.py:188} INFO - [2025-09-15T09:27:47.814+0000] {dag.py:3954} INFO - Setting next_dagrun for load_day_to_snowflake to None, run_after=None
[2025-09-15T09:27:47.841+0000] {processor.py:183} INFO - Processing /opt/airflow/dags/load_day_to_snowflake.py took 0.244 seconds
[2025-09-15T09:28:18.084+0000] {processor.py:161} INFO - Started process (PID=1032) to work on /opt/airflow/dags/load_day_to_snowflake.py
[2025-09-15T09:28:18.085+0000] {processor.py:830} INFO - Processing file /opt/airflow/dags/load_day_to_snowflake.py for tasks to queue
[2025-09-15T09:28:18.086+0000] {logging_mixin.py:188} INFO - [2025-09-15T09:28:18.086+0000] {dagbag.py:540} INFO - Filling up the DagBag from /opt/airflow/dags/load_day_to_snowflake.py
[2025-09-15T09:28:18.104+0000] {processor.py:840} INFO - DAG(s) 'load_day_to_snowflake' retrieved from /opt/airflow/dags/load_day_to_snowflake.py
[2025-09-15T09:28:18.132+0000] {logging_mixin.py:188} INFO - [2025-09-15T09:28:18.131+0000] {dag.py:3096} INFO - Sync 1 DAGs
[2025-09-15T09:28:18.144+0000] {logging_mixin.py:188} INFO - [2025-09-15T09:28:18.144+0000] {dag.py:3954} INFO - Setting next_dagrun for load_day_to_snowflake to None, run_after=None
[2025-09-15T09:28:18.169+0000] {processor.py:183} INFO - Processing /opt/airflow/dags/load_day_to_snowflake.py took 0.092 seconds
[2025-09-15T09:28:49.142+0000] {processor.py:161} INFO - Started process (PID=1067) to work on /opt/airflow/dags/load_day_to_snowflake.py
[2025-09-15T09:28:49.143+0000] {processor.py:830} INFO - Processing file /opt/airflow/dags/load_day_to_snowflake.py for tasks to queue
[2025-09-15T09:28:49.145+0000] {logging_mixin.py:188} INFO - [2025-09-15T09:28:49.144+0000] {dagbag.py:540} INFO - Filling up the DagBag from /opt/airflow/dags/load_day_to_snowflake.py
[2025-09-15T09:28:49.164+0000] {processor.py:840} INFO - DAG(s) 'load_day_to_snowflake' retrieved from /opt/airflow/dags/load_day_to_snowflake.py
[2025-09-15T09:28:49.205+0000] {logging_mixin.py:188} INFO - [2025-09-15T09:28:49.205+0000] {dag.py:3096} INFO - Sync 1 DAGs
[2025-09-15T09:28:49.221+0000] {logging_mixin.py:188} INFO - [2025-09-15T09:28:49.220+0000] {dag.py:3954} INFO - Setting next_dagrun for load_day_to_snowflake to None, run_after=None
[2025-09-15T09:28:49.247+0000] {processor.py:183} INFO - Processing /opt/airflow/dags/load_day_to_snowflake.py took 0.113 seconds
[2025-09-15T09:29:19.763+0000] {processor.py:161} INFO - Started process (PID=1102) to work on /opt/airflow/dags/load_day_to_snowflake.py
[2025-09-15T09:29:19.764+0000] {processor.py:830} INFO - Processing file /opt/airflow/dags/load_day_to_snowflake.py for tasks to queue
[2025-09-15T09:29:19.765+0000] {logging_mixin.py:188} INFO - [2025-09-15T09:29:19.765+0000] {dagbag.py:540} INFO - Filling up the DagBag from /opt/airflow/dags/load_day_to_snowflake.py
[2025-09-15T09:29:19.785+0000] {processor.py:840} INFO - DAG(s) 'load_day_to_snowflake' retrieved from /opt/airflow/dags/load_day_to_snowflake.py
[2025-09-15T09:29:19.812+0000] {logging_mixin.py:188} INFO - [2025-09-15T09:29:19.812+0000] {dag.py:3096} INFO - Sync 1 DAGs
[2025-09-15T09:29:19.824+0000] {logging_mixin.py:188} INFO - [2025-09-15T09:29:19.824+0000] {dag.py:3954} INFO - Setting next_dagrun for load_day_to_snowflake to None, run_after=None
[2025-09-15T09:29:19.845+0000] {processor.py:183} INFO - Processing /opt/airflow/dags/load_day_to_snowflake.py took 0.089 seconds
[2025-09-15T09:29:50.909+0000] {processor.py:161} INFO - Started process (PID=1137) to work on /opt/airflow/dags/load_day_to_snowflake.py
[2025-09-15T09:29:50.911+0000] {processor.py:830} INFO - Processing file /opt/airflow/dags/load_day_to_snowflake.py for tasks to queue
[2025-09-15T09:29:50.912+0000] {logging_mixin.py:188} INFO - [2025-09-15T09:29:50.912+0000] {dagbag.py:540} INFO - Filling up the DagBag from /opt/airflow/dags/load_day_to_snowflake.py
[2025-09-15T09:29:50.933+0000] {processor.py:840} INFO - DAG(s) 'load_day_to_snowflake' retrieved from /opt/airflow/dags/load_day_to_snowflake.py
[2025-09-15T09:29:50.964+0000] {logging_mixin.py:188} INFO - [2025-09-15T09:29:50.964+0000] {dag.py:3096} INFO - Sync 1 DAGs
[2025-09-15T09:29:50.978+0000] {logging_mixin.py:188} INFO - [2025-09-15T09:29:50.977+0000] {dag.py:3954} INFO - Setting next_dagrun for load_day_to_snowflake to None, run_after=None
[2025-09-15T09:29:51.011+0000] {processor.py:183} INFO - Processing /opt/airflow/dags/load_day_to_snowflake.py took 0.113 seconds
[2025-09-15T09:30:22.014+0000] {processor.py:161} INFO - Started process (PID=1176) to work on /opt/airflow/dags/load_day_to_snowflake.py
[2025-09-15T09:30:22.015+0000] {processor.py:830} INFO - Processing file /opt/airflow/dags/load_day_to_snowflake.py for tasks to queue
[2025-09-15T09:30:22.016+0000] {logging_mixin.py:188} INFO - [2025-09-15T09:30:22.016+0000] {dagbag.py:540} INFO - Filling up the DagBag from /opt/airflow/dags/load_day_to_snowflake.py
[2025-09-15T09:30:22.034+0000] {processor.py:840} INFO - DAG(s) 'load_day_to_snowflake' retrieved from /opt/airflow/dags/load_day_to_snowflake.py
[2025-09-15T09:30:22.060+0000] {logging_mixin.py:188} INFO - [2025-09-15T09:30:22.059+0000] {dag.py:3096} INFO - Sync 1 DAGs
[2025-09-15T09:30:22.071+0000] {logging_mixin.py:188} INFO - [2025-09-15T09:30:22.071+0000] {dag.py:3954} INFO - Setting next_dagrun for load_day_to_snowflake to None, run_after=None
[2025-09-15T09:30:22.092+0000] {processor.py:183} INFO - Processing /opt/airflow/dags/load_day_to_snowflake.py took 0.083 seconds
[2025-09-15T09:30:52.813+0000] {processor.py:161} INFO - Started process (PID=1211) to work on /opt/airflow/dags/load_day_to_snowflake.py
[2025-09-15T09:30:52.815+0000] {processor.py:830} INFO - Processing file /opt/airflow/dags/load_day_to_snowflake.py for tasks to queue
[2025-09-15T09:30:52.816+0000] {logging_mixin.py:188} INFO - [2025-09-15T09:30:52.815+0000] {dagbag.py:540} INFO - Filling up the DagBag from /opt/airflow/dags/load_day_to_snowflake.py
[2025-09-15T09:30:52.835+0000] {processor.py:840} INFO - DAG(s) 'load_day_to_snowflake' retrieved from /opt/airflow/dags/load_day_to_snowflake.py
[2025-09-15T09:30:52.863+0000] {logging_mixin.py:188} INFO - [2025-09-15T09:30:52.863+0000] {dag.py:3096} INFO - Sync 1 DAGs
[2025-09-15T09:30:52.875+0000] {logging_mixin.py:188} INFO - [2025-09-15T09:30:52.875+0000] {dag.py:3954} INFO - Setting next_dagrun for load_day_to_snowflake to None, run_after=None
[2025-09-15T09:30:52.896+0000] {processor.py:183} INFO - Processing /opt/airflow/dags/load_day_to_snowflake.py took 0.088 seconds
[2025-09-15T09:31:23.606+0000] {processor.py:161} INFO - Started process (PID=1246) to work on /opt/airflow/dags/load_day_to_snowflake.py
[2025-09-15T09:31:23.608+0000] {processor.py:830} INFO - Processing file /opt/airflow/dags/load_day_to_snowflake.py for tasks to queue
[2025-09-15T09:31:23.609+0000] {logging_mixin.py:188} INFO - [2025-09-15T09:31:23.608+0000] {dagbag.py:540} INFO - Filling up the DagBag from /opt/airflow/dags/load_day_to_snowflake.py
[2025-09-15T09:31:23.628+0000] {processor.py:840} INFO - DAG(s) 'load_day_to_snowflake' retrieved from /opt/airflow/dags/load_day_to_snowflake.py
[2025-09-15T09:31:23.657+0000] {logging_mixin.py:188} INFO - [2025-09-15T09:31:23.657+0000] {dag.py:3096} INFO - Sync 1 DAGs
[2025-09-15T09:31:23.669+0000] {logging_mixin.py:188} INFO - [2025-09-15T09:31:23.669+0000] {dag.py:3954} INFO - Setting next_dagrun for load_day_to_snowflake to None, run_after=None
[2025-09-15T09:31:23.700+0000] {processor.py:183} INFO - Processing /opt/airflow/dags/load_day_to_snowflake.py took 0.103 seconds
[2025-09-15T09:31:54.409+0000] {processor.py:161} INFO - Started process (PID=1281) to work on /opt/airflow/dags/load_day_to_snowflake.py
[2025-09-15T09:31:54.411+0000] {processor.py:830} INFO - Processing file /opt/airflow/dags/load_day_to_snowflake.py for tasks to queue
[2025-09-15T09:31:54.413+0000] {logging_mixin.py:188} INFO - [2025-09-15T09:31:54.412+0000] {dagbag.py:540} INFO - Filling up the DagBag from /opt/airflow/dags/load_day_to_snowflake.py
[2025-09-15T09:31:54.510+0000] {processor.py:840} INFO - DAG(s) 'load_day_to_snowflake' retrieved from /opt/airflow/dags/load_day_to_snowflake.py
[2025-09-15T09:31:54.624+0000] {logging_mixin.py:188} INFO - [2025-09-15T09:31:54.624+0000] {dag.py:3096} INFO - Sync 1 DAGs
[2025-09-15T09:31:54.702+0000] {logging_mixin.py:188} INFO - [2025-09-15T09:31:54.702+0000] {dag.py:3954} INFO - Setting next_dagrun for load_day_to_snowflake to None, run_after=None
[2025-09-15T09:31:54.727+0000] {processor.py:183} INFO - Processing /opt/airflow/dags/load_day_to_snowflake.py took 0.335 seconds
[2025-09-15T09:32:25.031+0000] {processor.py:161} INFO - Started process (PID=1316) to work on /opt/airflow/dags/load_day_to_snowflake.py
[2025-09-15T09:32:25.033+0000] {processor.py:830} INFO - Processing file /opt/airflow/dags/load_day_to_snowflake.py for tasks to queue
[2025-09-15T09:32:25.034+0000] {logging_mixin.py:188} INFO - [2025-09-15T09:32:25.034+0000] {dagbag.py:540} INFO - Filling up the DagBag from /opt/airflow/dags/load_day_to_snowflake.py
[2025-09-15T09:32:25.078+0000] {processor.py:840} INFO - DAG(s) 'load_day_to_snowflake' retrieved from /opt/airflow/dags/load_day_to_snowflake.py
[2025-09-15T09:32:25.165+0000] {logging_mixin.py:188} INFO - [2025-09-15T09:32:25.164+0000] {dag.py:3096} INFO - Sync 1 DAGs
[2025-09-15T09:32:25.218+0000] {logging_mixin.py:188} INFO - [2025-09-15T09:32:25.217+0000] {dag.py:3954} INFO - Setting next_dagrun for load_day_to_snowflake to None, run_after=None
[2025-09-15T09:32:25.270+0000] {processor.py:183} INFO - Processing /opt/airflow/dags/load_day_to_snowflake.py took 0.246 seconds
[2025-09-15T09:32:56.122+0000] {processor.py:161} INFO - Started process (PID=1353) to work on /opt/airflow/dags/load_day_to_snowflake.py
[2025-09-15T09:32:56.148+0000] {processor.py:830} INFO - Processing file /opt/airflow/dags/load_day_to_snowflake.py for tasks to queue
[2025-09-15T09:32:56.172+0000] {logging_mixin.py:188} INFO - [2025-09-15T09:32:56.159+0000] {dagbag.py:540} INFO - Filling up the DagBag from /opt/airflow/dags/load_day_to_snowflake.py
[2025-09-15T09:32:56.656+0000] {processor.py:840} INFO - DAG(s) 'load_day_to_snowflake' retrieved from /opt/airflow/dags/load_day_to_snowflake.py
[2025-09-15T09:32:56.927+0000] {logging_mixin.py:188} INFO - [2025-09-15T09:32:56.926+0000] {dag.py:3096} INFO - Sync 1 DAGs
[2025-09-15T09:32:57.073+0000] {logging_mixin.py:188} INFO - [2025-09-15T09:32:57.073+0000] {dag.py:3954} INFO - Setting next_dagrun for load_day_to_snowflake to None, run_after=None
[2025-09-15T09:32:57.230+0000] {processor.py:183} INFO - Processing /opt/airflow/dags/load_day_to_snowflake.py took 1.239 seconds
[2025-09-15T09:33:27.515+0000] {processor.py:161} INFO - Started process (PID=1390) to work on /opt/airflow/dags/load_day_to_snowflake.py
[2025-09-15T09:33:27.516+0000] {processor.py:830} INFO - Processing file /opt/airflow/dags/load_day_to_snowflake.py for tasks to queue
[2025-09-15T09:33:27.517+0000] {logging_mixin.py:188} INFO - [2025-09-15T09:33:27.517+0000] {dagbag.py:540} INFO - Filling up the DagBag from /opt/airflow/dags/load_day_to_snowflake.py
[2025-09-15T09:33:27.533+0000] {processor.py:840} INFO - DAG(s) 'load_day_to_snowflake' retrieved from /opt/airflow/dags/load_day_to_snowflake.py
[2025-09-15T09:33:27.558+0000] {logging_mixin.py:188} INFO - [2025-09-15T09:33:27.558+0000] {dag.py:3096} INFO - Sync 1 DAGs
[2025-09-15T09:33:27.571+0000] {logging_mixin.py:188} INFO - [2025-09-15T09:33:27.570+0000] {dag.py:3954} INFO - Setting next_dagrun for load_day_to_snowflake to None, run_after=None
[2025-09-15T09:33:27.592+0000] {processor.py:183} INFO - Processing /opt/airflow/dags/load_day_to_snowflake.py took 0.082 seconds
[2025-09-15T09:33:58.016+0000] {processor.py:161} INFO - Started process (PID=1425) to work on /opt/airflow/dags/load_day_to_snowflake.py
[2025-09-15T09:33:58.018+0000] {processor.py:830} INFO - Processing file /opt/airflow/dags/load_day_to_snowflake.py for tasks to queue
[2025-09-15T09:33:58.019+0000] {logging_mixin.py:188} INFO - [2025-09-15T09:33:58.018+0000] {dagbag.py:540} INFO - Filling up the DagBag from /opt/airflow/dags/load_day_to_snowflake.py
[2025-09-15T09:33:58.037+0000] {processor.py:840} INFO - DAG(s) 'load_day_to_snowflake' retrieved from /opt/airflow/dags/load_day_to_snowflake.py
[2025-09-15T09:33:58.063+0000] {logging_mixin.py:188} INFO - [2025-09-15T09:33:58.063+0000] {dag.py:3096} INFO - Sync 1 DAGs
[2025-09-15T09:33:58.076+0000] {logging_mixin.py:188} INFO - [2025-09-15T09:33:58.076+0000] {dag.py:3954} INFO - Setting next_dagrun for load_day_to_snowflake to None, run_after=None
[2025-09-15T09:33:58.098+0000] {processor.py:183} INFO - Processing /opt/airflow/dags/load_day_to_snowflake.py took 0.088 seconds
[2025-09-15T09:34:28.725+0000] {processor.py:161} INFO - Started process (PID=1460) to work on /opt/airflow/dags/load_day_to_snowflake.py
[2025-09-15T09:34:28.726+0000] {processor.py:830} INFO - Processing file /opt/airflow/dags/load_day_to_snowflake.py for tasks to queue
[2025-09-15T09:34:28.727+0000] {logging_mixin.py:188} INFO - [2025-09-15T09:34:28.727+0000] {dagbag.py:540} INFO - Filling up the DagBag from /opt/airflow/dags/load_day_to_snowflake.py
[2025-09-15T09:34:28.746+0000] {processor.py:840} INFO - DAG(s) 'load_day_to_snowflake' retrieved from /opt/airflow/dags/load_day_to_snowflake.py
[2025-09-15T09:34:28.772+0000] {logging_mixin.py:188} INFO - [2025-09-15T09:34:28.771+0000] {dag.py:3096} INFO - Sync 1 DAGs
[2025-09-15T09:34:28.785+0000] {logging_mixin.py:188} INFO - [2025-09-15T09:34:28.784+0000] {dag.py:3954} INFO - Setting next_dagrun for load_day_to_snowflake to None, run_after=None
[2025-09-15T09:34:28.805+0000] {processor.py:183} INFO - Processing /opt/airflow/dags/load_day_to_snowflake.py took 0.087 seconds
[2025-09-15T09:34:59.342+0000] {processor.py:161} INFO - Started process (PID=1495) to work on /opt/airflow/dags/load_day_to_snowflake.py
[2025-09-15T09:34:59.343+0000] {processor.py:830} INFO - Processing file /opt/airflow/dags/load_day_to_snowflake.py for tasks to queue
[2025-09-15T09:34:59.344+0000] {logging_mixin.py:188} INFO - [2025-09-15T09:34:59.344+0000] {dagbag.py:540} INFO - Filling up the DagBag from /opt/airflow/dags/load_day_to_snowflake.py
[2025-09-15T09:34:59.366+0000] {processor.py:840} INFO - DAG(s) 'load_day_to_snowflake' retrieved from /opt/airflow/dags/load_day_to_snowflake.py
[2025-09-15T09:34:59.396+0000] {logging_mixin.py:188} INFO - [2025-09-15T09:34:59.396+0000] {dag.py:3096} INFO - Sync 1 DAGs
[2025-09-15T09:34:59.411+0000] {logging_mixin.py:188} INFO - [2025-09-15T09:34:59.410+0000] {dag.py:3954} INFO - Setting next_dagrun for load_day_to_snowflake to None, run_after=None
[2025-09-15T09:34:59.432+0000] {processor.py:183} INFO - Processing /opt/airflow/dags/load_day_to_snowflake.py took 0.097 seconds
[2025-09-15T09:35:29.930+0000] {processor.py:161} INFO - Started process (PID=1530) to work on /opt/airflow/dags/load_day_to_snowflake.py
[2025-09-15T09:35:29.932+0000] {processor.py:830} INFO - Processing file /opt/airflow/dags/load_day_to_snowflake.py for tasks to queue
[2025-09-15T09:35:29.934+0000] {logging_mixin.py:188} INFO - [2025-09-15T09:35:29.933+0000] {dagbag.py:540} INFO - Filling up the DagBag from /opt/airflow/dags/load_day_to_snowflake.py
[2025-09-15T09:35:29.966+0000] {processor.py:840} INFO - DAG(s) 'load_day_to_snowflake' retrieved from /opt/airflow/dags/load_day_to_snowflake.py
[2025-09-15T09:35:30.008+0000] {logging_mixin.py:188} INFO - [2025-09-15T09:35:30.008+0000] {dag.py:3096} INFO - Sync 1 DAGs
[2025-09-15T09:35:30.032+0000] {logging_mixin.py:188} INFO - [2025-09-15T09:35:30.031+0000] {dag.py:3954} INFO - Setting next_dagrun for load_day_to_snowflake to None, run_after=None
[2025-09-15T09:35:30.052+0000] {processor.py:183} INFO - Processing /opt/airflow/dags/load_day_to_snowflake.py took 0.130 seconds
[2025-09-15T09:36:00.610+0000] {processor.py:161} INFO - Started process (PID=1565) to work on /opt/airflow/dags/load_day_to_snowflake.py
[2025-09-15T09:36:00.612+0000] {processor.py:830} INFO - Processing file /opt/airflow/dags/load_day_to_snowflake.py for tasks to queue
[2025-09-15T09:36:00.612+0000] {logging_mixin.py:188} INFO - [2025-09-15T09:36:00.612+0000] {dagbag.py:540} INFO - Filling up the DagBag from /opt/airflow/dags/load_day_to_snowflake.py
[2025-09-15T09:36:00.628+0000] {processor.py:840} INFO - DAG(s) 'load_day_to_snowflake' retrieved from /opt/airflow/dags/load_day_to_snowflake.py
[2025-09-15T09:36:00.652+0000] {logging_mixin.py:188} INFO - [2025-09-15T09:36:00.652+0000] {dag.py:3096} INFO - Sync 1 DAGs
[2025-09-15T09:36:00.662+0000] {logging_mixin.py:188} INFO - [2025-09-15T09:36:00.662+0000] {dag.py:3954} INFO - Setting next_dagrun for load_day_to_snowflake to None, run_after=None
[2025-09-15T09:36:00.682+0000] {processor.py:183} INFO - Processing /opt/airflow/dags/load_day_to_snowflake.py took 0.077 seconds
[2025-09-15T09:36:31.357+0000] {processor.py:161} INFO - Started process (PID=1600) to work on /opt/airflow/dags/load_day_to_snowflake.py
[2025-09-15T09:36:31.358+0000] {processor.py:830} INFO - Processing file /opt/airflow/dags/load_day_to_snowflake.py for tasks to queue
[2025-09-15T09:36:31.358+0000] {logging_mixin.py:188} INFO - [2025-09-15T09:36:31.358+0000] {dagbag.py:540} INFO - Filling up the DagBag from /opt/airflow/dags/load_day_to_snowflake.py
[2025-09-15T09:36:31.374+0000] {processor.py:840} INFO - DAG(s) 'load_day_to_snowflake' retrieved from /opt/airflow/dags/load_day_to_snowflake.py
[2025-09-15T09:36:31.399+0000] {logging_mixin.py:188} INFO - [2025-09-15T09:36:31.399+0000] {dag.py:3096} INFO - Sync 1 DAGs
[2025-09-15T09:36:31.409+0000] {logging_mixin.py:188} INFO - [2025-09-15T09:36:31.409+0000] {dag.py:3954} INFO - Setting next_dagrun for load_day_to_snowflake to None, run_after=None
[2025-09-15T09:36:31.430+0000] {processor.py:183} INFO - Processing /opt/airflow/dags/load_day_to_snowflake.py took 0.079 seconds
[2025-09-15T09:37:01.821+0000] {processor.py:161} INFO - Started process (PID=1635) to work on /opt/airflow/dags/load_day_to_snowflake.py
[2025-09-15T09:37:01.823+0000] {processor.py:830} INFO - Processing file /opt/airflow/dags/load_day_to_snowflake.py for tasks to queue
[2025-09-15T09:37:01.824+0000] {logging_mixin.py:188} INFO - [2025-09-15T09:37:01.823+0000] {dagbag.py:540} INFO - Filling up the DagBag from /opt/airflow/dags/load_day_to_snowflake.py
[2025-09-15T09:37:01.843+0000] {processor.py:840} INFO - DAG(s) 'load_day_to_snowflake' retrieved from /opt/airflow/dags/load_day_to_snowflake.py
[2025-09-15T09:37:01.871+0000] {logging_mixin.py:188} INFO - [2025-09-15T09:37:01.871+0000] {dag.py:3096} INFO - Sync 1 DAGs
[2025-09-15T09:37:01.881+0000] {logging_mixin.py:188} INFO - [2025-09-15T09:37:01.881+0000] {dag.py:3954} INFO - Setting next_dagrun for load_day_to_snowflake to None, run_after=None
[2025-09-15T09:37:01.900+0000] {processor.py:183} INFO - Processing /opt/airflow/dags/load_day_to_snowflake.py took 0.085 seconds
[2025-09-15T09:37:32.415+0000] {processor.py:161} INFO - Started process (PID=1670) to work on /opt/airflow/dags/load_day_to_snowflake.py
[2025-09-15T09:37:32.416+0000] {processor.py:830} INFO - Processing file /opt/airflow/dags/load_day_to_snowflake.py for tasks to queue
[2025-09-15T09:37:32.417+0000] {logging_mixin.py:188} INFO - [2025-09-15T09:37:32.417+0000] {dagbag.py:540} INFO - Filling up the DagBag from /opt/airflow/dags/load_day_to_snowflake.py
[2025-09-15T09:37:32.433+0000] {processor.py:840} INFO - DAG(s) 'load_day_to_snowflake' retrieved from /opt/airflow/dags/load_day_to_snowflake.py
[2025-09-15T09:37:32.457+0000] {logging_mixin.py:188} INFO - [2025-09-15T09:37:32.456+0000] {dag.py:3096} INFO - Sync 1 DAGs
[2025-09-15T09:37:32.468+0000] {logging_mixin.py:188} INFO - [2025-09-15T09:37:32.468+0000] {dag.py:3954} INFO - Setting next_dagrun for load_day_to_snowflake to None, run_after=None
[2025-09-15T09:37:32.489+0000] {processor.py:183} INFO - Processing /opt/airflow/dags/load_day_to_snowflake.py took 0.079 seconds
[2025-09-15T09:38:02.676+0000] {processor.py:161} INFO - Started process (PID=1705) to work on /opt/airflow/dags/load_day_to_snowflake.py
[2025-09-15T09:38:02.677+0000] {processor.py:830} INFO - Processing file /opt/airflow/dags/load_day_to_snowflake.py for tasks to queue
[2025-09-15T09:38:02.678+0000] {logging_mixin.py:188} INFO - [2025-09-15T09:38:02.677+0000] {dagbag.py:540} INFO - Filling up the DagBag from /opt/airflow/dags/load_day_to_snowflake.py
[2025-09-15T09:38:02.694+0000] {processor.py:840} INFO - DAG(s) 'load_day_to_snowflake' retrieved from /opt/airflow/dags/load_day_to_snowflake.py
[2025-09-15T09:38:02.719+0000] {logging_mixin.py:188} INFO - [2025-09-15T09:38:02.718+0000] {dag.py:3096} INFO - Sync 1 DAGs
[2025-09-15T09:38:02.730+0000] {logging_mixin.py:188} INFO - [2025-09-15T09:38:02.729+0000] {dag.py:3954} INFO - Setting next_dagrun for load_day_to_snowflake to None, run_after=None
[2025-09-15T09:38:02.752+0000] {processor.py:183} INFO - Processing /opt/airflow/dags/load_day_to_snowflake.py took 0.081 seconds
[2025-09-15T09:38:33.657+0000] {processor.py:161} INFO - Started process (PID=1740) to work on /opt/airflow/dags/load_day_to_snowflake.py
[2025-09-15T09:38:33.658+0000] {processor.py:830} INFO - Processing file /opt/airflow/dags/load_day_to_snowflake.py for tasks to queue
[2025-09-15T09:38:33.659+0000] {logging_mixin.py:188} INFO - [2025-09-15T09:38:33.659+0000] {dagbag.py:540} INFO - Filling up the DagBag from /opt/airflow/dags/load_day_to_snowflake.py
[2025-09-15T09:38:33.691+0000] {processor.py:840} INFO - DAG(s) 'load_day_to_snowflake' retrieved from /opt/airflow/dags/load_day_to_snowflake.py
[2025-09-15T09:38:33.914+0000] {logging_mixin.py:188} INFO - [2025-09-15T09:38:33.914+0000] {dag.py:3096} INFO - Sync 1 DAGs
[2025-09-15T09:38:33.924+0000] {logging_mixin.py:188} INFO - [2025-09-15T09:38:33.923+0000] {dag.py:3954} INFO - Setting next_dagrun for load_day_to_snowflake to None, run_after=None
[2025-09-15T09:38:33.951+0000] {processor.py:183} INFO - Processing /opt/airflow/dags/load_day_to_snowflake.py took 0.300 seconds
[2025-09-15T09:39:04.627+0000] {processor.py:161} INFO - Started process (PID=1779) to work on /opt/airflow/dags/load_day_to_snowflake.py
[2025-09-15T09:39:04.629+0000] {processor.py:830} INFO - Processing file /opt/airflow/dags/load_day_to_snowflake.py for tasks to queue
[2025-09-15T09:39:04.629+0000] {logging_mixin.py:188} INFO - [2025-09-15T09:39:04.629+0000] {dagbag.py:540} INFO - Filling up the DagBag from /opt/airflow/dags/load_day_to_snowflake.py
[2025-09-15T09:39:04.650+0000] {processor.py:840} INFO - DAG(s) 'load_day_to_snowflake' retrieved from /opt/airflow/dags/load_day_to_snowflake.py
[2025-09-15T09:39:04.685+0000] {logging_mixin.py:188} INFO - [2025-09-15T09:39:04.684+0000] {dag.py:3096} INFO - Sync 1 DAGs
[2025-09-15T09:39:04.706+0000] {logging_mixin.py:188} INFO - [2025-09-15T09:39:04.705+0000] {dag.py:3954} INFO - Setting next_dagrun for load_day_to_snowflake to None, run_after=None
[2025-09-15T09:39:04.728+0000] {processor.py:183} INFO - Processing /opt/airflow/dags/load_day_to_snowflake.py took 0.107 seconds
[2025-09-15T09:39:35.181+0000] {processor.py:161} INFO - Started process (PID=1814) to work on /opt/airflow/dags/load_day_to_snowflake.py
[2025-09-15T09:39:35.185+0000] {processor.py:830} INFO - Processing file /opt/airflow/dags/load_day_to_snowflake.py for tasks to queue
[2025-09-15T09:39:35.188+0000] {logging_mixin.py:188} INFO - [2025-09-15T09:39:35.187+0000] {dagbag.py:540} INFO - Filling up the DagBag from /opt/airflow/dags/load_day_to_snowflake.py
[2025-09-15T09:39:35.211+0000] {processor.py:840} INFO - DAG(s) 'load_day_to_snowflake' retrieved from /opt/airflow/dags/load_day_to_snowflake.py
[2025-09-15T09:39:35.242+0000] {logging_mixin.py:188} INFO - [2025-09-15T09:39:35.242+0000] {dag.py:3096} INFO - Sync 1 DAGs
[2025-09-15T09:39:35.257+0000] {logging_mixin.py:188} INFO - [2025-09-15T09:39:35.257+0000] {dag.py:3954} INFO - Setting next_dagrun for load_day_to_snowflake to None, run_after=None
[2025-09-15T09:39:35.280+0000] {processor.py:183} INFO - Processing /opt/airflow/dags/load_day_to_snowflake.py took 0.112 seconds
[2025-09-15T09:40:05.673+0000] {processor.py:161} INFO - Started process (PID=1849) to work on /opt/airflow/dags/load_day_to_snowflake.py
[2025-09-15T09:40:05.674+0000] {processor.py:830} INFO - Processing file /opt/airflow/dags/load_day_to_snowflake.py for tasks to queue
[2025-09-15T09:40:05.675+0000] {logging_mixin.py:188} INFO - [2025-09-15T09:40:05.675+0000] {dagbag.py:540} INFO - Filling up the DagBag from /opt/airflow/dags/load_day_to_snowflake.py
[2025-09-15T09:40:05.696+0000] {processor.py:840} INFO - DAG(s) 'load_day_to_snowflake' retrieved from /opt/airflow/dags/load_day_to_snowflake.py
[2025-09-15T09:40:05.726+0000] {logging_mixin.py:188} INFO - [2025-09-15T09:40:05.725+0000] {dag.py:3096} INFO - Sync 1 DAGs
[2025-09-15T09:40:05.738+0000] {logging_mixin.py:188} INFO - [2025-09-15T09:40:05.738+0000] {dag.py:3954} INFO - Setting next_dagrun for load_day_to_snowflake to None, run_after=None
[2025-09-15T09:40:05.761+0000] {processor.py:183} INFO - Processing /opt/airflow/dags/load_day_to_snowflake.py took 0.096 seconds
[2025-09-15T09:40:36.442+0000] {processor.py:161} INFO - Started process (PID=1884) to work on /opt/airflow/dags/load_day_to_snowflake.py
[2025-09-15T09:40:36.443+0000] {processor.py:830} INFO - Processing file /opt/airflow/dags/load_day_to_snowflake.py for tasks to queue
[2025-09-15T09:40:36.444+0000] {logging_mixin.py:188} INFO - [2025-09-15T09:40:36.444+0000] {dagbag.py:540} INFO - Filling up the DagBag from /opt/airflow/dags/load_day_to_snowflake.py
[2025-09-15T09:40:36.462+0000] {processor.py:840} INFO - DAG(s) 'load_day_to_snowflake' retrieved from /opt/airflow/dags/load_day_to_snowflake.py
[2025-09-15T09:40:36.488+0000] {logging_mixin.py:188} INFO - [2025-09-15T09:40:36.488+0000] {dag.py:3096} INFO - Sync 1 DAGs
[2025-09-15T09:40:36.500+0000] {logging_mixin.py:188} INFO - [2025-09-15T09:40:36.499+0000] {dag.py:3954} INFO - Setting next_dagrun for load_day_to_snowflake to None, run_after=None
[2025-09-15T09:40:36.519+0000] {processor.py:183} INFO - Processing /opt/airflow/dags/load_day_to_snowflake.py took 0.082 seconds
[2025-09-15T09:41:07.078+0000] {processor.py:161} INFO - Started process (PID=1919) to work on /opt/airflow/dags/load_day_to_snowflake.py
[2025-09-15T09:41:07.079+0000] {processor.py:830} INFO - Processing file /opt/airflow/dags/load_day_to_snowflake.py for tasks to queue
[2025-09-15T09:41:07.080+0000] {logging_mixin.py:188} INFO - [2025-09-15T09:41:07.080+0000] {dagbag.py:540} INFO - Filling up the DagBag from /opt/airflow/dags/load_day_to_snowflake.py
[2025-09-15T09:41:07.100+0000] {processor.py:840} INFO - DAG(s) 'load_day_to_snowflake' retrieved from /opt/airflow/dags/load_day_to_snowflake.py
[2025-09-15T09:41:07.127+0000] {logging_mixin.py:188} INFO - [2025-09-15T09:41:07.127+0000] {dag.py:3096} INFO - Sync 1 DAGs
[2025-09-15T09:41:07.137+0000] {logging_mixin.py:188} INFO - [2025-09-15T09:41:07.137+0000] {dag.py:3954} INFO - Setting next_dagrun for load_day_to_snowflake to None, run_after=None
[2025-09-15T09:41:07.158+0000] {processor.py:183} INFO - Processing /opt/airflow/dags/load_day_to_snowflake.py took 0.086 seconds
[2025-09-15T09:41:37.624+0000] {processor.py:161} INFO - Started process (PID=1954) to work on /opt/airflow/dags/load_day_to_snowflake.py
[2025-09-15T09:41:37.625+0000] {processor.py:830} INFO - Processing file /opt/airflow/dags/load_day_to_snowflake.py for tasks to queue
[2025-09-15T09:41:37.626+0000] {logging_mixin.py:188} INFO - [2025-09-15T09:41:37.626+0000] {dagbag.py:540} INFO - Filling up the DagBag from /opt/airflow/dags/load_day_to_snowflake.py
[2025-09-15T09:41:37.649+0000] {processor.py:840} INFO - DAG(s) 'load_day_to_snowflake' retrieved from /opt/airflow/dags/load_day_to_snowflake.py
[2025-09-15T09:41:37.675+0000] {logging_mixin.py:188} INFO - [2025-09-15T09:41:37.675+0000] {dag.py:3096} INFO - Sync 1 DAGs
[2025-09-15T09:41:37.689+0000] {logging_mixin.py:188} INFO - [2025-09-15T09:41:37.688+0000] {dag.py:3954} INFO - Setting next_dagrun for load_day_to_snowflake to None, run_after=None
[2025-09-15T09:41:37.714+0000] {processor.py:183} INFO - Processing /opt/airflow/dags/load_day_to_snowflake.py took 0.096 seconds
[2025-09-15T09:42:08.471+0000] {processor.py:161} INFO - Started process (PID=1989) to work on /opt/airflow/dags/load_day_to_snowflake.py
[2025-09-15T09:42:08.472+0000] {processor.py:830} INFO - Processing file /opt/airflow/dags/load_day_to_snowflake.py for tasks to queue
[2025-09-15T09:42:08.473+0000] {logging_mixin.py:188} INFO - [2025-09-15T09:42:08.473+0000] {dagbag.py:540} INFO - Filling up the DagBag from /opt/airflow/dags/load_day_to_snowflake.py
[2025-09-15T09:42:08.494+0000] {processor.py:840} INFO - DAG(s) 'load_day_to_snowflake' retrieved from /opt/airflow/dags/load_day_to_snowflake.py
[2025-09-15T09:42:08.520+0000] {logging_mixin.py:188} INFO - [2025-09-15T09:42:08.520+0000] {dag.py:3096} INFO - Sync 1 DAGs
[2025-09-15T09:42:08.531+0000] {logging_mixin.py:188} INFO - [2025-09-15T09:42:08.531+0000] {dag.py:3954} INFO - Setting next_dagrun for load_day_to_snowflake to None, run_after=None
[2025-09-15T09:42:08.548+0000] {processor.py:183} INFO - Processing /opt/airflow/dags/load_day_to_snowflake.py took 0.083 seconds
[2025-09-15T09:42:38.961+0000] {processor.py:161} INFO - Started process (PID=2024) to work on /opt/airflow/dags/load_day_to_snowflake.py
[2025-09-15T09:42:38.962+0000] {processor.py:830} INFO - Processing file /opt/airflow/dags/load_day_to_snowflake.py for tasks to queue
[2025-09-15T09:42:38.964+0000] {logging_mixin.py:188} INFO - [2025-09-15T09:42:38.963+0000] {dagbag.py:540} INFO - Filling up the DagBag from /opt/airflow/dags/load_day_to_snowflake.py
[2025-09-15T09:42:38.979+0000] {processor.py:840} INFO - DAG(s) 'load_day_to_snowflake' retrieved from /opt/airflow/dags/load_day_to_snowflake.py
[2025-09-15T09:42:39.005+0000] {logging_mixin.py:188} INFO - [2025-09-15T09:42:39.005+0000] {dag.py:3096} INFO - Sync 1 DAGs
[2025-09-15T09:42:39.016+0000] {logging_mixin.py:188} INFO - [2025-09-15T09:42:39.016+0000] {dag.py:3954} INFO - Setting next_dagrun for load_day_to_snowflake to None, run_after=None
[2025-09-15T09:42:39.039+0000] {processor.py:183} INFO - Processing /opt/airflow/dags/load_day_to_snowflake.py took 0.084 seconds
[2025-09-15T09:43:09.902+0000] {processor.py:161} INFO - Started process (PID=2059) to work on /opt/airflow/dags/load_day_to_snowflake.py
[2025-09-15T09:43:09.903+0000] {processor.py:830} INFO - Processing file /opt/airflow/dags/load_day_to_snowflake.py for tasks to queue
[2025-09-15T09:43:09.904+0000] {logging_mixin.py:188} INFO - [2025-09-15T09:43:09.904+0000] {dagbag.py:540} INFO - Filling up the DagBag from /opt/airflow/dags/load_day_to_snowflake.py
[2025-09-15T09:43:09.922+0000] {processor.py:840} INFO - DAG(s) 'load_day_to_snowflake' retrieved from /opt/airflow/dags/load_day_to_snowflake.py
[2025-09-15T09:43:09.951+0000] {logging_mixin.py:188} INFO - [2025-09-15T09:43:09.950+0000] {dag.py:3096} INFO - Sync 1 DAGs
[2025-09-15T09:43:09.969+0000] {logging_mixin.py:188} INFO - [2025-09-15T09:43:09.969+0000] {dag.py:3954} INFO - Setting next_dagrun for load_day_to_snowflake to None, run_after=None
[2025-09-15T09:43:09.988+0000] {processor.py:183} INFO - Processing /opt/airflow/dags/load_day_to_snowflake.py took 0.092 seconds
[2025-09-15T09:43:40.291+0000] {processor.py:161} INFO - Started process (PID=2094) to work on /opt/airflow/dags/load_day_to_snowflake.py
[2025-09-15T09:43:40.292+0000] {processor.py:830} INFO - Processing file /opt/airflow/dags/load_day_to_snowflake.py for tasks to queue
[2025-09-15T09:43:40.293+0000] {logging_mixin.py:188} INFO - [2025-09-15T09:43:40.293+0000] {dagbag.py:540} INFO - Filling up the DagBag from /opt/airflow/dags/load_day_to_snowflake.py
[2025-09-15T09:43:40.322+0000] {processor.py:840} INFO - DAG(s) 'load_day_to_snowflake' retrieved from /opt/airflow/dags/load_day_to_snowflake.py
[2025-09-15T09:43:40.384+0000] {logging_mixin.py:188} INFO - [2025-09-15T09:43:40.383+0000] {dag.py:3096} INFO - Sync 1 DAGs
[2025-09-15T09:43:40.415+0000] {logging_mixin.py:188} INFO - [2025-09-15T09:43:40.414+0000] {dag.py:3954} INFO - Setting next_dagrun for load_day_to_snowflake to None, run_after=None
[2025-09-15T09:43:40.458+0000] {processor.py:183} INFO - Processing /opt/airflow/dags/load_day_to_snowflake.py took 0.173 seconds
[2025-09-15T09:44:10.894+0000] {processor.py:161} INFO - Started process (PID=2133) to work on /opt/airflow/dags/load_day_to_snowflake.py
[2025-09-15T09:44:10.896+0000] {processor.py:830} INFO - Processing file /opt/airflow/dags/load_day_to_snowflake.py for tasks to queue
[2025-09-15T09:44:10.897+0000] {logging_mixin.py:188} INFO - [2025-09-15T09:44:10.897+0000] {dagbag.py:540} INFO - Filling up the DagBag from /opt/airflow/dags/load_day_to_snowflake.py
[2025-09-15T09:44:10.929+0000] {processor.py:840} INFO - DAG(s) 'load_day_to_snowflake' retrieved from /opt/airflow/dags/load_day_to_snowflake.py
[2025-09-15T09:44:10.974+0000] {logging_mixin.py:188} INFO - [2025-09-15T09:44:10.974+0000] {dag.py:3096} INFO - Sync 1 DAGs
[2025-09-15T09:44:11.000+0000] {logging_mixin.py:188} INFO - [2025-09-15T09:44:10.999+0000] {dag.py:3954} INFO - Setting next_dagrun for load_day_to_snowflake to None, run_after=None
[2025-09-15T09:44:11.035+0000] {processor.py:183} INFO - Processing /opt/airflow/dags/load_day_to_snowflake.py took 0.152 seconds
[2025-09-15T09:44:41.121+0000] {processor.py:161} INFO - Started process (PID=2168) to work on /opt/airflow/dags/load_day_to_snowflake.py
[2025-09-15T09:44:41.122+0000] {processor.py:830} INFO - Processing file /opt/airflow/dags/load_day_to_snowflake.py for tasks to queue
[2025-09-15T09:44:41.123+0000] {logging_mixin.py:188} INFO - [2025-09-15T09:44:41.123+0000] {dagbag.py:540} INFO - Filling up the DagBag from /opt/airflow/dags/load_day_to_snowflake.py
[2025-09-15T09:44:41.155+0000] {processor.py:840} INFO - DAG(s) 'load_day_to_snowflake' retrieved from /opt/airflow/dags/load_day_to_snowflake.py
[2025-09-15T09:44:41.238+0000] {logging_mixin.py:188} INFO - [2025-09-15T09:44:41.237+0000] {dag.py:3096} INFO - Sync 1 DAGs
[2025-09-15T09:44:41.292+0000] {logging_mixin.py:188} INFO - [2025-09-15T09:44:41.291+0000] {dag.py:3954} INFO - Setting next_dagrun for load_day_to_snowflake to None, run_after=None
[2025-09-15T09:44:41.335+0000] {processor.py:183} INFO - Processing /opt/airflow/dags/load_day_to_snowflake.py took 0.222 seconds
[2025-09-15T09:45:11.581+0000] {processor.py:161} INFO - Started process (PID=2203) to work on /opt/airflow/dags/load_day_to_snowflake.py
[2025-09-15T09:45:11.582+0000] {processor.py:830} INFO - Processing file /opt/airflow/dags/load_day_to_snowflake.py for tasks to queue
[2025-09-15T09:45:11.583+0000] {logging_mixin.py:188} INFO - [2025-09-15T09:45:11.582+0000] {dagbag.py:540} INFO - Filling up the DagBag from /opt/airflow/dags/load_day_to_snowflake.py
[2025-09-15T09:45:11.602+0000] {processor.py:840} INFO - DAG(s) 'load_day_to_snowflake' retrieved from /opt/airflow/dags/load_day_to_snowflake.py
[2025-09-15T09:45:11.631+0000] {logging_mixin.py:188} INFO - [2025-09-15T09:45:11.631+0000] {dag.py:3096} INFO - Sync 1 DAGs
[2025-09-15T09:45:11.645+0000] {logging_mixin.py:188} INFO - [2025-09-15T09:45:11.645+0000] {dag.py:3954} INFO - Setting next_dagrun for load_day_to_snowflake to None, run_after=None
[2025-09-15T09:45:11.664+0000] {processor.py:183} INFO - Processing /opt/airflow/dags/load_day_to_snowflake.py took 0.089 seconds
[2025-09-15T09:45:41.993+0000] {processor.py:161} INFO - Started process (PID=2238) to work on /opt/airflow/dags/load_day_to_snowflake.py
[2025-09-15T09:45:41.994+0000] {processor.py:830} INFO - Processing file /opt/airflow/dags/load_day_to_snowflake.py for tasks to queue
[2025-09-15T09:45:41.995+0000] {logging_mixin.py:188} INFO - [2025-09-15T09:45:41.995+0000] {dagbag.py:540} INFO - Filling up the DagBag from /opt/airflow/dags/load_day_to_snowflake.py
[2025-09-15T09:45:42.012+0000] {processor.py:840} INFO - DAG(s) 'load_day_to_snowflake' retrieved from /opt/airflow/dags/load_day_to_snowflake.py
[2025-09-15T09:45:42.037+0000] {logging_mixin.py:188} INFO - [2025-09-15T09:45:42.037+0000] {dag.py:3096} INFO - Sync 1 DAGs
[2025-09-15T09:45:42.049+0000] {logging_mixin.py:188} INFO - [2025-09-15T09:45:42.049+0000] {dag.py:3954} INFO - Setting next_dagrun for load_day_to_snowflake to None, run_after=None
[2025-09-15T09:45:42.070+0000] {processor.py:183} INFO - Processing /opt/airflow/dags/load_day_to_snowflake.py took 0.083 seconds
[2025-09-15T09:46:12.693+0000] {processor.py:161} INFO - Started process (PID=2277) to work on /opt/airflow/dags/load_day_to_snowflake.py
[2025-09-15T09:46:12.695+0000] {processor.py:830} INFO - Processing file /opt/airflow/dags/load_day_to_snowflake.py for tasks to queue
[2025-09-15T09:46:12.699+0000] {logging_mixin.py:188} INFO - [2025-09-15T09:46:12.697+0000] {dagbag.py:540} INFO - Filling up the DagBag from /opt/airflow/dags/load_day_to_snowflake.py
[2025-09-15T09:46:12.740+0000] {processor.py:840} INFO - DAG(s) 'load_day_to_snowflake' retrieved from /opt/airflow/dags/load_day_to_snowflake.py
[2025-09-15T09:46:12.781+0000] {logging_mixin.py:188} INFO - [2025-09-15T09:46:12.781+0000] {dag.py:3096} INFO - Sync 1 DAGs
[2025-09-15T09:46:12.799+0000] {logging_mixin.py:188} INFO - [2025-09-15T09:46:12.798+0000] {dag.py:3954} INFO - Setting next_dagrun for load_day_to_snowflake to None, run_after=None
[2025-09-15T09:46:12.831+0000] {processor.py:183} INFO - Processing /opt/airflow/dags/load_day_to_snowflake.py took 0.156 seconds
[2025-09-15T09:46:43.356+0000] {processor.py:161} INFO - Started process (PID=2312) to work on /opt/airflow/dags/load_day_to_snowflake.py
[2025-09-15T09:46:43.357+0000] {processor.py:830} INFO - Processing file /opt/airflow/dags/load_day_to_snowflake.py for tasks to queue
[2025-09-15T09:46:43.358+0000] {logging_mixin.py:188} INFO - [2025-09-15T09:46:43.357+0000] {dagbag.py:540} INFO - Filling up the DagBag from /opt/airflow/dags/load_day_to_snowflake.py
[2025-09-15T09:46:43.382+0000] {processor.py:840} INFO - DAG(s) 'load_day_to_snowflake' retrieved from /opt/airflow/dags/load_day_to_snowflake.py
[2025-09-15T09:46:43.408+0000] {logging_mixin.py:188} INFO - [2025-09-15T09:46:43.408+0000] {dag.py:3096} INFO - Sync 1 DAGs
[2025-09-15T09:46:43.419+0000] {logging_mixin.py:188} INFO - [2025-09-15T09:46:43.419+0000] {dag.py:3954} INFO - Setting next_dagrun for load_day_to_snowflake to None, run_after=None
[2025-09-15T09:46:43.438+0000] {processor.py:183} INFO - Processing /opt/airflow/dags/load_day_to_snowflake.py took 0.090 seconds
[2025-09-15T09:47:14.023+0000] {processor.py:161} INFO - Started process (PID=2347) to work on /opt/airflow/dags/load_day_to_snowflake.py
[2025-09-15T09:47:14.024+0000] {processor.py:830} INFO - Processing file /opt/airflow/dags/load_day_to_snowflake.py for tasks to queue
[2025-09-15T09:47:14.026+0000] {logging_mixin.py:188} INFO - [2025-09-15T09:47:14.025+0000] {dagbag.py:540} INFO - Filling up the DagBag from /opt/airflow/dags/load_day_to_snowflake.py
[2025-09-15T09:47:14.050+0000] {processor.py:840} INFO - DAG(s) 'load_day_to_snowflake' retrieved from /opt/airflow/dags/load_day_to_snowflake.py
[2025-09-15T09:47:14.087+0000] {logging_mixin.py:188} INFO - [2025-09-15T09:47:14.087+0000] {dag.py:3096} INFO - Sync 1 DAGs
[2025-09-15T09:47:14.100+0000] {logging_mixin.py:188} INFO - [2025-09-15T09:47:14.100+0000] {dag.py:3954} INFO - Setting next_dagrun for load_day_to_snowflake to None, run_after=None
[2025-09-15T09:47:14.135+0000] {processor.py:183} INFO - Processing /opt/airflow/dags/load_day_to_snowflake.py took 0.119 seconds
[2025-09-15T09:47:44.486+0000] {processor.py:161} INFO - Started process (PID=2382) to work on /opt/airflow/dags/load_day_to_snowflake.py
[2025-09-15T09:47:44.488+0000] {processor.py:830} INFO - Processing file /opt/airflow/dags/load_day_to_snowflake.py for tasks to queue
[2025-09-15T09:47:44.489+0000] {logging_mixin.py:188} INFO - [2025-09-15T09:47:44.488+0000] {dagbag.py:540} INFO - Filling up the DagBag from /opt/airflow/dags/load_day_to_snowflake.py
[2025-09-15T09:47:44.511+0000] {processor.py:840} INFO - DAG(s) 'load_day_to_snowflake' retrieved from /opt/airflow/dags/load_day_to_snowflake.py
[2025-09-15T09:47:44.538+0000] {logging_mixin.py:188} INFO - [2025-09-15T09:47:44.538+0000] {dag.py:3096} INFO - Sync 1 DAGs
[2025-09-15T09:47:44.551+0000] {logging_mixin.py:188} INFO - [2025-09-15T09:47:44.551+0000] {dag.py:3954} INFO - Setting next_dagrun for load_day_to_snowflake to None, run_after=None
[2025-09-15T09:47:44.573+0000] {processor.py:183} INFO - Processing /opt/airflow/dags/load_day_to_snowflake.py took 0.093 seconds
[2025-09-15T09:48:14.989+0000] {processor.py:161} INFO - Started process (PID=2417) to work on /opt/airflow/dags/load_day_to_snowflake.py
[2025-09-15T09:48:14.990+0000] {processor.py:830} INFO - Processing file /opt/airflow/dags/load_day_to_snowflake.py for tasks to queue
[2025-09-15T09:48:14.991+0000] {logging_mixin.py:188} INFO - [2025-09-15T09:48:14.990+0000] {dagbag.py:540} INFO - Filling up the DagBag from /opt/airflow/dags/load_day_to_snowflake.py
[2025-09-15T09:48:15.007+0000] {processor.py:840} INFO - DAG(s) 'load_day_to_snowflake' retrieved from /opt/airflow/dags/load_day_to_snowflake.py
[2025-09-15T09:48:15.030+0000] {logging_mixin.py:188} INFO - [2025-09-15T09:48:15.030+0000] {dag.py:3096} INFO - Sync 1 DAGs
[2025-09-15T09:48:15.041+0000] {logging_mixin.py:188} INFO - [2025-09-15T09:48:15.041+0000] {dag.py:3954} INFO - Setting next_dagrun for load_day_to_snowflake to None, run_after=None
[2025-09-15T09:48:15.062+0000] {processor.py:183} INFO - Processing /opt/airflow/dags/load_day_to_snowflake.py took 0.078 seconds
[2025-09-15T09:48:45.538+0000] {processor.py:161} INFO - Started process (PID=2452) to work on /opt/airflow/dags/load_day_to_snowflake.py
[2025-09-15T09:48:45.539+0000] {processor.py:830} INFO - Processing file /opt/airflow/dags/load_day_to_snowflake.py for tasks to queue
[2025-09-15T09:48:45.540+0000] {logging_mixin.py:188} INFO - [2025-09-15T09:48:45.539+0000] {dagbag.py:540} INFO - Filling up the DagBag from /opt/airflow/dags/load_day_to_snowflake.py
[2025-09-15T09:48:45.557+0000] {processor.py:840} INFO - DAG(s) 'load_day_to_snowflake' retrieved from /opt/airflow/dags/load_day_to_snowflake.py
[2025-09-15T09:48:45.582+0000] {logging_mixin.py:188} INFO - [2025-09-15T09:48:45.582+0000] {dag.py:3096} INFO - Sync 1 DAGs
[2025-09-15T09:48:45.595+0000] {logging_mixin.py:188} INFO - [2025-09-15T09:48:45.594+0000] {dag.py:3954} INFO - Setting next_dagrun for load_day_to_snowflake to None, run_after=None
[2025-09-15T09:48:45.612+0000] {processor.py:183} INFO - Processing /opt/airflow/dags/load_day_to_snowflake.py took 0.080 seconds
[2025-09-15T09:49:16.646+0000] {processor.py:161} INFO - Started process (PID=2487) to work on /opt/airflow/dags/load_day_to_snowflake.py
[2025-09-15T09:49:16.648+0000] {processor.py:830} INFO - Processing file /opt/airflow/dags/load_day_to_snowflake.py for tasks to queue
[2025-09-15T09:49:16.649+0000] {logging_mixin.py:188} INFO - [2025-09-15T09:49:16.648+0000] {dagbag.py:540} INFO - Filling up the DagBag from /opt/airflow/dags/load_day_to_snowflake.py
[2025-09-15T09:49:16.674+0000] {processor.py:840} INFO - DAG(s) 'load_day_to_snowflake' retrieved from /opt/airflow/dags/load_day_to_snowflake.py
[2025-09-15T09:49:16.704+0000] {logging_mixin.py:188} INFO - [2025-09-15T09:49:16.704+0000] {dag.py:3096} INFO - Sync 1 DAGs
[2025-09-15T09:49:16.718+0000] {logging_mixin.py:188} INFO - [2025-09-15T09:49:16.717+0000] {dag.py:3954} INFO - Setting next_dagrun for load_day_to_snowflake to None, run_after=None
[2025-09-15T09:49:16.738+0000] {processor.py:183} INFO - Processing /opt/airflow/dags/load_day_to_snowflake.py took 0.099 seconds
[2025-09-15T09:49:47.288+0000] {processor.py:161} INFO - Started process (PID=2522) to work on /opt/airflow/dags/load_day_to_snowflake.py
[2025-09-15T09:49:47.289+0000] {processor.py:830} INFO - Processing file /opt/airflow/dags/load_day_to_snowflake.py for tasks to queue
[2025-09-15T09:49:47.290+0000] {logging_mixin.py:188} INFO - [2025-09-15T09:49:47.290+0000] {dagbag.py:540} INFO - Filling up the DagBag from /opt/airflow/dags/load_day_to_snowflake.py
[2025-09-15T09:49:47.309+0000] {processor.py:840} INFO - DAG(s) 'load_day_to_snowflake' retrieved from /opt/airflow/dags/load_day_to_snowflake.py
[2025-09-15T09:49:47.334+0000] {logging_mixin.py:188} INFO - [2025-09-15T09:49:47.334+0000] {dag.py:3096} INFO - Sync 1 DAGs
[2025-09-15T09:49:47.346+0000] {logging_mixin.py:188} INFO - [2025-09-15T09:49:47.346+0000] {dag.py:3954} INFO - Setting next_dagrun for load_day_to_snowflake to None, run_after=None
[2025-09-15T09:49:47.367+0000] {processor.py:183} INFO - Processing /opt/airflow/dags/load_day_to_snowflake.py took 0.085 seconds
[2025-09-15T09:50:17.417+0000] {processor.py:161} INFO - Started process (PID=2557) to work on /opt/airflow/dags/load_day_to_snowflake.py
[2025-09-15T09:50:17.418+0000] {processor.py:830} INFO - Processing file /opt/airflow/dags/load_day_to_snowflake.py for tasks to queue
[2025-09-15T09:50:17.419+0000] {logging_mixin.py:188} INFO - [2025-09-15T09:50:17.419+0000] {dagbag.py:540} INFO - Filling up the DagBag from /opt/airflow/dags/load_day_to_snowflake.py
[2025-09-15T09:50:17.437+0000] {processor.py:840} INFO - DAG(s) 'load_day_to_snowflake' retrieved from /opt/airflow/dags/load_day_to_snowflake.py
[2025-09-15T09:50:17.463+0000] {logging_mixin.py:188} INFO - [2025-09-15T09:50:17.463+0000] {dag.py:3096} INFO - Sync 1 DAGs
[2025-09-15T09:50:17.474+0000] {logging_mixin.py:188} INFO - [2025-09-15T09:50:17.474+0000] {dag.py:3954} INFO - Setting next_dagrun for load_day_to_snowflake to None, run_after=None
[2025-09-15T09:50:17.493+0000] {processor.py:183} INFO - Processing /opt/airflow/dags/load_day_to_snowflake.py took 0.081 seconds
[2025-09-15T09:50:47.929+0000] {processor.py:161} INFO - Started process (PID=2592) to work on /opt/airflow/dags/load_day_to_snowflake.py
[2025-09-15T09:50:47.930+0000] {processor.py:830} INFO - Processing file /opt/airflow/dags/load_day_to_snowflake.py for tasks to queue
[2025-09-15T09:50:47.931+0000] {logging_mixin.py:188} INFO - [2025-09-15T09:50:47.931+0000] {dagbag.py:540} INFO - Filling up the DagBag from /opt/airflow/dags/load_day_to_snowflake.py
[2025-09-15T09:50:47.954+0000] {processor.py:840} INFO - DAG(s) 'load_day_to_snowflake' retrieved from /opt/airflow/dags/load_day_to_snowflake.py
[2025-09-15T09:50:47.982+0000] {logging_mixin.py:188} INFO - [2025-09-15T09:50:47.982+0000] {dag.py:3096} INFO - Sync 1 DAGs
[2025-09-15T09:50:47.995+0000] {logging_mixin.py:188} INFO - [2025-09-15T09:50:47.995+0000] {dag.py:3954} INFO - Setting next_dagrun for load_day_to_snowflake to None, run_after=None
[2025-09-15T09:50:48.020+0000] {processor.py:183} INFO - Processing /opt/airflow/dags/load_day_to_snowflake.py took 0.097 seconds
[2025-09-15T09:51:18.400+0000] {processor.py:161} INFO - Started process (PID=2627) to work on /opt/airflow/dags/load_day_to_snowflake.py
[2025-09-15T09:51:18.402+0000] {processor.py:830} INFO - Processing file /opt/airflow/dags/load_day_to_snowflake.py for tasks to queue
[2025-09-15T09:51:18.403+0000] {logging_mixin.py:188} INFO - [2025-09-15T09:51:18.403+0000] {dagbag.py:540} INFO - Filling up the DagBag from /opt/airflow/dags/load_day_to_snowflake.py
[2025-09-15T09:51:18.425+0000] {processor.py:840} INFO - DAG(s) 'load_day_to_snowflake' retrieved from /opt/airflow/dags/load_day_to_snowflake.py
[2025-09-15T09:51:18.454+0000] {logging_mixin.py:188} INFO - [2025-09-15T09:51:18.454+0000] {dag.py:3096} INFO - Sync 1 DAGs
[2025-09-15T09:51:18.466+0000] {logging_mixin.py:188} INFO - [2025-09-15T09:51:18.466+0000] {dag.py:3954} INFO - Setting next_dagrun for load_day_to_snowflake to None, run_after=None
[2025-09-15T09:51:18.494+0000] {processor.py:183} INFO - Processing /opt/airflow/dags/load_day_to_snowflake.py took 0.101 seconds
[2025-09-15T09:51:49.027+0000] {processor.py:161} INFO - Started process (PID=2662) to work on /opt/airflow/dags/load_day_to_snowflake.py
[2025-09-15T09:51:49.028+0000] {processor.py:830} INFO - Processing file /opt/airflow/dags/load_day_to_snowflake.py for tasks to queue
[2025-09-15T09:51:49.029+0000] {logging_mixin.py:188} INFO - [2025-09-15T09:51:49.029+0000] {dagbag.py:540} INFO - Filling up the DagBag from /opt/airflow/dags/load_day_to_snowflake.py
[2025-09-15T09:51:49.044+0000] {processor.py:840} INFO - DAG(s) 'load_day_to_snowflake' retrieved from /opt/airflow/dags/load_day_to_snowflake.py
[2025-09-15T09:51:49.070+0000] {logging_mixin.py:188} INFO - [2025-09-15T09:51:49.070+0000] {dag.py:3096} INFO - Sync 1 DAGs
[2025-09-15T09:51:49.082+0000] {logging_mixin.py:188} INFO - [2025-09-15T09:51:49.082+0000] {dag.py:3954} INFO - Setting next_dagrun for load_day_to_snowflake to None, run_after=None
[2025-09-15T09:51:49.102+0000] {processor.py:183} INFO - Processing /opt/airflow/dags/load_day_to_snowflake.py took 0.081 seconds
[2025-09-15T09:52:20.152+0000] {processor.py:161} INFO - Started process (PID=2697) to work on /opt/airflow/dags/load_day_to_snowflake.py
[2025-09-15T09:52:20.153+0000] {processor.py:830} INFO - Processing file /opt/airflow/dags/load_day_to_snowflake.py for tasks to queue
[2025-09-15T09:52:20.154+0000] {logging_mixin.py:188} INFO - [2025-09-15T09:52:20.154+0000] {dagbag.py:540} INFO - Filling up the DagBag from /opt/airflow/dags/load_day_to_snowflake.py
[2025-09-15T09:52:20.176+0000] {processor.py:840} INFO - DAG(s) 'load_day_to_snowflake' retrieved from /opt/airflow/dags/load_day_to_snowflake.py
[2025-09-15T09:52:20.206+0000] {logging_mixin.py:188} INFO - [2025-09-15T09:52:20.205+0000] {dag.py:3096} INFO - Sync 1 DAGs
[2025-09-15T09:52:20.220+0000] {logging_mixin.py:188} INFO - [2025-09-15T09:52:20.219+0000] {dag.py:3954} INFO - Setting next_dagrun for load_day_to_snowflake to None, run_after=None
[2025-09-15T09:52:20.242+0000] {processor.py:183} INFO - Processing /opt/airflow/dags/load_day_to_snowflake.py took 0.097 seconds
[2025-09-15T09:52:50.444+0000] {processor.py:161} INFO - Started process (PID=2732) to work on /opt/airflow/dags/load_day_to_snowflake.py
[2025-09-15T09:52:50.445+0000] {processor.py:830} INFO - Processing file /opt/airflow/dags/load_day_to_snowflake.py for tasks to queue
[2025-09-15T09:52:50.446+0000] {logging_mixin.py:188} INFO - [2025-09-15T09:52:50.446+0000] {dagbag.py:540} INFO - Filling up the DagBag from /opt/airflow/dags/load_day_to_snowflake.py
[2025-09-15T09:52:50.463+0000] {processor.py:840} INFO - DAG(s) 'load_day_to_snowflake' retrieved from /opt/airflow/dags/load_day_to_snowflake.py
[2025-09-15T09:52:50.491+0000] {logging_mixin.py:188} INFO - [2025-09-15T09:52:50.490+0000] {dag.py:3096} INFO - Sync 1 DAGs
[2025-09-15T09:52:50.501+0000] {logging_mixin.py:188} INFO - [2025-09-15T09:52:50.501+0000] {dag.py:3954} INFO - Setting next_dagrun for load_day_to_snowflake to None, run_after=None
[2025-09-15T09:52:50.525+0000] {processor.py:183} INFO - Processing /opt/airflow/dags/load_day_to_snowflake.py took 0.087 seconds
[2025-09-15T09:53:21.126+0000] {processor.py:161} INFO - Started process (PID=2767) to work on /opt/airflow/dags/load_day_to_snowflake.py
[2025-09-15T09:53:21.128+0000] {processor.py:830} INFO - Processing file /opt/airflow/dags/load_day_to_snowflake.py for tasks to queue
[2025-09-15T09:53:21.130+0000] {logging_mixin.py:188} INFO - [2025-09-15T09:53:21.129+0000] {dagbag.py:540} INFO - Filling up the DagBag from /opt/airflow/dags/load_day_to_snowflake.py
[2025-09-15T09:53:21.150+0000] {processor.py:840} INFO - DAG(s) 'load_day_to_snowflake' retrieved from /opt/airflow/dags/load_day_to_snowflake.py
[2025-09-15T09:53:21.181+0000] {logging_mixin.py:188} INFO - [2025-09-15T09:53:21.181+0000] {dag.py:3096} INFO - Sync 1 DAGs
[2025-09-15T09:53:21.198+0000] {logging_mixin.py:188} INFO - [2025-09-15T09:53:21.197+0000] {dag.py:3954} INFO - Setting next_dagrun for load_day_to_snowflake to None, run_after=None
[2025-09-15T09:53:21.227+0000] {processor.py:183} INFO - Processing /opt/airflow/dags/load_day_to_snowflake.py took 0.108 seconds
[2025-09-15T09:53:51.841+0000] {processor.py:161} INFO - Started process (PID=2802) to work on /opt/airflow/dags/load_day_to_snowflake.py
[2025-09-15T09:53:51.842+0000] {processor.py:830} INFO - Processing file /opt/airflow/dags/load_day_to_snowflake.py for tasks to queue
[2025-09-15T09:53:51.843+0000] {logging_mixin.py:188} INFO - [2025-09-15T09:53:51.842+0000] {dagbag.py:540} INFO - Filling up the DagBag from /opt/airflow/dags/load_day_to_snowflake.py
[2025-09-15T09:53:51.860+0000] {processor.py:840} INFO - DAG(s) 'load_day_to_snowflake' retrieved from /opt/airflow/dags/load_day_to_snowflake.py
[2025-09-15T09:53:51.888+0000] {logging_mixin.py:188} INFO - [2025-09-15T09:53:51.887+0000] {dag.py:3096} INFO - Sync 1 DAGs
[2025-09-15T09:53:51.900+0000] {logging_mixin.py:188} INFO - [2025-09-15T09:53:51.899+0000] {dag.py:3954} INFO - Setting next_dagrun for load_day_to_snowflake to None, run_after=None
[2025-09-15T09:53:51.921+0000] {processor.py:183} INFO - Processing /opt/airflow/dags/load_day_to_snowflake.py took 0.085 seconds
[2025-09-15T09:54:22.392+0000] {processor.py:161} INFO - Started process (PID=2837) to work on /opt/airflow/dags/load_day_to_snowflake.py
[2025-09-15T09:54:22.393+0000] {processor.py:830} INFO - Processing file /opt/airflow/dags/load_day_to_snowflake.py for tasks to queue
[2025-09-15T09:54:22.394+0000] {logging_mixin.py:188} INFO - [2025-09-15T09:54:22.394+0000] {dagbag.py:540} INFO - Filling up the DagBag from /opt/airflow/dags/load_day_to_snowflake.py
[2025-09-15T09:54:22.417+0000] {processor.py:840} INFO - DAG(s) 'load_day_to_snowflake' retrieved from /opt/airflow/dags/load_day_to_snowflake.py
[2025-09-15T09:54:22.446+0000] {logging_mixin.py:188} INFO - [2025-09-15T09:54:22.445+0000] {dag.py:3096} INFO - Sync 1 DAGs
[2025-09-15T09:54:22.459+0000] {logging_mixin.py:188} INFO - [2025-09-15T09:54:22.458+0000] {dag.py:3954} INFO - Setting next_dagrun for load_day_to_snowflake to None, run_after=None
[2025-09-15T09:54:22.481+0000] {processor.py:183} INFO - Processing /opt/airflow/dags/load_day_to_snowflake.py took 0.096 seconds
[2025-09-15T09:54:53.029+0000] {processor.py:161} INFO - Started process (PID=2872) to work on /opt/airflow/dags/load_day_to_snowflake.py
[2025-09-15T09:54:53.030+0000] {processor.py:830} INFO - Processing file /opt/airflow/dags/load_day_to_snowflake.py for tasks to queue
[2025-09-15T09:54:53.031+0000] {logging_mixin.py:188} INFO - [2025-09-15T09:54:53.031+0000] {dagbag.py:540} INFO - Filling up the DagBag from /opt/airflow/dags/load_day_to_snowflake.py
[2025-09-15T09:54:53.049+0000] {processor.py:840} INFO - DAG(s) 'load_day_to_snowflake' retrieved from /opt/airflow/dags/load_day_to_snowflake.py
[2025-09-15T09:54:53.072+0000] {logging_mixin.py:188} INFO - [2025-09-15T09:54:53.072+0000] {dag.py:3096} INFO - Sync 1 DAGs
[2025-09-15T09:54:53.083+0000] {logging_mixin.py:188} INFO - [2025-09-15T09:54:53.083+0000] {dag.py:3954} INFO - Setting next_dagrun for load_day_to_snowflake to None, run_after=None
[2025-09-15T09:54:53.102+0000] {processor.py:183} INFO - Processing /opt/airflow/dags/load_day_to_snowflake.py took 0.079 seconds
[2025-09-15T09:55:23.823+0000] {processor.py:161} INFO - Started process (PID=2907) to work on /opt/airflow/dags/load_day_to_snowflake.py
[2025-09-15T09:55:23.824+0000] {processor.py:830} INFO - Processing file /opt/airflow/dags/load_day_to_snowflake.py for tasks to queue
[2025-09-15T09:55:23.825+0000] {logging_mixin.py:188} INFO - [2025-09-15T09:55:23.825+0000] {dagbag.py:540} INFO - Filling up the DagBag from /opt/airflow/dags/load_day_to_snowflake.py
[2025-09-15T09:55:23.843+0000] {processor.py:840} INFO - DAG(s) 'load_day_to_snowflake' retrieved from /opt/airflow/dags/load_day_to_snowflake.py
[2025-09-15T09:55:23.869+0000] {logging_mixin.py:188} INFO - [2025-09-15T09:55:23.869+0000] {dag.py:3096} INFO - Sync 1 DAGs
[2025-09-15T09:55:23.881+0000] {logging_mixin.py:188} INFO - [2025-09-15T09:55:23.880+0000] {dag.py:3954} INFO - Setting next_dagrun for load_day_to_snowflake to None, run_after=None
[2025-09-15T09:55:23.902+0000] {processor.py:183} INFO - Processing /opt/airflow/dags/load_day_to_snowflake.py took 0.085 seconds
[2025-09-15T09:55:54.612+0000] {processor.py:161} INFO - Started process (PID=2942) to work on /opt/airflow/dags/load_day_to_snowflake.py
[2025-09-15T09:55:54.613+0000] {processor.py:830} INFO - Processing file /opt/airflow/dags/load_day_to_snowflake.py for tasks to queue
[2025-09-15T09:55:54.614+0000] {logging_mixin.py:188} INFO - [2025-09-15T09:55:54.613+0000] {dagbag.py:540} INFO - Filling up the DagBag from /opt/airflow/dags/load_day_to_snowflake.py
[2025-09-15T09:55:54.630+0000] {processor.py:840} INFO - DAG(s) 'load_day_to_snowflake' retrieved from /opt/airflow/dags/load_day_to_snowflake.py
[2025-09-15T09:55:54.663+0000] {logging_mixin.py:188} INFO - [2025-09-15T09:55:54.662+0000] {dag.py:3096} INFO - Sync 1 DAGs
[2025-09-15T09:55:54.675+0000] {logging_mixin.py:188} INFO - [2025-09-15T09:55:54.675+0000] {dag.py:3954} INFO - Setting next_dagrun for load_day_to_snowflake to None, run_after=None
[2025-09-15T09:55:54.695+0000] {processor.py:183} INFO - Processing /opt/airflow/dags/load_day_to_snowflake.py took 0.089 seconds
[2025-09-15T09:56:25.663+0000] {processor.py:161} INFO - Started process (PID=2980) to work on /opt/airflow/dags/load_day_to_snowflake.py
[2025-09-15T09:56:25.669+0000] {processor.py:830} INFO - Processing file /opt/airflow/dags/load_day_to_snowflake.py for tasks to queue
[2025-09-15T09:56:25.673+0000] {logging_mixin.py:188} INFO - [2025-09-15T09:56:25.672+0000] {dagbag.py:540} INFO - Filling up the DagBag from /opt/airflow/dags/load_day_to_snowflake.py
[2025-09-15T09:56:25.748+0000] {processor.py:840} INFO - DAG(s) 'load_day_to_snowflake' retrieved from /opt/airflow/dags/load_day_to_snowflake.py
[2025-09-15T09:56:25.848+0000] {logging_mixin.py:188} INFO - [2025-09-15T09:56:25.847+0000] {dag.py:3096} INFO - Sync 1 DAGs
[2025-09-15T09:56:25.886+0000] {logging_mixin.py:188} INFO - [2025-09-15T09:56:25.886+0000] {dag.py:3954} INFO - Setting next_dagrun for load_day_to_snowflake to None, run_after=None
[2025-09-15T09:56:25.930+0000] {processor.py:183} INFO - Processing /opt/airflow/dags/load_day_to_snowflake.py took 0.326 seconds
[2025-09-15T09:56:56.712+0000] {processor.py:161} INFO - Started process (PID=3016) to work on /opt/airflow/dags/load_day_to_snowflake.py
[2025-09-15T09:56:56.713+0000] {processor.py:830} INFO - Processing file /opt/airflow/dags/load_day_to_snowflake.py for tasks to queue
[2025-09-15T09:56:56.714+0000] {logging_mixin.py:188} INFO - [2025-09-15T09:56:56.714+0000] {dagbag.py:540} INFO - Filling up the DagBag from /opt/airflow/dags/load_day_to_snowflake.py
[2025-09-15T09:56:56.733+0000] {processor.py:840} INFO - DAG(s) 'load_day_to_snowflake' retrieved from /opt/airflow/dags/load_day_to_snowflake.py
[2025-09-15T09:56:56.760+0000] {logging_mixin.py:188} INFO - [2025-09-15T09:56:56.760+0000] {dag.py:3096} INFO - Sync 1 DAGs
[2025-09-15T09:56:56.773+0000] {logging_mixin.py:188} INFO - [2025-09-15T09:56:56.773+0000] {dag.py:3954} INFO - Setting next_dagrun for load_day_to_snowflake to None, run_after=None
[2025-09-15T09:56:56.794+0000] {processor.py:183} INFO - Processing /opt/airflow/dags/load_day_to_snowflake.py took 0.087 seconds
[2025-09-15T09:57:27.341+0000] {processor.py:161} INFO - Started process (PID=3051) to work on /opt/airflow/dags/load_day_to_snowflake.py
[2025-09-15T09:57:27.342+0000] {processor.py:830} INFO - Processing file /opt/airflow/dags/load_day_to_snowflake.py for tasks to queue
[2025-09-15T09:57:27.343+0000] {logging_mixin.py:188} INFO - [2025-09-15T09:57:27.343+0000] {dagbag.py:540} INFO - Filling up the DagBag from /opt/airflow/dags/load_day_to_snowflake.py
[2025-09-15T09:57:27.360+0000] {processor.py:840} INFO - DAG(s) 'load_day_to_snowflake' retrieved from /opt/airflow/dags/load_day_to_snowflake.py
[2025-09-15T09:57:27.384+0000] {logging_mixin.py:188} INFO - [2025-09-15T09:57:27.384+0000] {dag.py:3096} INFO - Sync 1 DAGs
[2025-09-15T09:57:27.395+0000] {logging_mixin.py:188} INFO - [2025-09-15T09:57:27.395+0000] {dag.py:3954} INFO - Setting next_dagrun for load_day_to_snowflake to None, run_after=None
[2025-09-15T09:57:27.414+0000] {processor.py:183} INFO - Processing /opt/airflow/dags/load_day_to_snowflake.py took 0.079 seconds
[2025-09-15T09:57:58.220+0000] {processor.py:161} INFO - Started process (PID=3086) to work on /opt/airflow/dags/load_day_to_snowflake.py
[2025-09-15T09:57:58.221+0000] {processor.py:830} INFO - Processing file /opt/airflow/dags/load_day_to_snowflake.py for tasks to queue
[2025-09-15T09:57:58.222+0000] {logging_mixin.py:188} INFO - [2025-09-15T09:57:58.222+0000] {dagbag.py:540} INFO - Filling up the DagBag from /opt/airflow/dags/load_day_to_snowflake.py
[2025-09-15T09:57:58.240+0000] {processor.py:840} INFO - DAG(s) 'load_day_to_snowflake' retrieved from /opt/airflow/dags/load_day_to_snowflake.py
[2025-09-15T09:57:58.264+0000] {logging_mixin.py:188} INFO - [2025-09-15T09:57:58.264+0000] {dag.py:3096} INFO - Sync 1 DAGs
[2025-09-15T09:57:58.275+0000] {logging_mixin.py:188} INFO - [2025-09-15T09:57:58.275+0000] {dag.py:3954} INFO - Setting next_dagrun for load_day_to_snowflake to None, run_after=None
[2025-09-15T09:57:58.294+0000] {processor.py:183} INFO - Processing /opt/airflow/dags/load_day_to_snowflake.py took 0.079 seconds
[2025-09-15T09:58:28.963+0000] {processor.py:161} INFO - Started process (PID=3121) to work on /opt/airflow/dags/load_day_to_snowflake.py
[2025-09-15T09:58:28.964+0000] {processor.py:830} INFO - Processing file /opt/airflow/dags/load_day_to_snowflake.py for tasks to queue
[2025-09-15T09:58:28.965+0000] {logging_mixin.py:188} INFO - [2025-09-15T09:58:28.965+0000] {dagbag.py:540} INFO - Filling up the DagBag from /opt/airflow/dags/load_day_to_snowflake.py
[2025-09-15T09:58:28.983+0000] {processor.py:840} INFO - DAG(s) 'load_day_to_snowflake' retrieved from /opt/airflow/dags/load_day_to_snowflake.py
[2025-09-15T09:58:29.008+0000] {logging_mixin.py:188} INFO - [2025-09-15T09:58:29.007+0000] {dag.py:3096} INFO - Sync 1 DAGs
[2025-09-15T09:58:29.019+0000] {logging_mixin.py:188} INFO - [2025-09-15T09:58:29.019+0000] {dag.py:3954} INFO - Setting next_dagrun for load_day_to_snowflake to None, run_after=None
[2025-09-15T09:58:29.038+0000] {processor.py:183} INFO - Processing /opt/airflow/dags/load_day_to_snowflake.py took 0.081 seconds
[2025-09-15T09:58:59.169+0000] {processor.py:161} INFO - Started process (PID=3160) to work on /opt/airflow/dags/load_day_to_snowflake.py
[2025-09-15T09:58:59.170+0000] {processor.py:830} INFO - Processing file /opt/airflow/dags/load_day_to_snowflake.py for tasks to queue
[2025-09-15T09:58:59.171+0000] {logging_mixin.py:188} INFO - [2025-09-15T09:58:59.171+0000] {dagbag.py:540} INFO - Filling up the DagBag from /opt/airflow/dags/load_day_to_snowflake.py
[2025-09-15T09:58:59.198+0000] {processor.py:840} INFO - DAG(s) 'load_day_to_snowflake' retrieved from /opt/airflow/dags/load_day_to_snowflake.py
[2025-09-15T09:58:59.231+0000] {logging_mixin.py:188} INFO - [2025-09-15T09:58:59.231+0000] {dag.py:3096} INFO - Sync 1 DAGs
[2025-09-15T09:58:59.246+0000] {logging_mixin.py:188} INFO - [2025-09-15T09:58:59.246+0000] {dag.py:3954} INFO - Setting next_dagrun for load_day_to_snowflake to None, run_after=None
[2025-09-15T09:58:59.278+0000] {processor.py:183} INFO - Processing /opt/airflow/dags/load_day_to_snowflake.py took 0.118 seconds
[2025-09-15T09:59:30.188+0000] {processor.py:161} INFO - Started process (PID=3199) to work on /opt/airflow/dags/load_day_to_snowflake.py
[2025-09-15T09:59:30.189+0000] {processor.py:830} INFO - Processing file /opt/airflow/dags/load_day_to_snowflake.py for tasks to queue
[2025-09-15T09:59:30.190+0000] {logging_mixin.py:188} INFO - [2025-09-15T09:59:30.189+0000] {dagbag.py:540} INFO - Filling up the DagBag from /opt/airflow/dags/load_day_to_snowflake.py
[2025-09-15T09:59:30.213+0000] {processor.py:840} INFO - DAG(s) 'load_day_to_snowflake' retrieved from /opt/airflow/dags/load_day_to_snowflake.py
[2025-09-15T09:59:30.248+0000] {logging_mixin.py:188} INFO - [2025-09-15T09:59:30.247+0000] {dag.py:3096} INFO - Sync 1 DAGs
[2025-09-15T09:59:30.265+0000] {logging_mixin.py:188} INFO - [2025-09-15T09:59:30.264+0000] {dag.py:3954} INFO - Setting next_dagrun for load_day_to_snowflake to None, run_after=None
[2025-09-15T09:59:30.325+0000] {processor.py:183} INFO - Processing /opt/airflow/dags/load_day_to_snowflake.py took 0.144 seconds
[2025-09-15T10:00:00.909+0000] {processor.py:161} INFO - Started process (PID=3234) to work on /opt/airflow/dags/load_day_to_snowflake.py
[2025-09-15T10:00:00.910+0000] {processor.py:830} INFO - Processing file /opt/airflow/dags/load_day_to_snowflake.py for tasks to queue
[2025-09-15T10:00:00.911+0000] {logging_mixin.py:188} INFO - [2025-09-15T10:00:00.911+0000] {dagbag.py:540} INFO - Filling up the DagBag from /opt/airflow/dags/load_day_to_snowflake.py
[2025-09-15T10:00:00.929+0000] {processor.py:840} INFO - DAG(s) 'load_day_to_snowflake' retrieved from /opt/airflow/dags/load_day_to_snowflake.py
[2025-09-15T10:00:00.956+0000] {logging_mixin.py:188} INFO - [2025-09-15T10:00:00.956+0000] {dag.py:3096} INFO - Sync 1 DAGs
[2025-09-15T10:00:00.969+0000] {logging_mixin.py:188} INFO - [2025-09-15T10:00:00.969+0000] {dag.py:3954} INFO - Setting next_dagrun for load_day_to_snowflake to None, run_after=None
[2025-09-15T10:00:00.992+0000] {processor.py:183} INFO - Processing /opt/airflow/dags/load_day_to_snowflake.py took 0.090 seconds
[2025-09-15T10:00:31.135+0000] {processor.py:161} INFO - Started process (PID=3273) to work on /opt/airflow/dags/load_day_to_snowflake.py
[2025-09-15T10:00:31.136+0000] {processor.py:830} INFO - Processing file /opt/airflow/dags/load_day_to_snowflake.py for tasks to queue
[2025-09-15T10:00:31.137+0000] {logging_mixin.py:188} INFO - [2025-09-15T10:00:31.137+0000] {dagbag.py:540} INFO - Filling up the DagBag from /opt/airflow/dags/load_day_to_snowflake.py
[2025-09-15T10:00:31.156+0000] {processor.py:840} INFO - DAG(s) 'load_day_to_snowflake' retrieved from /opt/airflow/dags/load_day_to_snowflake.py
[2025-09-15T10:00:31.182+0000] {logging_mixin.py:188} INFO - [2025-09-15T10:00:31.182+0000] {dag.py:3096} INFO - Sync 1 DAGs
[2025-09-15T10:00:31.194+0000] {logging_mixin.py:188} INFO - [2025-09-15T10:00:31.194+0000] {dag.py:3954} INFO - Setting next_dagrun for load_day_to_snowflake to None, run_after=None
[2025-09-15T10:00:31.222+0000] {processor.py:183} INFO - Processing /opt/airflow/dags/load_day_to_snowflake.py took 0.092 seconds
[2025-09-15T10:01:01.829+0000] {processor.py:161} INFO - Started process (PID=3308) to work on /opt/airflow/dags/load_day_to_snowflake.py
[2025-09-15T10:01:01.831+0000] {processor.py:830} INFO - Processing file /opt/airflow/dags/load_day_to_snowflake.py for tasks to queue
[2025-09-15T10:01:01.833+0000] {logging_mixin.py:188} INFO - [2025-09-15T10:01:01.833+0000] {dagbag.py:540} INFO - Filling up the DagBag from /opt/airflow/dags/load_day_to_snowflake.py
[2025-09-15T10:01:01.856+0000] {processor.py:840} INFO - DAG(s) 'load_day_to_snowflake' retrieved from /opt/airflow/dags/load_day_to_snowflake.py
[2025-09-15T10:01:01.883+0000] {logging_mixin.py:188} INFO - [2025-09-15T10:01:01.883+0000] {dag.py:3096} INFO - Sync 1 DAGs
[2025-09-15T10:01:01.894+0000] {logging_mixin.py:188} INFO - [2025-09-15T10:01:01.894+0000] {dag.py:3954} INFO - Setting next_dagrun for load_day_to_snowflake to None, run_after=None
[2025-09-15T10:01:01.912+0000] {processor.py:183} INFO - Processing /opt/airflow/dags/load_day_to_snowflake.py took 0.089 seconds
[2025-09-15T10:01:32.432+0000] {processor.py:161} INFO - Started process (PID=3343) to work on /opt/airflow/dags/load_day_to_snowflake.py
[2025-09-15T10:01:32.433+0000] {processor.py:830} INFO - Processing file /opt/airflow/dags/load_day_to_snowflake.py for tasks to queue
[2025-09-15T10:01:32.434+0000] {logging_mixin.py:188} INFO - [2025-09-15T10:01:32.434+0000] {dagbag.py:540} INFO - Filling up the DagBag from /opt/airflow/dags/load_day_to_snowflake.py
[2025-09-15T10:01:32.451+0000] {processor.py:840} INFO - DAG(s) 'load_day_to_snowflake' retrieved from /opt/airflow/dags/load_day_to_snowflake.py
[2025-09-15T10:01:32.476+0000] {logging_mixin.py:188} INFO - [2025-09-15T10:01:32.476+0000] {dag.py:3096} INFO - Sync 1 DAGs
[2025-09-15T10:01:32.487+0000] {logging_mixin.py:188} INFO - [2025-09-15T10:01:32.487+0000] {dag.py:3954} INFO - Setting next_dagrun for load_day_to_snowflake to None, run_after=None
[2025-09-15T10:01:32.508+0000] {processor.py:183} INFO - Processing /opt/airflow/dags/load_day_to_snowflake.py took 0.081 seconds
[2025-09-15T10:02:03.160+0000] {processor.py:161} INFO - Started process (PID=3378) to work on /opt/airflow/dags/load_day_to_snowflake.py
[2025-09-15T10:02:03.161+0000] {processor.py:830} INFO - Processing file /opt/airflow/dags/load_day_to_snowflake.py for tasks to queue
[2025-09-15T10:02:03.162+0000] {logging_mixin.py:188} INFO - [2025-09-15T10:02:03.162+0000] {dagbag.py:540} INFO - Filling up the DagBag from /opt/airflow/dags/load_day_to_snowflake.py
[2025-09-15T10:02:03.180+0000] {processor.py:840} INFO - DAG(s) 'load_day_to_snowflake' retrieved from /opt/airflow/dags/load_day_to_snowflake.py
[2025-09-15T10:02:03.204+0000] {logging_mixin.py:188} INFO - [2025-09-15T10:02:03.204+0000] {dag.py:3096} INFO - Sync 1 DAGs
[2025-09-15T10:02:03.214+0000] {logging_mixin.py:188} INFO - [2025-09-15T10:02:03.214+0000] {dag.py:3954} INFO - Setting next_dagrun for load_day_to_snowflake to None, run_after=None
[2025-09-15T10:02:03.236+0000] {processor.py:183} INFO - Processing /opt/airflow/dags/load_day_to_snowflake.py took 0.082 seconds
[2025-09-15T10:02:33.766+0000] {processor.py:161} INFO - Started process (PID=3413) to work on /opt/airflow/dags/load_day_to_snowflake.py
[2025-09-15T10:02:33.767+0000] {processor.py:830} INFO - Processing file /opt/airflow/dags/load_day_to_snowflake.py for tasks to queue
[2025-09-15T10:02:33.768+0000] {logging_mixin.py:188} INFO - [2025-09-15T10:02:33.768+0000] {dagbag.py:540} INFO - Filling up the DagBag from /opt/airflow/dags/load_day_to_snowflake.py
[2025-09-15T10:02:33.788+0000] {processor.py:840} INFO - DAG(s) 'load_day_to_snowflake' retrieved from /opt/airflow/dags/load_day_to_snowflake.py
[2025-09-15T10:02:33.816+0000] {logging_mixin.py:188} INFO - [2025-09-15T10:02:33.816+0000] {dag.py:3096} INFO - Sync 1 DAGs
[2025-09-15T10:02:33.829+0000] {logging_mixin.py:188} INFO - [2025-09-15T10:02:33.829+0000] {dag.py:3954} INFO - Setting next_dagrun for load_day_to_snowflake to None, run_after=None
[2025-09-15T10:02:33.878+0000] {processor.py:183} INFO - Processing /opt/airflow/dags/load_day_to_snowflake.py took 0.118 seconds
[2025-09-15T10:03:04.259+0000] {processor.py:161} INFO - Started process (PID=3448) to work on /opt/airflow/dags/load_day_to_snowflake.py
[2025-09-15T10:03:04.260+0000] {processor.py:830} INFO - Processing file /opt/airflow/dags/load_day_to_snowflake.py for tasks to queue
[2025-09-15T10:03:04.261+0000] {logging_mixin.py:188} INFO - [2025-09-15T10:03:04.260+0000] {dagbag.py:540} INFO - Filling up the DagBag from /opt/airflow/dags/load_day_to_snowflake.py
[2025-09-15T10:03:04.277+0000] {processor.py:840} INFO - DAG(s) 'load_day_to_snowflake' retrieved from /opt/airflow/dags/load_day_to_snowflake.py
[2025-09-15T10:03:04.305+0000] {logging_mixin.py:188} INFO - [2025-09-15T10:03:04.305+0000] {dag.py:3096} INFO - Sync 1 DAGs
[2025-09-15T10:03:04.315+0000] {logging_mixin.py:188} INFO - [2025-09-15T10:03:04.315+0000] {dag.py:3954} INFO - Setting next_dagrun for load_day_to_snowflake to None, run_after=None
[2025-09-15T10:03:04.334+0000] {processor.py:183} INFO - Processing /opt/airflow/dags/load_day_to_snowflake.py took 0.081 seconds
[2025-09-15T10:03:34.898+0000] {processor.py:161} INFO - Started process (PID=3483) to work on /opt/airflow/dags/load_day_to_snowflake.py
[2025-09-15T10:03:34.899+0000] {processor.py:830} INFO - Processing file /opt/airflow/dags/load_day_to_snowflake.py for tasks to queue
[2025-09-15T10:03:34.900+0000] {logging_mixin.py:188} INFO - [2025-09-15T10:03:34.900+0000] {dagbag.py:540} INFO - Filling up the DagBag from /opt/airflow/dags/load_day_to_snowflake.py
[2025-09-15T10:03:34.919+0000] {processor.py:840} INFO - DAG(s) 'load_day_to_snowflake' retrieved from /opt/airflow/dags/load_day_to_snowflake.py
[2025-09-15T10:03:34.944+0000] {logging_mixin.py:188} INFO - [2025-09-15T10:03:34.944+0000] {dag.py:3096} INFO - Sync 1 DAGs
[2025-09-15T10:03:34.956+0000] {logging_mixin.py:188} INFO - [2025-09-15T10:03:34.956+0000] {dag.py:3954} INFO - Setting next_dagrun for load_day_to_snowflake to None, run_after=None
[2025-09-15T10:03:34.975+0000] {processor.py:183} INFO - Processing /opt/airflow/dags/load_day_to_snowflake.py took 0.083 seconds
[2025-09-15T10:04:05.452+0000] {processor.py:161} INFO - Started process (PID=3518) to work on /opt/airflow/dags/load_day_to_snowflake.py
[2025-09-15T10:04:05.454+0000] {processor.py:830} INFO - Processing file /opt/airflow/dags/load_day_to_snowflake.py for tasks to queue
[2025-09-15T10:04:05.455+0000] {logging_mixin.py:188} INFO - [2025-09-15T10:04:05.454+0000] {dagbag.py:540} INFO - Filling up the DagBag from /opt/airflow/dags/load_day_to_snowflake.py
[2025-09-15T10:04:05.472+0000] {processor.py:840} INFO - DAG(s) 'load_day_to_snowflake' retrieved from /opt/airflow/dags/load_day_to_snowflake.py
[2025-09-15T10:04:05.497+0000] {logging_mixin.py:188} INFO - [2025-09-15T10:04:05.496+0000] {dag.py:3096} INFO - Sync 1 DAGs
[2025-09-15T10:04:05.508+0000] {logging_mixin.py:188} INFO - [2025-09-15T10:04:05.508+0000] {dag.py:3954} INFO - Setting next_dagrun for load_day_to_snowflake to None, run_after=None
[2025-09-15T10:04:05.527+0000] {processor.py:183} INFO - Processing /opt/airflow/dags/load_day_to_snowflake.py took 0.081 seconds
[2025-09-15T10:04:36.110+0000] {processor.py:161} INFO - Started process (PID=3553) to work on /opt/airflow/dags/load_day_to_snowflake.py
[2025-09-15T10:04:36.111+0000] {processor.py:830} INFO - Processing file /opt/airflow/dags/load_day_to_snowflake.py for tasks to queue
[2025-09-15T10:04:36.112+0000] {logging_mixin.py:188} INFO - [2025-09-15T10:04:36.111+0000] {dagbag.py:540} INFO - Filling up the DagBag from /opt/airflow/dags/load_day_to_snowflake.py
[2025-09-15T10:04:36.127+0000] {processor.py:840} INFO - DAG(s) 'load_day_to_snowflake' retrieved from /opt/airflow/dags/load_day_to_snowflake.py
[2025-09-15T10:04:36.150+0000] {logging_mixin.py:188} INFO - [2025-09-15T10:04:36.150+0000] {dag.py:3096} INFO - Sync 1 DAGs
[2025-09-15T10:04:36.160+0000] {logging_mixin.py:188} INFO - [2025-09-15T10:04:36.160+0000] {dag.py:3954} INFO - Setting next_dagrun for load_day_to_snowflake to None, run_after=None
[2025-09-15T10:04:36.180+0000] {processor.py:183} INFO - Processing /opt/airflow/dags/load_day_to_snowflake.py took 0.075 seconds
[2025-09-15T10:05:06.683+0000] {processor.py:161} INFO - Started process (PID=3588) to work on /opt/airflow/dags/load_day_to_snowflake.py
[2025-09-15T10:05:06.685+0000] {processor.py:830} INFO - Processing file /opt/airflow/dags/load_day_to_snowflake.py for tasks to queue
[2025-09-15T10:05:06.686+0000] {logging_mixin.py:188} INFO - [2025-09-15T10:05:06.685+0000] {dagbag.py:540} INFO - Filling up the DagBag from /opt/airflow/dags/load_day_to_snowflake.py
[2025-09-15T10:05:06.701+0000] {processor.py:840} INFO - DAG(s) 'load_day_to_snowflake' retrieved from /opt/airflow/dags/load_day_to_snowflake.py
[2025-09-15T10:05:06.728+0000] {logging_mixin.py:188} INFO - [2025-09-15T10:05:06.728+0000] {dag.py:3096} INFO - Sync 1 DAGs
[2025-09-15T10:05:06.741+0000] {logging_mixin.py:188} INFO - [2025-09-15T10:05:06.741+0000] {dag.py:3954} INFO - Setting next_dagrun for load_day_to_snowflake to None, run_after=None
[2025-09-15T10:05:06.763+0000] {processor.py:183} INFO - Processing /opt/airflow/dags/load_day_to_snowflake.py took 0.085 seconds
[2025-09-15T10:05:37.234+0000] {processor.py:161} INFO - Started process (PID=3623) to work on /opt/airflow/dags/load_day_to_snowflake.py
[2025-09-15T10:05:37.235+0000] {processor.py:830} INFO - Processing file /opt/airflow/dags/load_day_to_snowflake.py for tasks to queue
[2025-09-15T10:05:37.236+0000] {logging_mixin.py:188} INFO - [2025-09-15T10:05:37.236+0000] {dagbag.py:540} INFO - Filling up the DagBag from /opt/airflow/dags/load_day_to_snowflake.py
[2025-09-15T10:05:37.256+0000] {processor.py:840} INFO - DAG(s) 'load_day_to_snowflake' retrieved from /opt/airflow/dags/load_day_to_snowflake.py
[2025-09-15T10:05:37.286+0000] {logging_mixin.py:188} INFO - [2025-09-15T10:05:37.285+0000] {dag.py:3096} INFO - Sync 1 DAGs
[2025-09-15T10:05:37.296+0000] {logging_mixin.py:188} INFO - [2025-09-15T10:05:37.296+0000] {dag.py:3954} INFO - Setting next_dagrun for load_day_to_snowflake to None, run_after=None
[2025-09-15T10:05:37.317+0000] {processor.py:183} INFO - Processing /opt/airflow/dags/load_day_to_snowflake.py took 0.088 seconds
[2025-09-15T10:06:07.706+0000] {processor.py:161} INFO - Started process (PID=3658) to work on /opt/airflow/dags/load_day_to_snowflake.py
[2025-09-15T10:06:07.708+0000] {processor.py:830} INFO - Processing file /opt/airflow/dags/load_day_to_snowflake.py for tasks to queue
[2025-09-15T10:06:07.708+0000] {logging_mixin.py:188} INFO - [2025-09-15T10:06:07.708+0000] {dagbag.py:540} INFO - Filling up the DagBag from /opt/airflow/dags/load_day_to_snowflake.py
[2025-09-15T10:06:07.726+0000] {processor.py:840} INFO - DAG(s) 'load_day_to_snowflake' retrieved from /opt/airflow/dags/load_day_to_snowflake.py
[2025-09-15T10:06:07.751+0000] {logging_mixin.py:188} INFO - [2025-09-15T10:06:07.751+0000] {dag.py:3096} INFO - Sync 1 DAGs
[2025-09-15T10:06:07.762+0000] {logging_mixin.py:188} INFO - [2025-09-15T10:06:07.762+0000] {dag.py:3954} INFO - Setting next_dagrun for load_day_to_snowflake to None, run_after=None
[2025-09-15T10:06:07.780+0000] {processor.py:183} INFO - Processing /opt/airflow/dags/load_day_to_snowflake.py took 0.079 seconds
[2025-09-15T10:06:38.629+0000] {processor.py:161} INFO - Started process (PID=3693) to work on /opt/airflow/dags/load_day_to_snowflake.py
[2025-09-15T10:06:38.630+0000] {processor.py:830} INFO - Processing file /opt/airflow/dags/load_day_to_snowflake.py for tasks to queue
[2025-09-15T10:06:38.630+0000] {logging_mixin.py:188} INFO - [2025-09-15T10:06:38.630+0000] {dagbag.py:540} INFO - Filling up the DagBag from /opt/airflow/dags/load_day_to_snowflake.py
[2025-09-15T10:06:38.648+0000] {processor.py:840} INFO - DAG(s) 'load_day_to_snowflake' retrieved from /opt/airflow/dags/load_day_to_snowflake.py
[2025-09-15T10:06:38.677+0000] {logging_mixin.py:188} INFO - [2025-09-15T10:06:38.677+0000] {dag.py:3096} INFO - Sync 1 DAGs
[2025-09-15T10:06:38.688+0000] {logging_mixin.py:188} INFO - [2025-09-15T10:06:38.688+0000] {dag.py:3954} INFO - Setting next_dagrun for load_day_to_snowflake to None, run_after=None
[2025-09-15T10:06:38.710+0000] {processor.py:183} INFO - Processing /opt/airflow/dags/load_day_to_snowflake.py took 0.087 seconds
[2025-09-15T10:07:09.288+0000] {processor.py:161} INFO - Started process (PID=3728) to work on /opt/airflow/dags/load_day_to_snowflake.py
[2025-09-15T10:07:09.292+0000] {processor.py:830} INFO - Processing file /opt/airflow/dags/load_day_to_snowflake.py for tasks to queue
[2025-09-15T10:07:09.298+0000] {logging_mixin.py:188} INFO - [2025-09-15T10:07:09.295+0000] {dagbag.py:540} INFO - Filling up the DagBag from /opt/airflow/dags/load_day_to_snowflake.py
[2025-09-15T10:07:09.357+0000] {processor.py:840} INFO - DAG(s) 'load_day_to_snowflake' retrieved from /opt/airflow/dags/load_day_to_snowflake.py
[2025-09-15T10:07:09.433+0000] {logging_mixin.py:188} INFO - [2025-09-15T10:07:09.432+0000] {dag.py:3096} INFO - Sync 1 DAGs
[2025-09-15T10:07:09.463+0000] {logging_mixin.py:188} INFO - [2025-09-15T10:07:09.462+0000] {dag.py:3954} INFO - Setting next_dagrun for load_day_to_snowflake to None, run_after=None
[2025-09-15T10:07:09.572+0000] {processor.py:183} INFO - Processing /opt/airflow/dags/load_day_to_snowflake.py took 0.302 seconds
[2025-09-15T10:07:40.563+0000] {processor.py:161} INFO - Started process (PID=3763) to work on /opt/airflow/dags/load_day_to_snowflake.py
[2025-09-15T10:07:40.564+0000] {processor.py:830} INFO - Processing file /opt/airflow/dags/load_day_to_snowflake.py for tasks to queue
[2025-09-15T10:07:40.565+0000] {logging_mixin.py:188} INFO - [2025-09-15T10:07:40.565+0000] {dagbag.py:540} INFO - Filling up the DagBag from /opt/airflow/dags/load_day_to_snowflake.py
[2025-09-15T10:07:40.593+0000] {processor.py:840} INFO - DAG(s) 'load_day_to_snowflake' retrieved from /opt/airflow/dags/load_day_to_snowflake.py
[2025-09-15T10:07:40.635+0000] {logging_mixin.py:188} INFO - [2025-09-15T10:07:40.634+0000] {dag.py:3096} INFO - Sync 1 DAGs
[2025-09-15T10:07:40.653+0000] {logging_mixin.py:188} INFO - [2025-09-15T10:07:40.653+0000] {dag.py:3954} INFO - Setting next_dagrun for load_day_to_snowflake to None, run_after=None
[2025-09-15T10:07:40.679+0000] {processor.py:183} INFO - Processing /opt/airflow/dags/load_day_to_snowflake.py took 0.121 seconds
[2025-09-15T10:08:10.965+0000] {processor.py:161} INFO - Started process (PID=3798) to work on /opt/airflow/dags/load_day_to_snowflake.py
[2025-09-15T10:08:10.967+0000] {processor.py:830} INFO - Processing file /opt/airflow/dags/load_day_to_snowflake.py for tasks to queue
[2025-09-15T10:08:10.971+0000] {logging_mixin.py:188} INFO - [2025-09-15T10:08:10.969+0000] {dagbag.py:540} INFO - Filling up the DagBag from /opt/airflow/dags/load_day_to_snowflake.py
[2025-09-15T10:08:11.013+0000] {processor.py:840} INFO - DAG(s) 'load_day_to_snowflake' retrieved from /opt/airflow/dags/load_day_to_snowflake.py
[2025-09-15T10:08:11.079+0000] {logging_mixin.py:188} INFO - [2025-09-15T10:08:11.077+0000] {dag.py:3096} INFO - Sync 1 DAGs
[2025-09-15T10:08:11.198+0000] {logging_mixin.py:188} INFO - [2025-09-15T10:08:11.195+0000] {dag.py:3954} INFO - Setting next_dagrun for load_day_to_snowflake to None, run_after=None
[2025-09-15T10:08:11.292+0000] {processor.py:183} INFO - Processing /opt/airflow/dags/load_day_to_snowflake.py took 0.351 seconds
[2025-09-15T10:08:41.757+0000] {processor.py:161} INFO - Started process (PID=3833) to work on /opt/airflow/dags/load_day_to_snowflake.py
[2025-09-15T10:08:41.758+0000] {processor.py:830} INFO - Processing file /opt/airflow/dags/load_day_to_snowflake.py for tasks to queue
[2025-09-15T10:08:41.760+0000] {logging_mixin.py:188} INFO - [2025-09-15T10:08:41.760+0000] {dagbag.py:540} INFO - Filling up the DagBag from /opt/airflow/dags/load_day_to_snowflake.py
[2025-09-15T10:08:41.821+0000] {processor.py:840} INFO - DAG(s) 'load_day_to_snowflake' retrieved from /opt/airflow/dags/load_day_to_snowflake.py
[2025-09-15T10:08:41.947+0000] {logging_mixin.py:188} INFO - [2025-09-15T10:08:41.944+0000] {dag.py:3096} INFO - Sync 1 DAGs
[2025-09-15T10:08:41.983+0000] {logging_mixin.py:188} INFO - [2025-09-15T10:08:41.983+0000] {dag.py:3954} INFO - Setting next_dagrun for load_day_to_snowflake to None, run_after=None
[2025-09-15T10:08:42.014+0000] {processor.py:183} INFO - Processing /opt/airflow/dags/load_day_to_snowflake.py took 0.265 seconds
[2025-09-15T10:09:12.552+0000] {processor.py:161} INFO - Started process (PID=3868) to work on /opt/airflow/dags/load_day_to_snowflake.py
[2025-09-15T10:09:12.553+0000] {processor.py:830} INFO - Processing file /opt/airflow/dags/load_day_to_snowflake.py for tasks to queue
[2025-09-15T10:09:12.554+0000] {logging_mixin.py:188} INFO - [2025-09-15T10:09:12.554+0000] {dagbag.py:540} INFO - Filling up the DagBag from /opt/airflow/dags/load_day_to_snowflake.py
[2025-09-15T10:09:12.573+0000] {processor.py:840} INFO - DAG(s) 'load_day_to_snowflake' retrieved from /opt/airflow/dags/load_day_to_snowflake.py
[2025-09-15T10:09:12.602+0000] {logging_mixin.py:188} INFO - [2025-09-15T10:09:12.602+0000] {dag.py:3096} INFO - Sync 1 DAGs
[2025-09-15T10:09:12.615+0000] {logging_mixin.py:188} INFO - [2025-09-15T10:09:12.614+0000] {dag.py:3954} INFO - Setting next_dagrun for load_day_to_snowflake to None, run_after=None
[2025-09-15T10:09:12.635+0000] {processor.py:183} INFO - Processing /opt/airflow/dags/load_day_to_snowflake.py took 0.089 seconds
[2025-09-15T10:09:43.183+0000] {processor.py:161} INFO - Started process (PID=3903) to work on /opt/airflow/dags/load_day_to_snowflake.py
[2025-09-15T10:09:43.184+0000] {processor.py:830} INFO - Processing file /opt/airflow/dags/load_day_to_snowflake.py for tasks to queue
[2025-09-15T10:09:43.185+0000] {logging_mixin.py:188} INFO - [2025-09-15T10:09:43.185+0000] {dagbag.py:540} INFO - Filling up the DagBag from /opt/airflow/dags/load_day_to_snowflake.py
[2025-09-15T10:09:43.205+0000] {processor.py:840} INFO - DAG(s) 'load_day_to_snowflake' retrieved from /opt/airflow/dags/load_day_to_snowflake.py
[2025-09-15T10:09:43.234+0000] {logging_mixin.py:188} INFO - [2025-09-15T10:09:43.233+0000] {dag.py:3096} INFO - Sync 1 DAGs
[2025-09-15T10:09:43.248+0000] {logging_mixin.py:188} INFO - [2025-09-15T10:09:43.248+0000] {dag.py:3954} INFO - Setting next_dagrun for load_day_to_snowflake to None, run_after=None
[2025-09-15T10:09:43.275+0000] {processor.py:183} INFO - Processing /opt/airflow/dags/load_day_to_snowflake.py took 0.098 seconds
[2025-09-15T10:10:13.828+0000] {processor.py:161} INFO - Started process (PID=3938) to work on /opt/airflow/dags/load_day_to_snowflake.py
[2025-09-15T10:10:13.829+0000] {processor.py:830} INFO - Processing file /opt/airflow/dags/load_day_to_snowflake.py for tasks to queue
[2025-09-15T10:10:13.830+0000] {logging_mixin.py:188} INFO - [2025-09-15T10:10:13.830+0000] {dagbag.py:540} INFO - Filling up the DagBag from /opt/airflow/dags/load_day_to_snowflake.py
[2025-09-15T10:10:13.849+0000] {processor.py:840} INFO - DAG(s) 'load_day_to_snowflake' retrieved from /opt/airflow/dags/load_day_to_snowflake.py
[2025-09-15T10:10:13.879+0000] {logging_mixin.py:188} INFO - [2025-09-15T10:10:13.879+0000] {dag.py:3096} INFO - Sync 1 DAGs
[2025-09-15T10:10:13.893+0000] {logging_mixin.py:188} INFO - [2025-09-15T10:10:13.893+0000] {dag.py:3954} INFO - Setting next_dagrun for load_day_to_snowflake to None, run_after=None
[2025-09-15T10:10:13.918+0000] {processor.py:183} INFO - Processing /opt/airflow/dags/load_day_to_snowflake.py took 0.098 seconds
[2025-09-15T10:10:44.406+0000] {processor.py:161} INFO - Started process (PID=3973) to work on /opt/airflow/dags/load_day_to_snowflake.py
[2025-09-15T10:10:44.407+0000] {processor.py:830} INFO - Processing file /opt/airflow/dags/load_day_to_snowflake.py for tasks to queue
[2025-09-15T10:10:44.408+0000] {logging_mixin.py:188} INFO - [2025-09-15T10:10:44.407+0000] {dagbag.py:540} INFO - Filling up the DagBag from /opt/airflow/dags/load_day_to_snowflake.py
[2025-09-15T10:10:44.429+0000] {processor.py:840} INFO - DAG(s) 'load_day_to_snowflake' retrieved from /opt/airflow/dags/load_day_to_snowflake.py
[2025-09-15T10:10:44.459+0000] {logging_mixin.py:188} INFO - [2025-09-15T10:10:44.459+0000] {dag.py:3096} INFO - Sync 1 DAGs
[2025-09-15T10:10:44.471+0000] {logging_mixin.py:188} INFO - [2025-09-15T10:10:44.471+0000] {dag.py:3954} INFO - Setting next_dagrun for load_day_to_snowflake to None, run_after=None
[2025-09-15T10:10:44.495+0000] {processor.py:183} INFO - Processing /opt/airflow/dags/load_day_to_snowflake.py took 0.095 seconds
[2025-09-15T10:11:15.103+0000] {processor.py:161} INFO - Started process (PID=4008) to work on /opt/airflow/dags/load_day_to_snowflake.py
[2025-09-15T10:11:15.105+0000] {processor.py:830} INFO - Processing file /opt/airflow/dags/load_day_to_snowflake.py for tasks to queue
[2025-09-15T10:11:15.106+0000] {logging_mixin.py:188} INFO - [2025-09-15T10:11:15.106+0000] {dagbag.py:540} INFO - Filling up the DagBag from /opt/airflow/dags/load_day_to_snowflake.py
[2025-09-15T10:11:15.123+0000] {processor.py:840} INFO - DAG(s) 'load_day_to_snowflake' retrieved from /opt/airflow/dags/load_day_to_snowflake.py
[2025-09-15T10:11:15.155+0000] {logging_mixin.py:188} INFO - [2025-09-15T10:11:15.155+0000] {dag.py:3096} INFO - Sync 1 DAGs
[2025-09-15T10:11:15.169+0000] {logging_mixin.py:188} INFO - [2025-09-15T10:11:15.169+0000] {dag.py:3954} INFO - Setting next_dagrun for load_day_to_snowflake to None, run_after=None
[2025-09-15T10:11:15.196+0000] {processor.py:183} INFO - Processing /opt/airflow/dags/load_day_to_snowflake.py took 0.099 seconds
[2025-09-15T10:11:45.730+0000] {processor.py:161} INFO - Started process (PID=4043) to work on /opt/airflow/dags/load_day_to_snowflake.py
[2025-09-15T10:11:45.732+0000] {processor.py:830} INFO - Processing file /opt/airflow/dags/load_day_to_snowflake.py for tasks to queue
[2025-09-15T10:11:45.733+0000] {logging_mixin.py:188} INFO - [2025-09-15T10:11:45.733+0000] {dagbag.py:540} INFO - Filling up the DagBag from /opt/airflow/dags/load_day_to_snowflake.py
[2025-09-15T10:11:45.756+0000] {processor.py:840} INFO - DAG(s) 'load_day_to_snowflake' retrieved from /opt/airflow/dags/load_day_to_snowflake.py
[2025-09-15T10:11:45.786+0000] {logging_mixin.py:188} INFO - [2025-09-15T10:11:45.786+0000] {dag.py:3096} INFO - Sync 1 DAGs
[2025-09-15T10:11:45.799+0000] {logging_mixin.py:188} INFO - [2025-09-15T10:11:45.799+0000] {dag.py:3954} INFO - Setting next_dagrun for load_day_to_snowflake to None, run_after=None
[2025-09-15T10:11:45.820+0000] {processor.py:183} INFO - Processing /opt/airflow/dags/load_day_to_snowflake.py took 0.096 seconds
[2025-09-15T10:12:16.471+0000] {processor.py:161} INFO - Started process (PID=4078) to work on /opt/airflow/dags/load_day_to_snowflake.py
[2025-09-15T10:12:16.472+0000] {processor.py:830} INFO - Processing file /opt/airflow/dags/load_day_to_snowflake.py for tasks to queue
[2025-09-15T10:12:16.473+0000] {logging_mixin.py:188} INFO - [2025-09-15T10:12:16.473+0000] {dagbag.py:540} INFO - Filling up the DagBag from /opt/airflow/dags/load_day_to_snowflake.py
[2025-09-15T10:12:16.489+0000] {processor.py:840} INFO - DAG(s) 'load_day_to_snowflake' retrieved from /opt/airflow/dags/load_day_to_snowflake.py
[2025-09-15T10:12:16.516+0000] {logging_mixin.py:188} INFO - [2025-09-15T10:12:16.516+0000] {dag.py:3096} INFO - Sync 1 DAGs
[2025-09-15T10:12:16.529+0000] {logging_mixin.py:188} INFO - [2025-09-15T10:12:16.528+0000] {dag.py:3954} INFO - Setting next_dagrun for load_day_to_snowflake to None, run_after=None
[2025-09-15T10:12:16.551+0000] {processor.py:183} INFO - Processing /opt/airflow/dags/load_day_to_snowflake.py took 0.087 seconds
[2025-09-15T10:12:47.319+0000] {processor.py:161} INFO - Started process (PID=4113) to work on /opt/airflow/dags/load_day_to_snowflake.py
[2025-09-15T10:12:47.321+0000] {processor.py:830} INFO - Processing file /opt/airflow/dags/load_day_to_snowflake.py for tasks to queue
[2025-09-15T10:12:47.321+0000] {logging_mixin.py:188} INFO - [2025-09-15T10:12:47.321+0000] {dagbag.py:540} INFO - Filling up the DagBag from /opt/airflow/dags/load_day_to_snowflake.py
[2025-09-15T10:12:47.341+0000] {processor.py:840} INFO - DAG(s) 'load_day_to_snowflake' retrieved from /opt/airflow/dags/load_day_to_snowflake.py
[2025-09-15T10:12:47.371+0000] {logging_mixin.py:188} INFO - [2025-09-15T10:12:47.370+0000] {dag.py:3096} INFO - Sync 1 DAGs
[2025-09-15T10:12:47.384+0000] {logging_mixin.py:188} INFO - [2025-09-15T10:12:47.384+0000] {dag.py:3954} INFO - Setting next_dagrun for load_day_to_snowflake to None, run_after=None
[2025-09-15T10:12:47.405+0000] {processor.py:183} INFO - Processing /opt/airflow/dags/load_day_to_snowflake.py took 0.092 seconds
[2025-09-15T10:13:17.970+0000] {processor.py:161} INFO - Started process (PID=4148) to work on /opt/airflow/dags/load_day_to_snowflake.py
[2025-09-15T10:13:17.971+0000] {processor.py:830} INFO - Processing file /opt/airflow/dags/load_day_to_snowflake.py for tasks to queue
[2025-09-15T10:13:17.973+0000] {logging_mixin.py:188} INFO - [2025-09-15T10:13:17.972+0000] {dagbag.py:540} INFO - Filling up the DagBag from /opt/airflow/dags/load_day_to_snowflake.py
[2025-09-15T10:13:17.995+0000] {processor.py:840} INFO - DAG(s) 'load_day_to_snowflake' retrieved from /opt/airflow/dags/load_day_to_snowflake.py
[2025-09-15T10:13:18.026+0000] {logging_mixin.py:188} INFO - [2025-09-15T10:13:18.026+0000] {dag.py:3096} INFO - Sync 1 DAGs
[2025-09-15T10:13:18.043+0000] {logging_mixin.py:188} INFO - [2025-09-15T10:13:18.043+0000] {dag.py:3954} INFO - Setting next_dagrun for load_day_to_snowflake to None, run_after=None
[2025-09-15T10:13:18.064+0000] {processor.py:183} INFO - Processing /opt/airflow/dags/load_day_to_snowflake.py took 0.102 seconds
[2025-09-15T10:13:48.511+0000] {processor.py:161} INFO - Started process (PID=4183) to work on /opt/airflow/dags/load_day_to_snowflake.py
[2025-09-15T10:13:48.512+0000] {processor.py:830} INFO - Processing file /opt/airflow/dags/load_day_to_snowflake.py for tasks to queue
[2025-09-15T10:13:48.513+0000] {logging_mixin.py:188} INFO - [2025-09-15T10:13:48.513+0000] {dagbag.py:540} INFO - Filling up the DagBag from /opt/airflow/dags/load_day_to_snowflake.py
[2025-09-15T10:13:48.530+0000] {processor.py:840} INFO - DAG(s) 'load_day_to_snowflake' retrieved from /opt/airflow/dags/load_day_to_snowflake.py
[2025-09-15T10:13:48.558+0000] {logging_mixin.py:188} INFO - [2025-09-15T10:13:48.557+0000] {dag.py:3096} INFO - Sync 1 DAGs
[2025-09-15T10:13:48.570+0000] {logging_mixin.py:188} INFO - [2025-09-15T10:13:48.569+0000] {dag.py:3954} INFO - Setting next_dagrun for load_day_to_snowflake to None, run_after=None
[2025-09-15T10:13:48.590+0000] {processor.py:183} INFO - Processing /opt/airflow/dags/load_day_to_snowflake.py took 0.085 seconds
[2025-09-15T10:14:18.772+0000] {processor.py:161} INFO - Started process (PID=4218) to work on /opt/airflow/dags/load_day_to_snowflake.py
[2025-09-15T10:14:18.773+0000] {processor.py:830} INFO - Processing file /opt/airflow/dags/load_day_to_snowflake.py for tasks to queue
[2025-09-15T10:14:18.774+0000] {logging_mixin.py:188} INFO - [2025-09-15T10:14:18.774+0000] {dagbag.py:540} INFO - Filling up the DagBag from /opt/airflow/dags/load_day_to_snowflake.py
[2025-09-15T10:14:18.793+0000] {processor.py:840} INFO - DAG(s) 'load_day_to_snowflake' retrieved from /opt/airflow/dags/load_day_to_snowflake.py
[2025-09-15T10:14:18.821+0000] {logging_mixin.py:188} INFO - [2025-09-15T10:14:18.820+0000] {dag.py:3096} INFO - Sync 1 DAGs
[2025-09-15T10:14:18.833+0000] {logging_mixin.py:188} INFO - [2025-09-15T10:14:18.832+0000] {dag.py:3954} INFO - Setting next_dagrun for load_day_to_snowflake to None, run_after=None
[2025-09-15T10:14:18.855+0000] {processor.py:183} INFO - Processing /opt/airflow/dags/load_day_to_snowflake.py took 0.089 seconds
[2025-09-15T10:14:49.437+0000] {processor.py:161} INFO - Started process (PID=4253) to work on /opt/airflow/dags/load_day_to_snowflake.py
[2025-09-15T10:14:49.438+0000] {processor.py:830} INFO - Processing file /opt/airflow/dags/load_day_to_snowflake.py for tasks to queue
[2025-09-15T10:14:49.439+0000] {logging_mixin.py:188} INFO - [2025-09-15T10:14:49.438+0000] {dagbag.py:540} INFO - Filling up the DagBag from /opt/airflow/dags/load_day_to_snowflake.py
[2025-09-15T10:14:49.457+0000] {processor.py:840} INFO - DAG(s) 'load_day_to_snowflake' retrieved from /opt/airflow/dags/load_day_to_snowflake.py
[2025-09-15T10:14:49.483+0000] {logging_mixin.py:188} INFO - [2025-09-15T10:14:49.483+0000] {dag.py:3096} INFO - Sync 1 DAGs
[2025-09-15T10:14:49.496+0000] {logging_mixin.py:188} INFO - [2025-09-15T10:14:49.496+0000] {dag.py:3954} INFO - Setting next_dagrun for load_day_to_snowflake to None, run_after=None
[2025-09-15T10:14:49.520+0000] {processor.py:183} INFO - Processing /opt/airflow/dags/load_day_to_snowflake.py took 0.090 seconds
[2025-09-15T10:15:20.002+0000] {processor.py:161} INFO - Started process (PID=4288) to work on /opt/airflow/dags/load_day_to_snowflake.py
[2025-09-15T10:15:20.003+0000] {processor.py:830} INFO - Processing file /opt/airflow/dags/load_day_to_snowflake.py for tasks to queue
[2025-09-15T10:15:20.004+0000] {logging_mixin.py:188} INFO - [2025-09-15T10:15:20.003+0000] {dagbag.py:540} INFO - Filling up the DagBag from /opt/airflow/dags/load_day_to_snowflake.py
[2025-09-15T10:15:20.022+0000] {processor.py:840} INFO - DAG(s) 'load_day_to_snowflake' retrieved from /opt/airflow/dags/load_day_to_snowflake.py
[2025-09-15T10:15:20.050+0000] {logging_mixin.py:188} INFO - [2025-09-15T10:15:20.049+0000] {dag.py:3096} INFO - Sync 1 DAGs
[2025-09-15T10:15:20.062+0000] {logging_mixin.py:188} INFO - [2025-09-15T10:15:20.062+0000] {dag.py:3954} INFO - Setting next_dagrun for load_day_to_snowflake to None, run_after=None
[2025-09-15T10:15:20.082+0000] {processor.py:183} INFO - Processing /opt/airflow/dags/load_day_to_snowflake.py took 0.086 seconds
[2025-09-15T10:15:50.729+0000] {processor.py:161} INFO - Started process (PID=4323) to work on /opt/airflow/dags/load_day_to_snowflake.py
[2025-09-15T10:15:50.730+0000] {processor.py:830} INFO - Processing file /opt/airflow/dags/load_day_to_snowflake.py for tasks to queue
[2025-09-15T10:15:50.731+0000] {logging_mixin.py:188} INFO - [2025-09-15T10:15:50.730+0000] {dagbag.py:540} INFO - Filling up the DagBag from /opt/airflow/dags/load_day_to_snowflake.py
[2025-09-15T10:15:50.748+0000] {processor.py:840} INFO - DAG(s) 'load_day_to_snowflake' retrieved from /opt/airflow/dags/load_day_to_snowflake.py
[2025-09-15T10:15:50.780+0000] {logging_mixin.py:188} INFO - [2025-09-15T10:15:50.779+0000] {dag.py:3096} INFO - Sync 1 DAGs
[2025-09-15T10:15:50.791+0000] {logging_mixin.py:188} INFO - [2025-09-15T10:15:50.791+0000] {dag.py:3954} INFO - Setting next_dagrun for load_day_to_snowflake to None, run_after=None
[2025-09-15T10:15:50.813+0000] {processor.py:183} INFO - Processing /opt/airflow/dags/load_day_to_snowflake.py took 0.091 seconds
[2025-09-15T10:16:21.484+0000] {processor.py:161} INFO - Started process (PID=4358) to work on /opt/airflow/dags/load_day_to_snowflake.py
[2025-09-15T10:16:21.485+0000] {processor.py:830} INFO - Processing file /opt/airflow/dags/load_day_to_snowflake.py for tasks to queue
[2025-09-15T10:16:21.486+0000] {logging_mixin.py:188} INFO - [2025-09-15T10:16:21.485+0000] {dagbag.py:540} INFO - Filling up the DagBag from /opt/airflow/dags/load_day_to_snowflake.py
[2025-09-15T10:16:21.507+0000] {processor.py:840} INFO - DAG(s) 'load_day_to_snowflake' retrieved from /opt/airflow/dags/load_day_to_snowflake.py
[2025-09-15T10:16:21.539+0000] {logging_mixin.py:188} INFO - [2025-09-15T10:16:21.538+0000] {dag.py:3096} INFO - Sync 1 DAGs
[2025-09-15T10:16:21.553+0000] {logging_mixin.py:188} INFO - [2025-09-15T10:16:21.552+0000] {dag.py:3954} INFO - Setting next_dagrun for load_day_to_snowflake to None, run_after=None
[2025-09-15T10:16:21.571+0000] {processor.py:183} INFO - Processing /opt/airflow/dags/load_day_to_snowflake.py took 0.093 seconds
[2025-09-15T10:16:52.073+0000] {processor.py:161} INFO - Started process (PID=4393) to work on /opt/airflow/dags/load_day_to_snowflake.py
[2025-09-15T10:16:52.074+0000] {processor.py:830} INFO - Processing file /opt/airflow/dags/load_day_to_snowflake.py for tasks to queue
[2025-09-15T10:16:52.076+0000] {logging_mixin.py:188} INFO - [2025-09-15T10:16:52.076+0000] {dagbag.py:540} INFO - Filling up the DagBag from /opt/airflow/dags/load_day_to_snowflake.py
[2025-09-15T10:16:52.097+0000] {processor.py:840} INFO - DAG(s) 'load_day_to_snowflake' retrieved from /opt/airflow/dags/load_day_to_snowflake.py
[2025-09-15T10:16:52.128+0000] {logging_mixin.py:188} INFO - [2025-09-15T10:16:52.128+0000] {dag.py:3096} INFO - Sync 1 DAGs
[2025-09-15T10:16:52.140+0000] {logging_mixin.py:188} INFO - [2025-09-15T10:16:52.140+0000] {dag.py:3954} INFO - Setting next_dagrun for load_day_to_snowflake to None, run_after=None
[2025-09-15T10:16:52.162+0000] {processor.py:183} INFO - Processing /opt/airflow/dags/load_day_to_snowflake.py took 0.096 seconds
[2025-09-15T10:17:22.782+0000] {processor.py:161} INFO - Started process (PID=4428) to work on /opt/airflow/dags/load_day_to_snowflake.py
[2025-09-15T10:17:22.783+0000] {processor.py:830} INFO - Processing file /opt/airflow/dags/load_day_to_snowflake.py for tasks to queue
[2025-09-15T10:17:22.784+0000] {logging_mixin.py:188} INFO - [2025-09-15T10:17:22.784+0000] {dagbag.py:540} INFO - Filling up the DagBag from /opt/airflow/dags/load_day_to_snowflake.py
[2025-09-15T10:17:22.804+0000] {processor.py:840} INFO - DAG(s) 'load_day_to_snowflake' retrieved from /opt/airflow/dags/load_day_to_snowflake.py
[2025-09-15T10:17:22.836+0000] {logging_mixin.py:188} INFO - [2025-09-15T10:17:22.836+0000] {dag.py:3096} INFO - Sync 1 DAGs
[2025-09-15T10:17:22.851+0000] {logging_mixin.py:188} INFO - [2025-09-15T10:17:22.850+0000] {dag.py:3954} INFO - Setting next_dagrun for load_day_to_snowflake to None, run_after=None
[2025-09-15T10:17:22.873+0000] {processor.py:183} INFO - Processing /opt/airflow/dags/load_day_to_snowflake.py took 0.098 seconds
[2025-09-15T10:17:53.688+0000] {processor.py:161} INFO - Started process (PID=4463) to work on /opt/airflow/dags/load_day_to_snowflake.py
[2025-09-15T10:17:53.689+0000] {processor.py:830} INFO - Processing file /opt/airflow/dags/load_day_to_snowflake.py for tasks to queue
[2025-09-15T10:17:53.691+0000] {logging_mixin.py:188} INFO - [2025-09-15T10:17:53.690+0000] {dagbag.py:540} INFO - Filling up the DagBag from /opt/airflow/dags/load_day_to_snowflake.py
[2025-09-15T10:17:53.708+0000] {processor.py:840} INFO - DAG(s) 'load_day_to_snowflake' retrieved from /opt/airflow/dags/load_day_to_snowflake.py
[2025-09-15T10:17:53.734+0000] {logging_mixin.py:188} INFO - [2025-09-15T10:17:53.734+0000] {dag.py:3096} INFO - Sync 1 DAGs
[2025-09-15T10:17:53.747+0000] {logging_mixin.py:188} INFO - [2025-09-15T10:17:53.747+0000] {dag.py:3954} INFO - Setting next_dagrun for load_day_to_snowflake to None, run_after=None
[2025-09-15T10:17:53.767+0000] {processor.py:183} INFO - Processing /opt/airflow/dags/load_day_to_snowflake.py took 0.087 seconds
[2025-09-15T10:18:24.195+0000] {processor.py:161} INFO - Started process (PID=4498) to work on /opt/airflow/dags/load_day_to_snowflake.py
[2025-09-15T10:18:24.197+0000] {processor.py:830} INFO - Processing file /opt/airflow/dags/load_day_to_snowflake.py for tasks to queue
[2025-09-15T10:18:24.198+0000] {logging_mixin.py:188} INFO - [2025-09-15T10:18:24.198+0000] {dagbag.py:540} INFO - Filling up the DagBag from /opt/airflow/dags/load_day_to_snowflake.py
[2025-09-15T10:18:24.221+0000] {processor.py:840} INFO - DAG(s) 'load_day_to_snowflake' retrieved from /opt/airflow/dags/load_day_to_snowflake.py
[2025-09-15T10:18:24.252+0000] {logging_mixin.py:188} INFO - [2025-09-15T10:18:24.252+0000] {dag.py:3096} INFO - Sync 1 DAGs
[2025-09-15T10:18:24.267+0000] {logging_mixin.py:188} INFO - [2025-09-15T10:18:24.266+0000] {dag.py:3954} INFO - Setting next_dagrun for load_day_to_snowflake to None, run_after=None
[2025-09-15T10:18:24.293+0000] {processor.py:183} INFO - Processing /opt/airflow/dags/load_day_to_snowflake.py took 0.105 seconds
[2025-09-15T10:18:54.897+0000] {processor.py:161} INFO - Started process (PID=4533) to work on /opt/airflow/dags/load_day_to_snowflake.py
[2025-09-15T10:18:54.898+0000] {processor.py:830} INFO - Processing file /opt/airflow/dags/load_day_to_snowflake.py for tasks to queue
[2025-09-15T10:18:54.899+0000] {logging_mixin.py:188} INFO - [2025-09-15T10:18:54.899+0000] {dagbag.py:540} INFO - Filling up the DagBag from /opt/airflow/dags/load_day_to_snowflake.py
[2025-09-15T10:18:54.922+0000] {processor.py:840} INFO - DAG(s) 'load_day_to_snowflake' retrieved from /opt/airflow/dags/load_day_to_snowflake.py
[2025-09-15T10:18:54.950+0000] {logging_mixin.py:188} INFO - [2025-09-15T10:18:54.950+0000] {dag.py:3096} INFO - Sync 1 DAGs
[2025-09-15T10:18:54.965+0000] {logging_mixin.py:188} INFO - [2025-09-15T10:18:54.963+0000] {dag.py:3954} INFO - Setting next_dagrun for load_day_to_snowflake to None, run_after=None
[2025-09-15T10:18:54.987+0000] {processor.py:183} INFO - Processing /opt/airflow/dags/load_day_to_snowflake.py took 0.097 seconds
[2025-09-15T10:19:25.453+0000] {processor.py:161} INFO - Started process (PID=4568) to work on /opt/airflow/dags/load_day_to_snowflake.py
[2025-09-15T10:19:25.454+0000] {processor.py:830} INFO - Processing file /opt/airflow/dags/load_day_to_snowflake.py for tasks to queue
[2025-09-15T10:19:25.455+0000] {logging_mixin.py:188} INFO - [2025-09-15T10:19:25.455+0000] {dagbag.py:540} INFO - Filling up the DagBag from /opt/airflow/dags/load_day_to_snowflake.py
[2025-09-15T10:19:25.474+0000] {processor.py:840} INFO - DAG(s) 'load_day_to_snowflake' retrieved from /opt/airflow/dags/load_day_to_snowflake.py
[2025-09-15T10:19:25.508+0000] {logging_mixin.py:188} INFO - [2025-09-15T10:19:25.508+0000] {dag.py:3096} INFO - Sync 1 DAGs
[2025-09-15T10:19:25.521+0000] {logging_mixin.py:188} INFO - [2025-09-15T10:19:25.521+0000] {dag.py:3954} INFO - Setting next_dagrun for load_day_to_snowflake to None, run_after=None
[2025-09-15T10:19:25.545+0000] {processor.py:183} INFO - Processing /opt/airflow/dags/load_day_to_snowflake.py took 0.098 seconds
[2025-09-15T10:19:55.712+0000] {processor.py:161} INFO - Started process (PID=4603) to work on /opt/airflow/dags/load_day_to_snowflake.py
[2025-09-15T10:19:55.714+0000] {processor.py:830} INFO - Processing file /opt/airflow/dags/load_day_to_snowflake.py for tasks to queue
[2025-09-15T10:19:55.715+0000] {logging_mixin.py:188} INFO - [2025-09-15T10:19:55.715+0000] {dagbag.py:540} INFO - Filling up the DagBag from /opt/airflow/dags/load_day_to_snowflake.py
[2025-09-15T10:19:55.734+0000] {processor.py:840} INFO - DAG(s) 'load_day_to_snowflake' retrieved from /opt/airflow/dags/load_day_to_snowflake.py
[2025-09-15T10:19:55.763+0000] {logging_mixin.py:188} INFO - [2025-09-15T10:19:55.763+0000] {dag.py:3096} INFO - Sync 1 DAGs
[2025-09-15T10:19:55.776+0000] {logging_mixin.py:188} INFO - [2025-09-15T10:19:55.776+0000] {dag.py:3954} INFO - Setting next_dagrun for load_day_to_snowflake to None, run_after=None
[2025-09-15T10:19:55.799+0000] {processor.py:183} INFO - Processing /opt/airflow/dags/load_day_to_snowflake.py took 0.093 seconds
[2025-09-15T10:20:26.357+0000] {processor.py:161} INFO - Started process (PID=4638) to work on /opt/airflow/dags/load_day_to_snowflake.py
[2025-09-15T10:20:26.359+0000] {processor.py:830} INFO - Processing file /opt/airflow/dags/load_day_to_snowflake.py for tasks to queue
[2025-09-15T10:20:26.360+0000] {logging_mixin.py:188} INFO - [2025-09-15T10:20:26.359+0000] {dagbag.py:540} INFO - Filling up the DagBag from /opt/airflow/dags/load_day_to_snowflake.py
[2025-09-15T10:20:26.378+0000] {processor.py:840} INFO - DAG(s) 'load_day_to_snowflake' retrieved from /opt/airflow/dags/load_day_to_snowflake.py
[2025-09-15T10:20:26.408+0000] {logging_mixin.py:188} INFO - [2025-09-15T10:20:26.408+0000] {dag.py:3096} INFO - Sync 1 DAGs
[2025-09-15T10:20:26.420+0000] {logging_mixin.py:188} INFO - [2025-09-15T10:20:26.420+0000] {dag.py:3954} INFO - Setting next_dagrun for load_day_to_snowflake to None, run_after=None
[2025-09-15T10:20:26.441+0000] {processor.py:183} INFO - Processing /opt/airflow/dags/load_day_to_snowflake.py took 0.091 seconds
[2025-09-15T10:20:57.104+0000] {processor.py:161} INFO - Started process (PID=4673) to work on /opt/airflow/dags/load_day_to_snowflake.py
[2025-09-15T10:20:57.106+0000] {processor.py:830} INFO - Processing file /opt/airflow/dags/load_day_to_snowflake.py for tasks to queue
[2025-09-15T10:20:57.107+0000] {logging_mixin.py:188} INFO - [2025-09-15T10:20:57.107+0000] {dagbag.py:540} INFO - Filling up the DagBag from /opt/airflow/dags/load_day_to_snowflake.py
[2025-09-15T10:20:57.130+0000] {processor.py:840} INFO - DAG(s) 'load_day_to_snowflake' retrieved from /opt/airflow/dags/load_day_to_snowflake.py
[2025-09-15T10:20:57.165+0000] {logging_mixin.py:188} INFO - [2025-09-15T10:20:57.165+0000] {dag.py:3096} INFO - Sync 1 DAGs
[2025-09-15T10:20:57.179+0000] {logging_mixin.py:188} INFO - [2025-09-15T10:20:57.179+0000] {dag.py:3954} INFO - Setting next_dagrun for load_day_to_snowflake to None, run_after=None
[2025-09-15T10:20:57.199+0000] {processor.py:183} INFO - Processing /opt/airflow/dags/load_day_to_snowflake.py took 0.104 seconds
[2025-09-15T10:21:27.860+0000] {processor.py:161} INFO - Started process (PID=4708) to work on /opt/airflow/dags/load_day_to_snowflake.py
[2025-09-15T10:21:27.861+0000] {processor.py:830} INFO - Processing file /opt/airflow/dags/load_day_to_snowflake.py for tasks to queue
[2025-09-15T10:21:27.862+0000] {logging_mixin.py:188} INFO - [2025-09-15T10:21:27.861+0000] {dagbag.py:540} INFO - Filling up the DagBag from /opt/airflow/dags/load_day_to_snowflake.py
[2025-09-15T10:21:27.879+0000] {processor.py:840} INFO - DAG(s) 'load_day_to_snowflake' retrieved from /opt/airflow/dags/load_day_to_snowflake.py
[2025-09-15T10:21:27.907+0000] {logging_mixin.py:188} INFO - [2025-09-15T10:21:27.907+0000] {dag.py:3096} INFO - Sync 1 DAGs
[2025-09-15T10:21:27.918+0000] {logging_mixin.py:188} INFO - [2025-09-15T10:21:27.918+0000] {dag.py:3954} INFO - Setting next_dagrun for load_day_to_snowflake to None, run_after=None
[2025-09-15T10:21:27.940+0000] {processor.py:183} INFO - Processing /opt/airflow/dags/load_day_to_snowflake.py took 0.086 seconds
[2025-09-15T10:21:58.029+0000] {processor.py:161} INFO - Started process (PID=4743) to work on /opt/airflow/dags/load_day_to_snowflake.py
[2025-09-15T10:21:58.031+0000] {processor.py:830} INFO - Processing file /opt/airflow/dags/load_day_to_snowflake.py for tasks to queue
[2025-09-15T10:21:58.031+0000] {logging_mixin.py:188} INFO - [2025-09-15T10:21:58.031+0000] {dagbag.py:540} INFO - Filling up the DagBag from /opt/airflow/dags/load_day_to_snowflake.py
[2025-09-15T10:21:58.048+0000] {processor.py:840} INFO - DAG(s) 'load_day_to_snowflake' retrieved from /opt/airflow/dags/load_day_to_snowflake.py
[2025-09-15T10:21:58.074+0000] {logging_mixin.py:188} INFO - [2025-09-15T10:21:58.074+0000] {dag.py:3096} INFO - Sync 1 DAGs
[2025-09-15T10:21:58.087+0000] {logging_mixin.py:188} INFO - [2025-09-15T10:21:58.086+0000] {dag.py:3954} INFO - Setting next_dagrun for load_day_to_snowflake to None, run_after=None
[2025-09-15T10:21:58.107+0000] {processor.py:183} INFO - Processing /opt/airflow/dags/load_day_to_snowflake.py took 0.083 seconds
[2025-09-15T10:22:29.062+0000] {processor.py:161} INFO - Started process (PID=4778) to work on /opt/airflow/dags/load_day_to_snowflake.py
[2025-09-15T10:22:29.063+0000] {processor.py:830} INFO - Processing file /opt/airflow/dags/load_day_to_snowflake.py for tasks to queue
[2025-09-15T10:22:29.064+0000] {logging_mixin.py:188} INFO - [2025-09-15T10:22:29.064+0000] {dagbag.py:540} INFO - Filling up the DagBag from /opt/airflow/dags/load_day_to_snowflake.py
[2025-09-15T10:22:29.081+0000] {processor.py:840} INFO - DAG(s) 'load_day_to_snowflake' retrieved from /opt/airflow/dags/load_day_to_snowflake.py
[2025-09-15T10:22:29.105+0000] {logging_mixin.py:188} INFO - [2025-09-15T10:22:29.105+0000] {dag.py:3096} INFO - Sync 1 DAGs
[2025-09-15T10:22:29.117+0000] {logging_mixin.py:188} INFO - [2025-09-15T10:22:29.116+0000] {dag.py:3954} INFO - Setting next_dagrun for load_day_to_snowflake to None, run_after=None
[2025-09-15T10:22:29.137+0000] {processor.py:183} INFO - Processing /opt/airflow/dags/load_day_to_snowflake.py took 0.080 seconds
[2025-09-15T10:22:59.712+0000] {processor.py:161} INFO - Started process (PID=4813) to work on /opt/airflow/dags/load_day_to_snowflake.py
[2025-09-15T10:22:59.713+0000] {processor.py:830} INFO - Processing file /opt/airflow/dags/load_day_to_snowflake.py for tasks to queue
[2025-09-15T10:22:59.714+0000] {logging_mixin.py:188} INFO - [2025-09-15T10:22:59.714+0000] {dagbag.py:540} INFO - Filling up the DagBag from /opt/airflow/dags/load_day_to_snowflake.py
[2025-09-15T10:22:59.729+0000] {processor.py:840} INFO - DAG(s) 'load_day_to_snowflake' retrieved from /opt/airflow/dags/load_day_to_snowflake.py
[2025-09-15T10:22:59.754+0000] {logging_mixin.py:188} INFO - [2025-09-15T10:22:59.754+0000] {dag.py:3096} INFO - Sync 1 DAGs
[2025-09-15T10:22:59.764+0000] {logging_mixin.py:188} INFO - [2025-09-15T10:22:59.764+0000] {dag.py:3954} INFO - Setting next_dagrun for load_day_to_snowflake to None, run_after=None
[2025-09-15T10:22:59.785+0000] {processor.py:183} INFO - Processing /opt/airflow/dags/load_day_to_snowflake.py took 0.079 seconds
[2025-09-15T10:23:30.357+0000] {processor.py:161} INFO - Started process (PID=4848) to work on /opt/airflow/dags/load_day_to_snowflake.py
[2025-09-15T10:23:30.359+0000] {processor.py:830} INFO - Processing file /opt/airflow/dags/load_day_to_snowflake.py for tasks to queue
[2025-09-15T10:23:30.359+0000] {logging_mixin.py:188} INFO - [2025-09-15T10:23:30.359+0000] {dagbag.py:540} INFO - Filling up the DagBag from /opt/airflow/dags/load_day_to_snowflake.py
[2025-09-15T10:23:30.375+0000] {processor.py:840} INFO - DAG(s) 'load_day_to_snowflake' retrieved from /opt/airflow/dags/load_day_to_snowflake.py
[2025-09-15T10:23:30.400+0000] {logging_mixin.py:188} INFO - [2025-09-15T10:23:30.400+0000] {dag.py:3096} INFO - Sync 1 DAGs
[2025-09-15T10:23:30.411+0000] {logging_mixin.py:188} INFO - [2025-09-15T10:23:30.411+0000] {dag.py:3954} INFO - Setting next_dagrun for load_day_to_snowflake to None, run_after=None
[2025-09-15T10:23:30.431+0000] {processor.py:183} INFO - Processing /opt/airflow/dags/load_day_to_snowflake.py took 0.079 seconds
[2025-09-15T10:24:00.896+0000] {processor.py:161} INFO - Started process (PID=4883) to work on /opt/airflow/dags/load_day_to_snowflake.py
[2025-09-15T10:24:00.897+0000] {processor.py:830} INFO - Processing file /opt/airflow/dags/load_day_to_snowflake.py for tasks to queue
[2025-09-15T10:24:00.898+0000] {logging_mixin.py:188} INFO - [2025-09-15T10:24:00.898+0000] {dagbag.py:540} INFO - Filling up the DagBag from /opt/airflow/dags/load_day_to_snowflake.py
[2025-09-15T10:24:00.914+0000] {processor.py:840} INFO - DAG(s) 'load_day_to_snowflake' retrieved from /opt/airflow/dags/load_day_to_snowflake.py
[2025-09-15T10:24:00.939+0000] {logging_mixin.py:188} INFO - [2025-09-15T10:24:00.938+0000] {dag.py:3096} INFO - Sync 1 DAGs
[2025-09-15T10:24:00.949+0000] {logging_mixin.py:188} INFO - [2025-09-15T10:24:00.949+0000] {dag.py:3954} INFO - Setting next_dagrun for load_day_to_snowflake to None, run_after=None
[2025-09-15T10:24:00.971+0000] {processor.py:183} INFO - Processing /opt/airflow/dags/load_day_to_snowflake.py took 0.080 seconds
[2025-09-15T10:24:31.446+0000] {processor.py:161} INFO - Started process (PID=4918) to work on /opt/airflow/dags/load_day_to_snowflake.py
[2025-09-15T10:24:31.447+0000] {processor.py:830} INFO - Processing file /opt/airflow/dags/load_day_to_snowflake.py for tasks to queue
[2025-09-15T10:24:31.448+0000] {logging_mixin.py:188} INFO - [2025-09-15T10:24:31.448+0000] {dagbag.py:540} INFO - Filling up the DagBag from /opt/airflow/dags/load_day_to_snowflake.py
[2025-09-15T10:24:31.469+0000] {processor.py:840} INFO - DAG(s) 'load_day_to_snowflake' retrieved from /opt/airflow/dags/load_day_to_snowflake.py
[2025-09-15T10:24:31.496+0000] {logging_mixin.py:188} INFO - [2025-09-15T10:24:31.496+0000] {dag.py:3096} INFO - Sync 1 DAGs
[2025-09-15T10:24:31.509+0000] {logging_mixin.py:188} INFO - [2025-09-15T10:24:31.509+0000] {dag.py:3954} INFO - Setting next_dagrun for load_day_to_snowflake to None, run_after=None
[2025-09-15T10:24:31.530+0000] {processor.py:183} INFO - Processing /opt/airflow/dags/load_day_to_snowflake.py took 0.090 seconds
[2025-09-15T10:25:01.853+0000] {processor.py:161} INFO - Started process (PID=4953) to work on /opt/airflow/dags/load_day_to_snowflake.py
[2025-09-15T10:25:01.854+0000] {processor.py:830} INFO - Processing file /opt/airflow/dags/load_day_to_snowflake.py for tasks to queue
[2025-09-15T10:25:01.855+0000] {logging_mixin.py:188} INFO - [2025-09-15T10:25:01.855+0000] {dagbag.py:540} INFO - Filling up the DagBag from /opt/airflow/dags/load_day_to_snowflake.py
[2025-09-15T10:25:01.875+0000] {processor.py:840} INFO - DAG(s) 'load_day_to_snowflake' retrieved from /opt/airflow/dags/load_day_to_snowflake.py
[2025-09-15T10:25:01.907+0000] {logging_mixin.py:188} INFO - [2025-09-15T10:25:01.907+0000] {dag.py:3096} INFO - Sync 1 DAGs
[2025-09-15T10:25:01.919+0000] {logging_mixin.py:188} INFO - [2025-09-15T10:25:01.918+0000] {dag.py:3954} INFO - Setting next_dagrun for load_day_to_snowflake to None, run_after=None
[2025-09-15T10:25:01.940+0000] {processor.py:183} INFO - Processing /opt/airflow/dags/load_day_to_snowflake.py took 0.093 seconds
[2025-09-15T10:25:32.410+0000] {processor.py:161} INFO - Started process (PID=4988) to work on /opt/airflow/dags/load_day_to_snowflake.py
[2025-09-15T10:25:32.421+0000] {processor.py:830} INFO - Processing file /opt/airflow/dags/load_day_to_snowflake.py for tasks to queue
[2025-09-15T10:25:32.430+0000] {logging_mixin.py:188} INFO - [2025-09-15T10:25:32.428+0000] {dagbag.py:540} INFO - Filling up the DagBag from /opt/airflow/dags/load_day_to_snowflake.py
[2025-09-15T10:25:32.467+0000] {processor.py:840} INFO - DAG(s) 'load_day_to_snowflake' retrieved from /opt/airflow/dags/load_day_to_snowflake.py
[2025-09-15T10:25:32.502+0000] {logging_mixin.py:188} INFO - [2025-09-15T10:25:32.502+0000] {dag.py:3096} INFO - Sync 1 DAGs
[2025-09-15T10:25:32.516+0000] {logging_mixin.py:188} INFO - [2025-09-15T10:25:32.515+0000] {dag.py:3954} INFO - Setting next_dagrun for load_day_to_snowflake to None, run_after=None
[2025-09-15T10:25:32.537+0000] {processor.py:183} INFO - Processing /opt/airflow/dags/load_day_to_snowflake.py took 0.141 seconds
[2025-09-15T10:26:02.834+0000] {processor.py:161} INFO - Started process (PID=5023) to work on /opt/airflow/dags/load_day_to_snowflake.py
[2025-09-15T10:26:02.835+0000] {processor.py:830} INFO - Processing file /opt/airflow/dags/load_day_to_snowflake.py for tasks to queue
[2025-09-15T10:26:02.836+0000] {logging_mixin.py:188} INFO - [2025-09-15T10:26:02.836+0000] {dagbag.py:540} INFO - Filling up the DagBag from /opt/airflow/dags/load_day_to_snowflake.py
[2025-09-15T10:26:02.853+0000] {processor.py:840} INFO - DAG(s) 'load_day_to_snowflake' retrieved from /opt/airflow/dags/load_day_to_snowflake.py
[2025-09-15T10:26:02.880+0000] {logging_mixin.py:188} INFO - [2025-09-15T10:26:02.880+0000] {dag.py:3096} INFO - Sync 1 DAGs
[2025-09-15T10:26:02.891+0000] {logging_mixin.py:188} INFO - [2025-09-15T10:26:02.891+0000] {dag.py:3954} INFO - Setting next_dagrun for load_day_to_snowflake to None, run_after=None
[2025-09-15T10:26:02.912+0000] {processor.py:183} INFO - Processing /opt/airflow/dags/load_day_to_snowflake.py took 0.084 seconds
[2025-09-15T10:26:33.350+0000] {processor.py:161} INFO - Started process (PID=5058) to work on /opt/airflow/dags/load_day_to_snowflake.py
[2025-09-15T10:26:33.352+0000] {processor.py:830} INFO - Processing file /opt/airflow/dags/load_day_to_snowflake.py for tasks to queue
[2025-09-15T10:26:33.353+0000] {logging_mixin.py:188} INFO - [2025-09-15T10:26:33.353+0000] {dagbag.py:540} INFO - Filling up the DagBag from /opt/airflow/dags/load_day_to_snowflake.py
[2025-09-15T10:26:33.377+0000] {processor.py:840} INFO - DAG(s) 'load_day_to_snowflake' retrieved from /opt/airflow/dags/load_day_to_snowflake.py
[2025-09-15T10:26:33.438+0000] {logging_mixin.py:188} INFO - [2025-09-15T10:26:33.438+0000] {dag.py:3096} INFO - Sync 1 DAGs
[2025-09-15T10:26:33.451+0000] {logging_mixin.py:188} INFO - [2025-09-15T10:26:33.451+0000] {dag.py:3954} INFO - Setting next_dagrun for load_day_to_snowflake to None, run_after=None
[2025-09-15T10:26:33.474+0000] {processor.py:183} INFO - Processing /opt/airflow/dags/load_day_to_snowflake.py took 0.131 seconds
[2025-09-15T10:27:03.971+0000] {processor.py:161} INFO - Started process (PID=5093) to work on /opt/airflow/dags/load_day_to_snowflake.py
[2025-09-15T10:27:03.973+0000] {processor.py:830} INFO - Processing file /opt/airflow/dags/load_day_to_snowflake.py for tasks to queue
[2025-09-15T10:27:03.974+0000] {logging_mixin.py:188} INFO - [2025-09-15T10:27:03.974+0000] {dagbag.py:540} INFO - Filling up the DagBag from /opt/airflow/dags/load_day_to_snowflake.py
[2025-09-15T10:27:03.991+0000] {processor.py:840} INFO - DAG(s) 'load_day_to_snowflake' retrieved from /opt/airflow/dags/load_day_to_snowflake.py
[2025-09-15T10:27:04.019+0000] {logging_mixin.py:188} INFO - [2025-09-15T10:27:04.018+0000] {dag.py:3096} INFO - Sync 1 DAGs
[2025-09-15T10:27:04.032+0000] {logging_mixin.py:188} INFO - [2025-09-15T10:27:04.031+0000] {dag.py:3954} INFO - Setting next_dagrun for load_day_to_snowflake to None, run_after=None
[2025-09-15T10:27:04.051+0000] {processor.py:183} INFO - Processing /opt/airflow/dags/load_day_to_snowflake.py took 0.086 seconds
[2025-09-15T10:27:34.598+0000] {processor.py:161} INFO - Started process (PID=5128) to work on /opt/airflow/dags/load_day_to_snowflake.py
[2025-09-15T10:27:34.600+0000] {processor.py:830} INFO - Processing file /opt/airflow/dags/load_day_to_snowflake.py for tasks to queue
[2025-09-15T10:27:34.601+0000] {logging_mixin.py:188} INFO - [2025-09-15T10:27:34.601+0000] {dagbag.py:540} INFO - Filling up the DagBag from /opt/airflow/dags/load_day_to_snowflake.py
[2025-09-15T10:27:34.620+0000] {processor.py:840} INFO - DAG(s) 'load_day_to_snowflake' retrieved from /opt/airflow/dags/load_day_to_snowflake.py
[2025-09-15T10:27:34.648+0000] {logging_mixin.py:188} INFO - [2025-09-15T10:27:34.648+0000] {dag.py:3096} INFO - Sync 1 DAGs
[2025-09-15T10:27:34.660+0000] {logging_mixin.py:188} INFO - [2025-09-15T10:27:34.659+0000] {dag.py:3954} INFO - Setting next_dagrun for load_day_to_snowflake to None, run_after=None
[2025-09-15T10:27:34.681+0000] {processor.py:183} INFO - Processing /opt/airflow/dags/load_day_to_snowflake.py took 0.091 seconds
[2025-09-15T10:28:05.323+0000] {processor.py:161} INFO - Started process (PID=5163) to work on /opt/airflow/dags/load_day_to_snowflake.py
[2025-09-15T10:28:05.324+0000] {processor.py:830} INFO - Processing file /opt/airflow/dags/load_day_to_snowflake.py for tasks to queue
[2025-09-15T10:28:05.325+0000] {logging_mixin.py:188} INFO - [2025-09-15T10:28:05.325+0000] {dagbag.py:540} INFO - Filling up the DagBag from /opt/airflow/dags/load_day_to_snowflake.py
[2025-09-15T10:28:05.342+0000] {processor.py:840} INFO - DAG(s) 'load_day_to_snowflake' retrieved from /opt/airflow/dags/load_day_to_snowflake.py
[2025-09-15T10:28:05.370+0000] {logging_mixin.py:188} INFO - [2025-09-15T10:28:05.370+0000] {dag.py:3096} INFO - Sync 1 DAGs
[2025-09-15T10:28:05.382+0000] {logging_mixin.py:188} INFO - [2025-09-15T10:28:05.382+0000] {dag.py:3954} INFO - Setting next_dagrun for load_day_to_snowflake to None, run_after=None
[2025-09-15T10:28:05.402+0000] {processor.py:183} INFO - Processing /opt/airflow/dags/load_day_to_snowflake.py took 0.084 seconds
[2025-09-15T10:28:36.136+0000] {processor.py:161} INFO - Started process (PID=5198) to work on /opt/airflow/dags/load_day_to_snowflake.py
[2025-09-15T10:28:36.137+0000] {processor.py:830} INFO - Processing file /opt/airflow/dags/load_day_to_snowflake.py for tasks to queue
[2025-09-15T10:28:36.138+0000] {logging_mixin.py:188} INFO - [2025-09-15T10:28:36.138+0000] {dagbag.py:540} INFO - Filling up the DagBag from /opt/airflow/dags/load_day_to_snowflake.py
[2025-09-15T10:28:36.157+0000] {processor.py:840} INFO - DAG(s) 'load_day_to_snowflake' retrieved from /opt/airflow/dags/load_day_to_snowflake.py
[2025-09-15T10:28:36.186+0000] {logging_mixin.py:188} INFO - [2025-09-15T10:28:36.186+0000] {dag.py:3096} INFO - Sync 1 DAGs
[2025-09-15T10:28:36.198+0000] {logging_mixin.py:188} INFO - [2025-09-15T10:28:36.198+0000] {dag.py:3954} INFO - Setting next_dagrun for load_day_to_snowflake to None, run_after=None
[2025-09-15T10:28:36.224+0000] {processor.py:183} INFO - Processing /opt/airflow/dags/load_day_to_snowflake.py took 0.095 seconds
[2025-09-15T10:29:06.403+0000] {processor.py:161} INFO - Started process (PID=5233) to work on /opt/airflow/dags/load_day_to_snowflake.py
[2025-09-15T10:29:06.405+0000] {processor.py:830} INFO - Processing file /opt/airflow/dags/load_day_to_snowflake.py for tasks to queue
[2025-09-15T10:29:06.406+0000] {logging_mixin.py:188} INFO - [2025-09-15T10:29:06.406+0000] {dagbag.py:540} INFO - Filling up the DagBag from /opt/airflow/dags/load_day_to_snowflake.py
[2025-09-15T10:29:06.428+0000] {processor.py:840} INFO - DAG(s) 'load_day_to_snowflake' retrieved from /opt/airflow/dags/load_day_to_snowflake.py
[2025-09-15T10:29:06.465+0000] {logging_mixin.py:188} INFO - [2025-09-15T10:29:06.464+0000] {dag.py:3096} INFO - Sync 1 DAGs
[2025-09-15T10:29:06.495+0000] {logging_mixin.py:188} INFO - [2025-09-15T10:29:06.494+0000] {dag.py:3954} INFO - Setting next_dagrun for load_day_to_snowflake to None, run_after=None
[2025-09-15T10:29:06.514+0000] {processor.py:183} INFO - Processing /opt/airflow/dags/load_day_to_snowflake.py took 0.118 seconds
[2025-09-15T10:29:36.693+0000] {processor.py:161} INFO - Started process (PID=5268) to work on /opt/airflow/dags/load_day_to_snowflake.py
[2025-09-15T10:29:36.695+0000] {processor.py:830} INFO - Processing file /opt/airflow/dags/load_day_to_snowflake.py for tasks to queue
[2025-09-15T10:29:36.696+0000] {logging_mixin.py:188} INFO - [2025-09-15T10:29:36.696+0000] {dagbag.py:540} INFO - Filling up the DagBag from /opt/airflow/dags/load_day_to_snowflake.py
[2025-09-15T10:29:36.721+0000] {processor.py:840} INFO - DAG(s) 'load_day_to_snowflake' retrieved from /opt/airflow/dags/load_day_to_snowflake.py
[2025-09-15T10:29:36.751+0000] {logging_mixin.py:188} INFO - [2025-09-15T10:29:36.750+0000] {dag.py:3096} INFO - Sync 1 DAGs
[2025-09-15T10:29:36.763+0000] {logging_mixin.py:188} INFO - [2025-09-15T10:29:36.763+0000] {dag.py:3954} INFO - Setting next_dagrun for load_day_to_snowflake to None, run_after=None
[2025-09-15T10:29:36.786+0000] {processor.py:183} INFO - Processing /opt/airflow/dags/load_day_to_snowflake.py took 0.100 seconds
[2025-09-15T10:30:07.247+0000] {processor.py:161} INFO - Started process (PID=5303) to work on /opt/airflow/dags/load_day_to_snowflake.py
[2025-09-15T10:30:07.248+0000] {processor.py:830} INFO - Processing file /opt/airflow/dags/load_day_to_snowflake.py for tasks to queue
[2025-09-15T10:30:07.249+0000] {logging_mixin.py:188} INFO - [2025-09-15T10:30:07.248+0000] {dagbag.py:540} INFO - Filling up the DagBag from /opt/airflow/dags/load_day_to_snowflake.py
[2025-09-15T10:30:07.266+0000] {processor.py:840} INFO - DAG(s) 'load_day_to_snowflake' retrieved from /opt/airflow/dags/load_day_to_snowflake.py
[2025-09-15T10:30:07.293+0000] {logging_mixin.py:188} INFO - [2025-09-15T10:30:07.293+0000] {dag.py:3096} INFO - Sync 1 DAGs
[2025-09-15T10:30:07.305+0000] {logging_mixin.py:188} INFO - [2025-09-15T10:30:07.304+0000] {dag.py:3954} INFO - Setting next_dagrun for load_day_to_snowflake to None, run_after=None
[2025-09-15T10:30:07.324+0000] {processor.py:183} INFO - Processing /opt/airflow/dags/load_day_to_snowflake.py took 0.084 seconds
[2025-09-15T10:30:37.867+0000] {processor.py:161} INFO - Started process (PID=5338) to work on /opt/airflow/dags/load_day_to_snowflake.py
[2025-09-15T10:30:37.868+0000] {processor.py:830} INFO - Processing file /opt/airflow/dags/load_day_to_snowflake.py for tasks to queue
[2025-09-15T10:30:37.870+0000] {logging_mixin.py:188} INFO - [2025-09-15T10:30:37.869+0000] {dagbag.py:540} INFO - Filling up the DagBag from /opt/airflow/dags/load_day_to_snowflake.py
[2025-09-15T10:30:37.902+0000] {processor.py:840} INFO - DAG(s) 'load_day_to_snowflake' retrieved from /opt/airflow/dags/load_day_to_snowflake.py
[2025-09-15T10:30:37.940+0000] {logging_mixin.py:188} INFO - [2025-09-15T10:30:37.940+0000] {dag.py:3096} INFO - Sync 1 DAGs
[2025-09-15T10:30:37.956+0000] {logging_mixin.py:188} INFO - [2025-09-15T10:30:37.955+0000] {dag.py:3954} INFO - Setting next_dagrun for load_day_to_snowflake to None, run_after=None
[2025-09-15T10:30:37.980+0000] {processor.py:183} INFO - Processing /opt/airflow/dags/load_day_to_snowflake.py took 0.121 seconds
[2025-09-15T10:31:08.537+0000] {processor.py:161} INFO - Started process (PID=5373) to work on /opt/airflow/dags/load_day_to_snowflake.py
[2025-09-15T10:31:08.538+0000] {processor.py:830} INFO - Processing file /opt/airflow/dags/load_day_to_snowflake.py for tasks to queue
[2025-09-15T10:31:08.539+0000] {logging_mixin.py:188} INFO - [2025-09-15T10:31:08.539+0000] {dagbag.py:540} INFO - Filling up the DagBag from /opt/airflow/dags/load_day_to_snowflake.py
[2025-09-15T10:31:08.560+0000] {processor.py:840} INFO - DAG(s) 'load_day_to_snowflake' retrieved from /opt/airflow/dags/load_day_to_snowflake.py
[2025-09-15T10:31:08.592+0000] {logging_mixin.py:188} INFO - [2025-09-15T10:31:08.591+0000] {dag.py:3096} INFO - Sync 1 DAGs
[2025-09-15T10:31:08.607+0000] {logging_mixin.py:188} INFO - [2025-09-15T10:31:08.607+0000] {dag.py:3954} INFO - Setting next_dagrun for load_day_to_snowflake to None, run_after=None
[2025-09-15T10:31:08.648+0000] {processor.py:183} INFO - Processing /opt/airflow/dags/load_day_to_snowflake.py took 0.119 seconds
[2025-09-15T10:31:39.583+0000] {processor.py:161} INFO - Started process (PID=5408) to work on /opt/airflow/dags/load_day_to_snowflake.py
[2025-09-15T10:31:39.584+0000] {processor.py:830} INFO - Processing file /opt/airflow/dags/load_day_to_snowflake.py for tasks to queue
[2025-09-15T10:31:39.585+0000] {logging_mixin.py:188} INFO - [2025-09-15T10:31:39.585+0000] {dagbag.py:540} INFO - Filling up the DagBag from /opt/airflow/dags/load_day_to_snowflake.py
[2025-09-15T10:31:39.607+0000] {processor.py:840} INFO - DAG(s) 'load_day_to_snowflake' retrieved from /opt/airflow/dags/load_day_to_snowflake.py
[2025-09-15T10:31:39.639+0000] {logging_mixin.py:188} INFO - [2025-09-15T10:31:39.638+0000] {dag.py:3096} INFO - Sync 1 DAGs
[2025-09-15T10:31:39.653+0000] {logging_mixin.py:188} INFO - [2025-09-15T10:31:39.653+0000] {dag.py:3954} INFO - Setting next_dagrun for load_day_to_snowflake to None, run_after=None
[2025-09-15T10:31:39.675+0000] {processor.py:183} INFO - Processing /opt/airflow/dags/load_day_to_snowflake.py took 0.101 seconds
[2025-09-15T10:32:10.562+0000] {processor.py:161} INFO - Started process (PID=5443) to work on /opt/airflow/dags/load_day_to_snowflake.py
[2025-09-15T10:32:10.563+0000] {processor.py:830} INFO - Processing file /opt/airflow/dags/load_day_to_snowflake.py for tasks to queue
[2025-09-15T10:32:10.564+0000] {logging_mixin.py:188} INFO - [2025-09-15T10:32:10.564+0000] {dagbag.py:540} INFO - Filling up the DagBag from /opt/airflow/dags/load_day_to_snowflake.py
[2025-09-15T10:32:10.583+0000] {processor.py:840} INFO - DAG(s) 'load_day_to_snowflake' retrieved from /opt/airflow/dags/load_day_to_snowflake.py
[2025-09-15T10:32:10.612+0000] {logging_mixin.py:188} INFO - [2025-09-15T10:32:10.611+0000] {dag.py:3096} INFO - Sync 1 DAGs
[2025-09-15T10:32:10.627+0000] {logging_mixin.py:188} INFO - [2025-09-15T10:32:10.626+0000] {dag.py:3954} INFO - Setting next_dagrun for load_day_to_snowflake to None, run_after=None
[2025-09-15T10:32:10.661+0000] {processor.py:183} INFO - Processing /opt/airflow/dags/load_day_to_snowflake.py took 0.104 seconds
[2025-09-15T10:32:41.060+0000] {processor.py:161} INFO - Started process (PID=5478) to work on /opt/airflow/dags/load_day_to_snowflake.py
[2025-09-15T10:32:41.061+0000] {processor.py:830} INFO - Processing file /opt/airflow/dags/load_day_to_snowflake.py for tasks to queue
[2025-09-15T10:32:41.062+0000] {logging_mixin.py:188} INFO - [2025-09-15T10:32:41.062+0000] {dagbag.py:540} INFO - Filling up the DagBag from /opt/airflow/dags/load_day_to_snowflake.py
[2025-09-15T10:32:41.082+0000] {processor.py:840} INFO - DAG(s) 'load_day_to_snowflake' retrieved from /opt/airflow/dags/load_day_to_snowflake.py
[2025-09-15T10:32:41.111+0000] {logging_mixin.py:188} INFO - [2025-09-15T10:32:41.111+0000] {dag.py:3096} INFO - Sync 1 DAGs
[2025-09-15T10:32:41.123+0000] {logging_mixin.py:188} INFO - [2025-09-15T10:32:41.123+0000] {dag.py:3954} INFO - Setting next_dagrun for load_day_to_snowflake to None, run_after=None
[2025-09-15T10:32:41.146+0000] {processor.py:183} INFO - Processing /opt/airflow/dags/load_day_to_snowflake.py took 0.093 seconds
[2025-09-15T10:33:12.152+0000] {processor.py:161} INFO - Started process (PID=5513) to work on /opt/airflow/dags/load_day_to_snowflake.py
[2025-09-15T10:33:12.153+0000] {processor.py:830} INFO - Processing file /opt/airflow/dags/load_day_to_snowflake.py for tasks to queue
[2025-09-15T10:33:12.154+0000] {logging_mixin.py:188} INFO - [2025-09-15T10:33:12.154+0000] {dagbag.py:540} INFO - Filling up the DagBag from /opt/airflow/dags/load_day_to_snowflake.py
[2025-09-15T10:33:12.173+0000] {processor.py:840} INFO - DAG(s) 'load_day_to_snowflake' retrieved from /opt/airflow/dags/load_day_to_snowflake.py
[2025-09-15T10:33:12.200+0000] {logging_mixin.py:188} INFO - [2025-09-15T10:33:12.199+0000] {dag.py:3096} INFO - Sync 1 DAGs
[2025-09-15T10:33:12.211+0000] {logging_mixin.py:188} INFO - [2025-09-15T10:33:12.211+0000] {dag.py:3954} INFO - Setting next_dagrun for load_day_to_snowflake to None, run_after=None
[2025-09-15T10:33:12.233+0000] {processor.py:183} INFO - Processing /opt/airflow/dags/load_day_to_snowflake.py took 0.086 seconds
[2025-09-15T10:33:42.887+0000] {processor.py:161} INFO - Started process (PID=5548) to work on /opt/airflow/dags/load_day_to_snowflake.py
[2025-09-15T10:33:42.889+0000] {processor.py:830} INFO - Processing file /opt/airflow/dags/load_day_to_snowflake.py for tasks to queue
[2025-09-15T10:33:42.890+0000] {logging_mixin.py:188} INFO - [2025-09-15T10:33:42.890+0000] {dagbag.py:540} INFO - Filling up the DagBag from /opt/airflow/dags/load_day_to_snowflake.py
[2025-09-15T10:33:42.911+0000] {processor.py:840} INFO - DAG(s) 'load_day_to_snowflake' retrieved from /opt/airflow/dags/load_day_to_snowflake.py
[2025-09-15T10:33:42.944+0000] {logging_mixin.py:188} INFO - [2025-09-15T10:33:42.944+0000] {dag.py:3096} INFO - Sync 1 DAGs
[2025-09-15T10:33:42.959+0000] {logging_mixin.py:188} INFO - [2025-09-15T10:33:42.958+0000] {dag.py:3954} INFO - Setting next_dagrun for load_day_to_snowflake to None, run_after=None
[2025-09-15T10:33:42.984+0000] {processor.py:183} INFO - Processing /opt/airflow/dags/load_day_to_snowflake.py took 0.104 seconds
[2025-09-15T10:34:13.765+0000] {processor.py:161} INFO - Started process (PID=5583) to work on /opt/airflow/dags/load_day_to_snowflake.py
[2025-09-15T10:34:13.766+0000] {processor.py:830} INFO - Processing file /opt/airflow/dags/load_day_to_snowflake.py for tasks to queue
[2025-09-15T10:34:13.768+0000] {logging_mixin.py:188} INFO - [2025-09-15T10:34:13.767+0000] {dagbag.py:540} INFO - Filling up the DagBag from /opt/airflow/dags/load_day_to_snowflake.py
[2025-09-15T10:34:13.792+0000] {processor.py:840} INFO - DAG(s) 'load_day_to_snowflake' retrieved from /opt/airflow/dags/load_day_to_snowflake.py
[2025-09-15T10:34:13.829+0000] {logging_mixin.py:188} INFO - [2025-09-15T10:34:13.829+0000] {dag.py:3096} INFO - Sync 1 DAGs
[2025-09-15T10:34:13.843+0000] {logging_mixin.py:188} INFO - [2025-09-15T10:34:13.843+0000] {dag.py:3954} INFO - Setting next_dagrun for load_day_to_snowflake to None, run_after=None
[2025-09-15T10:34:13.873+0000] {processor.py:183} INFO - Processing /opt/airflow/dags/load_day_to_snowflake.py took 0.117 seconds
[2025-09-15T10:34:44.510+0000] {processor.py:161} INFO - Started process (PID=5618) to work on /opt/airflow/dags/load_day_to_snowflake.py
[2025-09-15T10:34:44.511+0000] {processor.py:830} INFO - Processing file /opt/airflow/dags/load_day_to_snowflake.py for tasks to queue
[2025-09-15T10:34:44.511+0000] {logging_mixin.py:188} INFO - [2025-09-15T10:34:44.511+0000] {dagbag.py:540} INFO - Filling up the DagBag from /opt/airflow/dags/load_day_to_snowflake.py
[2025-09-15T10:34:44.531+0000] {processor.py:840} INFO - DAG(s) 'load_day_to_snowflake' retrieved from /opt/airflow/dags/load_day_to_snowflake.py
[2025-09-15T10:34:44.557+0000] {logging_mixin.py:188} INFO - [2025-09-15T10:34:44.557+0000] {dag.py:3096} INFO - Sync 1 DAGs
[2025-09-15T10:34:44.570+0000] {logging_mixin.py:188} INFO - [2025-09-15T10:34:44.569+0000] {dag.py:3954} INFO - Setting next_dagrun for load_day_to_snowflake to None, run_after=None
[2025-09-15T10:34:44.594+0000] {processor.py:183} INFO - Processing /opt/airflow/dags/load_day_to_snowflake.py took 0.090 seconds
[2025-09-15T10:35:15.314+0000] {processor.py:161} INFO - Started process (PID=5653) to work on /opt/airflow/dags/load_day_to_snowflake.py
[2025-09-15T10:35:15.315+0000] {processor.py:830} INFO - Processing file /opt/airflow/dags/load_day_to_snowflake.py for tasks to queue
[2025-09-15T10:35:15.316+0000] {logging_mixin.py:188} INFO - [2025-09-15T10:35:15.315+0000] {dagbag.py:540} INFO - Filling up the DagBag from /opt/airflow/dags/load_day_to_snowflake.py
[2025-09-15T10:35:15.334+0000] {processor.py:840} INFO - DAG(s) 'load_day_to_snowflake' retrieved from /opt/airflow/dags/load_day_to_snowflake.py
[2025-09-15T10:35:15.365+0000] {logging_mixin.py:188} INFO - [2025-09-15T10:35:15.365+0000] {dag.py:3096} INFO - Sync 1 DAGs
[2025-09-15T10:35:15.377+0000] {logging_mixin.py:188} INFO - [2025-09-15T10:35:15.377+0000] {dag.py:3954} INFO - Setting next_dagrun for load_day_to_snowflake to None, run_after=None
[2025-09-15T10:35:15.402+0000] {processor.py:183} INFO - Processing /opt/airflow/dags/load_day_to_snowflake.py took 0.094 seconds
[2025-09-15T10:35:46.152+0000] {processor.py:161} INFO - Started process (PID=5688) to work on /opt/airflow/dags/load_day_to_snowflake.py
[2025-09-15T10:35:46.154+0000] {processor.py:830} INFO - Processing file /opt/airflow/dags/load_day_to_snowflake.py for tasks to queue
[2025-09-15T10:35:46.155+0000] {logging_mixin.py:188} INFO - [2025-09-15T10:35:46.154+0000] {dagbag.py:540} INFO - Filling up the DagBag from /opt/airflow/dags/load_day_to_snowflake.py
[2025-09-15T10:35:46.178+0000] {processor.py:840} INFO - DAG(s) 'load_day_to_snowflake' retrieved from /opt/airflow/dags/load_day_to_snowflake.py
[2025-09-15T10:35:46.211+0000] {logging_mixin.py:188} INFO - [2025-09-15T10:35:46.211+0000] {dag.py:3096} INFO - Sync 1 DAGs
[2025-09-15T10:35:46.223+0000] {logging_mixin.py:188} INFO - [2025-09-15T10:35:46.223+0000] {dag.py:3954} INFO - Setting next_dagrun for load_day_to_snowflake to None, run_after=None
[2025-09-15T10:35:46.245+0000] {processor.py:183} INFO - Processing /opt/airflow/dags/load_day_to_snowflake.py took 0.098 seconds
[2025-09-15T10:36:16.521+0000] {processor.py:161} INFO - Started process (PID=5723) to work on /opt/airflow/dags/load_day_to_snowflake.py
[2025-09-15T10:36:16.522+0000] {processor.py:830} INFO - Processing file /opt/airflow/dags/load_day_to_snowflake.py for tasks to queue
[2025-09-15T10:36:16.524+0000] {logging_mixin.py:188} INFO - [2025-09-15T10:36:16.524+0000] {dagbag.py:540} INFO - Filling up the DagBag from /opt/airflow/dags/load_day_to_snowflake.py
[2025-09-15T10:36:16.545+0000] {processor.py:840} INFO - DAG(s) 'load_day_to_snowflake' retrieved from /opt/airflow/dags/load_day_to_snowflake.py
[2025-09-15T10:36:16.573+0000] {logging_mixin.py:188} INFO - [2025-09-15T10:36:16.572+0000] {dag.py:3096} INFO - Sync 1 DAGs
[2025-09-15T10:36:16.584+0000] {logging_mixin.py:188} INFO - [2025-09-15T10:36:16.584+0000] {dag.py:3954} INFO - Setting next_dagrun for load_day_to_snowflake to None, run_after=None
[2025-09-15T10:36:16.605+0000] {processor.py:183} INFO - Processing /opt/airflow/dags/load_day_to_snowflake.py took 0.091 seconds
[2025-09-15T10:36:47.294+0000] {processor.py:161} INFO - Started process (PID=5758) to work on /opt/airflow/dags/load_day_to_snowflake.py
[2025-09-15T10:36:47.296+0000] {processor.py:830} INFO - Processing file /opt/airflow/dags/load_day_to_snowflake.py for tasks to queue
[2025-09-15T10:36:47.298+0000] {logging_mixin.py:188} INFO - [2025-09-15T10:36:47.297+0000] {dagbag.py:540} INFO - Filling up the DagBag from /opt/airflow/dags/load_day_to_snowflake.py
[2025-09-15T10:36:47.319+0000] {processor.py:840} INFO - DAG(s) 'load_day_to_snowflake' retrieved from /opt/airflow/dags/load_day_to_snowflake.py
[2025-09-15T10:36:47.349+0000] {logging_mixin.py:188} INFO - [2025-09-15T10:36:47.349+0000] {dag.py:3096} INFO - Sync 1 DAGs
[2025-09-15T10:36:47.361+0000] {logging_mixin.py:188} INFO - [2025-09-15T10:36:47.361+0000] {dag.py:3954} INFO - Setting next_dagrun for load_day_to_snowflake to None, run_after=None
[2025-09-15T10:36:47.381+0000] {processor.py:183} INFO - Processing /opt/airflow/dags/load_day_to_snowflake.py took 0.094 seconds
[2025-09-15T10:37:18.037+0000] {processor.py:161} INFO - Started process (PID=5793) to work on /opt/airflow/dags/load_day_to_snowflake.py
[2025-09-15T10:37:18.039+0000] {processor.py:830} INFO - Processing file /opt/airflow/dags/load_day_to_snowflake.py for tasks to queue
[2025-09-15T10:37:18.041+0000] {logging_mixin.py:188} INFO - [2025-09-15T10:37:18.040+0000] {dagbag.py:540} INFO - Filling up the DagBag from /opt/airflow/dags/load_day_to_snowflake.py
[2025-09-15T10:37:18.063+0000] {processor.py:840} INFO - DAG(s) 'load_day_to_snowflake' retrieved from /opt/airflow/dags/load_day_to_snowflake.py
[2025-09-15T10:37:18.095+0000] {logging_mixin.py:188} INFO - [2025-09-15T10:37:18.094+0000] {dag.py:3096} INFO - Sync 1 DAGs
[2025-09-15T10:37:18.108+0000] {logging_mixin.py:188} INFO - [2025-09-15T10:37:18.108+0000] {dag.py:3954} INFO - Setting next_dagrun for load_day_to_snowflake to None, run_after=None
[2025-09-15T10:37:18.132+0000] {processor.py:183} INFO - Processing /opt/airflow/dags/load_day_to_snowflake.py took 0.101 seconds
[2025-09-15T10:37:48.564+0000] {processor.py:161} INFO - Started process (PID=5828) to work on /opt/airflow/dags/load_day_to_snowflake.py
[2025-09-15T10:37:48.565+0000] {processor.py:830} INFO - Processing file /opt/airflow/dags/load_day_to_snowflake.py for tasks to queue
[2025-09-15T10:37:48.566+0000] {logging_mixin.py:188} INFO - [2025-09-15T10:37:48.566+0000] {dagbag.py:540} INFO - Filling up the DagBag from /opt/airflow/dags/load_day_to_snowflake.py
[2025-09-15T10:37:48.587+0000] {processor.py:840} INFO - DAG(s) 'load_day_to_snowflake' retrieved from /opt/airflow/dags/load_day_to_snowflake.py
[2025-09-15T10:37:48.616+0000] {logging_mixin.py:188} INFO - [2025-09-15T10:37:48.616+0000] {dag.py:3096} INFO - Sync 1 DAGs
[2025-09-15T10:37:48.630+0000] {logging_mixin.py:188} INFO - [2025-09-15T10:37:48.630+0000] {dag.py:3954} INFO - Setting next_dagrun for load_day_to_snowflake to None, run_after=None
[2025-09-15T10:37:48.649+0000] {processor.py:183} INFO - Processing /opt/airflow/dags/load_day_to_snowflake.py took 0.092 seconds
[2025-09-15T10:38:19.144+0000] {processor.py:161} INFO - Started process (PID=5863) to work on /opt/airflow/dags/load_day_to_snowflake.py
[2025-09-15T10:38:19.146+0000] {processor.py:830} INFO - Processing file /opt/airflow/dags/load_day_to_snowflake.py for tasks to queue
[2025-09-15T10:38:19.147+0000] {logging_mixin.py:188} INFO - [2025-09-15T10:38:19.146+0000] {dagbag.py:540} INFO - Filling up the DagBag from /opt/airflow/dags/load_day_to_snowflake.py
[2025-09-15T10:38:19.165+0000] {processor.py:840} INFO - DAG(s) 'load_day_to_snowflake' retrieved from /opt/airflow/dags/load_day_to_snowflake.py
[2025-09-15T10:38:19.195+0000] {logging_mixin.py:188} INFO - [2025-09-15T10:38:19.195+0000] {dag.py:3096} INFO - Sync 1 DAGs
[2025-09-15T10:38:19.208+0000] {logging_mixin.py:188} INFO - [2025-09-15T10:38:19.208+0000] {dag.py:3954} INFO - Setting next_dagrun for load_day_to_snowflake to None, run_after=None
[2025-09-15T10:38:19.231+0000] {processor.py:183} INFO - Processing /opt/airflow/dags/load_day_to_snowflake.py took 0.094 seconds
[2025-09-15T10:38:49.601+0000] {processor.py:161} INFO - Started process (PID=5898) to work on /opt/airflow/dags/load_day_to_snowflake.py
[2025-09-15T10:38:49.603+0000] {processor.py:830} INFO - Processing file /opt/airflow/dags/load_day_to_snowflake.py for tasks to queue
[2025-09-15T10:38:49.604+0000] {logging_mixin.py:188} INFO - [2025-09-15T10:38:49.603+0000] {dagbag.py:540} INFO - Filling up the DagBag from /opt/airflow/dags/load_day_to_snowflake.py
[2025-09-15T10:38:49.627+0000] {processor.py:840} INFO - DAG(s) 'load_day_to_snowflake' retrieved from /opt/airflow/dags/load_day_to_snowflake.py
[2025-09-15T10:38:49.660+0000] {logging_mixin.py:188} INFO - [2025-09-15T10:38:49.659+0000] {dag.py:3096} INFO - Sync 1 DAGs
[2025-09-15T10:38:49.676+0000] {logging_mixin.py:188} INFO - [2025-09-15T10:38:49.675+0000] {dag.py:3954} INFO - Setting next_dagrun for load_day_to_snowflake to None, run_after=None
[2025-09-15T10:38:49.697+0000] {processor.py:183} INFO - Processing /opt/airflow/dags/load_day_to_snowflake.py took 0.105 seconds
[2025-09-15T10:39:19.896+0000] {processor.py:161} INFO - Started process (PID=5933) to work on /opt/airflow/dags/load_day_to_snowflake.py
[2025-09-15T10:39:19.897+0000] {processor.py:830} INFO - Processing file /opt/airflow/dags/load_day_to_snowflake.py for tasks to queue
[2025-09-15T10:39:19.898+0000] {logging_mixin.py:188} INFO - [2025-09-15T10:39:19.897+0000] {dagbag.py:540} INFO - Filling up the DagBag from /opt/airflow/dags/load_day_to_snowflake.py
[2025-09-15T10:39:19.917+0000] {processor.py:840} INFO - DAG(s) 'load_day_to_snowflake' retrieved from /opt/airflow/dags/load_day_to_snowflake.py
[2025-09-15T10:39:19.944+0000] {logging_mixin.py:188} INFO - [2025-09-15T10:39:19.944+0000] {dag.py:3096} INFO - Sync 1 DAGs
[2025-09-15T10:39:19.956+0000] {logging_mixin.py:188} INFO - [2025-09-15T10:39:19.956+0000] {dag.py:3954} INFO - Setting next_dagrun for load_day_to_snowflake to None, run_after=None
[2025-09-15T10:39:19.976+0000] {processor.py:183} INFO - Processing /opt/airflow/dags/load_day_to_snowflake.py took 0.086 seconds
[2025-09-15T10:39:50.505+0000] {processor.py:161} INFO - Started process (PID=5968) to work on /opt/airflow/dags/load_day_to_snowflake.py
[2025-09-15T10:39:50.506+0000] {processor.py:830} INFO - Processing file /opt/airflow/dags/load_day_to_snowflake.py for tasks to queue
[2025-09-15T10:39:50.507+0000] {logging_mixin.py:188} INFO - [2025-09-15T10:39:50.507+0000] {dagbag.py:540} INFO - Filling up the DagBag from /opt/airflow/dags/load_day_to_snowflake.py
[2025-09-15T10:39:50.527+0000] {processor.py:840} INFO - DAG(s) 'load_day_to_snowflake' retrieved from /opt/airflow/dags/load_day_to_snowflake.py
[2025-09-15T10:39:50.557+0000] {logging_mixin.py:188} INFO - [2025-09-15T10:39:50.556+0000] {dag.py:3096} INFO - Sync 1 DAGs
[2025-09-15T10:39:50.571+0000] {logging_mixin.py:188} INFO - [2025-09-15T10:39:50.571+0000] {dag.py:3954} INFO - Setting next_dagrun for load_day_to_snowflake to None, run_after=None
[2025-09-15T10:39:50.593+0000] {processor.py:183} INFO - Processing /opt/airflow/dags/load_day_to_snowflake.py took 0.096 seconds
[2025-09-15T10:40:21.510+0000] {processor.py:161} INFO - Started process (PID=6003) to work on /opt/airflow/dags/load_day_to_snowflake.py
[2025-09-15T10:40:21.511+0000] {processor.py:830} INFO - Processing file /opt/airflow/dags/load_day_to_snowflake.py for tasks to queue
[2025-09-15T10:40:21.513+0000] {logging_mixin.py:188} INFO - [2025-09-15T10:40:21.512+0000] {dagbag.py:540} INFO - Filling up the DagBag from /opt/airflow/dags/load_day_to_snowflake.py
[2025-09-15T10:40:21.536+0000] {processor.py:840} INFO - DAG(s) 'load_day_to_snowflake' retrieved from /opt/airflow/dags/load_day_to_snowflake.py
[2025-09-15T10:40:21.572+0000] {logging_mixin.py:188} INFO - [2025-09-15T10:40:21.572+0000] {dag.py:3096} INFO - Sync 1 DAGs
[2025-09-15T10:40:21.591+0000] {logging_mixin.py:188} INFO - [2025-09-15T10:40:21.590+0000] {dag.py:3954} INFO - Setting next_dagrun for load_day_to_snowflake to None, run_after=None
[2025-09-15T10:40:21.628+0000] {processor.py:183} INFO - Processing /opt/airflow/dags/load_day_to_snowflake.py took 0.127 seconds
[2025-09-15T10:40:52.351+0000] {processor.py:161} INFO - Started process (PID=6038) to work on /opt/airflow/dags/load_day_to_snowflake.py
[2025-09-15T10:40:52.356+0000] {processor.py:830} INFO - Processing file /opt/airflow/dags/load_day_to_snowflake.py for tasks to queue
[2025-09-15T10:40:52.358+0000] {logging_mixin.py:188} INFO - [2025-09-15T10:40:52.357+0000] {dagbag.py:540} INFO - Filling up the DagBag from /opt/airflow/dags/load_day_to_snowflake.py
[2025-09-15T10:40:52.385+0000] {processor.py:840} INFO - DAG(s) 'load_day_to_snowflake' retrieved from /opt/airflow/dags/load_day_to_snowflake.py
[2025-09-15T10:40:52.414+0000] {logging_mixin.py:188} INFO - [2025-09-15T10:40:52.414+0000] {dag.py:3096} INFO - Sync 1 DAGs
[2025-09-15T10:40:52.427+0000] {logging_mixin.py:188} INFO - [2025-09-15T10:40:52.426+0000] {dag.py:3954} INFO - Setting next_dagrun for load_day_to_snowflake to None, run_after=None
[2025-09-15T10:40:52.446+0000] {processor.py:183} INFO - Processing /opt/airflow/dags/load_day_to_snowflake.py took 0.118 seconds
[2025-09-15T10:41:22.835+0000] {processor.py:161} INFO - Started process (PID=6073) to work on /opt/airflow/dags/load_day_to_snowflake.py
[2025-09-15T10:41:22.836+0000] {processor.py:830} INFO - Processing file /opt/airflow/dags/load_day_to_snowflake.py for tasks to queue
[2025-09-15T10:41:22.837+0000] {logging_mixin.py:188} INFO - [2025-09-15T10:41:22.837+0000] {dagbag.py:540} INFO - Filling up the DagBag from /opt/airflow/dags/load_day_to_snowflake.py
[2025-09-15T10:41:22.856+0000] {processor.py:840} INFO - DAG(s) 'load_day_to_snowflake' retrieved from /opt/airflow/dags/load_day_to_snowflake.py
[2025-09-15T10:41:22.883+0000] {logging_mixin.py:188} INFO - [2025-09-15T10:41:22.883+0000] {dag.py:3096} INFO - Sync 1 DAGs
[2025-09-15T10:41:22.894+0000] {logging_mixin.py:188} INFO - [2025-09-15T10:41:22.894+0000] {dag.py:3954} INFO - Setting next_dagrun for load_day_to_snowflake to None, run_after=None
[2025-09-15T10:41:22.913+0000] {processor.py:183} INFO - Processing /opt/airflow/dags/load_day_to_snowflake.py took 0.083 seconds
[2025-09-15T10:41:53.438+0000] {processor.py:161} INFO - Started process (PID=6108) to work on /opt/airflow/dags/load_day_to_snowflake.py
[2025-09-15T10:41:53.439+0000] {processor.py:830} INFO - Processing file /opt/airflow/dags/load_day_to_snowflake.py for tasks to queue
[2025-09-15T10:41:53.439+0000] {logging_mixin.py:188} INFO - [2025-09-15T10:41:53.439+0000] {dagbag.py:540} INFO - Filling up the DagBag from /opt/airflow/dags/load_day_to_snowflake.py
[2025-09-15T10:41:53.458+0000] {processor.py:840} INFO - DAG(s) 'load_day_to_snowflake' retrieved from /opt/airflow/dags/load_day_to_snowflake.py
[2025-09-15T10:41:53.485+0000] {logging_mixin.py:188} INFO - [2025-09-15T10:41:53.485+0000] {dag.py:3096} INFO - Sync 1 DAGs
[2025-09-15T10:41:53.499+0000] {logging_mixin.py:188} INFO - [2025-09-15T10:41:53.498+0000] {dag.py:3954} INFO - Setting next_dagrun for load_day_to_snowflake to None, run_after=None
[2025-09-15T10:41:53.517+0000] {processor.py:183} INFO - Processing /opt/airflow/dags/load_day_to_snowflake.py took 0.085 seconds
[2025-09-15T10:42:24.173+0000] {processor.py:161} INFO - Started process (PID=6143) to work on /opt/airflow/dags/load_day_to_snowflake.py
[2025-09-15T10:42:24.175+0000] {processor.py:830} INFO - Processing file /opt/airflow/dags/load_day_to_snowflake.py for tasks to queue
[2025-09-15T10:42:24.177+0000] {logging_mixin.py:188} INFO - [2025-09-15T10:42:24.176+0000] {dagbag.py:540} INFO - Filling up the DagBag from /opt/airflow/dags/load_day_to_snowflake.py
[2025-09-15T10:42:24.205+0000] {processor.py:840} INFO - DAG(s) 'load_day_to_snowflake' retrieved from /opt/airflow/dags/load_day_to_snowflake.py
[2025-09-15T10:42:24.237+0000] {logging_mixin.py:188} INFO - [2025-09-15T10:42:24.237+0000] {dag.py:3096} INFO - Sync 1 DAGs
[2025-09-15T10:42:24.252+0000] {logging_mixin.py:188} INFO - [2025-09-15T10:42:24.252+0000] {dag.py:3954} INFO - Setting next_dagrun for load_day_to_snowflake to None, run_after=None
[2025-09-15T10:42:24.279+0000] {processor.py:183} INFO - Processing /opt/airflow/dags/load_day_to_snowflake.py took 0.116 seconds
[2025-09-15T10:42:55.143+0000] {processor.py:161} INFO - Started process (PID=6178) to work on /opt/airflow/dags/load_day_to_snowflake.py
[2025-09-15T10:42:55.145+0000] {processor.py:830} INFO - Processing file /opt/airflow/dags/load_day_to_snowflake.py for tasks to queue
[2025-09-15T10:42:55.146+0000] {logging_mixin.py:188} INFO - [2025-09-15T10:42:55.146+0000] {dagbag.py:540} INFO - Filling up the DagBag from /opt/airflow/dags/load_day_to_snowflake.py
[2025-09-15T10:42:55.166+0000] {processor.py:840} INFO - DAG(s) 'load_day_to_snowflake' retrieved from /opt/airflow/dags/load_day_to_snowflake.py
[2025-09-15T10:42:55.195+0000] {logging_mixin.py:188} INFO - [2025-09-15T10:42:55.195+0000] {dag.py:3096} INFO - Sync 1 DAGs
[2025-09-15T10:42:55.207+0000] {logging_mixin.py:188} INFO - [2025-09-15T10:42:55.207+0000] {dag.py:3954} INFO - Setting next_dagrun for load_day_to_snowflake to None, run_after=None
[2025-09-15T10:42:55.227+0000] {processor.py:183} INFO - Processing /opt/airflow/dags/load_day_to_snowflake.py took 0.090 seconds
[2025-09-15T10:43:25.783+0000] {processor.py:161} INFO - Started process (PID=6213) to work on /opt/airflow/dags/load_day_to_snowflake.py
[2025-09-15T10:43:25.784+0000] {processor.py:830} INFO - Processing file /opt/airflow/dags/load_day_to_snowflake.py for tasks to queue
[2025-09-15T10:43:25.786+0000] {logging_mixin.py:188} INFO - [2025-09-15T10:43:25.785+0000] {dagbag.py:540} INFO - Filling up the DagBag from /opt/airflow/dags/load_day_to_snowflake.py
[2025-09-15T10:43:25.805+0000] {processor.py:840} INFO - DAG(s) 'load_day_to_snowflake' retrieved from /opt/airflow/dags/load_day_to_snowflake.py
[2025-09-15T10:43:25.833+0000] {logging_mixin.py:188} INFO - [2025-09-15T10:43:25.833+0000] {dag.py:3096} INFO - Sync 1 DAGs
[2025-09-15T10:43:25.845+0000] {logging_mixin.py:188} INFO - [2025-09-15T10:43:25.845+0000] {dag.py:3954} INFO - Setting next_dagrun for load_day_to_snowflake to None, run_after=None
[2025-09-15T10:43:25.865+0000] {processor.py:183} INFO - Processing /opt/airflow/dags/load_day_to_snowflake.py took 0.090 seconds
[2025-09-15T10:43:56.031+0000] {processor.py:161} INFO - Started process (PID=6248) to work on /opt/airflow/dags/load_day_to_snowflake.py
[2025-09-15T10:43:56.032+0000] {processor.py:830} INFO - Processing file /opt/airflow/dags/load_day_to_snowflake.py for tasks to queue
[2025-09-15T10:43:56.033+0000] {logging_mixin.py:188} INFO - [2025-09-15T10:43:56.033+0000] {dagbag.py:540} INFO - Filling up the DagBag from /opt/airflow/dags/load_day_to_snowflake.py
[2025-09-15T10:43:56.053+0000] {processor.py:840} INFO - DAG(s) 'load_day_to_snowflake' retrieved from /opt/airflow/dags/load_day_to_snowflake.py
[2025-09-15T10:43:56.083+0000] {logging_mixin.py:188} INFO - [2025-09-15T10:43:56.083+0000] {dag.py:3096} INFO - Sync 1 DAGs
[2025-09-15T10:43:56.094+0000] {logging_mixin.py:188} INFO - [2025-09-15T10:43:56.094+0000] {dag.py:3954} INFO - Setting next_dagrun for load_day_to_snowflake to None, run_after=None
[2025-09-15T10:43:56.114+0000] {processor.py:183} INFO - Processing /opt/airflow/dags/load_day_to_snowflake.py took 0.091 seconds
[2025-09-15T10:44:26.771+0000] {processor.py:161} INFO - Started process (PID=6283) to work on /opt/airflow/dags/load_day_to_snowflake.py
[2025-09-15T10:44:26.772+0000] {processor.py:830} INFO - Processing file /opt/airflow/dags/load_day_to_snowflake.py for tasks to queue
[2025-09-15T10:44:26.773+0000] {logging_mixin.py:188} INFO - [2025-09-15T10:44:26.773+0000] {dagbag.py:540} INFO - Filling up the DagBag from /opt/airflow/dags/load_day_to_snowflake.py
[2025-09-15T10:44:26.793+0000] {processor.py:840} INFO - DAG(s) 'load_day_to_snowflake' retrieved from /opt/airflow/dags/load_day_to_snowflake.py
[2025-09-15T10:44:26.821+0000] {logging_mixin.py:188} INFO - [2025-09-15T10:44:26.821+0000] {dag.py:3096} INFO - Sync 1 DAGs
[2025-09-15T10:44:26.833+0000] {logging_mixin.py:188} INFO - [2025-09-15T10:44:26.833+0000] {dag.py:3954} INFO - Setting next_dagrun for load_day_to_snowflake to None, run_after=None
[2025-09-15T10:44:26.851+0000] {processor.py:183} INFO - Processing /opt/airflow/dags/load_day_to_snowflake.py took 0.088 seconds
[2025-09-15T10:44:57.532+0000] {processor.py:161} INFO - Started process (PID=6318) to work on /opt/airflow/dags/load_day_to_snowflake.py
[2025-09-15T10:44:57.533+0000] {processor.py:830} INFO - Processing file /opt/airflow/dags/load_day_to_snowflake.py for tasks to queue
[2025-09-15T10:44:57.534+0000] {logging_mixin.py:188} INFO - [2025-09-15T10:44:57.534+0000] {dagbag.py:540} INFO - Filling up the DagBag from /opt/airflow/dags/load_day_to_snowflake.py
[2025-09-15T10:44:57.553+0000] {processor.py:840} INFO - DAG(s) 'load_day_to_snowflake' retrieved from /opt/airflow/dags/load_day_to_snowflake.py
[2025-09-15T10:44:57.581+0000] {logging_mixin.py:188} INFO - [2025-09-15T10:44:57.581+0000] {dag.py:3096} INFO - Sync 1 DAGs
[2025-09-15T10:44:57.593+0000] {logging_mixin.py:188} INFO - [2025-09-15T10:44:57.593+0000] {dag.py:3954} INFO - Setting next_dagrun for load_day_to_snowflake to None, run_after=None
[2025-09-15T10:44:57.610+0000] {processor.py:183} INFO - Processing /opt/airflow/dags/load_day_to_snowflake.py took 0.083 seconds
[2025-09-15T10:45:28.123+0000] {processor.py:161} INFO - Started process (PID=6353) to work on /opt/airflow/dags/load_day_to_snowflake.py
[2025-09-15T10:45:28.124+0000] {processor.py:830} INFO - Processing file /opt/airflow/dags/load_day_to_snowflake.py for tasks to queue
[2025-09-15T10:45:28.125+0000] {logging_mixin.py:188} INFO - [2025-09-15T10:45:28.125+0000] {dagbag.py:540} INFO - Filling up the DagBag from /opt/airflow/dags/load_day_to_snowflake.py
[2025-09-15T10:45:28.146+0000] {processor.py:840} INFO - DAG(s) 'load_day_to_snowflake' retrieved from /opt/airflow/dags/load_day_to_snowflake.py
[2025-09-15T10:45:28.180+0000] {logging_mixin.py:188} INFO - [2025-09-15T10:45:28.179+0000] {dag.py:3096} INFO - Sync 1 DAGs
[2025-09-15T10:45:28.191+0000] {logging_mixin.py:188} INFO - [2025-09-15T10:45:28.191+0000] {dag.py:3954} INFO - Setting next_dagrun for load_day_to_snowflake to None, run_after=None
[2025-09-15T10:45:28.214+0000] {processor.py:183} INFO - Processing /opt/airflow/dags/load_day_to_snowflake.py took 0.100 seconds
[2025-09-15T10:45:58.807+0000] {processor.py:161} INFO - Started process (PID=6388) to work on /opt/airflow/dags/load_day_to_snowflake.py
[2025-09-15T10:45:58.808+0000] {processor.py:830} INFO - Processing file /opt/airflow/dags/load_day_to_snowflake.py for tasks to queue
[2025-09-15T10:45:58.809+0000] {logging_mixin.py:188} INFO - [2025-09-15T10:45:58.809+0000] {dagbag.py:540} INFO - Filling up the DagBag from /opt/airflow/dags/load_day_to_snowflake.py
[2025-09-15T10:45:58.826+0000] {processor.py:840} INFO - DAG(s) 'load_day_to_snowflake' retrieved from /opt/airflow/dags/load_day_to_snowflake.py
[2025-09-15T10:45:58.855+0000] {logging_mixin.py:188} INFO - [2025-09-15T10:45:58.855+0000] {dag.py:3096} INFO - Sync 1 DAGs
[2025-09-15T10:45:58.871+0000] {logging_mixin.py:188} INFO - [2025-09-15T10:45:58.871+0000] {dag.py:3954} INFO - Setting next_dagrun for load_day_to_snowflake to None, run_after=None
[2025-09-15T10:45:58.889+0000] {processor.py:183} INFO - Processing /opt/airflow/dags/load_day_to_snowflake.py took 0.089 seconds
[2025-09-15T10:46:29.455+0000] {processor.py:161} INFO - Started process (PID=6423) to work on /opt/airflow/dags/load_day_to_snowflake.py
[2025-09-15T10:46:29.457+0000] {processor.py:830} INFO - Processing file /opt/airflow/dags/load_day_to_snowflake.py for tasks to queue
[2025-09-15T10:46:29.458+0000] {logging_mixin.py:188} INFO - [2025-09-15T10:46:29.458+0000] {dagbag.py:540} INFO - Filling up the DagBag from /opt/airflow/dags/load_day_to_snowflake.py
[2025-09-15T10:46:29.480+0000] {processor.py:840} INFO - DAG(s) 'load_day_to_snowflake' retrieved from /opt/airflow/dags/load_day_to_snowflake.py
[2025-09-15T10:46:29.509+0000] {logging_mixin.py:188} INFO - [2025-09-15T10:46:29.508+0000] {dag.py:3096} INFO - Sync 1 DAGs
[2025-09-15T10:46:29.521+0000] {logging_mixin.py:188} INFO - [2025-09-15T10:46:29.520+0000] {dag.py:3954} INFO - Setting next_dagrun for load_day_to_snowflake to None, run_after=None
[2025-09-15T10:46:29.538+0000] {processor.py:183} INFO - Processing /opt/airflow/dags/load_day_to_snowflake.py took 0.092 seconds
[2025-09-15T10:47:00.108+0000] {processor.py:161} INFO - Started process (PID=6458) to work on /opt/airflow/dags/load_day_to_snowflake.py
[2025-09-15T10:47:00.110+0000] {processor.py:830} INFO - Processing file /opt/airflow/dags/load_day_to_snowflake.py for tasks to queue
[2025-09-15T10:47:00.111+0000] {logging_mixin.py:188} INFO - [2025-09-15T10:47:00.110+0000] {dagbag.py:540} INFO - Filling up the DagBag from /opt/airflow/dags/load_day_to_snowflake.py
[2025-09-15T10:47:00.131+0000] {processor.py:840} INFO - DAG(s) 'load_day_to_snowflake' retrieved from /opt/airflow/dags/load_day_to_snowflake.py
[2025-09-15T10:47:00.165+0000] {logging_mixin.py:188} INFO - [2025-09-15T10:47:00.165+0000] {dag.py:3096} INFO - Sync 1 DAGs
[2025-09-15T10:47:00.178+0000] {logging_mixin.py:188} INFO - [2025-09-15T10:47:00.178+0000] {dag.py:3954} INFO - Setting next_dagrun for load_day_to_snowflake to None, run_after=None
[2025-09-15T10:47:00.196+0000] {processor.py:183} INFO - Processing /opt/airflow/dags/load_day_to_snowflake.py took 0.095 seconds
[2025-09-15T10:47:30.980+0000] {processor.py:161} INFO - Started process (PID=6493) to work on /opt/airflow/dags/load_day_to_snowflake.py
[2025-09-15T10:47:30.981+0000] {processor.py:830} INFO - Processing file /opt/airflow/dags/load_day_to_snowflake.py for tasks to queue
[2025-09-15T10:47:30.982+0000] {logging_mixin.py:188} INFO - [2025-09-15T10:47:30.982+0000] {dagbag.py:540} INFO - Filling up the DagBag from /opt/airflow/dags/load_day_to_snowflake.py
[2025-09-15T10:47:31.003+0000] {processor.py:840} INFO - DAG(s) 'load_day_to_snowflake' retrieved from /opt/airflow/dags/load_day_to_snowflake.py
[2025-09-15T10:47:31.029+0000] {logging_mixin.py:188} INFO - [2025-09-15T10:47:31.028+0000] {dag.py:3096} INFO - Sync 1 DAGs
[2025-09-15T10:47:31.040+0000] {logging_mixin.py:188} INFO - [2025-09-15T10:47:31.040+0000] {dag.py:3954} INFO - Setting next_dagrun for load_day_to_snowflake to None, run_after=None
[2025-09-15T10:47:31.061+0000] {processor.py:183} INFO - Processing /opt/airflow/dags/load_day_to_snowflake.py took 0.087 seconds
[2025-09-15T10:48:01.553+0000] {processor.py:161} INFO - Started process (PID=6528) to work on /opt/airflow/dags/load_day_to_snowflake.py
[2025-09-15T10:48:01.554+0000] {processor.py:830} INFO - Processing file /opt/airflow/dags/load_day_to_snowflake.py for tasks to queue
[2025-09-15T10:48:01.555+0000] {logging_mixin.py:188} INFO - [2025-09-15T10:48:01.555+0000] {dagbag.py:540} INFO - Filling up the DagBag from /opt/airflow/dags/load_day_to_snowflake.py
[2025-09-15T10:48:01.571+0000] {processor.py:840} INFO - DAG(s) 'load_day_to_snowflake' retrieved from /opt/airflow/dags/load_day_to_snowflake.py
[2025-09-15T10:48:01.598+0000] {logging_mixin.py:188} INFO - [2025-09-15T10:48:01.598+0000] {dag.py:3096} INFO - Sync 1 DAGs
[2025-09-15T10:48:01.611+0000] {logging_mixin.py:188} INFO - [2025-09-15T10:48:01.611+0000] {dag.py:3954} INFO - Setting next_dagrun for load_day_to_snowflake to None, run_after=None
[2025-09-15T10:48:01.630+0000] {processor.py:183} INFO - Processing /opt/airflow/dags/load_day_to_snowflake.py took 0.083 seconds
[2025-09-15T10:48:32.099+0000] {processor.py:161} INFO - Started process (PID=6563) to work on /opt/airflow/dags/load_day_to_snowflake.py
[2025-09-15T10:48:32.100+0000] {processor.py:830} INFO - Processing file /opt/airflow/dags/load_day_to_snowflake.py for tasks to queue
[2025-09-15T10:48:32.101+0000] {logging_mixin.py:188} INFO - [2025-09-15T10:48:32.101+0000] {dagbag.py:540} INFO - Filling up the DagBag from /opt/airflow/dags/load_day_to_snowflake.py
[2025-09-15T10:48:32.121+0000] {processor.py:840} INFO - DAG(s) 'load_day_to_snowflake' retrieved from /opt/airflow/dags/load_day_to_snowflake.py
[2025-09-15T10:48:32.149+0000] {logging_mixin.py:188} INFO - [2025-09-15T10:48:32.149+0000] {dag.py:3096} INFO - Sync 1 DAGs
[2025-09-15T10:48:32.161+0000] {logging_mixin.py:188} INFO - [2025-09-15T10:48:32.161+0000] {dag.py:3954} INFO - Setting next_dagrun for load_day_to_snowflake to None, run_after=None
[2025-09-15T10:48:32.182+0000] {processor.py:183} INFO - Processing /opt/airflow/dags/load_day_to_snowflake.py took 0.090 seconds
[2025-09-15T10:49:02.800+0000] {processor.py:161} INFO - Started process (PID=6598) to work on /opt/airflow/dags/load_day_to_snowflake.py
[2025-09-15T10:49:02.801+0000] {processor.py:830} INFO - Processing file /opt/airflow/dags/load_day_to_snowflake.py for tasks to queue
[2025-09-15T10:49:02.802+0000] {logging_mixin.py:188} INFO - [2025-09-15T10:49:02.802+0000] {dagbag.py:540} INFO - Filling up the DagBag from /opt/airflow/dags/load_day_to_snowflake.py
[2025-09-15T10:49:02.819+0000] {processor.py:840} INFO - DAG(s) 'load_day_to_snowflake' retrieved from /opt/airflow/dags/load_day_to_snowflake.py
[2025-09-15T10:49:02.848+0000] {logging_mixin.py:188} INFO - [2025-09-15T10:49:02.848+0000] {dag.py:3096} INFO - Sync 1 DAGs
[2025-09-15T10:49:02.861+0000] {logging_mixin.py:188} INFO - [2025-09-15T10:49:02.860+0000] {dag.py:3954} INFO - Setting next_dagrun for load_day_to_snowflake to None, run_after=None
[2025-09-15T10:49:02.882+0000] {processor.py:183} INFO - Processing /opt/airflow/dags/load_day_to_snowflake.py took 0.089 seconds
[2025-09-15T10:49:33.478+0000] {processor.py:161} INFO - Started process (PID=6633) to work on /opt/airflow/dags/load_day_to_snowflake.py
[2025-09-15T10:49:33.479+0000] {processor.py:830} INFO - Processing file /opt/airflow/dags/load_day_to_snowflake.py for tasks to queue
[2025-09-15T10:49:33.480+0000] {logging_mixin.py:188} INFO - [2025-09-15T10:49:33.480+0000] {dagbag.py:540} INFO - Filling up the DagBag from /opt/airflow/dags/load_day_to_snowflake.py
[2025-09-15T10:49:33.499+0000] {processor.py:840} INFO - DAG(s) 'load_day_to_snowflake' retrieved from /opt/airflow/dags/load_day_to_snowflake.py
[2025-09-15T10:49:33.527+0000] {logging_mixin.py:188} INFO - [2025-09-15T10:49:33.526+0000] {dag.py:3096} INFO - Sync 1 DAGs
[2025-09-15T10:49:33.538+0000] {logging_mixin.py:188} INFO - [2025-09-15T10:49:33.538+0000] {dag.py:3954} INFO - Setting next_dagrun for load_day_to_snowflake to None, run_after=None
[2025-09-15T10:49:33.560+0000] {processor.py:183} INFO - Processing /opt/airflow/dags/load_day_to_snowflake.py took 0.088 seconds
[2025-09-15T10:50:03.865+0000] {processor.py:161} INFO - Started process (PID=6668) to work on /opt/airflow/dags/load_day_to_snowflake.py
[2025-09-15T10:50:03.866+0000] {processor.py:830} INFO - Processing file /opt/airflow/dags/load_day_to_snowflake.py for tasks to queue
[2025-09-15T10:50:03.867+0000] {logging_mixin.py:188} INFO - [2025-09-15T10:50:03.867+0000] {dagbag.py:540} INFO - Filling up the DagBag from /opt/airflow/dags/load_day_to_snowflake.py
[2025-09-15T10:50:03.886+0000] {processor.py:840} INFO - DAG(s) 'load_day_to_snowflake' retrieved from /opt/airflow/dags/load_day_to_snowflake.py
[2025-09-15T10:50:03.915+0000] {logging_mixin.py:188} INFO - [2025-09-15T10:50:03.915+0000] {dag.py:3096} INFO - Sync 1 DAGs
[2025-09-15T10:50:03.929+0000] {logging_mixin.py:188} INFO - [2025-09-15T10:50:03.929+0000] {dag.py:3954} INFO - Setting next_dagrun for load_day_to_snowflake to None, run_after=None
[2025-09-15T10:50:03.949+0000] {processor.py:183} INFO - Processing /opt/airflow/dags/load_day_to_snowflake.py took 0.091 seconds
[2025-09-15T10:50:34.673+0000] {processor.py:161} INFO - Started process (PID=6703) to work on /opt/airflow/dags/load_day_to_snowflake.py
[2025-09-15T10:50:34.674+0000] {processor.py:830} INFO - Processing file /opt/airflow/dags/load_day_to_snowflake.py for tasks to queue
[2025-09-15T10:50:34.675+0000] {logging_mixin.py:188} INFO - [2025-09-15T10:50:34.674+0000] {dagbag.py:540} INFO - Filling up the DagBag from /opt/airflow/dags/load_day_to_snowflake.py
[2025-09-15T10:50:34.693+0000] {processor.py:840} INFO - DAG(s) 'load_day_to_snowflake' retrieved from /opt/airflow/dags/load_day_to_snowflake.py
[2025-09-15T10:50:34.721+0000] {logging_mixin.py:188} INFO - [2025-09-15T10:50:34.721+0000] {dag.py:3096} INFO - Sync 1 DAGs
[2025-09-15T10:50:34.734+0000] {logging_mixin.py:188} INFO - [2025-09-15T10:50:34.734+0000] {dag.py:3954} INFO - Setting next_dagrun for load_day_to_snowflake to None, run_after=None
[2025-09-15T10:50:34.751+0000] {processor.py:183} INFO - Processing /opt/airflow/dags/load_day_to_snowflake.py took 0.084 seconds
[2025-09-15T10:51:05.001+0000] {processor.py:161} INFO - Started process (PID=6738) to work on /opt/airflow/dags/load_day_to_snowflake.py
[2025-09-15T10:51:05.003+0000] {processor.py:830} INFO - Processing file /opt/airflow/dags/load_day_to_snowflake.py for tasks to queue
[2025-09-15T10:51:05.004+0000] {logging_mixin.py:188} INFO - [2025-09-15T10:51:05.004+0000] {dagbag.py:540} INFO - Filling up the DagBag from /opt/airflow/dags/load_day_to_snowflake.py
[2025-09-15T10:51:05.022+0000] {processor.py:840} INFO - DAG(s) 'load_day_to_snowflake' retrieved from /opt/airflow/dags/load_day_to_snowflake.py
[2025-09-15T10:51:05.060+0000] {logging_mixin.py:188} INFO - [2025-09-15T10:51:05.060+0000] {dag.py:3096} INFO - Sync 1 DAGs
[2025-09-15T10:51:05.073+0000] {logging_mixin.py:188} INFO - [2025-09-15T10:51:05.073+0000] {dag.py:3954} INFO - Setting next_dagrun for load_day_to_snowflake to None, run_after=None
[2025-09-15T10:51:05.092+0000] {processor.py:183} INFO - Processing /opt/airflow/dags/load_day_to_snowflake.py took 0.097 seconds
[2025-09-15T10:51:35.649+0000] {processor.py:161} INFO - Started process (PID=6773) to work on /opt/airflow/dags/load_day_to_snowflake.py
[2025-09-15T10:51:35.650+0000] {processor.py:830} INFO - Processing file /opt/airflow/dags/load_day_to_snowflake.py for tasks to queue
[2025-09-15T10:51:35.651+0000] {logging_mixin.py:188} INFO - [2025-09-15T10:51:35.651+0000] {dagbag.py:540} INFO - Filling up the DagBag from /opt/airflow/dags/load_day_to_snowflake.py
[2025-09-15T10:51:35.671+0000] {processor.py:840} INFO - DAG(s) 'load_day_to_snowflake' retrieved from /opt/airflow/dags/load_day_to_snowflake.py
[2025-09-15T10:51:35.698+0000] {logging_mixin.py:188} INFO - [2025-09-15T10:51:35.698+0000] {dag.py:3096} INFO - Sync 1 DAGs
[2025-09-15T10:51:35.712+0000] {logging_mixin.py:188} INFO - [2025-09-15T10:51:35.712+0000] {dag.py:3954} INFO - Setting next_dagrun for load_day_to_snowflake to None, run_after=None
[2025-09-15T10:51:35.731+0000] {processor.py:183} INFO - Processing /opt/airflow/dags/load_day_to_snowflake.py took 0.090 seconds
[2025-09-15T10:52:06.293+0000] {processor.py:161} INFO - Started process (PID=6808) to work on /opt/airflow/dags/load_day_to_snowflake.py
[2025-09-15T10:52:06.294+0000] {processor.py:830} INFO - Processing file /opt/airflow/dags/load_day_to_snowflake.py for tasks to queue
[2025-09-15T10:52:06.295+0000] {logging_mixin.py:188} INFO - [2025-09-15T10:52:06.295+0000] {dagbag.py:540} INFO - Filling up the DagBag from /opt/airflow/dags/load_day_to_snowflake.py
[2025-09-15T10:52:06.313+0000] {processor.py:840} INFO - DAG(s) 'load_day_to_snowflake' retrieved from /opt/airflow/dags/load_day_to_snowflake.py
[2025-09-15T10:52:06.339+0000] {logging_mixin.py:188} INFO - [2025-09-15T10:52:06.339+0000] {dag.py:3096} INFO - Sync 1 DAGs
[2025-09-15T10:52:06.350+0000] {logging_mixin.py:188} INFO - [2025-09-15T10:52:06.350+0000] {dag.py:3954} INFO - Setting next_dagrun for load_day_to_snowflake to None, run_after=None
[2025-09-15T10:52:06.370+0000] {processor.py:183} INFO - Processing /opt/airflow/dags/load_day_to_snowflake.py took 0.082 seconds
[2025-09-15T10:52:37.008+0000] {processor.py:161} INFO - Started process (PID=6843) to work on /opt/airflow/dags/load_day_to_snowflake.py
[2025-09-15T10:52:37.027+0000] {processor.py:830} INFO - Processing file /opt/airflow/dags/load_day_to_snowflake.py for tasks to queue
[2025-09-15T10:52:37.039+0000] {logging_mixin.py:188} INFO - [2025-09-15T10:52:37.034+0000] {dagbag.py:540} INFO - Filling up the DagBag from /opt/airflow/dags/load_day_to_snowflake.py
[2025-09-15T10:52:37.277+0000] {processor.py:840} INFO - DAG(s) 'load_day_to_snowflake' retrieved from /opt/airflow/dags/load_day_to_snowflake.py
[2025-09-15T10:52:37.585+0000] {logging_mixin.py:188} INFO - [2025-09-15T10:52:37.584+0000] {dag.py:3096} INFO - Sync 1 DAGs
[2025-09-15T10:52:37.756+0000] {logging_mixin.py:188} INFO - [2025-09-15T10:52:37.756+0000] {dag.py:3954} INFO - Setting next_dagrun for load_day_to_snowflake to None, run_after=None
[2025-09-15T10:52:37.856+0000] {processor.py:183} INFO - Processing /opt/airflow/dags/load_day_to_snowflake.py took 0.929 seconds
[2025-09-15T10:53:08.844+0000] {processor.py:161} INFO - Started process (PID=6878) to work on /opt/airflow/dags/load_day_to_snowflake.py
[2025-09-15T10:53:08.846+0000] {processor.py:830} INFO - Processing file /opt/airflow/dags/load_day_to_snowflake.py for tasks to queue
[2025-09-15T10:53:08.847+0000] {logging_mixin.py:188} INFO - [2025-09-15T10:53:08.847+0000] {dagbag.py:540} INFO - Filling up the DagBag from /opt/airflow/dags/load_day_to_snowflake.py
[2025-09-15T10:53:08.878+0000] {processor.py:840} INFO - DAG(s) 'load_day_to_snowflake' retrieved from /opt/airflow/dags/load_day_to_snowflake.py
[2025-09-15T10:53:08.917+0000] {logging_mixin.py:188} INFO - [2025-09-15T10:53:08.917+0000] {dag.py:3096} INFO - Sync 1 DAGs
[2025-09-15T10:53:08.932+0000] {logging_mixin.py:188} INFO - [2025-09-15T10:53:08.931+0000] {dag.py:3954} INFO - Setting next_dagrun for load_day_to_snowflake to None, run_after=None
[2025-09-15T10:53:08.961+0000] {processor.py:183} INFO - Processing /opt/airflow/dags/load_day_to_snowflake.py took 0.130 seconds
[2025-09-15T10:53:39.464+0000] {processor.py:161} INFO - Started process (PID=6913) to work on /opt/airflow/dags/load_day_to_snowflake.py
[2025-09-15T10:53:39.466+0000] {processor.py:830} INFO - Processing file /opt/airflow/dags/load_day_to_snowflake.py for tasks to queue
[2025-09-15T10:53:39.467+0000] {logging_mixin.py:188} INFO - [2025-09-15T10:53:39.466+0000] {dagbag.py:540} INFO - Filling up the DagBag from /opt/airflow/dags/load_day_to_snowflake.py
[2025-09-15T10:53:39.487+0000] {processor.py:840} INFO - DAG(s) 'load_day_to_snowflake' retrieved from /opt/airflow/dags/load_day_to_snowflake.py
[2025-09-15T10:53:39.517+0000] {logging_mixin.py:188} INFO - [2025-09-15T10:53:39.516+0000] {dag.py:3096} INFO - Sync 1 DAGs
[2025-09-15T10:53:39.530+0000] {logging_mixin.py:188} INFO - [2025-09-15T10:53:39.530+0000] {dag.py:3954} INFO - Setting next_dagrun for load_day_to_snowflake to None, run_after=None
[2025-09-15T10:53:39.551+0000] {processor.py:183} INFO - Processing /opt/airflow/dags/load_day_to_snowflake.py took 0.094 seconds
[2025-09-15T10:54:09.886+0000] {processor.py:161} INFO - Started process (PID=6948) to work on /opt/airflow/dags/load_day_to_snowflake.py
[2025-09-15T10:54:09.887+0000] {processor.py:830} INFO - Processing file /opt/airflow/dags/load_day_to_snowflake.py for tasks to queue
[2025-09-15T10:54:09.888+0000] {logging_mixin.py:188} INFO - [2025-09-15T10:54:09.888+0000] {dagbag.py:540} INFO - Filling up the DagBag from /opt/airflow/dags/load_day_to_snowflake.py
[2025-09-15T10:54:09.909+0000] {processor.py:840} INFO - DAG(s) 'load_day_to_snowflake' retrieved from /opt/airflow/dags/load_day_to_snowflake.py
[2025-09-15T10:54:09.939+0000] {logging_mixin.py:188} INFO - [2025-09-15T10:54:09.938+0000] {dag.py:3096} INFO - Sync 1 DAGs
[2025-09-15T10:54:09.952+0000] {logging_mixin.py:188} INFO - [2025-09-15T10:54:09.951+0000] {dag.py:3954} INFO - Setting next_dagrun for load_day_to_snowflake to None, run_after=None
[2025-09-15T10:54:09.972+0000] {processor.py:183} INFO - Processing /opt/airflow/dags/load_day_to_snowflake.py took 0.093 seconds
[2025-09-15T10:54:40.026+0000] {processor.py:161} INFO - Started process (PID=6983) to work on /opt/airflow/dags/load_day_to_snowflake.py
[2025-09-15T10:54:40.028+0000] {processor.py:830} INFO - Processing file /opt/airflow/dags/load_day_to_snowflake.py for tasks to queue
[2025-09-15T10:54:40.029+0000] {logging_mixin.py:188} INFO - [2025-09-15T10:54:40.028+0000] {dagbag.py:540} INFO - Filling up the DagBag from /opt/airflow/dags/load_day_to_snowflake.py
[2025-09-15T10:54:40.049+0000] {processor.py:840} INFO - DAG(s) 'load_day_to_snowflake' retrieved from /opt/airflow/dags/load_day_to_snowflake.py
[2025-09-15T10:54:40.079+0000] {logging_mixin.py:188} INFO - [2025-09-15T10:54:40.078+0000] {dag.py:3096} INFO - Sync 1 DAGs
[2025-09-15T10:54:40.090+0000] {logging_mixin.py:188} INFO - [2025-09-15T10:54:40.090+0000] {dag.py:3954} INFO - Setting next_dagrun for load_day_to_snowflake to None, run_after=None
[2025-09-15T10:54:40.109+0000] {processor.py:183} INFO - Processing /opt/airflow/dags/load_day_to_snowflake.py took 0.090 seconds
[2025-09-15T10:55:10.666+0000] {processor.py:161} INFO - Started process (PID=7018) to work on /opt/airflow/dags/load_day_to_snowflake.py
[2025-09-15T10:55:10.667+0000] {processor.py:830} INFO - Processing file /opt/airflow/dags/load_day_to_snowflake.py for tasks to queue
[2025-09-15T10:55:10.668+0000] {logging_mixin.py:188} INFO - [2025-09-15T10:55:10.668+0000] {dagbag.py:540} INFO - Filling up the DagBag from /opt/airflow/dags/load_day_to_snowflake.py
[2025-09-15T10:55:10.695+0000] {processor.py:840} INFO - DAG(s) 'load_day_to_snowflake' retrieved from /opt/airflow/dags/load_day_to_snowflake.py
[2025-09-15T10:55:10.740+0000] {logging_mixin.py:188} INFO - [2025-09-15T10:55:10.740+0000] {dag.py:3096} INFO - Sync 1 DAGs
[2025-09-15T10:55:10.770+0000] {logging_mixin.py:188} INFO - [2025-09-15T10:55:10.770+0000] {dag.py:3954} INFO - Setting next_dagrun for load_day_to_snowflake to None, run_after=None
[2025-09-15T10:55:10.817+0000] {processor.py:183} INFO - Processing /opt/airflow/dags/load_day_to_snowflake.py took 0.159 seconds
[2025-09-15T10:55:41.750+0000] {processor.py:161} INFO - Started process (PID=7053) to work on /opt/airflow/dags/load_day_to_snowflake.py
[2025-09-15T10:55:41.752+0000] {processor.py:830} INFO - Processing file /opt/airflow/dags/load_day_to_snowflake.py for tasks to queue
[2025-09-15T10:55:41.753+0000] {logging_mixin.py:188} INFO - [2025-09-15T10:55:41.752+0000] {dagbag.py:540} INFO - Filling up the DagBag from /opt/airflow/dags/load_day_to_snowflake.py
[2025-09-15T10:55:41.773+0000] {processor.py:840} INFO - DAG(s) 'load_day_to_snowflake' retrieved from /opt/airflow/dags/load_day_to_snowflake.py
[2025-09-15T10:55:41.805+0000] {logging_mixin.py:188} INFO - [2025-09-15T10:55:41.805+0000] {dag.py:3096} INFO - Sync 1 DAGs
[2025-09-15T10:55:41.819+0000] {logging_mixin.py:188} INFO - [2025-09-15T10:55:41.819+0000] {dag.py:3954} INFO - Setting next_dagrun for load_day_to_snowflake to None, run_after=None
[2025-09-15T10:55:41.845+0000] {processor.py:183} INFO - Processing /opt/airflow/dags/load_day_to_snowflake.py took 0.103 seconds
[2025-09-15T10:56:12.424+0000] {processor.py:161} INFO - Started process (PID=7088) to work on /opt/airflow/dags/load_day_to_snowflake.py
[2025-09-15T10:56:12.426+0000] {processor.py:830} INFO - Processing file /opt/airflow/dags/load_day_to_snowflake.py for tasks to queue
[2025-09-15T10:56:12.427+0000] {logging_mixin.py:188} INFO - [2025-09-15T10:56:12.426+0000] {dagbag.py:540} INFO - Filling up the DagBag from /opt/airflow/dags/load_day_to_snowflake.py
[2025-09-15T10:56:12.444+0000] {processor.py:840} INFO - DAG(s) 'load_day_to_snowflake' retrieved from /opt/airflow/dags/load_day_to_snowflake.py
[2025-09-15T10:56:12.473+0000] {logging_mixin.py:188} INFO - [2025-09-15T10:56:12.472+0000] {dag.py:3096} INFO - Sync 1 DAGs
[2025-09-15T10:56:12.485+0000] {logging_mixin.py:188} INFO - [2025-09-15T10:56:12.485+0000] {dag.py:3954} INFO - Setting next_dagrun for load_day_to_snowflake to None, run_after=None
[2025-09-15T10:56:12.506+0000] {processor.py:183} INFO - Processing /opt/airflow/dags/load_day_to_snowflake.py took 0.089 seconds
[2025-09-15T10:56:42.976+0000] {processor.py:161} INFO - Started process (PID=7123) to work on /opt/airflow/dags/load_day_to_snowflake.py
[2025-09-15T10:56:42.978+0000] {processor.py:830} INFO - Processing file /opt/airflow/dags/load_day_to_snowflake.py for tasks to queue
[2025-09-15T10:56:42.979+0000] {logging_mixin.py:188} INFO - [2025-09-15T10:56:42.978+0000] {dagbag.py:540} INFO - Filling up the DagBag from /opt/airflow/dags/load_day_to_snowflake.py
[2025-09-15T10:56:43.005+0000] {processor.py:840} INFO - DAG(s) 'load_day_to_snowflake' retrieved from /opt/airflow/dags/load_day_to_snowflake.py
[2025-09-15T10:56:43.041+0000] {logging_mixin.py:188} INFO - [2025-09-15T10:56:43.040+0000] {dag.py:3096} INFO - Sync 1 DAGs
[2025-09-15T10:56:43.055+0000] {logging_mixin.py:188} INFO - [2025-09-15T10:56:43.055+0000] {dag.py:3954} INFO - Setting next_dagrun for load_day_to_snowflake to None, run_after=None
[2025-09-15T10:56:43.077+0000] {processor.py:183} INFO - Processing /opt/airflow/dags/load_day_to_snowflake.py took 0.108 seconds
[2025-09-15T10:57:13.733+0000] {processor.py:161} INFO - Started process (PID=7158) to work on /opt/airflow/dags/load_day_to_snowflake.py
[2025-09-15T10:57:13.734+0000] {processor.py:830} INFO - Processing file /opt/airflow/dags/load_day_to_snowflake.py for tasks to queue
[2025-09-15T10:57:13.735+0000] {logging_mixin.py:188} INFO - [2025-09-15T10:57:13.735+0000] {dagbag.py:540} INFO - Filling up the DagBag from /opt/airflow/dags/load_day_to_snowflake.py
[2025-09-15T10:57:13.752+0000] {processor.py:840} INFO - DAG(s) 'load_day_to_snowflake' retrieved from /opt/airflow/dags/load_day_to_snowflake.py
[2025-09-15T10:57:13.778+0000] {logging_mixin.py:188} INFO - [2025-09-15T10:57:13.778+0000] {dag.py:3096} INFO - Sync 1 DAGs
[2025-09-15T10:57:13.790+0000] {logging_mixin.py:188} INFO - [2025-09-15T10:57:13.790+0000] {dag.py:3954} INFO - Setting next_dagrun for load_day_to_snowflake to None, run_after=None
[2025-09-15T10:57:13.812+0000] {processor.py:183} INFO - Processing /opt/airflow/dags/load_day_to_snowflake.py took 0.086 seconds
[2025-09-15T10:57:44.272+0000] {processor.py:161} INFO - Started process (PID=7193) to work on /opt/airflow/dags/load_day_to_snowflake.py
[2025-09-15T10:57:44.274+0000] {processor.py:830} INFO - Processing file /opt/airflow/dags/load_day_to_snowflake.py for tasks to queue
[2025-09-15T10:57:44.275+0000] {logging_mixin.py:188} INFO - [2025-09-15T10:57:44.275+0000] {dagbag.py:540} INFO - Filling up the DagBag from /opt/airflow/dags/load_day_to_snowflake.py
[2025-09-15T10:57:44.297+0000] {processor.py:840} INFO - DAG(s) 'load_day_to_snowflake' retrieved from /opt/airflow/dags/load_day_to_snowflake.py
[2025-09-15T10:57:44.330+0000] {logging_mixin.py:188} INFO - [2025-09-15T10:57:44.330+0000] {dag.py:3096} INFO - Sync 1 DAGs
[2025-09-15T10:57:44.344+0000] {logging_mixin.py:188} INFO - [2025-09-15T10:57:44.343+0000] {dag.py:3954} INFO - Setting next_dagrun for load_day_to_snowflake to None, run_after=None
[2025-09-15T10:57:44.362+0000] {processor.py:183} INFO - Processing /opt/airflow/dags/load_day_to_snowflake.py took 0.096 seconds
[2025-09-15T10:58:14.503+0000] {processor.py:161} INFO - Started process (PID=7228) to work on /opt/airflow/dags/load_day_to_snowflake.py
[2025-09-15T10:58:14.506+0000] {processor.py:830} INFO - Processing file /opt/airflow/dags/load_day_to_snowflake.py for tasks to queue
[2025-09-15T10:58:14.507+0000] {logging_mixin.py:188} INFO - [2025-09-15T10:58:14.507+0000] {dagbag.py:540} INFO - Filling up the DagBag from /opt/airflow/dags/load_day_to_snowflake.py
[2025-09-15T10:58:14.527+0000] {processor.py:840} INFO - DAG(s) 'load_day_to_snowflake' retrieved from /opt/airflow/dags/load_day_to_snowflake.py
[2025-09-15T10:58:14.557+0000] {logging_mixin.py:188} INFO - [2025-09-15T10:58:14.557+0000] {dag.py:3096} INFO - Sync 1 DAGs
[2025-09-15T10:58:14.571+0000] {logging_mixin.py:188} INFO - [2025-09-15T10:58:14.571+0000] {dag.py:3954} INFO - Setting next_dagrun for load_day_to_snowflake to None, run_after=None
[2025-09-15T10:58:14.591+0000] {processor.py:183} INFO - Processing /opt/airflow/dags/load_day_to_snowflake.py took 0.094 seconds
[2025-09-15T10:58:45.053+0000] {processor.py:161} INFO - Started process (PID=7263) to work on /opt/airflow/dags/load_day_to_snowflake.py
[2025-09-15T10:58:45.054+0000] {processor.py:830} INFO - Processing file /opt/airflow/dags/load_day_to_snowflake.py for tasks to queue
[2025-09-15T10:58:45.055+0000] {logging_mixin.py:188} INFO - [2025-09-15T10:58:45.055+0000] {dagbag.py:540} INFO - Filling up the DagBag from /opt/airflow/dags/load_day_to_snowflake.py
[2025-09-15T10:58:45.086+0000] {processor.py:840} INFO - DAG(s) 'load_day_to_snowflake' retrieved from /opt/airflow/dags/load_day_to_snowflake.py
[2025-09-15T10:58:45.146+0000] {logging_mixin.py:188} INFO - [2025-09-15T10:58:45.146+0000] {dag.py:3096} INFO - Sync 1 DAGs
[2025-09-15T10:58:45.165+0000] {logging_mixin.py:188} INFO - [2025-09-15T10:58:45.165+0000] {dag.py:3954} INFO - Setting next_dagrun for load_day_to_snowflake to None, run_after=None
[2025-09-15T10:58:45.202+0000] {processor.py:183} INFO - Processing /opt/airflow/dags/load_day_to_snowflake.py took 0.158 seconds
[2025-09-15T10:59:15.822+0000] {processor.py:161} INFO - Started process (PID=7298) to work on /opt/airflow/dags/load_day_to_snowflake.py
[2025-09-15T10:59:15.824+0000] {processor.py:830} INFO - Processing file /opt/airflow/dags/load_day_to_snowflake.py for tasks to queue
[2025-09-15T10:59:15.825+0000] {logging_mixin.py:188} INFO - [2025-09-15T10:59:15.825+0000] {dagbag.py:540} INFO - Filling up the DagBag from /opt/airflow/dags/load_day_to_snowflake.py
[2025-09-15T10:59:15.854+0000] {processor.py:840} INFO - DAG(s) 'load_day_to_snowflake' retrieved from /opt/airflow/dags/load_day_to_snowflake.py
[2025-09-15T10:59:15.903+0000] {logging_mixin.py:188} INFO - [2025-09-15T10:59:15.903+0000] {dag.py:3096} INFO - Sync 1 DAGs
[2025-09-15T10:59:15.924+0000] {logging_mixin.py:188} INFO - [2025-09-15T10:59:15.923+0000] {dag.py:3954} INFO - Setting next_dagrun for load_day_to_snowflake to None, run_after=None
[2025-09-15T10:59:15.959+0000] {processor.py:183} INFO - Processing /opt/airflow/dags/load_day_to_snowflake.py took 0.149 seconds
[2025-09-15T10:59:46.744+0000] {processor.py:161} INFO - Started process (PID=7333) to work on /opt/airflow/dags/load_day_to_snowflake.py
[2025-09-15T10:59:46.751+0000] {processor.py:830} INFO - Processing file /opt/airflow/dags/load_day_to_snowflake.py for tasks to queue
[2025-09-15T10:59:46.755+0000] {logging_mixin.py:188} INFO - [2025-09-15T10:59:46.753+0000] {dagbag.py:540} INFO - Filling up the DagBag from /opt/airflow/dags/load_day_to_snowflake.py
[2025-09-15T10:59:46.785+0000] {processor.py:840} INFO - DAG(s) 'load_day_to_snowflake' retrieved from /opt/airflow/dags/load_day_to_snowflake.py
[2025-09-15T10:59:46.813+0000] {logging_mixin.py:188} INFO - [2025-09-15T10:59:46.812+0000] {dag.py:3096} INFO - Sync 1 DAGs
[2025-09-15T10:59:46.830+0000] {logging_mixin.py:188} INFO - [2025-09-15T10:59:46.830+0000] {dag.py:3954} INFO - Setting next_dagrun for load_day_to_snowflake to None, run_after=None
[2025-09-15T10:59:46.855+0000] {processor.py:183} INFO - Processing /opt/airflow/dags/load_day_to_snowflake.py took 0.125 seconds
[2025-09-15T11:00:17.590+0000] {processor.py:161} INFO - Started process (PID=7368) to work on /opt/airflow/dags/load_day_to_snowflake.py
[2025-09-15T11:00:17.592+0000] {processor.py:830} INFO - Processing file /opt/airflow/dags/load_day_to_snowflake.py for tasks to queue
[2025-09-15T11:00:17.593+0000] {logging_mixin.py:188} INFO - [2025-09-15T11:00:17.593+0000] {dagbag.py:540} INFO - Filling up the DagBag from /opt/airflow/dags/load_day_to_snowflake.py
[2025-09-15T11:00:17.615+0000] {processor.py:840} INFO - DAG(s) 'load_day_to_snowflake' retrieved from /opt/airflow/dags/load_day_to_snowflake.py
[2025-09-15T11:00:17.645+0000] {logging_mixin.py:188} INFO - [2025-09-15T11:00:17.645+0000] {dag.py:3096} INFO - Sync 1 DAGs
[2025-09-15T11:00:17.658+0000] {logging_mixin.py:188} INFO - [2025-09-15T11:00:17.657+0000] {dag.py:3954} INFO - Setting next_dagrun for load_day_to_snowflake to None, run_after=None
[2025-09-15T11:00:17.678+0000] {processor.py:183} INFO - Processing /opt/airflow/dags/load_day_to_snowflake.py took 0.095 seconds
[2025-09-15T11:00:48.411+0000] {processor.py:161} INFO - Started process (PID=7403) to work on /opt/airflow/dags/load_day_to_snowflake.py
[2025-09-15T11:00:48.413+0000] {processor.py:830} INFO - Processing file /opt/airflow/dags/load_day_to_snowflake.py for tasks to queue
[2025-09-15T11:00:48.416+0000] {logging_mixin.py:188} INFO - [2025-09-15T11:00:48.414+0000] {dagbag.py:540} INFO - Filling up the DagBag from /opt/airflow/dags/load_day_to_snowflake.py
[2025-09-15T11:00:48.479+0000] {processor.py:840} INFO - DAG(s) 'load_day_to_snowflake' retrieved from /opt/airflow/dags/load_day_to_snowflake.py
[2025-09-15T11:00:48.519+0000] {logging_mixin.py:188} INFO - [2025-09-15T11:00:48.519+0000] {dag.py:3096} INFO - Sync 1 DAGs
[2025-09-15T11:00:48.536+0000] {logging_mixin.py:188} INFO - [2025-09-15T11:00:48.535+0000] {dag.py:3954} INFO - Setting next_dagrun for load_day_to_snowflake to None, run_after=None
[2025-09-15T11:00:48.564+0000] {processor.py:183} INFO - Processing /opt/airflow/dags/load_day_to_snowflake.py took 0.170 seconds
[2025-09-15T11:01:19.062+0000] {processor.py:161} INFO - Started process (PID=7438) to work on /opt/airflow/dags/load_day_to_snowflake.py
[2025-09-15T11:01:19.064+0000] {processor.py:830} INFO - Processing file /opt/airflow/dags/load_day_to_snowflake.py for tasks to queue
[2025-09-15T11:01:19.065+0000] {logging_mixin.py:188} INFO - [2025-09-15T11:01:19.064+0000] {dagbag.py:540} INFO - Filling up the DagBag from /opt/airflow/dags/load_day_to_snowflake.py
[2025-09-15T11:01:19.085+0000] {processor.py:840} INFO - DAG(s) 'load_day_to_snowflake' retrieved from /opt/airflow/dags/load_day_to_snowflake.py
[2025-09-15T11:01:19.122+0000] {logging_mixin.py:188} INFO - [2025-09-15T11:01:19.122+0000] {dag.py:3096} INFO - Sync 1 DAGs
[2025-09-15T11:01:19.135+0000] {logging_mixin.py:188} INFO - [2025-09-15T11:01:19.135+0000] {dag.py:3954} INFO - Setting next_dagrun for load_day_to_snowflake to None, run_after=None
[2025-09-15T11:01:19.156+0000] {processor.py:183} INFO - Processing /opt/airflow/dags/load_day_to_snowflake.py took 0.099 seconds
[2025-09-15T11:01:49.212+0000] {processor.py:161} INFO - Started process (PID=7473) to work on /opt/airflow/dags/load_day_to_snowflake.py
[2025-09-15T11:01:49.215+0000] {processor.py:830} INFO - Processing file /opt/airflow/dags/load_day_to_snowflake.py for tasks to queue
[2025-09-15T11:01:49.216+0000] {logging_mixin.py:188} INFO - [2025-09-15T11:01:49.216+0000] {dagbag.py:540} INFO - Filling up the DagBag from /opt/airflow/dags/load_day_to_snowflake.py
[2025-09-15T11:01:49.240+0000] {processor.py:840} INFO - DAG(s) 'load_day_to_snowflake' retrieved from /opt/airflow/dags/load_day_to_snowflake.py
[2025-09-15T11:01:49.285+0000] {logging_mixin.py:188} INFO - [2025-09-15T11:01:49.284+0000] {dag.py:3096} INFO - Sync 1 DAGs
[2025-09-15T11:01:49.309+0000] {logging_mixin.py:188} INFO - [2025-09-15T11:01:49.307+0000] {dag.py:3954} INFO - Setting next_dagrun for load_day_to_snowflake to None, run_after=None
[2025-09-15T11:01:49.343+0000] {processor.py:183} INFO - Processing /opt/airflow/dags/load_day_to_snowflake.py took 0.140 seconds
[2025-09-15T11:02:19.894+0000] {processor.py:161} INFO - Started process (PID=7508) to work on /opt/airflow/dags/load_day_to_snowflake.py
[2025-09-15T11:02:19.895+0000] {processor.py:830} INFO - Processing file /opt/airflow/dags/load_day_to_snowflake.py for tasks to queue
[2025-09-15T11:02:19.896+0000] {logging_mixin.py:188} INFO - [2025-09-15T11:02:19.896+0000] {dagbag.py:540} INFO - Filling up the DagBag from /opt/airflow/dags/load_day_to_snowflake.py
[2025-09-15T11:02:19.917+0000] {processor.py:840} INFO - DAG(s) 'load_day_to_snowflake' retrieved from /opt/airflow/dags/load_day_to_snowflake.py
[2025-09-15T11:02:19.946+0000] {logging_mixin.py:188} INFO - [2025-09-15T11:02:19.946+0000] {dag.py:3096} INFO - Sync 1 DAGs
[2025-09-15T11:02:19.960+0000] {logging_mixin.py:188} INFO - [2025-09-15T11:02:19.959+0000] {dag.py:3954} INFO - Setting next_dagrun for load_day_to_snowflake to None, run_after=None
[2025-09-15T11:02:19.978+0000] {processor.py:183} INFO - Processing /opt/airflow/dags/load_day_to_snowflake.py took 0.090 seconds
[2025-09-15T11:02:50.437+0000] {processor.py:161} INFO - Started process (PID=7543) to work on /opt/airflow/dags/load_day_to_snowflake.py
[2025-09-15T11:02:50.438+0000] {processor.py:830} INFO - Processing file /opt/airflow/dags/load_day_to_snowflake.py for tasks to queue
[2025-09-15T11:02:50.439+0000] {logging_mixin.py:188} INFO - [2025-09-15T11:02:50.439+0000] {dagbag.py:540} INFO - Filling up the DagBag from /opt/airflow/dags/load_day_to_snowflake.py
[2025-09-15T11:02:50.459+0000] {processor.py:840} INFO - DAG(s) 'load_day_to_snowflake' retrieved from /opt/airflow/dags/load_day_to_snowflake.py
[2025-09-15T11:02:50.486+0000] {logging_mixin.py:188} INFO - [2025-09-15T11:02:50.485+0000] {dag.py:3096} INFO - Sync 1 DAGs
[2025-09-15T11:02:50.497+0000] {logging_mixin.py:188} INFO - [2025-09-15T11:02:50.497+0000] {dag.py:3954} INFO - Setting next_dagrun for load_day_to_snowflake to None, run_after=None
[2025-09-15T11:02:50.524+0000] {processor.py:183} INFO - Processing /opt/airflow/dags/load_day_to_snowflake.py took 0.093 seconds
[2025-09-15T11:03:21.059+0000] {processor.py:161} INFO - Started process (PID=7578) to work on /opt/airflow/dags/load_day_to_snowflake.py
[2025-09-15T11:03:21.060+0000] {processor.py:830} INFO - Processing file /opt/airflow/dags/load_day_to_snowflake.py for tasks to queue
[2025-09-15T11:03:21.061+0000] {logging_mixin.py:188} INFO - [2025-09-15T11:03:21.061+0000] {dagbag.py:540} INFO - Filling up the DagBag from /opt/airflow/dags/load_day_to_snowflake.py
[2025-09-15T11:03:21.080+0000] {processor.py:840} INFO - DAG(s) 'load_day_to_snowflake' retrieved from /opt/airflow/dags/load_day_to_snowflake.py
[2025-09-15T11:03:21.108+0000] {logging_mixin.py:188} INFO - [2025-09-15T11:03:21.108+0000] {dag.py:3096} INFO - Sync 1 DAGs
[2025-09-15T11:03:21.119+0000] {logging_mixin.py:188} INFO - [2025-09-15T11:03:21.119+0000] {dag.py:3954} INFO - Setting next_dagrun for load_day_to_snowflake to None, run_after=None
[2025-09-15T11:03:21.138+0000] {processor.py:183} INFO - Processing /opt/airflow/dags/load_day_to_snowflake.py took 0.085 seconds
[2025-09-15T11:03:51.785+0000] {processor.py:161} INFO - Started process (PID=7613) to work on /opt/airflow/dags/load_day_to_snowflake.py
[2025-09-15T11:03:51.786+0000] {processor.py:830} INFO - Processing file /opt/airflow/dags/load_day_to_snowflake.py for tasks to queue
[2025-09-15T11:03:51.787+0000] {logging_mixin.py:188} INFO - [2025-09-15T11:03:51.786+0000] {dagbag.py:540} INFO - Filling up the DagBag from /opt/airflow/dags/load_day_to_snowflake.py
[2025-09-15T11:03:51.802+0000] {processor.py:840} INFO - DAG(s) 'load_day_to_snowflake' retrieved from /opt/airflow/dags/load_day_to_snowflake.py
[2025-09-15T11:03:51.826+0000] {logging_mixin.py:188} INFO - [2025-09-15T11:03:51.825+0000] {dag.py:3096} INFO - Sync 1 DAGs
[2025-09-15T11:03:51.836+0000] {logging_mixin.py:188} INFO - [2025-09-15T11:03:51.836+0000] {dag.py:3954} INFO - Setting next_dagrun for load_day_to_snowflake to None, run_after=None
[2025-09-15T11:03:51.855+0000] {processor.py:183} INFO - Processing /opt/airflow/dags/load_day_to_snowflake.py took 0.076 seconds
[2025-09-15T11:04:22.184+0000] {processor.py:161} INFO - Started process (PID=7648) to work on /opt/airflow/dags/load_day_to_snowflake.py
[2025-09-15T11:04:22.185+0000] {processor.py:830} INFO - Processing file /opt/airflow/dags/load_day_to_snowflake.py for tasks to queue
[2025-09-15T11:04:22.186+0000] {logging_mixin.py:188} INFO - [2025-09-15T11:04:22.185+0000] {dagbag.py:540} INFO - Filling up the DagBag from /opt/airflow/dags/load_day_to_snowflake.py
[2025-09-15T11:04:22.206+0000] {processor.py:840} INFO - DAG(s) 'load_day_to_snowflake' retrieved from /opt/airflow/dags/load_day_to_snowflake.py
[2025-09-15T11:04:22.231+0000] {logging_mixin.py:188} INFO - [2025-09-15T11:04:22.231+0000] {dag.py:3096} INFO - Sync 1 DAGs
[2025-09-15T11:04:22.243+0000] {logging_mixin.py:188} INFO - [2025-09-15T11:04:22.243+0000] {dag.py:3954} INFO - Setting next_dagrun for load_day_to_snowflake to None, run_after=None
[2025-09-15T11:04:22.261+0000] {processor.py:183} INFO - Processing /opt/airflow/dags/load_day_to_snowflake.py took 0.083 seconds
[2025-09-15T11:04:52.604+0000] {processor.py:161} INFO - Started process (PID=7683) to work on /opt/airflow/dags/load_day_to_snowflake.py
[2025-09-15T11:04:52.605+0000] {processor.py:830} INFO - Processing file /opt/airflow/dags/load_day_to_snowflake.py for tasks to queue
[2025-09-15T11:04:52.606+0000] {logging_mixin.py:188} INFO - [2025-09-15T11:04:52.606+0000] {dagbag.py:540} INFO - Filling up the DagBag from /opt/airflow/dags/load_day_to_snowflake.py
[2025-09-15T11:04:52.625+0000] {processor.py:840} INFO - DAG(s) 'load_day_to_snowflake' retrieved from /opt/airflow/dags/load_day_to_snowflake.py
[2025-09-15T11:04:52.661+0000] {logging_mixin.py:188} INFO - [2025-09-15T11:04:52.661+0000] {dag.py:3096} INFO - Sync 1 DAGs
[2025-09-15T11:04:52.674+0000] {logging_mixin.py:188} INFO - [2025-09-15T11:04:52.674+0000] {dag.py:3954} INFO - Setting next_dagrun for load_day_to_snowflake to None, run_after=None
[2025-09-15T11:04:52.694+0000] {processor.py:183} INFO - Processing /opt/airflow/dags/load_day_to_snowflake.py took 0.095 seconds
[2025-09-15T11:05:23.169+0000] {processor.py:161} INFO - Started process (PID=7718) to work on /opt/airflow/dags/load_day_to_snowflake.py
[2025-09-15T11:05:23.170+0000] {processor.py:830} INFO - Processing file /opt/airflow/dags/load_day_to_snowflake.py for tasks to queue
[2025-09-15T11:05:23.171+0000] {logging_mixin.py:188} INFO - [2025-09-15T11:05:23.171+0000] {dagbag.py:540} INFO - Filling up the DagBag from /opt/airflow/dags/load_day_to_snowflake.py
[2025-09-15T11:05:23.190+0000] {processor.py:840} INFO - DAG(s) 'load_day_to_snowflake' retrieved from /opt/airflow/dags/load_day_to_snowflake.py
[2025-09-15T11:05:23.214+0000] {logging_mixin.py:188} INFO - [2025-09-15T11:05:23.213+0000] {dag.py:3096} INFO - Sync 1 DAGs
[2025-09-15T11:05:23.225+0000] {logging_mixin.py:188} INFO - [2025-09-15T11:05:23.225+0000] {dag.py:3954} INFO - Setting next_dagrun for load_day_to_snowflake to None, run_after=None
[2025-09-15T11:05:23.241+0000] {processor.py:183} INFO - Processing /opt/airflow/dags/load_day_to_snowflake.py took 0.084 seconds
[2025-09-15T11:05:53.407+0000] {processor.py:161} INFO - Started process (PID=7753) to work on /opt/airflow/dags/load_day_to_snowflake.py
[2025-09-15T11:05:53.408+0000] {processor.py:830} INFO - Processing file /opt/airflow/dags/load_day_to_snowflake.py for tasks to queue
[2025-09-15T11:05:53.409+0000] {logging_mixin.py:188} INFO - [2025-09-15T11:05:53.409+0000] {dagbag.py:540} INFO - Filling up the DagBag from /opt/airflow/dags/load_day_to_snowflake.py
[2025-09-15T11:05:53.428+0000] {processor.py:840} INFO - DAG(s) 'load_day_to_snowflake' retrieved from /opt/airflow/dags/load_day_to_snowflake.py
[2025-09-15T11:05:53.460+0000] {logging_mixin.py:188} INFO - [2025-09-15T11:05:53.460+0000] {dag.py:3096} INFO - Sync 1 DAGs
[2025-09-15T11:05:53.471+0000] {logging_mixin.py:188} INFO - [2025-09-15T11:05:53.471+0000] {dag.py:3954} INFO - Setting next_dagrun for load_day_to_snowflake to None, run_after=None
[2025-09-15T11:05:53.489+0000] {processor.py:183} INFO - Processing /opt/airflow/dags/load_day_to_snowflake.py took 0.090 seconds
[2025-09-15T11:06:23.936+0000] {processor.py:161} INFO - Started process (PID=7788) to work on /opt/airflow/dags/load_day_to_snowflake.py
[2025-09-15T11:06:23.938+0000] {processor.py:830} INFO - Processing file /opt/airflow/dags/load_day_to_snowflake.py for tasks to queue
[2025-09-15T11:06:23.939+0000] {logging_mixin.py:188} INFO - [2025-09-15T11:06:23.939+0000] {dagbag.py:540} INFO - Filling up the DagBag from /opt/airflow/dags/load_day_to_snowflake.py
[2025-09-15T11:06:23.965+0000] {processor.py:840} INFO - DAG(s) 'load_day_to_snowflake' retrieved from /opt/airflow/dags/load_day_to_snowflake.py
[2025-09-15T11:06:24.008+0000] {logging_mixin.py:188} INFO - [2025-09-15T11:06:24.008+0000] {dag.py:3096} INFO - Sync 1 DAGs
[2025-09-15T11:06:24.022+0000] {logging_mixin.py:188} INFO - [2025-09-15T11:06:24.021+0000] {dag.py:3954} INFO - Setting next_dagrun for load_day_to_snowflake to None, run_after=None
[2025-09-15T11:06:24.044+0000] {processor.py:183} INFO - Processing /opt/airflow/dags/load_day_to_snowflake.py took 0.119 seconds
[2025-09-15T11:06:54.647+0000] {processor.py:161} INFO - Started process (PID=7823) to work on /opt/airflow/dags/load_day_to_snowflake.py
[2025-09-15T11:06:54.648+0000] {processor.py:830} INFO - Processing file /opt/airflow/dags/load_day_to_snowflake.py for tasks to queue
[2025-09-15T11:06:54.649+0000] {logging_mixin.py:188} INFO - [2025-09-15T11:06:54.649+0000] {dagbag.py:540} INFO - Filling up the DagBag from /opt/airflow/dags/load_day_to_snowflake.py
[2025-09-15T11:06:54.671+0000] {processor.py:840} INFO - DAG(s) 'load_day_to_snowflake' retrieved from /opt/airflow/dags/load_day_to_snowflake.py
[2025-09-15T11:06:54.725+0000] {logging_mixin.py:188} INFO - [2025-09-15T11:06:54.725+0000] {dag.py:3096} INFO - Sync 1 DAGs
[2025-09-15T11:06:54.740+0000] {logging_mixin.py:188} INFO - [2025-09-15T11:06:54.739+0000] {dag.py:3954} INFO - Setting next_dagrun for load_day_to_snowflake to None, run_after=None
[2025-09-15T11:06:54.769+0000] {processor.py:183} INFO - Processing /opt/airflow/dags/load_day_to_snowflake.py took 0.128 seconds
[2025-09-15T11:07:24.874+0000] {processor.py:161} INFO - Started process (PID=7873) to work on /opt/airflow/dags/load_day_to_snowflake.py
[2025-09-15T11:07:24.877+0000] {processor.py:830} INFO - Processing file /opt/airflow/dags/load_day_to_snowflake.py for tasks to queue
[2025-09-15T11:07:24.880+0000] {logging_mixin.py:188} INFO - [2025-09-15T11:07:24.880+0000] {dagbag.py:540} INFO - Filling up the DagBag from /opt/airflow/dags/load_day_to_snowflake.py
[2025-09-15T11:07:24.938+0000] {processor.py:840} INFO - DAG(s) 'load_day_to_snowflake' retrieved from /opt/airflow/dags/load_day_to_snowflake.py
[2025-09-15T11:07:25.027+0000] {logging_mixin.py:188} INFO - [2025-09-15T11:07:25.027+0000] {dag.py:3096} INFO - Sync 1 DAGs
[2025-09-15T11:07:25.053+0000] {logging_mixin.py:188} INFO - [2025-09-15T11:07:25.053+0000] {dag.py:3954} INFO - Setting next_dagrun for load_day_to_snowflake to None, run_after=None
[2025-09-15T11:07:25.086+0000] {processor.py:183} INFO - Processing /opt/airflow/dags/load_day_to_snowflake.py took 0.223 seconds
[2025-09-15T11:07:55.753+0000] {processor.py:161} INFO - Started process (PID=7908) to work on /opt/airflow/dags/load_day_to_snowflake.py
[2025-09-15T11:07:55.754+0000] {processor.py:830} INFO - Processing file /opt/airflow/dags/load_day_to_snowflake.py for tasks to queue
[2025-09-15T11:07:55.755+0000] {logging_mixin.py:188} INFO - [2025-09-15T11:07:55.754+0000] {dagbag.py:540} INFO - Filling up the DagBag from /opt/airflow/dags/load_day_to_snowflake.py
[2025-09-15T11:07:55.773+0000] {processor.py:840} INFO - DAG(s) 'load_day_to_snowflake' retrieved from /opt/airflow/dags/load_day_to_snowflake.py
[2025-09-15T11:07:55.800+0000] {logging_mixin.py:188} INFO - [2025-09-15T11:07:55.799+0000] {dag.py:3096} INFO - Sync 1 DAGs
[2025-09-15T11:07:55.813+0000] {logging_mixin.py:188} INFO - [2025-09-15T11:07:55.813+0000] {dag.py:3954} INFO - Setting next_dagrun for load_day_to_snowflake to None, run_after=None
[2025-09-15T11:07:55.833+0000] {processor.py:183} INFO - Processing /opt/airflow/dags/load_day_to_snowflake.py took 0.087 seconds
[2025-09-15T11:08:26.060+0000] {processor.py:161} INFO - Started process (PID=7943) to work on /opt/airflow/dags/load_day_to_snowflake.py
[2025-09-15T11:08:26.061+0000] {processor.py:830} INFO - Processing file /opt/airflow/dags/load_day_to_snowflake.py for tasks to queue
[2025-09-15T11:08:26.062+0000] {logging_mixin.py:188} INFO - [2025-09-15T11:08:26.062+0000] {dagbag.py:540} INFO - Filling up the DagBag from /opt/airflow/dags/load_day_to_snowflake.py
[2025-09-15T11:08:26.086+0000] {processor.py:840} INFO - DAG(s) 'load_day_to_snowflake' retrieved from /opt/airflow/dags/load_day_to_snowflake.py
[2025-09-15T11:08:26.175+0000] {logging_mixin.py:188} INFO - [2025-09-15T11:08:26.174+0000] {dag.py:3096} INFO - Sync 1 DAGs
[2025-09-15T11:08:26.189+0000] {logging_mixin.py:188} INFO - [2025-09-15T11:08:26.189+0000] {dag.py:3954} INFO - Setting next_dagrun for load_day_to_snowflake to None, run_after=None
[2025-09-15T11:08:26.219+0000] {processor.py:183} INFO - Processing /opt/airflow/dags/load_day_to_snowflake.py took 0.167 seconds
[2025-09-15T11:08:56.621+0000] {processor.py:161} INFO - Started process (PID=7993) to work on /opt/airflow/dags/load_day_to_snowflake.py
[2025-09-15T11:08:56.623+0000] {processor.py:830} INFO - Processing file /opt/airflow/dags/load_day_to_snowflake.py for tasks to queue
[2025-09-15T11:08:56.624+0000] {logging_mixin.py:188} INFO - [2025-09-15T11:08:56.623+0000] {dagbag.py:540} INFO - Filling up the DagBag from /opt/airflow/dags/load_day_to_snowflake.py
[2025-09-15T11:08:56.643+0000] {processor.py:840} INFO - DAG(s) 'load_day_to_snowflake' retrieved from /opt/airflow/dags/load_day_to_snowflake.py
[2025-09-15T11:08:56.670+0000] {logging_mixin.py:188} INFO - [2025-09-15T11:08:56.669+0000] {dag.py:3096} INFO - Sync 1 DAGs
[2025-09-15T11:08:56.681+0000] {logging_mixin.py:188} INFO - [2025-09-15T11:08:56.680+0000] {dag.py:3954} INFO - Setting next_dagrun for load_day_to_snowflake to None, run_after=None
[2025-09-15T11:08:56.700+0000] {processor.py:183} INFO - Processing /opt/airflow/dags/load_day_to_snowflake.py took 0.084 seconds
[2025-09-15T11:09:27.311+0000] {processor.py:161} INFO - Started process (PID=8028) to work on /opt/airflow/dags/load_day_to_snowflake.py
[2025-09-15T11:09:27.312+0000] {processor.py:830} INFO - Processing file /opt/airflow/dags/load_day_to_snowflake.py for tasks to queue
[2025-09-15T11:09:27.313+0000] {logging_mixin.py:188} INFO - [2025-09-15T11:09:27.313+0000] {dagbag.py:540} INFO - Filling up the DagBag from /opt/airflow/dags/load_day_to_snowflake.py
[2025-09-15T11:09:27.331+0000] {processor.py:840} INFO - DAG(s) 'load_day_to_snowflake' retrieved from /opt/airflow/dags/load_day_to_snowflake.py
[2025-09-15T11:09:27.359+0000] {logging_mixin.py:188} INFO - [2025-09-15T11:09:27.358+0000] {dag.py:3096} INFO - Sync 1 DAGs
[2025-09-15T11:09:27.378+0000] {logging_mixin.py:188} INFO - [2025-09-15T11:09:27.377+0000] {dag.py:3954} INFO - Setting next_dagrun for load_day_to_snowflake to None, run_after=None
[2025-09-15T11:09:27.399+0000] {processor.py:183} INFO - Processing /opt/airflow/dags/load_day_to_snowflake.py took 0.094 seconds
[2025-09-15T11:09:57.952+0000] {processor.py:161} INFO - Started process (PID=8078) to work on /opt/airflow/dags/load_day_to_snowflake.py
[2025-09-15T11:09:57.953+0000] {processor.py:830} INFO - Processing file /opt/airflow/dags/load_day_to_snowflake.py for tasks to queue
[2025-09-15T11:09:57.954+0000] {logging_mixin.py:188} INFO - [2025-09-15T11:09:57.954+0000] {dagbag.py:540} INFO - Filling up the DagBag from /opt/airflow/dags/load_day_to_snowflake.py
[2025-09-15T11:09:57.981+0000] {processor.py:840} INFO - DAG(s) 'load_day_to_snowflake' retrieved from /opt/airflow/dags/load_day_to_snowflake.py
[2025-09-15T11:09:58.008+0000] {logging_mixin.py:188} INFO - [2025-09-15T11:09:58.008+0000] {dag.py:3096} INFO - Sync 1 DAGs
[2025-09-15T11:09:58.020+0000] {logging_mixin.py:188} INFO - [2025-09-15T11:09:58.020+0000] {dag.py:3954} INFO - Setting next_dagrun for load_day_to_snowflake to None, run_after=None
[2025-09-15T11:09:58.063+0000] {processor.py:183} INFO - Processing /opt/airflow/dags/load_day_to_snowflake.py took 0.117 seconds
[2025-09-15T11:10:28.667+0000] {processor.py:161} INFO - Started process (PID=8113) to work on /opt/airflow/dags/load_day_to_snowflake.py
[2025-09-15T11:10:28.668+0000] {processor.py:830} INFO - Processing file /opt/airflow/dags/load_day_to_snowflake.py for tasks to queue
[2025-09-15T11:10:28.669+0000] {logging_mixin.py:188} INFO - [2025-09-15T11:10:28.669+0000] {dagbag.py:540} INFO - Filling up the DagBag from /opt/airflow/dags/load_day_to_snowflake.py
[2025-09-15T11:10:28.685+0000] {processor.py:840} INFO - DAG(s) 'load_day_to_snowflake' retrieved from /opt/airflow/dags/load_day_to_snowflake.py
[2025-09-15T11:10:28.709+0000] {logging_mixin.py:188} INFO - [2025-09-15T11:10:28.709+0000] {dag.py:3096} INFO - Sync 1 DAGs
[2025-09-15T11:10:28.724+0000] {logging_mixin.py:188} INFO - [2025-09-15T11:10:28.723+0000] {dag.py:3954} INFO - Setting next_dagrun for load_day_to_snowflake to None, run_after=None
[2025-09-15T11:10:28.744+0000] {processor.py:183} INFO - Processing /opt/airflow/dags/load_day_to_snowflake.py took 0.082 seconds
[2025-09-15T11:10:59.087+0000] {processor.py:161} INFO - Started process (PID=8148) to work on /opt/airflow/dags/load_day_to_snowflake.py
[2025-09-15T11:10:59.089+0000] {processor.py:830} INFO - Processing file /opt/airflow/dags/load_day_to_snowflake.py for tasks to queue
[2025-09-15T11:10:59.097+0000] {logging_mixin.py:188} INFO - [2025-09-15T11:10:59.096+0000] {dagbag.py:540} INFO - Filling up the DagBag from /opt/airflow/dags/load_day_to_snowflake.py
[2025-09-15T11:10:59.117+0000] {processor.py:840} INFO - DAG(s) 'load_day_to_snowflake' retrieved from /opt/airflow/dags/load_day_to_snowflake.py
[2025-09-15T11:10:59.147+0000] {logging_mixin.py:188} INFO - [2025-09-15T11:10:59.146+0000] {dag.py:3096} INFO - Sync 1 DAGs
[2025-09-15T11:10:59.158+0000] {logging_mixin.py:188} INFO - [2025-09-15T11:10:59.158+0000] {dag.py:3954} INFO - Setting next_dagrun for load_day_to_snowflake to None, run_after=None
[2025-09-15T11:10:59.179+0000] {processor.py:183} INFO - Processing /opt/airflow/dags/load_day_to_snowflake.py took 0.100 seconds
[2025-09-15T11:11:29.685+0000] {processor.py:161} INFO - Started process (PID=8183) to work on /opt/airflow/dags/load_day_to_snowflake.py
[2025-09-15T11:11:29.686+0000] {processor.py:830} INFO - Processing file /opt/airflow/dags/load_day_to_snowflake.py for tasks to queue
[2025-09-15T11:11:29.687+0000] {logging_mixin.py:188} INFO - [2025-09-15T11:11:29.687+0000] {dagbag.py:540} INFO - Filling up the DagBag from /opt/airflow/dags/load_day_to_snowflake.py
[2025-09-15T11:11:29.707+0000] {processor.py:840} INFO - DAG(s) 'load_day_to_snowflake' retrieved from /opt/airflow/dags/load_day_to_snowflake.py
[2025-09-15T11:11:29.741+0000] {logging_mixin.py:188} INFO - [2025-09-15T11:11:29.740+0000] {dag.py:3096} INFO - Sync 1 DAGs
[2025-09-15T11:11:29.752+0000] {logging_mixin.py:188} INFO - [2025-09-15T11:11:29.752+0000] {dag.py:3954} INFO - Setting next_dagrun for load_day_to_snowflake to None, run_after=None
[2025-09-15T11:11:29.777+0000] {processor.py:183} INFO - Processing /opt/airflow/dags/load_day_to_snowflake.py took 0.097 seconds
[2025-09-15T11:12:00.206+0000] {processor.py:161} INFO - Started process (PID=8218) to work on /opt/airflow/dags/load_day_to_snowflake.py
[2025-09-15T11:12:00.207+0000] {processor.py:830} INFO - Processing file /opt/airflow/dags/load_day_to_snowflake.py for tasks to queue
[2025-09-15T11:12:00.208+0000] {logging_mixin.py:188} INFO - [2025-09-15T11:12:00.208+0000] {dagbag.py:540} INFO - Filling up the DagBag from /opt/airflow/dags/load_day_to_snowflake.py
[2025-09-15T11:12:00.227+0000] {processor.py:840} INFO - DAG(s) 'load_day_to_snowflake' retrieved from /opt/airflow/dags/load_day_to_snowflake.py
[2025-09-15T11:12:00.252+0000] {logging_mixin.py:188} INFO - [2025-09-15T11:12:00.252+0000] {dag.py:3096} INFO - Sync 1 DAGs
[2025-09-15T11:12:00.264+0000] {logging_mixin.py:188} INFO - [2025-09-15T11:12:00.264+0000] {dag.py:3954} INFO - Setting next_dagrun for load_day_to_snowflake to None, run_after=None
[2025-09-15T11:12:00.281+0000] {processor.py:183} INFO - Processing /opt/airflow/dags/load_day_to_snowflake.py took 0.081 seconds
[2025-09-15T11:12:30.905+0000] {processor.py:161} INFO - Started process (PID=8253) to work on /opt/airflow/dags/load_day_to_snowflake.py
[2025-09-15T11:12:30.906+0000] {processor.py:830} INFO - Processing file /opt/airflow/dags/load_day_to_snowflake.py for tasks to queue
[2025-09-15T11:12:30.907+0000] {logging_mixin.py:188} INFO - [2025-09-15T11:12:30.906+0000] {dagbag.py:540} INFO - Filling up the DagBag from /opt/airflow/dags/load_day_to_snowflake.py
[2025-09-15T11:12:30.924+0000] {processor.py:840} INFO - DAG(s) 'load_day_to_snowflake' retrieved from /opt/airflow/dags/load_day_to_snowflake.py
[2025-09-15T11:12:30.958+0000] {logging_mixin.py:188} INFO - [2025-09-15T11:12:30.957+0000] {dag.py:3096} INFO - Sync 1 DAGs
[2025-09-15T11:12:30.969+0000] {logging_mixin.py:188} INFO - [2025-09-15T11:12:30.969+0000] {dag.py:3954} INFO - Setting next_dagrun for load_day_to_snowflake to None, run_after=None
[2025-09-15T11:12:30.990+0000] {processor.py:183} INFO - Processing /opt/airflow/dags/load_day_to_snowflake.py took 0.091 seconds
[2025-09-15T11:13:01.348+0000] {processor.py:161} INFO - Started process (PID=8288) to work on /opt/airflow/dags/load_day_to_snowflake.py
[2025-09-15T11:13:01.350+0000] {processor.py:830} INFO - Processing file /opt/airflow/dags/load_day_to_snowflake.py for tasks to queue
[2025-09-15T11:13:01.351+0000] {logging_mixin.py:188} INFO - [2025-09-15T11:13:01.350+0000] {dagbag.py:540} INFO - Filling up the DagBag from /opt/airflow/dags/load_day_to_snowflake.py
[2025-09-15T11:13:01.368+0000] {processor.py:840} INFO - DAG(s) 'load_day_to_snowflake' retrieved from /opt/airflow/dags/load_day_to_snowflake.py
[2025-09-15T11:13:01.399+0000] {logging_mixin.py:188} INFO - [2025-09-15T11:13:01.399+0000] {dag.py:3096} INFO - Sync 1 DAGs
[2025-09-15T11:13:01.410+0000] {logging_mixin.py:188} INFO - [2025-09-15T11:13:01.410+0000] {dag.py:3954} INFO - Setting next_dagrun for load_day_to_snowflake to None, run_after=None
[2025-09-15T11:13:01.430+0000] {processor.py:183} INFO - Processing /opt/airflow/dags/load_day_to_snowflake.py took 0.087 seconds
[2025-09-15T11:13:31.514+0000] {processor.py:161} INFO - Started process (PID=8323) to work on /opt/airflow/dags/load_day_to_snowflake.py
[2025-09-15T11:13:31.515+0000] {processor.py:830} INFO - Processing file /opt/airflow/dags/load_day_to_snowflake.py for tasks to queue
[2025-09-15T11:13:31.516+0000] {logging_mixin.py:188} INFO - [2025-09-15T11:13:31.516+0000] {dagbag.py:540} INFO - Filling up the DagBag from /opt/airflow/dags/load_day_to_snowflake.py
[2025-09-15T11:13:31.532+0000] {processor.py:840} INFO - DAG(s) 'load_day_to_snowflake' retrieved from /opt/airflow/dags/load_day_to_snowflake.py
[2025-09-15T11:13:31.562+0000] {logging_mixin.py:188} INFO - [2025-09-15T11:13:31.558+0000] {dag.py:3096} INFO - Sync 1 DAGs
[2025-09-15T11:13:31.575+0000] {logging_mixin.py:188} INFO - [2025-09-15T11:13:31.575+0000] {dag.py:3954} INFO - Setting next_dagrun for load_day_to_snowflake to None, run_after=None
[2025-09-15T11:13:31.596+0000] {processor.py:183} INFO - Processing /opt/airflow/dags/load_day_to_snowflake.py took 0.087 seconds
[2025-09-15T11:14:02.533+0000] {processor.py:161} INFO - Started process (PID=8358) to work on /opt/airflow/dags/load_day_to_snowflake.py
[2025-09-15T11:14:02.534+0000] {processor.py:830} INFO - Processing file /opt/airflow/dags/load_day_to_snowflake.py for tasks to queue
[2025-09-15T11:14:02.536+0000] {logging_mixin.py:188} INFO - [2025-09-15T11:14:02.535+0000] {dagbag.py:540} INFO - Filling up the DagBag from /opt/airflow/dags/load_day_to_snowflake.py
[2025-09-15T11:14:02.556+0000] {processor.py:840} INFO - DAG(s) 'load_day_to_snowflake' retrieved from /opt/airflow/dags/load_day_to_snowflake.py
[2025-09-15T11:14:02.592+0000] {logging_mixin.py:188} INFO - [2025-09-15T11:14:02.592+0000] {dag.py:3096} INFO - Sync 1 DAGs
[2025-09-15T11:14:02.606+0000] {logging_mixin.py:188} INFO - [2025-09-15T11:14:02.606+0000] {dag.py:3954} INFO - Setting next_dagrun for load_day_to_snowflake to None, run_after=None
[2025-09-15T11:14:02.627+0000] {processor.py:183} INFO - Processing /opt/airflow/dags/load_day_to_snowflake.py took 0.104 seconds
[2025-09-15T11:14:33.606+0000] {processor.py:161} INFO - Started process (PID=8393) to work on /opt/airflow/dags/load_day_to_snowflake.py
[2025-09-15T11:14:33.608+0000] {processor.py:830} INFO - Processing file /opt/airflow/dags/load_day_to_snowflake.py for tasks to queue
[2025-09-15T11:14:33.608+0000] {logging_mixin.py:188} INFO - [2025-09-15T11:14:33.608+0000] {dagbag.py:540} INFO - Filling up the DagBag from /opt/airflow/dags/load_day_to_snowflake.py
[2025-09-15T11:14:33.626+0000] {processor.py:840} INFO - DAG(s) 'load_day_to_snowflake' retrieved from /opt/airflow/dags/load_day_to_snowflake.py
[2025-09-15T11:14:33.652+0000] {logging_mixin.py:188} INFO - [2025-09-15T11:14:33.651+0000] {dag.py:3096} INFO - Sync 1 DAGs
[2025-09-15T11:14:33.664+0000] {logging_mixin.py:188} INFO - [2025-09-15T11:14:33.664+0000] {dag.py:3954} INFO - Setting next_dagrun for load_day_to_snowflake to None, run_after=None
[2025-09-15T11:14:33.686+0000] {processor.py:183} INFO - Processing /opt/airflow/dags/load_day_to_snowflake.py took 0.088 seconds
[2025-09-15T11:15:04.397+0000] {processor.py:161} INFO - Started process (PID=8428) to work on /opt/airflow/dags/load_day_to_snowflake.py
[2025-09-15T11:15:04.400+0000] {processor.py:830} INFO - Processing file /opt/airflow/dags/load_day_to_snowflake.py for tasks to queue
[2025-09-15T11:15:04.401+0000] {logging_mixin.py:188} INFO - [2025-09-15T11:15:04.401+0000] {dagbag.py:540} INFO - Filling up the DagBag from /opt/airflow/dags/load_day_to_snowflake.py
[2025-09-15T11:15:04.428+0000] {processor.py:840} INFO - DAG(s) 'load_day_to_snowflake' retrieved from /opt/airflow/dags/load_day_to_snowflake.py
[2025-09-15T11:15:04.465+0000] {logging_mixin.py:188} INFO - [2025-09-15T11:15:04.465+0000] {dag.py:3096} INFO - Sync 1 DAGs
[2025-09-15T11:15:04.480+0000] {logging_mixin.py:188} INFO - [2025-09-15T11:15:04.480+0000] {dag.py:3954} INFO - Setting next_dagrun for load_day_to_snowflake to None, run_after=None
[2025-09-15T11:15:04.511+0000] {processor.py:183} INFO - Processing /opt/airflow/dags/load_day_to_snowflake.py took 0.122 seconds
[2025-09-15T11:15:35.217+0000] {processor.py:161} INFO - Started process (PID=8463) to work on /opt/airflow/dags/load_day_to_snowflake.py
[2025-09-15T11:15:35.219+0000] {processor.py:830} INFO - Processing file /opt/airflow/dags/load_day_to_snowflake.py for tasks to queue
[2025-09-15T11:15:35.220+0000] {logging_mixin.py:188} INFO - [2025-09-15T11:15:35.220+0000] {dagbag.py:540} INFO - Filling up the DagBag from /opt/airflow/dags/load_day_to_snowflake.py
[2025-09-15T11:15:35.250+0000] {processor.py:840} INFO - DAG(s) 'load_day_to_snowflake' retrieved from /opt/airflow/dags/load_day_to_snowflake.py
[2025-09-15T11:15:35.298+0000] {logging_mixin.py:188} INFO - [2025-09-15T11:15:35.298+0000] {dag.py:3096} INFO - Sync 1 DAGs
[2025-09-15T11:15:35.319+0000] {logging_mixin.py:188} INFO - [2025-09-15T11:15:35.319+0000] {dag.py:3954} INFO - Setting next_dagrun for load_day_to_snowflake to None, run_after=None
[2025-09-15T11:15:35.346+0000] {processor.py:183} INFO - Processing /opt/airflow/dags/load_day_to_snowflake.py took 0.139 seconds
[2025-09-15T11:16:05.869+0000] {processor.py:161} INFO - Started process (PID=8498) to work on /opt/airflow/dags/load_day_to_snowflake.py
[2025-09-15T11:16:05.871+0000] {processor.py:830} INFO - Processing file /opt/airflow/dags/load_day_to_snowflake.py for tasks to queue
[2025-09-15T11:16:05.872+0000] {logging_mixin.py:188} INFO - [2025-09-15T11:16:05.871+0000] {dagbag.py:540} INFO - Filling up the DagBag from /opt/airflow/dags/load_day_to_snowflake.py
[2025-09-15T11:16:05.893+0000] {processor.py:840} INFO - DAG(s) 'load_day_to_snowflake' retrieved from /opt/airflow/dags/load_day_to_snowflake.py
[2025-09-15T11:16:05.924+0000] {logging_mixin.py:188} INFO - [2025-09-15T11:16:05.924+0000] {dag.py:3096} INFO - Sync 1 DAGs
[2025-09-15T11:16:05.937+0000] {logging_mixin.py:188} INFO - [2025-09-15T11:16:05.937+0000] {dag.py:3954} INFO - Setting next_dagrun for load_day_to_snowflake to None, run_after=None
[2025-09-15T11:16:05.962+0000] {processor.py:183} INFO - Processing /opt/airflow/dags/load_day_to_snowflake.py took 0.100 seconds
[2025-09-15T11:16:36.637+0000] {processor.py:161} INFO - Started process (PID=8533) to work on /opt/airflow/dags/load_day_to_snowflake.py
[2025-09-15T11:16:36.638+0000] {processor.py:830} INFO - Processing file /opt/airflow/dags/load_day_to_snowflake.py for tasks to queue
[2025-09-15T11:16:36.639+0000] {logging_mixin.py:188} INFO - [2025-09-15T11:16:36.639+0000] {dagbag.py:540} INFO - Filling up the DagBag from /opt/airflow/dags/load_day_to_snowflake.py
[2025-09-15T11:16:36.658+0000] {processor.py:840} INFO - DAG(s) 'load_day_to_snowflake' retrieved from /opt/airflow/dags/load_day_to_snowflake.py
[2025-09-15T11:16:36.684+0000] {logging_mixin.py:188} INFO - [2025-09-15T11:16:36.683+0000] {dag.py:3096} INFO - Sync 1 DAGs
[2025-09-15T11:16:36.695+0000] {logging_mixin.py:188} INFO - [2025-09-15T11:16:36.695+0000] {dag.py:3954} INFO - Setting next_dagrun for load_day_to_snowflake to None, run_after=None
[2025-09-15T11:16:36.714+0000] {processor.py:183} INFO - Processing /opt/airflow/dags/load_day_to_snowflake.py took 0.083 seconds
[2025-09-15T11:17:07.393+0000] {processor.py:161} INFO - Started process (PID=8568) to work on /opt/airflow/dags/load_day_to_snowflake.py
[2025-09-15T11:17:07.395+0000] {processor.py:830} INFO - Processing file /opt/airflow/dags/load_day_to_snowflake.py for tasks to queue
[2025-09-15T11:17:07.396+0000] {logging_mixin.py:188} INFO - [2025-09-15T11:17:07.395+0000] {dagbag.py:540} INFO - Filling up the DagBag from /opt/airflow/dags/load_day_to_snowflake.py
[2025-09-15T11:17:07.415+0000] {processor.py:840} INFO - DAG(s) 'load_day_to_snowflake' retrieved from /opt/airflow/dags/load_day_to_snowflake.py
[2025-09-15T11:17:07.442+0000] {logging_mixin.py:188} INFO - [2025-09-15T11:17:07.441+0000] {dag.py:3096} INFO - Sync 1 DAGs
[2025-09-15T11:17:07.453+0000] {logging_mixin.py:188} INFO - [2025-09-15T11:17:07.453+0000] {dag.py:3954} INFO - Setting next_dagrun for load_day_to_snowflake to None, run_after=None
[2025-09-15T11:17:07.471+0000] {processor.py:183} INFO - Processing /opt/airflow/dags/load_day_to_snowflake.py took 0.085 seconds
[2025-09-15T11:17:38.075+0000] {processor.py:161} INFO - Started process (PID=8603) to work on /opt/airflow/dags/load_day_to_snowflake.py
[2025-09-15T11:17:38.077+0000] {processor.py:830} INFO - Processing file /opt/airflow/dags/load_day_to_snowflake.py for tasks to queue
[2025-09-15T11:17:38.079+0000] {logging_mixin.py:188} INFO - [2025-09-15T11:17:38.078+0000] {dagbag.py:540} INFO - Filling up the DagBag from /opt/airflow/dags/load_day_to_snowflake.py
[2025-09-15T11:17:38.105+0000] {processor.py:840} INFO - DAG(s) 'load_day_to_snowflake' retrieved from /opt/airflow/dags/load_day_to_snowflake.py
[2025-09-15T11:17:38.146+0000] {logging_mixin.py:188} INFO - [2025-09-15T11:17:38.145+0000] {dag.py:3096} INFO - Sync 1 DAGs
[2025-09-15T11:17:38.162+0000] {logging_mixin.py:188} INFO - [2025-09-15T11:17:38.162+0000] {dag.py:3954} INFO - Setting next_dagrun for load_day_to_snowflake to None, run_after=None
[2025-09-15T11:17:38.193+0000] {processor.py:183} INFO - Processing /opt/airflow/dags/load_day_to_snowflake.py took 0.126 seconds
[2025-09-15T11:18:08.623+0000] {processor.py:161} INFO - Started process (PID=8638) to work on /opt/airflow/dags/load_day_to_snowflake.py
[2025-09-15T11:18:08.624+0000] {processor.py:830} INFO - Processing file /opt/airflow/dags/load_day_to_snowflake.py for tasks to queue
[2025-09-15T11:18:08.625+0000] {logging_mixin.py:188} INFO - [2025-09-15T11:18:08.625+0000] {dagbag.py:540} INFO - Filling up the DagBag from /opt/airflow/dags/load_day_to_snowflake.py
[2025-09-15T11:18:08.642+0000] {processor.py:840} INFO - DAG(s) 'load_day_to_snowflake' retrieved from /opt/airflow/dags/load_day_to_snowflake.py
[2025-09-15T11:18:08.666+0000] {logging_mixin.py:188} INFO - [2025-09-15T11:18:08.666+0000] {dag.py:3096} INFO - Sync 1 DAGs
[2025-09-15T11:18:08.678+0000] {logging_mixin.py:188} INFO - [2025-09-15T11:18:08.678+0000] {dag.py:3954} INFO - Setting next_dagrun for load_day_to_snowflake to None, run_after=None
[2025-09-15T11:18:08.699+0000] {processor.py:183} INFO - Processing /opt/airflow/dags/load_day_to_snowflake.py took 0.081 seconds
[2025-09-15T11:18:39.164+0000] {processor.py:161} INFO - Started process (PID=8673) to work on /opt/airflow/dags/load_day_to_snowflake.py
[2025-09-15T11:18:39.165+0000] {processor.py:830} INFO - Processing file /opt/airflow/dags/load_day_to_snowflake.py for tasks to queue
[2025-09-15T11:18:39.167+0000] {logging_mixin.py:188} INFO - [2025-09-15T11:18:39.166+0000] {dagbag.py:540} INFO - Filling up the DagBag from /opt/airflow/dags/load_day_to_snowflake.py
[2025-09-15T11:18:39.195+0000] {processor.py:840} INFO - DAG(s) 'load_day_to_snowflake' retrieved from /opt/airflow/dags/load_day_to_snowflake.py
[2025-09-15T11:18:39.235+0000] {logging_mixin.py:188} INFO - [2025-09-15T11:18:39.235+0000] {dag.py:3096} INFO - Sync 1 DAGs
[2025-09-15T11:18:39.251+0000] {logging_mixin.py:188} INFO - [2025-09-15T11:18:39.250+0000] {dag.py:3954} INFO - Setting next_dagrun for load_day_to_snowflake to None, run_after=None
[2025-09-15T11:18:39.272+0000] {processor.py:183} INFO - Processing /opt/airflow/dags/load_day_to_snowflake.py took 0.116 seconds
[2025-09-15T11:19:09.594+0000] {processor.py:161} INFO - Started process (PID=8708) to work on /opt/airflow/dags/load_day_to_snowflake.py
[2025-09-15T11:19:09.596+0000] {processor.py:830} INFO - Processing file /opt/airflow/dags/load_day_to_snowflake.py for tasks to queue
[2025-09-15T11:19:09.597+0000] {logging_mixin.py:188} INFO - [2025-09-15T11:19:09.596+0000] {dagbag.py:540} INFO - Filling up the DagBag from /opt/airflow/dags/load_day_to_snowflake.py
[2025-09-15T11:19:09.617+0000] {processor.py:840} INFO - DAG(s) 'load_day_to_snowflake' retrieved from /opt/airflow/dags/load_day_to_snowflake.py
[2025-09-15T11:19:09.644+0000] {logging_mixin.py:188} INFO - [2025-09-15T11:19:09.644+0000] {dag.py:3096} INFO - Sync 1 DAGs
[2025-09-15T11:19:09.656+0000] {logging_mixin.py:188} INFO - [2025-09-15T11:19:09.656+0000] {dag.py:3954} INFO - Setting next_dagrun for load_day_to_snowflake to None, run_after=None
[2025-09-15T11:19:09.675+0000] {processor.py:183} INFO - Processing /opt/airflow/dags/load_day_to_snowflake.py took 0.086 seconds
[2025-09-15T11:19:40.173+0000] {processor.py:161} INFO - Started process (PID=8743) to work on /opt/airflow/dags/load_day_to_snowflake.py
[2025-09-15T11:19:40.174+0000] {processor.py:830} INFO - Processing file /opt/airflow/dags/load_day_to_snowflake.py for tasks to queue
[2025-09-15T11:19:40.175+0000] {logging_mixin.py:188} INFO - [2025-09-15T11:19:40.175+0000] {dagbag.py:540} INFO - Filling up the DagBag from /opt/airflow/dags/load_day_to_snowflake.py
[2025-09-15T11:19:40.197+0000] {processor.py:840} INFO - DAG(s) 'load_day_to_snowflake' retrieved from /opt/airflow/dags/load_day_to_snowflake.py
[2025-09-15T11:19:40.223+0000] {logging_mixin.py:188} INFO - [2025-09-15T11:19:40.223+0000] {dag.py:3096} INFO - Sync 1 DAGs
[2025-09-15T11:19:40.235+0000] {logging_mixin.py:188} INFO - [2025-09-15T11:19:40.235+0000] {dag.py:3954} INFO - Setting next_dagrun for load_day_to_snowflake to None, run_after=None
[2025-09-15T11:19:40.256+0000] {processor.py:183} INFO - Processing /opt/airflow/dags/load_day_to_snowflake.py took 0.088 seconds
[2025-09-15T11:20:10.768+0000] {processor.py:161} INFO - Started process (PID=8778) to work on /opt/airflow/dags/load_day_to_snowflake.py
[2025-09-15T11:20:10.770+0000] {processor.py:830} INFO - Processing file /opt/airflow/dags/load_day_to_snowflake.py for tasks to queue
[2025-09-15T11:20:10.771+0000] {logging_mixin.py:188} INFO - [2025-09-15T11:20:10.770+0000] {dagbag.py:540} INFO - Filling up the DagBag from /opt/airflow/dags/load_day_to_snowflake.py
[2025-09-15T11:20:10.793+0000] {processor.py:840} INFO - DAG(s) 'load_day_to_snowflake' retrieved from /opt/airflow/dags/load_day_to_snowflake.py
[2025-09-15T11:20:10.832+0000] {logging_mixin.py:188} INFO - [2025-09-15T11:20:10.832+0000] {dag.py:3096} INFO - Sync 1 DAGs
[2025-09-15T11:20:10.846+0000] {logging_mixin.py:188} INFO - [2025-09-15T11:20:10.846+0000] {dag.py:3954} INFO - Setting next_dagrun for load_day_to_snowflake to None, run_after=None
[2025-09-15T11:20:10.874+0000] {processor.py:183} INFO - Processing /opt/airflow/dags/load_day_to_snowflake.py took 0.115 seconds
[2025-09-15T11:20:41.073+0000] {processor.py:161} INFO - Started process (PID=8813) to work on /opt/airflow/dags/load_day_to_snowflake.py
[2025-09-15T11:20:41.075+0000] {processor.py:830} INFO - Processing file /opt/airflow/dags/load_day_to_snowflake.py for tasks to queue
[2025-09-15T11:20:41.077+0000] {logging_mixin.py:188} INFO - [2025-09-15T11:20:41.076+0000] {dagbag.py:540} INFO - Filling up the DagBag from /opt/airflow/dags/load_day_to_snowflake.py
[2025-09-15T11:20:41.113+0000] {processor.py:840} INFO - DAG(s) 'load_day_to_snowflake' retrieved from /opt/airflow/dags/load_day_to_snowflake.py
[2025-09-15T11:20:41.148+0000] {logging_mixin.py:188} INFO - [2025-09-15T11:20:41.147+0000] {dag.py:3096} INFO - Sync 1 DAGs
[2025-09-15T11:20:41.167+0000] {logging_mixin.py:188} INFO - [2025-09-15T11:20:41.167+0000] {dag.py:3954} INFO - Setting next_dagrun for load_day_to_snowflake to None, run_after=None
[2025-09-15T11:20:41.207+0000] {processor.py:183} INFO - Processing /opt/airflow/dags/load_day_to_snowflake.py took 0.141 seconds
[2025-09-15T11:21:11.450+0000] {processor.py:161} INFO - Started process (PID=8848) to work on /opt/airflow/dags/load_day_to_snowflake.py
[2025-09-15T11:21:11.452+0000] {processor.py:830} INFO - Processing file /opt/airflow/dags/load_day_to_snowflake.py for tasks to queue
[2025-09-15T11:21:11.454+0000] {logging_mixin.py:188} INFO - [2025-09-15T11:21:11.454+0000] {dagbag.py:540} INFO - Filling up the DagBag from /opt/airflow/dags/load_day_to_snowflake.py
[2025-09-15T11:21:11.477+0000] {processor.py:840} INFO - DAG(s) 'load_day_to_snowflake' retrieved from /opt/airflow/dags/load_day_to_snowflake.py
[2025-09-15T11:21:11.504+0000] {logging_mixin.py:188} INFO - [2025-09-15T11:21:11.504+0000] {dag.py:3096} INFO - Sync 1 DAGs
[2025-09-15T11:21:11.517+0000] {logging_mixin.py:188} INFO - [2025-09-15T11:21:11.517+0000] {dag.py:3954} INFO - Setting next_dagrun for load_day_to_snowflake to None, run_after=None
[2025-09-15T11:21:11.539+0000] {processor.py:183} INFO - Processing /opt/airflow/dags/load_day_to_snowflake.py took 0.099 seconds
[2025-09-15T11:21:42.050+0000] {processor.py:161} INFO - Started process (PID=8883) to work on /opt/airflow/dags/load_day_to_snowflake.py
[2025-09-15T11:21:42.055+0000] {processor.py:830} INFO - Processing file /opt/airflow/dags/load_day_to_snowflake.py for tasks to queue
[2025-09-15T11:21:42.060+0000] {logging_mixin.py:188} INFO - [2025-09-15T11:21:42.059+0000] {dagbag.py:540} INFO - Filling up the DagBag from /opt/airflow/dags/load_day_to_snowflake.py
[2025-09-15T11:21:42.090+0000] {processor.py:840} INFO - DAG(s) 'load_day_to_snowflake' retrieved from /opt/airflow/dags/load_day_to_snowflake.py
[2025-09-15T11:21:42.155+0000] {logging_mixin.py:188} INFO - [2025-09-15T11:21:42.155+0000] {dag.py:3096} INFO - Sync 1 DAGs
[2025-09-15T11:21:42.186+0000] {logging_mixin.py:188} INFO - [2025-09-15T11:21:42.185+0000] {dag.py:3954} INFO - Setting next_dagrun for load_day_to_snowflake to None, run_after=None
[2025-09-15T11:21:42.215+0000] {processor.py:183} INFO - Processing /opt/airflow/dags/load_day_to_snowflake.py took 0.185 seconds
[2025-09-15T11:22:12.884+0000] {processor.py:161} INFO - Started process (PID=8918) to work on /opt/airflow/dags/load_day_to_snowflake.py
[2025-09-15T11:22:12.886+0000] {processor.py:830} INFO - Processing file /opt/airflow/dags/load_day_to_snowflake.py for tasks to queue
[2025-09-15T11:22:12.886+0000] {logging_mixin.py:188} INFO - [2025-09-15T11:22:12.886+0000] {dagbag.py:540} INFO - Filling up the DagBag from /opt/airflow/dags/load_day_to_snowflake.py
[2025-09-15T11:22:12.904+0000] {processor.py:840} INFO - DAG(s) 'load_day_to_snowflake' retrieved from /opt/airflow/dags/load_day_to_snowflake.py
[2025-09-15T11:22:12.932+0000] {logging_mixin.py:188} INFO - [2025-09-15T11:22:12.932+0000] {dag.py:3096} INFO - Sync 1 DAGs
[2025-09-15T11:22:12.954+0000] {logging_mixin.py:188} INFO - [2025-09-15T11:22:12.954+0000] {dag.py:3954} INFO - Setting next_dagrun for load_day_to_snowflake to None, run_after=None
[2025-09-15T11:22:12.982+0000] {processor.py:183} INFO - Processing /opt/airflow/dags/load_day_to_snowflake.py took 0.107 seconds
[2025-09-15T11:22:43.467+0000] {processor.py:161} INFO - Started process (PID=8953) to work on /opt/airflow/dags/load_day_to_snowflake.py
[2025-09-15T11:22:43.468+0000] {processor.py:830} INFO - Processing file /opt/airflow/dags/load_day_to_snowflake.py for tasks to queue
[2025-09-15T11:22:43.469+0000] {logging_mixin.py:188} INFO - [2025-09-15T11:22:43.469+0000] {dagbag.py:540} INFO - Filling up the DagBag from /opt/airflow/dags/load_day_to_snowflake.py
[2025-09-15T11:22:43.490+0000] {processor.py:840} INFO - DAG(s) 'load_day_to_snowflake' retrieved from /opt/airflow/dags/load_day_to_snowflake.py
[2025-09-15T11:22:43.519+0000] {logging_mixin.py:188} INFO - [2025-09-15T11:22:43.519+0000] {dag.py:3096} INFO - Sync 1 DAGs
[2025-09-15T11:22:43.531+0000] {logging_mixin.py:188} INFO - [2025-09-15T11:22:43.530+0000] {dag.py:3954} INFO - Setting next_dagrun for load_day_to_snowflake to None, run_after=None
[2025-09-15T11:22:43.553+0000] {processor.py:183} INFO - Processing /opt/airflow/dags/load_day_to_snowflake.py took 0.095 seconds
[2025-09-15T11:23:13.978+0000] {processor.py:161} INFO - Started process (PID=8988) to work on /opt/airflow/dags/load_day_to_snowflake.py
[2025-09-15T11:23:13.979+0000] {processor.py:830} INFO - Processing file /opt/airflow/dags/load_day_to_snowflake.py for tasks to queue
[2025-09-15T11:23:13.979+0000] {logging_mixin.py:188} INFO - [2025-09-15T11:23:13.979+0000] {dagbag.py:540} INFO - Filling up the DagBag from /opt/airflow/dags/load_day_to_snowflake.py
[2025-09-15T11:23:13.998+0000] {processor.py:840} INFO - DAG(s) 'load_day_to_snowflake' retrieved from /opt/airflow/dags/load_day_to_snowflake.py
[2025-09-15T11:23:14.024+0000] {logging_mixin.py:188} INFO - [2025-09-15T11:23:14.024+0000] {dag.py:3096} INFO - Sync 1 DAGs
[2025-09-15T11:23:14.041+0000] {logging_mixin.py:188} INFO - [2025-09-15T11:23:14.040+0000] {dag.py:3954} INFO - Setting next_dagrun for load_day_to_snowflake to None, run_after=None
[2025-09-15T11:23:14.067+0000] {processor.py:183} INFO - Processing /opt/airflow/dags/load_day_to_snowflake.py took 0.096 seconds
[2025-09-15T11:23:44.480+0000] {processor.py:161} INFO - Started process (PID=9023) to work on /opt/airflow/dags/load_day_to_snowflake.py
[2025-09-15T11:23:44.481+0000] {processor.py:830} INFO - Processing file /opt/airflow/dags/load_day_to_snowflake.py for tasks to queue
[2025-09-15T11:23:44.483+0000] {logging_mixin.py:188} INFO - [2025-09-15T11:23:44.482+0000] {dagbag.py:540} INFO - Filling up the DagBag from /opt/airflow/dags/load_day_to_snowflake.py
[2025-09-15T11:23:44.500+0000] {processor.py:840} INFO - DAG(s) 'load_day_to_snowflake' retrieved from /opt/airflow/dags/load_day_to_snowflake.py
[2025-09-15T11:23:44.525+0000] {logging_mixin.py:188} INFO - [2025-09-15T11:23:44.525+0000] {dag.py:3096} INFO - Sync 1 DAGs
[2025-09-15T11:23:44.540+0000] {logging_mixin.py:188} INFO - [2025-09-15T11:23:44.540+0000] {dag.py:3954} INFO - Setting next_dagrun for load_day_to_snowflake to None, run_after=None
[2025-09-15T11:23:44.563+0000] {processor.py:183} INFO - Processing /opt/airflow/dags/load_day_to_snowflake.py took 0.089 seconds
[2025-09-15T11:24:14.962+0000] {processor.py:161} INFO - Started process (PID=9058) to work on /opt/airflow/dags/load_day_to_snowflake.py
[2025-09-15T11:24:14.963+0000] {processor.py:830} INFO - Processing file /opt/airflow/dags/load_day_to_snowflake.py for tasks to queue
[2025-09-15T11:24:14.964+0000] {logging_mixin.py:188} INFO - [2025-09-15T11:24:14.964+0000] {dagbag.py:540} INFO - Filling up the DagBag from /opt/airflow/dags/load_day_to_snowflake.py
[2025-09-15T11:24:14.983+0000] {processor.py:840} INFO - DAG(s) 'load_day_to_snowflake' retrieved from /opt/airflow/dags/load_day_to_snowflake.py
[2025-09-15T11:24:15.009+0000] {logging_mixin.py:188} INFO - [2025-09-15T11:24:15.009+0000] {dag.py:3096} INFO - Sync 1 DAGs
[2025-09-15T11:24:15.019+0000] {logging_mixin.py:188} INFO - [2025-09-15T11:24:15.019+0000] {dag.py:3954} INFO - Setting next_dagrun for load_day_to_snowflake to None, run_after=None
[2025-09-15T11:24:15.038+0000] {processor.py:183} INFO - Processing /opt/airflow/dags/load_day_to_snowflake.py took 0.082 seconds
[2025-09-15T11:24:45.467+0000] {processor.py:161} INFO - Started process (PID=9093) to work on /opt/airflow/dags/load_day_to_snowflake.py
[2025-09-15T11:24:45.469+0000] {processor.py:830} INFO - Processing file /opt/airflow/dags/load_day_to_snowflake.py for tasks to queue
[2025-09-15T11:24:45.470+0000] {logging_mixin.py:188} INFO - [2025-09-15T11:24:45.469+0000] {dagbag.py:540} INFO - Filling up the DagBag from /opt/airflow/dags/load_day_to_snowflake.py
[2025-09-15T11:24:45.487+0000] {processor.py:840} INFO - DAG(s) 'load_day_to_snowflake' retrieved from /opt/airflow/dags/load_day_to_snowflake.py
[2025-09-15T11:24:45.515+0000] {logging_mixin.py:188} INFO - [2025-09-15T11:24:45.515+0000] {dag.py:3096} INFO - Sync 1 DAGs
[2025-09-15T11:24:45.528+0000] {logging_mixin.py:188} INFO - [2025-09-15T11:24:45.527+0000] {dag.py:3954} INFO - Setting next_dagrun for load_day_to_snowflake to None, run_after=None
[2025-09-15T11:24:45.547+0000] {processor.py:183} INFO - Processing /opt/airflow/dags/load_day_to_snowflake.py took 0.086 seconds
[2025-09-15T11:25:16.036+0000] {processor.py:161} INFO - Started process (PID=9128) to work on /opt/airflow/dags/load_day_to_snowflake.py
[2025-09-15T11:25:16.037+0000] {processor.py:830} INFO - Processing file /opt/airflow/dags/load_day_to_snowflake.py for tasks to queue
[2025-09-15T11:25:16.039+0000] {logging_mixin.py:188} INFO - [2025-09-15T11:25:16.038+0000] {dagbag.py:540} INFO - Filling up the DagBag from /opt/airflow/dags/load_day_to_snowflake.py
[2025-09-15T11:25:16.059+0000] {processor.py:840} INFO - DAG(s) 'load_day_to_snowflake' retrieved from /opt/airflow/dags/load_day_to_snowflake.py
[2025-09-15T11:25:16.088+0000] {logging_mixin.py:188} INFO - [2025-09-15T11:25:16.087+0000] {dag.py:3096} INFO - Sync 1 DAGs
[2025-09-15T11:25:16.103+0000] {logging_mixin.py:188} INFO - [2025-09-15T11:25:16.103+0000] {dag.py:3954} INFO - Setting next_dagrun for load_day_to_snowflake to None, run_after=None
[2025-09-15T11:25:16.123+0000] {processor.py:183} INFO - Processing /opt/airflow/dags/load_day_to_snowflake.py took 0.096 seconds
[2025-09-15T11:25:46.656+0000] {processor.py:161} INFO - Started process (PID=9163) to work on /opt/airflow/dags/load_day_to_snowflake.py
[2025-09-15T11:25:46.657+0000] {processor.py:830} INFO - Processing file /opt/airflow/dags/load_day_to_snowflake.py for tasks to queue
[2025-09-15T11:25:46.659+0000] {logging_mixin.py:188} INFO - [2025-09-15T11:25:46.658+0000] {dagbag.py:540} INFO - Filling up the DagBag from /opt/airflow/dags/load_day_to_snowflake.py
[2025-09-15T11:25:46.681+0000] {processor.py:840} INFO - DAG(s) 'load_day_to_snowflake' retrieved from /opt/airflow/dags/load_day_to_snowflake.py
[2025-09-15T11:25:46.710+0000] {logging_mixin.py:188} INFO - [2025-09-15T11:25:46.710+0000] {dag.py:3096} INFO - Sync 1 DAGs
[2025-09-15T11:25:46.725+0000] {logging_mixin.py:188} INFO - [2025-09-15T11:25:46.725+0000] {dag.py:3954} INFO - Setting next_dagrun for load_day_to_snowflake to None, run_after=None
[2025-09-15T11:25:46.746+0000] {processor.py:183} INFO - Processing /opt/airflow/dags/load_day_to_snowflake.py took 0.097 seconds
[2025-09-15T11:26:17.064+0000] {processor.py:161} INFO - Started process (PID=9198) to work on /opt/airflow/dags/load_day_to_snowflake.py
[2025-09-15T11:26:17.066+0000] {processor.py:830} INFO - Processing file /opt/airflow/dags/load_day_to_snowflake.py for tasks to queue
[2025-09-15T11:26:17.067+0000] {logging_mixin.py:188} INFO - [2025-09-15T11:26:17.066+0000] {dagbag.py:540} INFO - Filling up the DagBag from /opt/airflow/dags/load_day_to_snowflake.py
[2025-09-15T11:26:17.085+0000] {processor.py:840} INFO - DAG(s) 'load_day_to_snowflake' retrieved from /opt/airflow/dags/load_day_to_snowflake.py
[2025-09-15T11:26:17.114+0000] {logging_mixin.py:188} INFO - [2025-09-15T11:26:17.113+0000] {dag.py:3096} INFO - Sync 1 DAGs
[2025-09-15T11:26:17.126+0000] {logging_mixin.py:188} INFO - [2025-09-15T11:26:17.125+0000] {dag.py:3954} INFO - Setting next_dagrun for load_day_to_snowflake to None, run_after=None
[2025-09-15T11:26:17.146+0000] {processor.py:183} INFO - Processing /opt/airflow/dags/load_day_to_snowflake.py took 0.087 seconds
[2025-09-15T11:26:47.650+0000] {processor.py:161} INFO - Started process (PID=9233) to work on /opt/airflow/dags/load_day_to_snowflake.py
[2025-09-15T11:26:47.651+0000] {processor.py:830} INFO - Processing file /opt/airflow/dags/load_day_to_snowflake.py for tasks to queue
[2025-09-15T11:26:47.652+0000] {logging_mixin.py:188} INFO - [2025-09-15T11:26:47.652+0000] {dagbag.py:540} INFO - Filling up the DagBag from /opt/airflow/dags/load_day_to_snowflake.py
[2025-09-15T11:26:47.669+0000] {processor.py:840} INFO - DAG(s) 'load_day_to_snowflake' retrieved from /opt/airflow/dags/load_day_to_snowflake.py
[2025-09-15T11:26:47.699+0000] {logging_mixin.py:188} INFO - [2025-09-15T11:26:47.695+0000] {dag.py:3096} INFO - Sync 1 DAGs
[2025-09-15T11:26:47.714+0000] {logging_mixin.py:188} INFO - [2025-09-15T11:26:47.714+0000] {dag.py:3954} INFO - Setting next_dagrun for load_day_to_snowflake to None, run_after=None
[2025-09-15T11:26:47.734+0000] {processor.py:183} INFO - Processing /opt/airflow/dags/load_day_to_snowflake.py took 0.090 seconds
[2025-09-15T11:27:18.497+0000] {processor.py:161} INFO - Started process (PID=9268) to work on /opt/airflow/dags/load_day_to_snowflake.py
[2025-09-15T11:27:18.498+0000] {processor.py:830} INFO - Processing file /opt/airflow/dags/load_day_to_snowflake.py for tasks to queue
[2025-09-15T11:27:18.499+0000] {logging_mixin.py:188} INFO - [2025-09-15T11:27:18.499+0000] {dagbag.py:540} INFO - Filling up the DagBag from /opt/airflow/dags/load_day_to_snowflake.py
[2025-09-15T11:27:18.516+0000] {processor.py:840} INFO - DAG(s) 'load_day_to_snowflake' retrieved from /opt/airflow/dags/load_day_to_snowflake.py
[2025-09-15T11:27:18.548+0000] {logging_mixin.py:188} INFO - [2025-09-15T11:27:18.547+0000] {dag.py:3096} INFO - Sync 1 DAGs
[2025-09-15T11:27:18.562+0000] {logging_mixin.py:188} INFO - [2025-09-15T11:27:18.561+0000] {dag.py:3954} INFO - Setting next_dagrun for load_day_to_snowflake to None, run_after=None
[2025-09-15T11:27:18.583+0000] {processor.py:183} INFO - Processing /opt/airflow/dags/load_day_to_snowflake.py took 0.091 seconds
[2025-09-15T11:27:49.048+0000] {processor.py:161} INFO - Started process (PID=9303) to work on /opt/airflow/dags/load_day_to_snowflake.py
[2025-09-15T11:27:49.049+0000] {processor.py:830} INFO - Processing file /opt/airflow/dags/load_day_to_snowflake.py for tasks to queue
[2025-09-15T11:27:49.050+0000] {logging_mixin.py:188} INFO - [2025-09-15T11:27:49.049+0000] {dagbag.py:540} INFO - Filling up the DagBag from /opt/airflow/dags/load_day_to_snowflake.py
[2025-09-15T11:27:49.066+0000] {processor.py:840} INFO - DAG(s) 'load_day_to_snowflake' retrieved from /opt/airflow/dags/load_day_to_snowflake.py
[2025-09-15T11:27:49.090+0000] {logging_mixin.py:188} INFO - [2025-09-15T11:27:49.089+0000] {dag.py:3096} INFO - Sync 1 DAGs
[2025-09-15T11:27:49.100+0000] {logging_mixin.py:188} INFO - [2025-09-15T11:27:49.100+0000] {dag.py:3954} INFO - Setting next_dagrun for load_day_to_snowflake to None, run_after=None
[2025-09-15T11:27:49.120+0000] {processor.py:183} INFO - Processing /opt/airflow/dags/load_day_to_snowflake.py took 0.078 seconds
[2025-09-15T11:28:19.185+0000] {processor.py:161} INFO - Started process (PID=9338) to work on /opt/airflow/dags/load_day_to_snowflake.py
[2025-09-15T11:28:19.187+0000] {processor.py:830} INFO - Processing file /opt/airflow/dags/load_day_to_snowflake.py for tasks to queue
[2025-09-15T11:28:19.187+0000] {logging_mixin.py:188} INFO - [2025-09-15T11:28:19.187+0000] {dagbag.py:540} INFO - Filling up the DagBag from /opt/airflow/dags/load_day_to_snowflake.py
[2025-09-15T11:28:19.211+0000] {processor.py:840} INFO - DAG(s) 'load_day_to_snowflake' retrieved from /opt/airflow/dags/load_day_to_snowflake.py
[2025-09-15T11:28:19.244+0000] {logging_mixin.py:188} INFO - [2025-09-15T11:28:19.244+0000] {dag.py:3096} INFO - Sync 1 DAGs
[2025-09-15T11:28:19.258+0000] {logging_mixin.py:188} INFO - [2025-09-15T11:28:19.258+0000] {dag.py:3954} INFO - Setting next_dagrun for load_day_to_snowflake to None, run_after=None
[2025-09-15T11:28:19.279+0000] {processor.py:183} INFO - Processing /opt/airflow/dags/load_day_to_snowflake.py took 0.103 seconds
[2025-09-15T11:28:49.632+0000] {processor.py:161} INFO - Started process (PID=9373) to work on /opt/airflow/dags/load_day_to_snowflake.py
[2025-09-15T11:28:49.633+0000] {processor.py:830} INFO - Processing file /opt/airflow/dags/load_day_to_snowflake.py for tasks to queue
[2025-09-15T11:28:49.635+0000] {logging_mixin.py:188} INFO - [2025-09-15T11:28:49.634+0000] {dagbag.py:540} INFO - Filling up the DagBag from /opt/airflow/dags/load_day_to_snowflake.py
[2025-09-15T11:28:49.655+0000] {processor.py:840} INFO - DAG(s) 'load_day_to_snowflake' retrieved from /opt/airflow/dags/load_day_to_snowflake.py
[2025-09-15T11:28:49.681+0000] {logging_mixin.py:188} INFO - [2025-09-15T11:28:49.681+0000] {dag.py:3096} INFO - Sync 1 DAGs
[2025-09-15T11:28:49.692+0000] {logging_mixin.py:188} INFO - [2025-09-15T11:28:49.692+0000] {dag.py:3954} INFO - Setting next_dagrun for load_day_to_snowflake to None, run_after=None
[2025-09-15T11:28:49.711+0000] {processor.py:183} INFO - Processing /opt/airflow/dags/load_day_to_snowflake.py took 0.084 seconds
[2025-09-15T11:29:20.114+0000] {processor.py:161} INFO - Started process (PID=9408) to work on /opt/airflow/dags/load_day_to_snowflake.py
[2025-09-15T11:29:20.115+0000] {processor.py:830} INFO - Processing file /opt/airflow/dags/load_day_to_snowflake.py for tasks to queue
[2025-09-15T11:29:20.116+0000] {logging_mixin.py:188} INFO - [2025-09-15T11:29:20.115+0000] {dagbag.py:540} INFO - Filling up the DagBag from /opt/airflow/dags/load_day_to_snowflake.py
[2025-09-15T11:29:20.132+0000] {processor.py:840} INFO - DAG(s) 'load_day_to_snowflake' retrieved from /opt/airflow/dags/load_day_to_snowflake.py
[2025-09-15T11:29:20.157+0000] {logging_mixin.py:188} INFO - [2025-09-15T11:29:20.156+0000] {dag.py:3096} INFO - Sync 1 DAGs
[2025-09-15T11:29:20.169+0000] {logging_mixin.py:188} INFO - [2025-09-15T11:29:20.168+0000] {dag.py:3954} INFO - Setting next_dagrun for load_day_to_snowflake to None, run_after=None
[2025-09-15T11:29:20.188+0000] {processor.py:183} INFO - Processing /opt/airflow/dags/load_day_to_snowflake.py took 0.085 seconds
[2025-09-15T11:29:50.594+0000] {processor.py:161} INFO - Started process (PID=9443) to work on /opt/airflow/dags/load_day_to_snowflake.py
[2025-09-15T11:29:50.595+0000] {processor.py:830} INFO - Processing file /opt/airflow/dags/load_day_to_snowflake.py for tasks to queue
[2025-09-15T11:29:50.596+0000] {logging_mixin.py:188} INFO - [2025-09-15T11:29:50.596+0000] {dagbag.py:540} INFO - Filling up the DagBag from /opt/airflow/dags/load_day_to_snowflake.py
[2025-09-15T11:29:50.615+0000] {processor.py:840} INFO - DAG(s) 'load_day_to_snowflake' retrieved from /opt/airflow/dags/load_day_to_snowflake.py
[2025-09-15T11:29:50.644+0000] {logging_mixin.py:188} INFO - [2025-09-15T11:29:50.644+0000] {dag.py:3096} INFO - Sync 1 DAGs
[2025-09-15T11:29:50.659+0000] {logging_mixin.py:188} INFO - [2025-09-15T11:29:50.658+0000] {dag.py:3954} INFO - Setting next_dagrun for load_day_to_snowflake to None, run_after=None
[2025-09-15T11:29:50.690+0000] {processor.py:183} INFO - Processing /opt/airflow/dags/load_day_to_snowflake.py took 0.102 seconds
[2025-09-15T11:30:21.122+0000] {processor.py:161} INFO - Started process (PID=9478) to work on /opt/airflow/dags/load_day_to_snowflake.py
[2025-09-15T11:30:21.123+0000] {processor.py:830} INFO - Processing file /opt/airflow/dags/load_day_to_snowflake.py for tasks to queue
[2025-09-15T11:30:21.124+0000] {logging_mixin.py:188} INFO - [2025-09-15T11:30:21.124+0000] {dagbag.py:540} INFO - Filling up the DagBag from /opt/airflow/dags/load_day_to_snowflake.py
[2025-09-15T11:30:21.142+0000] {processor.py:840} INFO - DAG(s) 'load_day_to_snowflake' retrieved from /opt/airflow/dags/load_day_to_snowflake.py
[2025-09-15T11:30:21.172+0000] {logging_mixin.py:188} INFO - [2025-09-15T11:30:21.172+0000] {dag.py:3096} INFO - Sync 1 DAGs
[2025-09-15T11:30:21.183+0000] {logging_mixin.py:188} INFO - [2025-09-15T11:30:21.183+0000] {dag.py:3954} INFO - Setting next_dagrun for load_day_to_snowflake to None, run_after=None
[2025-09-15T11:30:21.201+0000] {processor.py:183} INFO - Processing /opt/airflow/dags/load_day_to_snowflake.py took 0.085 seconds
[2025-09-15T11:30:51.551+0000] {processor.py:161} INFO - Started process (PID=9513) to work on /opt/airflow/dags/load_day_to_snowflake.py
[2025-09-15T11:30:51.552+0000] {processor.py:830} INFO - Processing file /opt/airflow/dags/load_day_to_snowflake.py for tasks to queue
[2025-09-15T11:30:51.553+0000] {logging_mixin.py:188} INFO - [2025-09-15T11:30:51.553+0000] {dagbag.py:540} INFO - Filling up the DagBag from /opt/airflow/dags/load_day_to_snowflake.py
[2025-09-15T11:30:51.571+0000] {processor.py:840} INFO - DAG(s) 'load_day_to_snowflake' retrieved from /opt/airflow/dags/load_day_to_snowflake.py
[2025-09-15T11:30:51.595+0000] {logging_mixin.py:188} INFO - [2025-09-15T11:30:51.595+0000] {dag.py:3096} INFO - Sync 1 DAGs
[2025-09-15T11:30:51.606+0000] {logging_mixin.py:188} INFO - [2025-09-15T11:30:51.606+0000] {dag.py:3954} INFO - Setting next_dagrun for load_day_to_snowflake to None, run_after=None
[2025-09-15T11:30:51.625+0000] {processor.py:183} INFO - Processing /opt/airflow/dags/load_day_to_snowflake.py took 0.079 seconds
[2025-09-15T11:31:22.143+0000] {processor.py:161} INFO - Started process (PID=9548) to work on /opt/airflow/dags/load_day_to_snowflake.py
[2025-09-15T11:31:22.144+0000] {processor.py:830} INFO - Processing file /opt/airflow/dags/load_day_to_snowflake.py for tasks to queue
[2025-09-15T11:31:22.145+0000] {logging_mixin.py:188} INFO - [2025-09-15T11:31:22.144+0000] {dagbag.py:540} INFO - Filling up the DagBag from /opt/airflow/dags/load_day_to_snowflake.py
[2025-09-15T11:31:22.161+0000] {processor.py:840} INFO - DAG(s) 'load_day_to_snowflake' retrieved from /opt/airflow/dags/load_day_to_snowflake.py
[2025-09-15T11:31:22.195+0000] {logging_mixin.py:188} INFO - [2025-09-15T11:31:22.194+0000] {dag.py:3096} INFO - Sync 1 DAGs
[2025-09-15T11:31:22.207+0000] {logging_mixin.py:188} INFO - [2025-09-15T11:31:22.206+0000] {dag.py:3954} INFO - Setting next_dagrun for load_day_to_snowflake to None, run_after=None
[2025-09-15T11:31:22.228+0000] {processor.py:183} INFO - Processing /opt/airflow/dags/load_day_to_snowflake.py took 0.091 seconds
[2025-09-15T11:31:52.606+0000] {processor.py:161} INFO - Started process (PID=9583) to work on /opt/airflow/dags/load_day_to_snowflake.py
[2025-09-15T11:31:52.607+0000] {processor.py:830} INFO - Processing file /opt/airflow/dags/load_day_to_snowflake.py for tasks to queue
[2025-09-15T11:31:52.608+0000] {logging_mixin.py:188} INFO - [2025-09-15T11:31:52.608+0000] {dagbag.py:540} INFO - Filling up the DagBag from /opt/airflow/dags/load_day_to_snowflake.py
[2025-09-15T11:31:52.624+0000] {processor.py:840} INFO - DAG(s) 'load_day_to_snowflake' retrieved from /opt/airflow/dags/load_day_to_snowflake.py
[2025-09-15T11:31:52.656+0000] {logging_mixin.py:188} INFO - [2025-09-15T11:31:52.655+0000] {dag.py:3096} INFO - Sync 1 DAGs
[2025-09-15T11:31:52.666+0000] {logging_mixin.py:188} INFO - [2025-09-15T11:31:52.666+0000] {dag.py:3954} INFO - Setting next_dagrun for load_day_to_snowflake to None, run_after=None
[2025-09-15T11:31:52.685+0000] {processor.py:183} INFO - Processing /opt/airflow/dags/load_day_to_snowflake.py took 0.085 seconds
[2025-09-15T11:32:23.093+0000] {processor.py:161} INFO - Started process (PID=9618) to work on /opt/airflow/dags/load_day_to_snowflake.py
[2025-09-15T11:32:23.094+0000] {processor.py:830} INFO - Processing file /opt/airflow/dags/load_day_to_snowflake.py for tasks to queue
[2025-09-15T11:32:23.095+0000] {logging_mixin.py:188} INFO - [2025-09-15T11:32:23.095+0000] {dagbag.py:540} INFO - Filling up the DagBag from /opt/airflow/dags/load_day_to_snowflake.py
[2025-09-15T11:32:23.114+0000] {processor.py:840} INFO - DAG(s) 'load_day_to_snowflake' retrieved from /opt/airflow/dags/load_day_to_snowflake.py
[2025-09-15T11:32:23.146+0000] {logging_mixin.py:188} INFO - [2025-09-15T11:32:23.145+0000] {dag.py:3096} INFO - Sync 1 DAGs
[2025-09-15T11:32:23.158+0000] {logging_mixin.py:188} INFO - [2025-09-15T11:32:23.158+0000] {dag.py:3954} INFO - Setting next_dagrun for load_day_to_snowflake to None, run_after=None
[2025-09-15T11:32:23.181+0000] {processor.py:183} INFO - Processing /opt/airflow/dags/load_day_to_snowflake.py took 0.095 seconds
[2025-09-15T11:32:53.581+0000] {processor.py:161} INFO - Started process (PID=9653) to work on /opt/airflow/dags/load_day_to_snowflake.py
[2025-09-15T11:32:53.582+0000] {processor.py:830} INFO - Processing file /opt/airflow/dags/load_day_to_snowflake.py for tasks to queue
[2025-09-15T11:32:53.583+0000] {logging_mixin.py:188} INFO - [2025-09-15T11:32:53.583+0000] {dagbag.py:540} INFO - Filling up the DagBag from /opt/airflow/dags/load_day_to_snowflake.py
[2025-09-15T11:32:53.602+0000] {processor.py:840} INFO - DAG(s) 'load_day_to_snowflake' retrieved from /opt/airflow/dags/load_day_to_snowflake.py
[2025-09-15T11:32:53.628+0000] {logging_mixin.py:188} INFO - [2025-09-15T11:32:53.628+0000] {dag.py:3096} INFO - Sync 1 DAGs
[2025-09-15T11:32:53.639+0000] {logging_mixin.py:188} INFO - [2025-09-15T11:32:53.639+0000] {dag.py:3954} INFO - Setting next_dagrun for load_day_to_snowflake to None, run_after=None
[2025-09-15T11:32:53.665+0000] {processor.py:183} INFO - Processing /opt/airflow/dags/load_day_to_snowflake.py took 0.090 seconds
[2025-09-15T11:33:24.099+0000] {processor.py:161} INFO - Started process (PID=9688) to work on /opt/airflow/dags/load_day_to_snowflake.py
[2025-09-15T11:33:24.100+0000] {processor.py:830} INFO - Processing file /opt/airflow/dags/load_day_to_snowflake.py for tasks to queue
[2025-09-15T11:33:24.101+0000] {logging_mixin.py:188} INFO - [2025-09-15T11:33:24.101+0000] {dagbag.py:540} INFO - Filling up the DagBag from /opt/airflow/dags/load_day_to_snowflake.py
[2025-09-15T11:33:24.120+0000] {processor.py:840} INFO - DAG(s) 'load_day_to_snowflake' retrieved from /opt/airflow/dags/load_day_to_snowflake.py
[2025-09-15T11:33:24.152+0000] {logging_mixin.py:188} INFO - [2025-09-15T11:33:24.152+0000] {dag.py:3096} INFO - Sync 1 DAGs
[2025-09-15T11:33:24.167+0000] {logging_mixin.py:188} INFO - [2025-09-15T11:33:24.167+0000] {dag.py:3954} INFO - Setting next_dagrun for load_day_to_snowflake to None, run_after=None
[2025-09-15T11:33:24.187+0000] {processor.py:183} INFO - Processing /opt/airflow/dags/load_day_to_snowflake.py took 0.094 seconds
[2025-09-15T11:33:54.876+0000] {processor.py:161} INFO - Started process (PID=9723) to work on /opt/airflow/dags/load_day_to_snowflake.py
[2025-09-15T11:33:54.877+0000] {processor.py:830} INFO - Processing file /opt/airflow/dags/load_day_to_snowflake.py for tasks to queue
[2025-09-15T11:33:54.879+0000] {logging_mixin.py:188} INFO - [2025-09-15T11:33:54.878+0000] {dagbag.py:540} INFO - Filling up the DagBag from /opt/airflow/dags/load_day_to_snowflake.py
[2025-09-15T11:33:54.906+0000] {processor.py:840} INFO - DAG(s) 'load_day_to_snowflake' retrieved from /opt/airflow/dags/load_day_to_snowflake.py
[2025-09-15T11:33:54.956+0000] {logging_mixin.py:188} INFO - [2025-09-15T11:33:54.956+0000] {dag.py:3096} INFO - Sync 1 DAGs
[2025-09-15T11:33:54.969+0000] {logging_mixin.py:188} INFO - [2025-09-15T11:33:54.969+0000] {dag.py:3954} INFO - Setting next_dagrun for load_day_to_snowflake to None, run_after=None
[2025-09-15T11:33:54.996+0000] {processor.py:183} INFO - Processing /opt/airflow/dags/load_day_to_snowflake.py took 0.127 seconds
[2025-09-15T11:34:25.444+0000] {processor.py:161} INFO - Started process (PID=9758) to work on /opt/airflow/dags/load_day_to_snowflake.py
[2025-09-15T11:34:25.448+0000] {processor.py:830} INFO - Processing file /opt/airflow/dags/load_day_to_snowflake.py for tasks to queue
[2025-09-15T11:34:25.449+0000] {logging_mixin.py:188} INFO - [2025-09-15T11:34:25.449+0000] {dagbag.py:540} INFO - Filling up the DagBag from /opt/airflow/dags/load_day_to_snowflake.py
[2025-09-15T11:34:25.479+0000] {processor.py:840} INFO - DAG(s) 'load_day_to_snowflake' retrieved from /opt/airflow/dags/load_day_to_snowflake.py
[2025-09-15T11:34:25.515+0000] {logging_mixin.py:188} INFO - [2025-09-15T11:34:25.515+0000] {dag.py:3096} INFO - Sync 1 DAGs
[2025-09-15T11:34:25.529+0000] {logging_mixin.py:188} INFO - [2025-09-15T11:34:25.529+0000] {dag.py:3954} INFO - Setting next_dagrun for load_day_to_snowflake to None, run_after=None
[2025-09-15T11:34:25.559+0000] {processor.py:183} INFO - Processing /opt/airflow/dags/load_day_to_snowflake.py took 0.123 seconds
[2025-09-15T11:34:56.150+0000] {processor.py:161} INFO - Started process (PID=9793) to work on /opt/airflow/dags/load_day_to_snowflake.py
[2025-09-15T11:34:56.151+0000] {processor.py:830} INFO - Processing file /opt/airflow/dags/load_day_to_snowflake.py for tasks to queue
[2025-09-15T11:34:56.152+0000] {logging_mixin.py:188} INFO - [2025-09-15T11:34:56.152+0000] {dagbag.py:540} INFO - Filling up the DagBag from /opt/airflow/dags/load_day_to_snowflake.py
[2025-09-15T11:34:56.173+0000] {processor.py:840} INFO - DAG(s) 'load_day_to_snowflake' retrieved from /opt/airflow/dags/load_day_to_snowflake.py
[2025-09-15T11:34:56.203+0000] {logging_mixin.py:188} INFO - [2025-09-15T11:34:56.203+0000] {dag.py:3096} INFO - Sync 1 DAGs
[2025-09-15T11:34:56.216+0000] {logging_mixin.py:188} INFO - [2025-09-15T11:34:56.216+0000] {dag.py:3954} INFO - Setting next_dagrun for load_day_to_snowflake to None, run_after=None
[2025-09-15T11:34:56.236+0000] {processor.py:183} INFO - Processing /opt/airflow/dags/load_day_to_snowflake.py took 0.094 seconds
[2025-09-15T11:35:26.908+0000] {processor.py:161} INFO - Started process (PID=9828) to work on /opt/airflow/dags/load_day_to_snowflake.py
[2025-09-15T11:35:26.910+0000] {processor.py:830} INFO - Processing file /opt/airflow/dags/load_day_to_snowflake.py for tasks to queue
[2025-09-15T11:35:26.911+0000] {logging_mixin.py:188} INFO - [2025-09-15T11:35:26.910+0000] {dagbag.py:540} INFO - Filling up the DagBag from /opt/airflow/dags/load_day_to_snowflake.py
[2025-09-15T11:35:26.930+0000] {processor.py:840} INFO - DAG(s) 'load_day_to_snowflake' retrieved from /opt/airflow/dags/load_day_to_snowflake.py
[2025-09-15T11:35:26.960+0000] {logging_mixin.py:188} INFO - [2025-09-15T11:35:26.959+0000] {dag.py:3096} INFO - Sync 1 DAGs
[2025-09-15T11:35:26.973+0000] {logging_mixin.py:188} INFO - [2025-09-15T11:35:26.973+0000] {dag.py:3954} INFO - Setting next_dagrun for load_day_to_snowflake to None, run_after=None
[2025-09-15T11:35:26.992+0000] {processor.py:183} INFO - Processing /opt/airflow/dags/load_day_to_snowflake.py took 0.091 seconds
[2025-09-15T11:35:57.092+0000] {processor.py:161} INFO - Started process (PID=9863) to work on /opt/airflow/dags/load_day_to_snowflake.py
[2025-09-15T11:35:57.094+0000] {processor.py:830} INFO - Processing file /opt/airflow/dags/load_day_to_snowflake.py for tasks to queue
[2025-09-15T11:35:57.095+0000] {logging_mixin.py:188} INFO - [2025-09-15T11:35:57.095+0000] {dagbag.py:540} INFO - Filling up the DagBag from /opt/airflow/dags/load_day_to_snowflake.py
[2025-09-15T11:35:57.115+0000] {processor.py:840} INFO - DAG(s) 'load_day_to_snowflake' retrieved from /opt/airflow/dags/load_day_to_snowflake.py
[2025-09-15T11:35:57.145+0000] {logging_mixin.py:188} INFO - [2025-09-15T11:35:57.145+0000] {dag.py:3096} INFO - Sync 1 DAGs
[2025-09-15T11:35:57.158+0000] {logging_mixin.py:188} INFO - [2025-09-15T11:35:57.158+0000] {dag.py:3954} INFO - Setting next_dagrun for load_day_to_snowflake to None, run_after=None
[2025-09-15T11:35:57.179+0000] {processor.py:183} INFO - Processing /opt/airflow/dags/load_day_to_snowflake.py took 0.096 seconds
[2025-09-15T11:36:27.394+0000] {processor.py:161} INFO - Started process (PID=9898) to work on /opt/airflow/dags/load_day_to_snowflake.py
[2025-09-15T11:36:27.398+0000] {processor.py:830} INFO - Processing file /opt/airflow/dags/load_day_to_snowflake.py for tasks to queue
[2025-09-15T11:36:27.400+0000] {logging_mixin.py:188} INFO - [2025-09-15T11:36:27.399+0000] {dagbag.py:540} INFO - Filling up the DagBag from /opt/airflow/dags/load_day_to_snowflake.py
[2025-09-15T11:36:27.436+0000] {processor.py:840} INFO - DAG(s) 'load_day_to_snowflake' retrieved from /opt/airflow/dags/load_day_to_snowflake.py
[2025-09-15T11:36:27.524+0000] {logging_mixin.py:188} INFO - [2025-09-15T11:36:27.524+0000] {dag.py:3096} INFO - Sync 1 DAGs
[2025-09-15T11:36:27.579+0000] {logging_mixin.py:188} INFO - [2025-09-15T11:36:27.578+0000] {dag.py:3954} INFO - Setting next_dagrun for load_day_to_snowflake to None, run_after=None
[2025-09-15T11:36:27.713+0000] {processor.py:183} INFO - Processing /opt/airflow/dags/load_day_to_snowflake.py took 0.336 seconds
[2025-09-15T11:36:58.249+0000] {processor.py:161} INFO - Started process (PID=9933) to work on /opt/airflow/dags/load_day_to_snowflake.py
[2025-09-15T11:36:58.251+0000] {processor.py:830} INFO - Processing file /opt/airflow/dags/load_day_to_snowflake.py for tasks to queue
[2025-09-15T11:36:58.252+0000] {logging_mixin.py:188} INFO - [2025-09-15T11:36:58.251+0000] {dagbag.py:540} INFO - Filling up the DagBag from /opt/airflow/dags/load_day_to_snowflake.py
[2025-09-15T11:36:58.273+0000] {processor.py:840} INFO - DAG(s) 'load_day_to_snowflake' retrieved from /opt/airflow/dags/load_day_to_snowflake.py
[2025-09-15T11:36:58.305+0000] {logging_mixin.py:188} INFO - [2025-09-15T11:36:58.305+0000] {dag.py:3096} INFO - Sync 1 DAGs
[2025-09-15T11:36:58.319+0000] {logging_mixin.py:188} INFO - [2025-09-15T11:36:58.318+0000] {dag.py:3954} INFO - Setting next_dagrun for load_day_to_snowflake to None, run_after=None
[2025-09-15T11:36:58.347+0000] {processor.py:183} INFO - Processing /opt/airflow/dags/load_day_to_snowflake.py took 0.104 seconds
[2025-09-15T11:37:29.041+0000] {processor.py:161} INFO - Started process (PID=9968) to work on /opt/airflow/dags/load_day_to_snowflake.py
[2025-09-15T11:37:29.042+0000] {processor.py:830} INFO - Processing file /opt/airflow/dags/load_day_to_snowflake.py for tasks to queue
[2025-09-15T11:37:29.043+0000] {logging_mixin.py:188} INFO - [2025-09-15T11:37:29.042+0000] {dagbag.py:540} INFO - Filling up the DagBag from /opt/airflow/dags/load_day_to_snowflake.py
[2025-09-15T11:37:29.061+0000] {processor.py:840} INFO - DAG(s) 'load_day_to_snowflake' retrieved from /opt/airflow/dags/load_day_to_snowflake.py
[2025-09-15T11:37:29.089+0000] {logging_mixin.py:188} INFO - [2025-09-15T11:37:29.089+0000] {dag.py:3096} INFO - Sync 1 DAGs
[2025-09-15T11:37:29.102+0000] {logging_mixin.py:188} INFO - [2025-09-15T11:37:29.102+0000] {dag.py:3954} INFO - Setting next_dagrun for load_day_to_snowflake to None, run_after=None
[2025-09-15T11:37:29.130+0000] {processor.py:183} INFO - Processing /opt/airflow/dags/load_day_to_snowflake.py took 0.095 seconds
[2025-09-15T11:37:59.645+0000] {processor.py:161} INFO - Started process (PID=10003) to work on /opt/airflow/dags/load_day_to_snowflake.py
[2025-09-15T11:37:59.650+0000] {processor.py:830} INFO - Processing file /opt/airflow/dags/load_day_to_snowflake.py for tasks to queue
[2025-09-15T11:37:59.655+0000] {logging_mixin.py:188} INFO - [2025-09-15T11:37:59.653+0000] {dagbag.py:540} INFO - Filling up the DagBag from /opt/airflow/dags/load_day_to_snowflake.py
[2025-09-15T11:37:59.726+0000] {processor.py:840} INFO - DAG(s) 'load_day_to_snowflake' retrieved from /opt/airflow/dags/load_day_to_snowflake.py
[2025-09-15T11:37:59.814+0000] {logging_mixin.py:188} INFO - [2025-09-15T11:37:59.812+0000] {dag.py:3096} INFO - Sync 1 DAGs
[2025-09-15T11:37:59.837+0000] {logging_mixin.py:188} INFO - [2025-09-15T11:37:59.837+0000] {dag.py:3954} INFO - Setting next_dagrun for load_day_to_snowflake to None, run_after=None
[2025-09-15T11:37:59.902+0000] {processor.py:183} INFO - Processing /opt/airflow/dags/load_day_to_snowflake.py took 0.279 seconds
[2025-09-15T11:38:30.119+0000] {processor.py:161} INFO - Started process (PID=10038) to work on /opt/airflow/dags/load_day_to_snowflake.py
[2025-09-15T11:38:30.120+0000] {processor.py:830} INFO - Processing file /opt/airflow/dags/load_day_to_snowflake.py for tasks to queue
[2025-09-15T11:38:30.121+0000] {logging_mixin.py:188} INFO - [2025-09-15T11:38:30.121+0000] {dagbag.py:540} INFO - Filling up the DagBag from /opt/airflow/dags/load_day_to_snowflake.py
[2025-09-15T11:38:30.143+0000] {processor.py:840} INFO - DAG(s) 'load_day_to_snowflake' retrieved from /opt/airflow/dags/load_day_to_snowflake.py
[2025-09-15T11:38:30.170+0000] {logging_mixin.py:188} INFO - [2025-09-15T11:38:30.170+0000] {dag.py:3096} INFO - Sync 1 DAGs
[2025-09-15T11:38:30.182+0000] {logging_mixin.py:188} INFO - [2025-09-15T11:38:30.182+0000] {dag.py:3954} INFO - Setting next_dagrun for load_day_to_snowflake to None, run_after=None
[2025-09-15T11:38:30.206+0000] {processor.py:183} INFO - Processing /opt/airflow/dags/load_day_to_snowflake.py took 0.093 seconds
[2025-09-15T11:39:00.717+0000] {processor.py:161} INFO - Started process (PID=10073) to work on /opt/airflow/dags/load_day_to_snowflake.py
[2025-09-15T11:39:00.719+0000] {processor.py:830} INFO - Processing file /opt/airflow/dags/load_day_to_snowflake.py for tasks to queue
[2025-09-15T11:39:00.720+0000] {logging_mixin.py:188} INFO - [2025-09-15T11:39:00.719+0000] {dagbag.py:540} INFO - Filling up the DagBag from /opt/airflow/dags/load_day_to_snowflake.py
[2025-09-15T11:39:00.743+0000] {processor.py:840} INFO - DAG(s) 'load_day_to_snowflake' retrieved from /opt/airflow/dags/load_day_to_snowflake.py
[2025-09-15T11:39:00.780+0000] {logging_mixin.py:188} INFO - [2025-09-15T11:39:00.779+0000] {dag.py:3096} INFO - Sync 1 DAGs
[2025-09-15T11:39:00.798+0000] {logging_mixin.py:188} INFO - [2025-09-15T11:39:00.798+0000] {dag.py:3954} INFO - Setting next_dagrun for load_day_to_snowflake to None, run_after=None
[2025-09-15T11:39:00.828+0000] {processor.py:183} INFO - Processing /opt/airflow/dags/load_day_to_snowflake.py took 0.119 seconds
[2025-09-15T11:39:31.220+0000] {processor.py:161} INFO - Started process (PID=10108) to work on /opt/airflow/dags/load_day_to_snowflake.py
[2025-09-15T11:39:31.224+0000] {processor.py:830} INFO - Processing file /opt/airflow/dags/load_day_to_snowflake.py for tasks to queue
[2025-09-15T11:39:31.226+0000] {logging_mixin.py:188} INFO - [2025-09-15T11:39:31.225+0000] {dagbag.py:540} INFO - Filling up the DagBag from /opt/airflow/dags/load_day_to_snowflake.py
[2025-09-15T11:39:31.268+0000] {processor.py:840} INFO - DAG(s) 'load_day_to_snowflake' retrieved from /opt/airflow/dags/load_day_to_snowflake.py
[2025-09-15T11:39:31.348+0000] {logging_mixin.py:188} INFO - [2025-09-15T11:39:31.347+0000] {dag.py:3096} INFO - Sync 1 DAGs
[2025-09-15T11:39:31.370+0000] {logging_mixin.py:188} INFO - [2025-09-15T11:39:31.370+0000] {dag.py:3954} INFO - Setting next_dagrun for load_day_to_snowflake to None, run_after=None
[2025-09-15T11:39:31.406+0000] {processor.py:183} INFO - Processing /opt/airflow/dags/load_day_to_snowflake.py took 0.202 seconds
[2025-09-15T11:40:01.813+0000] {processor.py:161} INFO - Started process (PID=10143) to work on /opt/airflow/dags/load_day_to_snowflake.py
[2025-09-15T11:40:01.815+0000] {processor.py:830} INFO - Processing file /opt/airflow/dags/load_day_to_snowflake.py for tasks to queue
[2025-09-15T11:40:01.816+0000] {logging_mixin.py:188} INFO - [2025-09-15T11:40:01.816+0000] {dagbag.py:540} INFO - Filling up the DagBag from /opt/airflow/dags/load_day_to_snowflake.py
[2025-09-15T11:40:01.846+0000] {processor.py:840} INFO - DAG(s) 'load_day_to_snowflake' retrieved from /opt/airflow/dags/load_day_to_snowflake.py
[2025-09-15T11:40:01.884+0000] {logging_mixin.py:188} INFO - [2025-09-15T11:40:01.884+0000] {dag.py:3096} INFO - Sync 1 DAGs
[2025-09-15T11:40:01.900+0000] {logging_mixin.py:188} INFO - [2025-09-15T11:40:01.899+0000] {dag.py:3954} INFO - Setting next_dagrun for load_day_to_snowflake to None, run_after=None
[2025-09-15T11:40:01.926+0000] {processor.py:183} INFO - Processing /opt/airflow/dags/load_day_to_snowflake.py took 0.123 seconds
[2025-09-15T11:40:32.454+0000] {processor.py:161} INFO - Started process (PID=10178) to work on /opt/airflow/dags/load_day_to_snowflake.py
[2025-09-15T11:40:32.455+0000] {processor.py:830} INFO - Processing file /opt/airflow/dags/load_day_to_snowflake.py for tasks to queue
[2025-09-15T11:40:32.456+0000] {logging_mixin.py:188} INFO - [2025-09-15T11:40:32.456+0000] {dagbag.py:540} INFO - Filling up the DagBag from /opt/airflow/dags/load_day_to_snowflake.py
[2025-09-15T11:40:32.479+0000] {processor.py:840} INFO - DAG(s) 'load_day_to_snowflake' retrieved from /opt/airflow/dags/load_day_to_snowflake.py
[2025-09-15T11:40:32.505+0000] {logging_mixin.py:188} INFO - [2025-09-15T11:40:32.504+0000] {dag.py:3096} INFO - Sync 1 DAGs
[2025-09-15T11:40:32.515+0000] {logging_mixin.py:188} INFO - [2025-09-15T11:40:32.515+0000] {dag.py:3954} INFO - Setting next_dagrun for load_day_to_snowflake to None, run_after=None
[2025-09-15T11:40:32.536+0000] {processor.py:183} INFO - Processing /opt/airflow/dags/load_day_to_snowflake.py took 0.094 seconds
[2025-09-15T11:41:03.054+0000] {processor.py:161} INFO - Started process (PID=10213) to work on /opt/airflow/dags/load_day_to_snowflake.py
[2025-09-15T11:41:03.055+0000] {processor.py:830} INFO - Processing file /opt/airflow/dags/load_day_to_snowflake.py for tasks to queue
[2025-09-15T11:41:03.056+0000] {logging_mixin.py:188} INFO - [2025-09-15T11:41:03.056+0000] {dagbag.py:540} INFO - Filling up the DagBag from /opt/airflow/dags/load_day_to_snowflake.py
[2025-09-15T11:41:03.072+0000] {processor.py:840} INFO - DAG(s) 'load_day_to_snowflake' retrieved from /opt/airflow/dags/load_day_to_snowflake.py
[2025-09-15T11:41:03.097+0000] {logging_mixin.py:188} INFO - [2025-09-15T11:41:03.097+0000] {dag.py:3096} INFO - Sync 1 DAGs
[2025-09-15T11:41:03.108+0000] {logging_mixin.py:188} INFO - [2025-09-15T11:41:03.108+0000] {dag.py:3954} INFO - Setting next_dagrun for load_day_to_snowflake to None, run_after=None
[2025-09-15T11:41:03.131+0000] {processor.py:183} INFO - Processing /opt/airflow/dags/load_day_to_snowflake.py took 0.082 seconds
[2025-09-15T11:41:33.653+0000] {processor.py:161} INFO - Started process (PID=10248) to work on /opt/airflow/dags/load_day_to_snowflake.py
[2025-09-15T11:41:33.655+0000] {processor.py:830} INFO - Processing file /opt/airflow/dags/load_day_to_snowflake.py for tasks to queue
[2025-09-15T11:41:33.656+0000] {logging_mixin.py:188} INFO - [2025-09-15T11:41:33.656+0000] {dagbag.py:540} INFO - Filling up the DagBag from /opt/airflow/dags/load_day_to_snowflake.py
[2025-09-15T11:41:33.677+0000] {processor.py:840} INFO - DAG(s) 'load_day_to_snowflake' retrieved from /opt/airflow/dags/load_day_to_snowflake.py
[2025-09-15T11:41:33.714+0000] {logging_mixin.py:188} INFO - [2025-09-15T11:41:33.714+0000] {dag.py:3096} INFO - Sync 1 DAGs
[2025-09-15T11:41:33.729+0000] {logging_mixin.py:188} INFO - [2025-09-15T11:41:33.729+0000] {dag.py:3954} INFO - Setting next_dagrun for load_day_to_snowflake to None, run_after=None
[2025-09-15T11:41:33.751+0000] {processor.py:183} INFO - Processing /opt/airflow/dags/load_day_to_snowflake.py took 0.121 seconds
[2025-09-15T11:42:04.123+0000] {processor.py:161} INFO - Started process (PID=10283) to work on /opt/airflow/dags/load_day_to_snowflake.py
[2025-09-15T11:42:04.124+0000] {processor.py:830} INFO - Processing file /opt/airflow/dags/load_day_to_snowflake.py for tasks to queue
[2025-09-15T11:42:04.125+0000] {logging_mixin.py:188} INFO - [2025-09-15T11:42:04.125+0000] {dagbag.py:540} INFO - Filling up the DagBag from /opt/airflow/dags/load_day_to_snowflake.py
[2025-09-15T11:42:04.142+0000] {processor.py:840} INFO - DAG(s) 'load_day_to_snowflake' retrieved from /opt/airflow/dags/load_day_to_snowflake.py
[2025-09-15T11:42:04.170+0000] {logging_mixin.py:188} INFO - [2025-09-15T11:42:04.170+0000] {dag.py:3096} INFO - Sync 1 DAGs
[2025-09-15T11:42:04.182+0000] {logging_mixin.py:188} INFO - [2025-09-15T11:42:04.181+0000] {dag.py:3954} INFO - Setting next_dagrun for load_day_to_snowflake to None, run_after=None
[2025-09-15T11:42:04.200+0000] {processor.py:183} INFO - Processing /opt/airflow/dags/load_day_to_snowflake.py took 0.085 seconds
[2025-09-15T11:42:34.753+0000] {processor.py:161} INFO - Started process (PID=10318) to work on /opt/airflow/dags/load_day_to_snowflake.py
[2025-09-15T11:42:34.755+0000] {processor.py:830} INFO - Processing file /opt/airflow/dags/load_day_to_snowflake.py for tasks to queue
[2025-09-15T11:42:34.755+0000] {logging_mixin.py:188} INFO - [2025-09-15T11:42:34.755+0000] {dagbag.py:540} INFO - Filling up the DagBag from /opt/airflow/dags/load_day_to_snowflake.py
[2025-09-15T11:42:34.778+0000] {processor.py:840} INFO - DAG(s) 'load_day_to_snowflake' retrieved from /opt/airflow/dags/load_day_to_snowflake.py
[2025-09-15T11:42:34.805+0000] {logging_mixin.py:188} INFO - [2025-09-15T11:42:34.805+0000] {dag.py:3096} INFO - Sync 1 DAGs
[2025-09-15T11:42:34.819+0000] {logging_mixin.py:188} INFO - [2025-09-15T11:42:34.818+0000] {dag.py:3954} INFO - Setting next_dagrun for load_day_to_snowflake to None, run_after=None
[2025-09-15T11:42:34.839+0000] {processor.py:183} INFO - Processing /opt/airflow/dags/load_day_to_snowflake.py took 0.091 seconds
[2025-09-15T11:43:04.896+0000] {processor.py:161} INFO - Started process (PID=10353) to work on /opt/airflow/dags/load_day_to_snowflake.py
[2025-09-15T11:43:04.897+0000] {processor.py:830} INFO - Processing file /opt/airflow/dags/load_day_to_snowflake.py for tasks to queue
[2025-09-15T11:43:04.898+0000] {logging_mixin.py:188} INFO - [2025-09-15T11:43:04.898+0000] {dagbag.py:540} INFO - Filling up the DagBag from /opt/airflow/dags/load_day_to_snowflake.py
[2025-09-15T11:43:04.916+0000] {processor.py:840} INFO - DAG(s) 'load_day_to_snowflake' retrieved from /opt/airflow/dags/load_day_to_snowflake.py
[2025-09-15T11:43:04.940+0000] {logging_mixin.py:188} INFO - [2025-09-15T11:43:04.940+0000] {dag.py:3096} INFO - Sync 1 DAGs
[2025-09-15T11:43:04.954+0000] {logging_mixin.py:188} INFO - [2025-09-15T11:43:04.953+0000] {dag.py:3954} INFO - Setting next_dagrun for load_day_to_snowflake to None, run_after=None
[2025-09-15T11:43:04.974+0000] {processor.py:183} INFO - Processing /opt/airflow/dags/load_day_to_snowflake.py took 0.087 seconds
[2025-09-15T11:43:35.374+0000] {processor.py:161} INFO - Started process (PID=10388) to work on /opt/airflow/dags/load_day_to_snowflake.py
[2025-09-15T11:43:35.375+0000] {processor.py:830} INFO - Processing file /opt/airflow/dags/load_day_to_snowflake.py for tasks to queue
[2025-09-15T11:43:35.377+0000] {logging_mixin.py:188} INFO - [2025-09-15T11:43:35.376+0000] {dagbag.py:540} INFO - Filling up the DagBag from /opt/airflow/dags/load_day_to_snowflake.py
[2025-09-15T11:43:35.397+0000] {processor.py:840} INFO - DAG(s) 'load_day_to_snowflake' retrieved from /opt/airflow/dags/load_day_to_snowflake.py
[2025-09-15T11:43:35.435+0000] {logging_mixin.py:188} INFO - [2025-09-15T11:43:35.434+0000] {dag.py:3096} INFO - Sync 1 DAGs
[2025-09-15T11:43:35.455+0000] {logging_mixin.py:188} INFO - [2025-09-15T11:43:35.454+0000] {dag.py:3954} INFO - Setting next_dagrun for load_day_to_snowflake to None, run_after=None
[2025-09-15T11:43:35.478+0000] {processor.py:183} INFO - Processing /opt/airflow/dags/load_day_to_snowflake.py took 0.110 seconds
[2025-09-15T11:44:05.946+0000] {processor.py:161} INFO - Started process (PID=10423) to work on /opt/airflow/dags/load_day_to_snowflake.py
[2025-09-15T11:44:05.948+0000] {processor.py:830} INFO - Processing file /opt/airflow/dags/load_day_to_snowflake.py for tasks to queue
[2025-09-15T11:44:05.950+0000] {logging_mixin.py:188} INFO - [2025-09-15T11:44:05.949+0000] {dagbag.py:540} INFO - Filling up the DagBag from /opt/airflow/dags/load_day_to_snowflake.py
[2025-09-15T11:44:05.973+0000] {processor.py:840} INFO - DAG(s) 'load_day_to_snowflake' retrieved from /opt/airflow/dags/load_day_to_snowflake.py
[2025-09-15T11:44:06.008+0000] {logging_mixin.py:188} INFO - [2025-09-15T11:44:06.008+0000] {dag.py:3096} INFO - Sync 1 DAGs
[2025-09-15T11:44:06.031+0000] {logging_mixin.py:188} INFO - [2025-09-15T11:44:06.030+0000] {dag.py:3954} INFO - Setting next_dagrun for load_day_to_snowflake to None, run_after=None
[2025-09-15T11:44:06.055+0000] {processor.py:183} INFO - Processing /opt/airflow/dags/load_day_to_snowflake.py took 0.128 seconds
[2025-09-15T11:44:36.512+0000] {processor.py:161} INFO - Started process (PID=10458) to work on /opt/airflow/dags/load_day_to_snowflake.py
[2025-09-15T11:44:36.513+0000] {processor.py:830} INFO - Processing file /opt/airflow/dags/load_day_to_snowflake.py for tasks to queue
[2025-09-15T11:44:36.514+0000] {logging_mixin.py:188} INFO - [2025-09-15T11:44:36.514+0000] {dagbag.py:540} INFO - Filling up the DagBag from /opt/airflow/dags/load_day_to_snowflake.py
[2025-09-15T11:44:36.535+0000] {processor.py:840} INFO - DAG(s) 'load_day_to_snowflake' retrieved from /opt/airflow/dags/load_day_to_snowflake.py
[2025-09-15T11:44:36.563+0000] {logging_mixin.py:188} INFO - [2025-09-15T11:44:36.562+0000] {dag.py:3096} INFO - Sync 1 DAGs
[2025-09-15T11:44:36.574+0000] {logging_mixin.py:188} INFO - [2025-09-15T11:44:36.573+0000] {dag.py:3954} INFO - Setting next_dagrun for load_day_to_snowflake to None, run_after=None
[2025-09-15T11:44:36.593+0000] {processor.py:183} INFO - Processing /opt/airflow/dags/load_day_to_snowflake.py took 0.088 seconds
[2025-09-15T11:45:06.937+0000] {processor.py:161} INFO - Started process (PID=10493) to work on /opt/airflow/dags/load_day_to_snowflake.py
[2025-09-15T11:45:06.938+0000] {processor.py:830} INFO - Processing file /opt/airflow/dags/load_day_to_snowflake.py for tasks to queue
[2025-09-15T11:45:06.939+0000] {logging_mixin.py:188} INFO - [2025-09-15T11:45:06.938+0000] {dagbag.py:540} INFO - Filling up the DagBag from /opt/airflow/dags/load_day_to_snowflake.py
[2025-09-15T11:45:06.957+0000] {processor.py:840} INFO - DAG(s) 'load_day_to_snowflake' retrieved from /opt/airflow/dags/load_day_to_snowflake.py
[2025-09-15T11:45:06.985+0000] {logging_mixin.py:188} INFO - [2025-09-15T11:45:06.984+0000] {dag.py:3096} INFO - Sync 1 DAGs
[2025-09-15T11:45:06.999+0000] {logging_mixin.py:188} INFO - [2025-09-15T11:45:06.999+0000] {dag.py:3954} INFO - Setting next_dagrun for load_day_to_snowflake to None, run_after=None
[2025-09-15T11:45:07.024+0000] {processor.py:183} INFO - Processing /opt/airflow/dags/load_day_to_snowflake.py took 0.093 seconds
[2025-09-15T11:45:37.145+0000] {processor.py:161} INFO - Started process (PID=10528) to work on /opt/airflow/dags/load_day_to_snowflake.py
[2025-09-15T11:45:37.147+0000] {processor.py:830} INFO - Processing file /opt/airflow/dags/load_day_to_snowflake.py for tasks to queue
[2025-09-15T11:45:37.148+0000] {logging_mixin.py:188} INFO - [2025-09-15T11:45:37.148+0000] {dagbag.py:540} INFO - Filling up the DagBag from /opt/airflow/dags/load_day_to_snowflake.py
[2025-09-15T11:45:37.176+0000] {processor.py:840} INFO - DAG(s) 'load_day_to_snowflake' retrieved from /opt/airflow/dags/load_day_to_snowflake.py
[2025-09-15T11:45:37.228+0000] {logging_mixin.py:188} INFO - [2025-09-15T11:45:37.228+0000] {dag.py:3096} INFO - Sync 1 DAGs
[2025-09-15T11:45:37.244+0000] {logging_mixin.py:188} INFO - [2025-09-15T11:45:37.243+0000] {dag.py:3954} INFO - Setting next_dagrun for load_day_to_snowflake to None, run_after=None
[2025-09-15T11:45:37.278+0000] {processor.py:183} INFO - Processing /opt/airflow/dags/load_day_to_snowflake.py took 0.140 seconds
[2025-09-15T11:46:07.659+0000] {processor.py:161} INFO - Started process (PID=10563) to work on /opt/airflow/dags/load_day_to_snowflake.py
[2025-09-15T11:46:07.661+0000] {processor.py:830} INFO - Processing file /opt/airflow/dags/load_day_to_snowflake.py for tasks to queue
[2025-09-15T11:46:07.662+0000] {logging_mixin.py:188} INFO - [2025-09-15T11:46:07.661+0000] {dagbag.py:540} INFO - Filling up the DagBag from /opt/airflow/dags/load_day_to_snowflake.py
[2025-09-15T11:46:07.685+0000] {processor.py:840} INFO - DAG(s) 'load_day_to_snowflake' retrieved from /opt/airflow/dags/load_day_to_snowflake.py
[2025-09-15T11:46:07.734+0000] {logging_mixin.py:188} INFO - [2025-09-15T11:46:07.734+0000] {dag.py:3096} INFO - Sync 1 DAGs
[2025-09-15T11:46:07.751+0000] {logging_mixin.py:188} INFO - [2025-09-15T11:46:07.751+0000] {dag.py:3954} INFO - Setting next_dagrun for load_day_to_snowflake to None, run_after=None
[2025-09-15T11:46:07.782+0000] {processor.py:183} INFO - Processing /opt/airflow/dags/load_day_to_snowflake.py took 0.130 seconds
[2025-09-15T11:46:38.496+0000] {processor.py:161} INFO - Started process (PID=10598) to work on /opt/airflow/dags/load_day_to_snowflake.py
[2025-09-15T11:46:38.501+0000] {processor.py:830} INFO - Processing file /opt/airflow/dags/load_day_to_snowflake.py for tasks to queue
[2025-09-15T11:46:38.502+0000] {logging_mixin.py:188} INFO - [2025-09-15T11:46:38.501+0000] {dagbag.py:540} INFO - Filling up the DagBag from /opt/airflow/dags/load_day_to_snowflake.py
[2025-09-15T11:46:38.542+0000] {processor.py:840} INFO - DAG(s) 'load_day_to_snowflake' retrieved from /opt/airflow/dags/load_day_to_snowflake.py
[2025-09-15T11:46:38.590+0000] {logging_mixin.py:188} INFO - [2025-09-15T11:46:38.589+0000] {dag.py:3096} INFO - Sync 1 DAGs
[2025-09-15T11:46:38.607+0000] {logging_mixin.py:188} INFO - [2025-09-15T11:46:38.606+0000] {dag.py:3954} INFO - Setting next_dagrun for load_day_to_snowflake to None, run_after=None
[2025-09-15T11:46:38.638+0000] {processor.py:183} INFO - Processing /opt/airflow/dags/load_day_to_snowflake.py took 0.151 seconds
[2025-09-15T11:47:09.265+0000] {processor.py:161} INFO - Started process (PID=10633) to work on /opt/airflow/dags/load_day_to_snowflake.py
[2025-09-15T11:47:09.266+0000] {processor.py:830} INFO - Processing file /opt/airflow/dags/load_day_to_snowflake.py for tasks to queue
[2025-09-15T11:47:09.267+0000] {logging_mixin.py:188} INFO - [2025-09-15T11:47:09.267+0000] {dagbag.py:540} INFO - Filling up the DagBag from /opt/airflow/dags/load_day_to_snowflake.py
[2025-09-15T11:47:09.304+0000] {processor.py:840} INFO - DAG(s) 'load_day_to_snowflake' retrieved from /opt/airflow/dags/load_day_to_snowflake.py
[2025-09-15T11:47:09.399+0000] {logging_mixin.py:188} INFO - [2025-09-15T11:47:09.399+0000] {dag.py:3096} INFO - Sync 1 DAGs
[2025-09-15T11:47:09.423+0000] {logging_mixin.py:188} INFO - [2025-09-15T11:47:09.423+0000] {dag.py:3954} INFO - Setting next_dagrun for load_day_to_snowflake to None, run_after=None
[2025-09-15T11:47:09.461+0000] {processor.py:183} INFO - Processing /opt/airflow/dags/load_day_to_snowflake.py took 0.202 seconds
[2025-09-15T11:47:39.874+0000] {processor.py:161} INFO - Started process (PID=10668) to work on /opt/airflow/dags/load_day_to_snowflake.py
[2025-09-15T11:47:39.875+0000] {processor.py:830} INFO - Processing file /opt/airflow/dags/load_day_to_snowflake.py for tasks to queue
[2025-09-15T11:47:39.876+0000] {logging_mixin.py:188} INFO - [2025-09-15T11:47:39.876+0000] {dagbag.py:540} INFO - Filling up the DagBag from /opt/airflow/dags/load_day_to_snowflake.py
[2025-09-15T11:47:39.897+0000] {processor.py:840} INFO - DAG(s) 'load_day_to_snowflake' retrieved from /opt/airflow/dags/load_day_to_snowflake.py
[2025-09-15T11:47:39.922+0000] {logging_mixin.py:188} INFO - [2025-09-15T11:47:39.922+0000] {dag.py:3096} INFO - Sync 1 DAGs
[2025-09-15T11:47:39.934+0000] {logging_mixin.py:188} INFO - [2025-09-15T11:47:39.934+0000] {dag.py:3954} INFO - Setting next_dagrun for load_day_to_snowflake to None, run_after=None
[2025-09-15T11:47:39.956+0000] {processor.py:183} INFO - Processing /opt/airflow/dags/load_day_to_snowflake.py took 0.089 seconds
[2025-09-15T11:48:10.467+0000] {processor.py:161} INFO - Started process (PID=10703) to work on /opt/airflow/dags/load_day_to_snowflake.py
[2025-09-15T11:48:10.480+0000] {processor.py:830} INFO - Processing file /opt/airflow/dags/load_day_to_snowflake.py for tasks to queue
[2025-09-15T11:48:10.491+0000] {logging_mixin.py:188} INFO - [2025-09-15T11:48:10.488+0000] {dagbag.py:540} INFO - Filling up the DagBag from /opt/airflow/dags/load_day_to_snowflake.py
[2025-09-15T11:48:10.551+0000] {processor.py:840} INFO - DAG(s) 'load_day_to_snowflake' retrieved from /opt/airflow/dags/load_day_to_snowflake.py
[2025-09-15T11:48:10.599+0000] {logging_mixin.py:188} INFO - [2025-09-15T11:48:10.597+0000] {dag.py:3096} INFO - Sync 1 DAGs
[2025-09-15T11:48:10.646+0000] {logging_mixin.py:188} INFO - [2025-09-15T11:48:10.646+0000] {dag.py:3954} INFO - Setting next_dagrun for load_day_to_snowflake to None, run_after=None
[2025-09-15T11:48:10.734+0000] {processor.py:183} INFO - Processing /opt/airflow/dags/load_day_to_snowflake.py took 0.292 seconds
[2025-09-15T11:48:41.058+0000] {processor.py:161} INFO - Started process (PID=10738) to work on /opt/airflow/dags/load_day_to_snowflake.py
[2025-09-15T11:48:41.059+0000] {processor.py:830} INFO - Processing file /opt/airflow/dags/load_day_to_snowflake.py for tasks to queue
[2025-09-15T11:48:41.060+0000] {logging_mixin.py:188} INFO - [2025-09-15T11:48:41.060+0000] {dagbag.py:540} INFO - Filling up the DagBag from /opt/airflow/dags/load_day_to_snowflake.py
[2025-09-15T11:48:41.076+0000] {processor.py:840} INFO - DAG(s) 'load_day_to_snowflake' retrieved from /opt/airflow/dags/load_day_to_snowflake.py
[2025-09-15T11:48:41.102+0000] {logging_mixin.py:188} INFO - [2025-09-15T11:48:41.102+0000] {dag.py:3096} INFO - Sync 1 DAGs
[2025-09-15T11:48:41.115+0000] {logging_mixin.py:188} INFO - [2025-09-15T11:48:41.115+0000] {dag.py:3954} INFO - Setting next_dagrun for load_day_to_snowflake to None, run_after=None
[2025-09-15T11:48:41.135+0000] {processor.py:183} INFO - Processing /opt/airflow/dags/load_day_to_snowflake.py took 0.082 seconds
[2025-09-15T11:49:11.498+0000] {processor.py:161} INFO - Started process (PID=10773) to work on /opt/airflow/dags/load_day_to_snowflake.py
[2025-09-15T11:49:11.499+0000] {processor.py:830} INFO - Processing file /opt/airflow/dags/load_day_to_snowflake.py for tasks to queue
[2025-09-15T11:49:11.501+0000] {logging_mixin.py:188} INFO - [2025-09-15T11:49:11.500+0000] {dagbag.py:540} INFO - Filling up the DagBag from /opt/airflow/dags/load_day_to_snowflake.py
[2025-09-15T11:49:11.528+0000] {processor.py:840} INFO - DAG(s) 'load_day_to_snowflake' retrieved from /opt/airflow/dags/load_day_to_snowflake.py
[2025-09-15T11:49:11.563+0000] {logging_mixin.py:188} INFO - [2025-09-15T11:49:11.563+0000] {dag.py:3096} INFO - Sync 1 DAGs
[2025-09-15T11:49:11.591+0000] {logging_mixin.py:188} INFO - [2025-09-15T11:49:11.590+0000] {dag.py:3954} INFO - Setting next_dagrun for load_day_to_snowflake to None, run_after=None
[2025-09-15T11:49:11.621+0000] {processor.py:183} INFO - Processing /opt/airflow/dags/load_day_to_snowflake.py took 0.133 seconds
[2025-09-15T11:49:42.011+0000] {processor.py:161} INFO - Started process (PID=10808) to work on /opt/airflow/dags/load_day_to_snowflake.py
[2025-09-15T11:49:42.012+0000] {processor.py:830} INFO - Processing file /opt/airflow/dags/load_day_to_snowflake.py for tasks to queue
[2025-09-15T11:49:42.013+0000] {logging_mixin.py:188} INFO - [2025-09-15T11:49:42.012+0000] {dagbag.py:540} INFO - Filling up the DagBag from /opt/airflow/dags/load_day_to_snowflake.py
[2025-09-15T11:49:42.028+0000] {processor.py:840} INFO - DAG(s) 'load_day_to_snowflake' retrieved from /opt/airflow/dags/load_day_to_snowflake.py
[2025-09-15T11:49:42.052+0000] {logging_mixin.py:188} INFO - [2025-09-15T11:49:42.052+0000] {dag.py:3096} INFO - Sync 1 DAGs
[2025-09-15T11:49:42.063+0000] {logging_mixin.py:188} INFO - [2025-09-15T11:49:42.063+0000] {dag.py:3954} INFO - Setting next_dagrun for load_day_to_snowflake to None, run_after=None
[2025-09-15T11:49:42.082+0000] {processor.py:183} INFO - Processing /opt/airflow/dags/load_day_to_snowflake.py took 0.077 seconds
[2025-09-15T11:50:12.521+0000] {processor.py:161} INFO - Started process (PID=10843) to work on /opt/airflow/dags/load_day_to_snowflake.py
[2025-09-15T11:50:12.522+0000] {processor.py:830} INFO - Processing file /opt/airflow/dags/load_day_to_snowflake.py for tasks to queue
[2025-09-15T11:50:12.524+0000] {logging_mixin.py:188} INFO - [2025-09-15T11:50:12.523+0000] {dagbag.py:540} INFO - Filling up the DagBag from /opt/airflow/dags/load_day_to_snowflake.py
[2025-09-15T11:50:12.548+0000] {processor.py:840} INFO - DAG(s) 'load_day_to_snowflake' retrieved from /opt/airflow/dags/load_day_to_snowflake.py
[2025-09-15T11:50:12.590+0000] {logging_mixin.py:188} INFO - [2025-09-15T11:50:12.590+0000] {dag.py:3096} INFO - Sync 1 DAGs
[2025-09-15T11:50:12.606+0000] {logging_mixin.py:188} INFO - [2025-09-15T11:50:12.605+0000] {dag.py:3954} INFO - Setting next_dagrun for load_day_to_snowflake to None, run_after=None
[2025-09-15T11:50:12.627+0000] {processor.py:183} INFO - Processing /opt/airflow/dags/load_day_to_snowflake.py took 0.116 seconds
[2025-09-15T11:50:42.997+0000] {processor.py:161} INFO - Started process (PID=10878) to work on /opt/airflow/dags/load_day_to_snowflake.py
[2025-09-15T11:50:42.998+0000] {processor.py:830} INFO - Processing file /opt/airflow/dags/load_day_to_snowflake.py for tasks to queue
[2025-09-15T11:50:42.999+0000] {logging_mixin.py:188} INFO - [2025-09-15T11:50:42.999+0000] {dagbag.py:540} INFO - Filling up the DagBag from /opt/airflow/dags/load_day_to_snowflake.py
[2025-09-15T11:50:43.020+0000] {processor.py:840} INFO - DAG(s) 'load_day_to_snowflake' retrieved from /opt/airflow/dags/load_day_to_snowflake.py
[2025-09-15T11:50:43.054+0000] {logging_mixin.py:188} INFO - [2025-09-15T11:50:43.053+0000] {dag.py:3096} INFO - Sync 1 DAGs
[2025-09-15T11:50:43.065+0000] {logging_mixin.py:188} INFO - [2025-09-15T11:50:43.065+0000] {dag.py:3954} INFO - Setting next_dagrun for load_day_to_snowflake to None, run_after=None
[2025-09-15T11:50:43.087+0000] {processor.py:183} INFO - Processing /opt/airflow/dags/load_day_to_snowflake.py took 0.096 seconds
[2025-09-15T11:51:13.621+0000] {processor.py:161} INFO - Started process (PID=10913) to work on /opt/airflow/dags/load_day_to_snowflake.py
[2025-09-15T11:51:13.622+0000] {processor.py:830} INFO - Processing file /opt/airflow/dags/load_day_to_snowflake.py for tasks to queue
[2025-09-15T11:51:13.623+0000] {logging_mixin.py:188} INFO - [2025-09-15T11:51:13.622+0000] {dagbag.py:540} INFO - Filling up the DagBag from /opt/airflow/dags/load_day_to_snowflake.py
[2025-09-15T11:51:13.651+0000] {processor.py:840} INFO - DAG(s) 'load_day_to_snowflake' retrieved from /opt/airflow/dags/load_day_to_snowflake.py
[2025-09-15T11:51:13.693+0000] {logging_mixin.py:188} INFO - [2025-09-15T11:51:13.692+0000] {dag.py:3096} INFO - Sync 1 DAGs
[2025-09-15T11:51:13.706+0000] {logging_mixin.py:188} INFO - [2025-09-15T11:51:13.705+0000] {dag.py:3954} INFO - Setting next_dagrun for load_day_to_snowflake to None, run_after=None
[2025-09-15T11:51:13.734+0000] {processor.py:183} INFO - Processing /opt/airflow/dags/load_day_to_snowflake.py took 0.121 seconds
